prob_class_0,prob_class_1,prob_class_2,prob_class_3,prob_class_4,prob_class_5,prob_class_6,image_file_name,predicted_label
0.0004231243,0.00012046546,0.12760836,4.616053e-05,0.052666184,0.8191297,5.9300605e-06,ISIC_0025616.jpg,5
0.00028860202,0.00026808368,0.016053306,3.898138e-05,0.00077378633,0.98232746,0.00024980403,ISIC_0034163.jpg,5
1.0363037e-05,2.8475139e-05,0.00020760989,3.8543985e-05,9.546299e-05,0.9995529,6.66603e-05,ISIC_0029709.jpg,5
5.3346554e-07,4.7718225e-07,7.2818597e-07,5.6047675e-06,2.7355104e-06,0.9999877,2.2410825e-06,ISIC_0030611.jpg,5
1.1527985e-05,9.810935e-05,2.5658212e-05,8.022838e-05,0.00014231613,0.9995913,5.098552e-05,ISIC_0026991.jpg,5
2.5160884e-05,0.00015853938,0.9239288,2.9024643e-05,0.07561702,0.00024116134,1.8121214e-07,ISIC_0026276.jpg,2
1.6531632e-06,1.9329352e-06,6.0637835e-06,1.4603975e-05,3.6893475e-06,0.99994504,2.6994947e-05,ISIC_0029817.jpg,5
0.0005963158,9.516085e-06,0.0010452168,3.4036642e-05,0.012264976,0.98601264,3.727251e-05,ISIC_0025181.jpg,5
0.00048521804,0.0026772567,0.0054225023,8.1532e-05,0.29837856,0.6928439,0.00011104923,ISIC_0025892.jpg,5
4.892915e-07,3.7099774e-06,1.6735907e-05,3.987094e-06,1.2103645e-05,0.9998497,0.0001133514,ISIC_0025058.jpg,5
5.468428e-06,3.3685249e-06,5.781484e-05,1.135448e-05,0.00033006008,0.9995695,2.2515795e-05,ISIC_0026189.jpg,5
0.00020394022,1.9061717e-05,0.026587395,4.9707472e-05,0.078126594,0.89472866,0.0002846613,ISIC_0029289.jpg,5
0.00021167345,7.5897675e-05,0.00010672812,0.00016786286,0.00016232631,0.99926835,7.2376465e-06,ISIC_0024366.jpg,5
0.0010944051,0.9475539,0.007693573,0.0005693543,0.009471496,0.032520957,0.0010964307,ISIC_0026453.jpg,1
0.12152118,0.09552529,0.261448,0.09408537,0.35081652,0.0026356443,0.07396797,ISIC_0031191.jpg,4
7.663887e-07,5.034193e-07,5.2254572e-06,4.0592645e-06,7.5931484e-06,0.9999676,1.4367289e-05,ISIC_0027929.jpg,5
8.866877e-08,3.1819349e-07,7.339376e-06,3.173463e-06,1.7940185e-05,0.99993646,3.464597e-05,ISIC_0025151.jpg,5
3.861148e-05,8.111666e-06,0.0007661179,3.3615186e-05,0.009048277,0.99007577,2.9454462e-05,ISIC_0025822.jpg,5
0.00018954859,9.109262e-06,0.10859202,8.440775e-06,0.067080975,0.82409805,2.1811427e-05,ISIC_0031200.jpg,5
4.4620188e-07,2.4681052e-07,0.00012548939,1.4847928e-08,0.999863,1.0694109e-05,3.1717928e-08,ISIC_0033034.jpg,4
8.379834e-06,1.24668195e-05,0.9999757,7.54562e-07,2.4473586e-06,2.606461e-07,3.0260498e-08,ISIC_0024623.jpg,2
5.3088464e-05,3.268386e-06,6.47749e-05,4.275451e-05,0.00042071016,0.9994087,6.7470787e-06,ISIC_0032062.jpg,5
2.1209384e-05,0.0012417228,0.0015710169,0.000119953824,0.001266335,0.9956536,0.00012600602,ISIC_0025473.jpg,5
8.285188e-06,0.00047636862,0.5873429,3.6125373e-06,0.00018162467,0.4112123,0.0007749005,ISIC_0033566.jpg,2
9.137744e-05,1.2879546e-05,0.0002307859,1.1155421e-05,0.0027100851,0.99693054,1.323504e-05,ISIC_0030334.jpg,5
1.6335107e-05,5.143976e-07,2.1628555e-05,7.6167266e-06,1.9565729e-05,0.99993324,1.099767e-06,ISIC_0028776.jpg,5
3.2744342e-06,1.3173424e-05,0.99970764,4.3428485e-05,1.5318063e-05,0.00021704078,1.5712277e-07,ISIC_0029308.jpg,2
4.8941774e-06,1.7091534e-05,4.3618216e-05,2.876254e-05,0.00010571823,0.9996791,0.00012097627,ISIC_0025802.jpg,5
0.8856035,0.04309085,0.07004736,0.0008796381,0.00017671194,8.2070525e-05,0.00011991187,ISIC_0032349.jpg,0
0.0004005133,9.080167e-05,0.00024784208,5.9050843e-05,0.000286239,0.9988166,9.895222e-05,ISIC_0025776.jpg,5
4.578753e-07,4.810456e-07,3.0592503e-06,1.7826623e-06,1.221847e-05,0.9999802,1.7767185e-06,ISIC_0024614.jpg,5
0.06242949,0.0005407804,0.20934409,0.029595595,0.67639863,0.02166488,2.6538768e-05,ISIC_0027069.jpg,4
2.848671e-06,1.23511445e-05,5.8474718e-05,2.7107619e-05,2.4261182e-05,0.99986625,8.650657e-06,ISIC_0027373.jpg,5
0.0008382347,0.0012976693,0.0006356976,0.0012425801,0.0013715704,0.9944193,0.00019494827,ISIC_0026295.jpg,5
0.16447967,1.0799426e-05,0.055223014,4.876504e-05,0.7669075,0.013312152,1.7999944e-05,ISIC_0025188.jpg,4
0.022844391,0.97401184,0.0030095007,9.0156296e-05,2.6909887e-05,1.3222836e-05,4.0091695e-06,ISIC_0031298.jpg,1
1.3972215e-05,3.68569e-06,0.00031477105,4.4232394e-05,0.00020574006,0.9993863,3.1339423e-05,ISIC_0030204.jpg,5
2.3032378e-06,1.99605e-06,4.6500005e-05,7.278054e-05,8.513078e-05,0.9997824,8.79917e-06,ISIC_0028523.jpg,5
2.892104e-07,4.79321e-08,8.9245324e-05,8.99144e-07,0.0010330073,0.99887615,3.3083967e-07,ISIC_0032693.jpg,5
0.0074958815,0.0009897362,0.0071529336,0.031837955,0.0015366292,0.95096123,2.555058e-05,ISIC_0028809.jpg,5
1.1419496e-06,3.5305122e-06,1.1580647e-06,1.9363863e-06,5.021642e-06,0.99998474,2.4293774e-06,ISIC_0027732.jpg,5
0.010144084,0.0004317827,0.006986174,0.00021531226,0.6963286,0.28584564,4.8423568e-05,ISIC_0026395.jpg,4
1.7597057e-07,2.4879859e-07,1.0446e-06,7.4490526e-06,4.7036715e-06,0.99997795,8.548383e-06,ISIC_0024819.jpg,5
1.0448691e-05,1.8153958e-05,0.00025339256,0.00013105225,0.00010548064,0.9994301,5.1387702e-05,ISIC_0031512.jpg,5
4.6158803e-07,3.0325774e-07,1.6852142e-06,3.3978886e-06,1.5471911e-05,0.9999784,1.6923352e-07,ISIC_0030179.jpg,5
4.411286e-06,1.8752684e-06,7.668202e-05,1.7075547e-05,2.33704e-05,0.9998648,1.1742357e-05,ISIC_0026578.jpg,5
0.016101845,0.00035728797,0.04552298,0.0001730904,0.63941056,0.29841337,2.091832e-05,ISIC_0027100.jpg,4
0.000118708005,0.00022169517,0.0015666687,0.00033674357,0.008493871,0.98925334,9.059999e-06,ISIC_0025227.jpg,5
1.1678193e-05,1.9965673e-05,0.00018990005,0.00016104162,6.084505e-05,0.99950695,4.9469316e-05,ISIC_0031777.jpg,5
7.9079226e-05,0.022388237,0.33770323,9.972987e-06,0.030147402,0.6096595,1.2616971e-05,ISIC_0025513.jpg,5
4.149378e-05,6.5320853e-07,0.0042154067,5.5270725e-06,0.98388994,0.011843684,3.3781678e-06,ISIC_0033204.jpg,4
5.1194544e-05,6.640219e-06,0.00028700358,4.7387257e-06,0.00020650537,0.99944085,2.9479115e-06,ISIC_0032300.jpg,5
0.037665647,0.0023111436,0.20689045,0.0019878151,0.12063858,0.630452,5.442745e-05,ISIC_0029268.jpg,5
0.00023153216,0.00073417946,0.008359893,0.00024687735,0.00040136345,0.9899804,4.5746263e-05,ISIC_0030635.jpg,5
1.9290785e-05,0.00011905542,0.00041112758,7.71978e-05,0.00055370317,0.99661213,0.002207505,ISIC_0025204.jpg,5
7.6917895e-06,9.060022e-08,5.853907e-05,5.7982845e-07,0.99956244,0.00037005663,5.904204e-07,ISIC_0034036.jpg,4
8.177365e-06,3.8445696e-06,9.156197e-06,9.60779e-06,0.00010440747,0.9998553,9.437103e-06,ISIC_0027169.jpg,5
0.0001694195,0.0033948298,0.0102425665,5.6493387e-05,0.013842492,0.97222286,7.138294e-05,ISIC_0033632.jpg,5
1.0825315e-05,2.9335166e-05,0.0019729966,1.6773869e-05,0.0005159214,0.997437,1.7119684e-05,ISIC_0026994.jpg,5
0.00016118944,1.150269e-05,0.00018618673,0.01614693,4.352395e-05,0.9832118,0.00023885313,ISIC_0031855.jpg,5
0.00040949724,7.587669e-05,0.6278389,0.00019472992,0.0025278619,0.3687733,0.00017981014,ISIC_0028420.jpg,2
1.5377874e-06,9.010547e-06,9.175427e-06,3.666739e-05,1.7450835e-05,0.9998248,0.00010132653,ISIC_0028011.jpg,5
0.00076171936,0.00033891277,0.16063039,0.00035611942,0.060715403,0.7771879,9.512905e-06,ISIC_0029021.jpg,5
4.481543e-06,3.2024634e-06,3.8678165e-05,5.951439e-06,0.00028856288,0.99965775,1.3661785e-06,ISIC_0030797.jpg,5
0.018300314,0.61732614,0.08111628,0.0042615794,0.014921832,0.26394677,0.00012703933,ISIC_0027297.jpg,1
0.12677318,0.47936273,0.121349394,0.0043220497,0.19681534,0.036009707,0.035367567,ISIC_0030436.jpg,1
4.4589495e-05,2.442075e-05,0.00012931458,9.0153735e-06,0.0007903142,0.99900085,1.4416358e-06,ISIC_0033329.jpg,5
0.00026820845,5.7447356e-05,0.00089313166,0.00045844095,0.00063592795,0.99758935,9.75421e-05,ISIC_0027160.jpg,5
0.0002840802,4.030803e-06,0.0034782924,9.2841714e-07,0.99620974,2.2840713e-05,6.383215e-08,ISIC_0033872.jpg,4
1.2635045e-05,0.00012541735,0.00060073065,0.0007679551,3.63243e-06,0.99836606,0.00012351545,ISIC_0026238.jpg,5
1.8210512e-05,9.522723e-06,8.6434215e-05,1.6508724e-05,0.0014549599,0.9984085,5.812664e-06,ISIC_0025897.jpg,5
3.2686094e-07,6.0189205e-07,8.885404e-06,0.0044708694,1.5837288e-05,0.99509406,0.00040948414,ISIC_0031763.jpg,5
3.8926664e-06,4.6989103e-06,2.6097452e-05,3.771432e-05,1.943232e-05,0.99987686,3.1352472e-05,ISIC_0025643.jpg,5
5.303409e-05,0.14036465,0.00028712317,0.000115154966,0.00090124476,0.005409408,0.85286933,ISIC_0033817.jpg,6
0.9989498,1.9451711e-08,2.9427576e-07,3.5681218e-08,0.0010497136,6.335028e-08,5.4179534e-08,ISIC_0025992.jpg,0
8.262458e-08,3.7007314e-07,5.362476e-07,3.9499605e-07,1.6403371e-06,0.9999956,1.4273451e-06,ISIC_0030916.jpg,5
2.121253e-06,1.2264057e-06,5.0685147e-05,5.188063e-07,1.6025906e-05,0.9999291,4.105066e-07,ISIC_0025763.jpg,5
0.00019608403,0.0035370302,0.0005881854,9.306865e-05,0.01173204,4.613203e-05,0.9838075,ISIC_0033031.jpg,6
0.024134124,5.585697e-07,0.00021247419,2.9420858e-07,0.97561705,3.540703e-05,9.862161e-08,ISIC_0030417.jpg,4
6.477047e-05,0.9986125,8.1875274e-05,2.8758557e-05,6.753303e-05,0.0011351338,9.339974e-06,ISIC_0031258.jpg,1
1.4740209e-06,1.0430403e-05,5.508001e-06,0.00013514953,3.0324762e-05,0.9997973,1.9727884e-05,ISIC_0026989.jpg,5
3.824436e-06,1.7895666e-06,3.34946e-05,1.0577002e-05,0.00072385615,0.9992207,5.640002e-06,ISIC_0027020.jpg,5
0.008921088,0.005593842,0.9842703,9.1815054e-05,0.00080215937,0.00031864116,2.098685e-06,ISIC_0029260.jpg,2
0.06954932,0.17358278,0.017285783,0.026606863,0.015214808,0.69769216,6.831752e-05,ISIC_0027700.jpg,5
5.862697e-07,1.0719197e-05,6.5818596e-05,2.222333e-06,1.0995322e-05,0.99987936,3.0194098e-05,ISIC_0029330.jpg,5
2.1725016e-06,1.2810995e-05,5.8797366e-05,4.948215e-06,3.1164924e-05,0.9997631,0.00012706421,ISIC_0025490.jpg,5
2.2029588e-05,1.8237792e-05,0.00037467107,6.3179e-06,0.010953833,0.9886225,2.4182e-06,ISIC_0031163.jpg,5
0.0002791611,3.2606236e-05,0.0067240177,0.010875553,0.0021219205,0.9797188,0.00024804796,ISIC_0027474.jpg,5
0.00080607063,0.50422394,0.0033710995,4.3299955e-05,0.024534665,0.4669476,7.33957e-05,ISIC_0033720.jpg,1
0.0008032641,2.221772e-05,0.0008948155,0.00019634512,0.0012544565,0.99677247,5.6445937e-05,ISIC_0029120.jpg,5
1.9398016e-05,1.31946945e-05,0.0021796478,4.1046453e-05,0.00025541813,0.99744654,4.4852783e-05,ISIC_0026542.jpg,5
7.281587e-06,5.1903303e-06,3.1899624e-05,1.1089496e-05,0.00015231644,0.9997868,5.40108e-06,ISIC_0026451.jpg,5
0.0001038205,0.00018902982,0.00041343347,6.356838e-05,0.0005573296,0.9986588,1.4015461e-05,ISIC_0026400.jpg,5
6.0185026e-05,0.00010178744,0.88195276,6.9868297e-06,0.09421353,0.023661038,3.827361e-06,ISIC_0027053.jpg,2
3.9915744e-06,6.7472605e-08,1.6772101e-06,3.9748054e-05,6.723505e-05,0.9998847,2.588134e-06,ISIC_0033065.jpg,5
2.1395921e-05,2.0908508e-06,0.0015700199,5.581715e-06,0.9983187,4.4883436e-05,3.7345802e-05,ISIC_0026993.jpg,4
5.0476683e-05,0.00014837406,5.107144e-05,0.00013540634,0.00043581956,0.9991373,4.1534964e-05,ISIC_0030127.jpg,5
9.691449e-07,4.112517e-08,1.8285411e-05,6.684055e-07,0.00031202476,0.9996679,8.0553576e-08,ISIC_0033010.jpg,5
0.0004189952,8.7486835e-05,0.0068098838,0.0015691961,0.066198826,0.9248908,2.4872521e-05,ISIC_0025442.jpg,5
0.9999913,5.0162345e-07,8.644274e-08,6.0080947e-06,1.5802607e-06,5.358047e-07,1.4844898e-09,ISIC_0030844.jpg,0
0.000259441,6.05995e-05,0.00046056914,5.9262253e-05,0.446838,0.55225545,6.6758126e-05,ISIC_0031975.jpg,5
0.00034078464,0.00017252412,0.007957894,0.00012233629,0.028810384,0.9625648,3.117388e-05,ISIC_0030892.jpg,5
0.0108195245,0.008645769,0.947214,0.00023203855,0.031782586,0.0013030411,3.021828e-06,ISIC_0031633.jpg,2
1.0874309e-05,6.794362e-07,0.00028171844,7.57727e-06,3.2602507e-05,0.9996625,3.913217e-06,ISIC_0024656.jpg,5
0.00022881995,1.11967165e-05,0.000834365,5.137769e-05,0.0070024417,0.99186784,3.8407534e-06,ISIC_0032260.jpg,5
1.4220644e-06,4.7908816e-05,5.579899e-05,5.0878557e-06,0.00029934818,0.99958605,4.3812734e-06,ISIC_0033395.jpg,5
0.0015487617,0.05356303,0.060696457,0.0048987768,0.0004258522,0.87865037,0.00021678078,ISIC_0025883.jpg,5
0.00092544284,0.00804591,0.017231327,0.00017533227,0.0021405634,0.9713438,0.00013766071,ISIC_0033244.jpg,5
5.4258794e-07,2.6019192e-08,0.00012383863,3.1288445e-07,0.07768926,0.92218584,1.9054949e-07,ISIC_0025956.jpg,5
0.00013194137,3.4231246e-06,7.7042234e-05,0.00055215275,0.008953427,0.99028033,1.7025881e-06,ISIC_0028010.jpg,5
0.00015319578,7.711018e-05,0.0048715496,1.5427402e-05,0.030160632,0.9647132,8.825945e-06,ISIC_0026558.jpg,5
5.6782214e-06,6.6961074e-06,0.00014703786,5.8170883e-07,0.99880683,0.0010331549,3.4432958e-08,ISIC_0033038.jpg,4
2.0537454e-06,2.4530068e-06,2.1958283e-05,2.0212033e-06,4.007192e-06,0.9999635,3.952854e-06,ISIC_0030638.jpg,5
0.00011113608,0.02989461,0.8084598,0.0001749093,0.15172957,0.009615766,1.4158502e-05,ISIC_0031640.jpg,2
3.371869e-05,0.00031973651,0.00018973649,0.020349631,0.032801144,0.94578236,0.00052368717,ISIC_0030187.jpg,5
2.8832063e-05,2.7896075e-07,2.4448354e-06,5.8910055e-06,4.636271e-06,0.99995697,1.0272405e-06,ISIC_0030438.jpg,5
0.0031281873,0.0029144653,0.24976192,0.00051697716,0.3819585,0.36151364,0.00020628718,ISIC_0032046.jpg,4
1.2489091e-05,0.000594647,0.0002708286,3.510896e-05,0.0037990087,0.99520797,7.992695e-05,ISIC_0030766.jpg,5
0.0022697581,0.8243534,0.00012314509,0.0026800802,0.003738653,0.16677989,5.5080713e-05,ISIC_0024665.jpg,1
4.793865e-08,5.1355087e-08,1.2508673e-07,9.55527e-07,2.4620874e-06,0.9999963,1.3098018e-07,ISIC_0029624.jpg,5
4.4983656e-07,1.5042325e-07,4.317856e-06,1.0467675e-06,8.32326e-06,0.999985,7.622152e-07,ISIC_0026973.jpg,5
7.047898e-05,1.4894162e-05,0.0004509345,0.000798323,0.00013971004,0.9985084,1.719303e-05,ISIC_0029039.jpg,5
1.1484085e-06,9.858652e-07,2.009176e-05,2.5819105e-05,2.2020864e-05,0.99990654,2.340798e-05,ISIC_0028102.jpg,5
0.9999062,5.0813105e-07,3.2413223e-07,8.8460047e-07,9.197942e-05,3.4693606e-08,1.9632102e-08,ISIC_0032854.jpg,0
0.0003149854,0.00016005732,0.004788755,0.00015689328,0.9908025,0.003774722,1.9777524e-06,ISIC_0024652.jpg,4
0.00042730715,7.0028866e-05,0.99222225,0.00023505132,0.0044910205,0.0025443048,1.00761135e-05,ISIC_0031218.jpg,2
0.0008365829,6.3711823e-06,0.04342042,1.8858153e-05,0.8780799,0.077637166,7.9719985e-07,ISIC_0031408.jpg,4
3.35473e-05,5.2865944e-06,3.557502e-05,0.00027446065,0.0027390085,0.9969025,9.6889535e-06,ISIC_0026223.jpg,5
7.669308e-05,0.0004833788,0.00018743784,4.475973e-05,0.0013197077,0.99770087,0.00018719328,ISIC_0033263.jpg,5
0.00012170193,2.441691e-06,0.00032662236,8.187635e-06,0.051539738,0.9479802,2.1120548e-05,ISIC_0033767.jpg,5
3.9741425e-07,8.573242e-07,8.940751e-06,2.4459446e-06,1.0438188e-06,0.9999851,1.1743629e-06,ISIC_0024368.jpg,5
0.00021103238,0.0030050299,0.0027379657,0.012381152,0.004152879,0.9735318,0.003980295,ISIC_0030770.jpg,5
0.0046989154,0.0055585867,0.01984342,0.00027181453,0.96862286,0.0010035103,9.582797e-07,ISIC_0032968.jpg,4
7.961961e-06,3.3500635e-06,0.00011910349,8.369091e-05,0.00085374666,0.99890184,3.0262026e-05,ISIC_0031736.jpg,5
1.1930969e-07,1.1330313e-07,2.5636064e-06,5.09254e-07,6.607946e-05,0.9999212,9.458829e-06,ISIC_0030040.jpg,5
0.0053426265,0.31602353,0.2222194,0.055235174,0.00363436,0.3974988,4.611202e-05,ISIC_0024431.jpg,5
1.2558063e-07,5.429884e-07,2.7658507e-06,2.2214391e-07,1.1420407e-05,0.99998295,1.9528961e-06,ISIC_0024802.jpg,5
8.335379e-05,0.00031607694,0.0059990613,1.5532529e-05,0.6016118,0.3919635,1.0718083e-05,ISIC_0026847.jpg,4
1.1082139e-05,0.00024335457,0.3847695,4.5286008e-05,0.0038313302,0.6110922,7.247164e-06,ISIC_0026783.jpg,5
5.1465927e-06,0.000118904194,0.9995727,4.284026e-07,3.1058046e-06,0.00026803472,3.1662803e-05,ISIC_0025392.jpg,2
1.5144076e-06,2.9808639e-06,3.6260026e-05,2.1611788e-05,0.0005388069,0.9993838,1.5090393e-05,ISIC_0028390.jpg,5
4.9235837e-07,9.189593e-07,8.050541e-06,1.5011967e-06,2.048478e-05,0.9999641,4.3417276e-06,ISIC_0031341.jpg,5
1.0471374e-06,3.089409e-08,5.279006e-06,2.819929e-07,0.02115261,0.9788407,1.7110196e-07,ISIC_0032931.jpg,5
0.0003024153,0.011349636,0.00011823908,0.0006160432,0.02763674,0.0018301292,0.9581468,ISIC_0033230.jpg,6
4.956616e-05,2.7824667e-06,0.0012284326,7.242422e-05,0.0021983213,0.99644214,6.300753e-06,ISIC_0028784.jpg,5
0.2847048,0.011602834,0.69484884,0.0042188945,0.0044423398,0.0001557169,2.6475824e-05,ISIC_0027509.jpg,2
3.0348197e-05,6.236615e-05,0.00015438713,4.7380818e-05,0.00012810327,0.99946743,0.00010995147,ISIC_0031066.jpg,5
0.0006906282,3.4062174e-05,0.01301869,0.0012357291,0.4088373,0.5761743,9.262294e-06,ISIC_0034236.jpg,5
8.438501e-05,1.4315527e-05,0.008023077,0.00010096789,0.0073114713,0.9844226,4.31711e-05,ISIC_0032184.jpg,5
5.612206e-06,3.0454936e-05,1.6541695e-05,7.086486e-06,0.000159932,0.9997787,1.7317246e-06,ISIC_0029499.jpg,5
8.8647066e-05,2.075243e-05,0.00050991465,0.0009979979,1.4097641e-05,0.99810696,0.00026168601,ISIC_0027710.jpg,5
0.002480977,3.3411277e-05,0.00028648874,0.00012397187,0.076097235,0.9209733,4.613019e-06,ISIC_0028408.jpg,5
3.6487032e-05,5.7485013e-06,0.00019001019,0.00016256415,0.00086087274,0.9987037,4.063286e-05,ISIC_0032252.jpg,5
0.0002568207,0.00012564952,0.032401286,0.0002558424,0.88763344,0.0793081,1.8902769e-05,ISIC_0027125.jpg,4
0.9442838,1.4308786e-07,6.806088e-06,6.238245e-07,0.055705793,2.6909554e-06,1.3421493e-07,ISIC_0024763.jpg,0
0.015043304,0.010546849,0.027033364,0.00035315476,0.014184023,0.932813,2.6282956e-05,ISIC_0026365.jpg,5
9.900867e-05,4.0184987e-06,0.0019984276,1.2637891e-05,0.92560357,0.07227724,5.161666e-06,ISIC_0034071.jpg,4
4.531462e-05,1.3543452e-05,0.0013647957,4.206016e-05,0.0015264128,0.99699926,8.6004375e-06,ISIC_0031926.jpg,5
0.00033992282,1.0350157e-05,0.0028599065,3.8850663e-05,0.0017121605,0.99503434,4.4133935e-06,ISIC_0032539.jpg,5
0.00015418616,5.4835045e-06,1.145736e-05,3.0404457e-05,9.0826186e-05,0.99970585,1.8274925e-06,ISIC_0034084.jpg,5
1.4475274e-06,2.4097646e-06,4.5728116e-06,9.136806e-06,1.3693366e-06,0.9999745,6.5846357e-06,ISIC_0026779.jpg,5
0.00050962146,0.9984101,0.0009439955,3.6611439e-06,0.0001196894,1.2778526e-05,1.7133837e-07,ISIC_0028329.jpg,1
0.00013507479,0.00082056376,0.0162676,6.788478e-05,0.005981111,0.97670776,1.9909628e-05,ISIC_0025863.jpg,5
1.2782917e-05,2.8923785e-06,2.7507524e-05,1.986772e-05,7.5685016e-06,0.99991786,1.1552104e-05,ISIC_0028704.jpg,5
3.5769033e-05,2.5153417e-05,0.000268256,1.9131567e-05,0.0012151322,0.99842596,1.0575364e-05,ISIC_0032859.jpg,5
3.428807e-07,9.88538e-07,7.4947793e-06,5.318605e-06,0.00016725251,0.9998122,6.426141e-06,ISIC_0029961.jpg,5
3.370875e-06,1.2404003e-07,0.00014914836,4.0717532e-07,0.0023328448,0.9975138,3.3209966e-07,ISIC_0033289.jpg,5
0.0027851516,0.00016360675,0.0625265,0.000110768495,0.019681973,0.9147301,1.9423612e-06,ISIC_0026359.jpg,5
1.1059062e-05,1.7920928e-06,6.397611e-05,1.5137643e-05,0.0002788295,0.9996107,1.848131e-05,ISIC_0032297.jpg,5
8.0935504e-05,0.00024051763,0.0009934765,0.00039136712,4.2141786e-05,0.9982199,3.159885e-05,ISIC_0025878.jpg,5
2.0813508e-05,9.289425e-06,0.0001461445,3.1936743e-05,0.0001286047,0.99962413,3.9060295e-05,ISIC_0030628.jpg,5
4.927047e-06,3.4731527e-06,4.1892956e-05,2.0769256e-05,0.0001706559,0.9997178,4.052289e-05,ISIC_0026041.jpg,5
7.117581e-05,5.4460274e-06,0.0011285357,4.8458878e-05,0.005916023,0.992826,4.4257645e-06,ISIC_0027791.jpg,5
3.9562678e-07,1.0012569e-06,1.9042724e-05,5.357952e-07,0.00014588099,0.9998325,6.8781856e-07,ISIC_0033464.jpg,5
2.9511688e-05,1.8311182e-06,0.00045621325,6.545038e-05,0.00031824663,0.9991134,1.5388057e-05,ISIC_0029565.jpg,5
4.1871997e-05,5.509716e-05,0.00039659932,0.00027328197,0.0001828972,0.99871457,0.0003357626,ISIC_0031313.jpg,5
0.00020371954,8.541128e-06,0.00014660695,1.3564273e-05,0.99537164,0.004255266,6.3634127e-07,ISIC_0025573.jpg,4
2.1541939e-07,1.2796712e-06,4.859482e-06,2.4033445e-05,1.4890094e-05,0.99994886,5.8232704e-06,ISIC_0026768.jpg,5
3.434835e-06,1.0717861e-06,5.055228e-05,0.00015473792,2.5719359e-05,0.9997285,3.6028927e-05,ISIC_0032210.jpg,5
3.0886943e-06,4.0350756e-06,0.00022492553,2.0964395e-05,0.00031578663,0.99942327,7.892041e-06,ISIC_0033143.jpg,5
0.0003876927,0.0013156679,0.98981035,2.538564e-05,0.00782789,0.0006328128,2.7344407e-07,ISIC_0029929.jpg,2
4.0170576e-06,2.9534854e-06,1.5570298e-05,5.006112e-06,1.1772755e-05,0.99995255,8.1342205e-06,ISIC_0032282.jpg,5
1.2013018e-05,4.983157e-07,0.00039488706,1.0008939e-05,0.006300834,0.99327785,3.9163174e-06,ISIC_0027514.jpg,5
5.0722565e-06,5.6336185e-06,5.704803e-05,0.00026100804,0.0005607915,0.999062,4.8432892e-05,ISIC_0031092.jpg,5
0.010150428,0.0009901039,0.95780164,0.0036852749,0.0132911205,0.014010369,7.1068906e-05,ISIC_0024602.jpg,2
6.260453e-05,6.8156536e-05,0.0017705804,0.00019028672,0.00080059853,0.99704117,6.661053e-05,ISIC_0025514.jpg,5
0.37453073,9.365489e-06,0.0028002125,0.0025222662,0.0019979386,0.6181383,1.1376732e-06,ISIC_0030591.jpg,5
2.8075876e-06,5.768327e-06,6.807661e-06,1.6382472e-05,4.644441e-06,0.99994946,1.41976425e-05,ISIC_0024528.jpg,5
0.0018822099,0.005115582,0.007427673,9.197717e-05,0.0061309785,0.97926944,8.2180035e-05,ISIC_0027345.jpg,5
0.00010637913,6.8369022e-06,0.0027861819,0.00029037276,0.003482847,0.9933211,6.273882e-06,ISIC_0030841.jpg,5
1.1001365e-08,1.5601655e-08,7.484289e-08,9.859247e-09,7.2062803e-06,0.9999927,1.2529373e-08,ISIC_0026079.jpg,5
2.5510257e-05,1.5776015e-05,0.00023379397,9.40323e-05,0.0009830261,0.9986432,4.5527654e-06,ISIC_0024694.jpg,5
7.544723e-09,2.1190962e-08,2.1374046e-07,2.686e-06,6.1452083e-06,0.99999046,4.244454e-07,ISIC_0030702.jpg,5
1.643305e-07,2.3147556e-06,1.8056155e-06,1.1366228e-06,2.0359964e-06,0.99998415,8.36783e-06,ISIC_0029421.jpg,5
1.627423e-05,1.5209135e-06,0.0057618855,4.130437e-06,0.027475111,0.96673965,1.4509615e-06,ISIC_0033132.jpg,5
9.881859e-06,1.946221e-06,9.70908e-06,3.3394812e-05,5.7550762e-05,0.99987495,1.2613971e-05,ISIC_0029727.jpg,5
2.9234802e-06,1.7788442e-06,1.3445533e-05,3.1188458e-05,9.332769e-06,0.99991894,2.2395177e-05,ISIC_0027586.jpg,5
5.684951e-06,9.782049e-06,2.6576272e-05,1.4349038e-05,1.771807e-05,0.99991333,1.26076e-05,ISIC_0032351.jpg,5
1.7891814e-05,2.8201814e-05,6.266041e-05,0.00014399482,0.0001434846,0.99958855,1.5214143e-05,ISIC_0032167.jpg,5
6.8278896e-06,2.7237386e-06,0.00043800005,2.4267194e-06,0.0026045023,0.9969434,2.0990951e-06,ISIC_0032912.jpg,5
1.2740462e-05,9.979331e-05,0.9892252,5.1013512e-06,0.000121104065,0.010488498,4.757366e-05,ISIC_0032359.jpg,2
3.0055463e-07,1.4466756e-06,3.0124177e-06,3.2088126e-06,7.919471e-06,0.99997807,6.0545017e-06,ISIC_0028833.jpg,5
6.882106e-05,0.0007213324,0.0005953484,3.456625e-05,0.0015434274,7.726337e-05,0.9969593,ISIC_0025321.jpg,6
2.8625198e-06,9.0719146e-07,1.4565274e-05,1.0970325e-05,5.621337e-05,0.9999027,1.1727816e-05,ISIC_0030075.jpg,5
7.4246947e-07,4.4353231e-07,8.838162e-06,2.961029e-06,1.0670908e-05,0.9999628,1.3518614e-05,ISIC_0029325.jpg,5
4.5173567e-07,4.0530363e-06,1.7327957e-07,7.3248805e-07,4.6174322e-05,0.9999465,1.9445806e-06,ISIC_0030508.jpg,5
0.0024996088,0.981169,0.00095294707,0.0002672259,0.0021968822,0.012586792,0.00032759007,ISIC_0031404.jpg,1
1.3340175e-06,2.8605484e-06,5.579659e-05,2.6033435e-05,1.3765699e-06,0.9998709,4.174506e-05,ISIC_0029007.jpg,5
0.0022880791,6.9187167e-06,0.009278305,0.00014961335,0.0022179796,0.98604846,1.0614483e-05,ISIC_0025492.jpg,5
0.52642083,0.010461358,0.21502544,0.0044561676,0.07119802,0.17241286,2.5283032e-05,ISIC_0028763.jpg,0
5.3452903e-05,0.00012021537,0.004183716,0.00034032983,0.0009960451,0.99404246,0.00026382957,ISIC_0031346.jpg,5
7.2538014e-06,8.40919e-06,0.0004037039,3.3594795e-05,1.2509621e-05,0.9995085,2.6018763e-05,ISIC_0026127.jpg,5
9.501351e-06,7.280795e-07,2.0992402e-05,3.7496072e-06,2.107376e-05,0.9999398,4.2753063e-06,ISIC_0028149.jpg,5
9.446741e-06,3.1575834e-07,0.929302,7.573684e-08,0.0054305717,0.06525729,3.221176e-07,ISIC_0030173.jpg,2
4.8545906e-05,8.405349e-05,0.8063343,4.554485e-05,0.05451385,0.13896807,5.563796e-06,ISIC_0026961.jpg,2
5.989826e-08,1.0905272e-07,1.1496529e-06,4.1433154e-07,1.3193833e-05,0.99996626,1.8855599e-05,ISIC_0026703.jpg,5
0.00048690152,4.146675e-05,0.00011843979,0.00010149646,0.00096110225,0.9982862,4.4291637e-06,ISIC_0034307.jpg,5
0.9979845,1.1185933e-05,0.0015882662,3.97693e-05,0.00037546767,6.0077974e-07,2.3517092e-07,ISIC_0028490.jpg,0
8.303586e-06,2.4227196e-05,1.7146067e-05,0.00017249517,6.9127724e-05,0.99968326,2.5549125e-05,ISIC_0030402.jpg,5
2.850204e-06,9.455846e-06,1.9217689e-05,4.8875104e-06,6.4238826e-05,0.9998826,1.6848751e-05,ISIC_0029949.jpg,5
9.983244e-07,1.7997269e-05,3.6362885e-06,8.00425e-06,8.13164e-06,0.99988997,7.125407e-05,ISIC_0026535.jpg,5
7.1904105e-05,0.0011737341,4.847717e-05,0.004851198,0.00058880646,0.9932434,2.2466154e-05,ISIC_0028865.jpg,5
0.20775858,2.1551954e-05,0.69947773,5.2747106e-05,0.0011587079,0.09153051,1.2146721e-07,ISIC_0030360.jpg,2
1.831966e-06,2.9994308e-07,7.1063387e-06,1.129587e-06,0.00025395717,0.9997342,1.3983658e-06,ISIC_0032593.jpg,5
8.0616366e-05,4.7972244e-05,0.00021621658,0.001416593,0.000891862,0.99624676,0.0010999879,ISIC_0028375.jpg,5
0.00450723,0.0094858855,0.11748842,0.0010729942,0.015073378,0.85234267,2.9557727e-05,ISIC_0031597.jpg,5
7.322578e-05,0.0005910676,0.009004924,0.00114233,0.023564175,0.96420884,0.0014155146,ISIC_0032737.jpg,5
0.00039148287,0.011894742,0.13253428,0.0076712654,0.42500296,0.086850874,0.33565444,ISIC_0033051.jpg,4
3.3577612e-06,8.520342e-06,0.00011909198,6.6423663e-06,0.0010239559,0.99874157,9.6832184e-05,ISIC_0031696.jpg,5
7.185487e-08,9.570914e-07,5.6687406e-07,4.3751593e-06,1.014686e-06,0.9999757,1.7262173e-05,ISIC_0027123.jpg,5
0.0054479386,0.00018415572,0.00020906681,0.00010636722,0.99362105,0.00042752855,3.8490357e-06,ISIC_0028075.jpg,4
0.00016288868,0.9262514,9.072124e-05,0.00017311057,9.997759e-05,0.0731293,9.257541e-05,ISIC_0029728.jpg,1
0.00686999,0.0019776635,0.5036703,0.00091785105,0.22882167,0.25765768,8.485873e-05,ISIC_0026796.jpg,2
3.7450143e-06,4.935055e-07,0.99988806,8.9404926e-07,7.5061034e-05,3.172903e-05,1.6710576e-08,ISIC_0032967.jpg,2
0.07142328,0.0007374868,0.109663315,0.8091591,0.008153409,0.0008555087,7.874351e-06,ISIC_0027436.jpg,3
4.4158364e-06,7.645159e-07,5.397247e-05,2.2633882e-05,0.00022061619,0.99969435,3.331799e-06,ISIC_0025269.jpg,5
9.671953e-07,1.2886269e-08,1.6393837e-07,1.3417815e-07,3.159852e-06,0.99999547,1.3258105e-07,ISIC_0028157.jpg,5
6.4643e-05,7.50586e-05,7.998584e-05,5.374314e-05,4.9272632e-05,0.9996573,1.9954665e-05,ISIC_0027979.jpg,5
0.0025225882,0.00021902971,0.0808935,0.027818913,0.019238317,0.86929715,1.0452192e-05,ISIC_0024333.jpg,5
1.7523026e-07,1.609249e-07,1.5176915e-06,5.438573e-06,2.5294896e-06,0.9999887,1.454657e-06,ISIC_0025025.jpg,5
0.00069945614,0.006352204,0.023327446,0.008524928,0.00032188225,0.9607124,6.166257e-05,ISIC_0027072.jpg,5
0.34623283,0.03455207,0.0034134283,0.18558945,0.25734296,0.17218015,0.0006891275,ISIC_0029885.jpg,0
0.0004774793,0.4511228,0.000121517325,0.00018697706,0.00087311346,0.54701996,0.00019818975,ISIC_0030639.jpg,5
3.2028733e-05,1.6170528e-05,0.19759646,1.2977993e-05,0.010865527,0.7914717,5.0248896e-06,ISIC_0027911.jpg,5
1.3358591e-07,2.1030252e-07,9.0141066e-07,5.985068e-07,9.844029e-06,0.9999875,7.9485955e-07,ISIC_0027617.jpg,5
6.205076e-06,6.213591e-06,0.00034616247,1.9963281e-06,0.0009257986,0.9986866,2.7002967e-05,ISIC_0032896.jpg,5
0.00013439698,0.0004663034,0.00052763463,0.00028029896,0.00022909974,0.0144586945,0.9839035,ISIC_0026467.jpg,6
0.00016903595,5.1136867e-06,0.00091599236,3.0121806e-05,0.95782804,0.041049924,1.8247397e-06,ISIC_0032110.jpg,4
0.091217615,1.00672805e-05,0.002444176,0.13606827,0.00041448345,0.7618743,0.007971071,ISIC_0028311.jpg,5
5.2274413e-06,7.6140614e-06,7.105148e-05,6.4090473e-06,0.00015309229,0.99975115,5.366918e-06,ISIC_0032607.jpg,5
0.0033717952,0.9845841,0.0011316601,7.684551e-05,0.0007432912,0.009912903,0.00017943616,ISIC_0032660.jpg,1
0.00011545547,9.509057e-06,0.022792522,5.0255056e-07,0.97708,2.0340897e-06,9.193397e-08,ISIC_0029212.jpg,4
2.700157e-09,8.053305e-07,7.321493e-07,2.0794042e-09,0.992833,0.007165512,7.611031e-10,ISIC_0032079.jpg,4
7.5506214e-05,1.1456329e-05,0.00012310866,0.00022044643,3.1768224e-05,0.99952924,8.491217e-06,ISIC_0029487.jpg,5
2.7443114e-06,3.2950647e-06,2.1759462e-05,2.3865946e-06,0.000101739206,0.99984765,2.0358963e-05,ISIC_0029009.jpg,5
2.986499e-06,1.4923235e-06,1.5252796e-05,1.0155574e-05,2.8836334e-05,0.9999372,4.0344416e-06,ISIC_0027241.jpg,5
0.0052018818,0.0005600136,0.024316084,0.0002006492,0.0015514636,0.9681485,2.142239e-05,ISIC_0027490.jpg,5
0.0017169093,0.0012078693,0.98326254,0.00021318585,0.012947885,0.0006354456,1.6154116e-05,ISIC_0027850.jpg,2
9.134007e-06,2.4871877e-06,2.620747e-05,8.010676e-06,2.788212e-05,0.9999237,2.6078285e-06,ISIC_0027843.jpg,5
0.0038514321,0.7936783,0.1465044,0.0038515492,0.016168514,0.018839609,0.017106194,ISIC_0032139.jpg,1
0.087331854,0.0027109957,0.83112115,0.02123172,0.033848416,0.023643043,0.00011282482,ISIC_0024470.jpg,2
3.3756413e-07,2.001185e-06,4.2931774e-06,4.237378e-06,1.5455595e-05,0.99996936,4.257481e-06,ISIC_0025595.jpg,5
0.0021590788,0.001202746,0.9903398,0.00031359767,0.005819062,0.00015650506,9.151824e-06,ISIC_0029061.jpg,2
1.9477948e-06,2.6304476e-06,6.9557216e-05,2.5304496e-07,0.0056614648,0.9942636,6.1327745e-07,ISIC_0028831.jpg,5
5.3367636e-05,1.4421227e-07,0.9992015,3.87695e-05,5.6665594e-06,0.0007005527,1.730113e-09,ISIC_0027893.jpg,2
0.0020691452,0.9954731,0.00026931087,0.00033426264,0.00042827157,0.0014091926,1.670228e-05,ISIC_0025433.jpg,1
5.585666e-07,1.2675088e-07,2.773667e-06,3.044009e-06,0.000193311,0.9997942,6.0006923e-06,ISIC_0030650.jpg,5
0.0083756875,0.0019399365,0.95982695,0.0023258068,0.02728516,0.00023229438,1.4242313e-05,ISIC_0027017.jpg,2
2.011183e-06,3.142397e-07,7.9376505e-06,1.7592152e-05,3.4458003e-06,0.99995947,9.104286e-06,ISIC_0031947.jpg,5
4.121759e-05,0.00025191857,0.0010519776,4.407292e-05,0.0008682024,0.9976985,4.413399e-05,ISIC_0032911.jpg,5
8.620323e-06,5.955754e-05,0.999495,1.137326e-05,0.00034465213,8.074743e-05,2.0867846e-08,ISIC_0024825.jpg,2
5.0600573e-08,8.092794e-09,4.030633e-06,1.05506516e-07,0.9999752,2.062133e-05,1.0003375e-08,ISIC_0032637.jpg,4
0.00036087615,0.9893059,0.005987682,6.699917e-05,0.00016485671,0.004110504,3.173901e-06,ISIC_0029342.jpg,1
0.00065734267,0.02855802,0.24827243,0.0069566057,0.024888152,0.6873946,0.0032727774,ISIC_0032376.jpg,5
0.0036510597,0.00010806931,0.9074541,0.0014952935,0.0063934494,0.08089398,4.019173e-06,ISIC_0030425.jpg,2
5.5035827e-07,2.373445e-07,2.0993423e-06,1.0102472e-06,2.0939897e-06,0.99999094,3.1185482e-06,ISIC_0024641.jpg,5
0.00012460514,0.0011993696,0.96710455,0.00020740023,0.0020314907,0.029322175,1.03414695e-05,ISIC_0029486.jpg,2
1.2427472e-05,7.1456736e-07,8.22306e-05,2.4481556e-06,7.806352e-05,0.99982256,1.5323732e-06,ISIC_0025009.jpg,5
5.415133e-05,1.5161269e-06,0.00215288,1.663282e-05,0.0008842154,0.9968887,1.9247957e-06,ISIC_0033421.jpg,5
0.9817005,0.00056483096,0.017532852,0.00013559252,3.8140893e-06,5.061434e-05,1.1762145e-05,ISIC_0032455.jpg,0
0.21698214,0.1728458,0.141404,0.005055934,0.2741002,0.18935111,0.0002607596,ISIC_0032991.jpg,4
3.933331e-05,4.7263957e-06,0.00017253049,1.0685007e-05,0.0027342336,0.9970361,2.4082192e-06,ISIC_0031713.jpg,5
2.3493925e-05,7.2532486e-05,1.8290073e-05,8.123372e-06,7.163851e-05,0.9997758,3.013143e-05,ISIC_0024533.jpg,5
2.3485234e-06,1.6573127e-07,0.9998909,1.8271727e-07,4.1144453e-05,6.5160755e-05,3.6474563e-09,ISIC_0033865.jpg,2
0.016633516,0.0029216916,0.9523841,0.023729794,8.0404774e-05,0.004250199,3.6284706e-07,ISIC_0027388.jpg,2
0.02620667,0.01185826,0.019522512,0.00048357225,0.8033938,0.13793968,0.00059555727,ISIC_0026802.jpg,4
8.246555e-06,2.419724e-06,5.620284e-06,2.2673259e-05,3.0158903e-06,0.9999496,8.463487e-06,ISIC_0029875.jpg,5
3.4953482e-05,1.7601042e-05,0.0004750313,9.3156494e-05,0.000614791,0.9987165,4.806668e-05,ISIC_0027482.jpg,5
0.0015394412,3.486702e-05,0.03294121,0.0010197578,0.006281114,0.95815897,2.4654064e-05,ISIC_0033824.jpg,5
0.00010241237,0.06693867,0.0013421363,0.00054588605,0.00052832754,0.0003498215,0.9301927,ISIC_0032240.jpg,6
5.487389e-07,3.5816052e-07,2.0361076e-06,1.7443477e-06,1.6121852e-05,0.9999758,3.363896e-06,ISIC_0028541.jpg,5
0.000194426,0.00240954,0.0005146446,0.00040316867,0.70739114,7.6836826e-05,0.2890102,ISIC_0031090.jpg,4
0.002572626,0.00028269712,0.10578531,0.0013801795,0.00935,0.8805251,0.00010399688,ISIC_0029432.jpg,5
5.9426266e-06,2.6594578e-05,0.00068929075,3.3106455e-05,0.00016696838,0.9990527,2.5476727e-05,ISIC_0033139.jpg,5
8.486636e-09,5.2203984e-07,3.8384936e-08,0.999997,5.270874e-07,3.2582977e-07,1.5345801e-06,ISIC_0029052.jpg,3
2.5831318e-05,8.826907e-06,0.10511093,0.00016211889,0.0043619256,0.8903247,5.7492966e-06,ISIC_0031796.jpg,5
2.4540834e-06,3.1428403e-06,0.00023690778,6.620707e-06,0.0010877983,0.99865985,3.1808638e-06,ISIC_0030890.jpg,5
0.00012773811,0.0004968831,0.00071091985,0.0014674123,0.028663078,0.9685061,2.7878184e-05,ISIC_0030268.jpg,5
0.00089345063,0.00044012003,0.9204388,0.002062405,0.0054254252,0.06973811,0.0010016798,ISIC_0024909.jpg,2
0.00031440065,0.5527945,0.06934556,0.00012553179,0.0015002011,0.3758439,7.586186e-05,ISIC_0033411.jpg,1
0.0213346,0.00028387387,0.1589995,0.0015973329,0.013139015,0.8043815,0.00026421,ISIC_0032292.jpg,5
0.0001357551,0.000119439996,0.0012362429,0.0043239617,0.001949241,0.9876414,0.0045940625,ISIC_0025270.jpg,5
0.077518664,0.0011678209,0.8810393,0.0009145389,0.0047563897,0.03449826,0.00010507346,ISIC_0025529.jpg,2
0.00025726817,0.0004686064,0.0016442824,0.104618326,0.00018441724,0.8893639,0.0034632108,ISIC_0031072.jpg,5
0.05436869,0.04244197,0.002069811,0.50177026,0.3933777,1.0253923e-06,0.0059705973,ISIC_0026845.jpg,3
9.595806e-05,3.992265e-05,0.001569047,0.00022706157,0.0006869871,0.99734277,3.8206297e-05,ISIC_0028786.jpg,5
0.003733883,0.00044385486,0.0072306213,0.9865037,0.0011396696,0.00092465716,2.3641926e-05,ISIC_0027107.jpg,3
0.01124235,9.5777605e-06,0.0005789367,0.0015319019,0.0005159925,0.9861162,5.1865813e-06,ISIC_0027783.jpg,5
2.188125e-05,3.6224237e-06,2.0991118e-05,4.17338e-05,9.7362645e-06,0.9998939,8.173517e-06,ISIC_0027864.jpg,5
6.1556136e-07,5.62739e-07,3.863088e-07,2.6687612e-06,1.6499134e-05,0.99997663,2.590387e-06,ISIC_0025779.jpg,5
6.3147186e-06,2.57698e-06,3.0758772e-05,6.0656424e-05,9.17163e-06,0.9998248,6.567116e-05,ISIC_0029969.jpg,5
3.451182e-05,5.872386e-06,0.00060739816,6.759858e-05,0.0022624743,0.9969894,3.279686e-05,ISIC_0033140.jpg,5
0.0015322415,0.0003188575,0.00015393215,0.00020131237,7.787879e-05,0.9977088,6.8650065e-06,ISIC_0025403.jpg,5
0.0002227512,3.5065748e-06,0.004980168,0.0005065879,0.0016461692,0.9926157,2.5130399e-05,ISIC_0028116.jpg,5
2.3404367e-07,1.5375161e-06,4.5585043e-06,9.483575e-06,2.0048076e-06,0.9999306,5.1514002e-05,ISIC_0028427.jpg,5
1.02065715e-05,3.6323704e-07,3.1828822e-05,1.9883846e-05,0.00019953874,0.9997259,1.2312555e-05,ISIC_0031861.jpg,5
0.0001716899,0.0012832879,0.0004384247,0.00021426492,0.0008878146,0.9969606,4.3891014e-05,ISIC_0031884.jpg,5
7.066624e-05,0.00014162886,0.99564195,6.336439e-05,0.0025636896,0.0015116886,6.94847e-06,ISIC_0032271.jpg,2
2.6084997e-06,8.3436234e-08,3.3352974e-06,1.8756835e-05,9.927282e-06,0.9999635,1.8067168e-06,ISIC_0028064.jpg,5
0.0013400026,0.0035194107,0.9358158,0.009591956,0.031548586,0.018176217,8.034447e-06,ISIC_0027987.jpg,2
2.9632962e-05,1.9589892e-05,0.00014405647,4.212822e-05,6.277697e-05,0.99966645,3.5341698e-05,ISIC_0026854.jpg,5
2.2916527e-06,2.4189086e-07,4.907581e-06,3.44526e-06,6.125781e-05,0.9999229,4.9207733e-06,ISIC_0031047.jpg,5
1.5052364e-05,7.137752e-05,3.3011383e-05,2.6884532e-05,1.30186745e-05,0.9998196,2.1040603e-05,ISIC_0027413.jpg,5
2.600167e-06,1.0614665e-05,6.517398e-06,1.0801408e-05,4.927972e-06,0.9999474,1.711467e-05,ISIC_0024978.jpg,5
0.00023013692,2.5645659e-06,1.2694776e-05,0.00026175904,0.00027316462,0.99921703,2.49238e-06,ISIC_0031417.jpg,5
1.1139609e-06,1.0639001e-06,2.2525443e-05,1.1258071e-06,0.00011963669,0.99985087,3.6605015e-06,ISIC_0026256.jpg,5
1.9933754e-05,9.854199e-05,0.996819,1.4067545e-05,2.209034e-05,0.0029992994,2.6922364e-05,ISIC_0025879.jpg,2
0.0070116417,0.039717253,0.00058792584,0.8075023,0.0008861005,0.14423689,5.7833273e-05,ISIC_0027920.jpg,3
3.6850284e-05,3.9722112e-05,0.13276117,4.2852997e-05,0.012490925,0.85461843,1.0000723e-05,ISIC_0031385.jpg,5
0.012097559,0.0018437462,0.034399908,0.00610792,0.000125756,0.945349,7.60476e-05,ISIC_0033610.jpg,5
0.00013916331,5.381591e-05,3.4923763e-05,4.0774215e-05,0.00017435475,0.99954176,1.5268533e-05,ISIC_0027264.jpg,5
1.2096598e-05,1.8206085e-05,2.0366157e-05,2.5616633e-05,1.2669077e-05,0.9998987,1.23094e-05,ISIC_0024856.jpg,5
0.0009393991,0.00049489684,0.0041352767,0.051661868,0.00027371832,0.94215405,0.00034086598,ISIC_0032275.jpg,5
1.2429734e-15,3.8591363e-14,2.4944045e-17,1.4774491e-13,1.5516291e-13,1.0,2.6073055e-14,ISIC_0030485.jpg,5
9.533041e-07,8.662178e-07,1.2479837e-05,1.9257052e-06,2.7118896e-05,0.99994934,7.406169e-06,ISIC_0029556.jpg,5
0.0013317048,0.78483534,0.19874696,0.014637023,0.00014708,8.759357e-06,0.00029313238,ISIC_0026439.jpg,1
2.3330374e-06,2.9464116e-05,0.0017884864,6.7995074e-06,0.005093049,0.9930769,2.9590847e-06,ISIC_0026427.jpg,5
0.25800905,0.0015711101,0.003404202,0.011793686,0.6725106,0.052495982,0.00021526167,ISIC_0029705.jpg,4
0.0017340583,4.5208377e-05,0.009681129,0.00039573264,0.31210396,0.6758873,0.00015261394,ISIC_0027168.jpg,5
0.08876595,0.10907884,0.0059984904,0.028544055,0.015240619,0.7522495,0.00012254251,ISIC_0028807.jpg,5
0.8100917,0.00071405055,0.003202577,0.009948237,0.021947771,0.15407886,1.6783559e-05,ISIC_0024577.jpg,0
0.00013964527,5.53742e-07,0.0003788372,1.5395703e-05,0.00035549144,0.9991093,6.9542494e-07,ISIC_0029898.jpg,5
5.569365e-05,0.00013430192,0.00072989555,0.00074457045,0.0013750758,0.99684864,0.00011181414,ISIC_0030643.jpg,5
6.331673e-07,6.624737e-07,7.5358716e-06,4.7211333e-06,0.00025691182,0.99972194,7.431608e-06,ISIC_0025137.jpg,5
2.7989363e-05,6.516102e-06,0.9999107,4.824899e-06,2.7768818e-05,2.197868e-05,6.5862686e-08,ISIC_0033482.jpg,2
0.00024697138,1.7188835e-05,0.016345892,0.06854024,0.0006507114,0.91380906,0.0003899407,ISIC_0026718.jpg,5
0.00036143826,0.9992931,5.5768146e-06,4.6364978e-05,2.2143311e-05,0.0002676724,3.6784465e-06,ISIC_0030511.jpg,1
4.5769317e-05,2.88811e-07,1.52205e-06,1.117939e-05,2.7877716e-06,0.99993706,1.4485269e-06,ISIC_0029677.jpg,5
0.0019595122,0.0035206631,0.91179174,0.0029037923,0.014887175,0.06465143,0.00028560671,ISIC_0030156.jpg,2
9.105351e-05,0.0005687713,0.9948639,0.0012130289,0.0032115548,4.762078e-05,4.066311e-06,ISIC_0032013.jpg,2
0.0007756215,0.0042724367,0.00063290494,5.4279637e-05,0.9800918,0.014164893,7.884408e-06,ISIC_0027351.jpg,4
1.6215492e-07,3.0038456e-09,2.665958e-06,1.2124474e-07,1.6746606e-05,0.9999795,7.7904093e-07,ISIC_0028942.jpg,5
3.238631e-05,0.0002407236,0.008839962,0.00011720771,0.0020957908,0.9886536,2.0313022e-05,ISIC_0033781.jpg,5
0.0006231034,0.00031792608,0.9848836,0.000633704,0.0085725635,0.004917545,5.1543975e-05,ISIC_0024409.jpg,2
3.6104213e-06,1.0275967e-05,0.00037008052,2.2167242e-06,0.00012095773,0.999483,9.765585e-06,ISIC_0027569.jpg,5
0.009538813,0.0007009487,0.8487245,0.0007068917,0.0034616746,0.13685924,7.860358e-06,ISIC_0026844.jpg,2
1.7103252e-05,4.6564296e-06,4.2975244e-06,0.00015577077,0.00045611997,0.99936134,6.7482165e-07,ISIC_0025782.jpg,5
4.416786e-05,0.00032108158,0.025856297,4.0060873e-05,0.95375746,0.019970743,1.0187217e-05,ISIC_0024476.jpg,4
2.8695284e-05,1.1638833e-05,0.0022912505,0.00025605943,0.004177641,0.99282247,0.0004122316,ISIC_0024563.jpg,5
7.11297e-07,5.4918405e-07,5.6418494e-06,3.140297e-06,2.5811541e-05,0.9999608,3.3677231e-06,ISIC_0031722.jpg,5
1.0032499e-05,1.5988799e-05,0.0022785398,1.2663196e-05,0.039564766,0.9581166,1.3680516e-06,ISIC_0033474.jpg,5
1.905357e-05,1.3567255e-06,0.9997278,9.977518e-06,1.3984129e-06,0.00024031055,1.8229255e-09,ISIC_0032051.jpg,2
1.2437819e-05,1.7043462e-06,0.99893874,3.4285407e-07,0.0002872687,0.0007593487,1.6311252e-07,ISIC_0033127.jpg,2
2.1151968e-06,1.3650749e-06,4.6519297e-05,7.5710705e-06,2.9115986e-06,0.9999206,1.8866413e-05,ISIC_0028855.jpg,5
2.629279e-06,7.1573754e-07,1.4886704e-05,1.1815985e-05,2.323467e-05,0.9999348,1.1892282e-05,ISIC_0031627.jpg,5
0.00013875958,0.00013406026,0.998142,0.00039693402,0.0011726653,1.5282643e-05,2.405166e-07,ISIC_0028294.jpg,2
3.2166672e-06,1.3933642e-07,0.99967253,7.67011e-08,0.00031400297,1.0071454e-05,3.415744e-09,ISIC_0033528.jpg,2
0.034378506,0.8371381,0.12476002,0.0012140203,0.00072212523,0.0017828373,4.330134e-06,ISIC_0032307.jpg,1
4.304863e-06,2.607958e-06,5.104739e-05,5.2187326e-05,8.800012e-06,0.99979895,8.2136496e-05,ISIC_0028312.jpg,5
0.0020281973,0.48266438,0.51366055,0.00010857716,0.0009456505,0.0003441196,0.00024851743,ISIC_0027744.jpg,2
6.9271545e-07,9.861061e-07,4.6680732e-05,6.557267e-05,7.0587244e-05,0.999801,1.4600254e-05,ISIC_0029977.jpg,5
9.947756e-05,1.5246259e-05,0.000384217,4.6156743e-05,0.0018165889,0.99762875,9.666577e-06,ISIC_0029355.jpg,5
7.185575e-06,3.2346622e-06,6.519424e-05,3.05875e-05,0.00046969007,0.99939394,3.0088799e-05,ISIC_0030103.jpg,5
1.0041818e-05,3.70198e-06,3.0553776e-05,3.3129693e-06,0.00023108367,0.99971634,4.958249e-06,ISIC_0032137.jpg,5
1.970738e-06,1.1259279e-05,7.230351e-05,2.0389652e-05,5.0160237e-05,0.99980706,3.7001184e-05,ISIC_0030613.jpg,5
4.401545e-06,1.1327052e-05,1.2735176e-05,1.8152055e-05,5.129947e-05,0.9998764,2.5771686e-05,ISIC_0024527.jpg,5
4.172245e-06,2.2788224e-06,1.0665486e-05,2.1338592e-05,3.6789417e-05,0.99990475,2.0069012e-05,ISIC_0027927.jpg,5
2.538514e-05,1.0843812e-06,0.00013675872,3.4476784e-06,0.0011415739,0.9986914,3.841392e-07,ISIC_0029333.jpg,5
0.0006597277,4.6430505e-05,0.99896526,2.8863607e-05,0.00018457112,0.00011213066,2.966952e-06,ISIC_0026590.jpg,2
2.3669488e-06,1.6687085e-05,2.7365188e-05,3.516475e-05,2.7715605e-05,0.9996797,0.00021109861,ISIC_0026302.jpg,5
0.0019964494,0.017320318,0.22497441,0.0027527916,0.006241181,0.7461422,0.0005726894,ISIC_0026316.jpg,5
0.016802356,0.0001767642,0.10294379,0.0011549394,0.0017962748,0.87705815,6.770861e-05,ISIC_0026748.jpg,5
1.2372776e-05,4.529558e-06,0.00023752738,4.216908e-05,0.0009984953,0.9986701,3.4813867e-05,ISIC_0025773.jpg,5
0.02736569,0.9643344,0.00012535595,0.006665914,0.0012943018,3.746206e-05,0.0001768033,ISIC_0031351.jpg,1
4.706965e-06,3.114165e-06,2.8663999e-05,5.7806556e-06,0.000150608,0.9997776,2.9454606e-05,ISIC_0030887.jpg,5
1.856378e-07,6.861391e-08,5.3184444e-06,4.0320975e-07,7.771171e-06,0.99998605,1.8455394e-07,ISIC_0030905.jpg,5
0.00013171505,4.0551575e-05,0.001347222,0.0013306213,0.027056817,0.9700749,1.8255381e-05,ISIC_0030699.jpg,5
5.444144e-05,3.4025463e-05,0.0018316453,0.0001573617,0.12178696,0.87612313,1.2451963e-05,ISIC_0026141.jpg,5
5.568049e-05,6.6121015e-07,0.00015354887,4.3119935e-06,0.0074132797,0.9923585,1.39752565e-05,ISIC_0033008.jpg,5
1.3683652e-05,0.00033812967,3.0255902e-05,1.568973e-05,0.00018113316,0.9993913,2.9703655e-05,ISIC_0028096.jpg,5
0.0010183551,4.0834508e-05,0.0016469582,0.0009481681,6.231491e-05,0.99626356,1.9771283e-05,ISIC_0030169.jpg,5
8.9057806e-07,3.1070063e-06,6.076424e-07,0.9617818,1.8920434e-06,0.038055323,0.0001563225,ISIC_0028651.jpg,3
2.7078318e-06,3.0316794e-06,0.00013502932,4.327243e-06,3.0754254e-05,0.9996532,0.0001710103,ISIC_0027726.jpg,5
0.0006455973,4.592165e-06,0.008989477,0.00020096844,0.00070689607,0.989451,1.4344826e-06,ISIC_0024363.jpg,5
0.0001942344,2.227709e-06,1.7587263e-05,3.1175136e-05,8.290761e-06,0.9997454,1.003663e-06,ISIC_0027292.jpg,5
3.6933696e-05,5.9764923e-05,0.0039573847,0.0005028391,0.0002556141,0.99438184,0.0008056854,ISIC_0027015.jpg,5
0.01855713,0.009209603,0.92744386,0.0030015253,0.01623792,0.025512088,3.7756217e-05,ISIC_0025957.jpg,2
0.00046642608,0.007912543,0.16279434,0.45844468,0.0027820289,0.36397785,0.0036221612,ISIC_0025668.jpg,3
9.9754025e-06,2.2783332e-05,4.060551e-06,4.1089894e-05,3.0648248e-06,0.99990296,1.5981135e-05,ISIC_0031994.jpg,5
3.418608e-05,2.085232e-05,0.00011510042,5.5510918e-05,0.00014420947,0.9996227,7.4279515e-06,ISIC_0032658.jpg,5
1.61821e-05,4.6824553e-05,7.7078366e-05,6.81964e-05,0.0003589764,0.9994031,2.9618916e-05,ISIC_0027881.jpg,5
8.02659e-05,1.8465205e-05,0.00023947434,1.8224253e-05,0.004408337,0.9952236,1.163032e-05,ISIC_0025641.jpg,5
1.7730871e-06,2.3993093e-06,2.5880907e-05,3.861504e-06,6.545731e-05,0.9998864,1.4226782e-05,ISIC_0028257.jpg,5
0.022567078,0.0026282356,0.53698134,0.016765904,0.0131877,0.40783936,3.0335046e-05,ISIC_0031594.jpg,2
1.8724422e-05,1.8575342e-05,0.0023144167,8.663735e-05,0.001042107,0.996494,2.5633995e-05,ISIC_0026358.jpg,5
9.207515e-09,2.3183006e-07,4.4854636e-07,5.0848587e-07,1.7808827e-07,0.99999857,3.137335e-08,ISIC_0031204.jpg,5
0.0015509961,0.00069619657,0.33889228,0.04466315,0.001207537,0.61214525,0.000844606,ISIC_0031455.jpg,5
0.00018987332,5.3268275e-05,0.0020462181,9.22012e-06,0.024084624,0.96781754,0.005799221,ISIC_0024680.jpg,5
0.18017866,0.0018183814,0.001990359,0.27486476,0.00948847,0.5313915,0.00026793365,ISIC_0025421.jpg,5
7.871743e-05,1.2980705e-05,0.00020648143,1.8377481e-05,0.0009836818,0.99869627,3.5712908e-06,ISIC_0033816.jpg,5
3.9906464e-08,2.532259e-08,9.702194e-07,5.139185e-08,0.9999776,2.1338294e-05,5.214162e-09,ISIC_0032993.jpg,4
9.422903e-05,9.245949e-06,0.00025072374,0.00013967365,0.00013814584,0.9993467,2.1246353e-05,ISIC_0027339.jpg,5
1.0567047e-06,4.3924683e-06,2.1499507e-05,2.0708749e-05,9.426484e-06,0.99992156,2.126687e-05,ISIC_0025053.jpg,5
0.0016383502,0.00015116835,0.0099062035,0.024024239,0.7351903,0.22908486,4.7954823e-06,ISIC_0031087.jpg,4
0.001599651,2.7798187e-05,0.017734718,0.0014585776,0.0029761337,0.9761988,4.2855772e-06,ISIC_0030847.jpg,5
0.016206468,6.240414e-05,2.796666e-06,0.008609862,0.013263613,0.961832,2.2900871e-05,ISIC_0026424.jpg,5
2.1745284e-06,3.1705696e-07,4.254017e-06,1.7895567e-05,1.2618031e-05,0.99995744,5.265243e-06,ISIC_0031788.jpg,5
4.1489784e-06,9.2313596e-05,0.9954977,6.0147304e-06,0.00028364794,0.0040822015,3.405478e-05,ISIC_0025180.jpg,2
4.2708376e-05,0.00017025303,0.9879517,0.00019735387,0.0005303206,0.011093188,1.4360819e-05,ISIC_0026174.jpg,2
0.00046466637,0.00045839822,0.0024156664,0.9916112,0.0029582758,0.0016011852,0.0004906528,ISIC_0033005.jpg,3
3.4056615e-05,0.00028960052,0.9988361,3.9927133e-07,0.0008244328,8.218783e-06,7.1857576e-06,ISIC_0033791.jpg,2
9.956542e-07,1.6933112e-06,1.0681245e-05,1.1892246e-05,1.2640963e-05,0.99995744,4.6613495e-06,ISIC_0030619.jpg,5
5.287407e-06,2.5901488e-06,2.920333e-05,0.0001487074,0.9936706,0.006140991,2.5674397e-06,ISIC_0029000.jpg,4
6.2043728e-06,6.521571e-06,7.878578e-05,2.80485e-06,0.0005585393,0.9993461,9.4124687e-07,ISIC_0029771.jpg,5
0.81882495,0.00019802123,0.16515993,0.013515709,0.0021939562,0.00010710404,3.6692612e-07,ISIC_0029067.jpg,0
1.7041837e-06,2.4429141e-06,1.5723523e-05,1.3459465e-06,0.0008291263,0.9991387,1.0899543e-05,ISIC_0030741.jpg,5
0.00041772067,0.00011647043,0.120151676,5.1768566e-06,0.8753769,0.0039266795,5.3711715e-06,ISIC_0025507.jpg,4
5.7846988e-05,1.9183804e-05,0.0052486085,0.000118883036,0.03844194,0.9561108,2.837188e-06,ISIC_0026705.jpg,5
1.9318259e-05,0.00011410449,4.848456e-05,0.00013522424,1.6540494e-05,0.9995565,0.0001097754,ISIC_0025333.jpg,5
7.1936185e-05,0.9998129,1.1354689e-05,6.045874e-06,5.1460916e-06,9.1968206e-05,5.850015e-07,ISIC_0031971.jpg,1
0.001434878,0.0242331,0.7250547,0.00022642029,0.0018697372,0.24715425,2.693821e-05,ISIC_0033910.jpg,2
4.3142795e-06,1.3115929e-06,3.4420773e-05,0.00075096573,2.088749e-05,0.99917006,1.8020228e-05,ISIC_0026304.jpg,5
0.00014131425,2.4227187e-05,0.025731018,0.00012999173,0.18156464,0.79238975,1.9086687e-05,ISIC_0026921.jpg,5
1.8677329e-07,1.3536375e-07,3.2365753e-07,2.2541e-07,4.6455475e-06,0.99999404,5.0629257e-07,ISIC_0032353.jpg,5
0.00045548787,1.5228477e-05,0.00092783023,0.00031105476,0.509541,0.4887277,2.1696707e-05,ISIC_0024723.jpg,4
0.00017547315,4.020378e-05,0.006876646,0.002582089,0.5352844,0.45470047,0.0003406622,ISIC_0034145.jpg,4
6.8338437e-07,5.4751354e-07,0.00037999032,5.655021e-07,0.0005006107,0.99911684,6.8858e-07,ISIC_0032785.jpg,5
1.2881658e-06,5.2304254e-05,8.158137e-06,1.2141194e-06,1.0454477e-05,0.9999131,1.349719e-05,ISIC_0027574.jpg,5
3.7230936e-07,1.608342e-06,3.030801e-06,7.2334983e-06,9.276453e-06,0.9999757,2.7714282e-06,ISIC_0024699.jpg,5
0.0010093818,0.0001513314,0.02060452,8.105086e-05,0.2535963,0.7245163,4.1197367e-05,ISIC_0028364.jpg,5
0.0030774567,0.0063515,0.09646678,0.0010158994,0.59167975,0.30102348,0.00038513454,ISIC_0030820.jpg,4
7.2187117e-06,1.1986715e-08,2.0323346e-06,8.6556e-06,7.5579116e-08,0.99998164,3.314972e-07,ISIC_0032416.jpg,5
6.3725224e-06,0.00029420687,0.6891757,4.074173e-06,0.22442712,0.08597946,0.00011300976,ISIC_0033455.jpg,2
1.0698662e-06,6.5711615e-06,2.136896e-05,1.5023296e-06,9.469523e-06,1.9797144e-05,0.9999403,ISIC_0029439.jpg,6
2.9141307e-07,8.367429e-07,3.619388e-06,1.3045513e-06,4.3642376e-06,0.99998546,4.145389e-06,ISIC_0031030.jpg,5
0.0010305877,0.0018108927,0.3258019,0.0015009169,0.00037465894,0.66947854,2.4604894e-06,ISIC_0027064.jpg,5
0.0002833035,4.0666696e-06,0.001970931,6.51265e-07,0.98029846,0.017441485,1.0383451e-06,ISIC_0030246.jpg,4
1.2198664e-05,1.619464e-05,8.997653e-05,1.58105e-05,5.5984285e-05,0.9996816,0.0001281872,ISIC_0026353.jpg,5
1.2383905e-05,1.7220342e-05,0.0006961375,9.138128e-05,9.05682e-06,0.999172,1.813445e-06,ISIC_0024473.jpg,5
6.312729e-05,3.6156172e-07,0.00033739518,1.5020751e-05,0.00013619586,0.99944633,1.5624778e-06,ISIC_0025138.jpg,5
1.5794503e-06,1.494359e-07,3.0949344e-05,7.938642e-07,1.621561e-05,0.99994946,7.961623e-07,ISIC_0029873.jpg,5
1.3755737e-05,3.6372264e-06,1.8129353e-05,4.049169e-06,5.7571374e-06,0.99994946,5.1571915e-06,ISIC_0028580.jpg,5
9.030733e-07,7.538454e-07,0.000108663444,1.9340762e-06,0.0007330276,0.99915373,1.0791243e-06,ISIC_0031194.jpg,5
3.8180457e-05,1.2976328e-07,0.00015879149,2.3758896e-06,0.00028232584,0.99951804,1.7065702e-07,ISIC_0024727.jpg,5
9.39588e-10,3.672619e-08,1.41334935e-08,4.685687e-10,1.35327065e-08,1.4053902e-11,1.0,ISIC_0032932.jpg,6
1.3747308e-06,1.1883922e-06,1.2160393e-06,2.667743e-05,6.4757255e-06,0.99996257,5.269718e-07,ISIC_0032480.jpg,5
2.862812e-05,3.7025973e-06,0.00044367954,1.4249914e-05,2.9044466e-05,0.99947125,9.456843e-06,ISIC_0031392.jpg,5
0.011749484,0.1405689,0.84693515,9.260303e-05,0.00056041515,9.103426e-05,2.4328433e-06,ISIC_0031168.jpg,2
2.048095e-05,0.000107188025,0.00011483585,0.00020274712,9.531318e-05,0.9993339,0.00012548713,ISIC_0027438.jpg,5
4.0335326e-06,6.829868e-06,1.1903155e-05,0.00017691686,1.4065113e-05,0.9997272,5.910852e-05,ISIC_0025407.jpg,5
0.0012626216,9.434803e-05,0.032916337,0.002471037,0.14443699,0.8188068,1.1739759e-05,ISIC_0033432.jpg,5
0.00041615937,0.9983341,2.4284143e-05,4.366742e-05,3.5741163e-05,0.0011242381,2.1728762e-05,ISIC_0033551.jpg,1
0.00039300555,0.0027351582,0.0051557035,0.00052514876,0.0018804041,0.8631418,0.12616882,ISIC_0032700.jpg,5
1.426724e-06,1.2759443e-06,1.560809e-05,5.7596426e-06,2.2192286e-05,0.99994576,8.0296295e-06,ISIC_0026696.jpg,5
6.4623296e-06,1.2526793e-06,4.1636667e-05,6.103876e-06,4.6843015e-05,0.9998964,1.2155913e-06,ISIC_0029369.jpg,5
0.007367191,1.4099051e-05,0.0023904464,0.000848587,0.0765252,0.9128406,1.3862846e-05,ISIC_0027346.jpg,5
0.0034174165,0.00022458092,0.3923355,0.0029450364,0.007465566,0.5935845,2.7347922e-05,ISIC_0024547.jpg,5
0.00027550096,0.00028060644,0.037248638,0.01858676,0.0010558714,0.9419249,0.00062776875,ISIC_0032211.jpg,5
0.009551129,6.425826e-05,0.001859347,0.007962911,0.18340851,0.79702246,0.00013145289,ISIC_0025870.jpg,5
4.863805e-06,1.9424057e-05,0.0002315739,0.00011503692,0.0002382625,0.99932384,6.701929e-05,ISIC_0029200.jpg,5
2.6504836e-07,1.4219891e-05,6.1333606e-07,3.4069888e-06,1.72633e-05,0.9999608,3.462559e-06,ISIC_0032999.jpg,5
0.026408114,0.000100930796,0.00038846495,0.006474052,3.0598552e-05,0.96632516,0.00027268296,ISIC_0025342.jpg,5
1.0781878e-05,6.694917e-05,6.527928e-05,0.00010854784,0.0003949107,0.99916995,0.000183643,ISIC_0027696.jpg,5
0.00015109581,0.0074628238,0.0013545917,5.32322e-06,0.99097204,5.1040155e-05,3.0840067e-06,ISIC_0032984.jpg,4
1.1356419e-05,1.0555075e-05,0.0010915033,3.2297914e-05,0.0057892893,0.99306387,1.1925803e-06,ISIC_0024617.jpg,5
0.090881705,0.070183635,0.50220317,0.06961671,0.00067947106,0.013800054,0.2526352,ISIC_0032460.jpg,2
1.6897858e-06,7.321871e-07,2.915224e-05,1.0363164e-05,0.00040536572,0.9995499,2.763709e-06,ISIC_0026781.jpg,5
0.0018052281,1.87779e-05,0.05020539,0.00032326902,0.3942699,0.55337524,2.1852102e-06,ISIC_0025105.jpg,5
1.2803549e-06,1.0131475e-06,3.3661025e-05,1.07809965e-05,4.667415e-05,0.99978787,0.00011876702,ISIC_0029264.jpg,5
3.4634406e-05,1.4591853e-06,0.00027185804,0.0002836306,0.99209046,0.007315851,2.0867567e-06,ISIC_0028291.jpg,4
1.284831e-05,2.319155e-06,0.00012016184,5.8772348e-05,0.00023474438,0.999556,1.51745535e-05,ISIC_0028889.jpg,5
0.0011473049,0.01481869,0.0035627296,0.00028920156,0.0007968026,0.9791605,0.0002247084,ISIC_0034203.jpg,5
1.2221453e-06,1.187624e-06,2.700416e-06,8.923479e-06,7.748049e-06,0.9999759,2.269349e-06,ISIC_0027733.jpg,5
3.86411e-06,4.2310803e-06,0.00013926727,1.9502007e-05,2.7657288e-05,0.99980015,5.329386e-06,ISIC_0028933.jpg,5
0.022700412,0.017381294,0.06751046,0.28523207,0.18177727,0.42522025,0.00017821338,ISIC_0033082.jpg,5
0.00031435522,0.00025565797,0.0019027672,5.8799873e-05,0.066485174,0.021436004,0.90954727,ISIC_0026506.jpg,6
3.4598636e-07,2.0510877e-06,2.2049902e-05,2.0033372e-06,2.3861485e-05,0.999936,1.36833805e-05,ISIC_0026797.jpg,5
5.33427e-05,3.9566e-05,0.88176364,2.3591849e-05,0.0035401275,0.1145755,4.302988e-06,ISIC_0032681.jpg,2
8.811644e-08,1.3946554e-06,1.785083e-06,6.0090736e-07,1.5065074e-06,0.9999802,1.4433583e-05,ISIC_0024601.jpg,5
9.044155e-06,3.4454868e-06,3.6978286e-06,5.8042813e-05,1.2241527e-05,0.99991035,3.108217e-06,ISIC_0030074.jpg,5
9.347658e-05,0.9996786,6.0900516e-06,4.1045118e-05,1.5159113e-05,0.00016440092,1.1714843e-06,ISIC_0027281.jpg,1
0.14562637,0.010049642,0.79716426,0.032418948,0.0134597495,0.0011066595,0.00017437506,ISIC_0025539.jpg,2
0.000108790824,4.0585106e-05,0.00074252003,4.745378e-05,0.009950852,0.98908967,2.0247851e-05,ISIC_0030140.jpg,5
0.0004686188,0.0001299353,0.0010317595,3.82857e-05,0.09481663,0.9034893,2.5622867e-05,ISIC_0033674.jpg,5
0.015149474,0.04153736,0.537638,0.002185469,0.00012659006,0.4033438,1.936137e-05,ISIC_0028016.jpg,2
6.2684203e-06,6.4587255e-07,0.00012339168,3.2433e-05,0.00073630497,0.9990983,2.7995745e-06,ISIC_0033530.jpg,5
0.00012646813,5.5682474e-05,0.009603478,1.3129346e-05,0.0063933646,0.9838028,5.000667e-06,ISIC_0031377.jpg,5
0.0005164271,0.00018000917,0.0074292785,0.00012533774,0.0017805569,0.9899406,2.7886308e-05,ISIC_0029718.jpg,5
1.614136e-05,1.9638094e-06,7.35122e-05,3.0362911e-05,0.00011675302,0.99973935,2.1919259e-05,ISIC_0026383.jpg,5
0.00014663124,4.4435677e-05,0.99493295,0.000102297956,0.0023551048,0.002413957,4.6667615e-06,ISIC_0027811.jpg,2
0.0006012342,7.513002e-05,0.00061691535,9.4308416e-05,0.0043042013,0.99427706,3.115667e-05,ISIC_0026330.jpg,5
0.00038267407,0.00079769216,0.017808223,5.83468e-05,0.07852647,0.9024115,1.51088225e-05,ISIC_0027098.jpg,5
0.01982109,0.0028862958,0.045638576,0.008806081,0.004392076,0.9178042,0.00065176806,ISIC_0024659.jpg,5
6.832524e-08,1.180121e-07,2.685285e-06,2.351009e-06,1.107011e-05,0.99997973,3.9758975e-06,ISIC_0028184.jpg,5
0.004498011,0.0018855222,0.015000142,0.76976234,0.20677957,0.0002262992,0.0018481086,ISIC_0028155.jpg,3
0.016736988,0.5972064,0.043040503,0.0006001722,0.0008583921,0.34141985,0.00013768054,ISIC_0029644.jpg,1
6.6541884e-06,2.095881e-06,5.254044e-05,7.2400117e-06,0.00016243388,0.9997656,3.3450394e-06,ISIC_0026160.jpg,5
0.0005610757,0.0010928767,0.0011586057,0.000595979,0.012720955,0.024789162,0.95908135,ISIC_0029534.jpg,6
0.0004843176,1.4779284e-06,0.048869755,1.6884871e-05,0.008968921,0.94165844,2.2238072e-07,ISIC_0032423.jpg,5
1.1270689e-06,1.8099029e-06,1.0100163e-05,4.307755e-06,8.22538e-06,0.99996305,1.139419e-05,ISIC_0027993.jpg,5
1.8963053e-07,1.48102925e-08,1.5157016e-06,2.1289047e-06,5.851935e-06,0.99998975,5.1134856e-07,ISIC_0032394.jpg,5
1.0770762e-05,2.5315587e-06,6.8050715e-05,0.00054623425,1.5578533e-05,0.99929404,6.27913e-05,ISIC_0030646.jpg,5
0.0010292318,0.0008004718,0.011415266,0.0005541783,0.0024748216,0.9836489,7.71628e-05,ISIC_0031502.jpg,5
3.3674183e-07,1.3459979e-06,4.8877246e-07,0.99947804,4.635887e-07,0.0004945553,2.4853383e-05,ISIC_0028161.jpg,3
0.00060662517,0.0112392055,0.031653468,0.0020175497,0.29840565,0.65594107,0.00013646444,ISIC_0025512.jpg,5
1.541254e-05,0.07319933,0.0019415705,4.039207e-06,0.00032926336,0.9231172,0.00139303,ISIC_0027897.jpg,5
9.511136e-05,4.5159522e-05,0.99868256,8.602139e-05,0.0003795212,0.00071136444,2.4972104e-07,ISIC_0029778.jpg,2
9.127496e-06,8.7199354e-05,0.99805,3.843798e-05,0.00027549366,0.0015390897,6.738854e-07,ISIC_0026069.jpg,2
3.791537e-06,8.334516e-06,6.2158992e-06,0.99981827,0.00014547781,1.8122408e-07,1.7863156e-05,ISIC_0030555.jpg,3
6.9815806e-06,1.262312e-05,0.00025096064,0.00015859786,6.861019e-05,0.9994004,0.000101901445,ISIC_0031820.jpg,5
7.825988e-05,7.5051958e-06,0.00018447205,9.717954e-05,3.594316e-05,0.99959415,2.422544e-06,ISIC_0027054.jpg,5
0.00010577521,2.8811382e-05,0.028609721,1.2846328e-05,0.02994853,0.94125366,4.0727737e-05,ISIC_0027471.jpg,5
2.625807e-07,9.099308e-09,2.3328155e-06,4.105904e-07,7.8317435e-06,0.99998915,1.15416846e-07,ISIC_0026380.jpg,5
4.6648533e-06,0.0005114064,0.000355471,4.729696e-06,2.0473764e-05,0.99882895,0.00027425168,ISIC_0030373.jpg,5
7.552193e-06,6.2483364e-06,6.130567e-05,1.3340454e-05,4.4688142e-05,0.9998265,4.042974e-05,ISIC_0029019.jpg,5
4.896582e-05,5.643515e-05,0.0001481032,0.00013171365,5.813826e-05,0.9994955,6.1137565e-05,ISIC_0030418.jpg,5
0.007838962,9.6292446e-05,0.80286354,8.620518e-05,0.1677471,0.021307694,6.0304956e-05,ISIC_0029683.jpg,2
0.0020710898,0.00020903733,0.0007208179,0.0022304524,0.42419574,0.5704731,9.979064e-05,ISIC_0026432.jpg,5
1.7413054e-06,3.9380885e-07,3.239325e-05,4.0965915e-06,0.0001641808,0.9997942,3.1030995e-06,ISIC_0033835.jpg,5
9.051776e-06,2.3618428e-07,0.9893957,1.6622641e-06,0.01058954,3.871572e-06,6.5338193e-09,ISIC_0033480.jpg,2
1.7539713e-06,1.473233e-06,4.460942e-06,6.1489477e-06,5.866139e-05,0.9999254,2.0854288e-06,ISIC_0030051.jpg,5
4.1767133e-05,0.99763954,1.3503461e-05,1.8148656e-05,0.0021324938,0.00014898859,5.4575153e-06,ISIC_0025046.jpg,1
8.861999e-05,9.6594325e-05,0.006622564,5.2834414e-05,0.00033996455,0.99278283,1.6630476e-05,ISIC_0034272.jpg,5
5.762079e-06,0.0012714278,2.4496683e-06,1.8266692e-05,1.10351575e-05,0.9986854,5.6460517e-06,ISIC_0028823.jpg,5
0.00013026124,0.0008857486,0.99312496,2.4665022e-05,0.005684656,0.00014678134,2.7874903e-06,ISIC_0025155.jpg,2
0.00186037,0.00019183145,0.72663265,0.022032373,0.00010573339,0.24877039,0.00040657108,ISIC_0028497.jpg,2
0.0012169098,6.306617e-05,0.005275263,2.7124572e-05,0.02154965,0.9718502,1.7806651e-05,ISIC_0030451.jpg,5
9.4002535e-06,5.4007407e-05,0.0004106405,5.750885e-05,3.2444445e-05,0.99922967,0.0002063393,ISIC_0028253.jpg,5
2.8717545e-07,2.0303382e-07,2.021669e-05,4.158701e-08,0.6881929,0.31178626,3.7471263e-08,ISIC_0033222.jpg,4
0.00033056,0.00018749219,0.0023795373,3.209477e-05,0.014427154,0.98264056,2.5422644e-06,ISIC_0031631.jpg,5
9.1628596e-07,3.1066922e-06,1.2591239e-05,3.3767028e-05,2.4688918e-05,0.9999156,9.368926e-06,ISIC_0032069.jpg,5
0.008397257,0.98534864,0.003227186,0.00029204212,0.00077559054,0.0018629861,9.6377946e-05,ISIC_0025362.jpg,1
0.0017639498,2.0276138e-05,0.0067869453,5.3767864e-05,0.004209389,0.9871596,6.0508746e-06,ISIC_0030038.jpg,5
0.00027277705,0.0023001567,0.004325551,6.0596863e-05,0.9741363,0.018376162,0.0005284962,ISIC_0026606.jpg,4
3.5480164e-07,5.314972e-06,8.043849e-06,1.9191602e-05,4.6835535e-06,0.9998803,8.20184e-05,ISIC_0025608.jpg,5
1.9770563e-05,2.9758889e-05,0.00013432743,1.2783511e-05,0.00018189361,0.9993228,0.00029876517,ISIC_0033179.jpg,5
0.0003475142,0.0004378753,0.15195204,0.005091026,0.010248058,0.8311915,0.0007320615,ISIC_0028395.jpg,5
0.0001055867,0.00055138546,0.1354756,5.3324937e-05,0.02528612,0.8383672,0.00016068373,ISIC_0034290.jpg,5
3.9353385e-05,1.0448134e-05,0.0016205315,4.73001e-05,0.000120440534,0.99810445,5.731719e-05,ISIC_0027272.jpg,5
0.00032232862,0.009061064,0.00034868857,0.0011912611,0.0011242973,0.00031131503,0.98764104,ISIC_0032745.jpg,6
9.567988e-06,0.0017445144,0.992046,0.00020271035,9.906103e-06,0.005985282,2.030685e-06,ISIC_0029505.jpg,2
2.3743423e-05,3.338833e-06,1.4893352e-05,6.2108804e-05,0.00016866188,0.99971944,7.847527e-06,ISIC_0032760.jpg,5
0.00042718317,2.1585052e-05,0.0063205725,0.00015409446,0.008169583,0.9848888,1.8250343e-05,ISIC_0032365.jpg,5
1.4080811e-05,2.1332782e-05,7.63941e-05,2.3838438e-05,0.0002838252,0.9995524,2.814719e-05,ISIC_0031790.jpg,5
3.7280943e-06,9.634584e-06,3.2750257e-05,2.0750206e-06,0.0016140342,0.99831665,2.1237714e-05,ISIC_0026391.jpg,5
0.99949825,5.72651e-06,1.5431939e-05,0.00031704787,0.00015204234,9.181603e-06,2.3156067e-06,ISIC_0029827.jpg,0
1.5809492e-05,7.4025625e-06,0.000117909505,7.13121e-05,8.178764e-05,0.9996779,2.7938793e-05,ISIC_0028328.jpg,5
1.6813608e-05,1.5371184e-05,0.00011436426,2.3749166e-05,0.00013563037,0.999456,0.0002381713,ISIC_0030256.jpg,5
0.0010515772,1.8100773e-05,0.015266799,0.00044066922,0.055246416,0.92794603,3.0334199e-05,ISIC_0032562.jpg,5
0.0004504921,0.00012158041,0.9368379,0.010099388,0.00013582171,0.052284576,7.023293e-05,ISIC_0031761.jpg,2
4.42485e-05,0.99985504,8.652404e-07,5.833888e-05,3.0246505e-07,4.077731e-05,5.02925e-07,ISIC_0024931.jpg,1
0.007072627,5.374291e-06,0.1019661,0.00020778667,0.000744381,0.8900035,2.7381333e-07,ISIC_0030919.jpg,5
1.6010727e-05,2.6974296e-05,0.00031853968,0.00018267543,0.00044352873,0.9989857,2.6489777e-05,ISIC_0032868.jpg,5
2.713483e-06,1.4653451e-06,6.334965e-05,1.3522074e-05,9.111716e-05,0.9998192,8.7009175e-06,ISIC_0030250.jpg,5
1.5617776e-05,3.7259357e-05,0.9979856,8.87936e-06,0.0018583119,9.429167e-05,1.5963685e-07,ISIC_0025038.jpg,2
9.644808e-07,9.195061e-07,4.8763095e-06,1.1537057e-05,4.001192e-05,0.99993336,8.212728e-06,ISIC_0028574.jpg,5
3.460806e-06,3.3414024e-05,6.7606285e-05,2.0794185e-05,4.107703e-05,0.9998149,1.8843075e-05,ISIC_0024722.jpg,5
6.329195e-06,0.00026861372,0.010149042,0.8706518,7.778883e-06,0.06051406,0.058402352,ISIC_0025910.jpg,3
4.2874408e-08,4.983016e-07,7.4898435e-07,2.1709185e-07,7.1828854e-06,0.9999864,4.91822e-06,ISIC_0029205.jpg,5
2.8810711e-05,8.018113e-06,0.00018133598,1.9966534e-05,0.0044831038,0.9951728,0.00010592669,ISIC_0028754.jpg,5
0.9124991,3.2901728e-05,0.08659879,0.0006152025,0.00024448519,9.078097e-06,4.7986043e-07,ISIC_0029243.jpg,0
2.3837822e-08,1.3024477e-09,9.834145e-07,3.0819663e-07,3.845605e-05,0.99996006,7.1337425e-08,ISIC_0027390.jpg,5
6.091155e-05,1.1236866e-05,0.00015030631,4.855829e-05,0.0006068614,0.9991061,1.6052227e-05,ISIC_0026021.jpg,5
1.6073756e-08,1.0640537e-07,0.9999975,4.210826e-09,6.55161e-07,5.097944e-07,1.2345552e-06,ISIC_0026291.jpg,2
0.00013823189,0.00036172091,0.9334259,0.002274049,0.059450332,0.0043412764,8.4163485e-06,ISIC_0025374.jpg,2
0.20883015,2.2134094e-05,0.0013585435,0.0034545793,0.0075754067,0.77873915,2.0094558e-05,ISIC_0026097.jpg,5
5.2983065e-05,1.55061e-05,0.00015211441,6.685345e-05,9.00651e-05,0.9995413,8.125468e-05,ISIC_0031114.jpg,5
1.1617159e-06,2.0474795e-06,1.8741172e-05,5.44035e-06,5.6370274e-05,0.99991107,5.1111065e-06,ISIC_0027555.jpg,5
1.1313031e-05,4.863331e-06,6.2996533e-06,0.99980897,0.00016710706,1.0517942e-06,4.1213644e-07,ISIC_0025771.jpg,3
4.4549924e-06,1.4819749e-06,2.4531339e-05,4.287785e-05,5.7291436e-05,0.999864,5.403785e-06,ISIC_0032426.jpg,5
0.00117468,0.0005066392,0.9968786,3.6786707e-05,0.0013157824,8.586429e-05,1.7167414e-06,ISIC_0031677.jpg,2
2.8082364e-05,1.1213974e-05,8.3257444e-05,0.00010325197,6.083135e-05,0.99967754,3.58804e-05,ISIC_0031868.jpg,5
0.000540087,0.0002052155,0.0109498855,0.00017358726,0.0020913854,0.9860087,3.115856e-05,ISIC_0025562.jpg,5
0.0012443301,0.00020937917,0.008928048,0.0003396062,0.0003100033,0.988927,4.156589e-05,ISIC_0024486.jpg,5
0.35536298,0.00093161553,0.45326313,0.008577184,0.17507079,0.006381716,0.00041255713,ISIC_0033264.jpg,2
0.00029391443,4.612382e-05,0.002094251,0.47006327,0.007053859,0.5200585,0.0003900753,ISIC_0024543.jpg,5
0.0010946585,0.000646576,0.00047717983,0.16037697,0.83446085,1.3242121e-06,0.002942472,ISIC_0024823.jpg,4
1.7075145e-05,4.8015527e-06,0.00025269805,4.6164747e-05,0.007786421,0.99188626,6.583632e-06,ISIC_0033164.jpg,5
2.1293274e-06,1.6691405e-05,7.110771e-05,1.752766e-05,6.663465e-05,0.99967337,0.00015259517,ISIC_0030468.jpg,5
5.3798587e-05,3.388653e-05,4.4929406e-05,8.865093e-05,6.7794164e-05,0.9996728,3.8219594e-05,ISIC_0027276.jpg,5
0.0007774625,4.257355e-05,0.00035933545,0.00011838748,0.009433948,0.9892504,1.7882789e-05,ISIC_0025533.jpg,5
0.0004400815,0.00015097535,0.01805657,2.7227536e-05,0.25692743,0.72437805,1.9764826e-05,ISIC_0033573.jpg,5
8.737872e-05,4.490812e-05,0.00064619695,9.742735e-05,0.011312355,0.9877437,6.809963e-05,ISIC_0026534.jpg,5
3.0054136e-06,1.2526326e-06,1.01373535e-05,1.585057e-05,0.00027839837,0.9996722,1.9125056e-05,ISIC_0029424.jpg,5
0.00030014996,0.99876153,6.5031505e-05,2.1712247e-05,0.00029573054,0.0005424556,1.3487471e-05,ISIC_0025266.jpg,1
0.0010160073,2.9432671e-05,0.0015778065,0.0008858909,0.02935554,0.96711016,2.5248575e-05,ISIC_0026911.jpg,5
2.3815674e-05,0.00019844588,9.670982e-05,2.9124389e-05,0.00033032687,0.99916947,0.00015209075,ISIC_0031425.jpg,5
0.0608246,0.0021405118,0.090847075,0.010337026,0.38517523,0.45015153,0.00052404293,ISIC_0030602.jpg,5
0.09763004,9.897672e-05,0.05695227,0.029849825,0.000704466,0.8147429,2.1527969e-05,ISIC_0024425.jpg,5
2.5564987e-05,0.99582267,0.0039893314,2.9703892e-06,0.00013165333,1.912251e-05,8.726222e-06,ISIC_0032894.jpg,1
1.2577773e-06,1.3814758e-06,1.8321516e-05,4.2274605e-06,6.832856e-05,0.99988365,2.277155e-05,ISIC_0026098.jpg,5
0.00078529917,0.017604623,0.9473655,0.0007690371,0.0049404083,0.026063418,0.0024716544,ISIC_0027151.jpg,2
0.06710055,0.013396941,0.018614352,0.0036772774,0.0033067698,0.8931861,0.0007181063,ISIC_0024789.jpg,5
2.1746466e-06,4.9931923e-06,3.7095601e-06,5.810988e-06,1.8277842e-05,0.9999585,6.4220703e-06,ISIC_0031850.jpg,5
1.9785612e-05,2.2637062e-06,0.00058503286,1.051268e-05,0.0018382007,0.9975381,6.1624e-06,ISIC_0032895.jpg,5
0.7210502,0.24279557,0.0013281627,0.03178934,0.0008674236,0.0020768482,9.254839e-05,ISIC_0032384.jpg,0
5.6300505e-06,2.9535389e-07,7.20241e-05,1.7675887e-07,0.9992466,0.00067512755,1.9601599e-07,ISIC_0033981.jpg,4
2.6159112e-05,2.8518274e-05,0.00057956576,2.1784794e-05,0.0006252857,0.99870515,1.34752045e-05,ISIC_0034312.jpg,5
9.403156e-05,0.0001188013,0.005899561,3.9272477e-06,0.9928209,0.0010621671,7.492168e-07,ISIC_0028899.jpg,4
3.4882669e-06,1.2395306e-07,0.00013974462,0.0003972655,0.00025432487,0.9991109,9.42545e-05,ISIC_0029088.jpg,5
0.00026513138,0.9979048,5.1763403e-05,7.173448e-05,8.608947e-06,0.0016951101,2.9305024e-06,ISIC_0024436.jpg,1
0.00012506933,8.5780455e-05,0.007307994,0.00033023485,0.000914831,0.991146,9.001399e-05,ISIC_0030682.jpg,5
0.032827202,0.0044202525,0.9365433,0.008606745,0.016079862,0.001405578,0.0001171464,ISIC_0026016.jpg,2
0.99906975,4.898862e-07,2.8415034e-06,0.0008610605,6.3729996e-05,2.1051999e-06,6.4333494e-09,ISIC_0029533.jpg,0
5.474564e-06,0.003319019,0.99411845,0.0010764159,1.6250373e-05,0.0008710102,0.0005933712,ISIC_0031396.jpg,2
1.6649777e-06,6.384335e-07,0.00011842693,2.4321432e-07,0.99731195,0.0025661471,9.805979e-07,ISIC_0028326.jpg,4
1.4603592e-06,3.138809e-07,3.703297e-06,4.181604e-06,5.9966264e-06,0.99998236,1.9809129e-06,ISIC_0030327.jpg,5
5.1953168e-05,4.9824002e-06,0.00018812969,9.934366e-06,0.005553329,0.99418783,3.8642183e-06,ISIC_0032623.jpg,5
0.0001389669,6.990421e-05,0.00053389755,8.082224e-05,0.009261165,0.9897111,0.00020423537,ISIC_0029055.jpg,5
5.4896853e-05,1.510596e-06,3.3491717e-05,4.1340903e-05,1.2016418e-05,0.9998534,3.2718926e-06,ISIC_0030781.jpg,5
2.4251265e-05,2.0732753e-06,0.00011857943,5.4084853e-06,9.262512e-05,0.99975115,5.949493e-06,ISIC_0029004.jpg,5
9.0016016e-08,2.1323388e-07,3.1385224e-07,9.3070486e-07,2.2400882e-06,0.99999595,1.9999877e-07,ISIC_0029992.jpg,5
9.216736e-05,0.00016311048,0.00025303147,4.2582083e-06,0.005758585,0.9936838,4.5067165e-05,ISIC_0029457.jpg,5
0.000118030046,2.8815095e-05,0.0002677199,9.3538976e-05,0.0018600237,0.9974775,0.00015444723,ISIC_0031635.jpg,5
9.1872954e-07,5.372939e-07,3.7205389e-06,7.1874143e-07,0.00021679435,0.99977607,1.1664212e-06,ISIC_0029398.jpg,5
0.0075413557,0.24127792,0.012700413,0.016156089,0.025665365,0.69584435,0.0008146066,ISIC_0029329.jpg,5
2.5106664e-07,4.6602136e-07,3.4473157e-06,2.8809911e-06,2.194132e-05,0.9999604,1.058466e-05,ISIC_0030419.jpg,5
0.0014516291,2.3629458e-05,0.22922972,1.1900315e-05,0.76612556,0.003156476,1.0969311e-06,ISIC_0031395.jpg,4
1.2826619e-06,1.2817564e-07,2.6055628e-05,2.3183873e-06,0.00013006624,0.9998294,1.0758049e-05,ISIC_0026338.jpg,5
0.0002121302,1.1782465e-05,0.0028515705,2.1884001e-05,0.012533898,0.98435634,1.2443327e-05,ISIC_0033682.jpg,5
1.6732224e-07,2.5114568e-07,6.679146e-06,6.0620914e-06,1.1043795e-06,0.99997866,7.025981e-06,ISIC_0032267.jpg,5
9.024229e-07,1.0826266e-06,9.919636e-06,7.475872e-05,0.047070775,0.9528361,6.3853504e-06,ISIC_0032573.jpg,5
2.9794361e-07,2.6385028e-06,4.753501e-06,2.1957142e-06,2.0608746e-05,0.9999541,1.5473115e-05,ISIC_0027807.jpg,5
0.0002515382,7.305506e-05,0.0007248188,0.00013408822,0.008686544,0.990086,4.391917e-05,ISIC_0029368.jpg,5
4.2385167e-05,3.1991745e-05,0.00016252886,7.994486e-05,8.7523025e-05,0.9995616,3.4012326e-05,ISIC_0030078.jpg,5
0.0007101963,7.640177e-06,0.74178404,0.00072304223,0.01143929,0.24533543,3.1725386e-07,ISIC_0024862.jpg,2
3.518795e-05,1.2688058e-05,0.021040821,0.00017992182,0.005864021,0.9728556,1.185306e-05,ISIC_0029895.jpg,5
5.067583e-05,1.8489105e-05,0.00028803194,9.4086e-05,0.00038916382,0.99909437,6.5178676e-05,ISIC_0027119.jpg,5
0.80180615,0.0010341738,0.10839887,0.02672682,0.03380338,0.028115083,0.00011557244,ISIC_0034005.jpg,0
0.008312568,1.4650783e-06,0.4212221,3.8925547e-05,0.0021264956,0.56829774,6.707412e-07,ISIC_0031524.jpg,5
0.000110415946,0.00026528767,0.0021401045,0.00020007363,0.0010650499,0.995987,0.00023208195,ISIC_0027416.jpg,5
0.0039299685,0.99338126,0.00017343886,0.00018908262,0.00019908068,0.0021188434,8.276419e-06,ISIC_0028197.jpg,1
4.7436643e-08,1.9552554e-07,4.9738713e-07,3.1416535e-06,6.9931633e-07,0.99997306,2.2401535e-05,ISIC_0024350.jpg,5
2.7760092e-05,0.0001129997,0.9952675,2.0981163e-06,0.0016092748,0.0029785659,1.749154e-06,ISIC_0034070.jpg,2
1.8889539e-06,1.7928818e-07,1.6469285e-05,0.0019604575,1.0069046e-05,0.99774593,0.00026485696,ISIC_0029950.jpg,5
0.0060313996,0.9081687,0.028207982,0.000534318,0.019019593,0.03790504,0.00013303779,ISIC_0034015.jpg,1
6.73512e-06,8.888571e-06,8.293133e-05,5.556925e-05,0.00039869556,0.9993913,5.587353e-05,ISIC_0032454.jpg,5
0.0015308387,0.22885348,0.75752354,0.00013105718,0.008072829,0.0038553826,3.2902855e-05,ISIC_0027478.jpg,2
1.0659998e-06,1.3577021e-06,1.1390531e-06,5.459421e-06,9.200002e-06,0.99997807,3.7862708e-06,ISIC_0028322.jpg,5
9.1845315e-05,1.0820377e-05,4.521628e-05,0.00027190897,0.0008847799,0.9986578,3.7608075e-05,ISIC_0029759.jpg,5
0.00048552465,0.00014653507,0.0016042159,0.00021076774,0.007165663,0.9902946,9.279642e-05,ISIC_0030621.jpg,5
4.2372058e-06,7.3605753e-07,6.024857e-06,2.7280155e-06,0.00011549901,0.9998629,7.850839e-06,ISIC_0026066.jpg,5
1.2026487e-05,8.3996326e-07,2.2027134e-05,2.7015928e-06,0.00079304003,0.9991684,1.0172255e-06,ISIC_0026974.jpg,5
2.7230565e-06,3.672755e-07,1.0177109e-05,2.9239466e-06,6.291915e-05,0.99992025,5.788893e-07,ISIC_0029204.jpg,5
5.0677496e-05,1.6002354e-05,0.9730716,1.7296945e-05,0.026702965,0.00014126088,2.8058446e-07,ISIC_0027234.jpg,2
0.00022318192,0.000213423,0.0027162572,0.00033947808,0.08611991,0.91035044,3.7323094e-05,ISIC_0024355.jpg,5
9.666564e-05,3.328362e-05,0.03463765,1.0677988e-05,0.9427181,0.02250249,1.1015751e-06,ISIC_0027149.jpg,4
0.0028882127,0.8774378,0.0038749957,0.002564102,0.0006908101,0.11240873,0.00013540266,ISIC_0024595.jpg,1
0.12255023,0.66292554,0.20359729,4.2160696e-05,0.010863597,1.8234885e-05,2.9615715e-06,ISIC_0033499.jpg,1
1.6041291e-06,1.5858094e-06,7.602117e-05,1.291113e-06,1.9169227e-05,0.99989724,3.1055156e-06,ISIC_0026701.jpg,5
2.7465201e-05,5.4361027e-07,8.702631e-05,2.8190998e-05,0.00019646407,0.9996599,2.7007482e-07,ISIC_0034311.jpg,5
2.029174e-06,2.9044518e-08,1.4334843e-06,5.2578514e-07,9.235177e-07,0.9999951,7.67197e-08,ISIC_0032402.jpg,5
1.309431e-06,4.807829e-07,4.995093e-06,5.5728884e-07,0.00023332339,0.9997584,8.9961213e-07,ISIC_0024394.jpg,5
0.012646164,0.023675065,0.020165341,0.020592444,0.0012938455,0.915582,0.006045161,ISIC_0030120.jpg,5
5.202619e-06,4.9725186e-06,3.0845124e-05,2.6476317e-05,7.823345e-05,0.99980456,4.974148e-05,ISIC_0025721.jpg,5
0.00019835337,1.5331692e-05,0.00071062753,1.2951161e-05,0.002578877,0.9964575,2.628922e-05,ISIC_0034181.jpg,5
0.07928622,0.0033886887,0.12822409,0.06538171,0.3246926,0.3981387,0.0008879621,ISIC_0029775.jpg,5
9.4468545e-05,2.7377318e-05,0.007471325,1.2207464e-06,0.9868209,0.0055750404,9.586104e-06,ISIC_0028029.jpg,4
4.3011776e-05,5.225278e-05,0.0065403935,0.00020137818,0.009594919,0.9834553,0.00011265749,ISIC_0033673.jpg,5
1.3155545e-05,2.2376631e-05,0.000120071105,0.00014627328,0.00012256198,0.99934727,0.00022826098,ISIC_0032011.jpg,5
1.9141355e-07,2.004983e-05,3.930871e-05,0.00015435666,4.7313275e-05,0.99973065,8.137016e-06,ISIC_0033126.jpg,5
2.2907816e-06,1.8909372e-05,2.7859594e-05,3.6787394e-05,2.174646e-05,0.9998155,7.677806e-05,ISIC_0032120.jpg,5
1.0427474e-05,2.555789e-06,7.6459066e-05,7.937072e-06,2.529669e-05,0.9998568,2.0436784e-05,ISIC_0032180.jpg,5
1.7967863e-06,6.7475335e-06,1.7498965e-05,1.4136862e-05,2.4990924e-05,0.9999012,3.3497538e-05,ISIC_0031361.jpg,5
2.0719065e-06,5.7009333e-07,2.0318621e-05,6.982842e-06,1.2263898e-05,0.9999509,6.794129e-06,ISIC_0032122.jpg,5
7.854539e-06,3.879432e-05,0.00043584264,8.289996e-06,0.0021009236,0.9972338,0.00017448084,ISIC_0032616.jpg,5
1.6347681e-06,9.92552e-07,5.5561337e-05,3.603937e-05,3.8908006e-06,0.9998858,1.6128242e-05,ISIC_0032469.jpg,5
0.15068515,0.00013655738,0.042594314,0.00015232436,0.1026027,0.7037972,3.1689906e-05,ISIC_0028225.jpg,5
1.2852262e-05,1.9741537e-05,0.0001027413,4.6768808e-05,0.00016111674,0.99953747,0.00011926647,ISIC_0029997.jpg,5
2.912525e-06,1.5137182e-06,0.0004704066,5.5223034e-05,3.1617856e-05,0.9984774,0.00096083723,ISIC_0024365.jpg,5
4.7041905e-07,4.9890326e-07,4.5442407e-06,6.3698617e-06,1.2382556e-05,0.99997056,5.198855e-06,ISIC_0026628.jpg,5
4.3343116e-06,2.2109984e-06,9.237382e-06,1.1255952e-05,1.5407764e-05,0.99994636,1.115803e-05,ISIC_0032106.jpg,5
1.3365619e-05,2.7297099e-06,0.0017384808,1.2402116e-07,0.99824035,4.894228e-06,1.0821053e-07,ISIC_0032695.jpg,4
7.2905414e-07,1.5672583e-06,4.463107e-06,4.901103e-05,2.6034351e-05,0.9998889,2.9302659e-05,ISIC_0026755.jpg,5
5.6600393e-06,3.457566e-05,1.751713e-05,4.0034407e-05,0.00012529183,0.9997552,2.1757782e-05,ISIC_0026639.jpg,5
0.0014887302,2.1859827e-05,0.49860156,0.0008235006,0.48517093,0.0138899395,3.5079272e-06,ISIC_0025414.jpg,2
1.9529267e-05,6.6561297e-06,0.0009713583,0.00041019783,2.2610357e-05,0.9985525,1.71472e-05,ISIC_0032266.jpg,5
2.4777604e-05,9.061054e-06,6.147753e-05,3.617898e-05,4.8488466e-05,0.9997954,2.4654211e-05,ISIC_0031992.jpg,5
1.2528189e-05,8.977852e-06,0.00013812118,3.579205e-05,0.0002900203,0.99948573,2.893778e-05,ISIC_0030054.jpg,5
5.4241373e-06,7.231465e-07,7.4061713e-06,8.298886e-06,0.00052916346,0.9994443,4.576904e-06,ISIC_0028380.jpg,5
3.4965462e-05,5.563827e-06,8.392795e-05,2.265101e-05,0.00035793023,0.9994924,2.5100242e-06,ISIC_0027386.jpg,5
0.00041001345,6.749572e-05,0.004885019,0.020498294,0.0013926896,0.972415,0.0003315601,ISIC_0030944.jpg,5
1.9915307e-08,9.446216e-09,1.2324114e-06,5.202195e-07,1.1031152e-05,0.99998665,6.387066e-07,ISIC_0028204.jpg,5
0.0004243459,0.0009778606,0.9983368,0.00019794043,2.484169e-06,4.8118935e-05,1.2472289e-05,ISIC_0027310.jpg,2
4.3487443e-08,9.843208e-08,7.2561653e-07,3.2101646e-06,4.6988457e-06,0.99998915,2.0073337e-06,ISIC_0026407.jpg,5
0.00023473258,1.9706771e-05,0.10118955,7.7027646e-05,0.08867114,0.80980283,5.027702e-06,ISIC_0032444.jpg,5
2.4594844e-06,1.4510788e-07,3.425359e-05,8.372458e-06,0.99957865,0.00037563604,4.3512833e-07,ISIC_0032547.jpg,4
0.016785506,0.008287128,0.002105066,0.96577907,0.004902231,0.00020690827,0.0019340612,ISIC_0027008.jpg,3
0.0013597168,0.00051098474,0.0060954904,0.0004845511,0.019860363,0.97157955,0.00010925657,ISIC_0032195.jpg,5
1.6281489e-05,6.406456e-05,6.957711e-05,0.00023865014,0.0007030294,0.99877566,0.00013283755,ISIC_0032073.jpg,5
0.038999125,6.742444e-05,0.8036909,6.412967e-05,0.1544857,0.0026888365,3.903721e-06,ISIC_0032514.jpg,2
0.00010655901,3.7101133e-06,0.00011103244,3.1481395e-05,0.00013717398,0.99960893,1.2017425e-06,ISIC_0027137.jpg,5
3.111892e-05,3.6208567e-05,0.004553857,0.00011514896,0.0006616123,0.9945945,7.599709e-06,ISIC_0027415.jpg,5
0.0026496206,0.0019689181,0.12566501,0.00027650493,0.4410853,0.4282567,9.79496e-05,ISIC_0031510.jpg,4
8.598331e-07,8.7863583e-07,1.6285829e-06,1.5632845e-06,5.3981585e-05,0.9999404,7.8271904e-07,ISIC_0025586.jpg,5
0.96805143,0.0110204145,0.015684016,0.0003867131,0.0044779344,0.00037080792,8.747955e-06,ISIC_0025264.jpg,0
0.015317584,0.00048435142,0.02463293,0.00038838916,0.21731353,0.741758,0.00010517792,ISIC_0031070.jpg,5
0.016813278,0.00157288,0.6535985,0.00033307032,0.32688257,0.0007655337,3.410103e-05,ISIC_0033428.jpg,2
0.00014765903,5.924303e-05,0.27495635,7.882587e-05,0.08475567,0.6399667,3.5516085e-05,ISIC_0028527.jpg,5
1.3721267e-06,1.7220609e-07,3.0886884e-05,2.2038616e-06,0.00016541619,0.99979466,5.3833915e-06,ISIC_0028192.jpg,5
4.9470025e-05,9.759553e-06,7.924316e-05,8.066012e-05,4.2519892e-05,0.9997291,9.252038e-06,ISIC_0031683.jpg,5
5.31901e-06,3.2932762e-06,2.4372272e-05,8.605798e-06,5.768341e-05,0.99986744,3.3198292e-05,ISIC_0030807.jpg,5
0.0029311178,0.004681184,0.09207072,0.0060267453,0.050243407,0.84399813,4.863397e-05,ISIC_0032569.jpg,5
0.0003288221,0.00019499722,0.0021344046,0.0005574696,0.03002939,0.96671313,4.1806074e-05,ISIC_0033418.jpg,5
3.3269637e-07,1.6872465e-06,0.99994576,4.2787312e-07,2.910195e-06,4.8646998e-05,2.3816885e-07,ISIC_0029345.jpg,2
0.00014177553,7.223363e-05,0.0005581094,0.00037705936,0.036556374,0.96224993,4.4554083e-05,ISIC_0028477.jpg,5
1.3392163e-06,1.8244093e-06,5.477173e-06,1.4364715e-05,9.649948e-06,0.9999486,1.8652827e-05,ISIC_0029069.jpg,5
0.00016661205,4.8014666e-05,0.0017599949,0.00021384394,0.0049983286,0.99277824,3.48482e-05,ISIC_0027939.jpg,5
0.040694453,0.9253865,0.030317796,0.00025890558,0.0018596359,0.0014779575,4.706743e-06,ISIC_0029501.jpg,1
0.018897783,0.06151254,0.026875364,0.08813191,7.484706e-05,0.79955316,0.0049543222,ISIC_0026057.jpg,5
5.199996e-07,9.334935e-07,3.806032e-05,2.7749866e-06,2.7606573e-05,0.9999255,4.629145e-06,ISIC_0029903.jpg,5
1.1299761e-05,5.1009425e-07,1.1922753e-05,4.7503386e-06,1.5815249e-05,0.99995136,4.315492e-06,ISIC_0026155.jpg,5
0.0015203061,5.7526617e-05,3.904793e-05,5.1452505e-05,0.0004483261,0.997883,1.8256681e-07,ISIC_0028744.jpg,5
0.00032725226,3.071749e-05,0.0038969014,0.00042702258,0.00040002706,0.9948966,2.1547174e-05,ISIC_0024622.jpg,5
6.919453e-05,3.7145546e-05,0.015698085,9.6488575e-06,0.015152299,0.96903145,1.998128e-06,ISIC_0033213.jpg,5
0.000891767,0.00306579,0.002381161,0.00207144,0.8331834,0.15756153,0.000844948,ISIC_0033266.jpg,4
0.0035871167,0.00081545557,0.02427167,0.00041155136,0.887977,0.082528055,0.0004091306,ISIC_0033612.jpg,4
3.311608e-05,5.4132147e-07,0.00021336648,4.0256422e-05,0.39650974,0.6031977,5.249858e-06,ISIC_0033425.jpg,5
4.0295305e-05,1.8647603e-05,0.0007952214,0.0030003274,0.0004009385,0.99483347,0.0009111661,ISIC_0024395.jpg,5
6.736724e-08,1.3424185e-06,9.572707e-06,1.3577227e-05,1.4874638e-05,0.9999088,5.179944e-05,ISIC_0024327.jpg,5
3.4715464e-05,4.897148e-06,0.0036856295,5.254281e-05,0.00012640755,0.9960905,5.3728663e-06,ISIC_0032490.jpg,5
1.9968822e-06,4.2285268e-07,9.279084e-06,3.839206e-05,2.0721643e-06,0.99985206,9.575803e-05,ISIC_0028172.jpg,5
1.7131148e-07,1.5819383e-07,3.0329277e-06,7.536605e-07,1.4582244e-05,0.99995804,2.3389302e-05,ISIC_0029750.jpg,5
1.4283551e-06,1.6676111e-05,3.6710317e-05,9.25425e-05,1.761982e-05,0.9997303,0.00010463412,ISIC_0025139.jpg,5
0.9979091,0.00016254283,0.000258641,0.00032219657,4.764689e-05,0.0012998063,3.1549014e-08,ISIC_0029638.jpg,0
6.496469e-05,0.000116950934,0.00019689086,3.492431e-05,0.58121794,0.41830227,6.6065186e-05,ISIC_0031953.jpg,4
5.048744e-07,5.174918e-07,1.2052274e-05,9.232663e-07,0.000135521,0.9998498,6.162863e-07,ISIC_0028239.jpg,5
0.0003970652,3.344267e-05,0.037521396,7.699436e-05,0.0019771976,0.95999026,3.6931744e-06,ISIC_0024841.jpg,5
0.00053995126,1.7176397e-05,0.006298914,0.000767158,0.010583485,0.9817755,1.7825369e-05,ISIC_0025225.jpg,5
0.009465239,0.0016810858,0.013599717,0.0025718946,0.2825114,0.69014037,3.0369956e-05,ISIC_0026125.jpg,5
2.5896915e-07,8.017697e-07,2.8176419e-06,3.1516151e-06,7.5942626e-07,0.99998987,2.3378016e-06,ISIC_0031275.jpg,5
4.5458768e-05,0.00011394204,5.5717217e-05,5.841041e-05,0.00012319085,0.9995633,4.0066974e-05,ISIC_0027029.jpg,5
4.2891806e-08,5.483845e-05,4.764903e-10,0.9999305,1.4520035e-05,1.3765481e-08,1.2134407e-07,ISIC_0032468.jpg,3
0.004497829,0.0059943115,0.003934517,0.9823899,0.0027315803,0.0001802862,0.00027148615,ISIC_0025622.jpg,3
0.010011735,0.0004086929,0.97928065,0.0077820676,0.0012718593,0.0012437006,1.4368665e-06,ISIC_0025032.jpg,2
0.0009566603,0.00081018533,0.061909657,0.0004452258,0.8396129,0.096235655,2.9707007e-05,ISIC_0025814.jpg,4
5.5950795e-06,6.9535267e-06,6.367727e-05,2.5445572e-05,4.943962e-05,0.9998332,1.575247e-05,ISIC_0027880.jpg,5
0.0013665293,0.00013063285,0.016643407,0.007274084,0.0014732655,0.9728107,0.00030141597,ISIC_0024342.jpg,5
2.263611e-05,9.124906e-06,2.5044686e-05,2.6241623e-05,0.00023636616,0.99967456,6.036103e-06,ISIC_0029667.jpg,5
0.00039846293,2.1371237e-05,0.0014139732,7.932578e-06,0.0056745317,0.992482,1.6417955e-06,ISIC_0026260.jpg,5
0.0010042967,0.0002578775,0.0001816604,0.00015084051,0.011690875,0.9866012,0.00011313799,ISIC_0031583.jpg,5
0.00031827926,0.9985252,1.2562967e-05,1.1370018e-05,2.7960043e-05,0.0010948167,9.7311195e-06,ISIC_0031762.jpg,1
3.8333206e-07,8.569633e-06,6.766571e-07,2.2849889e-07,6.30522e-05,2.5362934e-07,0.9999268,ISIC_0034196.jpg,6
0.00013656491,5.4809938e-05,0.28121635,0.71360993,5.6261673e-05,0.0048279134,9.817349e-05,ISIC_0028925.jpg,3
0.00019617447,0.00083044945,0.9873948,0.00014825405,8.880415e-05,0.009720459,0.0016210639,ISIC_0027275.jpg,2
5.2444837e-05,0.00031662808,0.012776034,0.0011951994,1.7869565e-05,0.9849946,0.00064714765,ISIC_0028775.jpg,5
2.8605014e-05,4.5192434e-07,5.6798308e-05,4.740872e-05,9.253853e-06,0.9998491,8.376408e-06,ISIC_0027443.jpg,5
0.00022166438,0.012434578,2.5921063e-05,0.026260808,0.9589967,1.374458e-06,0.0020589193,ISIC_0032774.jpg,4
0.00013987756,0.00010660918,0.0020958856,5.656719e-05,0.002786743,0.9947897,2.460122e-05,ISIC_0032027.jpg,5
1.3557217e-06,7.957751e-06,8.857462e-06,2.5276082e-05,4.1514327e-06,0.9998535,9.880972e-05,ISIC_0025349.jpg,5
0.00015355191,3.0070556e-05,0.0026713966,0.00069741433,0.31160957,0.684691,0.00014702627,ISIC_0033496.jpg,5
0.018165616,0.002406491,0.18167225,0.7527845,0.013301952,0.031572383,9.676106e-05,ISIC_0028735.jpg,3
6.3588595e-06,2.0414795e-06,0.0003743475,2.1278041e-05,0.00023335205,0.9993179,4.475162e-05,ISIC_0025468.jpg,5
4.1962176e-06,1.516106e-05,8.653775e-06,2.6158345e-05,4.5865804e-06,0.99992335,1.797242e-05,ISIC_0029934.jpg,5
6.787253e-05,5.3641435e-07,9.3713956e-05,6.5974023e-06,0.00018074711,0.9996494,1.146883e-06,ISIC_0024447.jpg,5
0.6581148,0.00013590054,0.00022212876,3.8158487e-05,0.34145737,2.579201e-05,5.868957e-06,ISIC_0029893.jpg,0
0.00022078723,0.003259999,0.979518,0.00013133524,5.180792e-05,0.016743734,7.428435e-05,ISIC_0033758.jpg,2
4.0749132e-06,7.1433246e-06,0.0005523689,1.2221307e-05,0.0048697293,0.9945452,9.319407e-06,ISIC_0033597.jpg,5
2.664671e-07,7.263915e-07,2.6445741e-06,5.989253e-07,1.4613859e-05,0.9999751,6.1310825e-06,ISIC_0031641.jpg,5
0.0005894858,0.998676,8.470747e-05,3.7154547e-05,3.3456174e-05,0.00052776124,5.142592e-05,ISIC_0027093.jpg,1
0.00019269934,6.573074e-05,0.00034806863,0.00010935975,0.0016863892,0.99758923,8.434334e-06,ISIC_0025944.jpg,5
2.7909078e-05,9.972979e-06,0.00043503323,5.8350863e-05,0.00014443562,0.99918526,0.00013901529,ISIC_0026548.jpg,5
0.0017720571,0.010432897,0.13039263,0.00023049809,0.00015468875,0.85692763,8.963685e-05,ISIC_0029001.jpg,5
0.000100241006,0.99969697,2.2784458e-05,3.4378004e-06,0.00015147694,2.3778532e-05,1.2166443e-06,ISIC_0031413.jpg,1
4.425216e-06,3.002429e-06,0.0002578947,2.1363508e-06,0.0003204401,0.9994035,8.683939e-06,ISIC_0028001.jpg,5
0.9320537,5.5323606e-05,0.00015720374,0.006822413,0.060882766,2.3996314e-05,4.590647e-06,ISIC_0031012.jpg,0
1.9364603e-05,0.006237965,0.98586106,8.1629905e-06,0.0075118174,1.3303094e-05,0.00034830952,ISIC_0033468.jpg,2
5.6704754e-05,4.855171e-05,3.817699e-05,1.9584737e-05,8.277182e-06,0.99949396,0.00033480336,ISIC_0032033.jpg,5
0.0022055032,0.99650013,7.821618e-05,0.00046480293,5.7495672e-05,0.00068347313,1.0309585e-05,ISIC_0029655.jpg,1
4.071805e-05,7.730705e-06,0.00010207894,0.0002082408,0.00013786803,0.99946505,3.8313385e-05,ISIC_0028514.jpg,5
0.000639532,1.7711845e-05,0.005828708,2.5157274e-06,0.99343324,7.7142904e-05,1.1367987e-06,ISIC_0026298.jpg,4
3.8719163e-06,1.1693731e-06,1.6636708e-05,8.456043e-06,0.00022144905,0.9997421,6.2628606e-06,ISIC_0027845.jpg,5
7.740921e-05,4.395502e-05,0.0016845874,0.00011733406,0.0023921214,0.988725,0.0069596674,ISIC_0029635.jpg,5
1.8047252e-06,0.0011784617,0.083147235,1.7716637e-05,0.021194229,0.8943758,8.479853e-05,ISIC_0032096.jpg,5
1.2370319e-05,9.4438794e-05,0.00030777013,5.0098603e-05,1.788738e-05,0.00012527907,0.99939215,ISIC_0028406.jpg,6
4.4558096e-06,1.194827e-05,3.670526e-05,1.05006e-05,5.9008256e-05,0.9998653,1.216033e-05,ISIC_0025828.jpg,5
4.4324355e-05,1.3916717e-07,0.00020322713,3.8939443e-06,0.00056688226,0.9991812,3.4377555e-07,ISIC_0034240.jpg,5
2.6330712e-05,4.860094e-06,4.4729823e-05,6.257018e-05,0.00023579491,0.9996038,2.1918106e-05,ISIC_0027576.jpg,5
0.00081647164,0.00024057264,0.0008626254,0.0001721611,0.6316757,0.3662198,1.2598453e-05,ISIC_0032955.jpg,4
6.738703e-08,4.3733227e-08,8.0145554e-07,2.863647e-07,1.1109518e-06,0.99999654,1.2554888e-06,ISIC_0028137.jpg,5
1.0864853e-05,2.2573058e-05,0.00060174963,1.3937581e-05,0.00043928716,0.99890184,9.6297845e-06,ISIC_0033988.jpg,5
0.0025627348,0.00036008778,0.47881016,0.011663157,0.0022130744,0.503522,0.00086879526,ISIC_0030316.jpg,5
3.5426074e-06,1.7121065e-06,5.0698973e-06,1.2539121e-05,0.0010058373,0.99896884,2.5007976e-06,ISIC_0027097.jpg,5
0.00020027772,2.0990856e-05,0.00028558032,0.00013390766,0.002027757,0.99732435,7.1036443e-06,ISIC_0033604.jpg,5
0.00020270389,0.00026870196,0.015514614,0.0005125942,0.017931107,0.96548206,8.818001e-05,ISIC_0034281.jpg,5
0.00017332692,0.009922114,0.027379783,0.0001289718,0.0020664183,0.85620195,0.104127325,ISIC_0034008.jpg,5
0.0030544705,1.8722922e-05,0.972704,4.4792174e-05,0.011949337,0.012228573,1.4950693e-07,ISIC_0027561.jpg,2
0.02187115,0.0004016838,0.44980112,0.5248557,0.0002999733,0.0027650576,5.342398e-06,ISIC_0031937.jpg,3
7.4537734e-06,3.0464207e-07,0.00016530589,8.930805e-06,0.011862369,0.9879531,2.4375026e-06,ISIC_0033926.jpg,5
0.00079105643,1.5743133e-05,0.0006044051,1.1995489e-05,0.97842515,0.020127652,2.4088082e-05,ISIC_0033452.jpg,4
2.5369188e-06,1.5522418e-06,0.000113106595,3.101113e-05,0.000353796,0.99949205,5.926288e-06,ISIC_0026641.jpg,5
1.9233465e-05,1.2297542e-07,0.022790404,2.5580024e-05,0.97678304,0.00035622573,2.5346322e-05,ISIC_0033498.jpg,4
0.0044237208,0.00017501427,0.00686363,0.00031729185,0.0051000495,0.98306596,5.4412896e-05,ISIC_0034232.jpg,5
0.31574425,0.036198556,0.6289623,0.0013415192,0.011725844,0.006005911,2.1640484e-05,ISIC_0030803.jpg,2
0.0032210855,0.0005459401,0.9560551,0.0010400583,0.024616566,0.014455094,6.607971e-05,ISIC_0026742.jpg,2
1.0334541e-05,7.8695426e-05,0.00024129695,4.9905215e-05,0.0005806647,0.9990019,3.720792e-05,ISIC_0027372.jpg,5
0.0023346865,0.002213196,0.0020997557,0.0007764848,0.016526641,0.97454107,0.0015081388,ISIC_0031932.jpg,5
3.8350604e-06,2.0181547e-05,1.82367e-05,5.0575538e-05,1.710047e-05,0.9997764,0.000113793976,ISIC_0025201.jpg,5
2.7507144e-06,9.495283e-06,9.646211e-06,2.9408526e-05,2.4554078e-05,0.9999151,8.99311e-06,ISIC_0028770.jpg,5
1.7386148e-05,0.00017116297,0.022144966,0.051521067,0.33472106,0.56876004,0.02266429,ISIC_0026369.jpg,5
2.9607912e-05,5.539114e-07,8.595319e-06,1.4309977e-06,1.81843e-05,0.99994123,4.0724163e-07,ISIC_0026945.jpg,5
6.578275e-05,6.6075073e-10,4.2533175e-05,5.832198e-09,0.99955314,0.0003385205,3.4723346e-10,ISIC_0033636.jpg,4
3.0816504e-05,9.605791e-07,0.59316707,4.752296e-07,0.4066885,0.000112185,1.8746253e-08,ISIC_0027204.jpg,2
0.032722246,0.000526503,0.7993811,0.0007239686,0.16017835,4.583241e-05,0.006422028,ISIC_0027261.jpg,2
5.5939195e-06,5.499782e-06,3.536842e-05,0.00010859945,0.008508131,0.9912964,4.035465e-05,ISIC_0027431.jpg,5
0.00021643408,1.5348478e-05,3.865894e-06,0.9860847,0.002008464,0.011636094,3.5001183e-05,ISIC_0030021.jpg,3
0.0025034386,0.9967764,0.00014511464,0.00028797466,0.000113617854,0.0001719885,1.4480592e-06,ISIC_0028989.jpg,1
0.9999162,3.3914876e-06,4.708639e-05,2.6357186e-05,2.139874e-06,4.809191e-06,4.363463e-09,ISIC_0031922.jpg,0
0.007962608,0.03956021,0.040178813,0.004100828,0.05783268,0.8498232,0.00054167875,ISIC_0026544.jpg,5
0.00020084604,0.0008888392,0.0041512554,1.792795e-05,0.9797459,0.0149871735,8.070856e-06,ISIC_0027130.jpg,4
2.5316308e-06,3.49472e-06,3.168596e-05,1.1352552e-05,2.0310601e-05,0.9999002,3.0489009e-05,ISIC_0030701.jpg,5
1.028127e-05,6.778268e-06,6.1213046e-05,1.9137307e-05,5.850317e-05,0.9998338,1.0191371e-05,ISIC_0030288.jpg,5
1.9279616e-06,1.4801394e-06,2.1827113e-06,8.975175e-06,3.9821703e-06,0.9999713,1.0252182e-05,ISIC_0025787.jpg,5
0.0029565657,0.817512,0.0554598,0.00073620357,0.026866952,0.096345514,0.00012304135,ISIC_0028104.jpg,1
3.912993e-05,0.00011860031,0.00073074887,0.00016620794,0.002095819,0.99674714,0.00010230735,ISIC_0031729.jpg,5
1.3761421e-05,1.1608144e-05,0.00029242976,1.7045364e-05,0.0067364513,0.9928807,4.7928348e-05,ISIC_0030085.jpg,5
4.600255e-06,5.940976e-05,2.7058315e-06,1.9600042e-05,1.6325675e-05,0.99988115,1.6287731e-05,ISIC_0029194.jpg,5
0.00052067236,3.044172e-05,0.088000074,0.0038474826,0.18063793,0.726962,1.526297e-06,ISIC_0028218.jpg,5
0.0008798381,0.0022011818,0.0013366449,0.00022213768,0.0058704615,0.9893768,0.00011301374,ISIC_0027905.jpg,5
0.83460706,0.15664217,0.006620033,0.0018257364,0.00012346306,0.000175419,6.11599e-06,ISIC_0025530.jpg,0
0.00068460515,4.230499e-05,0.0032244553,7.467149e-05,0.338973,0.6569287,7.229069e-05,ISIC_0034107.jpg,5
0.00013358177,3.98023e-06,0.00017395684,0.0003400603,0.0013623923,0.9979837,2.4637632e-06,ISIC_0027724.jpg,5
0.00021167345,7.5897675e-05,0.00010672812,0.00016786286,0.00016232631,0.99926835,7.2376465e-06,ISIC_0029861.jpg,5
7.9459164e-07,7.627796e-07,3.1952463e-06,3.2776395e-06,3.9449726e-05,0.99993837,1.4251516e-05,ISIC_0026800.jpg,5
3.5864118e-06,6.950943e-06,2.5938341e-05,2.334276e-05,7.5788885e-05,0.9998373,2.7057296e-05,ISIC_0028533.jpg,5
2.6272475e-05,6.212373e-05,3.6946956e-05,4.6691566e-05,0.0003979167,0.9993981,3.1993288e-05,ISIC_0025568.jpg,5
9.062394e-06,2.3388688e-05,0.0012864792,1.1917576e-05,0.019363396,0.979297,8.7735525e-06,ISIC_0032855.jpg,5
0.0004050319,7.5907534e-05,0.0009404808,1.7669181e-05,0.7853805,0.21316996,1.0490169e-05,ISIC_0034076.jpg,4
0.00016838285,0.9969754,0.0018889132,4.1970045e-05,0.0006101302,0.00026831473,4.6891037e-05,ISIC_0033575.jpg,1
3.4175e-05,4.739035e-05,0.010379597,1.9017211e-06,0.11338378,0.8759736,0.00017953424,ISIC_0033471.jpg,5
0.00012429141,0.00024828725,0.9987668,7.103522e-05,0.0007146312,7.401775e-05,9.957489e-07,ISIC_0028876.jpg,2
6.3817492e-06,2.1606442e-05,2.7251255e-05,0.00017284979,7.083611e-06,0.9997104,5.44618e-05,ISIC_0030573.jpg,5
8.849657e-06,5.4637676e-05,0.00037863178,0.00014555003,0.00036200622,0.9988562,0.00019414567,ISIC_0024531.jpg,5
0.0063946065,0.076198,0.018552918,0.08585559,0.0014805025,0.8112482,0.00027009903,ISIC_0028544.jpg,5
0.9947391,0.0010675163,0.0013695904,0.0015730009,0.0012003885,5.0249833e-05,1.9898155e-07,ISIC_0028820.jpg,0
0.99953914,6.3462953e-06,1.2250608e-05,0.00040062168,9.169063e-06,3.245799e-05,6.551851e-08,ISIC_0025693.jpg,0
0.000118129086,6.123555e-05,0.0016019718,4.7966343e-05,0.0013212878,0.9968142,3.5221943e-05,ISIC_0027036.jpg,5
9.3857506e-07,1.2137657e-06,1.0922142e-05,6.7895226e-06,7.0960314e-06,0.9999708,2.3148705e-06,ISIC_0025481.jpg,5
1.5793208e-05,1.8466051e-05,0.0016903582,5.9537015e-06,0.00016665792,0.9411461,0.056956653,ISIC_0029597.jpg,5
0.00017433714,5.8088904e-07,2.1725418e-05,0.0009240799,0.9984091,0.0004679,2.266973e-06,ISIC_0026652.jpg,4
0.37845463,0.10623497,0.11708576,0.23230074,0.004149799,0.16171762,5.648311e-05,ISIC_0025948.jpg,0
0.00014475203,0.00022939527,9.544805e-05,1.42359595e-05,0.0008351286,0.9986791,1.8110336e-06,ISIC_0030008.jpg,5
2.285284e-06,9.369136e-06,0.000119166216,7.679871e-06,6.919198e-05,0.9996768,0.00011552057,ISIC_0025917.jpg,5
9.588495e-06,8.013749e-06,2.6151154e-05,8.1597045e-06,0.0002007879,0.9996132,0.00013416416,ISIC_0031190.jpg,5
1.5225628e-05,6.27102e-06,5.7237397e-05,3.4281198e-05,1.310395e-05,0.9998615,1.2283753e-05,ISIC_0027321.jpg,5
0.0014631951,0.0073195263,0.26426414,0.00038431137,0.01926052,0.70647407,0.00083435595,ISIC_0029018.jpg,5
2.4052207e-07,1.276096e-06,3.688281e-05,9.57661e-06,1.791171e-05,0.9999292,4.9070973e-06,ISIC_0029756.jpg,5
2.9732637e-06,3.7164593e-06,1.0393528e-05,1.671851e-05,5.776586e-05,0.99990344,5.060784e-06,ISIC_0026487.jpg,5
0.000217406,2.523876e-06,0.07621706,1.3246708e-05,0.0070431423,0.9164941,1.2593689e-05,ISIC_0032364.jpg,5
0.9284189,0.000553184,0.06487442,0.00015421,0.0059755696,1.4798805e-05,9.006558e-06,ISIC_0026171.jpg,0
4.73774e-05,1.5853118e-05,0.0006457681,0.00030693837,0.00013556833,0.9987931,5.5310928e-05,ISIC_0025482.jpg,5
8.2068516e-05,8.686571e-06,0.00012240541,0.00033220893,0.004512824,0.9949384,3.456512e-06,ISIC_0032058.jpg,5
2.4183884e-05,8.351257e-06,0.00017881747,5.15389e-06,0.0005615792,0.99921787,4.1090548e-06,ISIC_0029839.jpg,5
2.6327832e-06,6.517416e-07,1.1481179e-05,1.1604757e-05,8.180052e-05,0.9998839,8.074645e-06,ISIC_0027830.jpg,5
1.5113324e-05,3.2722282e-06,0.00017395821,6.667968e-05,1.3107787e-05,0.99967945,4.8469665e-05,ISIC_0028021.jpg,5
2.8657695e-07,3.651012e-07,6.1355917e-07,6.6447533e-06,7.870862e-06,0.9999783,5.869457e-06,ISIC_0032212.jpg,5
0.00013405943,5.8038936e-06,0.0038939775,5.92293e-05,0.0075372704,0.9883652,4.4654316e-06,ISIC_0026157.jpg,5
1.0225994e-05,1.8757348e-06,2.009355e-06,6.444255e-05,4.743851e-06,0.99991035,6.310575e-06,ISIC_0030101.jpg,5
2.7156008e-07,9.228266e-09,2.5373536e-06,2.0519809e-07,8.896172e-06,0.9999876,4.1218613e-07,ISIC_0028893.jpg,5
1.0660931e-06,5.201236e-07,4.946226e-06,4.0479404e-06,1.49837015e-05,0.9999645,9.940763e-06,ISIC_0027377.jpg,5
0.9997247,1.0141116e-05,2.2555646e-06,4.554196e-05,0.00021506356,1.9059572e-06,3.517616e-07,ISIC_0031823.jpg,0
0.00032787689,2.8473141e-05,0.002106336,0.00011223166,0.0017437674,0.99565554,2.5764268e-05,ISIC_0031117.jpg,5
1.8870083e-05,0.00030631112,0.000761873,9.5286036e-05,0.0006656118,0.9980209,0.00013110581,ISIC_0033255.jpg,5
5.0152414e-07,2.2406189e-06,3.9544826e-05,2.5745087e-06,0.00019183462,0.99975604,7.2047806e-06,ISIC_0027757.jpg,5
0.012558784,0.0052675703,0.14851946,0.013152717,0.003331181,0.81715226,1.8122286e-05,ISIC_0032951.jpg,5
0.015370529,0.0021877983,0.6961557,0.0038845611,0.010148856,0.27056584,0.0016866958,ISIC_0025330.jpg,2
3.1728e-05,1.5280046e-05,6.8262765e-05,0.00014243025,0.0013905577,0.9982942,5.7543897e-05,ISIC_0025959.jpg,5
3.5595207e-07,6.937115e-07,7.708247e-07,1.8809563e-06,8.027568e-06,0.99997985,8.365409e-06,ISIC_0030161.jpg,5
3.354742e-05,3.8900016e-06,3.2438402e-05,3.638449e-05,0.006619126,0.9932678,6.856998e-06,ISIC_0027697.jpg,5
0.00020064208,6.113568e-05,7.538795e-05,3.5503894e-05,0.0054409513,0.99414694,3.9304254e-05,ISIC_0025667.jpg,5
9.302407e-05,0.00012711948,0.00018583242,0.0007271326,9.4184536e-05,0.99874914,2.3565117e-05,ISIC_0029256.jpg,5
0.0012582038,0.99705744,8.449335e-05,8.359743e-05,5.4362827e-05,0.0014587431,3.2387047e-06,ISIC_0025031.jpg,1
8.0984055e-06,1.8035878e-06,0.00023200926,0.0031745615,0.00011886397,0.9964264,3.821702e-05,ISIC_0030918.jpg,5
3.3264572e-05,8.463928e-05,0.0015183015,9.113754e-06,0.9898196,0.00852188,1.3321146e-05,ISIC_0033595.jpg,4
4.3272757e-06,1.075376e-05,0.000806761,4.247279e-06,0.0016574686,0.9975084,8.056907e-06,ISIC_0032443.jpg,5
0.0021899391,0.5190662,0.00856042,5.668872e-05,0.0065600537,0.46323493,0.0003317999,ISIC_0028653.jpg,1
7.020847e-05,0.00020506507,0.000354666,0.0002453147,0.0015401735,0.9974279,0.0001566704,ISIC_0033282.jpg,5
0.00058478414,2.959895e-06,0.0068078404,0.0015954126,0.00026179367,0.99074614,1.073986e-06,ISIC_0031564.jpg,5
0.015325948,0.00090205955,0.07675987,0.04403744,0.5228259,0.3378599,0.0022887997,ISIC_0030082.jpg,4
6.911475e-07,1.4304978e-06,2.6971118e-06,7.924721e-06,2.2944505e-05,0.9999609,3.441956e-06,ISIC_0025360.jpg,5
1.4093607e-06,5.510973e-07,2.092849e-05,1.4585605e-05,6.625737e-05,0.99989283,3.414912e-06,ISIC_0026582.jpg,5
6.724105e-06,1.3864236e-05,2.2329281e-05,9.444468e-06,4.2718377e-05,0.99989915,5.8549385e-06,ISIC_0030409.jpg,5
0.0012387391,5.9999726e-05,0.32284182,0.00058600004,0.0033681379,0.67183703,6.827736e-05,ISIC_0026044.jpg,5
5.282564e-07,5.1288047e-05,6.4803403e-06,4.403506e-05,0.00013644164,0.9997471,1.4279956e-05,ISIC_0026819.jpg,5
5.8525762e-05,3.7056554e-05,0.00022432179,1.9011317e-05,0.00014976937,0.9993285,0.0001827618,ISIC_0027585.jpg,5
0.0007599609,0.99918467,1.4773687e-05,2.1616784e-06,2.883778e-05,9.118704e-06,3.8738432e-07,ISIC_0028652.jpg,1
0.99492174,6.35009e-06,0.0016092819,8.3345485e-06,0.003452065,2.1495143e-06,8.299117e-08,ISIC_0029634.jpg,0
0.004434126,0.94835234,0.036899522,0.0010380256,0.008844139,0.000388245,4.3589745e-05,ISIC_0032696.jpg,1
0.0031553782,0.00036680774,0.00023996507,0.01034034,0.31369683,0.6720085,0.0001922409,ISIC_0027567.jpg,5
1.7689446e-05,1.3316401e-05,7.042071e-05,4.8082376e-05,0.00013111005,0.9997012,1.8191227e-05,ISIC_0025146.jpg,5
0.0007999862,2.5791333e-05,0.0026095852,7.421782e-05,0.026103856,0.9703611,2.5366253e-05,ISIC_0028378.jpg,5
1.8305747e-05,3.5911802e-05,0.04472684,0.0012465055,0.0011232558,0.9528418,7.411569e-06,ISIC_0028031.jpg,5
3.9012584e-06,4.531343e-06,4.721023e-06,0.00079874607,0.0003324323,0.9988551,5.5277076e-07,ISIC_0028981.jpg,5
0.6609858,0.25731668,0.005884134,0.07514555,6.440296e-05,0.0006031303,3.4624242e-07,ISIC_0029991.jpg,0
0.00231982,0.37182483,0.0022363232,0.00021362683,0.0015988679,0.6215764,0.00023017054,ISIC_0025476.jpg,5
1.7421333e-07,7.995514e-09,5.828992e-06,8.37588e-07,0.99983895,0.00015427802,1.9253656e-08,ISIC_0033843.jpg,4
2.9961607e-06,0.00010436252,8.361752e-05,1.2356589e-05,0.39205945,0.6075483,0.00018883418,ISIC_0033703.jpg,5
5.3547174e-06,1.0958697e-06,0.99863964,1.4378304e-05,8.42327e-06,0.0013200762,1.0906531e-05,ISIC_0027025.jpg,2
0.00012475342,0.008714103,0.98684525,0.0016025511,3.7545145e-05,0.0016141431,0.0010615658,ISIC_0024592.jpg,2
0.09974973,0.00041518427,0.0018208259,2.9834115e-05,0.89640355,0.0015075691,7.3419185e-05,ISIC_0032918.jpg,4
6.4556734e-05,2.564977e-05,0.0037679211,0.00013465458,0.0012841108,0.9946626,6.059272e-05,ISIC_0026418.jpg,5
0.0039440165,0.00018811776,0.021847563,0.00016569257,0.06438216,0.90945613,1.6367438e-05,ISIC_0033883.jpg,5
0.00016334694,0.00010144212,0.0013131187,1.6645106e-05,0.0017086368,0.99669325,3.516087e-06,ISIC_0026216.jpg,5
4.4225226e-06,3.875383e-06,6.737483e-05,4.3635514e-06,0.00040929744,0.9995041,6.4342044e-06,ISIC_0031178.jpg,5
0.00024598752,1.089576e-05,0.0005197385,9.281945e-05,0.0006887012,0.99843866,3.186334e-06,ISIC_0025410.jpg,5
1.0403747e-07,2.0889129e-08,2.089987e-06,9.826692e-07,0.000109272616,0.99988675,8.1666985e-07,ISIC_0032907.jpg,5
1.3078053e-05,1.2019392e-06,0.00012163683,2.1803105e-05,0.000790661,0.9990452,6.481296e-06,ISIC_0028634.jpg,5
3.9675855e-05,1.1494617e-05,0.00051960483,5.9273e-05,0.000754154,0.9985989,1.6804974e-05,ISIC_0030444.jpg,5
0.001699791,3.4037926e-06,0.0006134205,2.3964494e-05,0.0020095494,0.99564713,2.6298083e-06,ISIC_0034053.jpg,5
8.589482e-05,0.0007408719,0.007899083,0.00023720821,0.0076924507,0.98265576,0.000688618,ISIC_0030229.jpg,5
3.2725347e-06,8.708962e-07,2.6169782e-05,3.232227e-05,0.0025870814,0.99733704,1.3273031e-05,ISIC_0029304.jpg,5
0.00015284134,5.2819752e-05,0.00065248983,0.0038826708,0.0007837498,0.9944193,5.6124118e-05,ISIC_0025613.jpg,5
0.044812195,0.0001796507,0.14014818,0.006059243,0.72937256,0.07875787,0.0006702268,ISIC_0025838.jpg,4
1.1164503e-05,9.469591e-06,0.0001277555,6.075992e-05,0.008618655,0.9911718,4.5023467e-07,ISIC_0031206.jpg,5
0.999956,4.446429e-08,9.733317e-07,3.878032e-07,4.25659e-05,4.1693845e-08,2.1583375e-08,ISIC_0028063.jpg,0
9.261894e-06,2.1965718e-06,0.0011884163,4.0389987e-05,0.00011432371,0.99864334,2.1071448e-06,ISIC_0030395.jpg,5
5.141462e-06,1.2545175e-06,1.6048289e-05,6.341016e-06,0.00017617001,0.9997712,2.3806053e-05,ISIC_0028760.jpg,5
9.1426585e-07,2.2030824e-07,3.6138886e-06,3.2019386e-06,0.00015728759,0.9998324,2.2624652e-06,ISIC_0025110.jpg,5
0.00016279823,6.0032617e-05,0.0089497315,2.5511452e-05,0.0029351325,0.9878149,5.1833147e-05,ISIC_0031896.jpg,5
1.2749104e-05,3.4339744e-06,2.4460953e-05,0.00017718982,4.0138057e-05,0.9996916,5.0403498e-05,ISIC_0027259.jpg,5
6.3244643e-06,2.913011e-06,4.2365773e-05,1.8671088e-05,0.00014693655,0.99972945,5.3288903e-05,ISIC_0032053.jpg,5
1.2791317e-05,1.6878646e-05,0.00012361696,1.0115561e-05,0.00017569849,0.9996574,3.4631562e-06,ISIC_0029336.jpg,5
4.6549903e-06,1.5155703e-05,0.00013457739,0.00030705205,0.00053438125,0.99897635,2.7895763e-05,ISIC_0028966.jpg,5
2.8492839e-06,1.454515e-05,9.747107e-05,1.3468548e-05,0.0050158477,0.99431264,0.00054306287,ISIC_0032953.jpg,5
7.6327086e-07,2.272082e-07,2.5131076e-05,8.064642e-06,2.7380967e-05,0.99993753,8.6795984e-07,ISIC_0033087.jpg,5
0.0013414304,7.2489725e-05,0.9730514,3.7670925e-05,0.0016639424,0.023830997,2.111734e-06,ISIC_0030310.jpg,2
5.0037273e-05,3.1152224e-05,0.008191265,7.663457e-05,0.004700157,0.98509,0.0018606863,ISIC_0027088.jpg,5
0.9985663,0.00013982825,0.0005192288,7.204155e-05,0.00017323783,0.00052742905,1.9621525e-06,ISIC_0025368.jpg,0
0.00010520819,0.00021577727,0.0011858066,0.0011447497,0.00029448708,0.9962404,0.00081362657,ISIC_0032276.jpg,5
0.00012690925,1.21658295e-05,0.0012774247,0.000112009184,0.0006337809,0.9978136,2.4146397e-05,ISIC_0028963.jpg,5
0.018258218,0.0024475497,0.95928824,2.2093715e-05,0.019876143,0.00010737903,4.381737e-07,ISIC_0024971.jpg,2
0.0053942166,0.0038521308,0.2804511,0.00038142188,0.7086927,0.0011748632,5.3520343e-05,ISIC_0026378.jpg,4
0.0005515141,5.807081e-06,0.0005406382,2.307415e-05,0.026652457,0.971914,0.0003125577,ISIC_0029465.jpg,5
2.3216837e-06,3.8882627e-06,4.231408e-05,5.9964636e-06,7.466717e-05,0.9998512,1.9569032e-05,ISIC_0030351.jpg,5
1.749983e-07,3.8156566e-07,5.397231e-05,1.6235101e-06,1.5925529e-05,0.999923,4.9315704e-06,ISIC_0028125.jpg,5
9.185521e-05,7.904705e-05,0.0019461194,6.613503e-05,0.00042737767,0.9972378,0.0001516982,ISIC_0031343.jpg,5
0.3025776,9.172922e-05,0.5690407,0.00029492116,0.12728061,0.0007139091,5.5432037e-07,ISIC_0028749.jpg,2
0.018333705,0.00071072223,0.0016776581,0.56649405,0.23032893,0.18235955,9.542148e-05,ISIC_0028894.jpg,3
7.1227787e-06,5.0278536e-06,5.8260055e-05,3.1621476e-05,0.0007620413,0.9991204,1.5583908e-05,ISIC_0032286.jpg,5
0.000142864,4.1184598e-05,0.00012000172,6.989047e-05,0.0023598992,0.9972451,2.1189158e-05,ISIC_0030053.jpg,5
1.8920973e-05,1.8487692e-05,9.387312e-05,0.00012796339,0.000114646034,0.9995659,6.01687e-05,ISIC_0029180.jpg,5
3.958429e-07,1.111817e-07,4.211173e-06,5.747102e-07,7.670667e-05,0.9999162,1.720344e-06,ISIC_0028340.jpg,5
7.426389e-05,3.0049007e-06,0.0024764822,1.0869229e-07,0.9973877,5.8311187e-05,3.931554e-08,ISIC_0033655.jpg,4
0.0002189977,5.090407e-06,0.004139437,0.00011246222,0.0007551628,0.994768,8.3348135e-07,ISIC_0025681.jpg,5
0.05144359,0.0010388748,0.7524072,0.008370587,0.056316398,0.1304173,6.0696407e-06,ISIC_0026577.jpg,2
7.2355215e-06,0.0003580675,0.00048272824,6.434461e-06,0.0026646112,0.99644876,3.2161628e-05,ISIC_0033738.jpg,5
8.753931e-05,1.8386678e-06,0.00028675343,3.0024417e-05,7.5325115e-05,0.99951684,1.7155797e-06,ISIC_0031152.jpg,5
0.0071998513,0.005334828,0.00978836,0.00094639533,0.011160976,0.96547705,9.257907e-05,ISIC_0030960.jpg,5
0.0041871336,0.007837733,0.37788495,0.0016254311,0.0015818904,0.60669243,0.00019043664,ISIC_0033972.jpg,5
0.0022196565,0.0001287654,0.0031927011,0.0036581291,0.11156406,0.8791999,3.6683756e-05,ISIC_0029735.jpg,5
0.00023049524,0.99933076,2.54129e-05,2.6384594e-05,2.5304847e-05,0.0003501164,1.1604644e-05,ISIC_0028283.jpg,1
0.06032645,0.00035252055,0.8804489,0.0018533195,0.026326824,0.030469807,0.00022215264,ISIC_0027969.jpg,2
0.00017299212,3.9617666e-05,0.00089770847,0.026247412,0.456112,0.51389056,0.0026396557,ISIC_0030134.jpg,5
0.0005824406,2.0691632e-05,0.99692035,8.364282e-06,0.00222941,0.00023870985,1.2133465e-07,ISIC_0026704.jpg,2
1.2021369e-06,1.0952572e-05,2.0656173e-06,1.6104857e-05,3.676957e-06,0.9999578,8.173798e-06,ISIC_0030739.jpg,5
0.00013964187,0.0014813648,0.0023318336,0.0007588662,0.92957085,0.06546087,0.00025667468,ISIC_0032936.jpg,4
0.00046734177,0.02883974,0.0023696315,0.0014413975,0.013229776,0.037242316,0.91640985,ISIC_0031950.jpg,6
0.00017240734,0.01976319,0.93901336,9.299667e-05,0.005435437,0.035454758,6.790383e-05,ISIC_0024886.jpg,2
3.1248683e-07,7.181302e-07,1.4049858e-05,7.080043e-06,5.4087195e-05,0.99989414,2.9664629e-05,ISIC_0024964.jpg,5
0.00023582415,0.00012613974,0.004691275,0.0012287911,0.023915011,0.9696322,0.0001707903,ISIC_0032721.jpg,5
4.370108e-05,0.0016641581,0.28587317,8.3066065e-05,0.00022095039,0.7120993,1.5668395e-05,ISIC_0029985.jpg,5
0.00016404991,0.00019054276,0.33405048,0.00045597856,0.00032167113,0.6647093,0.000107983135,ISIC_0027142.jpg,5
0.99687684,2.8875224e-06,1.4305763e-05,1.24928065e-05,0.0030919036,1.1361932e-06,4.6565512e-07,ISIC_0028190.jpg,0
9.4978095e-06,4.387755e-06,8.743256e-05,3.98255e-06,0.0068316534,0.9930225,4.0560615e-05,ISIC_0033965.jpg,5
5.896027e-06,1.9455172e-05,9.38391e-06,9.265814e-06,1.3944101e-05,0.999923,1.9085137e-05,ISIC_0031004.jpg,5
2.4524388e-07,1.6515637e-06,6.97248e-06,2.0311286e-06,2.2820568e-06,0.9999784,8.440379e-06,ISIC_0025570.jpg,5
5.7360987e-05,6.30095e-06,0.00034864453,2.032839e-05,0.014617443,0.9849148,3.5143712e-05,ISIC_0025891.jpg,5
6.3030966e-05,2.963952e-05,0.0001816581,0.00010229005,0.00027991665,0.999329,1.44739e-05,ISIC_0024887.jpg,5
0.00012739169,5.693954e-08,0.000859819,3.0748717e-07,0.008134724,0.99087757,1.6102366e-07,ISIC_0033552.jpg,5
2.4053747e-05,1.4040022e-05,0.00041536914,9.238664e-05,5.1278796e-05,0.9993724,3.0546293e-05,ISIC_0031571.jpg,5
0.000121605444,2.2330823e-05,0.0005848361,6.561517e-05,0.20734861,0.79184306,1.3935266e-05,ISIC_0029571.jpg,5
6.416394e-06,1.1934623e-05,0.00013501245,3.4016466e-06,0.00018419692,0.0021333734,0.99752575,ISIC_0031276.jpg,6
0.96207756,1.8384451e-05,0.037721228,0.00011883673,4.854979e-05,1.5425892e-05,2.0164093e-08,ISIC_0026893.jpg,0
0.00919792,0.43467057,0.25656402,0.0012796596,0.0035248308,0.29473704,2.601985e-05,ISIC_0030659.jpg,1
2.9669045e-06,1.5859206e-06,9.688312e-06,1.5232512e-05,1.1119131e-05,0.9999578,1.6486342e-06,ISIC_0028700.jpg,5
6.157587e-07,5.644546e-07,2.8607883e-06,4.256038e-06,6.2187287e-06,0.9999814,3.9656948e-06,ISIC_0026579.jpg,5
1.289227e-07,8.25095e-06,0.9999702,2.3794513e-07,2.9343545e-07,2.9614867e-07,2.0514424e-05,ISIC_0031511.jpg,2
0.00022105173,0.046646602,0.007762162,0.00057997624,0.027728545,0.020828623,0.89623296,ISIC_0032862.jpg,6
0.0001983445,0.13238795,0.011466328,4.6842993e-05,0.014675737,0.8412134,1.14315835e-05,ISIC_0024682.jpg,5
0.00011274427,0.004714461,0.0029660724,0.0004088176,0.010209374,0.9765955,0.0049929395,ISIC_0027898.jpg,5
0.0037567762,0.0012545376,0.16210055,0.0027717242,0.09933858,0.7307489,2.8927143e-05,ISIC_0031203.jpg,5
0.00011991091,0.00030982122,0.04645713,7.288733e-05,0.004481047,0.94635427,0.002204963,ISIC_0033549.jpg,5
0.00014193107,0.0016040951,0.00046245387,3.516674e-05,0.0021981446,0.9954722,8.615667e-05,ISIC_0032601.jpg,5
0.0007029638,0.0006700199,0.9894489,0.00023918267,0.004509284,0.0044263317,3.3190663e-06,ISIC_0028103.jpg,2
0.000114146475,0.00015824802,0.9907727,5.935622e-06,0.0009516584,0.007980714,1.6548187e-05,ISIC_0032876.jpg,2
3.8225057e-06,2.0181405e-05,0.0006018253,7.1224113e-06,0.0037600184,0.9955308,7.629971e-05,ISIC_0032771.jpg,5
4.107848e-05,1.774453e-05,0.0007852121,0.00025478165,0.0005260222,0.9981925,0.00018267664,ISIC_0029619.jpg,5
0.00016784552,8.49917e-05,0.0031625787,5.035937e-05,0.008575441,0.9879352,2.355008e-05,ISIC_0027420.jpg,5
3.5831806e-07,1.728694e-07,1.0966765e-05,4.0738934e-07,2.9131083e-05,0.9999578,1.2877346e-06,ISIC_0028751.jpg,5
3.1527332e-05,0.000122865,0.00033980425,2.4114432e-05,0.00021278222,0.99925524,1.3723801e-05,ISIC_0033441.jpg,5
8.636199e-05,0.014253585,0.2718791,0.0002337115,0.6952671,0.018227732,5.2438634e-05,ISIC_0030377.jpg,4
1.896232e-05,0.00068707764,0.004293312,0.00032326774,9.752866e-05,0.9879281,0.006651752,ISIC_0028162.jpg,5
0.01928744,1.5750049e-05,0.009009566,0.002287502,0.5410547,0.4283229,2.207625e-05,ISIC_0024514.jpg,4
0.0005122635,0.0002297638,0.19019069,2.9252906e-06,0.7771175,0.031937093,9.715046e-06,ISIC_0028543.jpg,4
1.4778711e-06,8.469086e-06,3.2757016e-05,8.292862e-06,0.999851,1.7246373e-08,9.7969794e-05,ISIC_0033299.jpg,4
0.024684003,0.56479245,0.1176293,0.0021971718,0.005909616,0.28410694,0.00068057934,ISIC_0034176.jpg,1
1.5321295e-06,6.6629764e-06,2.6994296e-05,8.505955e-07,2.4998428e-05,3.5187364e-05,0.9999038,ISIC_0030104.jpg,6
0.0033825983,0.02679421,0.9556853,9.485908e-05,0.009602981,0.004233873,0.00020615119,ISIC_0024711.jpg,2
1.0854886e-06,1.3787686e-06,0.0027323847,8.187055e-06,0.00042344705,0.99683326,1.7403714e-07,ISIC_0032273.jpg,5
6.196514e-06,6.309026e-05,0.9969796,3.811692e-05,0.00029154256,0.0026209909,5.213504e-07,ISIC_0031853.jpg,2
3.9083566e-06,2.0762558e-05,2.1970685e-05,1.3943364e-05,3.65795e-05,0.9998845,1.8327682e-05,ISIC_0024977.jpg,5
4.6589275e-07,1.04654916e-07,1.607379e-05,4.0932497e-07,0.0014152873,0.9985668,8.9766104e-07,ISIC_0029296.jpg,5
4.2554775e-06,4.3521184e-05,0.9979158,6.7786755e-07,6.387793e-05,0.0018945186,7.729753e-05,ISIC_0025099.jpg,2
1.5043219e-06,5.193393e-06,9.101378e-05,8.4583255e-05,1.3963832e-05,0.99953854,0.00026510085,ISIC_0025233.jpg,5
1.2492362e-05,8.533422e-05,0.00012829967,1.8553857e-05,0.00318368,0.9964108,0.0001608959,ISIC_0034077.jpg,5
7.8918004e-07,6.8330803e-07,1.0727501e-05,1.3888204e-05,4.115518e-06,0.99994993,1.9795994e-05,ISIC_0026972.jpg,5
3.8085785e-05,7.0294806e-07,0.00010307296,2.5984886e-05,1.9831856e-05,0.9998086,3.732633e-06,ISIC_0025602.jpg,5
3.1407696e-06,1.5326725e-06,0.0023433415,0.00019145258,7.4943666e-05,0.9971666,0.00021889899,ISIC_0025966.jpg,5
1.8574454e-05,3.1337837e-05,0.00035065715,0.00013928796,0.00012680814,0.9988079,0.0005254636,ISIC_0026785.jpg,5
7.4582626e-06,3.6832873e-06,4.6219073e-05,1.3723053e-05,0.0062154005,0.9937052,8.305706e-06,ISIC_0033628.jpg,5
2.940705e-06,2.946211e-07,9.000805e-06,1.2326272e-05,8.618618e-06,0.9999628,4.065312e-06,ISIC_0026269.jpg,5
0.0004311141,0.99924845,3.620543e-05,0.0002158714,4.2490374e-05,2.5394675e-05,4.4424544e-07,ISIC_0030197.jpg,1
0.0007167988,0.00035711995,0.0022312687,0.39649436,0.0914129,0.50731236,0.0014751909,ISIC_0028901.jpg,5
1.4337313e-05,2.3462185e-06,2.7313768e-05,6.7791934e-06,4.5907673e-05,0.99989784,5.3889557e-06,ISIC_0031445.jpg,5
1.350534e-06,7.619948e-06,2.5293251e-05,3.461506e-05,0.0009027717,0.9989967,3.162543e-05,ISIC_0033071.jpg,5
0.0022553753,0.0001970383,0.0037647944,0.0005193779,0.0047742613,0.98847663,1.2460831e-05,ISIC_0031379.jpg,5
1.5141139e-05,2.4903823e-06,5.885214e-05,2.0979714e-05,0.00011987826,0.9997739,8.679506e-06,ISIC_0027792.jpg,5
0.0027987573,0.3471136,0.47485313,0.002980377,0.00081078504,0.17138779,5.5585668e-05,ISIC_0031716.jpg,2
1.025861e-06,7.183566e-07,8.599985e-06,1.1929773e-06,5.234521e-05,0.9999348,1.3451805e-06,ISIC_0024585.jpg,5
2.192586e-05,6.195075e-06,7.735927e-05,0.00085072365,0.0006933485,0.99826247,8.8035194e-05,ISIC_0027283.jpg,5
3.143104e-06,3.2394798e-06,1.8693458e-05,3.0368297e-05,2.31493e-05,0.999912,9.353163e-06,ISIC_0030788.jpg,5
8.7238556e-07,1.824969e-06,9.543086e-06,4.082175e-06,8.3083605e-06,0.99989283,8.26081e-05,ISIC_0032401.jpg,5
0.0006998933,0.00042036132,0.0021134454,0.0006095148,0.011991614,0.9837869,0.00037838813,ISIC_0026901.jpg,5
4.975804e-06,1.9139031e-06,1.4734219e-05,1.4574968e-05,0.00013773565,0.9998128,1.3299381e-05,ISIC_0025590.jpg,5
0.00027029283,7.353265e-06,0.00010183954,0.0016857618,1.7848413e-05,0.99790585,1.1054255e-05,ISIC_0029520.jpg,5
0.9996704,2.3970256e-06,2.9678842e-05,0.00016971264,9.722737e-05,3.055558e-05,7.2190143e-09,ISIC_0029249.jpg,0
1.8177107e-06,4.357109e-07,7.9497426e-05,5.5822393e-06,0.00012764629,0.9997826,2.3734947e-06,ISIC_0030389.jpg,5
0.0017759909,0.00011037048,0.9963225,3.7371497e-05,0.0001074884,0.0016406017,5.70617e-06,ISIC_0024505.jpg,2
5.9952843e-05,3.8458984e-05,0.99985707,3.5384435e-08,4.4361106e-05,1.3200734e-07,1.8039264e-08,ISIC_0024381.jpg,2
2.569552e-06,1.4171859e-06,0.0006556533,2.4178657e-06,0.15266947,0.84666026,8.273908e-06,ISIC_0029719.jpg,5
0.047913153,0.0006717188,0.0035672623,0.00933273,0.23352289,0.56435454,0.14063776,ISIC_0025289.jpg,5
5.3847366e-06,1.2207299e-06,9.035906e-05,6.2320964e-07,0.003332162,0.9965675,2.7903905e-06,ISIC_0033961.jpg,5
2.5111842e-05,0.00010525408,0.0003380555,0.0008349801,9.847288e-05,0.9981046,0.0004933938,ISIC_0028054.jpg,5
0.012410143,0.00015298674,0.009128198,0.08997178,0.22372569,0.6631043,0.0015069494,ISIC_0028003.jpg,5
6.831229e-05,4.1518666e-05,0.00013038507,2.7762067e-05,0.00045758075,0.99927205,2.3459868e-06,ISIC_0032580.jpg,5
8.902027e-05,0.00028588081,0.96424395,2.7088145e-05,0.03513208,0.00022027182,1.7569122e-06,ISIC_0031277.jpg,2
2.6208795e-06,4.6369132e-07,6.07068e-05,1.069356e-05,1.2540226e-05,0.99991095,1.9546687e-06,ISIC_0028177.jpg,5
0.0009597753,0.000262416,0.0057906015,0.0012635299,0.0004204604,0.9902688,0.0010344435,ISIC_0032224.jpg,5
9.30839e-07,8.3642504e-08,3.7306531e-06,3.1202746e-06,2.818201e-05,0.99995506,8.893253e-06,ISIC_0024568.jpg,5
5.387689e-08,7.19628e-08,3.1525503e-06,6.079371e-08,0.0028907626,0.9971054,3.3920594e-07,ISIC_0033094.jpg,5
1.2849028e-05,0.0014944313,0.00030578877,0.0001319821,9.11585e-05,6.733032e-05,0.99789643,ISIC_0024747.jpg,6
0.00032045846,0.9981091,0.00024457066,0.00013409357,4.1452076e-05,0.0011394203,1.0930519e-05,ISIC_0024331.jpg,1
0.83409643,5.0769137e-05,0.121919125,0.0004265719,7.371518e-05,0.043433007,3.5124785e-07,ISIC_0027084.jpg,0
3.063355e-05,4.368531e-06,0.00012766974,2.1331116e-05,0.0008501695,0.9989141,5.1683248e-05,ISIC_0026732.jpg,5
0.0028236995,0.0009864386,0.23469402,0.00038905023,0.20878367,0.55223966,8.346095e-05,ISIC_0025199.jpg,5
1.9890674e-06,2.1245053e-06,6.53272e-06,1.234419e-05,1.9918854e-05,0.9999267,3.0357047e-05,ISIC_0028140.jpg,5
1.2436226e-07,2.2172463e-07,4.1572662e-07,1.807027e-07,4.1603492e-08,1.732837e-06,0.9999974,ISIC_0026393.jpg,6
2.794486e-06,0.00012565884,0.9995865,7.1088807e-06,2.0404e-05,0.00024555434,1.1925588e-05,ISIC_0026046.jpg,2
1.0840971e-06,2.8908633e-07,1.1896165e-05,9.379642e-06,0.0003025971,0.999673,1.7451672e-06,ISIC_0031608.jpg,5
6.821617e-05,2.0106372e-06,0.00057617563,9.427986e-06,0.0004499117,0.9988894,4.8378893e-06,ISIC_0034137.jpg,5
0.026616855,7.174748e-05,0.9384528,5.412082e-05,0.027489305,0.007283641,3.156761e-05,ISIC_0029384.jpg,2
5.8971823e-06,5.979177e-06,2.0471682e-05,2.8036846e-05,3.227649e-05,0.999871,3.6306774e-05,ISIC_0031193.jpg,5
4.2522706e-06,9.653267e-06,0.00015090835,8.288352e-05,3.3272838e-05,0.9994087,0.00031031846,ISIC_0026997.jpg,5
3.6628885e-06,2.2517002e-06,4.608017e-06,7.248789e-07,2.7273247e-05,0.9999591,2.3764283e-06,ISIC_0025945.jpg,5
1.0410849e-06,1.6221607e-06,8.38191e-06,4.414392e-06,0.00037856874,0.9996018,4.155005e-06,ISIC_0025698.jpg,5
0.00015897233,0.0021685797,0.99763286,6.1579212e-06,6.343792e-06,7.995806e-06,1.9080217e-05,ISIC_0030208.jpg,2
0.072856076,0.014963237,0.8092086,0.086370334,0.013683833,0.0003265408,0.0025914349,ISIC_0027858.jpg,2
1.4089808e-05,3.0493618e-06,5.7909747e-05,3.4221277e-05,8.641827e-05,0.9997868,1.7507846e-05,ISIC_0029322.jpg,5
8.541735e-06,3.7925051e-06,3.3201308e-05,1.5048277e-05,8.048958e-06,0.9999248,6.5498566e-06,ISIC_0029658.jpg,5
0.99949646,0.000107614884,3.649246e-05,0.0002720714,5.6133806e-05,3.067463e-05,5.4825153e-07,ISIC_0025069.jpg,0
1.1891705e-06,7.1312675e-06,4.6996447e-05,7.2041314e-07,4.360105e-06,0.9999306,8.9742625e-06,ISIC_0028208.jpg,5
1.741304e-05,2.0427859e-05,4.854206e-05,4.0324303e-05,0.00015764013,0.99969375,2.1989234e-05,ISIC_0024737.jpg,5
0.00064070494,0.000563904,0.14397483,0.00034574844,0.05109764,0.8033666,1.0647339e-05,ISIC_0029271.jpg,5
4.9202913e-07,2.599734e-07,8.7604906e-07,8.220797e-06,1.5286214e-05,0.9999713,3.6146491e-06,ISIC_0025697.jpg,5
0.018005436,0.00042610304,0.23209798,0.0003832279,0.6275199,0.12141322,0.0001542144,ISIC_0024883.jpg,4
0.00015869402,4.176422e-05,0.00027119368,0.00012964464,0.0037957118,0.99554646,5.654283e-05,ISIC_0029504.jpg,5
0.00027179366,0.0059020706,0.8905608,0.0002198478,0.0004030649,0.09169543,0.010947015,ISIC_0025906.jpg,2
1.4753463e-05,9.694561e-07,0.9827743,1.7141684e-06,0.0004657587,0.016741307,1.1578109e-06,ISIC_0029394.jpg,2
4.964377e-06,7.3171745e-06,0.98969334,4.142756e-06,0.00012696937,0.010163131,9.316945e-08,ISIC_0029032.jpg,2
0.00025119644,0.00012550296,0.0002944142,1.2744756e-05,0.0031957494,0.9960452,7.526219e-05,ISIC_0027129.jpg,5
1.1258107e-05,5.30315e-06,0.0006444545,4.1955373e-06,0.00131302,0.99799323,2.848004e-05,ISIC_0030697.jpg,5
4.791258e-05,0.00021358293,0.00022901935,0.0005654267,6.944505e-05,0.99879456,8.002946e-05,ISIC_0026613.jpg,5
0.022432704,8.943543e-06,0.0010800568,0.00020592703,0.0025740168,0.9736893,9.119653e-06,ISIC_0027644.jpg,5
0.99919397,0.00035117293,0.0002624944,0.00016166105,3.00488e-05,5.435533e-07,9.085039e-08,ISIC_0029811.jpg,0
0.20753317,0.7029967,4.1731284e-05,0.00032347525,0.00025286034,0.08884812,3.9914157e-06,ISIC_0025731.jpg,1
5.070802e-06,4.9184714e-06,7.0137125e-05,0.00011051706,0.00011331499,0.99968386,1.2246623e-05,ISIC_0028532.jpg,5
4.1481202e-05,1.2409293e-05,0.99949646,5.2169296e-05,0.0003687373,2.8726752e-05,2.976129e-08,ISIC_0032306.jpg,2
7.941934e-06,0.00013294867,0.00021363707,6.5081105e-05,0.0003859215,0.9986173,0.00057709304,ISIC_0026557.jpg,5
5.131509e-07,1.129107e-06,6.9017304e-05,6.703817e-06,8.548523e-05,0.9997603,7.6921715e-05,ISIC_0027541.jpg,5
8.020733e-05,0.00011043938,0.00023548988,0.000111468304,0.024887104,0.97454983,2.5498697e-05,ISIC_0030845.jpg,5
0.005971838,0.5861758,0.39544117,0.0015761156,0.00259747,0.006238731,0.0019989572,ISIC_0027544.jpg,1
5.215416e-05,3.4178818e-05,0.00034707552,8.965202e-05,0.0002856726,0.999134,5.727599e-05,ISIC_0033912.jpg,5
2.7328554e-06,1.0786177e-06,5.233561e-06,2.8397872e-05,2.5938339e-06,0.9998511,0.00010890875,ISIC_0029086.jpg,5
0.00066128257,0.00018659234,0.3733508,1.1603788e-05,0.014305727,0.61147356,1.0415168e-05,ISIC_0024626.jpg,5
0.00013127289,8.9397814e-05,0.0002887457,1.121511e-05,0.00018263818,0.99884677,0.00044999248,ISIC_0031546.jpg,5
3.73393e-06,1.6023558e-06,2.1308115e-05,1.0497233e-05,6.211915e-05,0.9998994,1.3721738e-06,ISIC_0025037.jpg,5
0.0002029222,0.044137556,0.89065385,0.002569654,0.00095359475,0.059818286,0.0016640929,ISIC_0033373.jpg,2
3.6523184e-06,1.0789579e-05,0.00017668551,3.2780097e-06,0.00028488997,0.9995003,2.0309719e-05,ISIC_0033516.jpg,5
0.0009483276,3.264625e-05,0.9946681,0.0023201879,0.0020042828,2.177235e-05,4.700152e-06,ISIC_0031987.jpg,2
1.8632943e-07,1.129677e-06,2.6068135e-06,2.3731527e-06,1.7592888e-06,0.9999875,4.4496787e-06,ISIC_0030147.jpg,5
1.1756639e-06,6.2088105e-07,1.4938411e-05,1.8853824e-06,7.3332612e-06,0.9999727,1.3618419e-06,ISIC_0032392.jpg,5
0.01364228,0.9811329,0.004584649,4.777475e-05,0.000444051,0.00013180569,1.6531625e-05,ISIC_0028814.jpg,1
3.1318563e-05,5.9211947e-05,0.0004291652,0.00054815476,7.3335536e-06,0.9986078,0.0003169839,ISIC_0029350.jpg,5
0.0053507187,0.0002442238,0.0029674922,0.32790786,0.00025646586,0.66264904,0.0006241906,ISIC_0026583.jpg,5
2.0657693e-07,1.0473786e-06,0.0020273388,1.8182115e-07,3.2116074e-07,0.9979673,3.5131493e-06,ISIC_0027654.jpg,5
9.966863e-06,2.6985767e-06,6.307036e-05,0.0033365125,0.010803684,0.9845605,0.0012234843,ISIC_0030092.jpg,5
3.805858e-07,1.8768478e-06,1.8414972e-05,4.2908025e-05,4.9743336e-05,0.9993861,0.00050052046,ISIC_0028768.jpg,5
7.258899e-05,2.7080121e-05,0.07044807,5.636301e-05,0.06122564,0.8681654,4.746456e-06,ISIC_0028600.jpg,5
0.0009488608,0.061174586,0.0001441035,0.93682706,0.0005769279,0.0002974083,3.108389e-05,ISIC_0030349.jpg,3
0.0031890532,0.00022292764,0.9597661,0.00049591804,0.0040711514,0.032240354,1.4513506e-05,ISIC_0027023.jpg,2
0.00038310877,0.00073821645,0.016314384,3.8080223e-06,0.97998947,0.0025676948,3.2998144e-06,ISIC_0029370.jpg,4
7.814483e-06,7.940022e-07,3.933915e-05,6.4853753e-06,0.00026638352,0.99967885,3.4471418e-07,ISIC_0031052.jpg,5
1.5160698e-06,6.044659e-06,9.413942e-05,1.1436302e-06,0.9985972,0.0012993816,5.03596e-07,ISIC_0027126.jpg,4
4.8905335e-05,3.6277288e-05,0.0002632162,0.00031921078,0.0005688897,0.99868554,7.8009165e-05,ISIC_0032317.jpg,5
0.00047705573,0.001637928,0.06586247,0.0009190466,0.13798274,0.7918278,0.0012929599,ISIC_0029548.jpg,5
1.2327823e-06,5.5352444e-07,1.875971e-05,1.6732223e-05,1.6528047e-05,0.9999442,1.9986803e-06,ISIC_0027942.jpg,5
2.4512542e-06,2.2717607e-07,0.00073785405,5.484572e-07,0.9971661,0.0020927237,9.056853e-08,ISIC_0030223.jpg,4
0.0011893553,0.00089074695,0.9734691,0.018199833,0.0048576165,0.00136216,3.125717e-05,ISIC_0028550.jpg,2
2.2557551e-05,0.99991834,2.2237202e-07,9.286622e-06,6.951254e-06,4.2452815e-05,1.8977582e-07,ISIC_0026154.jpg,1
9.0221357e-07,8.590429e-07,0.00082246884,1.5496094e-06,0.00041700926,0.9984176,0.00033958626,ISIC_0026763.jpg,5
0.000105022984,1.2516919e-05,0.7462233,2.9124001e-05,0.21159375,0.042033374,2.977427e-06,ISIC_0025402.jpg,2
0.00069041614,7.0202736e-06,8.253036e-05,0.00023367873,0.0018162169,0.99716526,4.868096e-06,ISIC_0034121.jpg,5
8.8924455e-05,0.00013808768,0.0025848732,4.823327e-05,0.0006219183,0.99649006,2.7874888e-05,ISIC_0029076.jpg,5
5.1268296e-07,3.0799906e-06,8.152986e-07,1.3500418e-06,6.4442893e-06,0.9999753,1.2478732e-05,ISIC_0028802.jpg,5
0.06385809,0.26359525,0.4945399,0.0012704869,0.10999068,0.06615217,0.00059345143,ISIC_0029554.jpg,2
0.006154969,0.0011724177,0.023767661,0.009177644,0.032054722,0.92764324,2.9336376e-05,ISIC_0034098.jpg,5
0.0017157329,0.0017419591,0.002423615,0.001574436,0.0024466396,0.98988837,0.00020924023,ISIC_0028983.jpg,5
0.00041266144,0.00023178362,0.9984694,5.6483124e-05,0.00058319425,0.00019565754,5.0658004e-05,ISIC_0029555.jpg,2
2.0135814e-05,6.0863167e-06,0.006677331,2.8877403e-07,0.99302316,0.0002729781,2.9650032e-08,ISIC_0034034.jpg,4
1.0040859e-06,3.788107e-07,1.2092609e-05,1.8638979e-06,9.5709365e-05,0.99988544,3.4757034e-06,ISIC_0028722.jpg,5
7.700808e-07,7.7214985e-08,0.009438631,1.2489022e-09,0.99055815,2.2715196e-06,3.099758e-10,ISIC_0033878.jpg,4
2.2442842e-05,1.9863091e-05,0.0003955754,0.08721139,0.34819353,0.56303644,0.0011207375,ISIC_0033779.jpg,5
5.7910356e-06,1.097442e-06,1.3662374e-05,8.436488e-06,4.026624e-05,0.9999217,9.090599e-06,ISIC_0027158.jpg,5
5.3022582e-08,5.1839287e-08,3.945713e-07,1.5386794e-06,1.1248934e-06,0.9999964,4.2754974e-07,ISIC_0025344.jpg,5
0.021827208,0.00047888016,0.0085940445,0.39363545,0.5474426,0.027994188,2.7571963e-05,ISIC_0032466.jpg,4
2.3361433e-07,3.0655534e-07,8.243208e-07,2.2051913e-06,1.23948e-06,0.99998474,1.0409222e-05,ISIC_0030453.jpg,5
3.801986e-05,0.0001339009,0.0003790768,9.884797e-06,0.00010599012,0.00010182438,0.99923134,ISIC_0026490.jpg,6
7.0537394e-06,5.050076e-07,4.137541e-05,0.00011467933,0.006445249,0.9933836,7.567818e-06,ISIC_0034309.jpg,5
9.627074e-05,9.608e-06,0.0052676983,1.4063587e-05,0.0014229922,0.9931819,7.489915e-06,ISIC_0025671.jpg,5
2.0537578e-05,1.4285306e-05,0.00045368468,7.4700433e-06,0.0028794724,0.9966197,4.825935e-06,ISIC_0032742.jpg,5
0.00052344444,0.00012472691,8.5471314e-05,0.64342695,0.0003840724,0.35525075,0.00020463827,ISIC_0027118.jpg,3
2.9198298e-05,0.033786815,1.9636622e-05,1.226475e-05,0.9565513,0.009591784,8.93851e-06,ISIC_0024634.jpg,4
1.0824489e-05,6.0786274e-06,0.002585867,1.35605815e-05,0.00082083396,0.99623543,0.00032741492,ISIC_0031533.jpg,5
1.4430784e-05,5.885682e-06,0.0001987643,8.8222325e-05,0.0012356007,0.9984238,3.339962e-05,ISIC_0027691.jpg,5
0.0012689008,0.00030084586,0.9086081,7.865357e-05,0.0864894,0.0032220017,3.2218373e-05,ISIC_0032382.jpg,2
0.053307164,0.0010811967,0.92161155,0.011578642,0.0114191305,0.0010010664,1.1745017e-06,ISIC_0024739.jpg,2
0.000104153085,0.049329504,0.00011530378,0.00023502752,0.0011108916,0.9490676,3.756304e-05,ISIC_0028464.jpg,5
0.00011797014,1.5625039e-05,0.998248,3.5572208e-07,0.0014848849,0.0001328388,3.0987215e-07,ISIC_0033361.jpg,2
4.666973e-08,1.258121e-07,1.4136303e-05,9.2534435e-07,3.2583025e-06,0.99997985,1.6100475e-06,ISIC_0030612.jpg,5
1.2153976e-05,1.8949215e-05,0.00013105893,1.5065217e-05,2.0310898e-05,0.9997967,5.8789215e-06,ISIC_0026791.jpg,5
4.0297306e-05,4.5617753e-06,0.00016627261,3.6830115e-05,0.8553155,0.14443278,3.8474127e-06,ISIC_0027089.jpg,4
0.00021872054,2.9389366e-05,0.0010090434,0.00035815494,0.039250605,0.9591193,1.4848449e-05,ISIC_0033175.jpg,5
0.747042,0.00015120482,0.17961389,0.06668342,0.0046484815,0.0018374023,2.357836e-05,ISIC_0029302.jpg,0
2.9804032e-06,2.2663755e-07,1.680058e-05,3.4482994e-06,0.000117300886,0.9998547,4.460431e-06,ISIC_0030489.jpg,5
2.6847902e-05,0.00027931712,0.04996073,1.0100024e-05,0.00081965775,0.9487124,0.00019093168,ISIC_0026279.jpg,5
1.4752501e-06,1.1969834e-05,5.5019977e-05,9.0551275e-06,5.6074656e-05,0.999864,2.4382796e-06,ISIC_0024744.jpg,5
1.0797489e-05,4.656628e-05,0.0046055336,2.1404263e-05,0.0017607978,0.9934396,0.00011533038,ISIC_0034127.jpg,5
4.043137e-05,0.00016151955,0.00062343327,0.0008127242,0.00015396687,0.9980128,0.00019506775,ISIC_0025813.jpg,5
0.00058392476,2.4282645e-05,0.00593792,5.5705314e-05,0.012007559,0.9813673,2.3301558e-05,ISIC_0028656.jpg,5
7.6613396e-05,4.1972387e-05,0.00036646676,0.00026880816,0.0006729921,0.9985507,2.240223e-05,ISIC_0033623.jpg,5
6.0847397e-06,7.470374e-06,2.329628e-06,0.00010235911,1.7844645e-06,0.99987495,4.895935e-06,ISIC_0025920.jpg,5
1.9063531e-05,1.034726e-05,0.00022633097,2.617631e-05,0.00052558276,0.99907875,0.00011367847,ISIC_0028455.jpg,5
2.2654762e-08,1.0279663e-07,8.101683e-07,1.0632874e-07,1.9575602e-05,0.999979,3.1226963e-07,ISIC_0032942.jpg,5
0.005492688,0.02289156,0.038852304,0.0012358502,0.112080544,0.8188805,0.0005664938,ISIC_0030233.jpg,5
6.984922e-05,0.0005254813,0.0009610494,0.0016138616,0.001086121,0.9950866,0.00065694255,ISIC_0030125.jpg,5
2.6554096e-06,5.387455e-07,0.9997229,3.356687e-07,8.5830434e-05,0.00018775128,7.940819e-09,ISIC_0033853.jpg,2
0.0021609992,0.00164466,0.054907188,0.0010197801,0.028477196,0.9111375,0.00065261876,ISIC_0030447.jpg,5
1.6357935e-06,5.460112e-06,4.4492285e-06,2.9031698e-06,3.7718954e-05,0.9998481,9.973395e-05,ISIC_0030212.jpg,5
0.0006699231,3.8019532e-06,0.0019931102,0.0010146169,0.0026495948,0.9936678,1.2028298e-06,ISIC_0024995.jpg,5
7.704287e-06,2.4777285e-06,5.0958013e-05,5.652611e-05,1.6022603e-05,0.9998317,3.4660516e-05,ISIC_0024966.jpg,5
0.003917613,0.28056404,0.04890065,0.006161363,0.017863726,0.64078677,0.0018058447,ISIC_0026140.jpg,5
6.1493947e-06,9.697443e-07,1.2902431e-05,2.1902946e-05,5.2708324e-06,0.9999466,6.2136564e-06,ISIC_0029280.jpg,5
0.0001565108,1.8343873e-05,0.00037574326,0.0007301179,0.0014775895,0.99723697,4.712534e-06,ISIC_0028673.jpg,5
1.0468009e-07,5.441577e-08,1.1047837e-06,1.0187736e-06,2.6577161e-05,0.9999583,1.2888218e-05,ISIC_0025760.jpg,5
0.0003287925,0.00028825333,0.012522726,0.00010301758,0.72092974,0.26573437,9.3024166e-05,ISIC_0028579.jpg,4
2.349015e-06,2.2595402e-06,2.3351056e-05,0.00016082491,0.002311845,0.9973475,0.00015181387,ISIC_0033109.jpg,5
1.762089e-05,2.058075e-06,0.00021853218,2.8341681e-05,0.0008727326,0.9988325,2.8266857e-05,ISIC_0027674.jpg,5
0.0015339063,2.7691505e-05,0.005329219,3.989381e-06,0.989838,0.0032648926,2.235398e-06,ISIC_0028229.jpg,4
0.010904809,0.008587408,0.014965784,0.001301244,0.03216833,0.93203443,3.8052356e-05,ISIC_0025169.jpg,5
0.0018279102,0.00060118653,0.9455427,0.0023999831,0.03947042,0.010125721,3.2099153e-05,ISIC_0032283.jpg,2
1.8517676e-05,4.4825116e-05,0.00036010813,7.124468e-06,0.0011628674,0.9983753,3.12315e-05,ISIC_0033170.jpg,5
9.066734e-05,8.4657746e-05,0.9985763,0.00014657795,0.00027401655,0.00082672917,9.483017e-07,ISIC_0027419.jpg,2
1.2529829e-05,6.219245e-05,5.983043e-05,4.859399e-05,4.4949084e-05,0.99957377,0.00019808591,ISIC_0031785.jpg,5
2.0305054e-06,3.7606076e-06,0.00017074781,1.2288261e-05,1.668832e-05,0.9997745,1.9941994e-05,ISIC_0028595.jpg,5
3.0690207e-05,7.962391e-06,0.00017771087,1.4001369e-06,0.35533884,0.6444271,1.6275062e-05,ISIC_0031160.jpg,5
4.58846e-05,1.5620504e-05,0.0004942063,0.0005003572,0.0005728991,0.9983676,3.5013938e-06,ISIC_0033116.jpg,5
0.00187677,0.0020610292,0.057786774,0.09811438,6.315042e-05,0.8400651,3.2815075e-05,ISIC_0028336.jpg,5
1.10236315e-05,0.00017110695,0.0021883505,0.364507,7.888222e-05,0.6303318,0.002711799,ISIC_0026479.jpg,5
0.0029883855,0.000599595,0.062492702,0.0002819043,0.025859252,0.90762395,0.0001542113,ISIC_0029553.jpg,5
8.5044445e-07,1.0230197e-05,1.203016e-05,1.1163683e-07,6.8362933e-06,1.9725108e-05,0.9999503,ISIC_0025680.jpg,6
0.024513258,0.54201174,0.052796356,0.021525746,0.34217116,0.0169225,5.921195e-05,ISIC_0029598.jpg,1
0.77629673,1.813442e-05,0.00082414364,0.0018976964,0.00025026803,0.22071108,2.0188286e-06,ISIC_0028598.jpg,0
1.8086403e-06,2.4309938e-06,0.00029033076,9.242742e-07,0.9992712,0.00043318133,8.096114e-08,ISIC_0034092.jpg,4
1.01132386e-07,8.9909726e-08,4.2803873e-07,1.6116991e-06,4.940406e-07,0.9999894,7.817685e-06,ISIC_0028794.jpg,5
2.178024e-05,1.9778327e-05,8.806986e-05,2.708543e-05,0.0007752883,0.9988431,0.00022500388,ISIC_0031604.jpg,5
0.0004037569,2.8120561e-05,0.0021901675,3.1278087e-05,0.70456225,0.29256946,0.0002149856,ISIC_0028898.jpg,4
0.006304608,4.6724617e-05,0.95515406,2.04732e-05,0.03809915,0.00037365558,1.2614489e-06,ISIC_0031783.jpg,2
0.0010146688,1.14637905e-05,0.95245,0.03126586,0.00019517075,0.01506264,1.2636039e-07,ISIC_0027780.jpg,2
3.3313498e-07,2.6074156e-07,2.0099975e-05,7.069181e-07,3.4545945e-05,0.9999176,2.647848e-05,ISIC_0024627.jpg,5
0.011593582,0.00027847543,0.98771113,0.00015284916,7.162366e-05,0.00019127238,1.1074811e-06,ISIC_0034303.jpg,2
5.0772023e-06,1.0149307e-05,0.002848494,2.149369e-05,0.018425185,0.97868687,2.788737e-06,ISIC_0026268.jpg,5
0.00323299,0.0001182864,0.023107475,2.9197377e-05,0.88999325,0.083447486,7.142463e-05,ISIC_0027904.jpg,4
3.0049005e-05,5.7032426e-06,9.148969e-05,5.703615e-05,0.00026268951,0.9995315,2.1533338e-05,ISIC_0027464.jpg,5
8.6705884e-05,0.47117493,0.14668609,0.0003456695,0.0009287262,0.37462577,0.0061520813,ISIC_0024572.jpg,1
4.5417428e-07,7.251181e-07,0.00020806996,5.0487497e-06,5.903546e-05,0.9997265,2.877875e-07,ISIC_0027925.jpg,5
0.00047593116,0.00079377746,0.33660883,0.00061495515,0.66062516,0.00075279904,0.00012863186,ISIC_0033240.jpg,4
1.7786488e-05,3.6117992e-05,0.00010144497,2.3698494e-06,0.00036453916,0.9994702,7.59391e-06,ISIC_0031717.jpg,5
0.9999628,2.3375293e-09,4.786151e-07,1.9800863e-08,3.6691832e-05,3.139448e-09,1.1875653e-10,ISIC_0028393.jpg,0
1.4894444e-05,4.3571763e-06,0.00011387291,2.4206938e-05,4.4839464e-05,0.9997794,1.8398568e-05,ISIC_0027134.jpg,5
2.027726e-06,2.1155872e-06,3.8241997e-05,3.9711513e-06,0.00018334691,0.99976474,5.539766e-06,ISIC_0031265.jpg,5
0.0007823563,8.910762e-05,0.0005553051,0.00062200835,5.5169796e-05,0.9978478,4.8280104e-05,ISIC_0030332.jpg,5
0.00038757618,0.00022064628,0.0011544039,0.00016390049,0.0060209436,0.9920196,3.2926382e-05,ISIC_0026488.jpg,5
3.5652847e-05,1.1194353e-05,3.411987e-05,2.0390622e-05,0.99968016,0.00021499081,3.5679634e-06,ISIC_0032716.jpg,4
5.6777316e-07,3.3200422e-07,0.9532274,1.6330135e-06,0.0049924273,0.029853454,0.011924198,ISIC_0033757.jpg,2
0.058482178,0.93839914,0.001897472,4.3907785e-05,0.0011600747,1.7036695e-05,1.4834791e-07,ISIC_0029680.jpg,1
2.6275095e-05,2.9567247e-05,5.0413237e-05,2.1551494e-05,0.0002304245,0.999634,7.711922e-06,ISIC_0027887.jpg,5
6.5179855e-05,2.298447e-05,0.0006635746,2.1720476e-05,0.028100716,0.9711123,1.3446199e-05,ISIC_0024675.jpg,5
7.690883e-06,0.000106337466,4.97039e-05,6.746399e-05,2.7567941e-05,0.9993236,0.00041758773,ISIC_0029299.jpg,5
0.9960098,9.323731e-07,0.0004892359,5.870987e-06,0.003476235,1.7768098e-05,3.4357562e-08,ISIC_0027859.jpg,0
0.0007701008,0.0033392338,0.669036,0.000783203,0.074614555,0.24875045,0.002706521,ISIC_0025276.jpg,2
4.3287105e-06,1.6919923e-05,0.00011173626,1.9702808e-05,8.7450404e-05,0.9997423,1.7565368e-05,ISIC_0030540.jpg,5
4.6143385e-05,0.0013652954,0.0030579695,3.0222564e-06,0.00017995434,0.9952886,5.9010414e-05,ISIC_0026111.jpg,5
0.01874991,0.0022638363,0.97316587,0.0014184043,0.002111472,0.0022090264,8.1538485e-05,ISIC_0024773.jpg,2
1.2024693e-06,5.3849703e-07,1.7033724e-05,2.3624256e-05,1.270128e-05,0.99993014,1.469144e-05,ISIC_0029972.jpg,5
0.005406743,0.0014407864,0.057652306,0.0018870145,0.0019801522,0.931604,2.8812992e-05,ISIC_0024772.jpg,5
9.317904e-07,9.871861e-07,7.6607896e-05,7.4298825e-08,0.99991035,1.1015551e-05,1.62946e-08,ISIC_0029630.jpg,4
3.1334025e-06,6.118074e-07,4.926078e-05,3.2110543e-06,0.00045448504,0.9994816,7.726057e-06,ISIC_0033191.jpg,5
0.00052944035,0.0003809788,0.0043223943,0.00013855353,0.011112935,0.98335224,0.00016345347,ISIC_0029208.jpg,5
0.0013605645,0.00012655958,0.00016835093,0.0033696801,0.00048047918,0.9944753,1.900717e-05,ISIC_0024941.jpg,5
1.47323135e-05,6.646663e-05,0.0005070724,4.4204342e-05,0.0009879571,0.99820113,0.00017846335,ISIC_0025161.jpg,5
4.670469e-08,4.233218e-08,2.727121e-07,2.204986e-07,9.2479223e-07,0.9999962,2.3103066e-06,ISIC_0027001.jpg,5
0.0031308539,0.000115824754,0.99086237,4.052669e-05,0.0031224838,0.0027269106,8.913386e-07,ISIC_0030458.jpg,2
1.8576184e-05,1.4865773e-06,4.0200048e-05,0.00010873606,3.224083e-05,0.99978334,1.5503703e-05,ISIC_0029373.jpg,5
1.7243678e-07,7.256316e-07,5.807431e-06,2.7207902e-06,6.761892e-06,0.99998224,1.5328548e-06,ISIC_0024311.jpg,5
3.0359812e-05,1.29213395e-05,0.00019785871,5.7968746e-06,0.0074835606,0.99226016,9.33679e-06,ISIC_0024387.jpg,5
7.1130853e-06,6.2537574e-06,1.0368585e-05,1.6953349e-05,0.00012140922,0.9998287,9.233135e-06,ISIC_0028946.jpg,5
3.2155301e-06,5.7711517e-05,0.00021902993,2.9975537e-05,1.2865076e-05,0.99965465,2.2544875e-05,ISIC_0029688.jpg,5
0.00028894303,0.0043715965,0.0117673045,0.0001832185,0.7789052,0.20420659,0.00027708165,ISIC_0032746.jpg,4
0.0017759191,4.820504e-06,0.0013458012,0.00073475286,0.007821157,0.9882929,2.4679364e-05,ISIC_0025640.jpg,5
2.1041333e-05,2.0450321e-05,0.0005557031,2.2841718e-05,0.0021907242,0.9971527,3.658865e-05,ISIC_0025456.jpg,5
6.348795e-06,2.1965493e-06,3.8407252e-05,7.821104e-05,8.394577e-06,0.99972504,0.00014150863,ISIC_0024606.jpg,5
8.448121e-05,9.060662e-06,0.0068613407,1.3403823e-05,0.001095616,0.9919172,1.8892128e-05,ISIC_0026475.jpg,5
3.6400237e-08,5.136163e-05,0.99993145,1.2706572e-08,1.6393771e-07,5.1036386e-07,1.6432703e-05,ISIC_0026511.jpg,2
9.96323e-05,3.3822525e-05,0.00023129444,0.00023273756,0.00015298174,0.99918824,6.129827e-05,ISIC_0031626.jpg,5
1.1612528e-05,5.0325734e-06,0.00017529105,4.868638e-06,0.0025084114,0.99727255,2.219923e-05,ISIC_0025055.jpg,5
0.0024889759,0.9908174,0.0014262294,4.2704573e-06,0.005253569,3.954915e-07,9.263249e-06,ISIC_0034123.jpg,1
7.934416e-06,1.29345635e-05,3.626049e-05,0.00012429795,6.328687e-06,0.99978274,2.9464647e-05,ISIC_0026932.jpg,5
0.006097217,0.00014338897,0.0024775914,0.0033755803,0.034415986,0.9534019,8.824339e-05,ISIC_0030663.jpg,5
0.00020224485,1.6787639e-05,0.0015789219,1.3385857e-05,0.019148825,0.9790319,7.825866e-06,ISIC_0025809.jpg,5
4.690194e-06,4.3739356e-06,1.2663465e-05,1.690866e-06,3.883188e-05,0.99993145,6.241423e-06,ISIC_0031149.jpg,5
8.046954e-05,6.6209475e-05,0.00010241062,0.0010139716,0.9961427,0.0025507049,4.3504635e-05,ISIC_0033055.jpg,4
1.219518e-05,4.9817153e-08,3.69654e-06,2.482909e-06,0.9992874,0.00069300947,1.1708962e-06,ISIC_0033279.jpg,4
0.008066002,4.838648e-06,0.013413083,0.00046330752,0.97790056,0.00014468319,7.4994787e-06,ISIC_0027568.jpg,4
0.0040011457,0.002541112,0.41434458,2.202401e-05,0.53565663,0.043421734,1.2789063e-05,ISIC_0033773.jpg,4
4.5344174e-07,8.307773e-08,0.00053291535,3.9582306e-07,3.7525773e-05,0.99942845,1.0133219e-07,ISIC_0032327.jpg,5
0.00016931085,1.7345681e-05,0.0026548514,0.00023039212,0.0057396465,0.9911623,2.6150768e-05,ISIC_0031942.jpg,5
2.0030464e-05,2.5857671e-05,0.00025653004,2.5404133e-05,0.9308749,0.06876054,3.6702513e-05,ISIC_0033804.jpg,4
6.121854e-05,5.6590875e-06,0.00024783035,4.4719556e-05,0.00054417335,0.9990933,3.0894566e-06,ISIC_0026658.jpg,5
2.6927082e-05,7.06331e-06,1.9313859e-05,0.00022783442,5.6770805e-05,0.9996519,1.0179454e-05,ISIC_0028798.jpg,5
1.9921904e-06,1.3636817e-06,6.208057e-05,1.1530644e-05,5.3805998e-05,0.9998266,4.2701467e-05,ISIC_0027885.jpg,5
1.4924733e-05,6.0126117e-06,2.3879335e-05,4.2517866e-05,9.24086e-05,0.9998006,1.968401e-05,ISIC_0026719.jpg,5
0.29158595,0.00038708834,0.00035897066,0.70445615,7.260482e-05,0.003130501,8.7689405e-06,ISIC_0028730.jpg,3
5.1688284e-07,1.9314446e-07,2.647105e-06,0.0003459442,1.3116267e-05,0.99963665,8.827829e-07,ISIC_0030711.jpg,5
1.0743926e-05,2.086686e-06,5.4657416e-05,7.879458e-06,3.5033325e-05,0.9998872,2.3424886e-06,ISIC_0024492.jpg,5
0.00015678212,5.1710325e-05,9.773352e-05,0.00027456746,0.0083784,0.99092144,0.000119331,ISIC_0027208.jpg,5
0.0053561423,1.5396434e-05,0.0143711055,0.0005987147,0.0029247657,0.97672176,1.2173751e-05,ISIC_0028130.jpg,5
2.7328747e-06,5.7848195e-07,5.5488e-05,2.4490462e-06,9.1906615e-05,0.99983716,9.5954565e-06,ISIC_0029156.jpg,5
1.6464115e-05,2.9972474e-05,0.9999205,5.7038737e-06,4.9135638e-06,2.2435335e-05,3.4912215e-09,ISIC_0030459.jpg,2
2.6943426e-06,8.835037e-07,0.00042711452,8.206893e-06,7.2820934e-05,0.9994868,1.504412e-06,ISIC_0031919.jpg,5
0.00018101615,7.32825e-05,0.0011952549,0.0002205715,0.0007861746,0.9973066,0.00023714926,ISIC_0024661.jpg,5
0.010055631,1.402232e-05,0.98776335,2.0582385e-05,0.0019252525,0.00022102587,1.0210097e-07,ISIC_0025830.jpg,2
0.00016943688,7.388615e-05,0.28917545,4.003272e-05,0.004047014,0.70646024,3.401219e-05,ISIC_0031230.jpg,5
3.1141653e-07,1.992621e-09,3.3774137e-07,7.9756354e-08,4.6454747e-06,0.99999464,1.4968742e-09,ISIC_0033915.jpg,5
1.0845753e-08,9.427452e-08,4.9144905e-08,1.756438e-08,1.1897787e-06,0.99999857,1.0956894e-07,ISIC_0029631.jpg,5
0.00016585026,6.169696e-05,0.0009773866,5.2280946e-05,0.001305542,0.9972464,0.00019082295,ISIC_0030719.jpg,5
5.011106e-05,5.5615983e-05,8.513741e-06,6.224491e-05,0.00037819587,0.9994289,1.6357166e-05,ISIC_0025702.jpg,5
8.177198e-06,3.0125767e-07,0.0002554741,0.0001102798,0.9985285,0.0010963579,8.9617265e-07,ISIC_0024496.jpg,4
0.3030182,8.977307e-05,0.015245408,0.00024713145,0.6486124,0.03278221,4.9109626e-06,ISIC_0028929.jpg,4
0.0008710934,0.0001514695,0.001551561,0.0023010608,0.00011556825,0.9949561,5.312133e-05,ISIC_0027663.jpg,5
0.0010064926,0.0031695897,0.00020924988,0.9943527,0.0011435257,2.1843154e-05,9.661587e-05,ISIC_0029824.jpg,3
0.0020115813,0.0003082973,0.004279154,8.3948275e-05,0.68962497,0.30362862,6.343944e-05,ISIC_0025766.jpg,4
0.00727282,0.0060807783,0.9023729,0.0037823338,0.07997993,0.00045939538,5.1826275e-05,ISIC_0025661.jpg,2
3.1386776e-06,2.6040074e-05,6.2819154e-06,2.088376e-05,1.733206e-05,0.9999075,1.8859113e-05,ISIC_0030027.jpg,5
0.99820375,0.00086748356,8.9055204e-05,6.338902e-05,0.0005126211,0.00026289432,8.3174115e-07,ISIC_0028816.jpg,0
1.3551621e-06,2.0191278e-06,0.00011486906,1.7543207e-06,0.0028463802,0.9970323,1.242995e-06,ISIC_0033771.jpg,5
1.3118764e-06,1.5915101e-06,5.745568e-05,1.3181971e-06,3.602737e-05,0.9997855,0.00011686746,ISIC_0031416.jpg,5
3.1102084e-06,3.0572041e-06,2.0358686e-06,3.69577e-05,1.941669e-06,0.9999386,1.4266275e-05,ISIC_0031731.jpg,5
9.613662e-05,0.0004169454,0.00047832393,0.00017504983,0.000736976,0.9979139,0.00018268751,ISIC_0026047.jpg,5
5.7467772e-05,0.0001899723,3.700599e-05,1.5575326e-05,0.0001575008,0.9995173,2.512744e-05,ISIC_0028293.jpg,5
0.0123016955,0.9867953,0.00010080426,0.00038552223,0.00021101357,0.00015866572,4.6982797e-05,ISIC_0026988.jpg,1
0.0005094976,2.3191027e-05,0.004048809,5.843627e-05,0.6425754,0.35269853,8.6122636e-05,ISIC_0033616.jpg,4
0.00037532803,3.3992324e-05,3.1084128e-05,0.9970304,5.782722e-06,0.0025231678,2.0623838e-07,ISIC_0029455.jpg,3
3.1897467e-05,2.0842997e-05,0.006623386,2.3172972e-05,0.91075134,0.082540475,8.812538e-06,ISIC_0031598.jpg,4
0.38278162,0.0001389056,0.53639114,6.5558e-05,0.07943665,0.0011661098,2.0038098e-05,ISIC_0028750.jpg,2
5.2195413e-05,1.0819087e-05,0.00030172215,3.2899276e-05,0.00029019517,0.9992694,4.274158e-05,ISIC_0026603.jpg,5
6.6012367e-06,7.782223e-06,7.314248e-05,2.3540071e-05,0.00014158447,0.9997068,4.0555537e-05,ISIC_0027782.jpg,5
0.00025331823,8.557791e-05,0.0041540917,4.1287294e-05,0.014075041,0.9811379,0.0002528471,ISIC_0024347.jpg,5
9.598731e-05,5.4642493e-05,0.013622851,3.0497677e-05,0.008446154,0.9777125,3.735193e-05,ISIC_0034282.jpg,5
0.00013107555,0.0011543573,0.0016168315,0.00048630164,0.00074578373,0.99568695,0.00017873684,ISIC_0024718.jpg,5
3.0836334e-05,2.9777868e-05,1.8402614e-05,5.146764e-05,6.59943e-05,0.9997732,3.028863e-05,ISIC_0026294.jpg,5
2.5932197e-05,0.00036506177,0.11376771,4.1402895e-06,0.87652904,0.00930801,1.4775534e-07,ISIC_0031941.jpg,4
4.7661524e-05,5.6678887e-06,3.071413e-05,4.4574004e-05,0.00038405796,0.99948645,7.788529e-07,ISIC_0025065.jpg,5
2.8440908e-07,1.1835386e-07,1.7736182e-06,3.591255e-07,7.567405e-06,0.99998856,1.3896909e-06,ISIC_0025215.jpg,5
4.5559336e-05,1.6086193e-06,0.0011319718,0.00012349448,0.0010242453,0.99765885,1.4283682e-05,ISIC_0024474.jpg,5
0.0014089879,0.00015455627,0.011515765,0.00011187091,0.004474147,0.9823277,7.0172887e-06,ISIC_0027150.jpg,5
1.7119852e-05,1.2563779e-05,5.2863114e-05,0.00029325814,0.00020146879,0.99931,0.00011275474,ISIC_0025255.jpg,5
0.000101256235,0.0007935103,0.00011578911,1.5907275e-05,0.0052311555,0.99372524,1.7264236e-05,ISIC_0025984.jpg,5
6.6555754e-07,2.524563e-07,1.7891019e-06,3.3642157e-06,1.4559944e-05,0.99997926,1.733226e-07,ISIC_0028362.jpg,5
5.700566e-06,2.5123559e-06,1.2253176e-05,1.0155508e-05,0.0002963225,0.9996637,9.343226e-06,ISIC_0032541.jpg,5
0.00018557963,1.17052906e-07,0.00017195799,4.599272e-06,2.0753834e-05,0.99961686,9.34581e-08,ISIC_0030833.jpg,5
0.002445607,0.0002458828,0.0015071575,0.00015514513,0.005155046,0.9904813,9.856373e-06,ISIC_0030061.jpg,5
0.0007505802,6.265444e-05,0.008110546,0.0003518229,0.005718664,0.9849119,9.3680275e-05,ISIC_0030107.jpg,5
5.0081894e-06,3.5202135e-07,5.6507986e-05,5.40926e-06,0.00047215135,0.99945015,1.0416156e-05,ISIC_0029124.jpg,5
4.3666064e-06,1.6897618e-05,2.6543434e-05,4.5463476e-05,6.580391e-05,0.99976987,7.1117756e-05,ISIC_0024803.jpg,5
1.5814327e-06,1.6017077e-06,1.2791531e-05,3.5375793e-05,2.056866e-05,0.9999049,2.3173872e-05,ISIC_0028007.jpg,5
1.3294206e-06,3.7399232e-06,1.5765694e-05,0.00022168332,0.0005176197,0.9992337,6.24231e-06,ISIC_0024729.jpg,5
2.5553075e-07,6.186545e-08,4.2356564e-06,1.3302382e-06,2.306952e-05,0.9999665,4.5387224e-06,ISIC_0026685.jpg,5
3.2678267e-06,2.8408215e-06,0.00023737493,2.426595e-06,0.0007188579,0.99902236,1.2837729e-05,ISIC_0027755.jpg,5
0.00014028148,1.2486247e-06,0.0033316405,0.0015247595,0.0008633792,0.99413586,2.7190306e-06,ISIC_0029221.jpg,5
6.1454857e-06,2.123429e-07,3.90697e-05,1.7868493e-06,0.00013934071,0.9998105,2.8956388e-06,ISIC_0028761.jpg,5
0.06449217,0.037988354,0.2867955,0.045913383,0.0868243,0.47761878,0.00036749447,ISIC_0026722.jpg,5
2.1903335e-05,1.1915531e-07,1.4650723e-05,1.100373e-06,0.0008167447,0.99914265,2.8485704e-06,ISIC_0026333.jpg,5
2.9035095e-07,3.7050263e-06,2.4626534e-06,1.5077145e-06,1.724973e-05,0.99997056,4.17725e-06,ISIC_0028434.jpg,5
7.64232e-06,5.2170748e-08,2.4848574e-05,1.8264766e-06,2.1131773e-05,0.9999442,3.2236088e-07,ISIC_0029461.jpg,5
0.9933207,1.1649754e-06,1.4114127e-07,1.1515381e-06,0.0066757365,9.537287e-07,5.034837e-08,ISIC_0029781.jpg,0
0.0013006317,0.00010869688,0.047276847,0.00048147107,0.06222841,0.88850945,9.4417395e-05,ISIC_0027797.jpg,5
0.2091221,0.041781582,0.48084763,0.004731463,0.010218566,0.25328994,8.746652e-06,ISIC_0026549.jpg,2
0.011979775,0.0001928651,0.22715972,0.00019682109,0.20082588,0.5596022,4.272285e-05,ISIC_0032675.jpg,5
3.391542e-07,1.7232715e-07,2.9406996e-05,8.743753e-07,7.9720136e-05,0.99988604,3.5476935e-06,ISIC_0033994.jpg,5
9.960977e-06,0.00010835273,0.00219511,0.002024729,2.7396998e-06,0.9956424,1.671022e-05,ISIC_0024857.jpg,5
1.1663277e-05,2.68695e-06,0.020130264,8.623692e-07,0.9787081,0.0011455867,8.216599e-07,ISIC_0032709.jpg,4
0.5398044,0.00058505556,0.43665737,0.00049751403,0.02211361,0.0003329295,9.133206e-06,ISIC_0029135.jpg,0
0.00088164955,8.858205e-06,0.00051624724,2.5924714e-05,0.010280118,0.9882783,8.950264e-06,ISIC_0025074.jpg,5
4.5013985e-07,1.5156368e-07,2.0885836e-06,2.1388698e-06,5.812335e-05,0.99992657,1.0526933e-05,ISIC_0031097.jpg,5
0.0013822255,3.857411e-05,0.017183516,6.6015404e-05,0.0034245695,0.9778886,1.6515329e-05,ISIC_0031644.jpg,5
3.4469285e-05,1.7105463e-06,0.0001779939,1.0197956e-05,0.0015351946,0.9982279,1.25742545e-05,ISIC_0028698.jpg,5
2.020685e-06,2.694534e-07,4.5219326e-06,6.6795296e-06,5.7441175e-06,0.99997985,9.80082e-07,ISIC_0026873.jpg,5
0.001570722,0.9699237,0.02776029,8.830408e-06,0.0004262433,0.00030101166,9.275269e-06,ISIC_0027004.jpg,1
0.00014046754,7.854128e-05,0.00018219731,0.0003975754,0.016363384,0.98283124,6.6971347e-06,ISIC_0028540.jpg,5
8.122204e-06,4.108125e-06,3.243628e-05,1.2832034e-05,2.7655935e-05,0.9998933,2.1491436e-05,ISIC_0029234.jpg,5
0.026547588,0.0007691851,0.84353316,0.002903094,0.089787595,0.03641593,4.343337e-05,ISIC_0027452.jpg,2
0.00016413418,8.32763e-05,0.00030987352,0.000665822,0.00071909634,0.99799854,5.921596e-05,ISIC_0027751.jpg,5
1.7298627e-05,9.394765e-06,4.514388e-05,1.252821e-05,0.00014246863,0.99976104,1.2100517e-05,ISIC_0029883.jpg,5
0.0004018194,0.009191201,0.98835224,0.00022226409,0.0012087679,0.00057831843,4.5364042e-05,ISIC_0025937.jpg,2
0.00016323205,5.0976823e-06,0.00039601416,6.740068e-05,0.0004398167,0.9989202,8.287875e-06,ISIC_0026840.jpg,5
3.4778532e-07,9.595008e-07,4.6929713e-06,7.5268813e-06,1.9586727e-05,0.9999454,2.1474341e-05,ISIC_0033880.jpg,5
2.3496827e-05,8.567591e-06,9.8669894e-05,3.8972277e-05,3.289224e-05,0.9997391,5.824073e-05,ISIC_0026116.jpg,5
7.1524984e-05,3.103807e-05,0.0013285655,0.00023897932,0.00085376814,0.9974158,6.032222e-05,ISIC_0025675.jpg,5
6.1949613e-06,0.00024567216,0.00019834627,1.0760984e-05,0.0017213703,0.9977969,2.0905105e-05,ISIC_0024872.jpg,5
0.00020044114,0.002803975,0.057608407,7.455062e-05,0.13340259,0.80588996,2.0093521e-05,ISIC_0024981.jpg,5
0.9889058,0.0040314733,0.006737413,0.00028312323,2.0986396e-05,2.1136255e-05,5.6325966e-08,ISIC_0028499.jpg,0
0.13341606,0.00059942284,0.8626484,1.842783e-05,0.0033137007,2.9745347e-06,1.0763531e-06,ISIC_0028943.jpg,2
0.015570944,0.8699116,0.0063528023,0.00023934741,0.099149205,0.008723486,5.2676372e-05,ISIC_0026323.jpg,1
7.935666e-05,0.99991107,1.7031491e-06,4.8811114e-07,3.5796818e-06,3.8439994e-06,3.0838333e-08,ISIC_0029899.jpg,1
2.2307759e-05,3.203523e-06,0.0044409125,1.45890035e-05,0.027734121,0.96771854,6.635205e-05,ISIC_0032078.jpg,5
0.0006166959,0.00034585784,0.42926142,0.00031939923,0.00061373645,0.5660143,0.0028286157,ISIC_0026941.jpg,5
2.2834155e-07,5.506709e-07,1.8564858e-06,4.4942494e-06,5.23773e-06,0.9999789,8.611354e-06,ISIC_0029863.jpg,5
2.0451815e-05,3.8780534e-05,0.0002466808,4.9481998e-05,0.0003452862,0.9992551,4.4160675e-05,ISIC_0024736.jpg,5
5.967038e-06,2.5946129e-06,5.5053217e-05,1.5571271e-05,1.0670986e-05,0.9998939,1.6187749e-05,ISIC_0026288.jpg,5
5.3794815e-06,1.0643473e-05,3.1264328e-05,9.342287e-06,0.00060209143,0.9993267,1.4689521e-05,ISIC_0031312.jpg,5
1.4606755e-06,1.1451734e-05,0.9488288,1.8542585e-07,0.047142353,0.0040152194,5.248997e-07,ISIC_0028211.jpg,2
0.0001271374,0.00011122621,0.018175114,0.0019851974,5.5405093e-05,0.9792128,0.00033297532,ISIC_0025175.jpg,5
7.394886e-05,0.00010817369,0.00025690382,5.1119687e-06,0.00010175719,0.99942386,3.0225852e-05,ISIC_0029867.jpg,5
0.010657331,1.7660122e-05,0.0002673381,0.9844223,2.304503e-05,0.0046119387,4.3374325e-07,ISIC_0028650.jpg,3
1.5261536e-05,4.3973596e-06,7.327542e-05,2.3429278e-05,0.00019805299,0.9996784,7.1761688e-06,ISIC_0027314.jpg,5
0.021610089,0.0071025747,0.90583706,0.0540588,0.007541583,0.0028307298,0.001019312,ISIC_0029647.jpg,2
2.5863073e-07,1.2606611e-06,2.1611655e-05,1.7949289e-05,2.6351685e-05,0.99904233,0.0008900733,ISIC_0032001.jpg,5
0.00018876644,3.1260106e-06,0.00028768816,4.6594818e-05,0.07316109,0.9262953,1.7524557e-05,ISIC_0034102.jpg,5
6.199875e-07,7.022177e-07,2.3681932e-06,4.5555544e-07,1.2622108e-05,0.999982,1.2131289e-06,ISIC_0027289.jpg,5
0.0038794563,0.0010023328,0.16669947,0.000103192964,0.8254745,0.0027751175,6.58523e-05,ISIC_0025439.jpg,4
2.6599377e-05,1.0400216e-05,0.00027861382,8.31474e-06,0.0005619243,0.99909663,1.7599548e-05,ISIC_0031492.jpg,5
9.769054e-07,1.5234568e-06,4.013571e-06,1.9883705e-06,1.3414892e-05,0.9999702,7.838783e-06,ISIC_0030562.jpg,5
0.0018586821,1.0984132e-05,0.9898315,0.0026770418,0.005458188,0.00016249953,1.0136282e-06,ISIC_0029958.jpg,2
4.7871978e-05,3.4880624e-05,0.00028089434,6.4728796e-05,0.00013239804,0.9992557,0.00018356788,ISIC_0026485.jpg,5
7.181137e-05,0.0023796076,0.00095419516,5.2365245e-05,0.0028405795,0.0016708615,0.9920305,ISIC_0025578.jpg,6
0.03463142,5.7080786e-05,0.00045380014,0.51651675,0.024663681,0.42164075,0.0020365266,ISIC_0026340.jpg,3
0.00029014796,6.944216e-06,0.00079902983,6.64479e-06,0.011016174,0.9878786,2.4444935e-06,ISIC_0024620.jpg,5
2.9226862e-06,2.1889751e-07,3.848414e-06,1.1104825e-06,1.7572162e-05,0.9999716,2.7626531e-06,ISIC_0026344.jpg,5
0.4606491,0.0003945636,0.018320104,0.004779905,0.39332166,0.12250581,2.8867205e-05,ISIC_0028567.jpg,0
0.00015507791,0.00031359898,0.0017177132,0.0005136866,0.009875147,0.98732156,0.00010326536,ISIC_0032625.jpg,5
0.00071565283,0.015189041,0.0343297,0.00038482237,0.94126254,0.0012366156,0.006881693,ISIC_0033534.jpg,4
0.019437453,0.0049863714,0.022726098,0.5970783,0.12401286,0.23141088,0.00034799514,ISIC_0033536.jpg,3
1.02885715e-05,8.6610487e-07,0.00037564093,5.6121728e-05,0.00031135432,0.9992423,3.446164e-06,ISIC_0024379.jpg,5
0.0013082377,0.0059597706,0.0004985377,4.905851e-05,0.0010693313,1.5020574e-05,0.9911,ISIC_0026456.jpg,6
4.571867e-06,1.606023e-06,0.00013397292,3.9347774e-06,0.0005940317,0.9992569,5.054633e-06,ISIC_0033043.jpg,5
3.1734147e-05,1.3141407e-05,5.1661224e-05,1.3439145e-05,0.00010542055,0.99975663,2.8032193e-05,ISIC_0027705.jpg,5
1.0482077e-06,4.0205e-07,6.7006516e-07,7.0975284e-07,7.1822774e-06,0.9999895,4.891556e-07,ISIC_0029508.jpg,5
1.185115e-05,1.1614054e-06,0.010997814,1.4434709e-06,0.022448579,0.9665265,1.2612872e-05,ISIC_0033932.jpg,5
0.00031275375,0.006597103,0.008062018,1.7593598e-05,0.00472818,0.98019695,8.531722e-05,ISIC_0034153.jpg,5
4.749706e-06,1.3533648e-05,4.761228e-05,2.0977881e-05,5.299047e-05,0.99981636,4.3773107e-05,ISIC_0026447.jpg,5
0.0008435785,4.3564956e-05,0.0024018988,7.420811e-05,0.008875046,0.9877394,2.2329647e-05,ISIC_0033515.jpg,5
5.295893e-06,2.4028006e-06,5.7309975e-05,0.9999081,3.758844e-06,1.8240979e-05,4.8895045e-06,ISIC_0026254.jpg,3
1.4103695e-06,2.0968798e-06,1.6201533e-06,9.947744e-06,4.164695e-06,0.99997413,6.681632e-06,ISIC_0025213.jpg,5
0.0006204125,5.4275497e-06,4.7900085e-05,0.0010313058,4.0381e-06,0.9982817,9.145291e-06,ISIC_0026757.jpg,5
0.0012106377,8.1195976e-05,0.000488479,0.020615479,0.003985536,0.9736162,2.3696366e-06,ISIC_0025795.jpg,5
0.0009368894,0.0010569604,0.0005861663,0.00077858905,0.00059187197,0.9959246,0.0001249399,ISIC_0024896.jpg,5
8.1651895e-05,1.2633697e-05,6.828914e-06,0.00017796746,8.647849e-06,0.99969816,1.4209351e-05,ISIC_0025445.jpg,5
8.753906e-05,3.4284778e-05,0.02379039,0.00042352045,0.011003139,0.9646376,2.3595065e-05,ISIC_0033157.jpg,5
5.3992744e-06,3.262352e-05,0.00010040696,6.715342e-06,6.496922e-05,0.9997595,3.0445379e-05,ISIC_0029105.jpg,5
0.00016806863,5.0811027e-06,0.00086054543,2.711086e-05,0.0045507373,0.99438643,2.042472e-06,ISIC_0033978.jpg,5
0.0007327761,2.6390987e-06,3.5819023e-05,2.4010793e-05,0.000108745575,0.9990864,9.636809e-06,ISIC_0034184.jpg,5
3.1470558e-05,1.4530578e-06,0.00016470329,5.502181e-06,0.0018842572,0.9979096,3.015875e-06,ISIC_0032802.jpg,5
6.844932e-05,2.027713e-06,7.7262834e-05,0.00011413938,0.0058628996,0.99386436,1.0910109e-05,ISIC_0026741.jpg,5
5.250971e-05,2.9920044e-05,0.00037143385,1.5114461e-05,0.0109760575,0.9885483,6.7412197e-06,ISIC_0025396.jpg,5
4.650232e-06,1.2681126e-05,6.603791e-05,7.509898e-05,0.00025476556,0.99956197,2.4886142e-05,ISIC_0026708.jpg,5
5.283138e-08,6.424393e-07,1.2157186e-06,1.2044438e-06,1.0892342e-06,0.9999944,1.4924543e-06,ISIC_0029657.jpg,5
9.570897e-07,1.2335892e-06,1.101291e-05,1.8552819e-06,1.720039e-05,0.99996626,1.4673395e-06,ISIC_0032084.jpg,5
0.014524284,0.1086327,0.4532221,0.053736012,0.14397565,0.13260041,0.09330886,ISIC_0031943.jpg,2
8.558847e-05,1.6962381e-06,2.7181654e-06,0.9932823,3.4005886e-06,0.006624263,6.914814e-08,ISIC_0027822.jpg,3
0.00082523323,0.00037021455,0.0036690098,0.00026361176,0.00022512412,0.99458295,6.396499e-05,ISIC_0025329.jpg,5
6.474521e-06,1.2394875e-05,8.855274e-05,0.00011059026,7.838802e-05,0.99952877,0.00017481267,ISIC_0030595.jpg,5
1.6060108e-05,6.5683025e-06,0.00034624012,0.00027482054,6.231428e-05,0.99921167,8.2342835e-05,ISIC_0026283.jpg,5
1.6831456e-05,1.6001033e-05,0.8115471,1.0648212e-06,0.1879023,0.00051656424,1.0593399e-07,ISIC_0032396.jpg,2
3.847785e-08,3.265772e-08,4.1838098e-07,1.5586548e-07,2.3282324e-05,0.9999752,9.645681e-07,ISIC_0030558.jpg,5
5.5850705e-06,5.11489e-06,3.324143e-05,5.9456932e-05,3.534903e-05,0.9998461,1.5141005e-05,ISIC_0026740.jpg,5
0.0004395818,0.99459296,0.00015656666,0.00026366947,2.3579716e-05,0.004466064,5.746948e-05,ISIC_0026970.jpg,1
0.0003669635,6.8431174e-05,0.0030002834,0.0005404719,0.0004503978,0.9954894,8.409733e-05,ISIC_0031480.jpg,5
0.00010492909,2.340772e-06,6.1526815e-05,1.793106e-05,0.06669057,0.93311095,1.173915e-05,ISIC_0033970.jpg,5
7.731265e-08,1.2627258e-07,8.800484e-07,1.7782087e-07,2.2127802e-05,0.9999751,1.5751826e-06,ISIC_0029433.jpg,5
4.9861364e-07,4.3210716e-07,4.729073e-06,2.5536017e-06,3.2711952e-05,0.99995255,6.510523e-06,ISIC_0027223.jpg,5
0.002461103,0.0067166747,5.1357256e-05,7.73918e-06,0.9907607,2.4742583e-06,4.9280274e-08,ISIC_0029265.jpg,4
1.5348911e-07,7.187348e-08,1.91839e-06,1.2082482e-06,0.9999809,1.5825886e-05,2.7547545e-08,ISIC_0034085.jpg,4
0.001683521,0.00047508674,0.9826398,0.00010300264,0.0016962412,0.013401102,1.2364783e-06,ISIC_0026843.jpg,2
0.0010010732,0.9951113,0.0035768936,0.00025028855,1.0371758e-05,4.9942173e-05,1.7811726e-07,ISIC_0032536.jpg,1
0.010483132,0.0004009941,0.48553807,0.0030876703,0.39207855,0.10837894,3.2565506e-05,ISIC_0030925.jpg,2
0.00069541717,2.8402594e-05,0.00038694276,0.0002410822,0.00025700443,0.99837554,1.5491813e-05,ISIC_0034148.jpg,5
4.0373758e-05,4.359027e-06,0.00022963056,1.4018552e-05,0.001012981,0.99868673,1.1798007e-05,ISIC_0028863.jpg,5
0.00033214802,0.00040841172,0.0005903316,0.00013828807,0.0049142777,0.9934875,0.00012902275,ISIC_0028403.jpg,5
2.9609205e-06,2.269433e-06,0.00033355385,1.6632916e-05,0.00015193898,0.99948573,6.7997694e-06,ISIC_0024956.jpg,5
0.0001918786,0.9997372,2.615361e-06,7.9392817e-07,1.9989507e-06,6.5369066e-05,2.0140783e-07,ISIC_0032022.jpg,1
3.6137365e-06,1.3806107e-06,0.99591726,2.2332313e-06,3.322834e-06,0.004071987,2.3291075e-07,ISIC_0026441.jpg,2
0.00040643194,0.00019081318,0.99902487,5.9721322e-05,0.00016334385,0.00015464611,1.94504e-07,ISIC_0031580.jpg,2
2.8922857e-05,1.00415045e-05,0.00021254088,0.00024082749,0.00035282498,0.9990189,0.00013600267,ISIC_0027808.jpg,5
5.9202157e-05,1.8086685e-06,0.0008563364,2.421738e-05,0.0003700583,0.99867696,1.1469892e-05,ISIC_0029834.jpg,5
6.7138245e-08,1.02042066e-13,1.991136e-15,0.9999999,2.1620514e-14,1.6147574e-08,2.0186391e-14,ISIC_0027668.jpg,3
4.3658824e-06,2.7256406e-06,1.856547e-05,9.5808955e-06,2.7870128e-05,0.9999274,9.459672e-06,ISIC_0030237.jpg,5
7.2440357e-06,5.162325e-07,9.3790615e-05,6.944432e-06,0.018007696,0.9818811,2.76629e-06,ISIC_0029606.jpg,5
9.059471e-07,1.0370403e-06,1.1182628e-05,2.809518e-06,1.3559465e-05,0.9999645,5.8980822e-06,ISIC_0032367.jpg,5
0.0014193923,0.9970343,0.00033541038,0.00019783307,5.4077587e-05,0.0009237334,3.5341036e-05,ISIC_0025975.jpg,1
1.4080868e-07,2.7931776e-07,2.7036142e-06,2.6730046e-07,9.1455506e-05,0.9998826,2.2660392e-05,ISIC_0029852.jpg,5
1.3035852e-06,7.3699294e-07,7.105435e-06,5.872977e-06,3.2260556e-05,0.9999485,4.286015e-06,ISIC_0028440.jpg,5
0.026451407,0.0007459457,0.010333588,0.014450927,0.18915686,0.7587662,9.4987605e-05,ISIC_0029470.jpg,5
1.05733e-06,9.0225444e-07,7.2669054e-06,6.2438867e-06,0.00012270591,0.99985886,2.895834e-06,ISIC_0032996.jpg,5
0.049450364,0.00035273406,0.18616192,0.0016936695,0.7524782,0.009850858,1.2325197e-05,ISIC_0029318.jpg,4
3.4295382e-09,3.217898e-08,5.983204e-06,1.5100673e-07,6.75763e-07,7.690283e-06,0.99998546,ISIC_0024662.jpg,6
3.1287527e-05,0.00041282407,0.101833984,1.1922681e-05,0.030006915,0.86769104,1.2032704e-05,ISIC_0034130.jpg,5
7.0957576e-06,2.102614e-05,0.000117196025,3.116321e-05,0.00011393811,0.999648,6.1548766e-05,ISIC_0025868.jpg,5
1.3610615e-06,1.2427199e-06,1.4691e-05,1.0343588e-05,0.0001167855,0.9998392,1.6378948e-05,ISIC_0030779.jpg,5
2.0808228e-08,6.655103e-08,4.6741293e-06,0.38100776,6.133021e-06,0.6188913,9.001311e-05,ISIC_0025028.jpg,5
1.3890303e-05,1.1953354e-05,0.0006185708,1.7249731e-06,0.43343294,0.5659188,2.094911e-06,ISIC_0028508.jpg,5
1.7336795e-06,1.7703906e-06,2.008333e-05,7.315705e-06,0.000111250054,0.99985313,4.704215e-06,ISIC_0025397.jpg,5
4.891922e-07,8.306032e-09,6.7725346e-06,2.5864335e-07,0.0003534037,0.99963903,1.10023265e-07,ISIC_0026133.jpg,5
1.0663545e-06,1.6746785e-07,3.1404958e-05,1.3394317e-06,1.8193682e-06,0.9999635,7.9002206e-07,ISIC_0026937.jpg,5
6.100477e-06,8.625347e-06,0.0016147116,6.629818e-07,0.00070221385,0.99766564,1.9521365e-06,ISIC_0029183.jpg,5
0.9999745,1.2881084e-08,1.5475407e-05,1.6459822e-07,9.5078985e-06,2.7920572e-07,3.8596862e-10,ISIC_0027178.jpg,0
4.075127e-05,9.2770813e-07,0.13197702,1.4949979e-05,0.010286596,0.8576701,9.71663e-06,ISIC_0027091.jpg,5
6.8894356e-06,2.7713979e-05,7.3161764e-06,1.6194368e-05,0.0022701493,0.9975992,7.257196e-05,ISIC_0027250.jpg,5
0.0003502371,0.0008365716,0.008835566,2.3051068e-06,0.9889374,0.0010345576,3.4316001e-06,ISIC_0029056.jpg,4
1.8727904e-07,1.1212743e-06,2.0052943e-05,7.6369014e-07,0.00016060057,0.99981433,3.0664007e-06,ISIC_0034060.jpg,5
0.00018526136,4.7366713e-05,0.0010827981,0.96297663,0.035566166,0.00012811658,1.3653249e-05,ISIC_0032114.jpg,3
3.1146726e-06,1.6671012e-07,1.1342782e-05,1.03569256e-07,0.00011333522,0.99987185,7.320469e-08,ISIC_0029190.jpg,5
4.87399e-05,9.39319e-06,0.0003683597,0.00023228765,0.001563821,0.9975879,0.00018956941,ISIC_0026788.jpg,5
2.4544126e-05,0.9992611,1.0877491e-05,1.1392686e-05,6.925848e-06,0.00067742047,7.6283422e-06,ISIC_0029539.jpg,1
3.5353332e-07,1.2144958e-05,5.414236e-06,5.20719e-05,1.5097962e-05,0.99976677,0.00014813193,ISIC_0028240.jpg,5
0.021004723,0.97831887,0.0004294569,7.0968185e-06,2.0223242e-05,0.00021894803,6.3808847e-07,ISIC_0031643.jpg,1
3.7031758e-05,6.0647167e-06,0.998735,1.2810594e-05,0.001171082,3.7987822e-05,3.402189e-08,ISIC_0033306.jpg,2
1.242288e-07,7.365447e-08,9.82068e-07,9.9469e-07,4.4963786e-06,0.99999285,4.673459e-07,ISIC_0026619.jpg,5
0.007308757,0.019893331,0.4295513,0.03878044,0.47513795,0.028738288,0.0005899136,ISIC_0032915.jpg,4
0.9999962,2.6496977e-07,1.8676773e-06,8.028016e-07,7.6302456e-07,1.226161e-07,1.8692223e-08,ISIC_0033456.jpg,0
8.351984e-05,1.7622431e-06,3.946733e-05,4.8218258e-06,0.0056723333,0.99418265,1.5347934e-05,ISIC_0028905.jpg,5
1.4672567e-06,9.858054e-07,7.287614e-05,3.37474e-06,0.052549843,0.9473593,1.2092106e-05,ISIC_0032540.jpg,5
0.0024438826,0.00032017994,0.0090279905,0.0001635341,0.02106135,0.96691006,7.292747e-05,ISIC_0024821.jpg,5
0.00030685804,8.935231e-05,0.1401055,0.00028547866,0.001707326,0.8574633,4.220777e-05,ISIC_0030849.jpg,5
2.8047069e-05,4.2109477e-06,2.4880504e-07,0.9984334,6.5457784e-06,0.0015221002,5.3546637e-06,ISIC_0025881.jpg,3
0.0036982174,0.00017394157,0.8937059,7.429374e-05,0.09146574,0.010834178,4.777335e-05,ISIC_0033884.jpg,2
1.8355396e-06,1.9058364e-06,4.1917207e-05,1.4959901e-05,0.00014462312,0.9997843,1.04179e-05,ISIC_0025279.jpg,5
0.00015764848,4.0702613e-05,0.0009598267,4.4136366e-05,0.00781539,0.9909662,1.6059621e-05,ISIC_0032572.jpg,5
6.4815365e-05,0.0011158081,0.024984123,3.5891324e-05,0.0046644467,0.96905196,8.2896404e-05,ISIC_0033775.jpg,5
0.007168579,0.00018776761,0.00028273868,0.14235178,0.01906139,0.830938,9.711928e-06,ISIC_0031308.jpg,5
3.739583e-05,0.00053206657,0.00020383022,0.0005746256,0.0010965798,0.9975056,5.0030743e-05,ISIC_0025638.jpg,5
3.0077152e-07,0.000105471605,0.9998888,8.463787e-08,9.3592223e-07,7.744593e-07,3.6678287e-06,ISIC_0025431.jpg,2
0.0009284209,0.00028450292,0.99875844,2.8407145e-05,9.423572e-09,2.5562687e-07,2.5157026e-10,ISIC_0028233.jpg,2
0.99992895,2.0794246e-06,2.3956204e-06,3.8795544e-05,2.7084663e-05,6.3020707e-07,1.01844016e-07,ISIC_0025780.jpg,0
2.297572e-13,2.4240682e-10,1.8867179e-10,1.25790125e-11,6.744571e-10,8.9039115e-12,1.0,ISIC_0031996.jpg,6
7.6156853e-06,2.7798117e-06,3.7651494e-05,1.4543281e-05,0.002259108,0.9976611,1.7246743e-05,ISIC_0032056.jpg,5
0.0009503361,0.001565828,0.001429688,9.420951e-05,0.56790286,0.42730558,0.0007515297,ISIC_0030828.jpg,4
0.0027135846,0.011159444,0.6290459,0.0032750252,0.006225203,0.34737667,0.00020410962,ISIC_0033096.jpg,2
0.0005228205,5.0014576e-05,6.9480884e-05,5.625795e-05,0.6437759,0.35549355,3.198263e-05,ISIC_0025316.jpg,4
0.00017721705,0.0013482079,0.009476334,0.0004544965,0.0099522555,0.9780596,0.00053190626,ISIC_0030247.jpg,5
0.009699671,0.0013214869,0.07079783,0.018787999,0.64768684,0.25002542,0.0016807041,ISIC_0030592.jpg,4
0.00037110742,0.028178582,0.001458791,6.0772352e-05,0.012857621,0.95681036,0.00026277866,ISIC_0031806.jpg,5
1.5333173e-05,6.3102093e-06,0.00022807319,0.00015478543,0.00016474437,0.9993548,7.605292e-05,ISIC_0025050.jpg,5
4.1670464e-05,3.224057e-05,0.0042698192,0.00015978233,8.5354455e-05,0.99534565,6.5438595e-05,ISIC_0025536.jpg,5
7.2376292e-06,2.7311873e-05,9.469408e-05,1.9901843e-05,2.0387095e-05,0.9998123,1.8158617e-05,ISIC_0032493.jpg,5
4.6194564e-06,0.0011496664,5.4970415e-06,2.1402522e-05,0.00013896644,0.9986609,1.8910803e-05,ISIC_0030350.jpg,5
6.5578865e-06,1.4852369e-06,2.1969554e-05,1.7386525e-05,2.7744452e-05,0.99992454,3.1799553e-07,ISIC_0024810.jpg,5
1.9190551e-07,2.5657275e-07,2.406409e-06,4.4640862e-07,3.4964614e-05,0.9999448,1.6934957e-05,ISIC_0029874.jpg,5
3.2070707e-06,0.00079727825,0.99716645,0.0012605508,5.423751e-06,0.00076328305,3.8252824e-06,ISIC_0026803.jpg,2
2.810059e-07,9.0300894e-08,4.9265495e-06,4.449693e-06,1.6137134e-05,0.99996674,7.4273335e-06,ISIC_0030464.jpg,5
5.647041e-06,1.8668561e-05,0.0004483323,5.3003373e-06,0.0010397454,0.9984756,6.6143743e-06,ISIC_0033447.jpg,5
0.0005199831,0.0009435364,0.005188137,0.000110009736,0.000854915,0.9923381,4.5330362e-05,ISIC_0028507.jpg,5
0.000115427174,8.9423e-08,7.302942e-06,6.63869e-06,1.384386e-05,0.999856,5.596559e-07,ISIC_0029601.jpg,5
1.7910015e-06,2.263671e-06,1.7370998e-05,3.8450603e-06,6.3073836e-05,0.9999075,4.186681e-06,ISIC_0026019.jpg,5
0.0001010127,9.838164e-05,2.7088725e-05,0.00012039094,0.0003411483,0.9992866,2.5354502e-05,ISIC_0028413.jpg,5
2.8678679e-08,1.2316146e-07,2.3317002e-06,2.6019462e-08,2.9320683e-05,0.99996686,1.3071423e-06,ISIC_0033381.jpg,5
0.00046734876,0.0014583362,0.040576644,5.6593093e-05,0.013763847,0.94366235,1.4896784e-05,ISIC_0028083.jpg,5
6.8208885e-07,1.9617862e-06,8.157405e-06,3.9782003e-06,1.725461e-05,0.9999379,3.0219662e-05,ISIC_0031610.jpg,5
0.0010044223,0.008077294,0.02798515,0.002271495,0.048864555,0.9105651,0.0012320912,ISIC_0032295.jpg,5
2.6676576e-06,7.740762e-07,4.8766615e-06,6.7784486e-06,1.9473746e-05,0.9999511,1.4343683e-05,ISIC_0026838.jpg,5
1.2367226e-05,2.7450333e-06,0.00010702825,9.79482e-06,0.024384651,0.97548157,1.8182086e-06,ISIC_0025751.jpg,5
0.00015753288,0.0023805082,0.004782338,3.0810863e-06,0.022798464,0.9698113,6.662974e-05,ISIC_0032636.jpg,5
3.3180004e-07,9.782773e-07,3.0371482e-06,3.3230135e-05,2.0518023e-06,0.99995255,7.75984e-06,ISIC_0024465.jpg,5
0.00010641425,6.489185e-05,0.0002831234,0.00016814307,7.897515e-05,0.99928063,1.7699786e-05,ISIC_0028616.jpg,5
0.0010158668,3.5245073e-05,0.011250032,0.0033799056,0.85080856,0.13350281,7.5611547e-06,ISIC_0025987.jpg,4
0.023426663,0.0020709925,0.79708076,0.00018467965,0.17637596,0.00083031814,3.060727e-05,ISIC_0032604.jpg,2
0.0002686628,5.719398e-05,0.0009049415,7.085337e-05,0.02337244,0.97530115,2.4790763e-05,ISIC_0032838.jpg,5
4.6185673e-06,9.022314e-07,0.9669134,6.47634e-08,0.0005919103,0.032488067,1.0235151e-06,ISIC_0029682.jpg,2
1.1440745e-07,1.4766886e-07,8.173108e-07,1.972378e-06,4.1724932e-05,0.9999541,1.0526836e-06,ISIC_0024392.jpg,5
0.0012809578,6.346295e-05,0.0065852497,0.0012265046,0.000107514585,0.9906522,8.412632e-05,ISIC_0026836.jpg,5
4.8108154e-06,6.4336644e-05,3.5684607e-05,4.3365294e-06,0.00022681295,0.9996531,1.1006458e-05,ISIC_0025812.jpg,5
3.3848085e-06,2.0105388e-05,8.685971e-05,7.8360164e-05,0.00013872005,0.9995653,0.000107198226,ISIC_0029675.jpg,5
7.0869924e-06,3.6306843e-05,0.99955255,5.2640877e-05,1.2124923e-06,0.0003224362,2.778809e-05,ISIC_0027370.jpg,2
0.023806803,7.492196e-05,0.89396286,0.00036543192,0.040494405,0.041289676,5.812521e-06,ISIC_0032168.jpg,2
0.0022833159,5.0670546e-06,0.9724451,0.0007777876,0.0007012831,0.023787292,1.19072205e-07,ISIC_0031991.jpg,2
0.001113429,0.62806803,0.009014953,0.0015944517,0.0013173749,0.35380456,0.0050871177,ISIC_0031489.jpg,1
0.0024126566,0.07670051,0.8353088,0.0011062777,0.0843905,6.0163824e-05,2.1038777e-05,ISIC_0028622.jpg,2
6.518071e-08,1.0593327e-06,6.4735123e-06,1.2475105e-07,0.0002846096,0.99970466,2.9786434e-06,ISIC_0033618.jpg,5
1.9647063e-05,5.0549966e-06,0.0001401706,0.00029377584,0.9967816,0.0027345642,2.5238565e-05,ISIC_0025847.jpg,4
0.0018200428,0.00070751354,0.03455188,0.00035787022,0.9444244,0.01812397,1.42280705e-05,ISIC_0028970.jpg,4
6.33725e-07,1.0353405e-06,6.0217967e-06,2.2995762e-06,2.1758187e-06,0.99998426,3.5774212e-06,ISIC_0025194.jpg,5
0.9892319,9.058601e-06,0.007738098,0.0027180237,0.00010950967,0.00019305185,2.9827444e-07,ISIC_0025029.jpg,0
3.2810614e-05,2.8129184e-06,0.00011918928,1.7772138e-05,1.1035729e-05,0.9998122,4.2078204e-06,ISIC_0030651.jpg,5
1.9384956e-05,2.9207307e-05,0.00029697927,2.9045037e-05,0.00052353385,0.99909246,9.395495e-06,ISIC_0024594.jpg,5
1.0910469e-06,4.0812782e-07,1.841593e-05,2.2980466e-06,0.0003724075,0.9996031,2.366307e-06,ISIC_0029946.jpg,5
2.833571e-05,1.9789813e-07,1.137405e-05,4.375352e-05,2.6326035e-05,0.9998895,5.025573e-07,ISIC_0031596.jpg,5
6.967633e-07,5.5454956e-07,7.9546626e-05,4.0416144e-06,1.1832427e-05,0.9998996,3.6952013e-06,ISIC_0025884.jpg,5
1.145078e-06,1.1794706e-05,2.8174964e-05,1.4849878e-05,5.6048317e-05,0.99986136,2.6555661e-05,ISIC_0029989.jpg,5
0.00024034758,0.0001855023,0.009265041,0.00037028053,0.98989785,4.0172166e-05,7.7547907e-07,ISIC_0030910.jpg,4
9.23336e-05,0.000680725,0.9834675,0.00026228448,0.0008807069,0.014599799,1.6675815e-05,ISIC_0033660.jpg,2
1.8722235e-07,2.0972568e-09,9.256639e-05,8.068868e-10,0.9999045,2.6399225e-06,1.2876707e-10,ISIC_0033831.jpg,4
9.9009674e-05,0.00016899485,0.00014642689,0.00035466772,0.00066244096,0.20681348,0.79175496,ISIC_0027665.jpg,6
2.517677e-07,5.294383e-07,1.4645988e-06,3.7406312e-07,6.3694824e-05,0.9999335,2.2603072e-07,ISIC_0032818.jpg,5
0.0006244073,6.786343e-06,0.0033118515,9.53741e-05,0.08616944,0.90977275,1.9361625e-05,ISIC_0026519.jpg,5
0.39537594,0.59814024,0.0030417184,0.00091510464,0.0020218801,0.0004905153,1.4653471e-05,ISIC_0032246.jpg,1
1.5843602e-08,4.101613e-06,0.9999949,7.293852e-09,3.610605e-07,6.99545e-07,2.2850093e-09,ISIC_0033379.jpg,2
1.1579385e-05,3.734668e-05,0.03838834,0.001049593,0.003328475,0.9535582,0.0036264937,ISIC_0033751.jpg,5
8.997118e-08,0.9999689,1.5247613e-08,5.209044e-10,2.7033434e-07,3.0657036e-05,5.1497572e-08,ISIC_0025250.jpg,1
7.5770055e-05,1.4220217e-05,0.50249594,7.697071e-06,0.002056675,0.4953475,2.2436204e-06,ISIC_0029012.jpg,2
1.0810954e-05,1.7190872e-05,1.7880282e-05,7.403895e-05,6.0685936e-05,0.9997352,8.430054e-05,ISIC_0024583.jpg,5
0.0009472209,0.0001881637,0.00083200535,0.016207505,0.00069410854,0.9811187,1.2277422e-05,ISIC_0030914.jpg,5
1.579836e-06,4.8820442e-05,3.7053072e-05,4.651396e-06,8.916048e-06,0.008339447,0.99155957,ISIC_0025873.jpg,6
2.286608e-06,5.181322e-07,1.1081546e-05,2.2261445e-06,4.9433784e-05,0.9999317,2.7168026e-06,ISIC_0029451.jpg,5
5.019066e-06,6.4278884e-06,4.7106238e-05,0.00019272706,0.00018969063,0.99953854,2.051977e-05,ISIC_0030338.jpg,5
0.00014156775,0.005073918,0.81779045,6.342705e-05,0.0013032135,0.02852654,0.1471009,ISIC_0034179.jpg,2
0.0032753106,0.0015916318,0.34959626,0.0071880487,0.006432798,0.63159406,0.0003219583,ISIC_0033367.jpg,5
7.904593e-07,2.3122492e-07,4.993618e-06,5.2032357e-07,7.05963e-05,0.9999217,1.1923258e-06,ISIC_0030224.jpg,5
0.006361291,8.98143e-05,0.0638945,0.03599062,0.15833308,0.73527014,6.0467362e-05,ISIC_0025618.jpg,5
1.6388538e-05,0.00043489234,0.9994215,1.5829737e-05,7.068733e-05,3.90918e-05,1.7207905e-06,ISIC_0034283.jpg,2
2.228357e-06,0.00010216924,0.67822707,3.817531e-05,0.0003112848,0.32117558,0.00014348415,ISIC_0034187.jpg,2
2.543966e-06,2.1513038e-06,4.954305e-06,6.462211e-06,2.4568555e-05,0.99995434,4.981276e-06,ISIC_0026721.jpg,5
0.04778748,0.9476167,0.0017799425,5.9687845e-05,0.0026158094,0.00013772772,2.7721962e-06,ISIC_0030549.jpg,1
8.488116e-07,4.332136e-07,2.941313e-06,1.0869848e-05,2.1960985e-05,0.9999578,5.1142706e-06,ISIC_0025203.jpg,5
1.5932384e-05,1.2012083e-06,0.00026632595,6.1581267e-07,0.00040440078,0.99931026,1.2566364e-06,ISIC_0033508.jpg,5
0.00017231367,4.7381516e-05,0.0013040821,5.9264126e-05,0.04128471,0.9571111,2.127391e-05,ISIC_0033237.jpg,5
7.501493e-05,0.016158374,0.0021331117,7.631601e-05,0.0065351636,0.9750055,1.6487757e-05,ISIC_0031515.jpg,5
0.99853003,2.7511195e-08,5.92356e-08,0.0014696195,1.450404e-07,1.8640401e-07,5.182908e-11,ISIC_0024450.jpg,0
0.00012737213,3.9194183e-06,0.00016115111,4.5107343e-05,0.0014136226,0.99824154,7.2480134e-06,ISIC_0033409.jpg,5
0.00021977712,3.3047734e-05,0.0009459716,0.00020236934,0.00039836785,0.9981504,4.9923823e-05,ISIC_0027489.jpg,5
0.0008103799,6.167718e-05,0.001539097,2.1799986e-05,0.0007251117,0.9968381,3.852475e-06,ISIC_0027350.jpg,5
4.91362e-05,0.9999143,1.5045609e-05,5.557095e-06,1.0054766e-06,1.2872272e-05,2.0292134e-06,ISIC_0024848.jpg,1
0.00014755802,2.2568356e-06,0.0022834789,0.00011050731,0.14434233,0.8531132,6.6345973e-07,ISIC_0024934.jpg,5
0.0022969637,0.00019504929,0.009193378,0.0009368591,0.039354365,0.94759935,0.00042391368,ISIC_0026611.jpg,5
0.0031781874,0.0003999399,0.9343003,0.0006887821,0.027978793,0.03344971,4.2278502e-06,ISIC_0026827.jpg,2
0.004700457,0.00014990281,0.99445504,0.0001113451,0.0005734871,8.802147e-06,9.32775e-07,ISIC_0027194.jpg,2
2.077358e-06,1.4744716e-06,3.3323588e-05,1.6782124e-05,0.00021522949,0.9996691,6.2087965e-05,ISIC_0028318.jpg,5
0.96758884,2.0374513e-08,6.1046735e-06,8.893915e-07,0.03239986,4.316169e-06,3.290725e-08,ISIC_0027802.jpg,0
5.1597194e-06,1.4460272e-06,0.00018666447,2.4225687e-06,0.0018094342,0.99799454,4.5152598e-07,ISIC_0031222.jpg,5
2.845154e-06,1.5215983e-05,0.0002000627,9.820187e-06,5.924828e-05,0.99968946,2.3388462e-05,ISIC_0029011.jpg,5
2.5660993e-05,2.5925916e-05,0.016174829,1.616549e-05,0.98374844,8.519557e-06,3.425548e-07,ISIC_0029473.jpg,4
0.005102744,7.223019e-05,0.92436004,0.006750889,0.06265379,0.00036890886,0.0006913256,ISIC_0033307.jpg,2
0.0001243799,0.00014748563,0.99959415,8.142864e-05,2.5338566e-05,2.7056649e-05,2.5892172e-07,ISIC_0029897.jpg,2
0.00034035675,4.215869e-06,0.0004824965,1.3619339e-05,0.003318238,0.9958352,5.8422906e-06,ISIC_0024790.jpg,5
0.00023812248,0.0014095523,0.99790925,0.00028843834,3.0856496e-05,0.00011641832,7.3777e-06,ISIC_0025388.jpg,2
1.5671873e-06,7.160113e-06,0.00027996628,8.951716e-05,3.8354938e-06,0.9995499,6.8046465e-05,ISIC_0029643.jpg,5
0.0015376656,0.0017480723,0.0039398167,0.0013100426,0.00017157932,0.9909599,0.0003328357,ISIC_0031841.jpg,5
0.010784448,0.86443067,0.070113786,0.05150406,0.0026875879,2.332386e-05,0.0004561574,ISIC_0026643.jpg,1
2.3890694e-05,1.1023219e-05,0.00013199289,3.7576665e-05,0.00023295298,0.9995096,5.3006097e-05,ISIC_0027690.jpg,5
3.2085304e-06,4.986503e-06,1.924006e-05,9.58317e-06,0.00017020629,0.99975663,3.6114223e-05,ISIC_0028267.jpg,5
0.99993205,5.8556893e-06,1.1588168e-06,1.1363908e-05,3.7651607e-05,1.1436578e-05,4.7631002e-07,ISIC_0029659.jpg,0
9.71165e-07,8.193322e-07,4.8692873e-06,8.421297e-06,1.5394917e-05,0.9999666,2.784692e-06,ISIC_0030673.jpg,5
3.2635448e-06,0.9999614,1.6805554e-06,1.1695001e-06,1.4880591e-06,3.0521594e-05,4.8692175e-07,ISIC_0024590.jpg,1
0.0011524053,0.00027283945,0.87497467,0.008427997,0.001065897,0.114035666,7.064984e-05,ISIC_0032170.jpg,2
1.8040839e-05,7.2842124e-07,2.2986474e-06,3.5697612e-06,5.008057e-05,0.99992454,7.766437e-07,ISIC_0027153.jpg,5
5.1862302e-05,9.8187396e-05,0.0006853621,0.00010161276,0.0020186682,0.9951616,0.0018826072,ISIC_0031387.jpg,5
4.5138266e-05,4.3074724e-05,0.00045582294,0.0003393658,4.1288367e-05,0.99872285,0.0003524069,ISIC_0024828.jpg,5
2.1081751e-08,1.1559369e-07,1.980257e-06,1.0580634e-06,2.6718251e-07,0.9999963,1.8623905e-07,ISIC_0028152.jpg,5
0.0037887755,0.00011582849,0.035973135,0.00013668578,0.057832703,0.9021172,3.5703673e-05,ISIC_0031957.jpg,5
7.1925715e-05,7.522708e-06,0.00019435823,3.7339418e-05,0.00036905723,0.99927384,4.602816e-05,ISIC_0025232.jpg,5
6.165081e-05,5.263807e-05,0.0007989991,6.835273e-05,0.0018985668,0.9970983,2.152735e-05,ISIC_0033511.jpg,5
3.3948476e-05,3.7123166e-07,0.0002695433,8.1527514e-07,0.0049409745,0.9947542,1.1972351e-07,ISIC_0033963.jpg,5
3.062045e-05,3.3141256e-07,1.079098e-05,0.9521033,0.00045998135,0.047380917,1.3958282e-05,ISIC_0030913.jpg,3
4.885486e-06,1.45889835e-05,0.99995184,4.4345256e-09,2.8556e-05,8.286353e-08,9.179782e-09,ISIC_0032756.jpg,2
1.838327e-05,3.1303832e-06,0.000110458685,4.699262e-06,0.00039257403,0.99944836,2.2480286e-05,ISIC_0030476.jpg,5
8.4384276e-08,5.181483e-07,2.3391005e-06,7.582883e-07,8.3328393e-07,5.8700098e-06,0.9999895,ISIC_0025677.jpg,6
1.8685912e-05,0.00016780892,0.0013692083,2.1921993e-05,0.00067809626,0.9926973,0.0050470303,ISIC_0034251.jpg,5
2.6915017e-05,2.0795458e-05,0.0001854775,0.00027725636,0.00014818784,0.9992422,9.908194e-05,ISIC_0032431.jpg,5
3.147088e-05,0.0007447829,6.0805647e-05,4.3399636e-05,0.0003111449,0.9986854,0.00012286524,ISIC_0026006.jpg,5
8.749653e-05,0.00020479094,0.9918412,0.00016862438,0.0067199618,0.00097472704,3.2109274e-06,ISIC_0027083.jpg,2
1.1423466e-06,5.393638e-06,7.0354654e-05,3.5688905e-07,7.296621e-05,0.99984217,7.60857e-06,ISIC_0028281.jpg,5
6.303925e-09,4.946714e-09,8.292496e-05,8.448123e-10,0.9999161,9.899437e-07,2.909631e-10,ISIC_0034294.jpg,4
8.517829e-06,2.1266333e-05,1.5974965e-05,2.3876519e-05,4.3689564e-05,0.9998543,3.2473115e-05,ISIC_0031739.jpg,5
7.7860847e-07,1.5640595e-06,5.498826e-06,3.3112832e-05,1.2071464e-06,0.9999049,5.295833e-05,ISIC_0030679.jpg,5
0.008399705,0.024326501,0.11133746,0.0005093279,0.0052318578,0.85014385,5.1325875e-05,ISIC_0027360.jpg,5
0.001307532,4.408575e-06,0.000118975404,0.00016671818,0.0003364676,0.9980313,3.457251e-05,ISIC_0027635.jpg,5
0.00041094323,0.0005651653,0.0051800795,2.7674658e-05,0.0035819954,0.99022686,7.224449e-06,ISIC_0032148.jpg,5
2.3175366e-07,2.4405466e-08,8.5522595e-07,1.423912e-07,1.1284177e-05,0.9999875,4.034571e-08,ISIC_0033197.jpg,5
2.3812385e-07,1.5340606e-06,6.749139e-06,2.2967897e-06,6.3351226e-06,0.9999466,3.6209927e-05,ISIC_0032130.jpg,5
5.3186333e-05,2.1303453e-05,0.0003411525,7.897324e-05,0.0011386215,0.99835914,7.5578064e-06,ISIC_0027475.jpg,5
3.3601723e-06,6.392994e-06,3.691464e-05,4.102626e-05,4.719667e-05,0.99985707,8.054494e-06,ISIC_0031229.jpg,5
9.594778e-05,1.0742163e-05,0.00033167537,1.2585393e-05,0.02259832,0.976939,1.1697752e-05,ISIC_0026293.jpg,5
9.920076e-07,5.917032e-07,4.579893e-06,1.2355445e-05,2.6543055e-05,0.9999454,9.501368e-06,ISIC_0024783.jpg,5
4.0021558e-05,7.2078283e-06,0.00010557961,2.5945745e-05,9.2739116e-05,0.99971265,1.5889307e-05,ISIC_0027600.jpg,5
6.827636e-06,3.1945612e-05,4.2821648e-05,0.00010751796,0.00016557518,0.9996006,4.4795463e-05,ISIC_0029607.jpg,5
2.6255573e-06,7.245122e-07,0.00010715349,2.054075e-05,2.9879147e-05,0.99983263,6.4650735e-06,ISIC_0031732.jpg,5
2.2947965e-07,2.0243696e-08,2.6140317e-06,2.632779e-07,2.6064554e-05,0.9999707,1.3757169e-07,ISIC_0033513.jpg,5
2.486906e-07,8.976608e-07,0.009124268,5.303819e-06,0.0018510841,0.98901224,5.9093763e-06,ISIC_0027133.jpg,5
1.4480416e-05,7.4118443e-06,7.367359e-05,2.2977406e-06,0.040552884,0.959074,0.0002752772,ISIC_0030623.jpg,5
4.0266414e-06,5.383359e-07,0.00077302416,2.3035236e-06,0.00044064285,0.998779,5.0392026e-07,ISIC_0029027.jpg,5
0.007362878,0.0379449,0.005281957,0.0036740615,0.9449022,0.0007918056,4.221698e-05,ISIC_0029002.jpg,4
0.0007353868,1.3947256e-05,0.045682196,0.000118375545,0.008887613,0.9445566,5.9203358e-06,ISIC_0032752.jpg,5
8.253153e-06,5.1536895e-06,0.00015023159,2.2931898e-05,0.00030735196,0.99949634,9.83229e-06,ISIC_0025187.jpg,5
4.255401e-06,2.068862e-06,0.00047368472,9.695272e-06,0.000101431935,0.9994085,4.5402635e-07,ISIC_0027368.jpg,5
4.567121e-06,1.3165733e-06,6.2648014e-06,2.315287e-05,7.383324e-06,0.9999442,1.3154217e-05,ISIC_0027682.jpg,5
4.006279e-06,1.3233559e-05,0.00012172893,5.0549137e-05,9.709557e-05,0.9996711,4.2319207e-05,ISIC_0030289.jpg,5
6.101647e-05,4.490392e-07,0.000716609,6.1036844e-05,0.0002405849,0.9989191,1.0928467e-06,ISIC_0026759.jpg,5
2.7904804e-05,1.07971855e-05,0.00012664891,0.00010924819,0.00056914095,0.99912757,2.8674718e-05,ISIC_0027446.jpg,5
4.4672634e-05,3.342455e-05,0.0006457547,0.000561611,0.00016924567,0.99848396,6.141575e-05,ISIC_0025041.jpg,5
8.904453e-06,4.284321e-06,0.00012899346,6.939926e-05,0.00045272522,0.99932945,6.174703e-06,ISIC_0026267.jpg,5
0.0016582701,3.073554e-05,0.009023226,0.0003036653,0.24740101,0.7411326,0.00045050174,ISIC_0027461.jpg,5
0.28732228,0.022085553,0.055063546,0.020301428,0.6145803,0.0003909036,0.0002561166,ISIC_0025674.jpg,4
0.014981837,0.00084499497,0.009520311,0.007185273,0.16208327,0.8045973,0.0007868592,ISIC_0028358.jpg,5
0.0004621302,1.929191e-05,0.00050829817,0.00020291856,9.555859e-05,0.9986941,1.7727461e-05,ISIC_0025111.jpg,5
0.009952585,0.02229845,0.9657409,0.00032510894,0.0003241758,0.0013425819,1.6227195e-05,ISIC_0025985.jpg,2
0.0033667772,0.91191524,0.08102087,2.849766e-06,0.0036546772,3.6369463e-05,3.2498328e-06,ISIC_0027229.jpg,1
2.973079e-06,2.7644739e-05,0.000116434,7.918285e-05,0.00014018247,0.9994161,0.0002174533,ISIC_0027383.jpg,5
5.2678e-06,8.94317e-07,1.44837495e-05,0.00019863462,7.936785e-05,0.9996973,3.9235993e-06,ISIC_0030769.jpg,5
1.9068078e-06,2.8090757e-05,2.7488375e-06,2.3262928e-05,9.990592e-05,0.9998332,1.0839426e-05,ISIC_0031663.jpg,5
1.4232495e-06,8.4812235e-08,1.9291794e-05,9.005419e-06,0.00010345488,0.9998659,7.6060337e-07,ISIC_0033989.jpg,5
0.00041773292,4.0742734e-07,7.311133e-06,0.99663585,1.86263e-06,0.0029367353,4.1775937e-08,ISIC_0024323.jpg,3
5.3602994e-06,3.8594637e-05,3.1249314e-05,1.4424099e-05,5.2050094e-05,0.99982846,2.9805198e-05,ISIC_0025084.jpg,5
6.0218186e-05,0.0016443075,0.00013916283,0.00023874493,0.00040719888,0.99724174,0.00026856438,ISIC_0032720.jpg,5
5.1796436e-05,4.230123e-05,0.8016723,2.9239209e-05,0.00061823573,0.19754064,4.549852e-05,ISIC_0028909.jpg,2
0.0005360632,7.798163e-05,0.035615254,0.0006502804,0.4924225,0.47068352,1.4487165e-05,ISIC_0027849.jpg,4
2.2974535e-05,6.1791055e-05,0.008510357,3.162887e-05,0.0019162177,0.9892658,0.00019127333,ISIC_0025978.jpg,5
0.2930771,4.0688283e-05,0.0018285647,0.70116043,0.000127714,0.0037532167,1.2265367e-05,ISIC_0026629.jpg,3
0.0054806247,0.00038381253,0.06847891,0.8910766,0.005765309,0.02840659,0.0004081646,ISIC_0027232.jpg,3
0.0031129965,0.0031688975,0.10607759,0.03201256,0.00415508,0.850794,0.00067873625,ISIC_0025518.jpg,5
3.9144965e-05,4.3937678e-05,0.0011059312,5.2373758e-05,0.16260491,0.83614534,8.366968e-06,ISIC_0033225.jpg,5
0.00011305997,0.00032080844,0.020295892,6.123168e-05,0.9715208,0.0046390514,0.0030490975,ISIC_0033454.jpg,4
0.0015790268,0.00013910922,0.0019923123,0.0003645192,0.009524368,0.98631185,8.88611e-05,ISIC_0025040.jpg,5
3.1976722e-07,1.1000436e-06,1.5854977e-05,3.0958312e-05,5.2820124e-06,0.9998729,7.3554635e-05,ISIC_0027268.jpg,5
4.7479393e-06,1.049594e-05,6.6272325e-05,3.658115e-05,1.7723194e-05,0.99983335,3.082752e-05,ISIC_0024858.jpg,5
0.003110998,0.0002820662,0.5558328,0.022762788,0.001020341,0.41694278,4.8238653e-05,ISIC_0027216.jpg,2
4.008727e-07,3.0004685e-07,3.1759497e-05,7.3497754e-06,0.00012365555,0.99983215,4.218327e-06,ISIC_0031689.jpg,5
5.6935813e-05,1.2970226e-05,0.0002775236,7.55392e-05,2.5882442e-05,0.9994024,0.00014877552,ISIC_0026191.jpg,5
5.023037e-07,9.2724974e-07,5.50867e-06,8.254027e-06,3.6778143e-05,0.99988914,5.8934693e-05,ISIC_0029468.jpg,5
0.00015680343,0.0023419056,7.132382e-05,0.00092848844,0.9964477,3.0200778e-07,5.3560732e-05,ISIC_0033807.jpg,4
3.0908643e-07,1.7095554e-07,2.2783706e-06,6.342771e-06,8.364165e-06,0.9999782,4.4215494e-06,ISIC_0029901.jpg,5
0.00039097527,0.0020545088,0.03568952,0.000110257235,0.81540084,0.14631625,3.7641e-05,ISIC_0030783.jpg,4
1.6108213e-05,4.8164224e-05,3.1737727e-05,0.0002627716,0.0010904269,0.99838495,0.00016581365,ISIC_0029858.jpg,5
0.00080377876,0.00032255152,0.14449312,0.00013018919,0.84058714,0.013657027,6.2716126e-06,ISIC_0033460.jpg,4
0.00034314912,0.0005378573,0.95214146,0.027895603,0.0014322501,0.017488953,0.00016066735,ISIC_0029320.jpg,2
0.8711616,1.752154e-05,0.0029968433,4.2566744e-06,0.12580468,1.48063045e-05,3.6666157e-07,ISIC_0032389.jpg,0
1.7343106e-06,1.8484462e-07,9.0285066e-05,5.301155e-07,0.00031350655,0.99959344,3.1769898e-07,ISIC_0033753.jpg,5
2.632521e-06,1.1974457e-06,1.16135e-05,4.03901e-06,6.660908e-05,0.9999093,4.646053e-06,ISIC_0026278.jpg,5
5.5373202e-05,0.000214973,0.003771856,4.218911e-05,0.0016191776,0.9929181,0.0013784159,ISIC_0030086.jpg,5
3.3855429e-06,1.283691e-05,7.084829e-06,3.3043194e-05,1.0486028e-05,0.9999262,6.93985e-06,ISIC_0024399.jpg,5
3.3189385e-09,4.067969e-09,3.725781e-08,1.8207196e-07,0.99999976,7.968469e-08,1.0310583e-08,ISIC_0027327.jpg,4
5.2011587e-06,2.074661e-06,1.29201335e-05,2.4419118e-05,0.000101801845,0.99984133,1.2307109e-05,ISIC_0032472.jpg,5
4.392825e-05,7.599978e-05,0.0014661432,4.6598176e-05,0.96704525,0.0310128,0.0003092547,ISIC_0034094.jpg,4
0.000161567,8.691349e-07,2.3231072e-05,0.0001033663,8.483297e-05,0.9996216,4.613241e-06,ISIC_0034018.jpg,5
5.9090723e-07,3.946733e-07,2.6234507e-05,8.759756e-06,0.00018368628,0.99976474,1.5656604e-05,ISIC_0029941.jpg,5
0.00017579056,8.461001e-06,0.0074250856,7.882523e-05,0.0075100954,0.984704,9.7659096e-05,ISIC_0030609.jpg,5
0.014602131,0.00438758,0.080185264,0.0017244588,0.006566953,0.89243937,9.421499e-05,ISIC_0031473.jpg,5
1.7798568e-05,6.983289e-07,0.00016974453,6.2314552e-06,0.00013107074,0.99965215,2.2371592e-05,ISIC_0031224.jpg,5
0.14213485,1.2623226e-06,0.0055389064,0.000224162,2.418831e-05,0.852076,6.225193e-07,ISIC_0032889.jpg,5
0.018483242,0.0058663427,0.051115893,0.6896735,0.04898924,0.18528515,0.00058666983,ISIC_0032309.jpg,3
5.464113e-06,1.8703126e-05,0.00020804888,3.8368198e-05,4.7454283e-05,0.99947935,0.00020259876,ISIC_0025888.jpg,5
2.9419303e-05,0.00014267967,0.004465742,3.0857493e-05,0.0037709284,0.99154097,1.9428622e-05,ISIC_0032281.jpg,5
0.000631828,0.00067135855,0.9978569,4.7639667e-05,0.00074624387,3.9970968e-05,6.0150865e-06,ISIC_0029580.jpg,2
4.4311484e-05,0.0019897688,0.014236131,0.0005497292,0.2665928,0.7150595,0.0015277233,ISIC_0031666.jpg,5
2.504149e-09,1.1615589e-08,7.753821e-07,2.0529704e-08,3.7671857e-06,0.9999887,6.781794e-06,ISIC_0033202.jpg,5
9.434778e-06,1.900409e-05,0.00035361195,6.594283e-05,0.000119748474,0.99866474,0.0007674928,ISIC_0024992.jpg,5
7.5179294e-08,1.6502278e-06,6.0238807e-07,1.4069345e-06,7.0594174e-06,0.9999875,1.6910865e-06,ISIC_0031490.jpg,5
0.0001205833,4.3875402e-06,0.00028216926,0.00021812085,0.013569401,0.9857767,2.8612869e-05,ISIC_0033331.jpg,5
0.00022570403,0.00013380202,0.041702706,0.0006531661,0.037239477,0.9200351,1.0069673e-05,ISIC_0026761.jpg,5
0.005594641,2.0806465e-06,0.0002506438,0.00089226296,0.0012218087,0.99203753,1.008548e-06,ISIC_0029109.jpg,5
8.331028e-05,3.2790278e-05,0.0003074127,9.32333e-06,0.00073111587,0.99881244,2.3668734e-05,ISIC_0026217.jpg,5
7.762237e-06,4.391961e-07,6.585244e-06,8.684642e-06,1.1086206e-05,0.9999629,2.418128e-06,ISIC_0030775.jpg,5
1.4824493e-06,7.1494064e-08,1.5157779e-06,1.9913275e-06,4.3613804e-06,0.99999046,5.4362747e-08,ISIC_0024959.jpg,5
5.9999957e-06,3.5390574e-05,2.4990042e-05,1.2479962e-05,4.7651796e-05,0.9998716,1.7645472e-06,ISIC_0024538.jpg,5
1.4637001e-06,7.089921e-07,4.224884e-06,9.839871e-05,1.1023606e-05,0.9998822,1.912567e-06,ISIC_0029717.jpg,5
2.046283e-06,1.3967734e-05,0.0056403247,4.5508204e-07,0.98062724,0.013715632,3.648581e-07,ISIC_0031170.jpg,4
0.00025681875,0.00047417817,0.32666478,0.00010777002,0.5702538,0.1022165,2.6103662e-05,ISIC_0030273.jpg,4
0.9997012,4.449835e-06,9.211957e-06,6.598578e-05,0.00021662972,8.1305114e-07,1.5753972e-06,ISIC_0025825.jpg,0
0.0002512302,0.00015792361,0.033776883,0.0011799537,0.0001278951,0.9641791,0.0003269538,ISIC_0027170.jpg,5
1.3423009e-05,2.0023665e-05,0.002231708,8.254262e-05,0.00066907064,0.9969415,4.1663265e-05,ISIC_0030248.jpg,5
0.00016286482,9.466892e-05,0.005509365,0.0071348036,0.0032080722,0.98375535,0.00013489007,ISIC_0027866.jpg,5
2.7054643e-06,8.009157e-06,0.00016648503,7.7084005e-06,4.9642964e-05,0.999757,8.456387e-06,ISIC_0025098.jpg,5
0.0001268952,6.0672573e-06,0.00013382164,0.00012414543,0.0003627793,0.99919146,5.480184e-05,ISIC_0028683.jpg,5
2.6522562e-06,5.51425e-06,0.0009876587,5.957597e-06,0.00090676587,0.998013,7.8439894e-05,ISIC_0027115.jpg,5
4.0149327e-08,2.2742574e-08,6.141743e-06,1.8291737e-09,0.99996614,2.7573938e-05,3.1248937e-09,ISIC_0033479.jpg,4
5.441119e-07,2.2341587e-06,2.219588e-06,3.8896924e-06,3.894885e-06,0.99998236,4.830503e-06,ISIC_0034105.jpg,5
0.023876863,0.073764645,0.0018527909,0.00065478653,0.88784826,0.011949685,5.2974592e-05,ISIC_0032982.jpg,4
8.0451474e-07,2.1887127e-08,2.0104315e-07,8.3439335e-07,1.670367e-06,0.9999963,2.3537434e-07,ISIC_0026773.jpg,5
0.00015299059,0.031929553,0.00032163793,0.00017360722,0.031787436,0.21121404,0.7244208,ISIC_0029448.jpg,6
2.664822e-05,0.002397705,0.0014534838,0.00015419844,0.0024490051,0.9907864,0.0027325575,ISIC_0025117.jpg,5
0.9999279,1.1109051e-06,5.7782395e-06,1.18231055e-05,5.255909e-05,8.335219e-07,4.4490612e-08,ISIC_0031108.jpg,0
1.7971804e-07,1.0908218e-07,3.0950182e-06,4.6931053e-08,0.0004200076,0.9995765,8.196958e-08,ISIC_0027235.jpg,5
0.000248643,0.9882265,0.00030005083,5.32003e-05,6.2912135e-05,0.010724968,0.0003837868,ISIC_0032185.jpg,1
0.0003281496,7.4194024e-05,0.0004168221,0.00015548643,5.265406e-05,0.9988746,9.806743e-05,ISIC_0025679.jpg,5
3.0916776e-06,2.9987837e-06,2.1493512e-05,5.3658227e-05,2.3299724e-05,0.9998221,7.3411866e-05,ISIC_0030004.jpg,5
0.0017319801,0.005501141,0.685398,0.031125942,0.0024929028,0.27006006,0.0036899804,ISIC_0027612.jpg,2
1.3163911e-06,3.8150883e-06,1.7898523e-05,1.2401859e-05,0.0003716297,0.9995876,5.358512e-06,ISIC_0033923.jpg,5
0.1197201,0.6662563,0.2095305,0.0027171203,0.0011376104,0.00027219843,0.00036621388,ISIC_0032335.jpg,1
4.712009e-05,0.00013444814,0.00014967138,1.9465124e-05,0.0019439709,0.9976999,5.472742e-06,ISIC_0032832.jpg,5
5.9640315e-05,3.0176863e-05,0.9982942,1.6168116e-06,0.0010778409,0.00053259946,3.9789056e-06,ISIC_0032665.jpg,2
1.752032e-05,8.594255e-07,0.002777696,2.290924e-05,0.0012372996,0.99594104,2.7542796e-06,ISIC_0025581.jpg,5
4.2932195e-05,1.6160151e-05,0.00013931352,4.0695864e-05,0.00033179714,0.9993961,3.295391e-05,ISIC_0029456.jpg,5
6.6104155e-07,2.858607e-05,5.0372193e-05,9.2715544e-07,0.00020375715,0.9997112,4.3691953e-06,ISIC_0031860.jpg,5
2.6338603e-05,3.00687e-07,0.00047665,8.666722e-05,0.019744134,0.9796643,1.5463206e-06,ISIC_0032743.jpg,5
3.0448928e-06,2.5787926e-06,0.0001154759,7.659891e-06,8.1716804e-05,0.9997249,6.4576765e-05,ISIC_0026271.jpg,5
0.0001354156,6.100813e-07,7.9237856e-05,1.2431311e-05,0.000111736685,0.99966025,3.4886057e-07,ISIC_0031934.jpg,5
0.0018209484,0.00021313208,0.19494563,0.00053231034,0.08839177,0.7140726,2.3576466e-05,ISIC_0031915.jpg,5
1.6921525e-05,3.095732e-05,0.000105405416,0.00013916938,0.00036730545,0.9989926,0.0003475091,ISIC_0027301.jpg,5
9.446796e-07,2.9670802e-05,1.738381e-05,4.4290602e-05,0.00022886803,0.99915946,0.00051935884,ISIC_0026419.jpg,5
2.897017e-05,0.0006118754,0.0012479109,9.110328e-05,0.00046089775,0.996846,0.0007131856,ISIC_0026501.jpg,5
0.0022343104,0.00116683,0.060075905,0.0010277631,0.37034744,0.5645123,0.0006354232,ISIC_0033617.jpg,5
8.175654e-07,4.3167762e-07,0.99969625,2.8416373e-06,1.0007534e-07,0.00029959282,6.595647e-10,ISIC_0027967.jpg,2
2.004676e-06,1.3609296e-07,3.8769835e-05,1.9374264e-05,0.00037656762,0.99955887,4.2035144e-06,ISIC_0031174.jpg,5
0.14045905,0.014683907,0.84178567,0.0022610591,0.00056899403,0.00022126737,2.0024157e-05,ISIC_0031989.jpg,2
1.9027472e-06,5.403277e-06,1.8660827e-05,9.849737e-06,0.00036806762,0.99957556,2.057126e-05,ISIC_0029579.jpg,5
2.3720685e-07,1.9639894e-07,1.8184343e-06,1.2751119e-07,3.7300873e-05,0.9999602,8.976145e-08,ISIC_0028686.jpg,5
0.12697937,0.0045947595,0.0063681626,0.8588428,0.0006935141,0.002343002,0.00017846841,ISIC_0025954.jpg,3
0.0013161898,0.00015438376,0.004284752,0.00013579759,0.0022122774,0.9918806,1.6045815e-05,ISIC_0024497.jpg,5
0.017966134,1.3565682e-06,1.0670008e-06,5.1523614e-07,0.9820274,3.3561814e-06,6.978737e-08,ISIC_0027071.jpg,4
1.7614516e-06,1.9151182e-06,4.5049383e-05,1.6973723e-06,0.00030819775,0.99963784,3.5609153e-06,ISIC_0033906.jpg,5
3.6367954e-05,1.7487084e-05,0.00048334643,0.00010096806,0.00058664684,0.99850214,0.00027302877,ISIC_0028788.jpg,5
6.41268e-05,1.0275896e-05,0.0062811975,8.8125e-05,0.0012100519,0.99231213,3.406775e-05,ISIC_0026234.jpg,5
2.1901471e-05,5.2614807e-05,0.0001636498,0.000146583,6.57534e-05,0.99940443,0.00014505486,ISIC_0025273.jpg,5
6.414051e-08,4.1982398e-07,3.8014736e-07,2.0904069e-07,1.2960404e-06,0.9999956,1.911905e-06,ISIC_0031147.jpg,5
5.4352984e-08,5.0344575e-08,2.719485e-07,4.1728265e-07,2.439383e-06,0.9999883,8.485402e-06,ISIC_0032256.jpg,5
0.00070292555,0.000118284646,0.018449366,0.00015183906,0.028296161,0.9520406,0.00024084639,ISIC_0026573.jpg,5
0.00022958223,0.00011231762,0.99923766,3.1466974e-05,3.598796e-05,0.00035288403,1.640765e-07,ISIC_0026457.jpg,2
0.00024266422,4.4670913e-05,0.0051264125,9.958255e-05,0.094322935,0.9001238,3.997285e-05,ISIC_0028373.jpg,5
2.5729205e-05,3.8791645e-06,7.7419514e-05,8.8269135e-06,7.041467e-05,0.9997975,1.6217691e-05,ISIC_0030397.jpg,5
1.1793535e-05,2.3542405e-05,6.201645e-05,9.9879275e-05,4.5355682e-05,0.99956566,0.00019166226,ISIC_0027824.jpg,5
9.3804745e-05,7.810516e-08,1.0564554e-05,2.056699e-06,0.01755039,0.9823429,1.3701123e-07,ISIC_0032334.jpg,5
1.0249142e-06,1.9967808e-06,4.4030025e-06,1.9453405e-06,9.9552e-06,0.99997854,2.1817075e-06,ISIC_0027547.jpg,5
1.6822456e-06,2.9997582e-05,6.440898e-05,2.8938965e-07,0.99869114,0.0012067688,5.678917e-06,ISIC_0032095.jpg,4
0.00013286242,3.1926768e-06,0.0015587134,8.133533e-06,0.0035565954,0.9947351,5.3462886e-06,ISIC_0033890.jpg,5
3.8933804e-06,2.138638e-06,1.2283021e-05,3.3000695e-05,5.520603e-05,0.9998858,7.649675e-06,ISIC_0029711.jpg,5
4.2292195e-06,1.4324331e-05,7.428975e-05,0.00017444819,0.0004507811,0.0070563243,0.99222565,ISIC_0030606.jpg,6
0.0044384147,0.0025814637,0.9773974,0.001626093,0.0012587309,0.012645007,5.293456e-05,ISIC_0028987.jpg,2
1.2292885e-06,0.0005013739,0.0015867176,0.00033720865,3.7937618e-06,0.9975183,5.1408006e-05,ISIC_0030471.jpg,5
2.4507111e-05,7.545371e-06,0.00021261092,6.528334e-05,0.00034954672,0.9993063,3.4237597e-05,ISIC_0032418.jpg,5
0.0003527247,3.4243032e-05,0.0011581602,0.00012546143,0.0030320452,0.99527407,2.3332621e-05,ISIC_0033115.jpg,5
1.0020223e-06,0.0002568952,0.9997135,2.0498735e-05,1.0005355e-06,6.946186e-06,7.2160255e-08,ISIC_0024705.jpg,2
0.62655646,0.36641943,0.00092785555,0.0054510483,0.0005653401,7.665478e-05,3.150023e-06,ISIC_0027915.jpg,0
0.009459851,6.06254e-05,0.90392613,0.00040100559,0.08277391,0.0033702825,8.174235e-06,ISIC_0025946.jpg,2
0.00036877615,3.6783007e-05,0.026388532,8.556147e-05,0.010713883,0.96237993,2.6397991e-05,ISIC_0029359.jpg,5
8.4351545e-05,0.00014110161,0.052796576,0.0005620616,0.00021689844,0.94616765,3.1389263e-05,ISIC_0029149.jpg,5
0.01275897,0.03459055,0.3127096,0.00036014392,0.16984563,0.46933168,0.00040345095,ISIC_0029855.jpg,5
0.00024039419,0.0002973079,0.0008655174,0.00010767039,0.0055526234,0.9928886,4.781596e-05,ISIC_0027769.jpg,5
2.7055175e-05,0.00016339406,6.183011e-05,3.9367583e-06,0.0014033793,2.1880633e-05,0.99831843,ISIC_0032538.jpg,6
7.588385e-05,0.0010646634,0.0015115569,0.0029178804,0.00064045045,0.0268823,0.96690714,ISIC_0024375.jpg,6
0.0004170066,0.0005591112,0.004886701,0.00012044671,0.049018186,0.94487524,0.00012329337,ISIC_0032908.jpg,5
8.316979e-07,1.11486015e-05,3.1178384e-05,0.037965663,4.2661013e-05,0.961556,0.0003925893,ISIC_0025059.jpg,5
0.0020435252,0.0011690052,0.82697845,0.14262813,0.011816301,0.013754539,0.0016100395,ISIC_0029161.jpg,2
3.952745e-06,4.9934204e-07,2.117506e-06,6.2101494e-06,3.9608126e-06,0.99998176,1.5559775e-06,ISIC_0026971.jpg,5
7.284032e-06,5.0549923e-05,0.00010762016,4.415742e-05,0.00011041486,0.99959224,8.769465e-05,ISIC_0030055.jpg,5
1.6943011e-05,3.1249913e-06,5.986934e-05,3.6682568e-06,7.913474e-06,0.9999063,2.2058007e-06,ISIC_0024478.jpg,5
9.632619e-06,9.594869e-05,9.014078e-05,2.8392093e-05,0.00016526054,0.99958676,2.3931261e-05,ISIC_0025190.jpg,5
9.4626856e-05,5.2990123e-05,0.6919723,0.0004967931,0.004036296,0.30257487,0.00077209214,ISIC_0028252.jpg,2
0.0005469493,8.2889754e-05,0.0019009161,1.7575687e-05,0.9951041,0.002336885,1.06026855e-05,ISIC_0032149.jpg,4
1.9307413e-07,2.8384595e-06,9.474471e-06,5.929348e-07,1.416347e-05,0.9999658,6.8793615e-06,ISIC_0025496.jpg,5
0.0004956459,0.9993856,5.6675276e-06,6.333414e-05,1.6752134e-05,3.120433e-05,1.6906394e-06,ISIC_0029082.jpg,1
1.7637323e-07,2.2936005e-05,7.485486e-07,0.9833756,0.016581057,1.8799703e-05,6.5167524e-07,ISIC_0034253.jpg,3
0.0027631787,0.00039866936,0.5981267,0.0012923892,0.39350772,0.0039026944,8.679139e-06,ISIC_0034208.jpg,2
2.0010568e-05,4.0081242e-05,5.4717e-05,0.00016384656,5.3182644e-05,0.99960643,6.18191e-05,ISIC_0027426.jpg,5
2.8678662e-06,8.870414e-06,0.00036999898,8.966951e-06,0.004442561,0.995161,5.730585e-06,ISIC_0025049.jpg,5
5.029706e-06,6.3329635e-06,0.00036711805,0.056749895,1.536453e-05,0.94278723,6.899736e-05,ISIC_0029446.jpg,5
0.13171734,1.6751534e-05,0.38736585,0.00011352738,0.011777991,0.46900803,5.399901e-07,ISIC_0033396.jpg,5
2.3952656e-05,7.896917e-06,2.5150981e-05,4.3537057e-05,2.8081047e-05,0.99985945,1.2027933e-05,ISIC_0031873.jpg,5
3.7778187e-05,1.7845457e-05,0.00030451905,1.91718e-05,0.00036216958,0.9992393,1.9219837e-05,ISIC_0032590.jpg,5
2.0183046e-05,1.50610895e-05,0.0009856499,5.543168e-05,0.0018249191,0.9970912,7.585407e-06,ISIC_0033353.jpg,5
0.00021115699,0.0012419372,0.00048868073,0.0005052135,2.8524495e-05,0.9969843,0.0005401702,ISIC_0025116.jpg,5
0.0023889919,0.0008932947,0.3109201,0.00030664017,0.24248806,0.43823278,0.0047700796,ISIC_0033152.jpg,5
3.9182378e-05,6.3689436e-06,0.0027033999,1.40985e-05,0.96078223,0.036451142,3.5759808e-06,ISIC_0033802.jpg,4
0.0058110054,0.0001665539,0.9922994,0.00013595706,0.001514926,7.221417e-05,5.63951e-08,ISIC_0025710.jpg,2
1.8583796e-06,1.9546785e-06,8.798304e-05,1.5794327e-05,5.3394237e-05,0.9998178,2.1227257e-05,ISIC_0030989.jpg,5
2.0000734e-05,1.6751994e-05,0.00031659164,1.4807017e-07,0.9995869,5.9437436e-05,9.6963724e-08,ISIC_0032810.jpg,4
0.2907505,0.00076662895,0.114059724,0.045707364,0.08250279,0.46601504,0.00019799583,ISIC_0031131.jpg,5
7.0817896e-06,1.3310254e-05,5.228863e-05,1.7046983e-05,1.7665423e-05,0.99988425,8.255245e-06,ISIC_0026377.jpg,5
4.402824e-07,9.869592e-08,1.6696843e-06,7.191674e-07,4.7731924e-06,0.99998236,9.945284e-06,ISIC_0027245.jpg,5
3.816279e-06,2.2169058e-06,4.898127e-05,7.490682e-06,3.8869952e-05,0.99989283,5.7589646e-06,ISIC_0024912.jpg,5
3.76855e-08,3.9928617e-07,3.68886e-06,1.0238808e-06,1.6973967e-05,0.9999616,1.6247695e-05,ISIC_0025976.jpg,5
2.430661e-06,0.00058508106,0.0005120562,1.6805277e-05,0.0075920606,0.99062645,0.00066518196,ISIC_0034004.jpg,5
7.123393e-06,4.5281545e-06,9.147878e-05,5.8398924e-05,1.5682805e-05,0.9996841,0.00013874924,ISIC_0030647.jpg,5
1.348182e-07,1.6688502e-09,1.1508239e-06,8.81332e-09,0.00051814,0.99948055,7.927802e-09,ISIC_0033102.jpg,5
3.3135711e-06,4.2355583e-05,1.6189775e-05,5.998626e-06,2.3120336e-05,0.0007945832,0.99911445,ISIC_0025197.jpg,6
0.0112687815,0.00027670775,0.14340746,3.0515788e-05,0.8379077,0.0070534744,5.5404817e-05,ISIC_0026604.jpg,4
3.5277799e-06,4.1908032e-07,0.00017417906,3.0315334e-05,0.009750499,0.9900357,5.3276676e-06,ISIC_0029814.jpg,5
0.00037478245,2.0739883e-05,0.015361177,8.8619e-05,0.16935194,0.8147795,2.3254077e-05,ISIC_0031411.jpg,5
1.7157197e-07,3.621092e-06,6.2255567e-06,4.235559e-07,0.07330283,0.92667925,7.430246e-06,ISIC_0027099.jpg,5
0.00026561794,7.12029e-05,0.012582343,0.00014661124,0.0038516473,0.9827557,0.00032693823,ISIC_0027554.jpg,5
0.0628244,3.7899554e-05,0.68699265,0.00013488607,0.06879374,0.18121141,5.074038e-06,ISIC_0031832.jpg,2
7.997197e-06,2.3013217e-06,0.0017638176,1.8615969e-05,0.00016674513,0.9980394,1.2251706e-06,ISIC_0025446.jpg,5
0.00015896803,0.00068826077,0.9976507,5.5335715e-07,0.0014557771,4.5042398e-05,6.638146e-07,ISIC_0027680.jpg,2
1.5351682e-06,8.837068e-07,4.6414138e-05,8.632468e-06,1.2876651e-05,0.9999168,1.2940852e-05,ISIC_0025142.jpg,5
1.3927997e-06,3.8438543e-06,7.668425e-06,9.175688e-06,7.9903275e-06,0.99996483,5.1328257e-06,ISIC_0025474.jpg,5
3.635351e-06,4.094461e-05,1.545156e-05,3.8048023e-05,2.35435e-05,0.99978083,9.7574106e-05,ISIC_0032465.jpg,5
2.6208423e-07,1.2375628e-07,1.4756694e-06,3.6169564e-05,3.919829e-06,0.99994886,9.198207e-06,ISIC_0027660.jpg,5
0.0012188876,0.17300245,0.00073036307,0.0005844905,0.001125517,0.82258683,0.0007514704,ISIC_0024604.jpg,5
2.3593298e-05,0.00019109578,0.0017937139,1.9581134e-06,0.9977431,0.00024580327,7.4373855e-07,ISIC_0034150.jpg,4
8.414291e-06,3.14565e-05,2.9472634e-05,8.601878e-06,5.526688e-05,0.9998497,1.7149348e-05,ISIC_0026465.jpg,5
1.15607406e-07,3.64723e-07,0.0001848255,8.512012e-07,0.0020732332,0.99774003,5.6433674e-07,ISIC_0032627.jpg,5
0.0010055747,4.3095035e-05,0.0054085935,0.0001387251,0.051979274,0.9413739,5.093123e-05,ISIC_0030219.jpg,5
7.972686e-08,1.8004496e-07,1.9487193e-07,9.150538e-07,1.888325e-06,0.9999949,1.8154786e-06,ISIC_0028612.jpg,5
0.0042618928,0.07720578,0.32698125,0.0035486254,0.06601459,0.5211348,0.0008529864,ISIC_0032470.jpg,5
0.00090779486,0.005943177,0.028317064,4.509471e-05,0.96464247,0.000109257024,3.5093042e-05,ISIC_0033023.jpg,4
5.682699e-06,2.1251075e-05,2.0373666e-06,5.4673337e-06,0.0004002578,0.999564,1.3544245e-06,ISIC_0027718.jpg,5
1.6046619e-05,8.728441e-06,8.1221304e-05,1.3331934e-05,0.00013915212,0.9997235,1.7964183e-05,ISIC_0031920.jpg,5
1.4087252e-06,1.362987e-06,3.2936837e-06,6.235137e-08,0.994642,0.005349583,2.2240674e-06,ISIC_0028033.jpg,4
0.4483751,0.008164636,0.53915256,0.0006241661,0.0035906993,8.164067e-05,1.12414955e-05,ISIC_0032963.jpg,2
1.01794485e-05,1.411483e-06,2.5238267e-05,3.7922387e-06,0.0022080068,0.99774843,2.8992176e-06,ISIC_0032649.jpg,5
0.0014911826,0.00014281453,0.016390977,0.022629969,0.00035495634,0.95855916,0.00043088637,ISIC_0031453.jpg,5
7.2363764e-05,6.141702e-05,0.9922908,6.727468e-05,0.0012588387,0.006246928,2.3327627e-06,ISIC_0033465.jpg,2
2.8366645e-05,2.2972315e-05,0.00040099083,0.8251147,0.0027558368,0.16755764,0.0041195364,ISIC_0025720.jpg,3
1.8619784e-06,3.9869057e-05,1.6689855e-06,7.652319e-06,1.7359503e-06,1.1360134e-07,0.9999471,ISIC_0026092.jpg,6
0.028853908,0.001134508,0.016876874,0.1434113,0.0034684374,0.80618066,7.42488e-05,ISIC_0025620.jpg,5
2.378171e-05,0.0013366705,0.00055383984,1.6411672e-05,0.9967354,0.001328367,5.5158744e-06,ISIC_0028709.jpg,4
2.7944912e-05,2.692988e-05,0.0010830847,6.980627e-06,0.99385804,0.0049949307,2.0039352e-06,ISIC_0027622.jpg,4
8.018365e-05,3.996861e-05,0.0004398101,0.00011471316,0.00010470343,0.9990834,0.0001371687,ISIC_0025916.jpg,5
0.00012238907,0.4494762,0.48136726,0.0020380642,0.06487312,0.0020514177,7.157317e-05,ISIC_0031531.jpg,2
1.3209761e-06,1.1507501e-07,0.0009510296,5.399489e-08,0.995739,0.003308432,1.4480268e-07,ISIC_0034000.jpg,4
2.3640627e-05,5.3712146e-08,0.00012733348,2.8847639e-05,0.0002224211,0.9995912,6.5948475e-06,ISIC_0030557.jpg,5
0.026562052,3.4591347e-05,0.9720926,9.887859e-05,0.0010828623,0.00012759527,1.4232813e-06,ISIC_0030137.jpg,2
5.0164342e-08,3.3956733e-09,2.2446986e-07,5.3558793e-08,4.2938664e-06,0.99999535,5.140276e-08,ISIC_0027196.jpg,5
3.4096167e-05,1.2505069e-05,0.0065711895,1.1189082e-05,0.028795654,0.96457356,1.8457681e-06,ISIC_0031189.jpg,5
0.00014557724,1.3847568e-05,1.6676933e-05,0.00023866391,0.00026192813,0.99931157,1.1879612e-05,ISIC_0028060.jpg,5
0.00016553757,2.3941845e-06,0.004889851,3.3164364e-05,0.0027539753,0.99214774,7.397302e-06,ISIC_0031586.jpg,5
0.00034625773,2.8273225e-05,0.9496053,1.1654078e-05,0.0211814,0.02882686,1.8554432e-07,ISIC_0034027.jpg,2
7.5518194e-08,6.580193e-07,1.8208808e-06,7.336638e-08,1.9259416e-05,0.9999763,1.7375447e-06,ISIC_0026689.jpg,5
0.99508333,0.0025452697,0.0015962707,0.0001391761,0.00046599688,0.00016830595,1.7179563e-06,ISIC_0027884.jpg,0
2.4540466e-05,3.8508415e-06,0.0005749327,5.7293273e-06,0.000329604,0.9990558,5.5784576e-06,ISIC_0033706.jpg,5
3.4634704e-07,1.5313601e-06,2.0862813e-06,4.2660017e-06,1.4911104e-06,0.9999832,7.0963297e-06,ISIC_0029722.jpg,5
2.7706787e-06,1.2036502e-06,1.6642822e-05,2.4649684e-05,8.46369e-05,0.9998454,2.472776e-05,ISIC_0026903.jpg,5
3.256575e-06,6.326448e-07,4.650175e-06,2.0306163e-06,2.9616001e-05,0.99995303,6.8801987e-06,ISIC_0024502.jpg,5
6.7087153e-06,9.2174264e-07,0.00019906092,2.377675e-05,3.8684237e-05,0.9996582,7.249968e-05,ISIC_0024844.jpg,5
0.009103581,0.00022340017,0.011126913,0.0005959117,0.012387242,0.9665313,3.1696094e-05,ISIC_0030209.jpg,5
0.00027962326,0.0007609507,0.9192181,0.00041424326,0.0010984967,0.0015985813,0.07663003,ISIC_0030789.jpg,2
0.0024253943,0.0065889545,0.219793,0.047359053,0.6688071,0.0055174245,0.04950908,ISIC_0033183.jpg,4
0.21409619,0.7347155,0.0031973124,0.041623317,0.00045769013,0.0058684377,4.148942e-05,ISIC_0026156.jpg,1
0.0003067802,7.6304124e-05,0.005793397,0.5536889,0.096149765,0.34358898,0.00039595348,ISIC_0031035.jpg,3
3.5689295e-06,8.482575e-06,2.2905073e-05,6.701626e-05,7.0298585e-05,0.9998022,2.5684094e-05,ISIC_0025416.jpg,5
0.00019060179,0.0007569677,0.020497626,0.0018113776,0.0006542462,0.9754951,0.000594168,ISIC_0029998.jpg,5
7.3314222e-06,1.0515887e-05,5.331e-05,1.6535454e-05,4.2872257e-06,0.9998801,2.7872262e-05,ISIC_0032506.jpg,5
1.3901562e-06,1.1286854e-06,0.0035948725,1.6228527e-07,0.9875931,0.008809115,1.2906689e-07,ISIC_0029413.jpg,4
0.00071460585,0.00010735492,0.11438836,0.0018252529,0.0047766385,0.8781219,6.5870285e-05,ISIC_0032421.jpg,5
0.0006200775,3.1304233e-05,0.0014856901,2.7564479e-06,0.9974591,0.00038249203,1.8580728e-05,ISIC_0033995.jpg,4
6.156934e-06,1.2176329e-06,6.441219e-05,6.186434e-06,7.996367e-05,0.9998387,3.3426502e-06,ISIC_0032403.jpg,5
1.8648538e-05,2.7969472e-05,0.00040532608,1.6929305e-05,0.001203744,0.99830294,2.4425532e-05,ISIC_0033561.jpg,5
6.856259e-05,3.9214924e-06,0.00012264475,0.00037576992,0.00053405436,0.99888223,1.2813252e-05,ISIC_0029716.jpg,5
0.00058734044,4.3804877e-05,0.00043632582,2.6022879e-05,0.029309815,0.96958107,1.5623355e-05,ISIC_0033070.jpg,5
1.3341427e-05,3.8551647e-05,0.00010319829,0.0001135831,8.868024e-05,0.99957997,6.270376e-05,ISIC_0030692.jpg,5
1.1093017e-06,2.743088e-06,4.3595705e-06,8.3252235e-06,0.0002321681,0.9997509,3.590922e-07,ISIC_0031970.jpg,5
0.001539254,9.846623e-06,0.0041064178,0.00011704762,0.0074518654,0.9867704,5.1371157e-06,ISIC_0027265.jpg,5
0.011346979,0.001351632,0.0147808865,0.0011809297,0.013941684,0.95728916,0.000108751934,ISIC_0031126.jpg,5
0.000645433,0.0031903964,0.0056759096,3.82533e-05,0.00022699405,0.99022055,2.5227514e-06,ISIC_0026478.jpg,5
2.7589e-06,7.206647e-06,8.2516846e-07,1.3097978e-05,0.0028805416,0.99706775,2.7820439e-05,ISIC_0024406.jpg,5
0.00013784654,9.726104e-05,0.0067768674,0.00016402718,0.02164036,0.9711619,2.1779728e-05,ISIC_0032641.jpg,5
0.99998486,3.583194e-08,1.23333335e-08,1.3707272e-07,1.491051e-05,1.1499307e-08,1.0558472e-09,ISIC_0029133.jpg,0
3.0064079e-05,0.00037519488,3.163309e-05,1.0585234e-05,2.4453253e-05,0.99950075,2.7265583e-05,ISIC_0025229.jpg,5
5.912176e-05,2.4120138e-05,0.00028616682,0.000162126,7.88038e-05,0.99899715,0.0003925096,ISIC_0026632.jpg,5
0.032322224,0.94740105,0.0024428654,0.0007723415,0.0016498804,0.015396179,1.5429683e-05,ISIC_0031026.jpg,1
3.19736e-06,2.3349749e-06,5.836755e-06,1.4483084e-06,3.7398095e-05,0.9999397,1.0090704e-05,ISIC_0024540.jpg,5
4.7050507e-06,1.4229888e-06,3.343823e-05,7.1254595e-05,0.9972651,0.0026236214,4.2200242e-07,ISIC_0034284.jpg,4
1.8262115e-08,1.9357115e-08,4.8202565e-07,3.3972995e-06,1.8738845e-05,0.99996424,1.3225212e-05,ISIC_0028569.jpg,5
0.07035693,0.0008533711,0.74094814,0.00040784533,0.18544014,0.0019839485,9.620698e-06,ISIC_0030240.jpg,2
4.324962e-07,2.5150351e-08,6.269473e-06,3.5445987e-07,5.0963814e-07,0.9999924,3.227731e-08,ISIC_0031420.jpg,5
1.2965616e-05,6.729979e-05,9.3496594e-05,9.7322016e-05,0.0021540557,0.99725765,0.00031715212,ISIC_0025538.jpg,5
2.5615049e-05,2.5177314e-05,0.004702771,0.00015045515,0.0025010728,0.9925889,5.9770914e-06,ISIC_0032294.jpg,5
1.1908397e-06,4.1644693e-08,3.8924445e-06,3.640942e-07,4.1007876e-05,0.9999534,1.5251224e-07,ISIC_0033517.jpg,5
2.1266062e-06,3.5921394e-06,5.6790333e-05,7.3800584e-06,0.00081130187,0.99911493,3.8628395e-06,ISIC_0033223.jpg,5
0.0027600443,0.000887065,0.11302615,8.721833e-05,0.007467536,0.8753457,0.0004262688,ISIC_0025352.jpg,5
0.0005024724,0.0007142993,0.011023816,0.00015922007,0.0020887482,0.9854901,2.1446469e-05,ISIC_0032516.jpg,5
0.00015720462,2.748171e-06,0.0025979474,0.00025908306,0.00028732384,0.99668854,7.1305512e-06,ISIC_0024307.jpg,5
7.3479055e-06,1.9309487e-06,1.1973577e-05,8.977614e-05,0.00022388078,0.9996588,6.3207913e-06,ISIC_0028282.jpg,5
0.000100734316,4.101547e-06,0.0003308146,0.00985514,0.020660374,0.9690242,2.4547518e-05,ISIC_0032952.jpg,5
2.5988645e-06,1.9831755e-06,3.0518975e-05,1.0873348e-05,0.00040984058,0.9995419,2.3314185e-06,ISIC_0031053.jpg,5
0.00062076567,1.629264e-05,0.0020811257,2.750082e-05,0.060916338,0.9361241,0.00021398909,ISIC_0028489.jpg,5
0.000841452,2.6213136e-05,0.02479623,0.0003272498,0.00095173216,0.97301257,4.4567518e-05,ISIC_0028115.jpg,5
0.99659795,7.368971e-05,0.0001597824,0.0027317202,0.00043398616,2.2837403e-06,6.021174e-07,ISIC_0033295.jpg,0
8.0044965e-06,7.589162e-07,1.2207378e-05,1.4362356e-05,1.680483e-05,0.9999455,2.4603662e-06,ISIC_0030571.jpg,5
0.052264478,0.0022081938,0.0109032085,0.7880743,0.14460967,8.3183026e-05,0.0018569671,ISIC_0024962.jpg,3
2.253915e-05,2.1527445e-05,0.00012387622,9.317518e-05,0.00024721207,0.9994342,5.7495225e-05,ISIC_0030863.jpg,5
6.8330974e-06,0.0002078911,0.98061854,2.8752287e-05,0.017994484,0.0011429123,6.270358e-07,ISIC_0033199.jpg,2
1.7420345e-05,8.890308e-06,0.000117930475,3.906116e-06,0.012013168,0.98783666,2.1685973e-06,ISIC_0033108.jpg,5
0.25601894,0.0015338837,2.9530798e-05,0.7360918,0.0063093104,1.5649877e-05,8.7386036e-07,ISIC_0027930.jpg,3
0.99986017,9.9741665e-06,1.1282267e-05,0.00011545959,2.0572631e-06,1.0272528e-06,1.162662e-08,ISIC_0027184.jpg,0
9.580622e-06,0.99993885,6.8565932e-06,1.5883182e-06,1.7771263e-06,3.972326e-05,1.7002491e-06,ISIC_0032857.jpg,1
4.341658e-06,2.800014e-06,1.3917323e-05,2.9851295e-05,3.113691e-05,0.99990714,1.0921541e-05,ISIC_0026408.jpg,5
0.0007501073,0.75444597,0.1466422,0.0036224527,0.00041980407,0.08043161,0.01368779,ISIC_0028085.jpg,1
1.7844619e-06,4.2347456e-06,0.00059857103,0.00011062639,8.764168e-06,0.99926525,1.070528e-05,ISIC_0029111.jpg,5
2.790045e-06,5.575449e-06,1.7823206e-05,8.526902e-06,1.6799559e-05,0.9999254,2.2972174e-05,ISIC_0026061.jpg,5
3.67352e-05,2.4664153e-06,7.031927e-06,9.4520714e-05,5.0340877e-06,0.99984705,7.097313e-06,ISIC_0030975.jpg,5
0.009698862,0.0003884761,0.9296437,0.03492592,0.0068046357,0.018092172,0.00044624996,ISIC_0030203.jpg,2
0.08239169,0.0006420622,0.06999683,0.012614755,0.21117388,0.6230545,0.00012627705,ISIC_0029665.jpg,5
9.034676e-07,1.0114883e-06,4.2014562e-06,1.0113248e-05,2.6737109e-05,0.99995506,2.0709117e-06,ISIC_0031757.jpg,5
0.23900782,0.7478076,0.0039220056,0.00015619691,0.008286894,0.00081212184,7.3645083e-06,ISIC_0026327.jpg,1
0.00025974258,0.0040946943,0.0015154257,5.305567e-05,0.0807239,0.91238517,0.00096802064,ISIC_0030653.jpg,5
0.0039339047,0.99282974,0.0030989926,3.867406e-06,0.00013148742,1.9168212e-06,5.3078743e-08,ISIC_0027189.jpg,1
0.0051726126,0.010455639,0.8755977,7.0887836e-05,0.10047186,0.008194492,3.6757858e-05,ISIC_0032960.jpg,2
0.019638868,0.8568215,0.07077027,0.0023777375,0.050190765,0.00014935025,5.1509764e-05,ISIC_0030721.jpg,1
0.00020723941,0.0006365672,0.008396916,2.2751237e-05,0.98831403,0.0024195968,2.8844295e-06,ISIC_0028131.jpg,4
0.08054903,0.083712995,0.00022086545,0.11606083,0.71941173,2.573951e-05,1.8740147e-05,ISIC_0024973.jpg,4
1.2465632e-06,1.611007e-07,1.1976751e-05,1.08765384e-07,0.9982926,0.0016939199,4.4069246e-08,ISIC_0029172.jpg,4
3.698932e-05,4.3184602e-05,0.00011416103,0.0001715603,0.0004523818,0.9991738,7.860902e-06,ISIC_0027671.jpg,5
0.0012001198,6.0818333e-05,0.0015207194,0.18156242,0.0003379866,0.8147448,0.0005731426,ISIC_0027598.jpg,5
1.5449242e-06,6.937896e-06,1.6196836e-05,8.2604373e-07,5.0832343e-05,0.9999212,2.5186894e-06,ISIC_0029782.jpg,5
0.009069233,0.00031694755,0.033496007,0.92160994,0.00010338583,0.034460615,0.00094381487,ISIC_0030034.jpg,3
0.008030649,0.13177723,0.8508156,0.0023911248,0.002236272,0.0047121434,3.6939327e-05,ISIC_0030915.jpg,2
0.08093831,0.0040664743,0.4887867,0.00087559683,0.42031747,0.004984269,3.1287684e-05,ISIC_0027991.jpg,2
0.00036290675,0.0010530354,0.96270245,8.923296e-05,0.0006127715,0.035047848,0.00013179606,ISIC_0030906.jpg,2
3.433564e-06,8.3523815e-07,5.217365e-05,1.6340053e-05,0.6429807,0.35693705,9.483829e-06,ISIC_0031642.jpg,4
2.9525952e-06,4.808203e-07,1.16378615e-05,1.5989019e-05,0.00032365075,0.9996407,4.6365026e-06,ISIC_0026695.jpg,5
9.6199146e-05,7.2846133e-06,0.0025229957,1.7196346e-05,0.054011513,0.9433436,1.2074029e-06,ISIC_0030575.jpg,5
0.0002593206,0.0001489322,0.9988248,0.00029227385,7.595354e-05,0.0003985045,2.4001736e-07,ISIC_0028389.jpg,2
3.312683e-07,1.9487115e-07,1.99604e-06,2.64979e-07,7.757303e-06,0.9999871,2.3610971e-06,ISIC_0024991.jpg,5
5.7893107e-05,6.121435e-05,0.0003969704,0.00014630504,0.00026961966,0.99889624,0.00017167008,ISIC_0028959.jpg,5
1.2349417e-05,3.739907e-05,0.0008785787,0.00024780398,0.00012323493,0.9984668,0.00023377451,ISIC_0026415.jpg,5
0.0006108758,0.012489933,0.02879642,0.0020938125,0.018775985,0.07407328,0.8631597,ISIC_0032860.jpg,6
2.8739846e-06,2.1966637e-06,4.0608725e-06,4.852266e-06,3.6899437e-05,0.99994206,7.0892265e-06,ISIC_0028471.jpg,5
3.7104314e-06,8.885244e-07,4.9445207e-05,9.702187e-07,0.000544049,0.9994,9.779252e-07,ISIC_0033489.jpg,5
5.0465413e-05,0.012760123,0.067496836,3.8357477e-05,0.14748333,0.0012975438,0.77087337,ISIC_0034006.jpg,6
0.0021598318,0.00046619168,0.14964424,7.459109e-05,0.0038683366,0.8437782,8.531598e-06,ISIC_0025663.jpg,5
0.000109033856,0.9988921,0.00027554133,3.946618e-05,6.6251116e-05,0.0004376742,0.00017987206,ISIC_0028495.jpg,1
4.5225042e-06,1.6910813e-06,1.2984659e-05,6.2642255e-05,9.1673e-05,0.9998184,8.044863e-06,ISIC_0024990.jpg,5
3.5715576e-07,7.97232e-07,1.3613497e-05,5.3216027e-06,6.0604136e-05,0.99991405,5.150364e-06,ISIC_0029348.jpg,5
0.000251311,6.701201e-05,0.0006019709,0.00086125016,0.0006510844,0.9975358,3.1389092e-05,ISIC_0032127.jpg,5
0.0002747952,2.2235166e-05,0.0004797832,0.00010353986,0.0003720538,0.998728,1.9485775e-05,ISIC_0029387.jpg,5
0.0003505951,4.0138217e-05,0.019263543,3.7188714e-05,0.0008945309,0.9794074,6.5308795e-06,ISIC_0033107.jpg,5
1.5978867e-05,7.256664e-06,8.128493e-05,2.2760483e-05,0.0028369837,0.99703014,5.598379e-06,ISIC_0033383.jpg,5
2.7624665e-05,5.98525e-05,7.072574e-05,0.0014139619,0.0007049911,0.99762976,9.315902e-05,ISIC_0030343.jpg,5
0.052017767,0.7730078,0.068288416,0.0044524865,0.011052448,0.0905782,0.0006028834,ISIC_0025718.jpg,1
9.17968e-06,2.1557219e-06,5.7260622e-05,2.5907659e-05,4.291722e-06,0.9998982,3.040809e-06,ISIC_0026850.jpg,5
4.699467e-07,4.893584e-07,2.6542634e-06,1.0441463e-05,5.698867e-06,0.9999788,1.4282876e-06,ISIC_0028712.jpg,5
9.160512e-07,5.576468e-07,3.8294697e-06,8.170883e-06,3.5602657e-06,0.999977,5.8388437e-06,ISIC_0028502.jpg,5
0.0016029006,0.9933274,0.0003753568,8.689449e-05,0.000370829,0.0042226356,1.395889e-05,ISIC_0034255.jpg,1
9.1925685e-06,1.2159107e-05,0.00018573474,3.1816075e-05,0.00037265162,0.99934727,4.119289e-05,ISIC_0031792.jpg,5
0.0001923405,0.0009962032,0.022914452,2.0945065e-05,0.20286341,0.77298236,3.0327807e-05,ISIC_0032546.jpg,5
6.676475e-06,5.4952716e-06,3.2533248e-05,1.6121616e-05,0.0017653712,0.9981718,2.1128812e-06,ISIC_0031248.jpg,5
0.49489683,0.00019362803,0.49428955,0.007121513,0.0034854955,1.26120885e-05,3.3523517e-07,ISIC_0031292.jpg,0
1.8067132e-06,2.058951e-05,4.946758e-06,8.908156e-06,5.3009608e-06,0.9997718,0.0001866596,ISIC_0030963.jpg,5
1.1188677e-06,6.536051e-07,3.6081772e-05,9.5402165e-06,0.00023322654,0.99968946,3.0060519e-05,ISIC_0025023.jpg,5
0.0014150942,7.792273e-05,0.0065505286,0.0005634758,0.0031563852,0.98806703,0.0001694697,ISIC_0031960.jpg,5
0.00033504269,0.7253267,0.26642463,0.0039742063,0.00021411873,0.0002730778,0.0034521904,ISIC_0029779.jpg,1
1.379343e-06,2.6543166e-06,3.8741446e-06,3.319895e-05,1.2856877e-06,0.9999006,5.697446e-05,ISIC_0028546.jpg,5
0.00017536433,0.0016670848,0.0017118811,0.00021395872,0.00036668257,0.00062142237,0.9952435,ISIC_0027522.jpg,6
1.9158524e-05,0.00021026307,0.00042727758,0.000100698846,0.0068362984,0.99237365,3.2756605e-05,ISIC_0025511.jpg,5
2.6333375e-05,2.0363239e-05,0.00015873108,3.8292113e-05,0.0021097471,0.9976392,7.336677e-06,ISIC_0033983.jpg,5
3.5047302e-07,1.4759807e-07,7.0043616e-06,5.975459e-07,0.0006173681,0.99937373,7.9503565e-07,ISIC_0029790.jpg,5
0.00022577884,0.00013461866,0.0010189182,8.231523e-05,0.001565624,0.99696857,4.1434982e-06,ISIC_0030977.jpg,5
0.0042045894,0.0008661167,0.37540466,0.00016053187,0.33820653,0.28102714,0.00013034386,ISIC_0033406.jpg,2
0.0001600835,0.00015125082,0.0110439975,0.00095354643,0.01153811,0.97604513,0.000107864245,ISIC_0024357.jpg,5
7.948085e-06,5.7211664e-06,0.00027972975,3.5724008e-06,0.9995394,0.00016365349,2.5323466e-08,ISIC_0027030.jpg,4
0.13986492,0.0020307938,0.2480345,0.04561237,0.0003213106,0.56403553,0.00010062914,ISIC_0030095.jpg,5
3.7964855e-06,7.497253e-06,1.1301217e-05,1.7116696e-05,0.0001827577,0.99976736,1.0057984e-05,ISIC_0026472.jpg,5
1.0313546e-05,1.7642716e-06,2.3676082e-05,5.1045707e-05,8.44814e-05,0.999826,2.7358062e-06,ISIC_0030994.jpg,5
4.9893402e-05,4.0058544e-06,0.9998634,9.270292e-06,1.2493863e-05,5.8447626e-05,2.4620115e-06,ISIC_0031362.jpg,2
8.308723e-05,4.5647926e-06,0.01680129,1.6889695e-05,0.000116488554,0.9829774,2.8809603e-07,ISIC_0030348.jpg,5
7.5709027e-06,2.2749591e-05,0.0005836239,0.00018393347,0.73527974,0.26391527,7.142847e-06,ISIC_0026545.jpg,4
0.00020103154,1.2638723e-06,1.0073024e-05,6.11536e-05,0.99874,0.0009804397,5.9529884e-06,ISIC_0026009.jpg,4
0.0005968644,0.0013045154,0.013436919,5.0505227e-05,0.018071057,0.9661397,0.0004003789,ISIC_0032792.jpg,5
9.5622045e-06,6.98314e-06,3.274882e-05,1.46676475e-05,7.84502e-05,0.9998429,1.46749235e-05,ISIC_0027923.jpg,5
0.00037510824,0.0020817667,0.0044003404,0.0005453334,0.10373853,0.5152707,0.3735882,ISIC_0025094.jpg,5
0.0002273807,2.697231e-05,0.0009408849,0.00021069184,0.00068161206,0.99791044,1.9847387e-06,ISIC_0033574.jpg,5
0.46896386,0.0006447451,0.0014907215,0.1357234,0.3305189,0.0556573,0.0070010084,ISIC_0033962.jpg,0
0.032044288,0.032053187,0.16728754,0.10468838,0.017541489,0.64635533,2.9770687e-05,ISIC_0024466.jpg,5
0.000336717,0.0037185135,0.0002943642,0.9951715,0.00029687982,0.00011396777,6.804696e-05,ISIC_0024330.jpg,3
5.575759e-07,1.8893264e-06,2.6127602e-05,2.7806518e-06,0.0036364,0.99632996,2.3339303e-06,ISIC_0032794.jpg,5
9.273306e-06,3.800426e-06,1.0313491e-05,3.7946804e-05,1.7882983e-05,0.99990535,1.5491967e-05,ISIC_0032237.jpg,5
0.0022634105,0.00015815948,0.014047672,0.007490909,0.22398622,0.75182134,0.00023231606,ISIC_0027717.jpg,5
3.5396215e-07,2.218786e-06,3.7246926e-05,1.432548e-06,9.250516e-06,0.9998995,4.9932623e-05,ISIC_0030980.jpg,5
0.0009401709,0.13429491,0.13586858,0.0004891648,0.008545749,0.7195632,0.00029821676,ISIC_0032414.jpg,5
2.6719715e-07,9.007294e-08,2.164519e-06,1.5802603e-06,0.0001859411,0.9998099,1.1164607e-07,ISIC_0033045.jpg,5
0.00024988732,5.061992e-06,0.00028120808,1.753529e-05,0.008542565,0.99089956,4.2136385e-06,ISIC_0033033.jpg,5
3.1218856e-06,1.7305716e-05,0.00028116527,3.157732e-05,6.477677e-05,0.99958247,1.959413e-05,ISIC_0025002.jpg,5
0.9798995,0.018650524,0.00023084709,0.0011227484,6.0300346e-05,3.5606565e-05,6.158896e-07,ISIC_0031171.jpg,0
0.99996436,6.6666183e-07,5.825932e-06,4.311868e-07,2.8759694e-05,3.1405744e-08,2.2657185e-09,ISIC_0025531.jpg,0
0.00017350304,5.3599782e-05,0.95608187,0.000104469254,0.000677661,0.04290731,1.5778119e-06,ISIC_0029420.jpg,2
0.015875272,0.00044574303,0.8707598,0.06091482,0.0012701236,0.050712824,2.1488144e-05,ISIC_0026947.jpg,2
4.6810474e-06,1.883302e-07,6.0233288e-06,1.2802748e-05,1.8749197e-06,0.9999716,2.8444783e-06,ISIC_0026648.jpg,5
0.00023240098,5.148481e-05,0.0006680868,3.5653713e-05,0.004054906,0.99492407,3.3386408e-05,ISIC_0033786.jpg,5
3.0391615e-05,6.065444e-06,0.00014153693,3.8336762e-05,0.00020247701,0.99956566,1.5491933e-05,ISIC_0027353.jpg,5
0.14750378,0.004863,0.7236368,0.0021115562,0.0028911994,0.118992366,1.3198194e-06,ISIC_0031927.jpg,2
7.505659e-05,3.5581957e-05,7.545779e-05,1.7789342e-05,0.0016808129,0.9981035,1.1708243e-05,ISIC_0025705.jpg,5
5.039483e-05,0.99991155,7.691718e-06,3.9831934e-06,1.764097e-05,8.353843e-06,4.519996e-07,ISIC_0033372.jpg,1
5.7001273e-07,1.9155044e-05,0.0018753972,2.4989286e-06,0.00030548364,0.9977958,1.0595691e-06,ISIC_0032521.jpg,5
0.9993656,2.8161958e-05,7.3680962e-06,0.00013269237,0.00045064202,1.4950955e-05,4.7479793e-07,ISIC_0028076.jpg,0
3.3727705e-05,3.0584888e-05,2.1637463e-05,0.99968696,0.00019648738,2.2343926e-05,8.295701e-06,ISIC_0030244.jpg,3
0.0012276918,0.0004034897,0.0045045405,0.0090968795,0.00019327697,0.9836204,0.00095366617,ISIC_0030896.jpg,5
0.0011506128,4.835357e-05,7.2821735e-05,0.0034254875,0.015112316,0.98018634,4.061035e-06,ISIC_0030232.jpg,5
2.3351463e-06,1.10058145e-05,2.6943053e-05,1.3444178e-06,8.5488435e-05,0.999871,1.9647537e-06,ISIC_0034271.jpg,5
1.3553485e-05,4.652164e-06,2.0160303e-05,6.161797e-05,3.5547146e-05,0.9998561,8.37435e-06,ISIC_0025858.jpg,5
4.1736566e-05,4.6342153e-05,0.99860317,2.554027e-05,0.00042441033,0.0008586903,1.460865e-07,ISIC_0031980.jpg,2
2.9873836e-06,4.156633e-05,0.028584812,7.3249244e-06,0.96729094,0.0040442534,2.8093875e-05,ISIC_0031756.jpg,4
3.981962e-06,4.6329097e-07,0.00010949873,3.3544882e-06,0.007248539,0.9926323,1.8614854e-06,ISIC_0032711.jpg,5
0.00018063793,0.007739155,0.0013589488,0.0008071486,0.0013398861,0.98787457,0.0006995493,ISIC_0028154.jpg,5
3.127898e-08,1.6103297e-06,4.721332e-06,3.7885758e-07,3.4081124e-06,0.99998057,9.278277e-06,ISIC_0027557.jpg,5
0.0023355677,8.8846245e-05,0.010180655,0.00041147723,0.22447649,0.76231736,0.0001896039,ISIC_0033916.jpg,5
2.21693e-06,8.1439475e-07,4.8754042e-05,4.8692827e-06,7.355381e-05,0.9998503,1.9410134e-05,ISIC_0025006.jpg,5
5.078631e-07,1.9162421e-06,5.5540654e-06,2.4961614e-06,1.4810474e-05,0.99997365,1.0022209e-06,ISIC_0030435.jpg,5
1.4808859e-05,0.017815296,0.98210526,9.217945e-06,2.4189467e-06,8.014742e-06,4.496688e-05,ISIC_0033776.jpg,2
2.2512907e-07,1.9891204e-06,5.3360192e-05,1.0587355e-06,2.8961767e-06,0.99993324,7.1244613e-06,ISIC_0029706.jpg,5
7.5070636e-07,2.7524457e-06,1.6259584e-05,7.0763126e-05,6.271361e-06,0.999729,0.00017414725,ISIC_0025455.jpg,5
1.7789336e-06,1.0312643e-05,9.038453e-06,4.3268565e-06,3.161633e-05,0.99971837,0.00022447844,ISIC_0031954.jpg,5
0.00012655799,0.0056639924,0.014693262,2.7145074e-05,0.00020255835,0.9114753,0.06781109,ISIC_0032218.jpg,5
0.0061407653,0.00165353,0.9853314,0.0015172494,0.0007596002,0.0044078426,0.00018958193,ISIC_0032570.jpg,2
0.00014261084,0.9998325,1.1444117e-06,1.0797325e-05,1.5663182e-06,1.0600812e-05,6.8171914e-07,ISIC_0029391.jpg,1
0.025154017,0.000684299,0.68380684,0.000859937,0.25648195,0.03300319,9.720684e-06,ISIC_0024525.jpg,2
2.153986e-06,4.4687804e-06,1.0367342e-05,4.6595237e-06,0.00010381109,0.999869,5.607769e-06,ISIC_0025114.jpg,5
4.3961253e-07,2.522533e-07,6.5562413e-06,3.6231872e-06,2.963612e-05,0.9999579,1.5800482e-06,ISIC_0030777.jpg,5
0.004389022,9.6962285e-05,0.04168213,0.00021881591,0.95338863,0.00021907566,5.3851886e-06,ISIC_0032922.jpg,4
7.4551203e-06,1.9444757e-05,0.0009236413,3.2580317e-06,0.0050494727,0.99399346,3.3705437e-06,ISIC_0027978.jpg,5
0.53307873,0.0030817997,0.04679977,0.024715118,0.00076509314,0.39120612,0.0003533939,ISIC_0031142.jpg,0
1.2818659e-05,6.2106515e-06,0.00017644707,9.615834e-06,0.00047509538,0.99931145,8.3601835e-06,ISIC_0033040.jpg,5
0.0006923267,3.414633e-05,0.00025652818,0.061007146,0.9277812,0.010104482,0.00012416978,ISIC_0027642.jpg,4
9.8212025e-05,0.00017758174,0.00047905298,0.0008667789,0.0003180893,0.99796534,9.4935975e-05,ISIC_0025464.jpg,5
1.0554958e-06,4.9592268e-06,2.1620686e-05,7.504452e-06,2.1251513e-05,0.9999269,1.6603704e-05,ISIC_0031505.jpg,5
0.000964104,1.4620479e-06,1.7589052e-06,6.0667157e-06,1.5412538e-06,0.9990251,1.5766288e-08,ISIC_0027222.jpg,5
0.0028777383,0.0013291346,0.25355786,0.0010373244,0.002669493,0.7385187,9.76532e-06,ISIC_0030801.jpg,5
0.0004141903,0.00016331948,0.0018706963,0.000216726,0.01189594,0.9853799,5.92214e-05,ISIC_0025488.jpg,5
3.47042e-06,9.905875e-07,0.00019829853,6.827005e-07,0.9988913,0.00090526283,3.1265177e-08,ISIC_0026430.jpg,4
0.00013320496,0.00032959518,0.054473195,5.5962526e-05,0.94294727,0.0020603493,4.6847802e-07,ISIC_0028128.jpg,4
2.788847e-07,7.5764495e-07,4.2864767e-06,4.014246e-06,8.410365e-06,0.9999666,1.5654075e-05,ISIC_0029816.jpg,5
4.5148703e-05,1.7245875e-06,0.0008398804,0.022656128,0.97416174,0.002289623,5.7226707e-06,ISIC_0029512.jpg,4
0.0014467459,0.00020775039,0.13259298,2.4426776e-05,0.86450106,0.0012250689,2.065392e-06,ISIC_0024679.jpg,4
8.7843546e-07,2.919754e-07,1.6787162e-06,1.2825459e-06,0.0002471948,0.9997485,1.4636598e-07,ISIC_0030225.jpg,5
1.8291832e-06,1.3279054e-06,4.7601552e-07,1.2847678e-06,5.072623e-07,0.9999945,2.436666e-08,ISIC_0026398.jpg,5
1.7727145e-06,1.7662042e-06,1.0828932e-05,4.359565e-06,5.366043e-05,0.9999213,6.2565446e-06,ISIC_0030407.jpg,5
0.0006303112,0.0026282924,0.95204526,1.584151e-06,0.043247905,0.0014043022,4.2328575e-05,ISIC_0028591.jpg,2
6.42405e-05,3.6055678e-06,0.00060154236,1.2430082e-05,0.011484115,0.9875866,0.0002474141,ISIC_0025970.jpg,5
1.1236541e-05,2.3922665e-05,1.9304447e-05,0.00012376395,0.002803073,0.99698895,2.9804794e-05,ISIC_0029707.jpg,5
0.09781451,0.001999412,0.6828845,0.0008514385,0.04824342,0.16768868,0.000518081,ISIC_0027573.jpg,2
2.5071956e-06,2.0922387e-06,4.8922806e-07,2.2485025e-05,4.2553156e-06,0.9999584,9.707501e-06,ISIC_0032966.jpg,5
4.993726e-05,9.837572e-06,5.7020134e-05,1.2047534e-05,9.692942e-05,0.9997464,2.7771881e-05,ISIC_0024393.jpg,5
0.0007705949,0.000112129725,0.066655055,3.923344e-05,0.03116681,0.9012498,6.2911095e-06,ISIC_0032846.jpg,5
2.4764013e-06,4.5957944e-07,4.4960474e-05,2.4092806e-06,1.7473656e-05,0.99993193,3.410422e-07,ISIC_0031904.jpg,5
0.00011417932,3.8301016e-05,0.0007406201,0.000356618,0.001595598,0.9969151,0.0002395908,ISIC_0025191.jpg,5
0.010682242,1.6400178e-06,0.98928714,7.510894e-06,1.8325485e-05,3.0894748e-06,1.1275794e-08,ISIC_0026523.jpg,2
0.0006056415,8.927575e-05,0.017877668,5.9936447e-05,0.037402876,0.9439549,9.673972e-06,ISIC_0030340.jpg,5
0.0006367048,1.8795923e-05,0.009753597,8.580763e-05,0.00059222116,0.98889625,1.6706412e-05,ISIC_0031363.jpg,5
0.0003107503,3.431709e-05,0.9975598,4.207879e-05,0.00058134977,0.0014708564,8.070806e-07,ISIC_0033509.jpg,2
2.9832849e-05,0.00026854916,0.00045058224,4.6184257e-05,0.0069855964,0.99211806,0.00010125148,ISIC_0031573.jpg,5
3.0708118e-06,1.5423667e-07,5.665004e-06,1.8522121e-07,0.0006423563,0.99934846,1.135993e-07,ISIC_0033607.jpg,5
4.1915035e-07,1.8043994e-07,5.138122e-06,1.1919656e-05,1.5902784e-05,0.9999318,3.4590084e-05,ISIC_0029842.jpg,5
0.001685797,0.123756,0.15330473,0.005765477,0.022716757,0.68218744,0.010583751,ISIC_0032974.jpg,5
0.0010154643,2.8509006e-05,0.42643294,6.217427e-05,0.15748933,0.41496927,2.3463808e-06,ISIC_0031550.jpg,2
0.0005229543,0.0072441753,0.0013277733,0.012121441,3.7433445e-05,0.9778477,0.00089857064,ISIC_0031129.jpg,5
0.99995494,4.6289964e-07,6.4818237e-06,3.1777297e-05,6.2699137e-06,1.43637156e-08,3.1276253e-09,ISIC_0030408.jpg,0
5.3760786e-08,2.5529951e-08,1.8625471e-07,7.082512e-07,4.7902074e-07,0.99999833,2.3356493e-07,ISIC_0027965.jpg,5
0.0003393736,0.9885952,0.009042064,0.00017441364,0.0007253872,0.0011116129,1.20096365e-05,ISIC_0024833.jpg,1
5.7566645e-06,1.587782e-06,0.0011521111,1.3636339e-05,0.00040330362,0.99842274,9.042234e-07,ISIC_0028066.jpg,5
7.76856e-05,1.4744265e-05,0.9649863,1.2051445e-05,0.026779952,0.008128859,2.9832532e-07,ISIC_0027454.jpg,2
3.1224827e-05,0.0008662041,0.0005645107,0.00025560748,0.0008126803,0.99739707,7.276792e-05,ISIC_0024834.jpg,5
2.3719196e-05,0.0010186896,0.98515594,1.1517748e-06,0.00071335875,0.013056362,3.071398e-05,ISIC_0033629.jpg,2
0.046374004,0.9086129,0.03939246,0.001124652,0.0010133386,0.0033406895,0.0001419533,ISIC_0031263.jpg,1
1.7500123e-06,2.043158e-06,1.5830814e-05,7.1803556e-06,5.2894582e-05,0.99984956,7.074156e-05,ISIC_0028286.jpg,5
3.906095e-05,3.4160534e-05,0.00033082257,2.5328494e-05,0.64931357,0.3502235,3.3515433e-05,ISIC_0030473.jpg,4
0.3903819,0.0013976803,0.515523,0.0012441503,0.0025584912,0.088879615,1.51993945e-05,ISIC_0031639.jpg,2
4.31359e-05,0.00015068491,0.016097208,3.2941047e-05,0.021138195,0.9624834,5.442259e-05,ISIC_0034195.jpg,5
5.04912e-05,1.6487873e-05,0.9996668,3.6308757e-06,1.6862074e-05,0.00024576922,4.3950656e-08,ISIC_0031465.jpg,2
1.2637727e-05,1.6313312e-05,0.4541058,6.9744383e-06,0.49221975,0.05363789,6.58995e-07,ISIC_0029978.jpg,4
0.810031,0.0008047649,0.018383706,0.1515077,0.004632551,0.014583492,5.6753117e-05,ISIC_0032853.jpg,0
6.2491774e-05,0.0004939534,0.9994067,7.477236e-06,8.353855e-06,1.7761595e-05,3.238723e-06,ISIC_0032417.jpg,2
1.1837923e-06,6.949161e-05,1.3448669e-06,6.136931e-07,1.4173887e-05,0.9997187,0.00019451803,ISIC_0024874.jpg,5
5.0763667e-08,2.5716698e-08,2.771167e-07,1.8785953e-07,2.4310493e-06,0.99999654,4.8299654e-07,ISIC_0031752.jpg,5
5.9335824e-05,0.0017630802,0.97501796,1.4956747e-05,0.00010661033,0.0003928273,0.02264524,ISIC_0033212.jpg,2
0.03898555,0.0005026018,0.76189137,0.01027615,0.012389795,0.17577124,0.00018338698,ISIC_0033364.jpg,2
0.00028223777,0.00074990507,0.005759089,0.0037752085,0.002402468,0.98651737,0.0005136578,ISIC_0032363.jpg,5
6.808655e-07,9.247795e-07,4.1072963e-06,5.310625e-06,1.9144625e-05,0.99996626,3.5146813e-06,ISIC_0027124.jpg,5
0.0069071557,0.00048452988,0.0028680644,0.005667201,0.010858323,0.9731654,4.9289876e-05,ISIC_0025571.jpg,5
1.2481002e-05,0.00016409591,0.0017715279,0.00025423575,0.00074059004,0.99436706,0.002690018,ISIC_0032530.jpg,5
0.000110701294,0.00017194828,0.0008594422,0.00021206289,0.00018741327,0.9974655,0.0009929581,ISIC_0024384.jpg,5
0.0014176653,0.00018145597,0.023060067,0.02878384,0.9169452,0.024661046,0.0049507436,ISIC_0028706.jpg,4
0.00031939207,1.230725e-06,0.0016474908,5.9139264e-05,6.210095e-05,0.99789387,1.6812612e-05,ISIC_0029423.jpg,5
0.054890588,0.022131225,0.8356157,0.0021323739,0.082593165,0.0026191853,1.774746e-05,ISIC_0029891.jpg,2
0.4995241,7.3822644e-06,0.48636594,3.3667104e-05,0.0140030235,6.487066e-05,1.0636438e-06,ISIC_0033272.jpg,0
7.371745e-05,2.2959566e-05,0.0015345446,0.28112382,0.2542275,0.4629286,8.88375e-05,ISIC_0032697.jpg,5
0.001046891,0.000571525,0.09386057,0.0013992747,0.020028008,0.8813635,0.0017302607,ISIC_0029537.jpg,5
7.649777e-05,0.00012480625,0.00022207233,0.00014185288,1.2205337e-05,0.9993647,5.7836685e-05,ISIC_0029225.jpg,5
0.00023389148,1.1791432e-05,0.030124635,5.8645768e-05,0.024324156,0.9452415,5.36535e-06,ISIC_0033670.jpg,5
1.1742492e-06,5.7359225e-06,0.9999026,5.111899e-07,2.1581265e-05,6.831657e-05,3.5210783e-09,ISIC_0028792.jpg,2
0.00035197212,0.00038178568,0.0026982485,0.00050708983,0.0026935588,0.99330115,6.624514e-05,ISIC_0032682.jpg,5
0.0012892839,2.5391997e-05,0.054301176,0.00011832912,0.84481454,0.09944466,6.6793204e-06,ISIC_0032015.jpg,4
2.7977111e-07,6.267027e-07,8.50971e-06,4.595208e-06,0.00012572214,0.9998487,1.1542408e-05,ISIC_0029646.jpg,5
6.897521e-06,0.9999889,3.6864265e-07,8.2552555e-07,3.0188622e-07,2.6530756e-06,6.905682e-08,ISIC_0026192.jpg,1
0.0029104427,6.882437e-06,0.99684614,1.6278558e-05,0.00018143955,3.8078248e-05,7.554074e-07,ISIC_0028846.jpg,2
2.87657e-05,5.795575e-06,0.0001796254,0.00040662405,0.0005270723,0.9987901,6.203195e-05,ISIC_0031628.jpg,5
9.559178e-10,3.998161e-09,1.2574739e-07,0.9999995,1.7681472e-08,4.0743686e-08,3.793561e-07,ISIC_0029130.jpg,3
0.00040485722,1.0293981e-05,0.003555233,6.472233e-05,0.0002373308,0.9957237,3.865747e-06,ISIC_0032227.jpg,5
1.42327e-06,2.3512887e-06,7.155791e-05,7.7132e-05,2.0754751e-05,0.9997458,8.093678e-05,ISIC_0028955.jpg,5
3.7825032e-06,1.7842325e-07,2.5136876e-06,1.1448802e-05,1.7298982e-05,0.9999647,1.2036071e-07,ISIC_0026106.jpg,5
0.0008429677,0.0138901975,0.034703214,3.7558635e-05,0.91398627,0.03653262,7.0745846e-06,ISIC_0027105.jpg,4
0.03923308,0.07764268,0.03719149,0.096425325,0.0005572027,0.74191487,0.007035404,ISIC_0028997.jpg,5
3.1585645e-05,2.1346212e-05,0.0003169625,0.0007034791,9.149744e-05,0.99873286,0.00010229271,ISIC_0032457.jpg,5
0.001778756,0.0026650936,0.006463828,0.0016196438,0.010236902,0.9768587,0.00037712487,ISIC_0028998.jpg,5
6.2374434e-05,5.011616e-05,0.0002574734,8.5878455e-05,0.0003155755,0.9991553,7.324497e-05,ISIC_0029758.jpg,5
3.1269083e-05,1.2956689e-05,0.0010727735,0.00015801738,0.0015924185,0.99707484,5.783573e-05,ISIC_0026520.jpg,5
0.98198205,2.7464812e-05,0.016730731,0.00050106563,7.023194e-06,0.00075158844,1.0612152e-07,ISIC_0028872.jpg,0
2.3444212e-05,5.141966e-06,0.0016121241,7.974202e-06,0.0149064055,0.983435,9.933694e-06,ISIC_0033593.jpg,5
0.00093833765,0.004390236,0.0010134047,0.002174671,0.0009480427,0.9882295,0.0023057593,ISIC_0032004.jpg,5
5.9394875e-05,0.00018927675,0.00020370615,0.00027801274,0.00040606954,0.9986035,0.00026008685,ISIC_0028813.jpg,5
0.007665002,2.0967193e-05,0.12274051,0.0057171965,0.00066809694,0.86317915,9.073164e-06,ISIC_0030561.jpg,5
0.029081052,0.003201919,0.00917674,0.022477217,0.014038364,0.92199224,3.24447e-05,ISIC_0028618.jpg,5
7.951682e-05,9.2034985e-05,0.0020810226,0.00043669596,0.001322088,0.99578494,0.00020370152,ISIC_0031878.jpg,5
5.9178938e-06,6.0573166e-07,8.154933e-06,1.3987803e-06,0.00010826682,0.9998722,3.4447146e-06,ISIC_0030708.jpg,5
0.029057762,0.025612751,0.026557298,0.0064175813,0.003202786,0.8860554,0.023096396,ISIC_0027975.jpg,5
3.1063584e-07,5.5652714e-07,6.632842e-05,6.269499e-06,0.000109191176,0.99980587,1.1369476e-05,ISIC_0028105.jpg,5
6.1150467e-06,1.1294521e-05,1.0589498e-05,8.160797e-06,1.1782182e-05,0.9999434,8.710334e-06,ISIC_0028896.jpg,5
5.4489988e-06,1.0479836e-05,9.60699e-05,4.650335e-05,0.0002044236,0.99963224,4.8571283e-06,ISIC_0031905.jpg,5
0.00011234417,3.6728964e-06,0.0011765582,1.6023547e-05,0.0087055685,0.9899733,1.25114675e-05,ISIC_0033298.jpg,5
0.0019454737,9.211307e-05,0.0011836777,0.09023171,0.569564,0.3367842,0.0001988147,ISIC_0028461.jpg,4
1.423561e-06,9.2073424e-07,3.717191e-05,2.217952e-05,5.719156e-05,0.9998739,7.1941563e-06,ISIC_0030477.jpg,5
4.8896833e-05,1.267427e-05,4.613698e-05,0.0012833378,0.0010165466,0.99752396,6.835505e-05,ISIC_0026172.jpg,5
6.321561e-05,4.8237056e-05,0.9994579,1.1545332e-06,0.0001850364,0.00023747457,6.861332e-06,ISIC_0033529.jpg,2
3.2014668e-06,5.2561614e-07,5.5897867e-06,9.781877e-06,2.0670548e-05,0.9999578,2.5415209e-06,ISIC_0030484.jpg,5
3.118138e-06,4.7981393e-06,0.00012415819,4.5970835e-05,1.42813715e-05,0.9997651,4.2612683e-05,ISIC_0026146.jpg,5
1.1153223e-06,2.514138e-07,1.5325924e-05,4.193588e-06,0.0022730215,0.9977047,1.4503507e-06,ISIC_0025852.jpg,5
7.788199e-07,8.110828e-07,5.514537e-06,1.2377796e-05,9.452006e-06,0.9999685,2.5378013e-06,ISIC_0025558.jpg,5
9.851165e-05,2.9385444e-06,4.9205326e-05,2.2653983e-05,0.00036325774,0.99945873,4.647229e-06,ISIC_0026560.jpg,5
2.2080505e-06,2.4628823e-08,7.028794e-07,1.1898663e-06,3.7779726e-05,0.9999578,2.8253854e-07,ISIC_0029327.jpg,5
0.9983399,1.3318745e-06,6.5402084e-05,0.001542729,4.2996904e-05,7.6389415e-06,2.6819015e-08,ISIC_0026388.jpg,0
1.6292694e-06,2.6721392e-07,1.499966e-06,3.334111e-05,3.166667e-06,0.9999565,3.5960359e-06,ISIC_0031099.jpg,5
3.3227735e-07,3.4512107e-06,1.93326e-06,6.3474818e-06,4.9122614e-06,0.99996626,1.6776805e-05,ISIC_0028456.jpg,5
0.11049186,0.00031752835,0.77721643,0.0015003034,0.0037050853,0.10676426,4.5174615e-06,ISIC_0032199.jpg,2
0.0009186459,0.0004145656,0.0038563898,7.082864e-05,0.11763818,0.8770075,9.40565e-05,ISIC_0029560.jpg,5
0.0075316085,0.0004184612,0.0018226529,0.9897177,0.00029678916,0.00015974001,5.302004e-05,ISIC_0025317.jpg,3
0.019225614,0.0028884993,0.51387596,4.9914834e-05,0.038719464,0.4252374,3.1033537e-06,ISIC_0032154.jpg,2
0.0002563576,3.7744994e-05,0.33606216,1.9474257e-05,0.55891323,0.10470613,4.822341e-06,ISIC_0032732.jpg,4
0.0021327382,6.132491e-05,0.0019597686,0.0019364156,0.0008353035,0.993071,3.423666e-06,ISIC_0025506.jpg,5
0.002686835,0.00026793644,0.008968835,0.00020933844,0.02675129,0.960962,0.00015386764,ISIC_0031871.jpg,5
0.00064297457,5.0879018e-05,0.00030256907,0.00065838674,0.00020859581,0.9979887,0.00014780377,ISIC_0025688.jpg,5
5.899251e-06,1.4307462e-05,0.009132963,9.131242e-06,0.0003987684,0.99037874,6.0228853e-05,ISIC_0027828.jpg,5
1.5334987e-06,5.966662e-08,2.711637e-06,7.596366e-07,4.4427263e-05,0.9999502,3.706002e-07,ISIC_0026563.jpg,5
1.5010773e-06,4.109976e-07,8.174699e-07,1.5882139e-06,2.8954299e-05,0.9999666,1.8338682e-07,ISIC_0027857.jpg,5
4.3147622e-08,9.465092e-06,8.804402e-07,3.2193051e-07,1.1363528e-05,0.9999758,2.1555397e-06,ISIC_0033330.jpg,5
6.1295646e-06,0.00012522815,5.2574826e-05,0.00016563048,0.0036784827,0.99596953,2.3614386e-06,ISIC_0028173.jpg,5
1.4633804e-07,1.088948e-05,2.2656602e-06,1.9410642e-08,0.99998665,6.273031e-08,3.023815e-08,ISIC_0032531.jpg,4
0.00047769843,1.7044635e-05,7.8805926e-05,0.00017571347,0.0056009237,0.993648,1.8149985e-06,ISIC_0028734.jpg,5
0.0011749122,0.00023044889,0.9858024,0.0002194151,0.01203698,0.0005020604,3.3712957e-05,ISIC_0030123.jpg,2
8.8208014e-07,4.816337e-06,5.269506e-06,4.2117463e-06,3.8867034e-05,0.9999361,9.95605e-06,ISIC_0030563.jpg,5
0.0001982314,0.9995975,1.0049802e-05,0.00011131933,1.4603911e-05,6.5841654e-05,2.4847452e-06,ISIC_0027788.jpg,1
2.0353455e-06,3.217987e-07,1.8708471e-06,3.1314335e-06,5.7849073e-05,0.99993336,1.4809445e-06,ISIC_0030515.jpg,5
6.259787e-05,0.0010581259,0.0003573803,0.0003006363,0.009188594,0.013227085,0.9758055,ISIC_0031217.jpg,6
1.6736075e-07,2.0637087e-07,2.5522183e-06,7.1972663e-06,7.150886e-06,0.9999552,2.7606657e-05,ISIC_0030149.jpg,5
5.3607e-06,1.0940314e-05,0.00011473099,2.1363653e-06,0.0021190196,0.9977437,4.1053727e-06,ISIC_0033862.jpg,5
6.278865e-07,8.172468e-08,3.411911e-05,1.0833103e-07,2.3521081e-05,0.9999411,3.233291e-07,ISIC_0026764.jpg,5
3.190361e-05,6.758843e-06,0.00010821514,4.7494777e-05,6.524513e-05,0.99972385,1.636755e-05,ISIC_0030713.jpg,5
1.6523185e-05,1.8153909e-06,7.200235e-05,2.4130353e-05,0.00027872215,0.9995957,1.1116005e-05,ISIC_0028444.jpg,5
0.00013508002,0.00026346138,0.00079974934,1.833564e-05,0.007071292,0.99169767,1.4390272e-05,ISIC_0033874.jpg,5
4.516857e-05,3.9028822e-05,0.0006276016,0.00010604815,0.00013287332,0.99807227,0.0009770843,ISIC_0028552.jpg,5
0.002168558,8.192583e-06,0.0044607795,2.2911025e-05,0.082880095,0.9104565,3.0563388e-06,ISIC_0033058.jpg,5
2.9834748e-06,1.4136092e-06,6.68354e-05,4.855815e-06,3.646963e-05,0.9998758,1.1553745e-05,ISIC_0025408.jpg,5
0.003655743,0.0042510615,0.19985369,0.0017103617,0.016126188,0.774105,0.0002979897,ISIC_0029544.jpg,5
0.010599992,2.9473367e-05,0.10845169,0.000586979,0.0014079906,0.8789026,2.13408e-05,ISIC_0030840.jpg,5
3.669447e-05,3.872982e-05,0.09288884,4.6189944e-05,0.040165536,0.86679286,3.1197604e-05,ISIC_0033165.jpg,5
0.99581015,2.1917183e-05,0.0020776,3.8580587e-05,0.0017825954,0.00026744758,1.669447e-06,ISIC_0026871.jpg,0
3.7211763e-07,1.8600531e-07,2.2615949e-07,4.1244207e-06,1.0118863e-06,0.9999918,2.2316265e-06,ISIC_0025338.jpg,5
0.00023361642,0.999097,8.7026674e-05,8.72236e-05,6.449263e-05,0.00041544499,1.5229897e-05,ISIC_0027722.jpg,1
0.034582708,0.9130398,0.0009354396,0.009847654,0.0021740424,0.038354304,0.0010660797,ISIC_0026968.jpg,1
5.5226114e-06,1.1574869e-05,5.5494293e-05,6.8560394e-06,0.00048851303,0.99941194,2.0100637e-05,ISIC_0031835.jpg,5
0.002058961,0.16241455,0.04715257,0.036374636,0.00031649566,0.7430556,0.0086271735,ISIC_0030496.jpg,5
0.00033956065,3.4280135e-06,0.019314736,4.354805e-06,0.03147977,0.9488517,6.571867e-06,ISIC_0033587.jpg,5
8.829757e-05,0.0007203893,0.0014102674,8.651628e-05,0.004957289,0.99224055,0.0004967828,ISIC_0028371.jpg,5
0.00050872384,0.9993388,6.1008495e-06,5.501117e-07,9.02551e-05,5.5368808e-05,5.6665865e-08,ISIC_0029745.jpg,1
3.64285e-06,2.2976013e-05,0.00018455503,0.00017965939,0.00028115962,0.9991744,0.00015356093,ISIC_0028242.jpg,5
0.0004050762,4.180672e-05,0.00027019353,4.3468885e-05,0.013670542,0.98551786,5.1061135e-05,ISIC_0031813.jpg,5
2.1093524e-06,1.1758426e-05,2.740855e-05,8.202653e-05,0.00014614889,0.99972373,6.7448304e-06,ISIC_0032568.jpg,5
6.8121165e-07,5.7544366e-07,4.6867729e-07,9.379613e-07,4.6815576e-06,0.99999,2.6692676e-06,ISIC_0024509.jpg,5
3.3061797e-06,5.8096134e-06,2.003834e-05,5.4304114e-06,5.6142188e-05,0.9998983,1.0807307e-05,ISIC_0032299.jpg,5
2.8447324e-05,4.05606e-05,0.00035515218,0.00020097413,0.0005397497,0.99866235,0.00017275884,ISIC_0027085.jpg,5
0.00014192297,0.0071932566,0.003772566,0.00049752963,0.24782248,0.7385956,0.0019766425,ISIC_0033111.jpg,5
8.040013e-06,6.7771844e-06,2.3028422e-05,4.581972e-05,4.686966e-06,0.9998952,1.6500322e-05,ISIC_0024483.jpg,5
1.5778482e-05,6.011356e-05,0.99738497,1.0250426e-05,0.000603672,0.0019247662,5.0151806e-07,ISIC_0033262.jpg,2
1.2807037e-05,2.3099234e-05,6.118689e-05,0.00011207636,4.2355885e-05,0.99966204,8.6473185e-05,ISIC_0030475.jpg,5
0.0076735695,0.09019106,0.004829148,0.0016468444,0.1325039,0.5615338,0.20162164,ISIC_0030064.jpg,5
3.2369867e-06,6.4169495e-07,7.15135e-05,7.0372935e-06,0.0012108565,0.99869955,7.2265966e-06,ISIC_0030866.jpg,5
0.0001031108,1.1905668e-05,0.0015156588,0.00022495852,0.41707087,0.5810552,1.8238467e-05,ISIC_0033689.jpg,5
0.0014233707,0.0002493182,0.011035262,6.9298917e-06,0.98609006,0.0011889735,6.118916e-06,ISIC_0026861.jpg,4
3.4017928e-06,2.857993e-06,2.149003e-05,0.0016888467,8.920814e-06,0.99817777,9.675435e-05,ISIC_0028801.jpg,5
0.0004931298,0.000119070246,0.00029897172,5.2132757e-05,0.0003160075,0.9987155,5.2304445e-06,ISIC_0032136.jpg,5
1.46568555e-05,9.983066e-06,0.00035762927,2.1663534e-05,0.0015585634,0.9980216,1.5920976e-05,ISIC_0033982.jpg,5
1.3892164e-06,4.5647562e-07,1.1940277e-05,5.1441393e-06,0.00016206247,0.9997491,6.988271e-05,ISIC_0030317.jpg,5
2.3950739e-05,3.4688812e-06,7.707158e-05,2.0604495e-05,0.00505836,0.99478143,3.5044748e-05,ISIC_0027519.jpg,5
2.740081e-06,2.2144948e-06,1.4417945e-05,2.2291311e-05,3.1034488e-05,0.9998995,2.775003e-05,ISIC_0025977.jpg,5
0.00089796074,5.009354e-05,0.00058966805,0.00028045702,0.0038289758,0.9943327,2.0193616e-05,ISIC_0033356.jpg,5
3.4278148e-06,8.8710614e-08,3.3908536e-06,5.7063844e-06,2.7960594e-05,0.99995625,3.1592972e-06,ISIC_0027913.jpg,5
0.0035563922,0.0006084818,0.009250012,0.009479386,0.00016974495,0.9760517,0.00088419835,ISIC_0030968.jpg,5
2.4234425e-06,2.748861e-06,0.00014380897,4.333202e-06,0.0010229948,0.9988022,2.1607038e-05,ISIC_0033285.jpg,5
0.00046886472,3.463149e-06,9.847476e-05,0.8061227,2.3351147e-06,0.19330409,4.2790905e-08,ISIC_0026964.jpg,3
0.000110099696,0.0745203,0.00812719,3.9512895e-05,0.90443593,0.012580601,0.00018636334,ISIC_0033336.jpg,4
1.4752183e-05,2.1608068e-05,6.909262e-05,0.00018788346,5.0200442e-06,0.99945873,0.00024291119,ISIC_0026198.jpg,5
0.97649604,0.017981565,0.004713525,2.5497917e-05,0.00065954885,0.00012337427,3.7092352e-07,ISIC_0026132.jpg,0
5.714536e-05,2.2568054e-05,0.0005656258,2.841641e-05,0.032780733,0.96652347,2.1983857e-05,ISIC_0024730.jpg,5
2.4595284e-10,7.5869224e-08,0.9999999,1.0272457e-13,7.446118e-10,7.614484e-11,6.5893624e-10,ISIC_0033601.jpg,2
1.4417473e-06,1.1452539e-06,1.9741667e-05,7.2602056e-06,1.3395199e-06,0.99983764,0.00013130928,ISIC_0030368.jpg,5
2.421797e-05,2.9637904e-06,7.98131e-05,1.7235068e-05,0.26459423,0.7352742,7.300585e-06,ISIC_0026150.jpg,5
1.7979839e-06,2.0063048e-06,3.2804871e-06,1.5423856e-06,0.00011698143,0.99987125,3.04998e-06,ISIC_0025087.jpg,5
0.0004612523,4.2579988e-05,0.0011344235,5.8086167e-05,0.015034456,0.9832381,3.1107742e-05,ISIC_0026296.jpg,5
2.34588e-06,1.4872669e-05,9.546153e-06,1.0827643e-05,3.7240923e-05,0.99986327,6.178428e-05,ISIC_0025930.jpg,5
0.00013235453,1.2014931e-05,0.0073422384,7.541085e-06,0.67520833,0.3172953,2.2228674e-06,ISIC_0033730.jpg,4
9.457143e-06,4.277393e-06,2.3386974e-05,9.455858e-05,0.00024910897,0.99958867,3.0468464e-05,ISIC_0027195.jpg,5
6.754585e-06,4.748738e-06,5.2960486e-06,6.486368e-06,2.0331476e-05,0.9999243,3.2057298e-05,ISIC_0031098.jpg,5
2.5148718e-06,4.5306524e-06,6.0196886e-05,4.709599e-05,0.0001894077,0.999608,8.833841e-05,ISIC_0027477.jpg,5
0.012153735,6.7593123e-06,0.007569711,0.00013485123,0.0009034047,0.9792296,1.8454348e-06,ISIC_0025346.jpg,5
8.694648e-05,0.0002782919,0.017319577,1.5298698e-05,0.9785749,0.0037187806,6.247341e-06,ISIC_0026963.jpg,4
2.1798394e-06,6.817367e-07,0.000116923795,3.904897e-06,0.0026666988,0.99717855,3.104013e-05,ISIC_0032710.jpg,5
9.6855665e-06,1.2169967e-05,2.5057732e-06,0.99616635,0.0037507399,2.9289693e-05,2.9283296e-05,ISIC_0033790.jpg,3
2.6555472e-07,7.770462e-07,2.727495e-06,1.0121104e-05,1.4460862e-05,0.9999639,7.736349e-06,ISIC_0029016.jpg,5
2.8667793e-05,1.3871633e-05,0.00026829654,3.8063212e-05,0.0007169902,0.9982597,0.00067433575,ISIC_0031242.jpg,5
1.0316824e-05,3.647926e-05,0.00036486864,2.4606015e-05,8.717835e-05,0.9990721,0.0004044344,ISIC_0025728.jpg,5
6.386319e-05,1.945879e-05,0.00012047174,7.752099e-05,8.807313e-05,0.9996055,2.5097132e-05,ISIC_0030529.jpg,5
1.0641431e-05,6.225392e-06,0.00034042512,9.500396e-06,0.0060014524,0.9936274,4.3431237e-06,ISIC_0032924.jpg,5
4.928394e-06,1.7070696e-06,4.4000108e-06,5.3267254e-06,4.4642897e-05,0.99993396,4.9768155e-06,ISIC_0026630.jpg,5
3.7096834e-05,1.265145e-05,0.00015507673,3.553625e-05,0.0027795457,0.9969222,5.7903693e-05,ISIC_0025323.jpg,5
2.6910062e-05,1.5677784e-05,8.218709e-05,7.54426e-06,0.00047372258,0.9992373,0.00015663909,ISIC_0028183.jpg,5
2.0358211e-06,4.5134001e-07,0.0002748984,1.330236e-06,0.0038995915,0.99582124,4.4073678e-07,ISIC_0032597.jpg,5
0.00028624266,0.0009050897,0.41583914,0.0018351766,0.38972116,0.19135186,6.1321494e-05,ISIC_0028978.jpg,2
4.8351074e-05,1.7110788e-05,0.00063176994,0.00014351713,6.243527e-05,0.9989944,0.00010237504,ISIC_0029445.jpg,5
3.6931215e-07,1.3297438e-06,1.5447948e-05,1.15061575e-05,8.876443e-06,0.9999323,3.0129822e-05,ISIC_0025749.jpg,5
4.1508797e-06,1.49714615e-05,0.00024038371,5.9212803e-06,0.003747518,0.9959843,2.7783624e-06,ISIC_0028696.jpg,5
0.0001292081,0.0006952015,0.99540246,0.00079548435,0.0003558216,0.002506375,0.00011529285,ISIC_0030067.jpg,2
3.1186198e-06,2.481562e-06,8.6511216e-05,0.03361459,9.719771e-05,0.9626298,0.0035663864,ISIC_0026830.jpg,5
1.6651611e-05,6.7810566e-07,2.1201333e-05,7.829621e-06,5.3079948e-05,0.9998994,1.0885888e-06,ISIC_0031311.jpg,5
0.11338,0.0014084604,0.82844263,0.044601776,5.0961582e-05,0.012113513,2.6839054e-06,ISIC_0026083.jpg,2
5.1879806e-06,6.6276043e-06,3.7780475e-05,5.0671617e-05,1.6584621e-05,0.9998604,2.2678094e-05,ISIC_0030939.jpg,5
3.0371876e-08,3.2093007e-07,2.0075384e-05,8.9412384e-07,0.0037119582,0.9962619,4.6953983e-06,ISIC_0033016.jpg,5
1.3366623e-06,4.3526024e-06,4.0483756e-06,3.875097e-06,0.00044670803,0.00019793097,0.99934167,ISIC_0025807.jpg,6
1.046214e-05,6.754975e-06,4.8601974e-05,9.661528e-05,1.3908971e-05,0.9997303,9.33007e-05,ISIC_0026627.jpg,5
0.00011064924,0.0001712351,0.9984865,0.00027961802,0.00011825372,0.00082663796,7.055097e-06,ISIC_0026530.jpg,2
0.97918314,0.013046495,0.00064502016,0.0008336294,0.0031835139,0.003096448,1.1831059e-05,ISIC_0026645.jpg,0
0.00023488342,1.6759512e-05,0.0005338769,2.4756671e-05,0.05767355,0.94148415,3.195763e-05,ISIC_0033755.jpg,5
1.0826664e-05,3.858143e-06,9.3061804e-05,0.00019890479,7.271604e-06,0.99965274,3.337189e-05,ISIC_0030888.jpg,5
5.4755918e-05,3.9348364e-05,0.00036187618,7.747103e-06,0.99951255,2.3167786e-05,4.2149745e-07,ISIC_0030080.jpg,4
0.0005097816,7.136062e-05,0.9978998,1.2037535e-05,0.00032885515,0.00047773478,0.0007004031,ISIC_0026566.jpg,2
7.842411e-05,0.9978923,3.704129e-07,5.799313e-06,6.401482e-06,0.0020154968,1.208136e-06,ISIC_0027595.jpg,1
0.00030053625,3.8644744e-06,0.00020139944,8.705805e-06,0.0052201445,0.99423474,3.0663494e-05,ISIC_0031205.jpg,5
1.7468656e-05,0.0013490302,0.9921163,2.4974535e-05,1.9430277e-05,0.0063655437,0.000107213506,ISIC_0025567.jpg,2
2.2209374e-06,1.9559457e-05,2.4842038e-05,8.0087986e-05,2.1177755e-05,0.99979097,6.1218016e-05,ISIC_0026246.jpg,5
3.0716142e-06,1.4455649e-06,6.359469e-05,4.1276264e-05,0.00064853224,0.99923694,5.1547654e-06,ISIC_0025253.jpg,5
4.585585e-06,1.0949897e-06,4.2091753e-05,3.5676383e-06,0.99159557,0.00010719188,0.008245867,ISIC_0033925.jpg,4
0.0009920864,0.0015940135,0.00063138653,0.0006387475,0.00028586038,0.99569917,0.00015880572,ISIC_0027596.jpg,5
0.99978,7.548429e-06,0.00011322725,6.936172e-05,1.3815058e-05,1.44884425e-05,1.5349289e-06,ISIC_0029279.jpg,0
0.0008276489,5.809132e-05,0.0013973959,7.4131625e-05,0.0016563251,0.9959551,3.1435316e-05,ISIC_0027444.jpg,5
0.0006251444,3.3400782e-05,0.99924624,3.4279514e-05,2.2336673e-05,3.7252383e-05,1.2944296e-06,ISIC_0025157.jpg,2
0.0053006234,0.9892693,8.475591e-05,0.0038526298,0.00053038035,0.0009159962,4.6322624e-05,ISIC_0030746.jpg,1
0.0032993965,8.9760644e-05,0.020596808,0.0004784952,0.008434798,0.96709234,8.454154e-06,ISIC_0029589.jpg,5
1.2142786e-07,9.317823e-09,4.9958717e-06,6.978847e-07,0.026510453,0.9734833,3.9839693e-07,ISIC_0032020.jpg,5
0.022145474,0.0033280298,0.91076297,0.033159055,0.013903564,0.016667418,3.3477496e-05,ISIC_0032159.jpg,2
5.5420624e-06,3.9820432e-05,1.9221814e-05,0.0001525408,0.00013304388,0.99958795,6.1948376e-05,ISIC_0027968.jpg,5
7.0969086e-06,7.873509e-06,1.7771968e-05,1.2397926e-05,5.0126677e-05,0.9998969,7.803138e-06,ISIC_0026448.jpg,5
6.6596374e-05,1.0297561e-05,2.0497979e-05,0.00030970733,9.341731e-05,0.9994974,2.195756e-06,ISIC_0026498.jpg,5
0.0008070333,0.0002738439,0.8834789,0.0014093043,0.069061294,0.04496844,1.2100946e-06,ISIC_0032269.jpg,2
0.29866326,0.5181219,0.05287145,0.0020499649,0.1235264,0.0046641687,0.00010281576,ISIC_0028117.jpg,1
1.3749085e-05,4.1345775e-05,0.007049011,1.4299663e-05,0.13510564,0.85777134,4.6728296e-06,ISIC_0025400.jpg,5
1.8231186e-06,4.126678e-06,1.3693369e-05,7.223235e-05,2.9518698e-05,0.9998217,5.6839013e-05,ISIC_0028421.jpg,5
3.31464e-07,1.2809728e-07,3.176523e-06,2.097932e-06,1.5566804e-05,0.999977,1.6654022e-06,ISIC_0032118.jpg,5
0.9960169,5.250873e-05,0.0034323162,4.6672132e-05,0.00044010914,1.10381725e-05,4.0367408e-07,ISIC_0028822.jpg,0
5.1346487e-05,6.9501975e-06,0.0008667672,0.001734276,5.377495e-05,0.9972715,1.5481293e-05,ISIC_0024556.jpg,5
4.0982643e-05,0.00022617393,0.97627425,3.4310666e-05,0.00016078918,0.022861982,0.00040148044,ISIC_0030207.jpg,2
0.00012131324,5.062411e-05,0.00078939134,0.0003358109,0.00047502847,0.9980793,0.00014867423,ISIC_0032419.jpg,5
0.0001676445,0.0002900275,0.065277606,9.396151e-05,0.8780841,0.056074567,1.2042153e-05,ISIC_0028625.jpg,4
1.2586519e-05,9.557439e-06,6.698342e-05,0.00014858924,0.0001116836,0.9996076,4.296905e-05,ISIC_0024534.jpg,5
7.474799e-07,4.8271495e-06,1.9159581e-05,3.88859e-06,1.5256001e-05,0.99987257,8.351077e-05,ISIC_0025889.jpg,5
4.7354828e-05,0.00028893742,0.000820915,0.0004552178,0.0025206413,0.9949498,0.00091713626,ISIC_0031979.jpg,5
1.0508085e-06,2.337453e-05,4.4618214e-06,9.4760867e-07,3.6137135e-06,0.9999509,1.5645635e-05,ISIC_0030578.jpg,5
1.5351062e-06,8.589673e-06,6.761741e-05,7.069908e-05,0.0002428744,0.9996,8.752184e-06,ISIC_0030710.jpg,5
0.00042613372,0.000114134986,0.00066718186,0.00010517476,0.003915037,0.9946719,0.00010044645,ISIC_0030864.jpg,5
3.7438346e-07,1.08878375e-07,0.9999589,3.046296e-08,3.8016242e-05,2.5823963e-06,1.6674411e-08,ISIC_0028969.jpg,2
4.013427e-05,0.9998784,3.5361816e-06,3.2195428e-06,3.501047e-05,3.854297e-05,1.1544594e-06,ISIC_0032164.jpg,1
0.23902333,0.004562927,0.025501514,0.008233184,0.0028945864,0.719019,0.0007654899,ISIC_0025869.jpg,5
2.4747922e-06,1.1272843e-05,1.0193698e-05,2.1778192e-06,5.453211e-05,0.99990857,1.0755935e-05,ISIC_0031137.jpg,5
0.00022173248,0.99398685,0.0012036535,3.9321207e-05,0.00034953648,0.0041899285,8.965157e-06,ISIC_0034155.jpg,1
1.1781434e-07,1.5688182e-07,3.242179e-06,6.6281785e-07,9.361925e-05,0.9999019,2.9998768e-07,ISIC_0032820.jpg,5
0.0008417046,9.377507e-06,0.071400456,4.082967e-05,0.030262683,0.8974339,1.0969295e-05,ISIC_0025310.jpg,5
4.2264646e-06,5.519788e-06,0.00022198494,1.3442396e-06,0.00029652816,0.99946696,3.5337928e-06,ISIC_0032998.jpg,5
5.383146e-06,9.55109e-06,4.434109e-05,7.1050954e-06,0.00034380748,0.99958795,1.8941347e-06,ISIC_0034112.jpg,5
1.8693281e-07,2.510519e-07,4.3084864e-07,1.3686017e-05,4.673944e-06,0.99997795,2.7902422e-06,ISIC_0025774.jpg,5
2.3142697e-05,4.6042146e-06,0.0002976617,3.7837317e-06,0.000291324,0.99937326,6.1377973e-06,ISIC_0033097.jpg,5
4.1060025e-06,2.545953e-07,5.4405764e-06,2.3516739e-06,0.00017362961,0.9998134,8.545121e-07,ISIC_0025723.jpg,5
0.0026732285,0.9901985,0.0056061335,0.00034364546,0.00042773734,0.00067015865,8.071212e-05,ISIC_0029546.jpg,1
0.0076536275,0.63008684,0.3033325,0.0017472742,0.02977543,0.027386084,1.8236313e-05,ISIC_0024515.jpg,1
0.0008971241,0.0013723035,0.9048233,0.002139981,0.076810464,0.013938695,1.8163046e-05,ISIC_0024647.jpg,2
1.3562711e-06,9.5228853e-07,1.3130188e-05,2.9616693e-05,1.7432179e-06,0.9999516,1.6218389e-06,ISIC_0028074.jpg,5
0.0033966338,0.03887638,0.40404594,8.9039386e-05,0.15381679,0.39973485,4.0336443e-05,ISIC_0031043.jpg,2
4.740936e-05,1.7739725e-05,0.00050270563,7.915427e-05,0.00013607442,0.999204,1.2870196e-05,ISIC_0025364.jpg,5
1.2909061e-06,1.447277e-07,1.17703075e-05,1.45669e-07,0.00016068193,0.9998258,2.9215644e-07,ISIC_0025118.jpg,5
0.0053720768,1.7637465e-05,3.684545e-05,0.13996139,3.1712127e-05,0.854534,4.6369503e-05,ISIC_0029551.jpg,5
6.754622e-05,8.838045e-05,2.746123e-05,0.00030101545,2.1572398e-05,0.9994735,2.0604775e-05,ISIC_0031415.jpg,5
9.1082075e-05,0.00041932927,6.417567e-05,4.908362e-05,0.0011550499,0.998192,2.933859e-05,ISIC_0031011.jpg,5
2.9146507e-08,1.1175636e-08,6.9665916e-08,0.0004817155,1.4560883e-08,0.9995142,3.966421e-06,ISIC_0026224.jpg,5
0.0005541874,0.0015900184,0.22195852,0.0014747145,0.01154958,0.7627541,0.00011875656,ISIC_0028632.jpg,5
0.0007546679,6.911864e-05,0.022055063,4.7438858e-05,0.018911587,0.9581013,6.088255e-05,ISIC_0029671.jpg,5
0.0008928301,0.19871974,0.8001893,2.8195805e-05,0.000112060065,5.2368603e-05,5.454056e-06,ISIC_0024494.jpg,2
0.056340713,0.00011634377,0.9316454,0.00018898888,0.011398104,0.0003030403,7.3055166e-06,ISIC_0032726.jpg,2
9.021106e-05,3.583333e-06,4.879976e-05,4.115058e-05,1.6802538e-05,0.99979,9.4935685e-06,ISIC_0024542.jpg,5
1.08439e-05,7.996568e-06,0.00023123804,8.404198e-06,0.0020121266,0.9977174,1.1992507e-05,ISIC_0026552.jpg,5
4.5795477e-07,0.99999917,5.4257945e-09,2.8371547e-08,3.6599026e-08,3.718965e-07,1.7858993e-09,ISIC_0026442.jpg,1
0.0013563461,1.3493929e-05,0.014306215,5.8896363e-05,0.01741914,0.96683526,1.0682704e-05,ISIC_0034305.jpg,5
0.00020964877,9.391521e-05,0.0005331736,0.0005795372,1.6761964e-05,0.9984017,0.00016536699,ISIC_0032477.jpg,5
3.9399776e-05,5.407843e-05,0.0007161868,2.3658891e-05,0.0065314956,0.9925984,3.6804784e-05,ISIC_0025621.jpg,5
2.696858e-06,1.9312093e-07,2.9313354e-05,2.35012e-06,0.0005608069,0.99940336,1.2364012e-06,ISIC_0028908.jpg,5
2.7103113e-05,0.00012767228,0.99874616,2.0392117e-05,4.492172e-05,0.0009971601,3.6496935e-05,ISIC_0029233.jpg,2
0.00056189945,2.6187568e-05,0.0027103808,5.295435e-05,0.0027057207,0.99393445,8.392093e-06,ISIC_0034270.jpg,5
1.00305315e-05,1.0879675e-05,0.00019003093,7.802972e-06,0.00071602623,0.99904996,1.529605e-05,ISIC_0031549.jpg,5
0.00023832254,0.001885254,0.95733666,0.0004995143,0.00024765485,0.036692444,0.003100147,ISIC_0026446.jpg,2
0.00036941547,2.3081642e-05,0.0519389,6.478421e-05,0.0011167419,0.946452,3.4990713e-05,ISIC_0029142.jpg,5
2.1861215e-06,2.7492757e-05,1.6237429e-05,2.3168983e-05,2.7534925e-05,0.99983394,6.9372545e-05,ISIC_0030837.jpg,5
5.659385e-07,4.049761e-06,3.716929e-06,3.2524333e-06,2.3968189e-05,0.9999603,4.1692033e-06,ISIC_0025486.jpg,5
1.6093358e-06,2.9960845e-06,1.50856395e-05,6.6121033e-06,0.00060482125,0.9993672,1.6925279e-06,ISIC_0032961.jpg,5
0.005121422,0.0036654505,0.012534735,0.0010936869,0.0045510354,0.9727643,0.0002693668,ISIC_0030230.jpg,5
9.731649e-06,2.3328743e-05,0.00072239304,2.0204734e-05,0.004848172,0.99432606,5.0186834e-05,ISIC_0025366.jpg,5
0.0073484867,0.002962412,0.0051234774,0.9652793,0.008415309,0.010454571,0.0004164706,ISIC_0031735.jpg,3
1.8647336e-07,9.8100415e-08,8.336373e-05,2.399416e-06,0.00036326784,0.99954563,5.0202602e-06,ISIC_0024559.jpg,5
6.7443585e-07,1.1885766e-06,1.6967682e-05,1.6335822e-06,5.9570713e-05,0.99987733,4.2552365e-05,ISIC_0027095.jpg,5
0.0014540085,0.00033648536,0.010363827,4.4796823e-05,0.78520626,0.20254059,5.404353e-05,ISIC_0028118.jpg,4
2.4579742e-06,8.246592e-06,2.2589609e-06,1.2169788e-05,1.2133329e-05,0.99995506,7.753468e-06,ISIC_0026517.jpg,5
0.0031175874,0.83953243,0.0012793705,9.4701776e-05,0.13987972,0.016086895,9.386095e-06,ISIC_0025752.jpg,1
0.0014914018,0.9306038,0.006088573,0.0005177854,0.0024585281,0.05861344,0.00022643116,ISIC_0029524.jpg,1
0.02406708,1.691113e-05,0.17250302,0.0012305737,0.00061861234,0.8015569,6.9733464e-06,ISIC_0027963.jpg,5
1.3878434e-06,1.8499277e-06,1.5175042e-05,2.0083084e-05,0.000102445556,0.9998466,1.2400045e-05,ISIC_0032319.jpg,5
7.767951e-09,7.554532e-09,9.6742745e-08,1.1671405e-07,3.2308208e-06,0.9999964,1.2865365e-07,ISIC_0028839.jpg,5
1.462255e-06,1.5622404e-06,5.477671e-05,1.7737104e-05,1.5411504e-06,0.9999169,6.016214e-06,ISIC_0032288.jpg,5
0.0013673125,0.0012804639,0.04488973,0.0026311593,0.0009330747,0.947863,0.0010352858,ISIC_0030524.jpg,5
0.0015142295,0.00020894004,0.99521434,0.00012337777,0.0007348257,0.0022037204,6.053308e-07,ISIC_0028165.jpg,2
1.2066755e-07,5.4335832e-08,1.1692584e-06,1.13288586e-07,5.352339e-06,0.9999931,2.1024033e-07,ISIC_0029364.jpg,5
5.4542845e-05,1.75042e-06,0.0021603086,3.6858346e-06,0.032654207,0.96509135,3.4136694e-05,ISIC_0024642.jpg,5
0.00027266788,6.938388e-05,0.9956676,5.7582265e-06,0.0018164992,0.0021678796,2.643593e-07,ISIC_0025623.jpg,2
1.27593175e-05,2.234253e-05,4.6885692e-05,1.9667814e-06,0.00038551877,0.99952924,1.1544768e-06,ISIC_0031293.jpg,5
5.7101268e-05,2.5929983e-06,0.00023227154,1.2556866e-05,0.061959293,0.93772674,9.467028e-06,ISIC_0032107.jpg,5
0.00043085843,0.00025345242,0.007866513,6.513835e-05,0.49925742,0.49205625,7.037878e-05,ISIC_0024952.jpg,4
4.956904e-05,1.19378365e-05,0.0003193575,0.000295198,0.0001876917,0.99905974,7.655185e-05,ISIC_0029258.jpg,5
5.063023e-06,1.5517048e-06,7.078622e-06,5.2216914e-05,5.7656016e-06,0.99992514,3.1501943e-06,ISIC_0030955.jpg,5
9.419577e-10,1.0680363e-08,6.6863194e-08,3.741766e-09,2.123147e-06,0.9999975,3.0194525e-07,ISIC_0025560.jpg,5
5.1939885e-05,1.0569975e-05,0.00034603104,0.0019787136,1.6244701e-05,0.99732435,0.00027218056,ISIC_0031112.jpg,5
0.006556902,0.00066338474,0.78970027,0.19221906,0.005099507,0.0055881618,0.00017270893,ISIC_0029937.jpg,2
0.00010404827,0.00018095135,0.006243688,0.00028371182,0.78992337,0.0008854094,0.20237878,ISIC_0033696.jpg,4
0.0018886862,0.00026050935,0.02297653,0.9692468,0.0031469953,0.002164741,0.00031579193,ISIC_0033847.jpg,3
0.99767655,8.116e-06,6.533886e-07,3.8729295e-06,0.0023104807,7.03213e-08,2.9092823e-07,ISIC_0031044.jpg,0
0.0001124871,0.00011183676,0.00031978043,1.7408614e-05,0.00080946233,0.9986071,2.20143e-05,ISIC_0032080.jpg,5
2.8692693e-07,2.53803e-07,0.99999523,8.673591e-08,9.653931e-08,3.9008055e-06,1.08332344e-07,ISIC_0026867.jpg,2
0.0005208152,2.9332214e-05,0.0004390186,0.00029576017,0.013664469,0.98496467,8.590375e-05,ISIC_0029075.jpg,5
2.0238564e-05,0.0001863615,9.309695e-05,6.3620573e-06,0.9990294,0.00066005014,4.415299e-06,ISIC_0028460.jpg,4
4.116143e-06,4.2453154e-05,2.0815532e-05,4.8479806e-06,0.99982244,4.9429418e-05,5.5768876e-05,ISIC_0032450.jpg,4
9.417844e-07,3.3400177e-06,1.3133901e-05,2.2828e-06,2.036408e-05,0.9999511,8.867168e-06,ISIC_0027699.jpg,5
0.00033082356,0.00019489303,0.5288807,0.00017960355,0.0045843543,0.46572408,0.00010553134,ISIC_0028123.jpg,2
2.5111929e-06,6.783791e-06,3.2156728e-05,3.769335e-05,2.3363526e-05,0.99987197,2.5538575e-05,ISIC_0027499.jpg,5
0.0014302534,2.6436974e-05,0.001508799,0.54285157,0.39692566,0.056719422,0.0005378083,ISIC_0028041.jpg,3
0.0037122087,0.50774777,0.007233515,0.00010390653,0.47520036,0.005980569,2.160753e-05,ISIC_0030616.jpg,1
0.00047816665,1.2367112e-05,0.10038238,0.0007400561,0.030130995,0.86822486,3.1260475e-05,ISIC_0026942.jpg,5
0.006466636,7.542399e-06,0.0053767404,1.452404e-05,0.9874916,0.00064271915,2.956815e-07,ISIC_0032192.jpg,4
9.583201e-06,4.6088567e-06,4.8821752e-05,0.00017594523,4.8661757e-05,0.99970645,5.8624246e-06,ISIC_0026300.jpg,5
0.00034667837,3.821982e-05,0.117628686,0.0016809272,0.009617832,0.87068295,4.7455346e-06,ISIC_0031050.jpg,5
0.009639238,0.019656323,0.60908437,0.3337911,0.010244835,0.017573358,1.0745945e-05,ISIC_0031522.jpg,2
1.2814091e-05,3.4810143e-06,0.00023156378,1.10611945e-05,1.3126002e-05,0.9997272,7.323686e-07,ISIC_0024565.jpg,5
4.7143703e-07,5.2193326e-07,6.9390503e-06,0.00012457071,6.3079206e-06,0.9995946,0.00026662872,ISIC_0029295.jpg,5
3.079077e-06,7.355519e-06,1.0199386e-07,0.9999362,5.2750198e-05,4.9244795e-07,2.6741306e-08,ISIC_0034160.jpg,3
0.99999213,3.1371816e-09,4.853891e-07,8.876182e-09,7.331628e-06,4.3411286e-10,6.2060655e-11,ISIC_0029309.jpg,0
3.500281e-07,1.3807753e-06,1.1588393e-06,3.1926487e-07,7.0772626e-06,0.9999858,3.827007e-06,ISIC_0028176.jpg,5
4.2262327e-06,4.9931386e-06,3.7627247e-05,1.8010174e-05,0.00047992266,0.99939096,6.4221145e-05,ISIC_0024625.jpg,5
7.3417973e-06,2.129327e-06,0.00039321918,3.0660963e-06,0.0007501654,0.9988422,1.8833083e-06,ISIC_0033144.jpg,5
0.0004469661,0.08642057,0.00013984893,0.00016425762,0.0018690675,0.91077495,0.00018424582,ISIC_0026023.jpg,5
3.4111972e-07,1.8528608e-07,2.7903889e-06,2.2045517e-06,2.3912216e-05,0.99996746,3.082367e-06,ISIC_0028530.jpg,5
0.0010548816,0.00021832061,0.0077124964,0.00020602696,0.003857497,0.98685735,9.340935e-05,ISIC_0032758.jpg,5
0.991121,4.3096094e-05,0.007839716,4.760119e-05,0.0009464618,1.9652025e-06,1.4738511e-07,ISIC_0029035.jpg,0
2.6579099e-05,0.00021647771,0.0027911165,6.394899e-06,0.012741085,0.98391795,0.00030033293,ISIC_0033658.jpg,5
6.1401656e-06,1.8334382e-05,0.00012777858,3.6064312e-06,8.688888e-05,0.999757,3.054249e-07,ISIC_0033119.jpg,5
0.0002883729,0.0008571564,0.0035209127,0.0027752754,0.0005802775,0.9901709,0.0018070913,ISIC_0024364.jpg,5
2.099467e-05,6.1028327e-06,9.300558e-05,0.001268197,2.7557526e-05,0.99857163,1.2444364e-05,ISIC_0030439.jpg,5
0.013746476,0.9788117,0.0012223255,0.00058788934,0.00015997452,0.0053835902,8.816821e-05,ISIC_0031284.jpg,1
1.0322584e-05,1.3810924e-06,0.00021013444,0.00019510157,0.0009865767,0.9985514,4.4959797e-05,ISIC_0025880.jpg,5
6.119798e-07,3.1436204e-07,6.019831e-05,1.6393811e-07,0.99762964,0.0023086497,4.695457e-07,ISIC_0028520.jpg,4
1.4798611e-05,0.00079224334,0.98427886,0.00020572866,0.013471862,0.0012339377,2.57876e-06,ISIC_0025819.jpg,2
0.090237945,0.0020473613,0.45561573,0.00024967905,0.42605463,0.025773417,2.128466e-05,ISIC_0033630.jpg,2
0.0006770236,0.96674114,7.108163e-06,1.915788e-05,9.5298376e-05,0.032453757,6.4931564e-06,ISIC_0024573.jpg,1
4.003817e-05,0.00017399353,0.00032600336,0.00015579077,1.6632475e-05,0.9981152,0.0011724085,ISIC_0027516.jpg,5
0.000113810835,8.040064e-06,0.00671885,1.721828e-05,0.5452004,0.4479323,9.421676e-06,ISIC_0033226.jpg,4
2.5588866e-05,3.4489088e-07,0.0006373294,3.7837713e-06,0.99929595,3.6997935e-05,4.049414e-08,ISIC_0033286.jpg,4
5.494368e-07,2.6865146e-05,0.8807962,4.0307036e-08,0.117662385,0.0015140063,4.861565e-09,ISIC_0032511.jpg,2
0.00784049,3.875341e-06,0.83783686,0.00018699025,0.149879,0.0042498275,3.0168121e-06,ISIC_0033185.jpg,2
2.0428177e-05,1.2696852e-05,0.0013913959,0.0001915719,0.0049136225,0.99346787,2.4687552e-06,ISIC_0033153.jpg,5
0.00026429302,0.00014854479,0.0036191866,8.3521074e-05,0.2906068,0.7040233,0.0012543439,ISIC_0034317.jpg,5
7.411578e-06,4.524821e-06,4.2288717e-05,5.667133e-06,0.0012522035,0.9986766,1.1213061e-05,ISIC_0030462.jpg,5
9.423203e-06,1.9714016e-06,0.000107558946,1.0992926e-06,0.008184425,0.9916869,8.644446e-06,ISIC_0033605.jpg,5
1.3536975e-05,1.8738032e-05,0.00010682175,5.1968404e-05,5.0695635e-06,0.9997551,4.878014e-05,ISIC_0027926.jpg,5
9.560781e-05,7.66121e-05,0.012313615,1.7861582e-06,0.9874938,1.683272e-05,1.6823982e-06,ISIC_0034101.jpg,4
8.353177e-05,2.3929608e-05,0.0025401274,0.0001986156,0.0056779534,0.9914027,7.31596e-05,ISIC_0025936.jpg,5
1.692002e-06,5.525528e-07,0.99996126,9.93216e-07,1.487248e-05,2.06598e-05,3.4078331e-09,ISIC_0029776.jpg,2
0.0018556609,4.0803323e-05,0.00087861094,0.0020739895,0.98561215,0.009532658,6.1329115e-06,ISIC_0024410.jpg,4
0.00068837934,0.9922362,0.001203649,0.00029675206,0.0002515602,0.0052874917,3.5964833e-05,ISIC_0031384.jpg,1
0.0027005363,5.2049374e-05,0.0007197052,0.007132676,0.04666642,0.9426831,4.5539546e-05,ISIC_0032527.jpg,5
3.491918e-05,9.102909e-06,0.9708575,5.729892e-06,0.028650338,0.00044159646,7.8751566e-07,ISIC_0032522.jpg,2
0.0009834537,0.0002482819,0.028216396,0.00062455446,0.0066439877,0.9632762,7.1444956e-06,ISIC_0030065.jpg,5
6.5552767e-06,4.4039916e-07,0.00027767353,9.242293e-05,4.2852366e-06,0.9996106,7.929224e-06,ISIC_0024655.jpg,5
0.0004918815,1.9531886e-05,0.002097176,4.9439455e-05,0.2216378,0.7757029,1.244757e-06,ISIC_0026654.jpg,5
0.0001768716,3.4063216e-06,0.0004960115,1.248107e-05,0.00936693,0.989935,9.276065e-06,ISIC_0024683.jpg,5
1.3649115e-07,1.5903741e-07,7.051205e-07,2.266708e-06,2.949715e-06,0.9999894,4.425075e-06,ISIC_0026570.jpg,5
0.00015133814,9.773342e-05,0.019255947,0.0012910628,0.00021167107,0.97894627,4.610915e-05,ISIC_0030309.jpg,5
0.00013931449,2.118475e-05,8.9021205e-06,2.8097878e-05,8.0538055e-05,0.99971575,6.0927478e-06,ISIC_0029641.jpg,5
7.687512e-05,4.21167e-05,0.026283225,2.7297476e-05,0.11159553,0.8619703,4.5622664e-06,ISIC_0025887.jpg,5
1.2319284e-06,2.2410644e-05,4.1139388e-06,2.9079294e-07,0.00017579575,1.7583926e-07,0.999796,ISIC_0033762.jpg,6
1.1421266e-05,2.7666579e-06,4.024467e-05,4.0152743e-05,0.00019524974,0.99969685,1.3403183e-05,ISIC_0024804.jpg,5
0.025723292,9.983111e-06,0.002985265,0.00011919614,0.0013778532,0.9697826,1.8488996e-06,ISIC_0032583.jpg,5
0.0015817796,0.00097205286,0.9972801,8.565208e-05,2.3383527e-05,5.4977478e-05,2.0267203e-06,ISIC_0030723.jpg,2
6.235867e-06,1.7591798e-05,0.00019621411,8.1218195e-06,0.00012657607,0.9994455,0.00019971596,ISIC_0024916.jpg,5
1.639384e-07,1.6061314e-08,1.3892257e-05,2.7463918e-07,9.301766e-05,0.9998926,2.7122718e-08,ISIC_0029599.jpg,5
1.9747256e-05,1.8671986e-05,2.719236e-05,3.4950262e-05,3.1439056e-05,0.99985754,1.0451305e-05,ISIC_0032398.jpg,5
1.078052e-05,7.566302e-06,2.1895511e-07,3.5102265e-05,7.6795746e-05,0.99986947,1.1763101e-07,ISIC_0030858.jpg,5
3.1119273e-06,1.2127459e-06,1.8145249e-05,1.3400798e-06,3.7937545e-05,0.99993324,5.0901667e-06,ISIC_0025441.jpg,5
3.2922493e-08,3.013311e-08,3.4532317e-07,9.423753e-08,2.0796933e-06,0.99999714,2.385828e-07,ISIC_0031084.jpg,5
9.372511e-06,3.1393483e-07,1.1513876e-08,0.9820693,0.01770045,2.7268254e-06,0.00021782983,ISIC_0027102.jpg,3
0.00011350508,0.00016808783,0.11151176,0.00025956013,0.0032256248,0.88431245,0.00040909962,ISIC_0029107.jpg,5
0.00012720782,9.003527e-06,0.99953103,1.22083475e-05,8.71697e-06,0.00031042122,1.4422222e-06,ISIC_0033913.jpg,2
0.00030636945,0.00026538328,0.99721956,0.00015322804,0.0020044975,5.086134e-05,1.189845e-07,ISIC_0025103.jpg,2
1.9639474e-06,9.662096e-06,0.00014117589,1.5690856e-06,0.00018113261,0.9996561,8.39122e-06,ISIC_0031618.jpg,5
9.063264e-06,8.9549275e-07,6.689428e-05,1.0694157e-05,2.195161e-05,0.9998771,1.3248561e-05,ISIC_0029058.jpg,5
2.847974e-05,7.396472e-05,0.00016845495,4.3757293e-05,0.00041599423,0.999215,5.4329375e-05,ISIC_0029796.jpg,5
0.00076224795,0.00023363868,0.1886253,2.7058564e-05,0.8080423,0.0023020068,7.4520276e-06,ISIC_0033559.jpg,4
8.619136e-05,8.0897116e-05,0.0006815158,0.00010052718,0.0063329577,0.99263954,7.823646e-05,ISIC_0033467.jpg,5
0.00016572623,0.00033147063,8.621542e-05,0.00011671679,1.0159036e-06,0.9992718,2.6997413e-05,ISIC_0031737.jpg,5
3.5919777e-06,1.6514645e-06,0.00020908867,2.4204972e-05,2.4523153e-05,0.99971527,2.1598862e-05,ISIC_0026357.jpg,5
3.8144593e-05,6.5057335e-05,1.2794664e-05,2.6327763e-05,0.00041321287,0.9994271,1.7386592e-05,ISIC_0026027.jpg,5
4.928864e-06,4.603928e-07,8.781842e-06,2.1221758e-06,0.30058244,0.6993505,5.085685e-05,ISIC_0031241.jpg,5
0.00029088135,6.0465714e-05,0.013794344,0.00019667944,0.103414916,0.8818223,0.0004203834,ISIC_0031629.jpg,5
0.012703372,0.00014663438,0.912802,0.0004041892,0.04678444,0.027150644,8.779933e-06,ISIC_0030369.jpg,2
0.99936956,9.480097e-06,0.0004921859,9.668612e-05,3.114636e-05,9.920415e-07,5.507015e-08,ISIC_0029573.jpg,0
1.8176505e-07,3.280253e-07,3.1924114e-06,8.9015e-06,5.280298e-07,0.99997973,7.116515e-06,ISIC_0027637.jpg,5
0.0012001008,0.88879234,0.05056138,0.0038923186,0.049780834,0.005488494,0.00028438854,ISIC_0025260.jpg,1
1.8897572e-05,2.1328592e-06,5.5241944e-05,0.00041852196,1.0843211e-05,0.99945766,3.664868e-05,ISIC_0032117.jpg,5
0.0010412504,0.0007473318,0.005627785,0.0029119512,0.00040359134,0.9891649,0.000103186976,ISIC_0026242.jpg,5
4.2659412e-06,5.889031e-06,3.2062675e-05,1.919603e-05,2.0890537e-05,0.999905,1.2714207e-05,ISIC_0027844.jpg,5
0.00019197084,2.754225e-06,8.495605e-05,7.3853764e-05,2.8132104e-05,0.99961334,4.9757177e-06,ISIC_0024389.jpg,5
0.0007587776,0.00018797198,0.9982299,0.00011350381,0.0003235097,0.00038569127,6.1946037e-07,ISIC_0029311.jpg,2
0.0007860019,0.00038160148,0.025219476,0.0001701708,0.020447725,0.95286274,0.00013234676,ISIC_0033897.jpg,5
0.00011055322,1.5841117e-05,0.0013082719,4.0727118e-05,0.0038711522,0.99461526,3.8222497e-05,ISIC_0025597.jpg,5
0.040641785,2.9064498e-05,0.34705564,6.0483664e-05,0.3157341,0.29646906,9.90753e-06,ISIC_0027066.jpg,2
0.00058600365,0.00060623995,0.9957528,2.6609949e-05,0.003009944,1.8047e-05,3.0847562e-07,ISIC_0026631.jpg,2
4.0560636e-07,2.6050517e-07,6.597887e-06,7.704639e-06,0.00025787653,0.999721,6.1682863e-06,ISIC_0027034.jpg,5
1.2441532e-06,4.2860315e-06,0.00014015754,1.3398869e-06,0.00014208257,0.99970067,1.0242304e-05,ISIC_0029963.jpg,5
1.0032377e-07,2.3750383e-07,9.069371e-09,0.0003123786,0.99495935,5.4191446e-07,0.0047273706,ISIC_0031410.jpg,4
6.931062e-05,9.703989e-05,0.00056446035,5.2596402e-05,0.0020095268,0.99701035,0.00019671851,ISIC_0032085.jpg,5
0.001141705,0.00091001875,0.9881223,0.00019715636,0.007005156,0.0025148524,0.00010889525,ISIC_0027957.jpg,2
2.5008878e-06,1.3139317e-05,6.826519e-05,6.22724e-05,1.0417923e-05,0.9997998,4.3727443e-05,ISIC_0025669.jpg,5
0.0020767546,6.9761365e-05,0.00581268,0.97537506,0.0012062148,0.015447096,1.2471648e-05,ISIC_0031000.jpg,3
0.0001656623,0.0003193773,0.0069203605,0.00028141786,0.00045675292,0.99176824,8.8278866e-05,ISIC_0025714.jpg,5
0.0016052781,0.00908466,0.20208,0.00077672093,0.0019844822,0.78446263,6.252113e-06,ISIC_0031039.jpg,5
0.013356209,0.0017260769,0.9748686,0.008176541,0.00022641374,0.0016317111,1.445358e-05,ISIC_0026265.jpg,2
0.0064386283,0.013435787,0.36645535,0.00016872969,0.0292608,0.584159,8.163532e-05,ISIC_0033940.jpg,5
0.029452855,0.29226074,0.046177503,0.005195614,0.17302634,0.42873797,0.025148949,ISIC_0027903.jpg,5
2.47516e-05,1.1963162e-06,0.00607331,3.6445108e-05,0.0013267456,0.9925372,2.8472726e-07,ISIC_0028332.jpg,5
2.3276132e-06,1.0583223e-06,3.6728226e-05,3.1329e-05,6.8383783e-06,0.99991,1.1693872e-05,ISIC_0024681.jpg,5
3.5575536e-06,9.205775e-06,5.9328024e-05,1.1398956e-05,0.00044648687,0.99946684,3.1784589e-06,ISIC_0024902.jpg,5
2.8938418e-06,0.9997962,1.9467151e-08,5.236161e-07,7.427933e-07,0.00019968071,8.694538e-08,ISIC_0025644.jpg,1
0.0025169924,0.007620282,0.9234481,0.020503042,0.0012109595,0.04364412,0.0010564765,ISIC_0029068.jpg,2
0.0035409974,2.245889e-05,0.0016881067,0.0040375507,0.0030392704,0.98757416,9.7343865e-05,ISIC_0030490.jpg,5
0.0024566343,0.00666755,0.02609813,0.9410029,0.0118315695,0.010931241,0.0010119792,ISIC_0033695.jpg,3
0.2079785,0.03163226,0.12501612,0.1758676,2.9041374e-05,0.45912656,0.00034981992,ISIC_0026798.jpg,5
0.9996635,8.63873e-06,7.2660015e-07,1.5319738e-05,0.00031107262,6.735081e-07,1.3177703e-07,ISIC_0028370.jpg,0
0.15166812,0.025227327,0.03791105,0.05223519,0.008538791,0.7233028,0.0011167504,ISIC_0031728.jpg,5
0.00063066237,2.0397909e-05,0.0009272382,0.0006697778,0.9968656,0.000882356,4.0112845e-06,ISIC_0034172.jpg,4
7.962584e-06,3.5117864e-05,0.00011540131,0.0003433729,0.0001324047,0.999305,6.0696402e-05,ISIC_0025010.jpg,5
3.4474095e-05,0.0004936136,0.9954314,0.00042459037,0.0030554214,0.000557388,3.0882418e-06,ISIC_0031329.jpg,2
5.526771e-06,4.2333495e-06,2.2765484e-05,9.9949175e-06,0.00010392916,0.9998375,1.5950674e-05,ISIC_0024580.jpg,5
0.0010265635,0.00026546832,0.0032559643,0.00029741024,0.0025804434,0.99246347,0.00011063749,ISIC_0024578.jpg,5
2.146724e-06,3.2660893e-07,2.0266638e-05,2.9660494e-06,2.5654223e-05,0.999946,2.5916272e-06,ISIC_0025479.jpg,5
5.191056e-06,1.5402198e-05,0.00013845069,0.00012114721,4.5824872e-05,0.9994899,0.0001841101,ISIC_0031688.jpg,5
1.4573852e-05,1.5404885e-06,2.581771e-05,1.8041568e-05,0.00024656692,0.99968576,7.751727e-06,ISIC_0031338.jpg,5
0.0983823,0.82472456,0.039278258,0.028619593,0.0026522132,0.006106556,0.00023649503,ISIC_0024550.jpg,1
2.5009405e-07,8.394972e-07,1.7953402e-05,4.3460036e-06,0.0011608165,0.9988035,1.2232687e-05,ISIC_0024479.jpg,5
3.9548732e-07,4.283086e-07,1.7779804e-06,2.2010045e-05,0.00011938516,0.9998529,2.987381e-06,ISIC_0024645.jpg,5
0.00080700626,1.3153941e-05,0.8729057,1.3700755e-05,0.0034175622,0.122842506,3.8924063e-07,ISIC_0033900.jpg,2
8.768927e-05,5.0676913e-06,0.00021965687,7.5471016e-06,0.0012969628,0.9983724,1.06841135e-05,ISIC_0031435.jpg,5
0.0025482634,0.01808094,0.96030205,0.0016885735,0.0012194894,0.016126633,3.4031877e-05,ISIC_0032819.jpg,2
3.185391e-06,2.3939297e-06,3.9902556e-05,4.5788947e-06,2.4613e-05,0.99992096,4.3958266e-06,ISIC_0026904.jpg,5
6.125118e-05,2.1621701e-05,0.00016773934,5.7597088e-05,0.00089246454,0.9987569,4.2359366e-05,ISIC_0032239.jpg,5
9.412343e-06,2.6250345e-06,1.6684122e-05,1.082879e-05,0.00019462354,0.9997098,5.596142e-05,ISIC_0030162.jpg,5
1.28001975e-05,7.829971e-06,6.0960658e-05,1.9719098e-05,4.5650155e-05,0.9997954,5.7652578e-05,ISIC_0031805.jpg,5
0.00067780697,3.4077417e-05,0.4214778,0.00014231188,0.020954164,0.5567102,3.6861425e-06,ISIC_0026690.jpg,5
7.4597676e-07,2.0373682e-06,3.5033804e-06,5.3942454e-06,1.5654787e-05,0.9999672,5.498933e-06,ISIC_0025459.jpg,5
7.601097e-05,0.00017507125,0.000665828,0.00011383914,0.00010598637,0.9988073,5.601561e-05,ISIC_0031161.jpg,5
7.0975943e-06,0.0012625217,0.998706,1.0253034e-07,6.924179e-06,8.926782e-07,1.6406086e-05,ISIC_0027374.jpg,2
8.9846685e-07,3.4075134e-07,7.176772e-06,9.6235135e-06,0.00015456266,0.9998254,1.9232918e-06,ISIC_0026837.jpg,5
0.00011409992,3.389568e-05,0.001943681,2.1758065e-05,0.00827927,0.9869688,0.0026385048,ISIC_0026332.jpg,5
1.5493853e-05,8.514523e-08,8.0904865e-06,9.9292765e-06,1.667408e-05,0.99994695,2.827696e-06,ISIC_0028609.jpg,5
4.4955603e-05,0.001470331,0.00031042242,5.625853e-05,0.00054887106,0.99745697,0.00011224831,ISIC_0027645.jpg,5
3.3739485e-07,2.7417234e-06,1.5380121e-05,3.94246e-06,1.4277452e-05,0.9998902,7.315059e-05,ISIC_0027396.jpg,5
4.4435038e-07,1.2015482e-06,1.5781558e-06,7.992432e-06,1.1689162e-05,0.99996877,8.309372e-06,ISIC_0032728.jpg,5
8.22599e-05,3.2964752e-05,0.00018180895,0.00011158864,6.5926038e-06,0.9995666,1.8228022e-05,ISIC_0024491.jpg,5
8.588656e-06,4.4192066e-06,0.00050687,5.185069e-05,0.9966633,0.0027450826,1.9943873e-05,ISIC_0029986.jpg,4
0.010395301,0.00010658788,0.16728589,0.00035604666,0.20855635,0.61329055,9.256856e-06,ISIC_0027883.jpg,5
0.00018888064,3.043409e-05,0.007455635,6.3984546e-05,0.00051668426,0.9917401,4.291737e-06,ISIC_0028302.jpg,5
0.99994457,1.5557623e-06,5.7513694e-06,3.2403685e-05,1.5091692e-05,5.856212e-07,2.0902174e-08,ISIC_0029840.jpg,0
3.1307898e-06,0.0476895,8.04779e-07,2.2054447e-08,0.9523044,1.2102123e-07,1.9764823e-06,ISIC_0033569.jpg,4
0.0018893796,0.0006820318,0.09775133,0.005487269,0.71480656,0.17934874,3.4716162e-05,ISIC_0030771.jpg,4
2.633769e-05,3.6693364e-06,6.571252e-05,6.737797e-06,7.8478515e-06,0.99988484,4.7558337e-06,ISIC_0026922.jpg,5
0.007774016,0.000495614,0.10435157,0.001066555,0.003003966,0.88330305,5.199496e-06,ISIC_0032489.jpg,5
7.3601036e-06,1.350817e-05,0.00044660582,3.9570794e-05,0.00037261136,0.99910164,1.883572e-05,ISIC_0031636.jpg,5
9.856556e-06,2.688327e-07,0.99945897,0.0001304795,0.0003388613,6.146334e-05,7.6798e-08,ISIC_0024554.jpg,2
0.0004400869,5.0627177e-06,0.107735485,1.9660527e-05,0.32260963,0.5691871,2.9276657e-06,ISIC_0033268.jpg,5
3.5514702e-07,1.6293445e-06,5.8706746e-06,2.7732307e-05,2.7861062e-05,0.9999168,1.9646423e-05,ISIC_0026948.jpg,5
0.13070858,0.26443428,0.45436478,0.019109566,0.04072386,0.09061947,3.9556842e-05,ISIC_0026687.jpg,2
2.0141648e-05,1.965517e-05,0.00059273234,1.2670849e-05,0.00036632357,0.9989767,1.1859605e-05,ISIC_0031290.jpg,5
3.0627677e-07,2.3462572e-07,3.310658e-06,1.594749e-06,5.0485646e-06,0.99998736,2.1280512e-06,ISIC_0024603.jpg,5
5.437814e-05,1.2637328e-06,0.015596835,7.5004624e-05,0.97908574,0.005186426,2.7541418e-07,ISIC_0028463.jpg,4
0.25008488,0.0030579555,0.062230315,0.53984445,0.0321529,0.11214166,0.0004878283,ISIC_0031700.jpg,3
7.942694e-05,5.0176277e-05,0.0004756114,0.0003868316,3.3006858e-05,0.9984914,0.00048350007,ISIC_0025890.jpg,5
2.2507365e-05,3.934261e-06,8.4892345e-05,8.52794e-05,0.000117017895,0.99967945,6.858299e-06,ISIC_0030414.jpg,5
0.001966545,0.00012755461,0.12252792,0.00055461354,0.16978392,0.7045774,0.00046206822,ISIC_0026752.jpg,5
0.03439688,0.0014866224,0.0069748126,0.01614218,0.42045358,0.5164473,0.004098605,ISIC_0028715.jpg,5
7.844809e-06,1.2142633e-05,5.7425987e-06,0.0010628506,3.1458296e-06,0.99889684,1.142221e-05,ISIC_0031296.jpg,5
1.1139546e-05,3.926696e-05,0.0003788636,2.808232e-05,0.00042489285,0.99905366,6.406705e-05,ISIC_0034171.jpg,5
4.015684e-06,6.2641698e-06,0.00014894837,2.2479455e-05,0.0002604244,0.9984798,0.0010780896,ISIC_0027449.jpg,5
5.7131583e-06,9.0932576e-07,2.4448349e-05,8.019424e-07,0.0035031266,0.9964616,3.3470274e-06,ISIC_0033702.jpg,5
0.037617296,0.712116,0.039563574,0.0101518,0.09283006,0.10726541,0.00045580545,ISIC_0030311.jpg,1
5.260456e-06,1.1565218e-05,5.258352e-05,9.2512266e-05,0.0006243266,0.9991893,2.4451838e-05,ISIC_0030228.jpg,5
2.6727946e-06,3.5988407e-06,0.9970651,3.513833e-05,9.460709e-06,0.0028838736,1.4007982e-07,ISIC_0027463.jpg,2
0.0054179765,0.0002028559,0.06494426,0.26401928,0.66407955,0.0012783954,5.7705303e-05,ISIC_0030445.jpg,4
9.061592e-06,2.4286925e-05,4.9176408e-05,2.885343e-05,0.0001812526,0.99902177,0.00068567134,ISIC_0025293.jpg,5
0.00014231517,0.00038798183,0.005556783,2.2346283e-05,0.0034795736,0.9871743,0.0032367716,ISIC_0030727.jpg,5
2.4541923e-05,3.7626137e-06,0.0012192974,2.8512928e-05,0.0065846327,0.99213636,2.9382375e-06,ISIC_0033104.jpg,5
0.00024670197,0.00023942185,0.0004998651,3.8283833e-05,0.0012288862,0.99744046,0.00030635376,ISIC_0029939.jpg,5
0.012782604,0.009014535,0.008224803,0.1712824,0.00029213887,0.79737794,0.0010255969,ISIC_0024321.jpg,5
3.0056344e-06,5.1309703e-06,3.9916715e-05,3.7877973e-05,1.980953e-05,0.99985325,4.1013627e-05,ISIC_0027946.jpg,5
0.00020109257,0.05220293,0.40924102,0.00017339141,0.14607708,0.3920874,1.7001865e-05,ISIC_0026892.jpg,2
8.276768e-06,2.974053e-06,0.013691164,6.4901697e-06,0.015307655,0.97098273,7.046931e-07,ISIC_0030182.jpg,5
0.0022303509,0.0001343189,0.9963038,0.0008625995,6.305787e-06,0.0004621894,5.1960865e-07,ISIC_0030276.jpg,2
0.0121859815,0.58985585,0.32341242,0.071679324,0.0016147427,0.0012505772,1.1465073e-06,ISIC_0028094.jpg,1
2.7823487e-05,2.3380942e-06,5.8146623e-05,9.88616e-05,0.00013916653,0.99966407,9.563085e-06,ISIC_0027484.jpg,5
8.134093e-05,2.0232166e-05,0.0003835263,4.315685e-05,0.0066256844,0.992841,4.975774e-06,ISIC_0026777.jpg,5
0.9991998,0.00031099058,4.6927402e-05,0.00039803187,4.0956653e-05,3.3066626e-06,6.0218774e-08,ISIC_0029323.jpg,0
0.0012251654,7.568734e-05,0.0016008631,1.877745e-05,0.008597407,0.9884643,1.7845246e-05,ISIC_0031304.jpg,5
0.0002589091,3.786391e-05,0.0009518564,0.00066894415,0.08686093,0.91120756,1.3927719e-05,ISIC_0025769.jpg,5
2.5102918e-05,0.0028943298,2.3618964e-05,3.0956253e-05,0.99701273,8.422308e-06,4.898677e-06,ISIC_0032840.jpg,4
0.6953097,4.5052457e-05,0.0009593004,0.00034568834,0.3025554,0.00075362547,3.119791e-05,ISIC_0027950.jpg,0
0.00047011574,0.00023997565,0.002893279,0.00040867587,0.078416914,0.9172213,0.0003496663,ISIC_0032368.jpg,5
1.0032207e-06,3.88403e-06,2.2099142e-05,2.231366e-06,2.591934e-05,0.9997377,0.00020713976,ISIC_0030660.jpg,5
1.505422e-05,3.2534158e-06,0.00047360337,2.3196597e-05,9.90542e-06,0.999468,6.9995604e-06,ISIC_0029497.jpg,5
4.396447e-07,3.5164549e-06,3.9708575e-06,2.3829746e-06,3.8127302e-05,0.9999443,7.282166e-06,ISIC_0031027.jpg,5
7.5016455e-05,4.371575e-05,0.005443718,4.6439477e-06,0.13213599,0.86229444,2.544603e-06,ISIC_0026167.jpg,5
2.9142896e-06,3.895171e-06,5.561926e-06,7.4261598e-06,0.00013742768,0.9998392,3.5297223e-06,ISIC_0028313.jpg,5
6.674616e-05,1.5258603e-06,4.822759e-05,2.364037e-05,0.00020709311,0.99964976,3.0473334e-06,ISIC_0033896.jpg,5
4.0282044e-05,1.6189679e-06,0.00016476057,0.0007507463,4.847959e-05,0.9989881,5.9755666e-06,ISIC_0032332.jpg,5
5.0860444e-07,2.5737274e-06,4.7279805e-06,1.8082232e-05,8.823883e-05,0.9998779,7.786964e-06,ISIC_0030669.jpg,5
0.00057137816,0.010905562,0.2180983,0.00017600224,0.1295098,0.63494974,0.0057892827,ISIC_0025986.jpg,5
0.00017079421,5.7740485e-06,0.00019325578,8.599636e-05,6.1165476e-05,0.99944943,3.3612872e-05,ISIC_0029981.jpg,5
0.00023496004,0.0020683326,0.019337505,0.0042336974,0.00022949664,0.9719928,0.0019032771,ISIC_0029150.jpg,5
0.012621897,0.001136957,0.97822547,0.0071691186,0.00071377575,9.651888e-05,3.6319194e-05,ISIC_0025209.jpg,2
8.599423e-05,6.030205e-06,0.00044104544,8.957281e-05,8.227411e-05,0.99926645,2.8542494e-05,ISIC_0030850.jpg,5
0.00092648464,4.220947e-05,0.11003025,0.0011632185,0.0014545239,0.8854699,0.0009133647,ISIC_0029231.jpg,5
0.06816104,0.085795395,0.18666476,0.0021386342,0.05387876,0.60286266,0.0004987491,ISIC_0030707.jpg,5
2.8995852e-05,0.0020342846,0.00022459279,2.3855591e-05,0.20478375,0.0031791185,0.7897254,ISIC_0033178.jpg,6
0.99369955,0.00020031763,0.0001315173,0.0004484804,0.0002618756,0.005258026,1.932424e-07,ISIC_0028767.jpg,0
2.870326e-05,4.5165612e-05,0.00043961496,6.383261e-05,0.0017949217,0.9975902,3.759123e-05,ISIC_0027537.jpg,5
2.1369091e-05,2.0568718e-06,0.0005127753,6.0133367e-05,0.002461581,0.9969261,1.6048025e-05,ISIC_0024751.jpg,5
1.4310906e-05,9.942723e-05,0.00032113108,1.8033854e-05,8.400365e-05,0.9994469,1.6139224e-05,ISIC_0027995.jpg,5
5.9784325e-05,0.003147485,0.0015629749,2.052597e-05,0.0005307859,0.9946439,3.4519006e-05,ISIC_0027997.jpg,5
3.0898616e-05,0.00013335828,3.5236244e-05,0.002634465,0.00047656524,0.9966799,9.694386e-06,ISIC_0027731.jpg,5
2.0716858e-05,1.8015055e-05,5.380656e-05,0.00034103252,0.00013078768,0.99931383,0.00012184953,ISIC_0024976.jpg,5
0.0019774828,0.0003127514,0.0015606849,0.00014789299,0.053552207,0.94238645,6.250847e-05,ISIC_0033805.jpg,5
1.5284942e-05,1.0970352e-05,6.198973e-05,4.86637e-06,0.00017240389,0.99971837,1.6063686e-05,ISIC_0028629.jpg,5
4.4101483e-08,6.067986e-08,8.988328e-07,1.6896718e-09,0.9999989,1.8835788e-08,4.574502e-10,ISIC_0027300.jpg,4
1.0065528e-05,8.516961e-06,9.16583e-05,0.00043561967,0.06651456,0.93282586,0.00011376781,ISIC_0025145.jpg,5
0.0017244978,0.002395209,0.10240474,1.8436668e-06,0.87001336,0.023407819,5.2538286e-05,ISIC_0032663.jpg,4
0.014299587,0.00034551034,0.04868044,0.81806564,2.510813e-05,0.118569486,1.4213016e-05,ISIC_0027073.jpg,3
1.7453816e-06,1.5502108e-05,1.25887345e-05,0.00034579326,5.4122385e-05,0.99946123,0.0001090602,ISIC_0028985.jpg,5
0.00027708552,0.00015258443,0.0007729532,3.1030017e-05,0.008668698,0.9899455,0.00015220743,ISIC_0030851.jpg,5
0.00012387567,1.4843298e-05,0.00020049675,0.0002867968,0.0076481774,0.99172485,8.886305e-07,ISIC_0031646.jpg,5
8.657377e-06,6.7338005e-06,0.00019119117,1.3077791e-06,0.9839315,0.015859915,6.934299e-07,ISIC_0028127.jpg,4
3.1462758e-07,1.209287e-06,2.1941069e-06,1.2997016e-07,1.0862056e-05,0.99998474,5.993448e-07,ISIC_0026197.jpg,5
3.0843244e-06,4.098969e-06,8.875854e-06,3.147085e-05,8.060772e-05,0.99985933,1.2571646e-05,ISIC_0030749.jpg,5
0.00013033971,1.5060503e-05,0.0017685295,0.00013392745,0.47038972,0.5275516,1.0865917e-05,ISIC_0032806.jpg,5
2.5895157e-05,4.47508e-05,0.7429393,5.6396268e-05,0.015041934,0.24188451,7.2879493e-06,ISIC_0031528.jpg,2
0.000100480764,0.008248495,0.0004470627,4.336904e-05,0.00090304704,0.9902075,5.0034752e-05,ISIC_0026389.jpg,5
8.7360246e-07,2.2408328e-06,1.5342805e-06,3.5545996e-05,1.83888e-06,0.9999335,2.4539408e-05,ISIC_0024359.jpg,5
0.9604587,0.03413368,0.004934328,0.00014942871,0.00031655488,6.580195e-06,6.3477404e-07,ISIC_0028323.jpg,0
7.856109e-06,3.1351726e-07,3.090233e-05,3.965579e-06,0.0019496485,0.9979621,4.516832e-05,ISIC_0030600.jpg,5
2.4637843e-06,3.958995e-06,5.203398e-05,9.081082e-06,0.00016150298,0.99971443,5.659726e-05,ISIC_0030983.jpg,5
8.866913e-05,2.2237049e-05,0.008151205,0.009367592,0.00048668135,0.97495973,0.006923954,ISIC_0024636.jpg,5
5.63222e-07,1.0799203e-06,1.910524e-05,5.123735e-06,8.65237e-06,0.99974567,0.00021980573,ISIC_0024765.jpg,5
1.3844155e-05,0.0001520794,0.00016377801,0.00017604613,0.00023555958,0.99888235,0.00037635455,ISIC_0029377.jpg,5
0.06323545,0.93584347,0.0003751654,0.00012932914,0.00037195167,4.222032e-05,2.5032834e-06,ISIC_0029129.jpg,1
9.064545e-05,3.886303e-05,0.000898272,0.0043537146,0.0004474846,0.9941519,1.9123536e-05,ISIC_0027157.jpg,5
0.0001007416,0.0004943257,0.0009405301,0.6272901,0.29289478,0.076690674,0.001588809,ISIC_0033261.jpg,3
1.0394315e-07,3.9904958e-07,7.9211526e-07,7.1399745e-07,1.9007058e-06,0.9999945,1.6016833e-06,ISIC_0027901.jpg,5
0.00012903451,5.442416e-05,0.0011059408,3.4155677e-05,0.0021989548,0.99646276,1.4721532e-05,ISIC_0032902.jpg,5
5.1146344e-06,2.2015384e-07,6.358242e-05,1.5411237e-05,0.0004946501,0.9994129,8.133925e-06,ISIC_0027894.jpg,5
0.8378726,0.00010705173,0.15975505,0.0022361449,2.1534359e-05,7.260451e-06,3.6624817e-07,ISIC_0026060.jpg,0
3.5670088e-05,1.5188242e-06,0.00018023881,6.6365494e-05,0.001605765,0.9980977,1.2658806e-05,ISIC_0027080.jpg,5
7.627576e-07,4.20465e-07,0.0011744647,4.727737e-08,0.9925787,0.0062443977,1.3703541e-06,ISIC_0032888.jpg,4
0.8660814,0.00026202196,0.13268638,7.950368e-05,0.00076059264,0.00013004482,9.6610464e-08,ISIC_0032024.jpg,0
1.2467096e-05,0.9997482,0.00023486947,1.5879645e-07,3.3396677e-06,5.03692e-07,5.020001e-07,ISIC_0033354.jpg,1
0.00021880513,0.0010030558,0.0010833432,0.0013654073,9.962808e-05,0.9958687,0.00036113264,ISIC_0028351.jpg,5
0.0004173882,7.235423e-06,0.01241259,6.303537e-05,0.0012720064,0.98581296,1.4713222e-05,ISIC_0031809.jpg,5
5.7645616e-07,8.4656193e-07,1.7444014e-06,1.256474e-06,2.5194856e-06,0.9999894,3.602477e-06,ISIC_0031235.jpg,5
1.7161812e-05,8.231468e-06,0.00034766758,9.095132e-05,0.00020668536,0.99926704,6.219341e-05,ISIC_0024639.jpg,5
2.9209783e-05,2.6776403e-05,0.00026872117,3.4812147e-05,0.0004589854,0.99916184,1.9699557e-05,ISIC_0028430.jpg,5
0.0006475045,0.026017724,0.040336333,0.00049531565,0.6215211,0.050960023,0.26002204,ISIC_0032258.jpg,4
1.1778188e-06,2.9751181e-08,3.5567915e-05,1.448806e-07,0.0033506078,0.99661225,2.3967874e-07,ISIC_0034310.jpg,5
0.011693095,0.00033563087,0.022950696,0.0006914872,0.048412688,0.9158967,1.9709329e-05,ISIC_0026084.jpg,5
1.5820433e-06,1.8434257e-06,2.4973884e-05,3.202917e-05,1.04340215e-05,0.999879,5.017351e-05,ISIC_0032458.jpg,5
5.872072e-05,0.0013942427,0.0052783303,0.00033015467,0.001394846,0.9914705,7.323665e-05,ISIC_0032165.jpg,5
1.1541289e-05,4.5725697e-06,1.618421e-05,0.00023379448,1.688404e-05,0.9997079,9.137794e-06,ISIC_0030547.jpg,5
0.0012589144,0.00022703297,0.99663913,0.00011072326,0.0016499078,0.00011138391,2.9612124e-06,ISIC_0031893.jpg,2
9.823978e-05,0.0006498727,0.0011324544,1.8480603e-05,0.0022773093,0.99566597,0.00015773032,ISIC_0032957.jpg,5
0.00019071365,5.7456375e-05,0.0031974933,0.0033001346,0.0023692558,0.9908599,2.5065954e-05,ISIC_0028170.jpg,5
5.606077e-06,8.787367e-06,7.613239e-05,1.6219032e-05,0.0003419146,0.999534,1.7346882e-05,ISIC_0027356.jpg,5
0.03456905,1.8395009e-05,0.05017541,0.00017838672,0.05325217,0.8618037,2.8947786e-06,ISIC_0033723.jpg,5
0.00016095652,0.00024402089,0.11390371,0.00034890068,0.007701809,0.8773952,0.0002453456,ISIC_0033620.jpg,5
7.53603e-06,3.340894e-05,8.137302e-06,6.636103e-06,3.0936197e-05,0.99988496,2.8420562e-05,ISIC_0030028.jpg,5
0.9984541,3.1312877e-05,3.700493e-05,0.0014716681,1.501256e-06,4.273337e-06,1.899568e-07,ISIC_0027896.jpg,0
0.0017339598,0.0081049325,0.981693,0.00025451428,0.0022787254,0.0059187543,1.6086484e-05,ISIC_0030105.jpg,2
0.0003654059,0.011727393,0.00040392127,9.022169e-06,0.97873163,0.0087599745,2.643974e-06,ISIC_0032645.jpg,4
8.142258e-05,3.4310586e-05,1.5306381e-05,0.00020839568,4.0439434e-05,0.9996123,7.826267e-06,ISIC_0028324.jpg,5
0.06729999,0.0007651806,0.33076414,0.00019298377,0.5905932,0.010353135,3.1359046e-05,ISIC_0030873.jpg,4
0.00017271533,0.001637379,0.0013412301,0.0014629299,0.00010082238,0.99355125,0.0017336982,ISIC_0024421.jpg,5
0.0001977219,9.702128e-05,0.009949267,0.00022849599,0.0030590654,0.9864553,1.3064925e-05,ISIC_0033067.jpg,5
1.4854703e-06,3.516832e-07,1.37735715e-05,2.2090128e-06,5.839633e-06,0.9999634,1.2873715e-05,ISIC_0029734.jpg,5
4.1584117e-05,2.4634652e-05,0.9977968,7.565119e-06,0.0020531365,7.60723e-05,2.2396117e-07,ISIC_0032156.jpg,2
0.01850071,0.0006123195,0.96942914,0.0002873858,0.010240839,0.0009161234,1.3453509e-05,ISIC_0027754.jpg,2
0.00017463509,2.0836114e-05,0.005968747,0.00013883928,0.007028354,0.98663944,2.9201852e-05,ISIC_0028304.jpg,5
2.5421525e-06,3.8258087e-05,0.00016493317,3.7935206e-05,0.0019109561,0.99774075,0.000104617975,ISIC_0033472.jpg,5
0.041955803,0.0002202122,0.46884966,8.6289154e-05,0.48645487,0.002430001,3.194613e-06,ISIC_0025068.jpg,4
0.0011419902,0.0014630251,0.002881307,0.0010662178,0.53389883,0.45925018,0.00029844017,ISIC_0034065.jpg,4
1.0750775e-05,1.9847457e-05,4.0645227e-05,2.6685577e-05,2.153003e-06,0.9997148,0.00018501938,ISIC_0031714.jpg,5
0.0048524123,0.00026144902,0.0013158105,0.00015855295,0.0070531317,0.9863479,1.0711662e-05,ISIC_0031567.jpg,5
0.008770451,0.06947585,0.9161547,0.00033892808,0.0048384774,0.00032444726,9.71506e-05,ISIC_0028856.jpg,2
1.5586658e-05,2.5112287e-05,3.363987e-05,0.00021228836,2.441846e-05,0.9996723,1.6691865e-05,ISIC_0028142.jpg,5
4.381635e-06,7.259815e-06,0.00017443474,8.407121e-06,0.00023692915,0.9995541,1.4358035e-05,ISIC_0027810.jpg,5
7.713292e-05,0.00034193354,0.96474576,0.00069408916,0.00050990796,0.033615578,1.5588033e-05,ISIC_0032498.jpg,2
3.3163367e-06,3.5748303e-06,1.6398444e-05,5.598753e-05,2.4323224e-05,0.9998834,1.2949926e-05,ISIC_0030780.jpg,5
0.00014569714,8.280636e-05,0.0020708786,0.00012339663,0.0012639557,0.9962915,2.1833146e-05,ISIC_0029060.jpg,5
5.8543774e-05,7.609465e-05,0.9937324,4.09949e-05,0.00011679786,0.005973637,1.5700675e-06,ISIC_0030318.jpg,2
0.00036658562,8.437562e-06,0.0041078287,7.7640936e-05,0.00081954314,0.9946067,1.3256488e-05,ISIC_0029132.jpg,5
0.00018717855,5.645706e-05,0.0027022006,0.00016999996,0.00072506885,0.99595404,0.00020497169,ISIC_0030322.jpg,5
6.0816265e-06,5.6235335e-06,6.788085e-06,7.047881e-05,8.774856e-06,0.99990106,1.2254418e-06,ISIC_0024658.jpg,5
1.2433252e-05,9.108515e-06,5.919649e-05,3.5513272e-05,5.393982e-06,0.9865674,0.01331099,ISIC_0024442.jpg,5
3.0520537e-06,5.227475e-06,1.6721093e-05,8.649375e-05,2.5153839e-05,0.9998348,2.8511786e-05,ISIC_0028620.jpg,5
5.6930094e-06,1.7515038e-06,3.922651e-05,2.0477204e-05,6.9545276e-05,0.99985075,1.2425951e-05,ISIC_0030750.jpg,5
0.00044418362,0.0009081823,0.90756804,0.00022092878,0.04365323,0.047108006,9.7522934e-05,ISIC_0033007.jpg,2
1.40474e-07,4.98197e-07,1.2000909e-06,7.874022e-07,3.328451e-05,0.9999567,7.2892244e-06,ISIC_0031432.jpg,5
7.116681e-06,7.3643146e-06,0.00027874537,0.7756671,3.527957e-05,0.22374898,0.00025551926,ISIC_0028333.jpg,3
2.1913213e-07,1.7480762e-08,2.6084767e-06,5.5480496e-07,1.28262145e-05,0.99998343,2.6170142e-07,ISIC_0029595.jpg,5
1.0341651e-05,2.2746679e-05,0.0001802056,0.00011875327,0.0049110884,0.99462634,0.00013039834,ISIC_0025860.jpg,5
3.877493e-06,5.5136356e-06,0.000114957074,2.6676586e-05,0.0010777299,0.9987263,4.4951423e-05,ISIC_0024820.jpg,5
6.4505616e-07,5.78331e-07,1.3478254e-05,2.4873177e-06,3.4853038e-05,0.99991107,3.6887664e-05,ISIC_0031273.jpg,5
3.9508188e-05,1.4812039e-05,0.00039476328,0.0032378722,1.6901013e-05,0.99611205,0.00018406064,ISIC_0027212.jpg,5
2.7182836e-07,2.0141455e-07,9.330178e-07,1.6658677e-07,9.748823e-06,0.999987,1.6885942e-06,ISIC_0031740.jpg,5
4.2722393e-05,0.00014790233,0.00046251868,0.00010631935,0.00013195226,0.99906,4.856225e-05,ISIC_0034019.jpg,5
1.1009105e-06,2.9810942e-06,1.7961422e-05,1.0422223e-05,2.1051963e-05,0.9998462,0.00010025023,ISIC_0031658.jpg,5
5.731615e-05,0.00014539766,0.0020835707,4.4496242e-05,0.0016206156,0.9950546,0.0009939976,ISIC_0025220.jpg,5
0.004474686,0.0002398728,0.30209446,0.012722066,0.01047117,0.6693977,0.00059998035,ISIC_0029543.jpg,5
0.40888625,0.004880741,0.0010566986,0.09244377,0.49093017,0.001677011,0.00012536984,ISIC_0030015.jpg,4
7.747833e-06,6.107457e-06,0.00011946644,8.1400765e-05,0.00030566467,0.99946076,1.8951088e-05,ISIC_0029305.jpg,5
1.8702078e-05,0.9997762,1.6089277e-06,6.9577163e-07,1.3190771e-05,0.00018936426,2.0973498e-07,ISIC_0034095.jpg,1
3.1296258e-06,4.8338137e-07,3.0670588e-05,4.8696197e-06,0.97956616,0.020389935,4.6543937e-06,ISIC_0033651.jpg,4
0.99997115,1.575265e-06,5.099414e-07,1.7934957e-05,6.617229e-06,2.0704356e-06,4.0445368e-08,ISIC_0033494.jpg,0
2.0382026e-07,1.3829178e-07,1.00798425e-05,2.7970432e-06,8.828348e-05,0.9998927,5.8423616e-06,ISIC_0032438.jpg,5
0.00012797241,1.7040571e-06,9.1058384e-05,7.8583216e-05,1.5327141e-05,0.9996841,1.3833923e-06,ISIC_0025457.jpg,5
0.0015325425,6.503144e-06,0.00026615523,0.00015434806,0.0017036535,0.9962943,4.2409545e-05,ISIC_0030253.jpg,5
0.0005117488,0.00013104134,0.00070808537,0.00013772373,0.3295067,0.6689651,3.9586856e-05,ISIC_0024924.jpg,5
0.001479124,0.00022212444,0.88451374,0.0005342848,0.0043883338,0.108835146,2.7345635e-05,ISIC_0028701.jpg,2
0.29837465,0.00047310814,0.629529,0.00027069778,0.07044869,0.0008796685,2.4147606e-05,ISIC_0032929.jpg,2
0.0016399467,0.37092683,0.0033924954,0.00063690904,0.49866575,0.00054827495,0.12418981,ISIC_0033073.jpg,4
0.00015248026,0.00042348538,0.2051552,2.0654723e-05,0.11141076,0.68280536,3.2060052e-05,ISIC_0034103.jpg,5
8.488797e-06,2.819292e-06,3.5616817e-05,0.00020808169,0.0001278093,0.9996056,1.1582866e-05,ISIC_0030098.jpg,5
1.1155187e-05,1.0285073e-05,2.5331468e-05,3.7833328e-05,9.8764714e-05,0.9997888,2.793928e-05,ISIC_0024778.jpg,5
0.0012178207,0.00023284579,0.06824397,0.006479156,0.01998166,0.9036307,0.00021380317,ISIC_0027892.jpg,5
4.5977562e-05,3.6939555e-06,0.0005270863,5.1674174e-06,0.9600394,0.03937687,1.7869478e-06,ISIC_0032517.jpg,4
5.2362348e-06,6.1728497e-07,3.1234158e-05,1.0256474e-06,0.0022092422,0.99775034,2.3153939e-06,ISIC_0031988.jpg,5
0.0023015097,0.0024052816,0.025050212,0.0015589525,0.0010196066,0.96748334,0.0001810571,ISIC_0029361.jpg,5
5.1203887e-07,2.3623684e-06,0.00016607379,3.441982e-06,0.00017401314,0.9996338,1.9762485e-05,ISIC_0033435.jpg,5
0.00014991334,0.00016163556,0.0004900898,0.0064574466,0.6024814,0.38868403,0.0015754355,ISIC_0028785.jpg,4
3.9986276e-06,4.146866e-06,0.00011825366,1.01665055e-05,5.3463606e-05,0.9997962,1.3755635e-05,ISIC_0025159.jpg,5
3.3913109e-06,1.3728636e-06,3.9294242e-05,1.0439848e-05,4.6593745e-05,0.9998431,5.5678527e-05,ISIC_0030735.jpg,5
0.00041065342,4.1064986e-06,0.0010503588,9.033849e-05,0.0008752727,0.9975673,1.8654966e-06,ISIC_0031285.jpg,5
0.99982846,1.5153263e-05,4.2316524e-06,3.36169e-05,0.00011272042,5.678557e-06,3.1700562e-08,ISIC_0028232.jpg,0
0.00038707815,0.0005190621,0.001011168,0.00011017333,0.0050033513,0.9929478,2.1320833e-05,ISIC_0024824.jpg,5
0.0011206733,0.00017560813,0.0004823924,0.0008058154,1.8007515e-05,0.9969476,0.00044990896,ISIC_0032198.jpg,5
1.4596375e-06,1.6229208e-07,1.7725779e-05,1.09131015e-05,4.944089e-05,0.99992,2.6908089e-07,ISIC_0024608.jpg,5
0.0005492265,7.888756e-06,0.2703629,8.801473e-06,0.41706374,0.31199136,1.5999314e-05,ISIC_0033953.jpg,4
8.446236e-07,1.3627174e-06,1.1144924e-05,1.3021414e-05,0.00033545296,0.9996275,1.0788914e-05,ISIC_0028269.jpg,5
5.037119e-05,1.2081887e-06,2.2703813e-05,5.4490527e-05,2.6501673e-06,0.9998591,9.492289e-06,ISIC_0024532.jpg,5
5.093035e-11,5.8814675e-07,0.9999994,1.0527135e-09,9.830873e-11,2.2914166e-10,3.9477588e-10,ISIC_0026846.jpg,2
0.00011725781,1.8772032e-06,0.0012917398,4.425124e-06,0.009301635,0.98926675,1.6305388e-05,ISIC_0033445.jpg,5
0.00013992054,4.6653906e-05,0.0006820962,0.0012373542,0.0005129823,0.9973195,6.1432576e-05,ISIC_0031058.jpg,5
0.00020579179,0.0006865322,0.13559213,2.8483713e-05,0.021308118,0.8409993,0.0011796139,ISIC_0033083.jpg,5
0.00018305921,1.5864445e-05,0.0010480339,4.0890543e-05,0.0040266477,0.99466187,2.3664521e-05,ISIC_0032558.jpg,5
2.5483369e-05,0.0017707455,0.014642873,4.1045998e-05,0.001505377,0.96144074,0.020573704,ISIC_0033250.jpg,5
8.050473e-06,1.4437275e-05,3.8124348e-05,0.00012439096,1.7270244e-05,0.99977165,2.6114747e-05,ISIC_0027630.jpg,5
4.472122e-05,8.100099e-05,0.00026472996,7.647561e-05,0.96664107,0.03287592,1.6123102e-05,ISIC_0030756.jpg,4
3.176341e-05,8.246305e-06,0.00011633121,0.00025056468,9.06092e-05,0.9994493,5.320756e-05,ISIC_0030003.jpg,5
3.416826e-06,2.9055059e-06,9.883708e-06,6.502943e-05,9.5444695e-05,0.9998161,7.257141e-06,ISIC_0028341.jpg,5
8.741319e-06,1.9383906e-05,0.00019352956,7.627892e-06,0.33209184,0.66767454,4.2682263e-06,ISIC_0027462.jpg,5
0.36392212,0.025999533,0.60596293,0.0013436343,0.0015994988,0.0005758069,0.00059652596,ISIC_0031851.jpg,2
0.0058158236,0.000417579,0.034669735,0.00028039364,0.0036913876,0.95509565,2.9325274e-05,ISIC_0024657.jpg,5
0.020693403,0.10697947,0.0056840824,0.02013959,0.00015738123,0.8455095,0.0008365524,ISIC_0028002.jpg,5
3.8900444e-07,2.0911897e-07,1.4804065e-06,5.9678982e-06,1.4776502e-06,0.9999838,6.6728194e-06,ISIC_0027111.jpg,5
0.00043385627,0.9995158,8.9754e-06,3.2724165e-06,2.7762258e-06,3.5198642e-05,1.9952066e-07,ISIC_0024448.jpg,1
0.0045114136,0.0014836554,0.9883659,7.565708e-05,0.0050055757,0.00055243133,5.3835383e-06,ISIC_0027608.jpg,2
1.290504e-05,0.00011061508,0.00016233644,2.7890044e-05,0.00011745103,0.9995442,2.4670195e-05,ISIC_0034116.jpg,5
0.0005176103,1.9501347e-05,0.003262719,0.0015191259,0.00095956743,0.99370944,1.1950212e-05,ISIC_0034231.jpg,5
2.0025782e-06,2.8003983e-06,0.00012868823,6.277107e-05,4.930866e-06,0.99976593,3.2892083e-05,ISIC_0032100.jpg,5
0.00014979938,1.0790792e-05,0.00031410754,4.872754e-05,0.00013312003,0.99933237,1.1049597e-05,ISIC_0031491.jpg,5
1.5362695e-05,3.5846876e-06,0.00040175783,7.7765554e-07,0.9984621,0.001115529,8.8412014e-07,ISIC_0032134.jpg,4
2.7957223e-05,3.965236e-05,0.00029333602,0.00019554299,0.0013714185,0.9977297,0.0003424261,ISIC_0024700.jpg,5
4.1502226e-05,0.00015194267,0.0070239124,3.988567e-05,0.99233925,0.0003980376,5.4904676e-06,ISIC_0033931.jpg,4
0.00047291897,1.5710955e-05,0.00050684373,0.634747,9.8094446e-05,0.3633368,0.0008225948,ISIC_0031280.jpg,3
7.426913e-05,4.846014e-06,0.01372356,4.3515615e-07,0.97920156,0.006994588,8.8562996e-07,ISIC_0032873.jpg,4
4.221009e-06,7.911804e-06,0.0001195826,1.2956653e-05,2.97645e-05,0.9997992,2.6349224e-05,ISIC_0030017.jpg,5
0.0018839116,0.00038605178,0.68009627,0.0003523021,0.23080266,0.086473,5.71808e-06,ISIC_0025195.jpg,2
2.3077338e-05,1.1550515e-06,0.0001577116,7.4261648e-06,0.011879764,0.9879276,3.2010469e-06,ISIC_0033501.jpg,5
0.27102804,0.00096252636,0.6414325,0.083917126,0.0015909038,0.0010560773,1.2811691e-05,ISIC_0028968.jpg,2
0.98623395,5.539308e-05,0.009872031,0.00023987147,0.0026659302,0.0009307296,2.0138843e-06,ISIC_0026992.jpg,0
1.5070026e-06,1.1106272e-06,1.4404852e-05,1.3385188e-06,7.0531634e-05,0.9998778,3.337988e-05,ISIC_0027602.jpg,5
4.084177e-05,0.00020593968,0.00801558,6.773508e-06,0.99133754,0.00039297025,3.687203e-07,ISIC_0027335.jpg,4
0.004816327,0.00018239886,0.0009129742,0.001818939,0.024516577,0.9677169,3.603813e-05,ISIC_0025043.jpg,5
0.0009876384,0.9972646,4.398885e-05,0.00044233663,1.6999758e-05,0.0012330667,1.1318784e-05,ISIC_0024454.jpg,1
0.00011964315,4.4346052e-05,0.9971585,0.0023740581,0.00020275559,8.212326e-05,1.8585248e-05,ISIC_0029741.jpg,2
0.008079635,0.0009002442,0.95795274,0.003147328,0.0028788312,0.026707176,0.0003341906,ISIC_0029674.jpg,2
1.9310507e-07,6.8924004e-07,4.4321164e-06,2.7105027e-06,1.0598752e-06,0.99998677,4.069374e-06,ISIC_0032105.jpg,5
0.00017731995,9.006037e-06,0.00083158177,4.9028145e-06,0.00041848066,0.9985469,1.18135795e-05,ISIC_0026588.jpg,5
7.377959e-05,7.256242e-05,0.0009983365,0.00018465306,0.11109197,0.8875405,3.8190447e-05,ISIC_0027693.jpg,5
0.0012812245,0.0002550004,0.14079808,2.4931207e-05,0.7792233,0.078391835,2.5550344e-05,ISIC_0026608.jpg,4
7.59949e-05,1.114002e-05,0.00017040297,9.4949886e-05,9.32369e-05,0.9995308,2.3499188e-05,ISIC_0027479.jpg,5
0.00010914951,7.572327e-05,0.0003282976,0.0002818972,0.073203124,0.92511636,0.0008854809,ISIC_0027138.jpg,5
2.4116716e-05,0.0017604979,1.1564542e-05,0.00040438137,0.00047940962,5.687261e-06,0.9973144,ISIC_0032557.jpg,6
9.792304e-06,1.9385423e-06,3.177718e-05,1.7460981e-05,0.00021256217,0.9997099,1.6555865e-05,ISIC_0029795.jpg,5
1.5998481e-05,4.4413932e-06,0.00010700626,1.9651687e-05,1.6167072e-05,0.9998318,4.940963e-06,ISIC_0024484.jpg,5
0.0010379811,5.899175e-05,0.024933271,0.0007675422,0.0004992578,0.97238797,0.00031503593,ISIC_0029078.jpg,5
0.0004382826,0.00036609717,0.0071858773,3.797571e-05,0.37557277,0.61631966,7.9305704e-05,ISIC_0034022.jpg,5
0.024941731,6.8584395e-06,0.0063830763,9.31915e-05,0.93057853,0.037993606,3.0569051e-06,ISIC_0024516.jpg,4
0.0016723895,0.0035628607,0.5035261,9.170123e-05,0.46779665,0.023339044,1.1259437e-05,ISIC_0026014.jpg,2
0.00031903913,0.0009049141,0.002049075,0.00079193036,0.008921358,0.961144,0.025869709,ISIC_0027917.jpg,5
0.00036238306,0.0005449017,0.0009740409,0.00020936722,0.0026671404,0.995195,4.7125664e-05,ISIC_0027049.jpg,5
0.00018508435,2.3511177e-06,0.006954465,7.969928e-05,0.9927651,1.3276323e-05,4.841814e-08,ISIC_0028082.jpg,4
1.2835783e-05,0.00035653546,0.000236459,0.000114082475,4.583766e-05,0.99897206,0.0002621767,ISIC_0030469.jpg,5
0.00011866364,0.0001877595,0.0019729333,2.2077707e-05,0.9388304,0.05885917,8.957445e-06,ISIC_0033287.jpg,4
0.00031068223,1.0061247e-05,0.9942093,1.3673512e-05,0.00067433,0.0047815153,4.768744e-07,ISIC_0034165.jpg,2
0.00039688518,5.3598822e-05,1.8138639e-05,0.0006171308,2.9186955e-05,0.99887615,8.911677e-06,ISIC_0031857.jpg,5
0.0017341689,2.1019374e-05,0.0006074515,0.00012037701,0.0039520706,0.9935088,5.6201643e-05,ISIC_0031299.jpg,5
0.004590719,2.651953e-05,0.014013754,0.00030154418,0.006046195,0.97498566,3.567572e-05,ISIC_0028338.jpg,5
5.3332933e-05,3.5311866e-06,0.041216988,2.9371871e-05,0.0005208781,0.9581755,3.7760182e-07,ISIC_0027578.jpg,5
9.820859e-05,9.4767065e-06,1.146366e-06,0.9778766,0.015569584,3.096433e-05,0.0064139576,ISIC_0029744.jpg,3
7.2263197e-06,6.1652563e-06,5.965593e-05,5.3067456e-06,0.00010422491,0.999801,1.6345288e-05,ISIC_0029787.jpg,5
0.00027036996,0.00033614886,0.0012456604,0.00025241685,0.0055550216,0.9894907,0.002849654,ISIC_0024776.jpg,5
6.8359004e-05,2.9740402e-05,0.004719345,0.00028036386,0.0003575142,0.9940327,0.00051200803,ISIC_0031911.jpg,5
9.691265e-07,1.3731107e-05,8.399246e-06,1.3827165e-05,0.00072778005,0.9992162,1.90595e-05,ISIC_0024460.jpg,5
1.85779e-05,1.3160513e-06,1.7697697e-05,0.00039387165,0.0001544496,0.99940956,4.5406346e-06,ISIC_0030787.jpg,5
5.608031e-08,3.0844213e-08,9.309857e-08,1.2040546e-07,4.759043e-06,0.9999949,6.157443e-08,ISIC_0033293.jpg,5
0.00034105693,1.3590081e-06,4.244858e-06,0.9759469,8.373349e-07,0.02370552,5.414575e-08,ISIC_0030940.jpg,3
0.7674345,0.019999353,0.055735976,0.15087156,0.0034891914,0.0023094853,0.00016004089,ISIC_0030387.jpg,0
4.5144527e-05,9.982728e-07,1.6379185e-05,7.6339065e-06,0.00036683993,0.99956185,1.1731697e-06,ISIC_0032340.jpg,5
6.015565e-12,9.2541415e-09,8.267738e-15,0.99999905,9.194613e-07,2.0044226e-10,5.6119167e-12,ISIC_0033626.jpg,3
0.008212209,2.1139625e-05,0.5970755,0.00040315377,0.04944997,0.3448172,2.0757754e-05,ISIC_0030683.jpg,2
0.055394705,0.00013290954,0.0015861336,2.0195776e-05,0.8741779,0.06866813,2.0128708e-05,ISIC_0032699.jpg,4
0.9998617,2.36304e-06,1.6346212e-06,1.570348e-05,0.00011776756,5.4669783e-07,2.1806215e-07,ISIC_0030133.jpg,0
0.00011705701,6.5997237e-06,0.00042365553,1.871721e-05,0.00028129484,0.9991509,1.8949539e-06,ISIC_0033974.jpg,5
7.037386e-07,1.648557e-06,5.8199744e-06,0.9999721,1.8804943e-05,1.0567233e-07,7.3096254e-07,ISIC_0026471.jpg,3
0.00047894922,1.1193686e-05,0.0018177457,1.6793363e-05,0.05863795,0.93902355,1.38827045e-05,ISIC_0025653.jpg,5
6.257718e-05,0.00017144898,0.0100678895,0.003147923,5.1425814e-05,0.9861594,0.000339452,ISIC_0031022.jpg,5
5.143756e-07,3.556193e-05,0.99985147,4.7392987e-08,3.4259904e-07,0.000111853704,1.7922585e-07,ISIC_0027006.jpg,2
0.0034650043,0.00022243167,0.24873295,0.0001588514,0.1633525,0.5836677,0.0004005537,ISIC_0034205.jpg,5
0.051797558,0.0015421427,0.08664566,0.0009428463,0.2196593,0.63937354,3.8905317e-05,ISIC_0028757.jpg,5
4.800443e-07,4.924204e-09,6.0238905e-05,1.3960296e-09,0.9999194,1.9916411e-05,1.8953383e-09,ISIC_0033728.jpg,4
9.1320777e-07,5.24945e-07,3.88393e-08,4.3090336e-07,1.3325488e-05,0.99998474,5.245644e-08,ISIC_0027305.jpg,5
9.969168e-05,0.0010750829,0.058302183,0.0012238306,0.0008329699,0.9369411,0.0015251663,ISIC_0027657.jpg,5
0.401849,0.0090423925,0.04159806,0.015208345,0.12569411,0.40627465,0.00033340135,ISIC_0026787.jpg,5
0.0012806964,0.0002918995,0.7309423,0.0004512611,0.005807127,0.26122016,6.5886693e-06,ISIC_0028592.jpg,2
0.99998796,6.0963447e-07,2.2448628e-06,7.286763e-06,2.8751893e-07,1.6656065e-06,2.9762173e-09,ISIC_0028659.jpg,0
0.00012977769,0.0009902929,0.009889892,0.0012493682,5.9305712e-05,0.98748696,0.00019444316,ISIC_0025109.jpg,5
9.857992e-06,6.419868e-07,0.001538312,1.9743858e-07,0.984171,0.014279836,1.8624779e-07,ISIC_0032630.jpg,4
5.6663976e-06,1.7196021e-07,0.00039672718,6.762243e-07,0.00107107,0.9985252,5.6567785e-07,ISIC_0033283.jpg,5
9.033737e-06,1.0278687e-05,5.0865947e-05,0.00029561546,0.0001894649,0.9994388,5.939755e-06,ISIC_0024668.jpg,5
4.878336e-05,6.2705774e-05,0.00084342476,2.2244862e-05,0.0014051786,0.9976037,1.3968858e-05,ISIC_0032670.jpg,5
0.005315747,0.013923952,0.5528102,0.026067369,0.0014893092,0.39585808,0.0045353933,ISIC_0027611.jpg,2
0.0044586402,7.3015726e-05,0.06049708,7.1486015e-06,0.93333524,0.0016269196,1.9864337e-06,ISIC_0027163.jpg,4
0.018562628,0.0010180171,0.013709635,0.0003262422,0.025274238,0.94108695,2.2360002e-05,ISIC_0025127.jpg,5
9.552568e-06,7.89886e-05,2.3768394e-05,1.6115078e-05,2.4046414e-05,0.99976736,8.0197686e-05,ISIC_0030948.jpg,5
0.00048524752,0.0005396557,0.021104304,0.0011573044,0.4195634,0.55691236,0.000237734,ISIC_0033537.jpg,5
1.30809285e-05,2.3183484e-05,0.0002810733,8.634962e-05,0.0030182097,0.9964463,0.00013182902,ISIC_0031080.jpg,5
0.0010641023,0.00024950877,0.022366587,0.17587464,0.00010993982,0.7998766,0.00045861016,ISIC_0029784.jpg,5
0.00012329574,0.00017449934,0.003502806,0.0010709962,0.00050761626,0.9942199,0.00040094904,ISIC_0030836.jpg,5
0.008479396,0.00023310236,0.012769364,0.0029931834,0.0010505138,0.9744139,6.0607254e-05,ISIC_0025734.jpg,5
5.441841e-07,2.5993566e-07,3.7837356e-06,2.4572869e-06,9.345596e-05,0.99988806,1.1349155e-05,ISIC_0029037.jpg,5
9.4939805e-06,2.2098611e-06,1.0938453e-05,6.613386e-05,2.0241176e-05,0.9998809,1.0012964e-05,ISIC_0031124.jpg,5
1.8529832e-06,1.5138861e-06,9.385301e-06,3.6473943e-05,2.4837072e-06,0.9999081,4.018621e-05,ISIC_0029283.jpg,5
3.6133915e-05,5.4443524e-07,7.964817e-05,1.844688e-05,7.0906276e-06,0.9998574,6.3711303e-07,ISIC_0031367.jpg,5
4.051181e-06,3.4424954e-07,9.329912e-06,5.0641165e-06,0.00010433178,0.9998759,1.0118029e-06,ISIC_0025658.jpg,5
0.037296697,0.0036566516,0.12563446,0.0008993179,0.083442055,0.7489437,0.00012714481,ISIC_0028051.jpg,5
1.04929e-05,0.00011399069,0.00033102915,0.002176255,6.407215e-05,0.9954685,0.0018356481,ISIC_0028359.jpg,5
0.100942485,0.013675262,0.09274569,0.02306446,0.004999153,0.764489,8.404937e-05,ISIC_0025926.jpg,5
2.1237665e-06,2.4446153e-06,4.827831e-06,4.9033464e-05,3.508999e-05,0.99989927,7.232491e-06,ISIC_0025864.jpg,5
2.408351e-06,2.069444e-05,0.12545273,5.6737654e-06,0.0002411134,0.87026215,0.004015299,ISIC_0029113.jpg,5
0.008971384,2.2777787e-05,0.0009984729,0.0005678501,7.47882e-05,0.98936075,3.893195e-06,ISIC_0031909.jpg,5
0.00015522607,0.005965045,0.0152619975,4.1205254e-05,0.026413541,0.9519615,0.00020146604,ISIC_0029854.jpg,5
0.00032793128,2.2560418e-05,0.00013404767,0.00015343732,0.00033316406,0.9989177,0.00011117596,ISIC_0033233.jpg,5
0.00020806471,0.0001307295,0.00041446416,0.00048547986,0.0052571865,0.98920083,0.0043032216,ISIC_0028724.jpg,5
0.002305519,6.565727e-05,0.0006744612,0.0013137968,0.00032623307,0.99528116,3.3208464e-05,ISIC_0031534.jpg,5
6.8459076e-06,7.646141e-06,7.39577e-06,9.487762e-05,5.5930355e-05,0.9998241,3.2286991e-06,ISIC_0027364.jpg,5
5.489846e-05,0.0005895694,0.6856781,0.00012374853,0.016806198,0.29670393,4.35639e-05,ISIC_0033643.jpg,2
4.4063694e-05,5.1392115e-05,9.703248e-05,6.386881e-05,8.3836414e-05,0.9996476,1.22484225e-05,ISIC_0026184.jpg,5
2.5684716e-05,4.080729e-06,0.0025459998,2.35409e-06,0.99667525,0.0007465201,1.6626608e-07,ISIC_0029319.jpg,4
0.9006467,0.0027283758,0.002463417,0.08107844,0.00096394296,0.012101306,1.7768863e-05,ISIC_0029915.jpg,0
3.6781956e-05,2.87065e-05,0.00015723318,0.000121891375,0.99950075,0.00015298552,1.6034837e-06,ISIC_0033942.jpg,4
1.1798882e-05,3.4522616e-06,0.00027190096,1.8747105e-05,0.11879032,0.8808714,3.2287975e-05,ISIC_0024317.jpg,5
1.0507807e-05,7.559468e-07,0.00018612643,4.0082327e-06,0.0018322028,0.9979595,6.9663306e-06,ISIC_0033544.jpg,5
2.6430605e-06,2.8775344e-06,8.123793e-05,6.532897e-06,1.4104169e-05,0.99988425,8.315424e-06,ISIC_0027914.jpg,5
1.2031218e-05,9.582678e-06,0.00021585336,0.0002545155,2.8955874e-05,0.99836296,0.0011159471,ISIC_0026515.jpg,5
2.3673458e-05,8.6353924e-07,1.5121449e-05,5.492584e-06,4.5252073e-05,0.9999012,8.407408e-06,ISIC_0030596.jpg,5
0.0027764635,3.0419214e-05,0.002592499,0.010236487,0.061028372,0.92333335,2.4291141e-06,ISIC_0033444.jpg,5
1.2365503e-05,1.6242161e-06,8.4316725e-06,6.471387e-06,0.004550371,0.9954139,6.7112587e-06,ISIC_0031997.jpg,5
0.0003100762,0.00010475991,0.0010615163,0.016287554,0.017902477,0.9637995,0.00053409237,ISIC_0025415.jpg,5
0.005733768,0.00074676564,0.9296508,0.05631347,2.576539e-05,0.0075276615,1.7569489e-06,ISIC_0028913.jpg,2
0.00034854046,0.0001220088,0.0044730566,0.00012161383,0.0035120859,0.99134773,7.502191e-05,ISIC_0032595.jpg,5
6.5378794e-05,4.2985124e-05,0.0039044234,0.00020098795,0.0009784875,0.9943593,0.00044828362,ISIC_0029910.jpg,5
0.00010757046,0.0009019611,0.7343887,7.6482844e-05,0.14106382,0.12331504,0.00014643974,ISIC_0025778.jpg,2
2.4259896e-06,1.4166064e-06,9.617741e-06,5.2243045e-06,4.9241677e-05,0.9999167,1.53581e-05,ISIC_0030530.jpg,5
0.00038947494,2.843673e-05,0.9207116,8.770506e-05,0.0007320729,0.07804958,1.2282129e-06,ISIC_0027244.jpg,2
0.0029970668,3.9920258e-07,1.767122e-06,0.9969512,3.345427e-07,4.9202936e-05,1.0881451e-08,ISIC_0027295.jpg,3
0.00010064841,8.262186e-05,0.9617046,0.00025210515,0.00014650878,0.037711766,1.741621e-06,ISIC_0030088.jpg,2
2.2038694e-07,8.080893e-07,3.954832e-05,9.1453185e-06,1.3344421e-05,0.9999025,3.436539e-05,ISIC_0024687.jpg,5
0.0013476866,0.00089844473,0.0054184604,0.0007924839,0.025482839,0.9632727,0.0027874091,ISIC_0027821.jpg,5
2.2130405e-05,1.9305005e-05,0.004787285,1.36613635e-05,0.07263953,0.92248213,3.597574e-05,ISIC_0033186.jpg,5
7.165306e-07,4.8404786e-08,1.3653218e-05,7.1783193e-06,0.00011869754,0.9998597,7.1612995e-08,ISIC_0024611.jpg,5
0.003987573,0.0002526407,0.98129565,0.0011846368,0.0008358794,0.012442767,7.9447653e-07,ISIC_0025485.jpg,2
0.00020369551,1.9357707e-05,0.002798827,2.76744e-05,0.060175672,0.9364585,0.00031627243,ISIC_0026834.jpg,5
7.450854e-06,0.00011767723,9.21776e-05,6.9389054e-05,0.00018846401,0.999416,0.00010888378,ISIC_0033214.jpg,5
0.0012836535,0.00018110256,0.0005612142,9.409968e-05,0.00354234,0.9943175,2.0117535e-05,ISIC_0024969.jpg,5
0.35576776,4.5755958e-05,0.076351285,2.2173137e-05,0.56756085,0.00025211708,6.247054e-08,ISIC_0030191.jpg,4
1.5727783e-05,1.2731507e-06,0.00013710123,4.837409e-06,2.791241e-05,0.99978894,2.4165902e-05,ISIC_0029274.jpg,5
4.7157027e-05,0.00054951187,8.284647e-05,1.9434345e-05,0.00028079038,0.9989839,3.6340836e-05,ISIC_0025563.jpg,5
9.987283e-07,4.3095014e-07,2.1108788e-06,1.3977867e-06,2.3797402e-05,0.9999646,6.5818645e-06,ISIC_0030449.jpg,5
1.211227e-05,3.293097e-05,0.000102978745,0.00012898371,2.17555e-05,0.99953413,0.00016718208,ISIC_0029090.jpg,5
0.0001304876,2.9656976e-05,0.00022099103,0.00010652058,8.852909e-05,0.99941516,8.725057e-06,ISIC_0030886.jpg,5
0.99986243,4.074026e-05,1.2801118e-05,8.095564e-05,2.5855798e-06,1.6969224e-07,3.5468565e-07,ISIC_0032356.jpg,0
6.666293e-05,2.0413372e-06,0.020847073,3.5941415e-05,0.017071806,0.9619753,1.2801337e-06,ISIC_0033821.jpg,5
1.769232e-05,1.5997313e-05,0.00072977424,2.8561515e-05,0.0003790842,0.9988211,7.85877e-06,ISIC_0025429.jpg,5
0.02664808,0.0009338147,0.023908837,0.019414738,0.00019699908,0.9287156,0.00018194415,ISIC_0029763.jpg,5
5.3529373e-05,0.00017713675,0.0006598193,0.00018396994,0.11795965,0.8809433,2.2615734e-05,ISIC_0033004.jpg,5
0.014804325,0.00034608657,0.00027358753,0.20205604,1.7744135e-06,0.78251576,2.4712895e-06,ISIC_0028588.jpg,5
4.2452648e-05,1.1509487e-05,0.00022147966,7.430095e-05,9.21347e-05,0.99953127,2.6820093e-05,ISIC_0030934.jpg,5
2.008847e-07,5.5971645e-07,2.7165174e-06,1.6664692e-06,3.767695e-05,0.9999546,2.5297604e-06,ISIC_0029587.jpg,5
0.00031419535,1.8063734e-05,0.0051482054,0.000106525375,0.0004115241,0.993986,1.5523234e-05,ISIC_0026712.jpg,5
0.00034915985,3.3658365e-05,0.00031855176,0.0005130656,0.9978649,0.00088737044,3.3358046e-05,ISIC_0024865.jpg,4
4.137769e-06,6.6556436e-06,9.2594164e-05,1.7168855e-05,0.014868485,0.9850021,8.883645e-06,ISIC_0032801.jpg,5
0.00074188045,0.0011184016,0.07191979,9.819695e-06,0.914788,0.011421003,1.1335717e-06,ISIC_0025973.jpg,4
3.191078e-05,5.201827e-05,9.795083e-05,2.4638686e-05,0.00425754,0.99535674,0.00017921803,ISIC_0032926.jpg,5
1.3582919e-06,6.607216e-07,8.08771e-06,4.1529534e-06,0.00040529843,0.99957997,4.495763e-07,ISIC_0032453.jpg,5
1.6369997e-05,2.2407101e-05,0.891517,2.7465014e-05,0.003072214,0.10533277,1.1646711e-05,ISIC_0030698.jpg,2
0.00029095836,0.027792478,0.5694714,8.084393e-05,0.39291948,0.009430973,1.3754803e-05,ISIC_0032629.jpg,2
9.771421e-05,3.796486e-05,0.0019080432,0.0011991318,0.0031456796,0.99354607,6.536104e-05,ISIC_0028136.jpg,5
3.8267076e-06,1.146052e-06,1.1145039e-05,2.1955116e-06,0.00022771608,0.99971694,3.7030786e-05,ISIC_0028067.jpg,5
1.4541151e-05,5.2734313e-06,0.00047760244,0.0004775626,0.000118870186,0.9988838,2.2386184e-05,ISIC_0026379.jpg,5
1.8556728e-05,4.1592816e-06,0.00047806292,7.8704594e-05,0.00077443133,0.99854666,9.9428755e-05,ISIC_0031859.jpg,5
0.00015386226,0.0001842402,0.0027180458,0.0010748205,0.00013738695,0.95086604,0.04486559,ISIC_0028639.jpg,5
5.868906e-05,7.07302e-06,7.2942756e-05,7.31191e-05,0.00052917266,0.9992176,4.13635e-05,ISIC_0025765.jpg,5
1.7024166e-05,2.2164939e-05,0.9776274,3.696826e-07,0.020580353,0.0017517264,1.0716951e-06,ISIC_0034167.jpg,2
0.00022969507,0.00024068507,7.539003e-05,0.00029273485,0.00084297865,0.99826056,5.7872818e-05,ISIC_0030912.jpg,5
5.7605433e-07,3.3696757e-08,0.00012328556,3.4682422e-08,0.99985087,2.5244868e-05,1.0562657e-09,ISIC_0032447.jpg,4
0.00053159904,0.00014275445,0.48726436,0.00041355653,0.5024097,0.009235293,2.6947796e-06,ISIC_0031900.jpg,4
8.180762e-06,0.0002909606,0.9996289,1.199808e-05,1.779756e-05,3.521186e-05,6.8907584e-06,ISIC_0028411.jpg,2
7.912568e-06,1.9825595e-06,0.00053030404,5.817408e-05,0.00014098652,0.99916756,9.3155024e-05,ISIC_0025325.jpg,5
0.00010160801,9.573957e-06,0.0004684136,1.8305434e-05,0.00036508468,0.9990289,8.102423e-06,ISIC_0028853.jpg,5
0.0019318324,0.0010997627,0.0034106444,0.008273529,0.13268743,0.85252374,7.312209e-05,ISIC_0028445.jpg,5
8.3408725e-07,1.2201733e-06,2.3850362e-06,4.931961e-06,2.3628034e-05,0.99995935,7.683559e-06,ISIC_0029400.jpg,5
6.9761387e-07,1.140265e-06,7.686981e-07,6.0901566e-06,1.271895e-06,0.99998856,1.3934307e-06,ISIC_0026375.jpg,5
1.8562403e-05,6.489161e-05,0.0013018971,0.00018802994,0.026209392,9.073369e-06,0.9722082,ISIC_0033061.jpg,6
3.0471947e-06,2.087038e-05,3.43709e-05,1.0181552e-05,1.05137e-05,8.021489e-05,0.99984074,ISIC_0025707.jpg,6
0.0049998597,2.0058853e-05,0.06072549,0.548507,0.00075050554,0.38498116,1.5931786e-05,ISIC_0030272.jpg,3
0.708128,0.00012905976,0.0005052593,0.007880193,0.0038375081,0.27946877,5.1202067e-05,ISIC_0031315.jpg,0
4.1509387e-07,1.9833061e-07,7.560827e-06,1.125374e-06,0.99993145,5.7586898e-05,1.7647876e-06,ISIC_0029558.jpg,4
3.5316862e-06,1.4600349e-06,3.553933e-05,1.5659452e-06,0.0021612311,0.99778855,8.105077e-06,ISIC_0028918.jpg,5
1.540566e-06,1.5368768e-06,2.8320339e-05,1.2765293e-05,0.00066062505,0.9992518,4.342512e-05,ISIC_0029971.jpg,5
0.0048792814,0.0027648865,0.7660363,0.003029616,0.02564708,0.19716276,0.00048016294,ISIC_0032893.jpg,2
0.00014595737,7.5291186e-06,0.00014758341,0.00018718437,0.428648,0.5708442,1.954153e-05,ISIC_0033291.jpg,5
3.9030233e-06,2.1452509e-07,4.194223e-06,4.2796314e-06,0.013059218,0.98692465,3.581356e-06,ISIC_0030593.jpg,5
5.5201426e-06,1.6433363e-05,2.4480645e-05,0.00043186563,0.010693324,0.98881286,1.5530808e-05,ISIC_0031405.jpg,5
3.3581844e-06,0.0073590633,0.99237096,3.8749015e-08,3.0437945e-05,0.00023428867,1.7415637e-06,ISIC_0029872.jpg,2
2.370752e-05,1.2791174e-05,0.00013666096,0.00107686,5.3833137e-05,0.9981925,0.00050364423,ISIC_0028433.jpg,5
5.412547e-06,0.0011583965,0.00018440078,4.2948603e-05,0.00020525498,0.9850028,0.013400759,ISIC_0025152.jpg,5
0.0002905903,8.6325694e-05,0.0001086617,6.5462737e-06,0.004929912,0.99456596,1.2017795e-05,ISIC_0026094.jpg,5
4.233996e-06,0.00014361102,6.800675e-05,2.048129e-05,7.1242335e-05,0.99968135,1.1124011e-05,ISIC_0029335.jpg,5
1.5266725e-05,3.3800445e-06,0.0008397705,1.8275789e-06,0.0026714879,0.9964664,1.9052646e-06,ISIC_0032633.jpg,5
7.264698e-05,3.7197628e-05,0.00013571337,0.0003892693,0.0017650443,0.9975625,3.7616082e-05,ISIC_0025170.jpg,5
1.965957e-05,3.43432e-06,7.61939e-05,4.2115844e-05,0.9991327,0.0007085576,1.7394872e-05,ISIC_0033560.jpg,4
0.0001556228,0.0014598658,0.9942778,0.0005181528,6.363328e-05,0.0032952828,0.00022969858,ISIC_0031624.jpg,2
0.002609073,3.48838e-06,0.001977304,0.0028107283,0.0071567087,0.9854417,1.060395e-06,ISIC_0027959.jpg,5
3.6582044e-06,4.694939e-06,2.7237384e-05,2.2221475e-05,1.11887375e-05,0.9999155,1.5653828e-05,ISIC_0028058.jpg,5
0.009036133,0.98234403,0.0012757272,0.0015791515,0.001080584,0.0045989756,8.5445405e-05,ISIC_0028928.jpg,1
0.0010095306,9.802872e-06,0.008072987,0.00037601893,9.331935e-05,0.9904357,2.6046464e-06,ISIC_0027495.jpg,5
0.12620687,0.76819587,0.08949698,0.010398829,0.0030739834,0.0014548051,0.0011726603,ISIC_0027865.jpg,1
1.6362617e-05,0.9999622,2.4587592e-07,6.3436073e-06,3.0814072e-06,1.1526898e-05,2.192479e-07,ISIC_0029917.jpg,1
5.556876e-06,1.6036727e-06,1.1320589e-05,6.108855e-05,1.0065159e-05,0.9999026,7.915255e-06,ISIC_0026025.jpg,5
2.4865707e-05,0.00021109423,0.00033731342,0.00013959422,0.0020481946,0.9971386,0.00010038519,ISIC_0028247.jpg,5
2.965892e-05,0.0013381819,0.9980071,1.7165193e-06,0.0006180937,5.0253707e-06,9.165605e-08,ISIC_0034175.jpg,2
7.738508e-05,0.000103235965,0.00043224092,0.00016285438,0.00025488017,0.998946,2.3384755e-05,ISIC_0032347.jpg,5
0.008412788,4.0835566e-05,5.4211414e-06,0.0004873947,0.00034404165,0.9907031,6.402925e-06,ISIC_0034213.jpg,5
1.1216729e-06,6.030443e-06,2.6090622e-06,7.667028e-06,2.7091084e-05,0.9999523,3.139405e-06,ISIC_0029815.jpg,5
3.173059e-05,1.8094379e-05,4.9835082e-05,0.00010291561,7.806771e-05,0.9996942,2.51415e-05,ISIC_0024775.jpg,5
2.5774703e-05,9.062495e-06,0.0007450314,6.6948246e-06,0.0019352888,0.99727553,2.7227081e-06,ISIC_0030626.jpg,5
7.889109e-05,0.00012884765,7.086321e-05,0.00047864858,0.00015324139,0.9987865,0.000303088,ISIC_0025952.jpg,5
4.02714e-06,3.1057898e-06,0.00022513581,5.0290646e-06,0.00040981398,0.99932206,3.0871754e-05,ISIC_0033743.jpg,5
4.7261048e-05,0.99779415,3.3349446e-05,0.00014931397,2.1106454e-05,0.0019152949,3.9608058e-05,ISIC_0031169.jpg,1
8.353596e-06,8.172452e-06,0.0004212527,0.00038447196,0.00011053685,0.99884975,0.00021737008,ISIC_0026880.jpg,5
1.2111966e-06,5.7044036e-07,1.3310331e-05,2.6720263e-06,4.699682e-05,0.9999329,2.3851255e-06,ISIC_0025241.jpg,5
1.3644895e-05,0.002138402,1.3745206e-06,4.8946244e-05,2.5628322e-06,0.99770194,9.3013245e-05,ISIC_0031483.jpg,5
0.9990351,9.6906464e-05,0.00013176902,0.0007314413,9.5002304e-07,3.3309552e-06,5.1731126e-07,ISIC_0027958.jpg,0
0.00012668746,0.0005844662,0.0023463347,1.7663959e-05,0.014525987,0.98229045,0.00010845932,ISIC_0027798.jpg,5
8.054776e-06,0.00011025803,0.06361781,1.9964996e-06,0.010178643,0.92607903,4.1560816e-06,ISIC_0032807.jpg,5
4.160036e-05,0.0002655669,0.000726158,0.00033857595,0.00018290008,0.998156,0.00028925904,ISIC_0028590.jpg,5
0.000802155,0.0035502184,0.0055571874,0.005682468,0.42736542,0.55533254,0.001709959,ISIC_0033374.jpg,5
0.0007509305,8.211946e-06,0.00012923426,0.0005392921,0.00066205487,0.99790716,3.2339033e-06,ISIC_0029079.jpg,5
0.00826293,0.9854571,0.0054004667,0.0005160942,5.8914287e-05,0.00027871173,2.5751473e-05,ISIC_0024345.jpg,1
2.7939726e-05,1.0613243e-05,0.0009142455,0.00023337493,5.9061258e-05,0.99872404,3.0718522e-05,ISIC_0028164.jpg,5
0.9999589,1.8941924e-08,3.0551044e-09,3.5493155e-08,4.103294e-05,1.1954978e-08,2.8598084e-09,ISIC_0033705.jpg,0
0.043702316,0.0054818825,0.60115194,0.26184472,0.071216196,0.01644796,0.00015492937,ISIC_0033084.jpg,2
4.0021664e-06,0.0007136672,0.9992679,4.2567612e-07,7.844686e-06,2.72795e-06,3.51081e-06,ISIC_0032111.jpg,2
7.753448e-07,2.1809474e-07,2.9656328e-05,8.688005e-07,0.0006798729,0.9992847,3.955448e-06,ISIC_0025447.jpg,5
0.00040431006,0.9989766,9.4730945e-05,2.4866265e-06,0.00042643017,8.9444395e-05,6.0814755e-06,ISIC_0025601.jpg,1
1.2292244e-06,1.1230557e-06,1.6783963e-05,9.6292e-07,0.0017814755,0.99819714,1.3544906e-06,ISIC_0033220.jpg,5
2.3319315e-06,3.3461276e-06,6.677497e-05,4.4984236e-06,9.085418e-06,0.99991345,4.5553034e-07,ISIC_0031269.jpg,5
4.2700674e-05,1.7723276e-06,3.4547294e-05,1.3229818e-05,8.172889e-05,0.99982136,4.6430573e-06,ISIC_0026413.jpg,5
0.004119188,0.02868262,0.96442443,0.00023839973,0.00043545006,0.0020982767,1.6896352e-06,ISIC_0034072.jpg,2
5.7981226e-05,1.5153424e-06,0.00018569587,8.565483e-07,0.96122557,0.03851528,1.30799535e-05,ISIC_0033985.jpg,4
4.892851e-05,3.127676e-05,0.001775338,0.0010721791,7.280058e-05,0.9968803,0.00011922972,ISIC_0025861.jpg,5
0.000257504,5.812377e-05,0.009040948,0.98722816,0.0027971915,0.00046535503,0.00015273494,ISIC_0033891.jpg,3
3.238238e-05,1.3254457e-06,1.7614106e-05,1.1181866e-05,4.393047e-05,0.9998925,1.0211616e-06,ISIC_0028139.jpg,5
1.0818131e-05,5.5016626e-06,0.0006369305,1.2060714e-06,0.025480462,0.973853,1.2131086e-05,ISIC_0034154.jpg,5
1.7186454e-06,1.1829804e-05,1.7017202e-05,8.1046215e-05,8.218496e-06,0.99977237,0.00010786574,ISIC_0029622.jpg,5
1.4929368e-05,3.6598135e-06,5.9598853e-05,3.3081466e-05,1.042227e-05,0.99986696,1.1241317e-05,ISIC_0029765.jpg,5
0.01534633,0.0038269407,0.63660234,0.017677344,0.0094192615,0.31686187,0.0002660251,ISIC_0027606.jpg,2
0.0004105317,2.5104455e-05,0.0015746763,3.4641536e-05,0.09903099,0.89890003,2.4062452e-05,ISIC_0026131.jpg,5
3.6605115e-06,2.9808261e-06,0.0003705731,2.8631915e-05,0.0038981591,0.99569523,7.929067e-07,ISIC_0033011.jpg,5
0.9999471,5.2759596e-08,3.041929e-08,2.745279e-07,5.253179e-05,5.1687156e-08,4.0756742e-10,ISIC_0026194.jpg,0
3.355256e-06,4.710562e-06,8.092813e-06,1.7313192e-05,2.9889031e-06,0.99994075,2.2721697e-05,ISIC_0026110.jpg,5
8.8075256e-05,1.2215772e-05,0.0002522584,5.5007604e-05,0.0015789398,0.9979855,2.799222e-05,ISIC_0034250.jpg,5
3.0454192e-05,1.0578452e-05,0.0005076931,4.529395e-05,0.07349284,0.92589307,2.0109766e-05,ISIC_0032764.jpg,5
3.6333706e-06,3.8006503e-06,4.732685e-06,0.00016360026,3.361317e-05,0.9997681,2.2494125e-05,ISIC_0026325.jpg,5
1.0615472e-05,2.235168e-05,5.491247e-05,6.2531e-05,5.3655724e-05,0.99978596,9.905585e-06,ISIC_0030569.jpg,5
1.2399985e-08,1.5448943e-05,0.9999844,1.2160443e-09,3.9550212e-08,6.896055e-08,1.3203625e-07,ISIC_0029048.jpg,2
7.484117e-05,1.5967904e-05,0.0005333399,0.00022520663,3.0390258e-05,0.99897313,0.00014717459,ISIC_0027199.jpg,5
0.011834045,0.00027576802,0.9729293,0.005353135,0.004111944,0.0054795584,1.6283593e-05,ISIC_0030839.jpg,2
5.0420335e-06,0.99978966,4.1018714e-07,9.0334737e-07,4.5747493e-06,0.00019911746,1.8079011e-07,ISIC_0033579.jpg,1
1.7050263e-07,7.1072924e-07,1.1885727e-05,1.0135641e-06,4.220444e-05,0.9999404,3.4954107e-06,ISIC_0028112.jpg,5
1.5453146e-05,1.6483121e-06,9.524122e-06,3.5625024e-05,5.1357893e-05,0.9998816,4.7208787e-06,ISIC_0027363.jpg,5
1.0567672e-06,7.630568e-06,5.2855094e-06,1.9204039e-05,7.4606473e-06,0.9999311,2.8224556e-05,ISIC_0026813.jpg,5
0.002360034,0.00041205142,0.49409008,8.7464156e-05,0.493614,0.009420189,1.6110816e-05,ISIC_0028881.jpg,2
0.00071908045,0.91672355,0.0003348582,4.7654008e-05,0.00027847028,0.081794314,0.00010213981,ISIC_0028035.jpg,1
0.0007392478,8.145374e-05,0.0064390316,0.006876902,0.003737734,0.982028,9.7631295e-05,ISIC_0025143.jpg,5
0.00043602654,0.98060936,0.018781796,3.5923658e-06,0.00015328832,1.4928446e-05,9.2755573e-07,ISIC_0026433.jpg,1
1.7553491e-06,6.735036e-07,1.0408757e-05,7.086306e-06,9.357783e-05,0.999879,7.5102425e-06,ISIC_0026814.jpg,5
0.00058956066,0.00011790504,0.008870735,6.558731e-05,0.001690587,0.9886432,2.2362594e-05,ISIC_0032634.jpg,5
7.469812e-06,8.2756287e-07,9.0500704e-05,1.4077164e-05,3.1978838e-05,0.99984837,6.8071427e-06,ISIC_0026394.jpg,5
1.6838303e-05,8.2559404e-07,0.00013088553,1.33645e-05,0.0022741978,0.997561,2.9845266e-06,ISIC_0029920.jpg,5
0.9999826,8.268324e-08,2.7426356e-06,8.466478e-06,2.724195e-06,3.323216e-06,6.0023836e-10,ISIC_0025247.jpg,0
0.0026153466,0.28984138,0.0004301044,0.00066056073,0.00046611184,0.70591635,7.0108304e-05,ISIC_0033203.jpg,5
2.3829895e-07,1.2880906e-06,1.5727837e-06,1.1950772e-06,2.8277752e-06,0.9999902,2.581948e-06,ISIC_0029426.jpg,5
3.2176245e-05,9.971191e-07,0.0005113448,6.114113e-05,0.0002742524,0.9991097,1.0454349e-05,ISIC_0029293.jpg,5
0.0021663131,0.00010537543,0.0003361633,0.0022633027,0.00038330726,0.99472946,1.5957949e-05,ISIC_0033461.jpg,5
0.0021754378,0.00056715467,0.7247578,8.9952984e-05,0.1603444,0.11206184,3.416906e-06,ISIC_0032870.jpg,2
1.9769726e-05,1.1784588e-06,0.00011256241,2.2519893e-05,0.002311018,0.9975228,1.02168815e-05,ISIC_0030979.jpg,5
4.3184487e-09,4.0855953e-06,0.999995,9.3603396e-11,2.7074583e-08,4.02781e-09,9.025201e-07,ISIC_0034291.jpg,2
1.18493745e-05,1.3047664e-06,8.243268e-05,3.7406073e-05,5.7737703e-05,0.99978787,2.1426773e-05,ISIC_0029173.jpg,5
1.0301038e-05,0.00032896193,0.99539006,0.00031726813,8.9014124e-05,0.003861162,3.149598e-06,ISIC_0027435.jpg,2
0.00028292346,0.0004911322,0.4693645,0.00025090022,0.36312932,0.16645825,2.3008675e-05,ISIC_0031746.jpg,2
3.2068587e-05,1.3448004e-05,5.7995214e-05,0.0002135252,0.00017888214,0.999483,2.1118683e-05,ISIC_0029186.jpg,5
0.00033936976,0.00044451127,0.0034919332,0.0015103937,0.011944159,0.9821644,0.00010525936,ISIC_0029393.jpg,5
0.0024069676,9.127737e-05,0.99739265,5.8038822e-06,2.1412026e-05,8.179594e-05,1.3027675e-07,ISIC_0033677.jpg,2
6.4707947e-06,1.0161748e-06,0.00043841335,3.884638e-06,0.999003,0.0005457167,1.5200061e-06,ISIC_0028325.jpg,4
0.000733338,0.0001651473,0.014932051,3.3884233e-05,0.5896511,0.39441767,6.6775065e-05,ISIC_0029945.jpg,4
0.00038062036,0.00043937674,0.9583019,0.036016565,0.0010506269,0.0037507745,6.0085087e-05,ISIC_0031253.jpg,2
8.275052e-07,9.059563e-06,0.0001288494,8.054377e-06,0.00029964812,0.9994041,0.00014941377,ISIC_0025619.jpg,5
1.1341627e-06,1.6595227e-08,0.9994236,2.4109912e-07,0.00031589819,0.00025906687,2.3498192e-09,ISIC_0033449.jpg,2
0.999244,0.00014910813,7.420122e-05,0.00036167682,0.00014953493,2.1576267e-05,6.219484e-08,ISIC_0028611.jpg,0
0.066235825,0.24439754,0.32845902,0.01970072,0.1490145,0.19005178,0.002140615,ISIC_0027282.jpg,2
0.00010209987,5.763256e-06,0.013172156,0.0002654684,0.09091311,0.8955131,2.8213632e-05,ISIC_0029397.jpg,5
0.28039622,0.15510507,0.12517528,0.10362381,0.30066657,0.0348345,0.00019854034,ISIC_0027786.jpg,4
0.00010987665,0.00012776144,0.00031579492,2.92151e-05,0.0038182246,0.99541914,0.0001799484,ISIC_0033832.jpg,5
2.2295594e-06,1.6038773e-06,3.4030407e-05,3.848999e-06,7.188669e-06,0.99994814,3.0175952e-06,ISIC_0024629.jpg,5
0.0016829,0.008969759,0.050281312,0.00042952146,0.04483256,0.89375675,4.7281825e-05,ISIC_0028688.jpg,5
1.18223355e-07,7.2155996e-07,1.3419331e-06,8.834817e-06,0.0005092892,0.99947864,1.0963658e-06,ISIC_0024936.jpg,5
5.7782886e-06,8.359884e-06,0.0001243117,3.0715946e-05,0.0003612562,0.9994549,1.4631979e-05,ISIC_0030234.jpg,5
