2025-07-23 23:45:06 - AutoML - INFO - === AutoML Pipeline Logging Initialized ===
2025-07-23 23:45:06 - AutoML - INFO - Random seed set to 42 for reproducibility
2025-07-23 23:45:06 - AutoML - INFO - Initializing AutoML Pipeline...
2025-07-23 23:45:06 - AutoML.DataManager - INFO - Initialized DataManager for emotions dataset
2025-07-23 23:45:06 - AutoML.ModelFactory - INFO - ModelFactory initialized for emotions: 7 classes, 1 channels, 48x48 images
2025-07-23 23:45:06 - AutoML.ModelFactory - INFO - Strategic models available: ['resnet18', 'resnet34', 'efficientnet_b0', 'efficientnet_b1', 'convnext_tiny', 'mobilenetv3_large_100', 'densenet121']
2025-07-23 23:45:06 - AutoML - INFO - Using GPU: NVIDIA GeForce RTX 3060 Laptop GPU (6.4GB)
2025-07-23 23:45:06 - AutoML.Trainer - INFO - Trainer initialized - Device: cuda
2025-07-23 23:45:06 - AutoML.Trainer - INFO - Max epochs: 50, Min epochs: 5
2025-07-23 23:45:06 - AutoML.BudgetManager - INFO - BudgetManager initialized:
2025-07-23 23:45:06 - AutoML.BudgetManager - INFO -   Total budget: 24.0 hours
2025-07-23 23:45:06 - AutoML.BudgetManager - INFO -   Architecture search: 16.8 hours (70%)
2025-07-23 23:45:06 - AutoML.BudgetManager - INFO -   Final training: 4.8 hours (20%)
2025-07-23 23:45:06 - AutoML.BudgetManager - INFO -   Buffer: 2.4 hours (10%)
2025-07-23 23:45:06 - AutoML.ComparativeEarlyStopping - INFO - ComparativeEarlyStopping initialized with confidence=0.8
2025-07-23 23:45:06 - AutoML.ComparativeEarlyStopping - INFO - Decision weights: {'statistical_significance': 0.35, 'performance_gap': 0.25, 'learning_trend': 0.25, 'resource_efficiency': 0.15}
2025-07-23 23:45:06 - AutoML.MetaHPOSelector - INFO - MetaHPOSelector initialized with context-aware selection
2025-07-23 23:45:06 - AutoML.Pipeline - INFO - === AutoML Pipeline Initialized ===
2025-07-23 23:45:06 - AutoML.Pipeline - INFO - Configuration: emotions dataset
2025-07-23 23:45:06 - AutoML.Pipeline - INFO - Time budget: 24.0 hours
2025-07-23 23:45:06 - AutoML.Pipeline - INFO - Target: 7 classes
2025-07-23 23:45:06 - AutoML - INFO - Starting AutoML execution...
2025-07-23 23:45:06 - AutoML.Pipeline - INFO - Starting AutoML Pipeline Execution
2025-07-23 23:45:06 - AutoML.Pipeline - INFO - === Phase 1: Dataset Analysis and Preparation ===
2025-07-23 23:45:06 - AutoML.DataManager - INFO - Setting up emotions datasets...
2025-07-23 23:45:06 - AutoML.DatasetCharacteristics - INFO - Analyzing emotions dataset characteristics...
2025-07-23 23:45:07 - AutoML - INFO - emotions dataset analysis completed in 1.32 seconds
2025-07-23 23:45:07 - AutoML.DatasetCharacteristics - INFO - Dataset analysis complete: 1000 samples analyzed
2025-07-23 23:45:07 - AutoML.DatasetCharacteristics - INFO - Complexity score: 1.00/10
2025-07-23 23:52:54 - AutoML.DataManager - INFO - Created stratified split: 22967 train, 5742 validation
2025-07-23 23:52:54 - AutoML.DataManager - INFO - Data splits - Train: 22967, Val: 5742, Test: 7178
2025-07-23 23:52:54 - AutoML - INFO - emotions dataset setup completed in 7.81 minutes
2025-07-23 23:52:54 - AutoML.Pipeline - INFO - Dataset Analysis Complete:
2025-07-23 23:52:54 - AutoML.Pipeline - INFO -   Name: emotions
2025-07-23 23:52:54 - AutoML.Pipeline - INFO -   Samples: 28,709
2025-07-23 23:52:54 - AutoML.Pipeline - INFO -   Classes: 7
2025-07-23 23:52:54 - AutoML.Pipeline - INFO -   Image size: 48x48x1
2025-07-23 23:52:54 - AutoML.Pipeline - INFO -   Complexity: 1.0/10
2025-07-23 23:52:54 - AutoML.Pipeline - INFO -   Memory per sample: 0.009 MB
2025-07-23 23:52:54 - AutoML - INFO - Dataset preparation completed in 7.81 minutes
2025-07-23 23:52:54 - AutoML.Pipeline - INFO - === Phase 2: Architecture Selection and Budget Allocation ===
2025-07-23 23:52:54 - AutoML.Pipeline - INFO - Selected architectures: ['resnet18', 'efficientnet_b0', 'convnext_tiny', 'densenet121']
2025-07-23 23:52:54 - AutoML.ComparativeEarlyStopping - INFO - Registered architecture: resnet18
2025-07-23 23:52:54 - AutoML.ComparativeEarlyStopping - INFO - Registered architecture: efficientnet_b0
2025-07-23 23:52:54 - AutoML.ComparativeEarlyStopping - INFO - Registered architecture: convnext_tiny
2025-07-23 23:52:54 - AutoML.ComparativeEarlyStopping - INFO - Registered architecture: densenet121
2025-07-23 23:52:54 - AutoML.BudgetManager - INFO - Initial allocation: 4.20h and 3.2GB per architecture
2025-07-23 23:52:54 - AutoML.BudgetManager - INFO - Execution started with 4 architectures
2025-07-23 23:52:54 - AutoML.BudgetManager - INFO - Architecture queue: ['resnet18', 'efficientnet_b0', 'convnext_tiny', 'densenet121']
2025-07-23 23:52:54 - AutoML - INFO - Architecture selection completed in 0.01 seconds
2025-07-23 23:52:54 - AutoML.Pipeline - INFO - === Phase 3: Intelligent Architecture Search ===
2025-07-23 23:52:54 - AutoML.Pipeline - INFO - Creating data loaders...
2025-07-23 23:52:54 - AutoML.DataManager - INFO - Using recommended batch size: 64
2025-07-23 23:52:54 - AutoML.DataManager - INFO - Creating dataloaders - batch_size: 64, image_size: 48
2025-07-23 23:52:54 - AutoML.AugmentationFactory - INFO - Auto-selected augmentation strategy: light
2025-07-23 23:57:31 - AutoML.DataManager - INFO - Created stratified split: 22967 train, 5742 validation
2025-07-23 23:57:31 - AutoML.DataManager - INFO - DataLoaders created successfully
2025-07-23 23:57:31 - AutoML.Pipeline - INFO -   Train batches: 358
2025-07-23 23:57:31 - AutoML.Pipeline - INFO -   Validation batches: 90
2025-07-23 23:57:31 - AutoML.Pipeline - INFO -   Test batches: 113
2025-07-23 23:57:31 - AutoML.Pipeline - INFO - Processing architecture: resnet18
2025-07-23 23:57:31 - AutoML.BudgetManager - INFO - Started training resnet18 with 4.20h budget
2025-07-23 23:57:31 - AutoML.Pipeline - INFO - Starting HPO for resnet18
2025-07-23 23:57:31 - AutoML.MetaHPOSelector - INFO - Selecting HPO method for resnet18
2025-07-23 23:57:31 - AutoML.MetaHPOSelector - INFO -   Dataset complexity: 1.0
2025-07-23 23:57:31 - AutoML.MetaHPOSelector - INFO -   Available time: 16.7 hours
2025-07-23 23:57:31 - AutoML.MetaHPOSelector - INFO -   Search space size: 1000000
2025-07-23 23:57:31 - AutoML.MetaHPOSelector - INFO - Selected bayesian_optimization for resnet18
2025-07-23 23:57:31 - AutoML.MetaHPOSelector - INFO -   Trials: 50
2025-07-23 23:57:31 - AutoML.MetaHPOSelector - INFO -   Timeout: 48162s
2025-07-23 23:57:31 - AutoML.HPO.bayesian_optimization - INFO - Starting Bayesian Optimization for resnet18
2025-07-23 23:57:31 - AutoML.Trainer - INFO - Evaluating hyperparameters for resnet18: {'learning_rate': 0.00031489116479568613, 'optimizer': 'adam', 'weight_decay': 4.2079886696066345e-06, 'batch_size': 64, 'dropout_rate': 0.4956508044572318, 'pretrained': False, 'lr_scheduler': 'cosine', 'max_epochs': 25}
2025-07-23 23:57:31 - AutoML.ModelFactory - INFO - Creating resnet18 (pretrained=False, dropout=0.4956508044572318)
2025-07-23 23:57:32 - AutoML.ModelFactory - INFO - resnet18 created successfully:
2025-07-23 23:57:32 - AutoML.ModelFactory - INFO -   Parameters: 11,173,831
2025-07-23 23:57:32 - AutoML.ModelFactory - INFO -   Trainable: 11,173,831
2025-07-23 23:57:32 - AutoML.ModelFactory - INFO -   Model size: 42.62 MB
2025-07-23 23:57:32 - AutoML - INFO - resnet18 creation completed in 0.52 seconds
2025-07-24 00:05:41 - AutoML.Trainer - INFO - Epoch 5/25 - Train Acc: 0.5442, Val Acc: 0.5199, Val Loss: 1.2478, Time: 96.7s
2025-07-24 00:13:22 - AutoML.ComparativeEarlyStopping - INFO - Early stopping evaluation for resnet18:
2025-07-24 00:13:22 - AutoML.ComparativeEarlyStopping - INFO -   Decision scores: {'statistical_significance': 0.0, 'performance_gap': 0.0, 'learning_trend': 0.2, 'resource_efficiency': 0.0}
2025-07-24 00:13:22 - AutoML.ComparativeEarlyStopping - INFO -   Final score: 0.050
2025-07-24 00:13:22 - AutoML.ComparativeEarlyStopping - INFO -   Decision: CONTINUE
2025-07-24 00:13:22 - AutoML.Trainer - INFO - Epoch 10/25 - Train Acc: 0.7119, Val Acc: 0.5493, Val Loss: 1.2694, Time: 90.3s
2025-07-24 00:14:50 - AutoML.ComparativeEarlyStopping - INFO - Early stopping evaluation for resnet18:
2025-07-24 00:14:50 - AutoML.ComparativeEarlyStopping - INFO -   Decision scores: {'statistical_significance': 0.0, 'performance_gap': 0.0, 'learning_trend': 0.2, 'resource_efficiency': 0.0}
2025-07-24 00:14:50 - AutoML.ComparativeEarlyStopping - INFO -   Final score: 0.050
2025-07-24 00:14:50 - AutoML.ComparativeEarlyStopping - INFO -   Decision: CONTINUE
2025-07-24 00:16:19 - AutoML.ComparativeEarlyStopping - INFO - Early stopping evaluation for resnet18:
2025-07-24 00:16:19 - AutoML.ComparativeEarlyStopping - INFO -   Decision scores: {'statistical_significance': 0.0, 'performance_gap': 0.0, 'learning_trend': 0.2, 'resource_efficiency': 0.0}
2025-07-24 00:16:19 - AutoML.ComparativeEarlyStopping - INFO -   Final score: 0.050
2025-07-24 00:16:19 - AutoML.ComparativeEarlyStopping - INFO -   Decision: CONTINUE
2025-07-24 00:17:45 - AutoML.ComparativeEarlyStopping - INFO - Early stopping evaluation for resnet18:
2025-07-24 00:17:45 - AutoML.ComparativeEarlyStopping - INFO -   Decision scores: {'statistical_significance': 0.0, 'performance_gap': 0.0, 'learning_trend': 0.2, 'resource_efficiency': 0.0}
2025-07-24 00:17:45 - AutoML.ComparativeEarlyStopping - INFO -   Final score: 0.050
2025-07-24 00:17:45 - AutoML.ComparativeEarlyStopping - INFO -   Decision: CONTINUE
2025-07-24 00:19:10 - AutoML.ComparativeEarlyStopping - INFO - Early stopping evaluation for resnet18:
2025-07-24 00:19:10 - AutoML.ComparativeEarlyStopping - INFO -   Decision scores: {'statistical_significance': 0.0, 'performance_gap': 0.0, 'learning_trend': 0.2, 'resource_efficiency': 0.0}
2025-07-24 00:19:10 - AutoML.ComparativeEarlyStopping - INFO -   Final score: 0.050
2025-07-24 00:19:10 - AutoML.ComparativeEarlyStopping - INFO -   Decision: CONTINUE
2025-07-24 00:20:40 - AutoML.ComparativeEarlyStopping - INFO - Early stopping evaluation for resnet18:
2025-07-24 00:20:40 - AutoML.ComparativeEarlyStopping - INFO -   Decision scores: {'statistical_significance': 0.0, 'performance_gap': 0.0, 'learning_trend': 0.2, 'resource_efficiency': 0.0}
2025-07-24 00:20:40 - AutoML.ComparativeEarlyStopping - INFO -   Final score: 0.050
2025-07-24 00:20:40 - AutoML.ComparativeEarlyStopping - INFO -   Decision: CONTINUE
2025-07-24 00:20:40 - AutoML.Trainer - INFO - Epoch 15/25 - Train Acc: 0.8800, Val Acc: 0.5683, Val Loss: 1.5645, Time: 89.4s
2025-07-24 00:22:09 - AutoML.ComparativeEarlyStopping - INFO - Early stopping evaluation for resnet18:
2025-07-24 00:22:09 - AutoML.ComparativeEarlyStopping - INFO -   Decision scores: {'statistical_significance': 0.0, 'performance_gap': 0.0, 'learning_trend': 0.2, 'resource_efficiency': 0.0}
2025-07-24 00:22:09 - AutoML.ComparativeEarlyStopping - INFO -   Final score: 0.050
2025-07-24 00:22:09 - AutoML.ComparativeEarlyStopping - INFO -   Decision: CONTINUE
2025-07-24 00:24:41 - AutoML.ComparativeEarlyStopping - INFO - Early stopping evaluation for resnet18:
2025-07-24 00:24:41 - AutoML.ComparativeEarlyStopping - INFO -   Decision scores: {'statistical_significance': 0.0, 'performance_gap': 0.0, 'learning_trend': 0.0, 'resource_efficiency': 0.0}
2025-07-24 00:24:41 - AutoML.ComparativeEarlyStopping - INFO -   Final score: 0.000
2025-07-24 00:24:41 - AutoML.ComparativeEarlyStopping - INFO -   Decision: CONTINUE
2025-07-24 00:28:09 - AutoML.ComparativeEarlyStopping - INFO - Early stopping evaluation for resnet18:
2025-07-24 00:28:09 - AutoML.ComparativeEarlyStopping - INFO -   Decision scores: {'statistical_significance': 0.0, 'performance_gap': 0.0, 'learning_trend': 0.0, 'resource_efficiency': 0.0}
2025-07-24 00:28:09 - AutoML.ComparativeEarlyStopping - INFO -   Final score: 0.000
2025-07-24 00:28:09 - AutoML.ComparativeEarlyStopping - INFO -   Decision: CONTINUE
2025-07-24 00:29:43 - AutoML.ComparativeEarlyStopping - INFO - Early stopping evaluation for resnet18:
2025-07-24 00:29:43 - AutoML.ComparativeEarlyStopping - INFO -   Decision scores: {'statistical_significance': 0.0, 'performance_gap': 0.0, 'learning_trend': 0.0, 'resource_efficiency': 0.0}
2025-07-24 00:29:43 - AutoML.ComparativeEarlyStopping - INFO -   Final score: 0.000
2025-07-24 00:29:43 - AutoML.ComparativeEarlyStopping - INFO -   Decision: CONTINUE
2025-07-24 00:31:09 - AutoML.ComparativeEarlyStopping - INFO - Early stopping evaluation for resnet18:
2025-07-24 00:31:09 - AutoML.ComparativeEarlyStopping - INFO -   Decision scores: {'statistical_significance': 0.0, 'performance_gap': 0.0, 'learning_trend': 0.0, 'resource_efficiency': 0.0}
2025-07-24 00:31:09 - AutoML.ComparativeEarlyStopping - INFO -   Final score: 0.000
2025-07-24 00:31:09 - AutoML.ComparativeEarlyStopping - INFO -   Decision: CONTINUE
2025-07-24 00:31:09 - AutoML.Trainer - INFO - Epoch 20/25 - Train Acc: 0.9540, Val Acc: 0.5684, Val Loss: 1.8367, Time: 86.0s
2025-07-24 00:32:40 - AutoML.ComparativeEarlyStopping - INFO - Early stopping evaluation for resnet18:
2025-07-24 00:32:40 - AutoML.ComparativeEarlyStopping - INFO -   Decision scores: {'statistical_significance': 0.0, 'performance_gap': 0.0, 'learning_trend': 0.0, 'resource_efficiency': 0.0}
2025-07-24 00:32:40 - AutoML.ComparativeEarlyStopping - INFO -   Final score: 0.000
2025-07-24 00:32:40 - AutoML.ComparativeEarlyStopping - INFO -   Decision: CONTINUE
2025-07-24 00:34:08 - AutoML.ComparativeEarlyStopping - INFO - Early stopping evaluation for resnet18:
2025-07-24 00:34:08 - AutoML.ComparativeEarlyStopping - INFO -   Decision scores: {'statistical_significance': 0.0, 'performance_gap': 0.0, 'learning_trend': 0.0, 'resource_efficiency': 0.0}
2025-07-24 00:34:08 - AutoML.ComparativeEarlyStopping - INFO -   Final score: 0.000
2025-07-24 00:34:08 - AutoML.ComparativeEarlyStopping - INFO -   Decision: CONTINUE
2025-07-24 00:35:36 - AutoML.ComparativeEarlyStopping - INFO - Early stopping evaluation for resnet18:
2025-07-24 00:35:36 - AutoML.ComparativeEarlyStopping - INFO -   Decision scores: {'statistical_significance': 0.0, 'performance_gap': 0.0, 'learning_trend': 0.0, 'resource_efficiency': 0.0}
2025-07-24 00:35:36 - AutoML.ComparativeEarlyStopping - INFO -   Final score: 0.000
2025-07-24 00:35:36 - AutoML.ComparativeEarlyStopping - INFO -   Decision: CONTINUE
2025-07-24 00:37:04 - AutoML.ComparativeEarlyStopping - INFO - Early stopping evaluation for resnet18:
2025-07-24 00:37:04 - AutoML.ComparativeEarlyStopping - INFO -   Decision scores: {'statistical_significance': 0.0, 'performance_gap': 0.0, 'learning_trend': 0.0, 'resource_efficiency': 0.0}
2025-07-24 00:37:04 - AutoML.ComparativeEarlyStopping - INFO -   Final score: 0.000
2025-07-24 00:37:04 - AutoML.ComparativeEarlyStopping - INFO -   Decision: CONTINUE
2025-07-24 00:38:38 - AutoML.ComparativeEarlyStopping - INFO - Early stopping evaluation for resnet18:
2025-07-24 00:38:38 - AutoML.ComparativeEarlyStopping - INFO -   Decision scores: {'statistical_significance': 0.0, 'performance_gap': 0.0, 'learning_trend': 0.0, 'resource_efficiency': 0.0}
2025-07-24 00:38:38 - AutoML.ComparativeEarlyStopping - INFO -   Final score: 0.000
2025-07-24 00:38:38 - AutoML.ComparativeEarlyStopping - INFO -   Decision: CONTINUE
2025-07-24 00:38:38 - AutoML.Trainer - INFO - Epoch 25/25 - Train Acc: 0.9712, Val Acc: 0.5744, Val Loss: 1.8816, Time: 94.5s
2025-07-24 00:38:38 - AutoML.Trainer - INFO - Training completed for resnet18
2025-07-24 00:38:38 - AutoML.Trainer - INFO - Best validation accuracy: 0.5745
2025-07-24 00:38:38 - AutoML.Trainer - INFO - Total training time: 2466.4s
2025-07-24 00:38:38 - AutoML.Trainer - INFO - Average epoch time: 98.6s
2025-07-24 00:38:38 - AutoML.Trainer - INFO - Evaluating hyperparameters for resnet18: {'learning_rate': 0.00016480446427978953, 'optimizer': 'adam', 'weight_decay': 0.0002801635158716264, 'batch_size': 128, 'dropout_rate': 0.5496231729751094, 'pretrained': False, 'lr_scheduler': 'plateau', 'max_epochs': 25}
2025-07-24 00:38:38 - AutoML.ModelFactory - INFO - Creating resnet18 (pretrained=False, dropout=0.5496231729751094)
2025-07-24 00:38:39 - AutoML.ModelFactory - INFO - resnet18 created successfully:
2025-07-24 00:38:39 - AutoML.ModelFactory - INFO -   Parameters: 11,173,831
2025-07-24 00:38:39 - AutoML.ModelFactory - INFO -   Trainable: 11,173,831
2025-07-24 00:38:39 - AutoML.ModelFactory - INFO -   Model size: 42.62 MB
2025-07-24 00:38:39 - AutoML - INFO - resnet18 creation completed in 0.57 seconds
2025-07-24 00:46:17 - AutoML.ComparativeEarlyStopping - INFO - Early stopping evaluation for resnet18:
2025-07-24 00:46:17 - AutoML.ComparativeEarlyStopping - INFO -   Decision scores: {'statistical_significance': 0.0, 'performance_gap': 0.0, 'learning_trend': 0.0, 'resource_efficiency': 0.0}
2025-07-24 00:46:17 - AutoML.ComparativeEarlyStopping - INFO -   Final score: 0.000
2025-07-24 00:46:17 - AutoML.ComparativeEarlyStopping - INFO -   Decision: CONTINUE
2025-07-24 00:46:17 - AutoML.Trainer - INFO - Epoch 5/25 - Train Acc: 0.5295, Val Acc: 0.5188, Val Loss: 1.2669, Time: 89.9s
2025-07-24 00:47:49 - AutoML.ComparativeEarlyStopping - INFO - Early stopping evaluation for resnet18:
2025-07-24 00:47:49 - AutoML.ComparativeEarlyStopping - INFO -   Decision scores: {'statistical_significance': 0.0, 'performance_gap': 0.0, 'learning_trend': 0.0, 'resource_efficiency': 0.0}
2025-07-24 00:47:49 - AutoML.ComparativeEarlyStopping - INFO -   Final score: 0.000
2025-07-24 00:47:49 - AutoML.ComparativeEarlyStopping - INFO -   Decision: CONTINUE
2025-07-24 00:49:25 - AutoML.ComparativeEarlyStopping - INFO - Early stopping evaluation for resnet18:
2025-07-24 00:49:25 - AutoML.ComparativeEarlyStopping - INFO -   Decision scores: {'statistical_significance': 0.0, 'performance_gap': 0.0, 'learning_trend': 0.0, 'resource_efficiency': 0.0}
2025-07-24 00:49:25 - AutoML.ComparativeEarlyStopping - INFO -   Final score: 0.000
2025-07-24 00:49:25 - AutoML.ComparativeEarlyStopping - INFO -   Decision: CONTINUE
2025-07-24 00:50:54 - AutoML.ComparativeEarlyStopping - INFO - Early stopping evaluation for resnet18:
2025-07-24 00:50:54 - AutoML.ComparativeEarlyStopping - INFO -   Decision scores: {'statistical_significance': 0.0, 'performance_gap': 0.0, 'learning_trend': 0.0, 'resource_efficiency': 0.0}
2025-07-24 00:50:54 - AutoML.ComparativeEarlyStopping - INFO -   Final score: 0.000
2025-07-24 00:50:54 - AutoML.ComparativeEarlyStopping - INFO -   Decision: CONTINUE
2025-07-24 00:52:20 - AutoML.ComparativeEarlyStopping - INFO - Early stopping evaluation for resnet18:
2025-07-24 00:52:20 - AutoML.ComparativeEarlyStopping - INFO -   Decision scores: {'statistical_significance': 0.0, 'performance_gap': 0.0, 'learning_trend': 0.0, 'resource_efficiency': 0.0}
2025-07-24 00:52:20 - AutoML.ComparativeEarlyStopping - INFO -   Final score: 0.000
2025-07-24 00:52:20 - AutoML.ComparativeEarlyStopping - INFO -   Decision: CONTINUE
2025-07-24 00:53:51 - AutoML.ComparativeEarlyStopping - INFO - Early stopping evaluation for resnet18:
2025-07-24 00:53:51 - AutoML.ComparativeEarlyStopping - INFO -   Decision scores: {'statistical_significance': 0.0, 'performance_gap': 0.0, 'learning_trend': 0.0, 'resource_efficiency': 0.0}
2025-07-24 00:53:51 - AutoML.ComparativeEarlyStopping - INFO -   Final score: 0.000
2025-07-24 00:53:51 - AutoML.ComparativeEarlyStopping - INFO -   Decision: CONTINUE
2025-07-24 00:53:51 - AutoML.Trainer - INFO - Epoch 10/25 - Train Acc: 0.6770, Val Acc: 0.5406, Val Loss: 1.2605, Time: 90.7s
2025-07-24 00:55:19 - AutoML.ComparativeEarlyStopping - INFO - Early stopping evaluation for resnet18:
2025-07-24 00:55:19 - AutoML.ComparativeEarlyStopping - INFO -   Decision scores: {'statistical_significance': 0.0, 'performance_gap': 0.0, 'learning_trend': 0.0, 'resource_efficiency': 0.0}
2025-07-24 00:55:19 - AutoML.ComparativeEarlyStopping - INFO -   Final score: 0.000
2025-07-24 00:55:19 - AutoML.ComparativeEarlyStopping - INFO -   Decision: CONTINUE
2025-07-24 00:57:17 - AutoML.ComparativeEarlyStopping - INFO - Early stopping evaluation for resnet18:
2025-07-24 00:57:17 - AutoML.ComparativeEarlyStopping - INFO -   Decision scores: {'statistical_significance': 0.0, 'performance_gap': 0.0, 'learning_trend': 0.0, 'resource_efficiency': 0.0}
2025-07-24 00:57:17 - AutoML.ComparativeEarlyStopping - INFO -   Final score: 0.000
2025-07-24 00:57:17 - AutoML.ComparativeEarlyStopping - INFO -   Decision: CONTINUE
2025-07-24 00:58:46 - AutoML.ComparativeEarlyStopping - INFO - Early stopping evaluation for resnet18:
2025-07-24 00:58:46 - AutoML.ComparativeEarlyStopping - INFO -   Decision scores: {'statistical_significance': 0.0, 'performance_gap': 0.0, 'learning_trend': 0.0, 'resource_efficiency': 0.0}
2025-07-24 00:58:46 - AutoML.ComparativeEarlyStopping - INFO -   Final score: 0.000
2025-07-24 00:58:46 - AutoML.ComparativeEarlyStopping - INFO -   Decision: CONTINUE
2025-07-24 01:00:13 - AutoML.ComparativeEarlyStopping - INFO - Early stopping evaluation for resnet18:
2025-07-24 01:00:13 - AutoML.ComparativeEarlyStopping - INFO -   Decision scores: {'statistical_significance': 0.0, 'performance_gap': 0.0, 'learning_trend': 0.0, 'resource_efficiency': 0.0}
2025-07-24 01:00:13 - AutoML.ComparativeEarlyStopping - INFO -   Final score: 0.000
2025-07-24 01:00:13 - AutoML.ComparativeEarlyStopping - INFO -   Decision: CONTINUE
2025-07-24 01:01:47 - AutoML.ComparativeEarlyStopping - INFO - Early stopping evaluation for resnet18:
2025-07-24 01:01:47 - AutoML.ComparativeEarlyStopping - INFO -   Decision scores: {'statistical_significance': 0.0, 'performance_gap': 0.0, 'learning_trend': 0.0, 'resource_efficiency': 0.0}
2025-07-24 01:01:47 - AutoML.ComparativeEarlyStopping - INFO -   Final score: 0.000
2025-07-24 01:01:47 - AutoML.ComparativeEarlyStopping - INFO -   Decision: CONTINUE
2025-07-24 01:01:47 - AutoML.Trainer - INFO - Epoch 15/25 - Train Acc: 0.8464, Val Acc: 0.5519, Val Loss: 1.4787, Time: 94.0s
2025-07-24 01:03:16 - AutoML.ComparativeEarlyStopping - INFO - Early stopping evaluation for resnet18:
2025-07-24 01:03:16 - AutoML.ComparativeEarlyStopping - INFO -   Decision scores: {'statistical_significance': 0.0, 'performance_gap': 0.0, 'learning_trend': 0.0, 'resource_efficiency': 0.0}
2025-07-24 01:03:16 - AutoML.ComparativeEarlyStopping - INFO -   Final score: 0.000
2025-07-24 01:03:16 - AutoML.ComparativeEarlyStopping - INFO -   Decision: CONTINUE
2025-07-24 01:04:47 - AutoML.ComparativeEarlyStopping - INFO - Early stopping evaluation for resnet18:
2025-07-24 01:04:47 - AutoML.ComparativeEarlyStopping - INFO -   Decision scores: {'statistical_significance': 0.0, 'performance_gap': 0.0, 'learning_trend': 0.0, 'resource_efficiency': 0.0}
2025-07-24 01:04:47 - AutoML.ComparativeEarlyStopping - INFO -   Final score: 0.000
2025-07-24 01:04:47 - AutoML.ComparativeEarlyStopping - INFO -   Decision: CONTINUE
2025-07-24 01:06:19 - AutoML.ComparativeEarlyStopping - INFO - Early stopping evaluation for resnet18:
2025-07-24 01:06:19 - AutoML.ComparativeEarlyStopping - INFO -   Decision scores: {'statistical_significance': 0.0, 'performance_gap': 0.0, 'learning_trend': 0.0, 'resource_efficiency': 0.0}
2025-07-24 01:06:19 - AutoML.ComparativeEarlyStopping - INFO -   Final score: 0.000
2025-07-24 01:06:19 - AutoML.ComparativeEarlyStopping - INFO -   Decision: CONTINUE
2025-07-24 01:07:47 - AutoML.ComparativeEarlyStopping - INFO - Early stopping evaluation for resnet18:
2025-07-24 01:07:47 - AutoML.ComparativeEarlyStopping - INFO -   Decision scores: {'statistical_significance': 0.0, 'performance_gap': 0.0, 'learning_trend': 0.0, 'resource_efficiency': 0.0}
2025-07-24 01:07:47 - AutoML.ComparativeEarlyStopping - INFO -   Final score: 0.000
2025-07-24 01:07:47 - AutoML.ComparativeEarlyStopping - INFO -   Decision: CONTINUE
2025-07-24 01:09:20 - AutoML.ComparativeEarlyStopping - INFO - Early stopping evaluation for resnet18:
2025-07-24 01:09:20 - AutoML.ComparativeEarlyStopping - INFO -   Decision scores: {'statistical_significance': 0.0, 'performance_gap': 0.0, 'learning_trend': 0.0, 'resource_efficiency': 0.0}
2025-07-24 01:09:20 - AutoML.ComparativeEarlyStopping - INFO -   Final score: 0.000
2025-07-24 01:09:20 - AutoML.ComparativeEarlyStopping - INFO -   Decision: CONTINUE
2025-07-24 01:09:20 - AutoML.Trainer - INFO - Epoch 20/25 - Train Acc: 0.9272, Val Acc: 0.5590, Val Loss: 1.8210, Time: 92.7s
2025-07-24 01:10:54 - AutoML.ComparativeEarlyStopping - INFO - Early stopping evaluation for resnet18:
2025-07-24 01:10:54 - AutoML.ComparativeEarlyStopping - INFO -   Decision scores: {'statistical_significance': 0.0, 'performance_gap': 0.0, 'learning_trend': 0.0, 'resource_efficiency': 0.0}
2025-07-24 01:10:54 - AutoML.ComparativeEarlyStopping - INFO -   Final score: 0.000
2025-07-24 01:10:54 - AutoML.ComparativeEarlyStopping - INFO -   Decision: CONTINUE
2025-07-24 01:12:26 - AutoML.ComparativeEarlyStopping - INFO - Early stopping evaluation for resnet18:
2025-07-24 01:12:26 - AutoML.ComparativeEarlyStopping - INFO -   Decision scores: {'statistical_significance': 0.0, 'performance_gap': 0.0, 'learning_trend': 0.0, 'resource_efficiency': 0.0}
2025-07-24 01:12:26 - AutoML.ComparativeEarlyStopping - INFO -   Final score: 0.000
2025-07-24 01:12:26 - AutoML.ComparativeEarlyStopping - INFO -   Decision: CONTINUE
2025-07-24 01:13:59 - AutoML.ComparativeEarlyStopping - INFO - Early stopping evaluation for resnet18:
2025-07-24 01:13:59 - AutoML.ComparativeEarlyStopping - INFO -   Decision scores: {'statistical_significance': 0.0, 'performance_gap': 0.0, 'learning_trend': 0.0, 'resource_efficiency': 0.0}
2025-07-24 01:13:59 - AutoML.ComparativeEarlyStopping - INFO -   Final score: 0.000
2025-07-24 01:13:59 - AutoML.ComparativeEarlyStopping - INFO -   Decision: CONTINUE
2025-07-24 01:15:34 - AutoML.ComparativeEarlyStopping - INFO - Early stopping evaluation for resnet18:
2025-07-24 01:15:34 - AutoML.ComparativeEarlyStopping - INFO -   Decision scores: {'statistical_significance': 0.0, 'performance_gap': 0.0, 'learning_trend': 0.0, 'resource_efficiency': 0.0}
2025-07-24 01:15:34 - AutoML.ComparativeEarlyStopping - INFO -   Final score: 0.000
2025-07-24 01:15:34 - AutoML.ComparativeEarlyStopping - INFO -   Decision: CONTINUE
2025-07-24 01:17:08 - AutoML.ComparativeEarlyStopping - INFO - Early stopping evaluation for resnet18:
2025-07-24 01:17:08 - AutoML.ComparativeEarlyStopping - INFO -   Decision scores: {'statistical_significance': 0.0, 'performance_gap': 0.0, 'learning_trend': 0.0, 'resource_efficiency': 0.0}
2025-07-24 01:17:08 - AutoML.ComparativeEarlyStopping - INFO -   Final score: 0.000
2025-07-24 01:17:08 - AutoML.ComparativeEarlyStopping - INFO -   Decision: CONTINUE
2025-07-24 01:17:08 - AutoML.Trainer - INFO - Epoch 25/25 - Train Acc: 0.9650, Val Acc: 0.5613, Val Loss: 1.9990, Time: 93.5s
2025-07-24 01:17:08 - AutoML.Trainer - INFO - Training completed for resnet18
2025-07-24 01:17:08 - AutoML.Trainer - INFO - Best validation accuracy: 0.5644
2025-07-24 01:17:08 - AutoML.Trainer - INFO - Total training time: 2308.9s
2025-07-24 01:17:08 - AutoML.Trainer - INFO - Average epoch time: 92.3s
2025-07-24 01:17:08 - AutoML.Trainer - INFO - Evaluating hyperparameters for resnet18: {'learning_rate': 1.8205657658407255e-05, 'optimizer': 'sgd', 'weight_decay': 1.6536937182824424e-05, 'batch_size': 32, 'dropout_rate': 0.34662383707788913, 'pretrained': False, 'lr_scheduler': 'step', 'max_epochs': 36}
2025-07-24 01:17:08 - AutoML.ModelFactory - INFO - Creating resnet18 (pretrained=False, dropout=0.34662383707788913)
2025-07-24 01:17:08 - AutoML.ModelFactory - INFO - resnet18 created successfully:
2025-07-24 01:17:08 - AutoML.ModelFactory - INFO -   Parameters: 11,173,831
2025-07-24 01:17:08 - AutoML.ModelFactory - INFO -   Trainable: 11,173,831
2025-07-24 01:17:08 - AutoML.ModelFactory - INFO -   Model size: 42.62 MB
2025-07-24 01:17:08 - AutoML - INFO - resnet18 creation completed in 0.43 seconds
2025-07-24 01:25:47 - AutoML.ComparativeEarlyStopping - INFO - Early stopping evaluation for resnet18:
2025-07-24 01:25:47 - AutoML.ComparativeEarlyStopping - INFO -   Decision scores: {'statistical_significance': 0.0, 'performance_gap': 0.0, 'learning_trend': 0.0, 'resource_efficiency': 0.0}
2025-07-24 01:25:47 - AutoML.ComparativeEarlyStopping - INFO -   Final score: 0.000
2025-07-24 01:25:47 - AutoML.ComparativeEarlyStopping - INFO -   Decision: CONTINUE
2025-07-24 01:25:47 - AutoML.Trainer - INFO - Epoch 5/36 - Train Acc: 0.2425, Val Acc: 0.2525, Val Loss: 1.8036, Time: 155.7s
2025-07-24 01:27:30 - AutoML.ComparativeEarlyStopping - INFO - Early stopping evaluation for resnet18:
2025-07-24 01:27:30 - AutoML.ComparativeEarlyStopping - INFO -   Decision scores: {'statistical_significance': 0.0, 'performance_gap': 0.0, 'learning_trend': 0.0, 'resource_efficiency': 0.0}
2025-07-24 01:27:30 - AutoML.ComparativeEarlyStopping - INFO -   Final score: 0.000
2025-07-24 01:27:30 - AutoML.ComparativeEarlyStopping - INFO -   Decision: CONTINUE
2025-07-24 01:28:58 - AutoML.ComparativeEarlyStopping - INFO - Early stopping evaluation for resnet18:
2025-07-24 01:28:58 - AutoML.ComparativeEarlyStopping - INFO -   Decision scores: {'statistical_significance': 0.0, 'performance_gap': 0.0, 'learning_trend': 0.0, 'resource_efficiency': 0.0}
2025-07-24 01:28:58 - AutoML.ComparativeEarlyStopping - INFO -   Final score: 0.000
2025-07-24 01:28:58 - AutoML.ComparativeEarlyStopping - INFO -   Decision: CONTINUE
2025-07-24 01:30:30 - AutoML.ComparativeEarlyStopping - INFO - Early stopping evaluation for resnet18:
2025-07-24 01:30:30 - AutoML.ComparativeEarlyStopping - INFO -   Decision scores: {'statistical_significance': 0.0, 'performance_gap': 0.0, 'learning_trend': 0.0, 'resource_efficiency': 0.0}
2025-07-24 01:30:30 - AutoML.ComparativeEarlyStopping - INFO -   Final score: 0.000
2025-07-24 01:30:30 - AutoML.ComparativeEarlyStopping - INFO -   Decision: CONTINUE
2025-07-24 01:32:02 - AutoML.ComparativeEarlyStopping - INFO - Early stopping evaluation for resnet18:
2025-07-24 01:32:02 - AutoML.ComparativeEarlyStopping - INFO -   Decision scores: {'statistical_significance': 0.0, 'performance_gap': 0.0, 'learning_trend': 0.0, 'resource_efficiency': 0.0}
2025-07-24 01:32:02 - AutoML.ComparativeEarlyStopping - INFO -   Final score: 0.000
2025-07-24 01:32:02 - AutoML.ComparativeEarlyStopping - INFO -   Decision: CONTINUE
2025-07-24 01:33:30 - AutoML.ComparativeEarlyStopping - INFO - Early stopping evaluation for resnet18:
2025-07-24 01:33:30 - AutoML.ComparativeEarlyStopping - INFO -   Decision scores: {'statistical_significance': 0.0, 'performance_gap': 0.0, 'learning_trend': 0.0, 'resource_efficiency': 0.0}
2025-07-24 01:33:30 - AutoML.ComparativeEarlyStopping - INFO -   Final score: 0.000
2025-07-24 01:33:30 - AutoML.ComparativeEarlyStopping - INFO -   Decision: CONTINUE
2025-07-24 01:33:30 - AutoML.Trainer - INFO - Epoch 10/36 - Train Acc: 0.2464, Val Acc: 0.2598, Val Loss: 1.7838, Time: 88.7s
2025-07-24 01:34:58 - AutoML.ComparativeEarlyStopping - INFO - Early stopping evaluation for resnet18:
2025-07-24 01:34:58 - AutoML.ComparativeEarlyStopping - INFO -   Decision scores: {'statistical_significance': 0.0, 'performance_gap': 0.0, 'learning_trend': 0.0, 'resource_efficiency': 0.0}
2025-07-24 01:34:58 - AutoML.ComparativeEarlyStopping - INFO -   Final score: 0.000
2025-07-24 01:34:58 - AutoML.ComparativeEarlyStopping - INFO -   Decision: CONTINUE
2025-07-24 01:36:28 - AutoML.ComparativeEarlyStopping - INFO - Early stopping evaluation for resnet18:
2025-07-24 01:36:28 - AutoML.ComparativeEarlyStopping - INFO -   Decision scores: {'statistical_significance': 0.0, 'performance_gap': 0.0, 'learning_trend': 0.2, 'resource_efficiency': 0.0}
2025-07-24 01:36:28 - AutoML.ComparativeEarlyStopping - INFO -   Final score: 0.050
2025-07-24 01:36:28 - AutoML.ComparativeEarlyStopping - INFO -   Decision: CONTINUE
2025-07-24 01:38:02 - AutoML.ComparativeEarlyStopping - INFO - Early stopping evaluation for resnet18:
2025-07-24 01:38:02 - AutoML.ComparativeEarlyStopping - INFO -   Decision scores: {'statistical_significance': 0.0, 'performance_gap': 0.0, 'learning_trend': 0.2, 'resource_efficiency': 0.0}
2025-07-24 01:38:02 - AutoML.ComparativeEarlyStopping - INFO -   Final score: 0.050
2025-07-24 01:38:02 - AutoML.ComparativeEarlyStopping - INFO -   Decision: CONTINUE
2025-07-24 01:39:30 - AutoML.ComparativeEarlyStopping - INFO - Early stopping evaluation for resnet18:
2025-07-24 01:39:30 - AutoML.ComparativeEarlyStopping - INFO -   Decision scores: {'statistical_significance': 0.0, 'performance_gap': 0.0, 'learning_trend': 0.2, 'resource_efficiency': 0.0}
2025-07-24 01:39:30 - AutoML.ComparativeEarlyStopping - INFO -   Final score: 0.050
2025-07-24 01:39:30 - AutoML.ComparativeEarlyStopping - INFO -   Decision: CONTINUE
2025-07-24 01:40:59 - AutoML.ComparativeEarlyStopping - INFO - Early stopping evaluation for resnet18:
2025-07-24 01:40:59 - AutoML.ComparativeEarlyStopping - INFO -   Decision scores: {'statistical_significance': 0.0, 'performance_gap': 0.0, 'learning_trend': 0.2, 'resource_efficiency': 0.0}
2025-07-24 01:40:59 - AutoML.ComparativeEarlyStopping - INFO -   Final score: 0.050
2025-07-24 01:40:59 - AutoML.ComparativeEarlyStopping - INFO -   Decision: CONTINUE
2025-07-24 01:40:59 - AutoML.Trainer - INFO - Epoch 15/36 - Train Acc: 0.2509, Val Acc: 0.2611, Val Loss: 1.7822, Time: 89.3s
2025-07-24 01:42:30 - AutoML.ComparativeEarlyStopping - INFO - Early stopping evaluation for resnet18:
2025-07-24 01:42:30 - AutoML.ComparativeEarlyStopping - INFO -   Decision scores: {'statistical_significance': 0.0, 'performance_gap': 0.0, 'learning_trend': 0.0, 'resource_efficiency': 0.0}
2025-07-24 01:42:30 - AutoML.ComparativeEarlyStopping - INFO -   Final score: 0.000
2025-07-24 01:42:30 - AutoML.ComparativeEarlyStopping - INFO -   Decision: CONTINUE
2025-07-24 01:44:00 - AutoML.ComparativeEarlyStopping - INFO - Early stopping evaluation for resnet18:
2025-07-24 01:44:00 - AutoML.ComparativeEarlyStopping - INFO -   Decision scores: {'statistical_significance': 0.0, 'performance_gap': 0.0, 'learning_trend': 0.0, 'resource_efficiency': 0.0}
2025-07-24 01:44:00 - AutoML.ComparativeEarlyStopping - INFO -   Final score: 0.000
2025-07-24 01:44:00 - AutoML.ComparativeEarlyStopping - INFO -   Decision: CONTINUE
2025-07-24 01:45:32 - AutoML.ComparativeEarlyStopping - INFO - Early stopping evaluation for resnet18:
2025-07-24 01:45:32 - AutoML.ComparativeEarlyStopping - INFO -   Decision scores: {'statistical_significance': 0.0, 'performance_gap': 0.0, 'learning_trend': 0.0, 'resource_efficiency': 0.0}
2025-07-24 01:45:32 - AutoML.ComparativeEarlyStopping - INFO -   Final score: 0.000
2025-07-24 01:45:32 - AutoML.ComparativeEarlyStopping - INFO -   Decision: CONTINUE
2025-07-24 01:47:02 - AutoML.ComparativeEarlyStopping - INFO - Early stopping evaluation for resnet18:
2025-07-24 01:47:02 - AutoML.ComparativeEarlyStopping - INFO -   Decision scores: {'statistical_significance': 0.0, 'performance_gap': 0.0, 'learning_trend': 0.0, 'resource_efficiency': 0.0}
2025-07-24 01:47:02 - AutoML.ComparativeEarlyStopping - INFO -   Final score: 0.000
2025-07-24 01:47:02 - AutoML.ComparativeEarlyStopping - INFO -   Decision: CONTINUE
2025-07-24 01:48:30 - AutoML.ComparativeEarlyStopping - INFO - Early stopping evaluation for resnet18:
2025-07-24 01:48:30 - AutoML.ComparativeEarlyStopping - INFO -   Decision scores: {'statistical_significance': 0.0, 'performance_gap': 0.0, 'learning_trend': 0.0, 'resource_efficiency': 0.0}
2025-07-24 01:48:30 - AutoML.ComparativeEarlyStopping - INFO -   Final score: 0.000
2025-07-24 01:48:30 - AutoML.ComparativeEarlyStopping - INFO -   Decision: CONTINUE
2025-07-24 01:48:30 - AutoML.Trainer - INFO - Epoch 20/36 - Train Acc: 0.2515, Val Acc: 0.2616, Val Loss: 1.7814, Time: 88.3s
2025-07-24 01:49:59 - AutoML.ComparativeEarlyStopping - INFO - Early stopping evaluation for resnet18:
2025-07-24 01:49:59 - AutoML.ComparativeEarlyStopping - INFO -   Decision scores: {'statistical_significance': 0.0, 'performance_gap': 0.0, 'learning_trend': 0.0, 'resource_efficiency': 0.0}
2025-07-24 01:49:59 - AutoML.ComparativeEarlyStopping - INFO -   Final score: 0.000
2025-07-24 01:49:59 - AutoML.ComparativeEarlyStopping - INFO -   Decision: CONTINUE
2025-07-24 01:51:30 - AutoML.ComparativeEarlyStopping - INFO - Early stopping evaluation for resnet18:
2025-07-24 01:51:30 - AutoML.ComparativeEarlyStopping - INFO -   Decision scores: {'statistical_significance': 0.0, 'performance_gap': 0.0, 'learning_trend': 0.0, 'resource_efficiency': 0.0}
2025-07-24 01:51:30 - AutoML.ComparativeEarlyStopping - INFO -   Final score: 0.000
2025-07-24 01:51:30 - AutoML.ComparativeEarlyStopping - INFO -   Decision: CONTINUE
2025-07-24 01:53:02 - AutoML.ComparativeEarlyStopping - INFO - Early stopping evaluation for resnet18:
2025-07-24 01:53:02 - AutoML.ComparativeEarlyStopping - INFO -   Decision scores: {'statistical_significance': 0.0, 'performance_gap': 0.0, 'learning_trend': 0.0, 'resource_efficiency': 0.0}
2025-07-24 01:53:02 - AutoML.ComparativeEarlyStopping - INFO -   Final score: 0.000
2025-07-24 01:53:02 - AutoML.ComparativeEarlyStopping - INFO -   Decision: CONTINUE
2025-07-24 01:54:30 - AutoML.ComparativeEarlyStopping - INFO - Early stopping evaluation for resnet18:
2025-07-24 01:54:30 - AutoML.ComparativeEarlyStopping - INFO -   Decision scores: {'statistical_significance': 0.0, 'performance_gap': 0.0, 'learning_trend': 0.3, 'resource_efficiency': 0.0}
2025-07-24 01:54:30 - AutoML.ComparativeEarlyStopping - INFO -   Final score: 0.075
2025-07-24 01:54:30 - AutoML.ComparativeEarlyStopping - INFO -   Decision: CONTINUE
2025-07-24 01:55:58 - AutoML.ComparativeEarlyStopping - INFO - Early stopping evaluation for resnet18:
2025-07-24 01:55:58 - AutoML.ComparativeEarlyStopping - INFO -   Decision scores: {'statistical_significance': 0.0, 'performance_gap': 0.0, 'learning_trend': 0.3, 'resource_efficiency': 0.0}
2025-07-24 01:55:58 - AutoML.ComparativeEarlyStopping - INFO -   Final score: 0.075
2025-07-24 01:55:58 - AutoML.ComparativeEarlyStopping - INFO -   Decision: CONTINUE
2025-07-24 01:55:58 - AutoML.Trainer - INFO - Epoch 25/36 - Train Acc: 0.2532, Val Acc: 0.2612, Val Loss: 1.7813, Time: 88.2s
2025-07-24 01:57:29 - AutoML.ComparativeEarlyStopping - INFO - Early stopping evaluation for resnet18:
2025-07-24 01:57:29 - AutoML.ComparativeEarlyStopping - INFO -   Decision scores: {'statistical_significance': 0.0, 'performance_gap': 0.0, 'learning_trend': 0.3, 'resource_efficiency': 0.0}
2025-07-24 01:57:29 - AutoML.ComparativeEarlyStopping - INFO -   Final score: 0.075
2025-07-24 01:57:29 - AutoML.ComparativeEarlyStopping - INFO -   Decision: CONTINUE
2025-07-24 01:58:57 - AutoML.ComparativeEarlyStopping - INFO - Early stopping evaluation for resnet18:
2025-07-24 01:58:57 - AutoML.ComparativeEarlyStopping - INFO -   Decision scores: {'statistical_significance': 0.0, 'performance_gap': 0.0, 'learning_trend': 0.5, 'resource_efficiency': 0.0}
2025-07-24 01:58:57 - AutoML.ComparativeEarlyStopping - INFO -   Final score: 0.125
2025-07-24 01:58:57 - AutoML.ComparativeEarlyStopping - INFO -   Decision: CONTINUE
2025-07-24 02:00:29 - AutoML.ComparativeEarlyStopping - INFO - Early stopping evaluation for resnet18:
2025-07-24 02:00:29 - AutoML.ComparativeEarlyStopping - INFO -   Decision scores: {'statistical_significance': 0.0, 'performance_gap': 0.0, 'learning_trend': 0.5, 'resource_efficiency': 0.0}
2025-07-24 02:00:29 - AutoML.ComparativeEarlyStopping - INFO -   Final score: 0.125
2025-07-24 02:00:29 - AutoML.ComparativeEarlyStopping - INFO -   Decision: CONTINUE
2025-07-24 02:01:57 - AutoML.ComparativeEarlyStopping - INFO - Early stopping evaluation for resnet18:
2025-07-24 02:01:57 - AutoML.ComparativeEarlyStopping - INFO -   Decision scores: {'statistical_significance': 0.0, 'performance_gap': 0.0, 'learning_trend': 0.3, 'resource_efficiency': 0.0}
2025-07-24 02:01:57 - AutoML.ComparativeEarlyStopping - INFO -   Final score: 0.075
2025-07-24 02:01:57 - AutoML.ComparativeEarlyStopping - INFO -   Decision: CONTINUE
2025-07-24 02:03:27 - AutoML.ComparativeEarlyStopping - INFO - Early stopping evaluation for resnet18:
2025-07-24 02:03:27 - AutoML.ComparativeEarlyStopping - INFO -   Decision scores: {'statistical_significance': 0.0, 'performance_gap': 0.0, 'learning_trend': 0.3, 'resource_efficiency': 0.0}
2025-07-24 02:03:27 - AutoML.ComparativeEarlyStopping - INFO -   Final score: 0.075
2025-07-24 02:03:27 - AutoML.ComparativeEarlyStopping - INFO -   Decision: CONTINUE
2025-07-24 02:03:27 - AutoML.Trainer - INFO - Epoch 30/36 - Train Acc: 0.2538, Val Acc: 0.2609, Val Loss: 1.7808, Time: 89.8s
2025-07-24 02:04:54 - AutoML.ComparativeEarlyStopping - INFO - Early stopping evaluation for resnet18:
2025-07-24 02:04:54 - AutoML.ComparativeEarlyStopping - INFO -   Decision scores: {'statistical_significance': 0.0, 'performance_gap': 0.0, 'learning_trend': 0.7, 'resource_efficiency': 0.0}
2025-07-24 02:04:54 - AutoML.ComparativeEarlyStopping - INFO -   Final score: 0.175
2025-07-24 02:04:54 - AutoML.ComparativeEarlyStopping - INFO -   Decision: CONTINUE
2025-07-24 02:06:25 - AutoML.ComparativeEarlyStopping - INFO - Early stopping evaluation for resnet18:
2025-07-24 02:06:25 - AutoML.ComparativeEarlyStopping - INFO -   Decision scores: {'statistical_significance': 0.0, 'performance_gap': 0.0, 'learning_trend': 0.4, 'resource_efficiency': 0.0}
2025-07-24 02:06:25 - AutoML.ComparativeEarlyStopping - INFO -   Final score: 0.100
2025-07-24 02:06:25 - AutoML.ComparativeEarlyStopping - INFO -   Decision: CONTINUE
2025-07-24 02:07:54 - AutoML.ComparativeEarlyStopping - INFO - Early stopping evaluation for resnet18:
2025-07-24 02:07:54 - AutoML.ComparativeEarlyStopping - INFO -   Decision scores: {'statistical_significance': 0.0, 'performance_gap': 0.0, 'learning_trend': 0.4, 'resource_efficiency': 0.0}
2025-07-24 02:07:54 - AutoML.ComparativeEarlyStopping - INFO -   Final score: 0.100
2025-07-24 02:07:54 - AutoML.ComparativeEarlyStopping - INFO -   Decision: CONTINUE
2025-07-24 02:09:22 - AutoML.ComparativeEarlyStopping - INFO - Early stopping evaluation for resnet18:
2025-07-24 02:09:22 - AutoML.ComparativeEarlyStopping - INFO -   Decision scores: {'statistical_significance': 0.0, 'performance_gap': 0.0, 'learning_trend': 0.7, 'resource_efficiency': 0.0}
2025-07-24 02:09:22 - AutoML.ComparativeEarlyStopping - INFO -   Final score: 0.175
2025-07-24 02:09:22 - AutoML.ComparativeEarlyStopping - INFO -   Decision: CONTINUE
2025-07-24 02:10:49 - AutoML.ComparativeEarlyStopping - INFO - Early stopping evaluation for resnet18:
2025-07-24 02:10:49 - AutoML.ComparativeEarlyStopping - INFO -   Decision scores: {'statistical_significance': 0.0, 'performance_gap': 0.0, 'learning_trend': 0.3, 'resource_efficiency': 0.0}
2025-07-24 02:10:49 - AutoML.ComparativeEarlyStopping - INFO -   Final score: 0.075
2025-07-24 02:10:49 - AutoML.ComparativeEarlyStopping - INFO -   Decision: CONTINUE
2025-07-24 02:10:49 - AutoML.Trainer - INFO - Epoch 35/36 - Train Acc: 0.2531, Val Acc: 0.2602, Val Loss: 1.7808, Time: 87.0s
2025-07-24 02:12:22 - AutoML.ComparativeEarlyStopping - INFO - Early stopping evaluation for resnet18:
2025-07-24 02:12:22 - AutoML.ComparativeEarlyStopping - INFO -   Decision scores: {'statistical_significance': 0.0, 'performance_gap': 0.0, 'learning_trend': 0.3, 'resource_efficiency': 0.0}
2025-07-24 02:12:22 - AutoML.ComparativeEarlyStopping - INFO -   Final score: 0.075
2025-07-24 02:12:22 - AutoML.ComparativeEarlyStopping - INFO -   Decision: CONTINUE
2025-07-24 02:12:22 - AutoML.Trainer - INFO - Epoch 36/36 - Train Acc: 0.2522, Val Acc: 0.2614, Val Loss: 1.7807, Time: 92.4s
2025-07-24 02:12:22 - AutoML.Trainer - INFO - Training completed for resnet18
2025-07-24 02:12:22 - AutoML.Trainer - INFO - Best validation accuracy: 0.2623
2025-07-24 02:12:22 - AutoML.Trainer - INFO - Total training time: 3313.6s
2025-07-24 02:12:22 - AutoML.Trainer - INFO - Average epoch time: 92.0s
2025-07-24 02:12:22 - AutoML.Trainer - INFO - Evaluating hyperparameters for resnet18: {'learning_rate': 0.0015375920235481753, 'optimizer': 'sgd', 'weight_decay': 0.005727904470799624, 'batch_size': 64, 'dropout_rate': 0.13718800369340162, 'pretrained': False, 'lr_scheduler': 'plateau', 'max_epochs': 31}
2025-07-24 02:12:22 - AutoML.ModelFactory - INFO - Creating resnet18 (pretrained=False, dropout=0.13718800369340162)
2025-07-24 02:12:22 - AutoML.ModelFactory - INFO - resnet18 created successfully:
2025-07-24 02:12:22 - AutoML.ModelFactory - INFO -   Parameters: 11,173,831
2025-07-24 02:12:22 - AutoML.ModelFactory - INFO -   Trainable: 11,173,831
2025-07-24 02:12:22 - AutoML.ModelFactory - INFO -   Model size: 42.62 MB
2025-07-24 02:12:22 - AutoML - INFO - resnet18 creation completed in 0.45 seconds
2025-07-24 02:19:50 - AutoML.ComparativeEarlyStopping - INFO - Early stopping evaluation for resnet18:
2025-07-24 02:19:50 - AutoML.ComparativeEarlyStopping - INFO -   Decision scores: {'statistical_significance': 0.0, 'performance_gap': 0.0, 'learning_trend': 0.5, 'resource_efficiency': 0.0}
2025-07-24 02:19:50 - AutoML.ComparativeEarlyStopping - INFO -   Final score: 0.125
2025-07-24 02:19:50 - AutoML.ComparativeEarlyStopping - INFO -   Decision: CONTINUE
2025-07-24 02:19:50 - AutoML.Trainer - INFO - Epoch 5/31 - Train Acc: 0.3595, Val Acc: 0.3595, Val Loss: 1.6239, Time: 86.3s
2025-07-24 02:21:19 - AutoML.ComparativeEarlyStopping - INFO - Early stopping evaluation for resnet18:
2025-07-24 02:21:19 - AutoML.ComparativeEarlyStopping - INFO -   Decision scores: {'statistical_significance': 0.0, 'performance_gap': 0.0, 'learning_trend': 0.5, 'resource_efficiency': 0.0}
2025-07-24 02:21:19 - AutoML.ComparativeEarlyStopping - INFO -   Final score: 0.125
2025-07-24 02:21:19 - AutoML.ComparativeEarlyStopping - INFO -   Decision: CONTINUE
2025-07-24 02:23:24 - AutoML.ComparativeEarlyStopping - INFO - Early stopping evaluation for resnet18:
2025-07-24 02:23:24 - AutoML.ComparativeEarlyStopping - INFO -   Decision scores: {'statistical_significance': 0.0, 'performance_gap': 0.0, 'learning_trend': 0.5, 'resource_efficiency': 0.0}
2025-07-24 02:23:24 - AutoML.ComparativeEarlyStopping - INFO -   Final score: 0.125
2025-07-24 02:23:24 - AutoML.ComparativeEarlyStopping - INFO -   Decision: CONTINUE
2025-07-24 02:25:44 - AutoML.ComparativeEarlyStopping - INFO - Early stopping evaluation for resnet18:
2025-07-24 02:25:44 - AutoML.ComparativeEarlyStopping - INFO -   Decision scores: {'statistical_significance': 0.0, 'performance_gap': 0.0, 'learning_trend': 0.5, 'resource_efficiency': 0.0}
2025-07-24 02:25:44 - AutoML.ComparativeEarlyStopping - INFO -   Final score: 0.125
2025-07-24 02:25:44 - AutoML.ComparativeEarlyStopping - INFO -   Decision: CONTINUE
2025-07-24 02:27:18 - AutoML.ComparativeEarlyStopping - INFO - Early stopping evaluation for resnet18:
2025-07-24 02:27:18 - AutoML.ComparativeEarlyStopping - INFO -   Decision scores: {'statistical_significance': 0.0, 'performance_gap': 0.0, 'learning_trend': 0.5, 'resource_efficiency': 0.0}
2025-07-24 02:27:18 - AutoML.ComparativeEarlyStopping - INFO -   Final score: 0.125
2025-07-24 02:27:18 - AutoML.ComparativeEarlyStopping - INFO -   Decision: CONTINUE
2025-07-24 02:28:46 - AutoML.ComparativeEarlyStopping - INFO - Early stopping evaluation for resnet18:
2025-07-24 02:28:46 - AutoML.ComparativeEarlyStopping - INFO -   Decision scores: {'statistical_significance': 0.0, 'performance_gap': 0.0, 'learning_trend': 0.0, 'resource_efficiency': 0.0}
2025-07-24 02:28:46 - AutoML.ComparativeEarlyStopping - INFO -   Final score: 0.000
2025-07-24 02:28:46 - AutoML.ComparativeEarlyStopping - INFO -   Decision: CONTINUE
2025-07-24 02:28:46 - AutoML.Trainer - INFO - Epoch 10/31 - Train Acc: 0.4336, Val Acc: 0.4366, Val Loss: 1.4562, Time: 87.6s
2025-07-24 02:30:25 - AutoML.ComparativeEarlyStopping - INFO - Early stopping evaluation for resnet18:
2025-07-24 02:30:25 - AutoML.ComparativeEarlyStopping - INFO -   Decision scores: {'statistical_significance': 0.0, 'performance_gap': 0.0, 'learning_trend': 0.0, 'resource_efficiency': 0.0}
2025-07-24 02:30:25 - AutoML.ComparativeEarlyStopping - INFO -   Final score: 0.000
2025-07-24 02:30:25 - AutoML.ComparativeEarlyStopping - INFO -   Decision: CONTINUE
2025-07-24 02:31:54 - AutoML.ComparativeEarlyStopping - INFO - Early stopping evaluation for resnet18:
2025-07-24 02:31:54 - AutoML.ComparativeEarlyStopping - INFO -   Decision scores: {'statistical_significance': 0.0, 'performance_gap': 0.0, 'learning_trend': 0.0, 'resource_efficiency': 0.0}
2025-07-24 02:31:54 - AutoML.ComparativeEarlyStopping - INFO -   Final score: 0.000
2025-07-24 02:31:54 - AutoML.ComparativeEarlyStopping - INFO -   Decision: CONTINUE
2025-07-24 02:33:26 - AutoML.ComparativeEarlyStopping - INFO - Early stopping evaluation for resnet18:
2025-07-24 02:33:26 - AutoML.ComparativeEarlyStopping - INFO -   Decision scores: {'statistical_significance': 0.0, 'performance_gap': 0.0, 'learning_trend': 0.0, 'resource_efficiency': 0.0}
2025-07-24 02:33:26 - AutoML.ComparativeEarlyStopping - INFO -   Final score: 0.000
2025-07-24 02:33:26 - AutoML.ComparativeEarlyStopping - INFO -   Decision: CONTINUE
2025-07-24 02:34:54 - AutoML.ComparativeEarlyStopping - INFO - Early stopping evaluation for resnet18:
2025-07-24 02:34:54 - AutoML.ComparativeEarlyStopping - INFO -   Decision scores: {'statistical_significance': 0.0, 'performance_gap': 0.0, 'learning_trend': 0.0, 'resource_efficiency': 0.0}
2025-07-24 02:34:54 - AutoML.ComparativeEarlyStopping - INFO -   Final score: 0.000
2025-07-24 02:34:54 - AutoML.ComparativeEarlyStopping - INFO -   Decision: CONTINUE
2025-07-24 02:36:25 - AutoML.ComparativeEarlyStopping - INFO - Early stopping evaluation for resnet18:
2025-07-24 02:36:25 - AutoML.ComparativeEarlyStopping - INFO -   Decision scores: {'statistical_significance': 0.0, 'performance_gap': 0.0, 'learning_trend': 0.0, 'resource_efficiency': 0.0}
2025-07-24 02:36:25 - AutoML.ComparativeEarlyStopping - INFO -   Final score: 0.000
2025-07-24 02:36:25 - AutoML.ComparativeEarlyStopping - INFO -   Decision: CONTINUE
2025-07-24 02:36:25 - AutoML.Trainer - INFO - Epoch 15/31 - Train Acc: 0.4852, Val Acc: 0.4645, Val Loss: 1.3604, Time: 91.3s
2025-07-24 02:37:54 - AutoML.ComparativeEarlyStopping - INFO - Early stopping evaluation for resnet18:
2025-07-24 02:37:54 - AutoML.ComparativeEarlyStopping - INFO -   Decision scores: {'statistical_significance': 0.0, 'performance_gap': 0.0, 'learning_trend': 0.0, 'resource_efficiency': 0.0}
2025-07-24 02:37:54 - AutoML.ComparativeEarlyStopping - INFO -   Final score: 0.000
2025-07-24 02:37:54 - AutoML.ComparativeEarlyStopping - INFO -   Decision: CONTINUE
2025-07-24 02:39:35 - AutoML.ComparativeEarlyStopping - INFO - Early stopping evaluation for resnet18:
2025-07-24 02:39:35 - AutoML.ComparativeEarlyStopping - INFO -   Decision scores: {'statistical_significance': 0.0, 'performance_gap': 0.0, 'learning_trend': 0.0, 'resource_efficiency': 0.0}
2025-07-24 02:39:35 - AutoML.ComparativeEarlyStopping - INFO -   Final score: 0.000
2025-07-24 02:39:35 - AutoML.ComparativeEarlyStopping - INFO -   Decision: CONTINUE
2025-07-24 02:41:04 - AutoML.ComparativeEarlyStopping - INFO - Early stopping evaluation for resnet18:
2025-07-24 02:41:04 - AutoML.ComparativeEarlyStopping - INFO -   Decision scores: {'statistical_significance': 0.0, 'performance_gap': 0.0, 'learning_trend': 0.0, 'resource_efficiency': 0.0}
2025-07-24 02:41:04 - AutoML.ComparativeEarlyStopping - INFO -   Final score: 0.000
2025-07-24 02:41:04 - AutoML.ComparativeEarlyStopping - INFO -   Decision: CONTINUE
2025-07-24 02:42:34 - AutoML.ComparativeEarlyStopping - INFO - Early stopping evaluation for resnet18:
2025-07-24 02:42:34 - AutoML.ComparativeEarlyStopping - INFO -   Decision scores: {'statistical_significance': 0.0, 'performance_gap': 0.0, 'learning_trend': 0.0, 'resource_efficiency': 0.0}
2025-07-24 02:42:34 - AutoML.ComparativeEarlyStopping - INFO -   Final score: 0.000
2025-07-24 02:42:34 - AutoML.ComparativeEarlyStopping - INFO -   Decision: CONTINUE
2025-07-24 02:44:34 - AutoML.ComparativeEarlyStopping - INFO - Early stopping evaluation for resnet18:
2025-07-24 02:44:34 - AutoML.ComparativeEarlyStopping - INFO -   Decision scores: {'statistical_significance': 0.0, 'performance_gap': 0.0, 'learning_trend': 0.0, 'resource_efficiency': 0.0}
2025-07-24 02:44:34 - AutoML.ComparativeEarlyStopping - INFO -   Final score: 0.000
2025-07-24 02:44:34 - AutoML.ComparativeEarlyStopping - INFO -   Decision: CONTINUE
2025-07-24 02:44:34 - AutoML.Trainer - INFO - Epoch 20/31 - Train Acc: 0.5329, Val Acc: 0.4998, Val Loss: 1.2952, Time: 119.4s
2025-07-24 02:46:02 - AutoML.ComparativeEarlyStopping - INFO - Early stopping evaluation for resnet18:
2025-07-24 02:46:02 - AutoML.ComparativeEarlyStopping - INFO -   Decision scores: {'statistical_significance': 0.0, 'performance_gap': 0.0, 'learning_trend': 0.0, 'resource_efficiency': 0.0}
2025-07-24 02:46:02 - AutoML.ComparativeEarlyStopping - INFO -   Final score: 0.000
2025-07-24 02:46:02 - AutoML.ComparativeEarlyStopping - INFO -   Decision: CONTINUE
2025-07-24 02:47:33 - AutoML.ComparativeEarlyStopping - INFO - Early stopping evaluation for resnet18:
2025-07-24 02:47:33 - AutoML.ComparativeEarlyStopping - INFO -   Decision scores: {'statistical_significance': 0.0, 'performance_gap': 0.0, 'learning_trend': 0.0, 'resource_efficiency': 0.0}
2025-07-24 02:47:33 - AutoML.ComparativeEarlyStopping - INFO -   Final score: 0.000
2025-07-24 02:47:33 - AutoML.ComparativeEarlyStopping - INFO -   Decision: CONTINUE
2025-07-24 02:49:01 - AutoML.ComparativeEarlyStopping - INFO - Early stopping evaluation for resnet18:
2025-07-24 02:49:01 - AutoML.ComparativeEarlyStopping - INFO -   Decision scores: {'statistical_significance': 0.0, 'performance_gap': 0.0, 'learning_trend': 0.0, 'resource_efficiency': 0.0}
2025-07-24 02:49:01 - AutoML.ComparativeEarlyStopping - INFO -   Final score: 0.000
2025-07-24 02:49:01 - AutoML.ComparativeEarlyStopping - INFO -   Decision: CONTINUE
2025-07-24 02:50:33 - AutoML.ComparativeEarlyStopping - INFO - Early stopping evaluation for resnet18:
2025-07-24 02:50:33 - AutoML.ComparativeEarlyStopping - INFO -   Decision scores: {'statistical_significance': 0.0, 'performance_gap': 0.0, 'learning_trend': 0.0, 'resource_efficiency': 0.0}
2025-07-24 02:50:33 - AutoML.ComparativeEarlyStopping - INFO -   Final score: 0.000
2025-07-24 02:50:33 - AutoML.ComparativeEarlyStopping - INFO -   Decision: CONTINUE
2025-07-24 02:52:05 - AutoML.ComparativeEarlyStopping - INFO - Early stopping evaluation for resnet18:
2025-07-24 02:52:05 - AutoML.ComparativeEarlyStopping - INFO -   Decision scores: {'statistical_significance': 0.0, 'performance_gap': 0.0, 'learning_trend': 0.0, 'resource_efficiency': 0.0}
2025-07-24 02:52:05 - AutoML.ComparativeEarlyStopping - INFO -   Final score: 0.000
2025-07-24 02:52:05 - AutoML.ComparativeEarlyStopping - INFO -   Decision: CONTINUE
2025-07-24 02:52:05 - AutoML.Trainer - INFO - Epoch 25/31 - Train Acc: 0.5838, Val Acc: 0.5204, Val Loss: 1.2629, Time: 91.9s
2025-07-24 02:53:42 - AutoML.ComparativeEarlyStopping - INFO - Early stopping evaluation for resnet18:
2025-07-24 02:53:42 - AutoML.ComparativeEarlyStopping - INFO -   Decision scores: {'statistical_significance': 0.0, 'performance_gap': 0.0, 'learning_trend': 0.0, 'resource_efficiency': 0.0}
2025-07-24 02:53:42 - AutoML.ComparativeEarlyStopping - INFO -   Final score: 0.000
2025-07-24 02:53:42 - AutoML.ComparativeEarlyStopping - INFO -   Decision: CONTINUE
2025-07-24 02:55:14 - AutoML.ComparativeEarlyStopping - INFO - Early stopping evaluation for resnet18:
2025-07-24 02:55:14 - AutoML.ComparativeEarlyStopping - INFO -   Decision scores: {'statistical_significance': 0.0, 'performance_gap': 0.0, 'learning_trend': 0.0, 'resource_efficiency': 0.0}
2025-07-24 02:55:14 - AutoML.ComparativeEarlyStopping - INFO -   Final score: 0.000
2025-07-24 02:55:14 - AutoML.ComparativeEarlyStopping - INFO -   Decision: CONTINUE
2025-07-24 02:56:54 - AutoML.ComparativeEarlyStopping - INFO - Early stopping evaluation for resnet18:
2025-07-24 02:56:54 - AutoML.ComparativeEarlyStopping - INFO -   Decision scores: {'statistical_significance': 0.0, 'performance_gap': 0.0, 'learning_trend': 0.0, 'resource_efficiency': 0.0}
2025-07-24 02:56:54 - AutoML.ComparativeEarlyStopping - INFO -   Final score: 0.000
2025-07-24 02:56:54 - AutoML.ComparativeEarlyStopping - INFO -   Decision: CONTINUE
2025-07-24 02:58:22 - AutoML.ComparativeEarlyStopping - INFO - Early stopping evaluation for resnet18:
2025-07-24 02:58:22 - AutoML.ComparativeEarlyStopping - INFO -   Decision scores: {'statistical_significance': 0.0, 'performance_gap': 0.0, 'learning_trend': 0.0, 'resource_efficiency': 0.0}
2025-07-24 02:58:22 - AutoML.ComparativeEarlyStopping - INFO -   Final score: 0.000
2025-07-24 02:58:22 - AutoML.ComparativeEarlyStopping - INFO -   Decision: CONTINUE
2025-07-24 02:59:49 - AutoML.ComparativeEarlyStopping - INFO - Early stopping evaluation for resnet18:
2025-07-24 02:59:49 - AutoML.ComparativeEarlyStopping - INFO -   Decision scores: {'statistical_significance': 0.0, 'performance_gap': 0.0, 'learning_trend': 0.0, 'resource_efficiency': 0.0}
2025-07-24 02:59:49 - AutoML.ComparativeEarlyStopping - INFO -   Final score: 0.000
2025-07-24 02:59:49 - AutoML.ComparativeEarlyStopping - INFO -   Decision: CONTINUE
2025-07-24 02:59:49 - AutoML.Trainer - INFO - Epoch 30/31 - Train Acc: 0.6282, Val Acc: 0.5310, Val Loss: 1.2599, Time: 87.0s
2025-07-24 03:01:21 - AutoML.ComparativeEarlyStopping - INFO - Early stopping evaluation for resnet18:
2025-07-24 03:01:21 - AutoML.ComparativeEarlyStopping - INFO -   Decision scores: {'statistical_significance': 0.0, 'performance_gap': 0.0, 'learning_trend': 0.0, 'resource_efficiency': 0.0}
2025-07-24 03:01:21 - AutoML.ComparativeEarlyStopping - INFO -   Final score: 0.000
2025-07-24 03:01:21 - AutoML.ComparativeEarlyStopping - INFO -   Decision: CONTINUE
2025-07-24 03:01:21 - AutoML.Trainer - INFO - Epoch 31/31 - Train Acc: 0.6386, Val Acc: 0.5348, Val Loss: 1.2459, Time: 91.6s
2025-07-24 03:01:21 - AutoML.Trainer - INFO - Training completed for resnet18
2025-07-24 03:01:21 - AutoML.Trainer - INFO - Best validation accuracy: 0.5348
2025-07-24 03:01:21 - AutoML.Trainer - INFO - Total training time: 2938.7s
2025-07-24 03:01:21 - AutoML.Trainer - INFO - Average epoch time: 94.8s
2025-07-24 03:01:21 - AutoML.Trainer - INFO - Evaluating hyperparameters for resnet18: {'learning_rate': 0.000132965214572995, 'optimizer': 'adamw', 'weight_decay': 1.987021538542864e-06, 'batch_size': 16, 'dropout_rate': 0.5708229999183839, 'pretrained': False, 'lr_scheduler': 'cosine', 'max_epochs': 23}
2025-07-24 03:01:21 - AutoML.ModelFactory - INFO - Creating resnet18 (pretrained=False, dropout=0.5708229999183839)
2025-07-24 03:01:21 - AutoML.ModelFactory - INFO - resnet18 created successfully:
2025-07-24 03:01:21 - AutoML.ModelFactory - INFO -   Parameters: 11,173,831
2025-07-24 03:01:21 - AutoML.ModelFactory - INFO -   Trainable: 11,173,831
2025-07-24 03:01:21 - AutoML.ModelFactory - INFO -   Model size: 42.62 MB
2025-07-24 03:01:21 - AutoML - INFO - resnet18 creation completed in 0.43 seconds
2025-07-24 03:08:53 - AutoML.ComparativeEarlyStopping - INFO - Early stopping evaluation for resnet18:
2025-07-24 03:08:53 - AutoML.ComparativeEarlyStopping - INFO -   Decision scores: {'statistical_significance': 0.0, 'performance_gap': 0.0, 'learning_trend': 0.0, 'resource_efficiency': 0.0}
2025-07-24 03:08:53 - AutoML.ComparativeEarlyStopping - INFO -   Final score: 0.000
2025-07-24 03:08:53 - AutoML.ComparativeEarlyStopping - INFO -   Decision: CONTINUE
2025-07-24 03:08:53 - AutoML.Trainer - INFO - Epoch 5/23 - Train Acc: 0.4998, Val Acc: 0.5007, Val Loss: 1.3174, Time: 92.3s
2025-07-24 03:10:26 - AutoML.ComparativeEarlyStopping - INFO - Early stopping evaluation for resnet18:
2025-07-24 03:10:26 - AutoML.ComparativeEarlyStopping - INFO -   Decision scores: {'statistical_significance': 0.0, 'performance_gap': 0.0, 'learning_trend': 0.0, 'resource_efficiency': 0.0}
2025-07-24 03:10:26 - AutoML.ComparativeEarlyStopping - INFO -   Final score: 0.000
2025-07-24 03:10:26 - AutoML.ComparativeEarlyStopping - INFO -   Decision: CONTINUE
2025-07-24 03:11:54 - AutoML.ComparativeEarlyStopping - INFO - Early stopping evaluation for resnet18:
2025-07-24 03:11:54 - AutoML.ComparativeEarlyStopping - INFO -   Decision scores: {'statistical_significance': 0.0, 'performance_gap': 0.0, 'learning_trend': 0.0, 'resource_efficiency': 0.0}
2025-07-24 03:11:54 - AutoML.ComparativeEarlyStopping - INFO -   Final score: 0.000
2025-07-24 03:11:54 - AutoML.ComparativeEarlyStopping - INFO -   Decision: CONTINUE
2025-07-24 03:13:23 - AutoML.ComparativeEarlyStopping - INFO - Early stopping evaluation for resnet18:
2025-07-24 03:13:23 - AutoML.ComparativeEarlyStopping - INFO -   Decision scores: {'statistical_significance': 0.0, 'performance_gap': 0.0, 'learning_trend': 0.0, 'resource_efficiency': 0.0}
2025-07-24 03:13:23 - AutoML.ComparativeEarlyStopping - INFO -   Final score: 0.000
2025-07-24 03:13:23 - AutoML.ComparativeEarlyStopping - INFO -   Decision: CONTINUE
2025-07-24 03:14:51 - AutoML.ComparativeEarlyStopping - INFO - Early stopping evaluation for resnet18:
2025-07-24 03:14:51 - AutoML.ComparativeEarlyStopping - INFO -   Decision scores: {'statistical_significance': 0.0, 'performance_gap': 0.0, 'learning_trend': 0.0, 'resource_efficiency': 0.0}
2025-07-24 03:14:51 - AutoML.ComparativeEarlyStopping - INFO -   Final score: 0.000
2025-07-24 03:14:51 - AutoML.ComparativeEarlyStopping - INFO -   Decision: CONTINUE
2025-07-24 03:16:30 - AutoML.ComparativeEarlyStopping - INFO - Early stopping evaluation for resnet18:
2025-07-24 03:16:30 - AutoML.ComparativeEarlyStopping - INFO -   Decision scores: {'statistical_significance': 0.0, 'performance_gap': 0.0, 'learning_trend': 0.0, 'resource_efficiency': 0.0}
2025-07-24 03:16:30 - AutoML.ComparativeEarlyStopping - INFO -   Final score: 0.000
2025-07-24 03:16:30 - AutoML.ComparativeEarlyStopping - INFO -   Decision: CONTINUE
2025-07-24 03:16:30 - AutoML.Trainer - INFO - Epoch 10/23 - Train Acc: 0.6452, Val Acc: 0.5291, Val Loss: 1.2877, Time: 98.3s
2025-07-24 03:17:58 - AutoML.ComparativeEarlyStopping - INFO - Early stopping evaluation for resnet18:
2025-07-24 03:17:58 - AutoML.ComparativeEarlyStopping - INFO -   Decision scores: {'statistical_significance': 0.0, 'performance_gap': 0.0, 'learning_trend': 0.0, 'resource_efficiency': 0.0}
2025-07-24 03:17:58 - AutoML.ComparativeEarlyStopping - INFO -   Final score: 0.000
2025-07-24 03:17:58 - AutoML.ComparativeEarlyStopping - INFO -   Decision: CONTINUE
2025-07-24 03:19:32 - AutoML.ComparativeEarlyStopping - INFO - Early stopping evaluation for resnet18:
2025-07-24 03:19:32 - AutoML.ComparativeEarlyStopping - INFO -   Decision scores: {'statistical_significance': 0.0, 'performance_gap': 0.0, 'learning_trend': 0.0, 'resource_efficiency': 0.0}
2025-07-24 03:19:32 - AutoML.ComparativeEarlyStopping - INFO -   Final score: 0.000
2025-07-24 03:19:32 - AutoML.ComparativeEarlyStopping - INFO -   Decision: CONTINUE
2025-07-24 03:21:02 - AutoML.ComparativeEarlyStopping - INFO - Early stopping evaluation for resnet18:
2025-07-24 03:21:02 - AutoML.ComparativeEarlyStopping - INFO -   Decision scores: {'statistical_significance': 0.0, 'performance_gap': 0.0, 'learning_trend': 0.0, 'resource_efficiency': 0.0}
2025-07-24 03:21:02 - AutoML.ComparativeEarlyStopping - INFO -   Final score: 0.000
2025-07-24 03:21:02 - AutoML.ComparativeEarlyStopping - INFO -   Decision: CONTINUE
2025-07-24 03:22:34 - AutoML.ComparativeEarlyStopping - INFO - Early stopping evaluation for resnet18:
2025-07-24 03:22:34 - AutoML.ComparativeEarlyStopping - INFO -   Decision scores: {'statistical_significance': 0.0, 'performance_gap': 0.0, 'learning_trend': 0.0, 'resource_efficiency': 0.0}
2025-07-24 03:22:34 - AutoML.ComparativeEarlyStopping - INFO -   Final score: 0.000
2025-07-24 03:22:34 - AutoML.ComparativeEarlyStopping - INFO -   Decision: CONTINUE
2025-07-24 03:25:34 - AutoML.ComparativeEarlyStopping - INFO - Early stopping evaluation for resnet18:
2025-07-24 03:25:34 - AutoML.ComparativeEarlyStopping - INFO -   Decision scores: {'statistical_significance': 0.0, 'performance_gap': 0.0, 'learning_trend': 0.0, 'resource_efficiency': 0.0}
2025-07-24 03:25:34 - AutoML.ComparativeEarlyStopping - INFO -   Final score: 0.000
2025-07-24 03:25:34 - AutoML.ComparativeEarlyStopping - INFO -   Decision: CONTINUE
2025-07-24 03:25:34 - AutoML.Trainer - INFO - Epoch 15/23 - Train Acc: 0.7906, Val Acc: 0.5421, Val Loss: 1.3842, Time: 180.0s
2025-07-24 03:27:04 - AutoML.ComparativeEarlyStopping - INFO - Early stopping evaluation for resnet18:
2025-07-24 03:27:04 - AutoML.ComparativeEarlyStopping - INFO -   Decision scores: {'statistical_significance': 0.0, 'performance_gap': 0.0, 'learning_trend': 0.0, 'resource_efficiency': 0.0}
2025-07-24 03:27:04 - AutoML.ComparativeEarlyStopping - INFO -   Final score: 0.000
2025-07-24 03:27:04 - AutoML.ComparativeEarlyStopping - INFO -   Decision: CONTINUE
2025-07-24 03:28:37 - AutoML.ComparativeEarlyStopping - INFO - Early stopping evaluation for resnet18:
2025-07-24 03:28:37 - AutoML.ComparativeEarlyStopping - INFO -   Decision scores: {'statistical_significance': 0.0, 'performance_gap': 0.0, 'learning_trend': 0.0, 'resource_efficiency': 0.0}
2025-07-24 03:28:37 - AutoML.ComparativeEarlyStopping - INFO -   Final score: 0.000
2025-07-24 03:28:37 - AutoML.ComparativeEarlyStopping - INFO -   Decision: CONTINUE
2025-07-24 03:30:08 - AutoML.ComparativeEarlyStopping - INFO - Early stopping evaluation for resnet18:
2025-07-24 03:30:08 - AutoML.ComparativeEarlyStopping - INFO -   Decision scores: {'statistical_significance': 0.0, 'performance_gap': 0.0, 'learning_trend': 0.0, 'resource_efficiency': 0.0}
2025-07-24 03:30:08 - AutoML.ComparativeEarlyStopping - INFO -   Final score: 0.000
2025-07-24 03:30:08 - AutoML.ComparativeEarlyStopping - INFO -   Decision: CONTINUE
2025-07-24 03:31:42 - AutoML.ComparativeEarlyStopping - INFO - Early stopping evaluation for resnet18:
2025-07-24 03:31:42 - AutoML.ComparativeEarlyStopping - INFO -   Decision scores: {'statistical_significance': 0.0, 'performance_gap': 0.0, 'learning_trend': 0.0, 'resource_efficiency': 0.0}
2025-07-24 03:31:42 - AutoML.ComparativeEarlyStopping - INFO -   Final score: 0.000
2025-07-24 03:31:42 - AutoML.ComparativeEarlyStopping - INFO -   Decision: CONTINUE
2025-07-24 03:33:15 - AutoML.ComparativeEarlyStopping - INFO - Early stopping evaluation for resnet18:
2025-07-24 03:33:15 - AutoML.ComparativeEarlyStopping - INFO -   Decision scores: {'statistical_significance': 0.0, 'performance_gap': 0.0, 'learning_trend': 0.0, 'resource_efficiency': 0.0}
2025-07-24 03:33:15 - AutoML.ComparativeEarlyStopping - INFO -   Final score: 0.000
2025-07-24 03:33:15 - AutoML.ComparativeEarlyStopping - INFO -   Decision: CONTINUE
2025-07-24 03:33:15 - AutoML.Trainer - INFO - Epoch 20/23 - Train Acc: 0.8725, Val Acc: 0.5451, Val Loss: 1.4628, Time: 93.0s
2025-07-24 03:34:48 - AutoML.ComparativeEarlyStopping - INFO - Early stopping evaluation for resnet18:
2025-07-24 03:34:48 - AutoML.ComparativeEarlyStopping - INFO -   Decision scores: {'statistical_significance': 0.0, 'performance_gap': 0.0, 'learning_trend': 0.0, 'resource_efficiency': 0.0}
2025-07-24 03:34:48 - AutoML.ComparativeEarlyStopping - INFO -   Final score: 0.000
2025-07-24 03:34:48 - AutoML.ComparativeEarlyStopping - INFO -   Decision: CONTINUE
2025-07-24 03:36:18 - AutoML.ComparativeEarlyStopping - INFO - Early stopping evaluation for resnet18:
2025-07-24 03:36:18 - AutoML.ComparativeEarlyStopping - INFO -   Decision scores: {'statistical_significance': 0.0, 'performance_gap': 0.0, 'learning_trend': 0.0, 'resource_efficiency': 0.0}
2025-07-24 03:36:18 - AutoML.ComparativeEarlyStopping - INFO -   Final score: 0.000
2025-07-24 03:36:18 - AutoML.ComparativeEarlyStopping - INFO -   Decision: CONTINUE
2025-07-24 03:37:48 - AutoML.ComparativeEarlyStopping - INFO - Early stopping evaluation for resnet18:
2025-07-24 03:37:48 - AutoML.ComparativeEarlyStopping - INFO -   Decision scores: {'statistical_significance': 0.0, 'performance_gap': 0.0, 'learning_trend': 0.0, 'resource_efficiency': 0.0}
2025-07-24 03:37:48 - AutoML.ComparativeEarlyStopping - INFO -   Final score: 0.000
2025-07-24 03:37:48 - AutoML.ComparativeEarlyStopping - INFO -   Decision: CONTINUE
2025-07-24 03:37:48 - AutoML.Trainer - INFO - Epoch 23/23 - Train Acc: 0.8821, Val Acc: 0.5439, Val Loss: 1.4698, Time: 89.7s
2025-07-24 03:37:48 - AutoML.Trainer - INFO - Training completed for resnet18
2025-07-24 03:37:48 - AutoML.Trainer - INFO - Best validation accuracy: 0.5465
2025-07-24 03:37:48 - AutoML.Trainer - INFO - Total training time: 2186.5s
2025-07-24 03:37:48 - AutoML.Trainer - INFO - Average epoch time: 95.1s
2025-07-24 03:37:48 - AutoML.Trainer - INFO - Evaluating hyperparameters for resnet18: {'learning_rate': 0.028340904295147733, 'optimizer': 'adam', 'weight_decay': 1.753594952976443e-05, 'batch_size': 128, 'dropout_rate': 0.3305504476133645, 'pretrained': False, 'lr_scheduler': 'plateau', 'max_epochs': 35}
2025-07-24 03:37:48 - AutoML.ModelFactory - INFO - Creating resnet18 (pretrained=False, dropout=0.3305504476133645)
2025-07-24 03:37:49 - AutoML.ModelFactory - INFO - resnet18 created successfully:
2025-07-24 03:37:49 - AutoML.ModelFactory - INFO -   Parameters: 11,173,831
2025-07-24 03:37:49 - AutoML.ModelFactory - INFO -   Trainable: 11,173,831
2025-07-24 03:37:49 - AutoML.ModelFactory - INFO -   Model size: 42.62 MB
2025-07-24 03:37:49 - AutoML - INFO - resnet18 creation completed in 0.49 seconds
2025-07-24 03:45:32 - AutoML.ComparativeEarlyStopping - INFO - Early stopping evaluation for resnet18:
2025-07-24 03:45:32 - AutoML.ComparativeEarlyStopping - INFO -   Decision scores: {'statistical_significance': 0.0, 'performance_gap': 0.0, 'learning_trend': 0.0, 'resource_efficiency': 0.0}
2025-07-24 03:45:32 - AutoML.ComparativeEarlyStopping - INFO -   Final score: 0.000
2025-07-24 03:45:32 - AutoML.ComparativeEarlyStopping - INFO -   Decision: CONTINUE
2025-07-24 03:45:32 - AutoML.Trainer - INFO - Epoch 5/35 - Train Acc: 0.4353, Val Acc: 0.4601, Val Loss: 1.3902, Time: 93.0s
2025-07-24 03:47:00 - AutoML.ComparativeEarlyStopping - INFO - Early stopping evaluation for resnet18:
2025-07-24 03:47:00 - AutoML.ComparativeEarlyStopping - INFO -   Decision scores: {'statistical_significance': 0.0, 'performance_gap': 0.0, 'learning_trend': 0.0, 'resource_efficiency': 0.0}
2025-07-24 03:47:00 - AutoML.ComparativeEarlyStopping - INFO -   Final score: 0.000
2025-07-24 03:47:00 - AutoML.ComparativeEarlyStopping - INFO -   Decision: CONTINUE
2025-07-24 03:48:34 - AutoML.ComparativeEarlyStopping - INFO - Early stopping evaluation for resnet18:
2025-07-24 03:48:34 - AutoML.ComparativeEarlyStopping - INFO -   Decision scores: {'statistical_significance': 0.0, 'performance_gap': 0.0, 'learning_trend': 0.0, 'resource_efficiency': 0.0}
2025-07-24 03:48:34 - AutoML.ComparativeEarlyStopping - INFO -   Final score: 0.000
2025-07-24 03:48:34 - AutoML.ComparativeEarlyStopping - INFO -   Decision: CONTINUE
2025-07-24 03:50:04 - AutoML.ComparativeEarlyStopping - INFO - Early stopping evaluation for resnet18:
2025-07-24 03:50:04 - AutoML.ComparativeEarlyStopping - INFO -   Decision scores: {'statistical_significance': 0.0, 'performance_gap': 0.0, 'learning_trend': 0.0, 'resource_efficiency': 0.0}
2025-07-24 03:50:04 - AutoML.ComparativeEarlyStopping - INFO -   Final score: 0.000
2025-07-24 03:50:04 - AutoML.ComparativeEarlyStopping - INFO -   Decision: CONTINUE
2025-07-24 03:51:35 - AutoML.ComparativeEarlyStopping - INFO - Early stopping evaluation for resnet18:
2025-07-24 03:51:35 - AutoML.ComparativeEarlyStopping - INFO -   Decision scores: {'statistical_significance': 0.0, 'performance_gap': 0.0, 'learning_trend': 0.0, 'resource_efficiency': 0.0}
2025-07-24 03:51:35 - AutoML.ComparativeEarlyStopping - INFO -   Final score: 0.000
2025-07-24 03:51:35 - AutoML.ComparativeEarlyStopping - INFO -   Decision: CONTINUE
2025-07-24 03:53:06 - AutoML.ComparativeEarlyStopping - INFO - Early stopping evaluation for resnet18:
2025-07-24 03:53:06 - AutoML.ComparativeEarlyStopping - INFO -   Decision scores: {'statistical_significance': 0.0, 'performance_gap': 0.0, 'learning_trend': 0.0, 'resource_efficiency': 0.0}
2025-07-24 03:53:06 - AutoML.ComparativeEarlyStopping - INFO -   Final score: 0.000
2025-07-24 03:53:06 - AutoML.ComparativeEarlyStopping - INFO -   Decision: CONTINUE
2025-07-24 03:53:06 - AutoML.Trainer - INFO - Epoch 10/35 - Train Acc: 0.4740, Val Acc: 0.4774, Val Loss: 1.3569, Time: 91.4s
2025-07-24 03:54:37 - AutoML.ComparativeEarlyStopping - INFO - Early stopping evaluation for resnet18:
2025-07-24 03:54:37 - AutoML.ComparativeEarlyStopping - INFO -   Decision scores: {'statistical_significance': 0.0, 'performance_gap': 0.0, 'learning_trend': 0.0, 'resource_efficiency': 0.0}
2025-07-24 03:54:37 - AutoML.ComparativeEarlyStopping - INFO -   Final score: 0.000
2025-07-24 03:54:37 - AutoML.ComparativeEarlyStopping - INFO -   Decision: CONTINUE
2025-07-24 03:56:05 - AutoML.ComparativeEarlyStopping - INFO - Early stopping evaluation for resnet18:
2025-07-24 03:56:05 - AutoML.ComparativeEarlyStopping - INFO -   Decision scores: {'statistical_significance': 0.0, 'performance_gap': 0.0, 'learning_trend': 0.0, 'resource_efficiency': 0.0}
2025-07-24 03:56:05 - AutoML.ComparativeEarlyStopping - INFO -   Final score: 0.000
2025-07-24 03:56:05 - AutoML.ComparativeEarlyStopping - INFO -   Decision: CONTINUE
2025-07-24 03:57:39 - AutoML.ComparativeEarlyStopping - INFO - Early stopping evaluation for resnet18:
2025-07-24 03:57:39 - AutoML.ComparativeEarlyStopping - INFO -   Decision scores: {'statistical_significance': 0.0, 'performance_gap': 0.0, 'learning_trend': 0.0, 'resource_efficiency': 0.0}
2025-07-24 03:57:39 - AutoML.ComparativeEarlyStopping - INFO -   Final score: 0.000
2025-07-24 03:57:39 - AutoML.ComparativeEarlyStopping - INFO -   Decision: CONTINUE
2025-07-24 03:59:10 - AutoML.ComparativeEarlyStopping - INFO - Early stopping evaluation for resnet18:
2025-07-24 03:59:10 - AutoML.ComparativeEarlyStopping - INFO -   Decision scores: {'statistical_significance': 0.0, 'performance_gap': 0.0, 'learning_trend': 0.0, 'resource_efficiency': 0.0}
2025-07-24 03:59:10 - AutoML.ComparativeEarlyStopping - INFO -   Final score: 0.000
2025-07-24 03:59:10 - AutoML.ComparativeEarlyStopping - INFO -   Decision: CONTINUE
2025-07-24 04:00:44 - AutoML.ComparativeEarlyStopping - INFO - Early stopping evaluation for resnet18:
2025-07-24 04:00:44 - AutoML.ComparativeEarlyStopping - INFO -   Decision scores: {'statistical_significance': 0.0, 'performance_gap': 0.0, 'learning_trend': 0.0, 'resource_efficiency': 0.0}
2025-07-24 04:00:44 - AutoML.ComparativeEarlyStopping - INFO -   Final score: 0.000
2025-07-24 04:00:44 - AutoML.ComparativeEarlyStopping - INFO -   Decision: CONTINUE
2025-07-24 04:00:44 - AutoML.Trainer - INFO - Epoch 15/35 - Train Acc: 0.4907, Val Acc: 0.4857, Val Loss: 1.3184, Time: 93.8s
2025-07-24 04:02:15 - AutoML.ComparativeEarlyStopping - INFO - Early stopping evaluation for resnet18:
2025-07-24 04:02:15 - AutoML.ComparativeEarlyStopping - INFO -   Decision scores: {'statistical_significance': 0.0, 'performance_gap': 0.0, 'learning_trend': 0.0, 'resource_efficiency': 0.0}
2025-07-24 04:02:15 - AutoML.ComparativeEarlyStopping - INFO -   Final score: 0.000
2025-07-24 04:02:15 - AutoML.ComparativeEarlyStopping - INFO -   Decision: CONTINUE
2025-07-24 04:03:45 - AutoML.ComparativeEarlyStopping - INFO - Early stopping evaluation for resnet18:
2025-07-24 04:03:45 - AutoML.ComparativeEarlyStopping - INFO -   Decision scores: {'statistical_significance': 0.0, 'performance_gap': 0.0, 'learning_trend': 0.0, 'resource_efficiency': 0.0}
2025-07-24 04:03:45 - AutoML.ComparativeEarlyStopping - INFO -   Final score: 0.000
2025-07-24 04:03:45 - AutoML.ComparativeEarlyStopping - INFO -   Decision: CONTINUE
2025-07-24 04:05:20 - AutoML.ComparativeEarlyStopping - INFO - Early stopping evaluation for resnet18:
2025-07-24 04:05:20 - AutoML.ComparativeEarlyStopping - INFO -   Decision scores: {'statistical_significance': 0.0, 'performance_gap': 0.0, 'learning_trend': 0.0, 'resource_efficiency': 0.0}
2025-07-24 04:05:20 - AutoML.ComparativeEarlyStopping - INFO -   Final score: 0.000
2025-07-24 04:05:20 - AutoML.ComparativeEarlyStopping - INFO -   Decision: CONTINUE
2025-07-24 04:06:49 - AutoML.ComparativeEarlyStopping - INFO - Early stopping evaluation for resnet18:
2025-07-24 04:06:49 - AutoML.ComparativeEarlyStopping - INFO -   Decision scores: {'statistical_significance': 0.0, 'performance_gap': 0.0, 'learning_trend': 0.0, 'resource_efficiency': 0.0}
2025-07-24 04:06:49 - AutoML.ComparativeEarlyStopping - INFO -   Final score: 0.000
2025-07-24 04:06:49 - AutoML.ComparativeEarlyStopping - INFO -   Decision: CONTINUE
2025-07-24 04:08:19 - AutoML.ComparativeEarlyStopping - INFO - Early stopping evaluation for resnet18:
2025-07-24 04:08:19 - AutoML.ComparativeEarlyStopping - INFO -   Decision scores: {'statistical_significance': 0.0, 'performance_gap': 0.0, 'learning_trend': 0.5, 'resource_efficiency': 0.0}
2025-07-24 04:08:19 - AutoML.ComparativeEarlyStopping - INFO -   Final score: 0.125
2025-07-24 04:08:19 - AutoML.ComparativeEarlyStopping - INFO -   Decision: CONTINUE
2025-07-24 04:08:19 - AutoML.Trainer - INFO - Epoch 20/35 - Train Acc: 0.4981, Val Acc: 0.4518, Val Loss: 1.8587, Time: 90.4s
2025-07-24 04:09:50 - AutoML.ComparativeEarlyStopping - INFO - Early stopping evaluation for resnet18:
2025-07-24 04:09:50 - AutoML.ComparativeEarlyStopping - INFO -   Decision scores: {'statistical_significance': 0.0, 'performance_gap': 0.0, 'learning_trend': 0.5, 'resource_efficiency': 0.0}
2025-07-24 04:09:50 - AutoML.ComparativeEarlyStopping - INFO -   Final score: 0.125
2025-07-24 04:09:50 - AutoML.ComparativeEarlyStopping - INFO -   Decision: CONTINUE
2025-07-24 04:11:21 - AutoML.ComparativeEarlyStopping - INFO - Early stopping evaluation for resnet18:
2025-07-24 04:11:21 - AutoML.ComparativeEarlyStopping - INFO -   Decision scores: {'statistical_significance': 0.0, 'performance_gap': 0.0, 'learning_trend': 0.5, 'resource_efficiency': 0.0}
2025-07-24 04:11:21 - AutoML.ComparativeEarlyStopping - INFO -   Final score: 0.125
2025-07-24 04:11:21 - AutoML.ComparativeEarlyStopping - INFO -   Decision: CONTINUE
2025-07-24 04:12:53 - AutoML.ComparativeEarlyStopping - INFO - Early stopping evaluation for resnet18:
2025-07-24 04:12:53 - AutoML.ComparativeEarlyStopping - INFO -   Decision scores: {'statistical_significance': 0.0, 'performance_gap': 0.0, 'learning_trend': 0.5, 'resource_efficiency': 0.0}
2025-07-24 04:12:53 - AutoML.ComparativeEarlyStopping - INFO -   Final score: 0.125
2025-07-24 04:12:53 - AutoML.ComparativeEarlyStopping - INFO -   Decision: CONTINUE
2025-07-24 04:14:24 - AutoML.ComparativeEarlyStopping - INFO - Early stopping evaluation for resnet18:
2025-07-24 04:14:24 - AutoML.ComparativeEarlyStopping - INFO -   Decision scores: {'statistical_significance': 0.0, 'performance_gap': 0.0, 'learning_trend': 0.5, 'resource_efficiency': 0.0}
2025-07-24 04:14:24 - AutoML.ComparativeEarlyStopping - INFO -   Final score: 0.125
2025-07-24 04:14:24 - AutoML.ComparativeEarlyStopping - INFO -   Decision: CONTINUE
2025-07-24 04:15:53 - AutoML.ComparativeEarlyStopping - INFO - Early stopping evaluation for resnet18:
2025-07-24 04:15:53 - AutoML.ComparativeEarlyStopping - INFO -   Decision scores: {'statistical_significance': 0.0, 'performance_gap': 0.0, 'learning_trend': 0.0, 'resource_efficiency': 0.0}
2025-07-24 04:15:53 - AutoML.ComparativeEarlyStopping - INFO -   Final score: 0.000
2025-07-24 04:15:53 - AutoML.ComparativeEarlyStopping - INFO -   Decision: CONTINUE
2025-07-24 04:15:53 - AutoML.Trainer - INFO - Epoch 25/35 - Train Acc: 0.5264, Val Acc: 0.5167, Val Loss: 1.2573, Time: 89.1s
2025-07-24 04:17:23 - AutoML.ComparativeEarlyStopping - INFO - Early stopping evaluation for resnet18:
2025-07-24 04:17:23 - AutoML.ComparativeEarlyStopping - INFO -   Decision scores: {'statistical_significance': 0.0, 'performance_gap': 0.0, 'learning_trend': 0.0, 'resource_efficiency': 0.0}
2025-07-24 04:17:23 - AutoML.ComparativeEarlyStopping - INFO -   Final score: 0.000
2025-07-24 04:17:23 - AutoML.ComparativeEarlyStopping - INFO -   Decision: CONTINUE
2025-07-24 04:18:53 - AutoML.ComparativeEarlyStopping - INFO - Early stopping evaluation for resnet18:
2025-07-24 04:18:53 - AutoML.ComparativeEarlyStopping - INFO -   Decision scores: {'statistical_significance': 0.0, 'performance_gap': 0.0, 'learning_trend': 0.0, 'resource_efficiency': 0.0}
2025-07-24 04:18:53 - AutoML.ComparativeEarlyStopping - INFO -   Final score: 0.000
2025-07-24 04:18:53 - AutoML.ComparativeEarlyStopping - INFO -   Decision: CONTINUE
2025-07-24 04:20:23 - AutoML.ComparativeEarlyStopping - INFO - Early stopping evaluation for resnet18:
2025-07-24 04:20:23 - AutoML.ComparativeEarlyStopping - INFO -   Decision scores: {'statistical_significance': 0.0, 'performance_gap': 0.0, 'learning_trend': 0.0, 'resource_efficiency': 0.0}
2025-07-24 04:20:23 - AutoML.ComparativeEarlyStopping - INFO -   Final score: 0.000
2025-07-24 04:20:23 - AutoML.ComparativeEarlyStopping - INFO -   Decision: CONTINUE
2025-07-24 04:21:51 - AutoML.ComparativeEarlyStopping - INFO - Early stopping evaluation for resnet18:
2025-07-24 04:21:51 - AutoML.ComparativeEarlyStopping - INFO -   Decision scores: {'statistical_significance': 0.0, 'performance_gap': 0.0, 'learning_trend': 0.0, 'resource_efficiency': 0.0}
2025-07-24 04:21:51 - AutoML.ComparativeEarlyStopping - INFO -   Final score: 0.000
2025-07-24 04:21:51 - AutoML.ComparativeEarlyStopping - INFO -   Decision: CONTINUE
2025-07-24 04:23:23 - AutoML.ComparativeEarlyStopping - INFO - Early stopping evaluation for resnet18:
2025-07-24 04:23:23 - AutoML.ComparativeEarlyStopping - INFO -   Decision scores: {'statistical_significance': 0.0, 'performance_gap': 0.0, 'learning_trend': 0.0, 'resource_efficiency': 0.0}
2025-07-24 04:23:23 - AutoML.ComparativeEarlyStopping - INFO -   Final score: 0.000
2025-07-24 04:23:23 - AutoML.ComparativeEarlyStopping - INFO -   Decision: CONTINUE
2025-07-24 04:23:23 - AutoML.Trainer - INFO - Epoch 30/35 - Train Acc: 0.5434, Val Acc: 0.5178, Val Loss: 1.2655, Time: 91.3s
2025-07-24 04:24:52 - AutoML.ComparativeEarlyStopping - INFO - Early stopping evaluation for resnet18:
2025-07-24 04:24:52 - AutoML.ComparativeEarlyStopping - INFO -   Decision scores: {'statistical_significance': 0.0, 'performance_gap': 0.0, 'learning_trend': 0.0, 'resource_efficiency': 0.0}
2025-07-24 04:24:52 - AutoML.ComparativeEarlyStopping - INFO -   Final score: 0.000
2025-07-24 04:24:52 - AutoML.ComparativeEarlyStopping - INFO -   Decision: CONTINUE
2025-07-24 04:26:28 - AutoML.ComparativeEarlyStopping - INFO - Early stopping evaluation for resnet18:
2025-07-24 04:26:28 - AutoML.ComparativeEarlyStopping - INFO -   Decision scores: {'statistical_significance': 0.0, 'performance_gap': 0.0, 'learning_trend': 0.0, 'resource_efficiency': 0.0}
2025-07-24 04:26:28 - AutoML.ComparativeEarlyStopping - INFO -   Final score: 0.000
2025-07-24 04:26:28 - AutoML.ComparativeEarlyStopping - INFO -   Decision: CONTINUE
2025-07-24 04:29:13 - AutoML.ComparativeEarlyStopping - INFO - Early stopping evaluation for resnet18:
2025-07-24 04:29:13 - AutoML.ComparativeEarlyStopping - INFO -   Decision scores: {'statistical_significance': 0.0, 'performance_gap': 0.0, 'learning_trend': 0.0, 'resource_efficiency': 0.0}
2025-07-24 04:29:13 - AutoML.ComparativeEarlyStopping - INFO -   Final score: 0.000
2025-07-24 04:29:13 - AutoML.ComparativeEarlyStopping - INFO -   Decision: CONTINUE
2025-07-24 04:30:47 - AutoML.ComparativeEarlyStopping - INFO - Early stopping evaluation for resnet18:
2025-07-24 04:30:47 - AutoML.ComparativeEarlyStopping - INFO -   Decision scores: {'statistical_significance': 0.0, 'performance_gap': 0.0, 'learning_trend': 0.0, 'resource_efficiency': 0.0}
2025-07-24 04:30:47 - AutoML.ComparativeEarlyStopping - INFO -   Final score: 0.000
2025-07-24 04:30:47 - AutoML.ComparativeEarlyStopping - INFO -   Decision: CONTINUE
2025-07-24 04:32:15 - AutoML.ComparativeEarlyStopping - INFO - Early stopping evaluation for resnet18:
2025-07-24 04:32:15 - AutoML.ComparativeEarlyStopping - INFO -   Decision scores: {'statistical_significance': 0.0, 'performance_gap': 0.0, 'learning_trend': 0.0, 'resource_efficiency': 0.0}
2025-07-24 04:32:15 - AutoML.ComparativeEarlyStopping - INFO -   Final score: 0.000
2025-07-24 04:32:15 - AutoML.ComparativeEarlyStopping - INFO -   Decision: CONTINUE
2025-07-24 04:32:15 - AutoML.Trainer - INFO - Epoch 35/35 - Train Acc: 0.5681, Val Acc: 0.5437, Val Loss: 1.2116, Time: 88.6s
2025-07-24 04:32:15 - AutoML.Trainer - INFO - Training completed for resnet18
2025-07-24 04:32:15 - AutoML.Trainer - INFO - Best validation accuracy: 0.5446
2025-07-24 04:32:15 - AutoML.Trainer - INFO - Total training time: 3266.8s
2025-07-24 04:32:15 - AutoML.Trainer - INFO - Average epoch time: 93.3s
2025-07-24 04:32:15 - AutoML.Trainer - INFO - Evaluating hyperparameters for resnet18: {'learning_rate': 0.0012329098365270509, 'optimizer': 'adam', 'weight_decay': 1.3357240411974112e-06, 'batch_size': 128, 'dropout_rate': 0.17450456040421244, 'pretrained': False, 'lr_scheduler': 'plateau', 'max_epochs': 24}
2025-07-24 04:32:15 - AutoML.ModelFactory - INFO - Creating resnet18 (pretrained=False, dropout=0.17450456040421244)
2025-07-24 04:32:16 - AutoML.ModelFactory - INFO - resnet18 created successfully:
2025-07-24 04:32:16 - AutoML.ModelFactory - INFO -   Parameters: 11,173,831
2025-07-24 04:32:16 - AutoML.ModelFactory - INFO -   Trainable: 11,173,831
2025-07-24 04:32:16 - AutoML.ModelFactory - INFO -   Model size: 42.62 MB
2025-07-24 04:32:16 - AutoML - INFO - resnet18 creation completed in 0.60 seconds
2025-07-24 04:39:50 - AutoML.ComparativeEarlyStopping - INFO - Early stopping evaluation for resnet18:
2025-07-24 04:39:50 - AutoML.ComparativeEarlyStopping - INFO -   Decision scores: {'statistical_significance': 0.0, 'performance_gap': 0.0, 'learning_trend': 0.0, 'resource_efficiency': 0.0}
2025-07-24 04:39:50 - AutoML.ComparativeEarlyStopping - INFO -   Final score: 0.000
2025-07-24 04:39:50 - AutoML.ComparativeEarlyStopping - INFO -   Decision: CONTINUE
2025-07-24 04:39:50 - AutoML.Trainer - INFO - Epoch 5/24 - Train Acc: 0.5672, Val Acc: 0.5493, Val Loss: 1.1983, Time: 95.1s
2025-07-24 04:41:27 - AutoML.ComparativeEarlyStopping - INFO - Early stopping evaluation for resnet18:
2025-07-24 04:41:27 - AutoML.ComparativeEarlyStopping - INFO -   Decision scores: {'statistical_significance': 0.0, 'performance_gap': 0.0, 'learning_trend': 0.0, 'resource_efficiency': 0.0}
2025-07-24 04:41:27 - AutoML.ComparativeEarlyStopping - INFO -   Final score: 0.000
2025-07-24 04:41:27 - AutoML.ComparativeEarlyStopping - INFO -   Decision: CONTINUE
2025-07-24 04:42:54 - AutoML.ComparativeEarlyStopping - INFO - Early stopping evaluation for resnet18:
2025-07-24 04:42:54 - AutoML.ComparativeEarlyStopping - INFO -   Decision scores: {'statistical_significance': 0.0, 'performance_gap': 0.0, 'learning_trend': 0.0, 'resource_efficiency': 0.0}
2025-07-24 04:42:54 - AutoML.ComparativeEarlyStopping - INFO -   Final score: 0.000
2025-07-24 04:42:54 - AutoML.ComparativeEarlyStopping - INFO -   Decision: CONTINUE
2025-07-24 04:44:25 - AutoML.ComparativeEarlyStopping - INFO - Early stopping evaluation for resnet18:
2025-07-24 04:44:25 - AutoML.ComparativeEarlyStopping - INFO -   Decision scores: {'statistical_significance': 0.0, 'performance_gap': 0.0, 'learning_trend': 0.0, 'resource_efficiency': 0.0}
2025-07-24 04:44:25 - AutoML.ComparativeEarlyStopping - INFO -   Final score: 0.000
2025-07-24 04:44:25 - AutoML.ComparativeEarlyStopping - INFO -   Decision: CONTINUE
2025-07-24 04:45:53 - AutoML.ComparativeEarlyStopping - INFO - Early stopping evaluation for resnet18:
2025-07-24 04:45:53 - AutoML.ComparativeEarlyStopping - INFO -   Decision scores: {'statistical_significance': 0.0, 'performance_gap': 0.0, 'learning_trend': 0.0, 'resource_efficiency': 0.0}
2025-07-24 04:45:53 - AutoML.ComparativeEarlyStopping - INFO -   Final score: 0.000
2025-07-24 04:45:53 - AutoML.ComparativeEarlyStopping - INFO -   Decision: CONTINUE
2025-07-24 04:47:22 - AutoML.ComparativeEarlyStopping - INFO - Early stopping evaluation for resnet18:
2025-07-24 04:47:22 - AutoML.ComparativeEarlyStopping - INFO -   Decision scores: {'statistical_significance': 0.0, 'performance_gap': 0.0, 'learning_trend': 0.0, 'resource_efficiency': 0.0}
2025-07-24 04:47:22 - AutoML.ComparativeEarlyStopping - INFO -   Final score: 0.000
2025-07-24 04:47:22 - AutoML.ComparativeEarlyStopping - INFO -   Decision: CONTINUE
2025-07-24 04:47:22 - AutoML.Trainer - INFO - Epoch 10/24 - Train Acc: 0.7230, Val Acc: 0.5625, Val Loss: 1.2686, Time: 89.9s
2025-07-24 04:48:52 - AutoML.ComparativeEarlyStopping - INFO - Early stopping evaluation for resnet18:
2025-07-24 04:48:52 - AutoML.ComparativeEarlyStopping - INFO -   Decision scores: {'statistical_significance': 0.0, 'performance_gap': 0.0, 'learning_trend': 0.0, 'resource_efficiency': 0.0}
2025-07-24 04:48:52 - AutoML.ComparativeEarlyStopping - INFO -   Final score: 0.000
2025-07-24 04:48:52 - AutoML.ComparativeEarlyStopping - INFO -   Decision: CONTINUE
2025-07-24 04:50:20 - AutoML.ComparativeEarlyStopping - INFO - Early stopping evaluation for resnet18:
2025-07-24 04:50:20 - AutoML.ComparativeEarlyStopping - INFO -   Decision scores: {'statistical_significance': 0.0, 'performance_gap': 0.0, 'learning_trend': 0.0, 'resource_efficiency': 0.0}
2025-07-24 04:50:20 - AutoML.ComparativeEarlyStopping - INFO -   Final score: 0.000
2025-07-24 04:50:20 - AutoML.ComparativeEarlyStopping - INFO -   Decision: CONTINUE
2025-07-24 04:51:48 - AutoML.ComparativeEarlyStopping - INFO - Early stopping evaluation for resnet18:
2025-07-24 04:51:48 - AutoML.ComparativeEarlyStopping - INFO -   Decision scores: {'statistical_significance': 0.0, 'performance_gap': 0.0, 'learning_trend': 0.0, 'resource_efficiency': 0.0}
2025-07-24 04:51:48 - AutoML.ComparativeEarlyStopping - INFO -   Final score: 0.000
2025-07-24 04:51:48 - AutoML.ComparativeEarlyStopping - INFO -   Decision: CONTINUE
2025-07-24 04:53:15 - AutoML.ComparativeEarlyStopping - INFO - Early stopping evaluation for resnet18:
2025-07-24 04:53:15 - AutoML.ComparativeEarlyStopping - INFO -   Decision scores: {'statistical_significance': 0.0, 'performance_gap': 0.0, 'learning_trend': 0.0, 'resource_efficiency': 0.0}
2025-07-24 04:53:15 - AutoML.ComparativeEarlyStopping - INFO -   Final score: 0.000
2025-07-24 04:53:15 - AutoML.ComparativeEarlyStopping - INFO -   Decision: CONTINUE
2025-07-24 04:54:46 - AutoML.ComparativeEarlyStopping - INFO - Early stopping evaluation for resnet18:
2025-07-24 04:54:46 - AutoML.ComparativeEarlyStopping - INFO -   Decision scores: {'statistical_significance': 0.0, 'performance_gap': 0.0, 'learning_trend': 0.0, 'resource_efficiency': 0.0}
2025-07-24 04:54:46 - AutoML.ComparativeEarlyStopping - INFO -   Final score: 0.000
2025-07-24 04:54:46 - AutoML.ComparativeEarlyStopping - INFO -   Decision: CONTINUE
2025-07-24 04:54:46 - AutoML.Trainer - INFO - Epoch 15/24 - Train Acc: 0.9020, Val Acc: 0.5904, Val Loss: 1.6327, Time: 90.7s
2025-07-24 04:56:15 - AutoML.ComparativeEarlyStopping - INFO - Early stopping evaluation for resnet18:
2025-07-24 04:56:15 - AutoML.ComparativeEarlyStopping - INFO -   Decision scores: {'statistical_significance': 0.0, 'performance_gap': 0.0, 'learning_trend': 0.0, 'resource_efficiency': 0.0}
2025-07-24 04:56:15 - AutoML.ComparativeEarlyStopping - INFO -   Final score: 0.000
2025-07-24 04:56:15 - AutoML.ComparativeEarlyStopping - INFO -   Decision: CONTINUE
2025-07-24 04:57:45 - AutoML.ComparativeEarlyStopping - INFO - Early stopping evaluation for resnet18:
2025-07-24 04:57:45 - AutoML.ComparativeEarlyStopping - INFO -   Decision scores: {'statistical_significance': 0.0, 'performance_gap': 0.0, 'learning_trend': 0.0, 'resource_efficiency': 0.0}
2025-07-24 04:57:45 - AutoML.ComparativeEarlyStopping - INFO -   Final score: 0.000
2025-07-24 04:57:45 - AutoML.ComparativeEarlyStopping - INFO -   Decision: CONTINUE
2025-07-24 04:59:15 - AutoML.ComparativeEarlyStopping - INFO - Early stopping evaluation for resnet18:
2025-07-24 04:59:15 - AutoML.ComparativeEarlyStopping - INFO -   Decision scores: {'statistical_significance': 0.0, 'performance_gap': 0.0, 'learning_trend': 0.0, 'resource_efficiency': 0.0}
2025-07-24 04:59:15 - AutoML.ComparativeEarlyStopping - INFO -   Final score: 0.000
2025-07-24 04:59:15 - AutoML.ComparativeEarlyStopping - INFO -   Decision: CONTINUE
2025-07-24 05:00:46 - AutoML.ComparativeEarlyStopping - INFO - Early stopping evaluation for resnet18:
2025-07-24 05:00:46 - AutoML.ComparativeEarlyStopping - INFO -   Decision scores: {'statistical_significance': 0.0, 'performance_gap': 0.0, 'learning_trend': 0.0, 'resource_efficiency': 0.0}
2025-07-24 05:00:46 - AutoML.ComparativeEarlyStopping - INFO -   Final score: 0.000
2025-07-24 05:00:46 - AutoML.ComparativeEarlyStopping - INFO -   Decision: CONTINUE
2025-07-24 05:02:16 - AutoML.ComparativeEarlyStopping - INFO - Early stopping evaluation for resnet18:
2025-07-24 05:02:16 - AutoML.ComparativeEarlyStopping - INFO -   Decision scores: {'statistical_significance': 0.0, 'performance_gap': 0.0, 'learning_trend': 0.0, 'resource_efficiency': 0.0}
2025-07-24 05:02:16 - AutoML.ComparativeEarlyStopping - INFO -   Final score: 0.000
2025-07-24 05:02:16 - AutoML.ComparativeEarlyStopping - INFO -   Decision: CONTINUE
2025-07-24 05:02:16 - AutoML.Trainer - INFO - Epoch 20/24 - Train Acc: 0.9603, Val Acc: 0.5874, Val Loss: 2.0912, Time: 90.6s
2025-07-24 05:03:46 - AutoML.ComparativeEarlyStopping - INFO - Early stopping evaluation for resnet18:
2025-07-24 05:03:46 - AutoML.ComparativeEarlyStopping - INFO -   Decision scores: {'statistical_significance': 0.0, 'performance_gap': 0.0, 'learning_trend': 0.0, 'resource_efficiency': 0.0}
2025-07-24 05:03:46 - AutoML.ComparativeEarlyStopping - INFO -   Final score: 0.000
2025-07-24 05:03:46 - AutoML.ComparativeEarlyStopping - INFO -   Decision: CONTINUE
2025-07-24 05:05:16 - AutoML.ComparativeEarlyStopping - INFO - Early stopping evaluation for resnet18:
2025-07-24 05:05:16 - AutoML.ComparativeEarlyStopping - INFO -   Decision scores: {'statistical_significance': 0.0, 'performance_gap': 0.0, 'learning_trend': 0.0, 'resource_efficiency': 0.0}
2025-07-24 05:05:16 - AutoML.ComparativeEarlyStopping - INFO -   Final score: 0.000
2025-07-24 05:05:16 - AutoML.ComparativeEarlyStopping - INFO -   Decision: CONTINUE
2025-07-24 05:06:46 - AutoML.ComparativeEarlyStopping - INFO - Early stopping evaluation for resnet18:
2025-07-24 05:06:46 - AutoML.ComparativeEarlyStopping - INFO -   Decision scores: {'statistical_significance': 0.0, 'performance_gap': 0.0, 'learning_trend': 0.0, 'resource_efficiency': 0.0}
2025-07-24 05:06:46 - AutoML.ComparativeEarlyStopping - INFO -   Final score: 0.000
2025-07-24 05:06:46 - AutoML.ComparativeEarlyStopping - INFO -   Decision: CONTINUE
2025-07-24 05:08:15 - AutoML.ComparativeEarlyStopping - INFO - Early stopping evaluation for resnet18:
2025-07-24 05:08:15 - AutoML.ComparativeEarlyStopping - INFO -   Decision scores: {'statistical_significance': 0.0, 'performance_gap': 0.0, 'learning_trend': 0.0, 'resource_efficiency': 0.0}
2025-07-24 05:08:15 - AutoML.ComparativeEarlyStopping - INFO -   Final score: 0.000
2025-07-24 05:08:15 - AutoML.ComparativeEarlyStopping - INFO -   Decision: CONTINUE
2025-07-24 05:08:15 - AutoML.Trainer - INFO - Epoch 24/24 - Train Acc: 0.9839, Val Acc: 0.5977, Val Loss: 2.4402, Time: 88.6s
2025-07-24 05:08:15 - AutoML.Trainer - INFO - Training completed for resnet18
2025-07-24 05:08:15 - AutoML.Trainer - INFO - Best validation accuracy: 0.5977
2025-07-24 05:08:15 - AutoML.Trainer - INFO - Total training time: 2158.6s
2025-07-24 05:08:15 - AutoML.Trainer - INFO - Average epoch time: 89.9s
2025-07-24 05:08:15 - AutoML.Trainer - INFO - Evaluating hyperparameters for resnet18: {'learning_rate': 0.05233480488540085, 'optimizer': 'adamw', 'weight_decay': 0.0016394127471631608, 'batch_size': 32, 'dropout_rate': 0.6272639099464452, 'pretrained': True, 'lr_scheduler': 'plateau', 'max_epochs': 46}
2025-07-24 05:08:15 - AutoML.ModelFactory - INFO - Creating resnet18 (pretrained=True, dropout=0.6272639099464452)
2025-07-24 05:08:23 - AutoML.ModelFactory - INFO - resnet18 created successfully:
2025-07-24 05:08:23 - AutoML.ModelFactory - INFO -   Parameters: 11,173,831
2025-07-24 05:08:23 - AutoML.ModelFactory - INFO -   Trainable: 11,173,831
2025-07-24 05:08:23 - AutoML.ModelFactory - INFO -   Model size: 42.62 MB
2025-07-24 05:08:23 - AutoML - INFO - resnet18 creation completed in 8.70 seconds
2025-07-24 05:15:54 - AutoML.ComparativeEarlyStopping - INFO - Early stopping evaluation for resnet18:
2025-07-24 05:15:54 - AutoML.ComparativeEarlyStopping - INFO -   Decision scores: {'statistical_significance': 0.0, 'performance_gap': 0.0, 'learning_trend': 0.0, 'resource_efficiency': 0.0}
2025-07-24 05:15:54 - AutoML.ComparativeEarlyStopping - INFO -   Final score: 0.000
2025-07-24 05:15:54 - AutoML.ComparativeEarlyStopping - INFO -   Decision: CONTINUE
2025-07-24 05:15:54 - AutoML.Trainer - INFO - Epoch 5/46 - Train Acc: 0.3048, Val Acc: 0.3274, Val Loss: 1.7114, Time: 91.1s
2025-07-24 05:17:25 - AutoML.ComparativeEarlyStopping - INFO - Early stopping evaluation for resnet18:
2025-07-24 05:17:25 - AutoML.ComparativeEarlyStopping - INFO -   Decision scores: {'statistical_significance': 0.0, 'performance_gap': 0.0, 'learning_trend': 0.0, 'resource_efficiency': 0.0}
2025-07-24 05:17:25 - AutoML.ComparativeEarlyStopping - INFO -   Final score: 0.000
2025-07-24 05:17:25 - AutoML.ComparativeEarlyStopping - INFO -   Decision: CONTINUE
2025-07-24 05:18:55 - AutoML.ComparativeEarlyStopping - INFO - Early stopping evaluation for resnet18:
2025-07-24 05:18:55 - AutoML.ComparativeEarlyStopping - INFO -   Decision scores: {'statistical_significance': 0.0, 'performance_gap': 0.0, 'learning_trend': 0.0, 'resource_efficiency': 0.0}
2025-07-24 05:18:55 - AutoML.ComparativeEarlyStopping - INFO -   Final score: 0.000
2025-07-24 05:18:55 - AutoML.ComparativeEarlyStopping - INFO -   Decision: CONTINUE
2025-07-24 05:20:25 - AutoML.ComparativeEarlyStopping - INFO - Early stopping evaluation for resnet18:
2025-07-24 05:20:25 - AutoML.ComparativeEarlyStopping - INFO -   Decision scores: {'statistical_significance': 0.0, 'performance_gap': 0.0, 'learning_trend': 0.0, 'resource_efficiency': 0.0}
2025-07-24 05:20:25 - AutoML.ComparativeEarlyStopping - INFO -   Final score: 0.000
2025-07-24 05:20:25 - AutoML.ComparativeEarlyStopping - INFO -   Decision: CONTINUE
2025-07-24 05:21:54 - AutoML.ComparativeEarlyStopping - INFO - Early stopping evaluation for resnet18:
2025-07-24 05:21:54 - AutoML.ComparativeEarlyStopping - INFO -   Decision scores: {'statistical_significance': 0.0, 'performance_gap': 0.0, 'learning_trend': 0.0, 'resource_efficiency': 0.0}
2025-07-24 05:21:54 - AutoML.ComparativeEarlyStopping - INFO -   Final score: 0.000
2025-07-24 05:21:54 - AutoML.ComparativeEarlyStopping - INFO -   Decision: CONTINUE
2025-07-24 05:24:17 - AutoML.ComparativeEarlyStopping - INFO - Early stopping evaluation for resnet18:
2025-07-24 05:24:17 - AutoML.ComparativeEarlyStopping - INFO -   Decision scores: {'statistical_significance': 0.0, 'performance_gap': 0.0, 'learning_trend': 0.0, 'resource_efficiency': 0.0}
2025-07-24 05:24:17 - AutoML.ComparativeEarlyStopping - INFO -   Final score: 0.000
2025-07-24 05:24:17 - AutoML.ComparativeEarlyStopping - INFO -   Decision: CONTINUE
2025-07-24 05:24:17 - AutoML.Trainer - INFO - Epoch 10/46 - Train Acc: 0.3665, Val Acc: 0.3972, Val Loss: 1.5037, Time: 142.7s
2025-07-24 05:27:12 - AutoML.ComparativeEarlyStopping - INFO - Early stopping evaluation for resnet18:
2025-07-24 05:27:12 - AutoML.ComparativeEarlyStopping - INFO -   Decision scores: {'statistical_significance': 0.0, 'performance_gap': 0.0, 'learning_trend': 0.0, 'resource_efficiency': 0.0}
2025-07-24 05:27:12 - AutoML.ComparativeEarlyStopping - INFO -   Final score: 0.000
2025-07-24 05:27:12 - AutoML.ComparativeEarlyStopping - INFO -   Decision: CONTINUE
2025-07-24 05:28:44 - AutoML.ComparativeEarlyStopping - INFO - Early stopping evaluation for resnet18:
2025-07-24 05:28:44 - AutoML.ComparativeEarlyStopping - INFO -   Decision scores: {'statistical_significance': 0.0, 'performance_gap': 0.0, 'learning_trend': 0.0, 'resource_efficiency': 0.0}
2025-07-24 05:28:44 - AutoML.ComparativeEarlyStopping - INFO -   Final score: 0.000
2025-07-24 05:28:44 - AutoML.ComparativeEarlyStopping - INFO -   Decision: CONTINUE
2025-07-24 05:30:13 - AutoML.ComparativeEarlyStopping - INFO - Early stopping evaluation for resnet18:
2025-07-24 05:30:13 - AutoML.ComparativeEarlyStopping - INFO -   Decision scores: {'statistical_significance': 0.0, 'performance_gap': 0.0, 'learning_trend': 0.0, 'resource_efficiency': 0.0}
2025-07-24 05:30:13 - AutoML.ComparativeEarlyStopping - INFO -   Final score: 0.000
2025-07-24 05:30:13 - AutoML.ComparativeEarlyStopping - INFO -   Decision: CONTINUE
2025-07-24 05:31:42 - AutoML.ComparativeEarlyStopping - INFO - Early stopping evaluation for resnet18:
2025-07-24 05:31:42 - AutoML.ComparativeEarlyStopping - INFO -   Decision scores: {'statistical_significance': 0.0, 'performance_gap': 0.0, 'learning_trend': 0.0, 'resource_efficiency': 0.0}
2025-07-24 05:31:42 - AutoML.ComparativeEarlyStopping - INFO -   Final score: 0.000
2025-07-24 05:31:42 - AutoML.ComparativeEarlyStopping - INFO -   Decision: CONTINUE
2025-07-24 05:33:13 - AutoML.ComparativeEarlyStopping - INFO - Early stopping evaluation for resnet18:
2025-07-24 05:33:13 - AutoML.ComparativeEarlyStopping - INFO -   Decision scores: {'statistical_significance': 0.0, 'performance_gap': 0.0, 'learning_trend': 0.0, 'resource_efficiency': 0.0}
2025-07-24 05:33:13 - AutoML.ComparativeEarlyStopping - INFO -   Final score: 0.000
2025-07-24 05:33:13 - AutoML.ComparativeEarlyStopping - INFO -   Decision: CONTINUE
2025-07-24 05:33:13 - AutoML.Trainer - INFO - Epoch 15/46 - Train Acc: 0.3938, Val Acc: 0.4094, Val Loss: 1.4145, Time: 91.6s
2025-07-24 05:34:45 - AutoML.ComparativeEarlyStopping - INFO - Early stopping evaluation for resnet18:
2025-07-24 05:34:45 - AutoML.ComparativeEarlyStopping - INFO -   Decision scores: {'statistical_significance': 0.0, 'performance_gap': 0.0, 'learning_trend': 0.0, 'resource_efficiency': 0.0}
2025-07-24 05:34:45 - AutoML.ComparativeEarlyStopping - INFO -   Final score: 0.000
2025-07-24 05:34:45 - AutoML.ComparativeEarlyStopping - INFO -   Decision: CONTINUE
2025-07-24 05:36:15 - AutoML.ComparativeEarlyStopping - INFO - Early stopping evaluation for resnet18:
2025-07-24 05:36:15 - AutoML.ComparativeEarlyStopping - INFO -   Decision scores: {'statistical_significance': 0.0, 'performance_gap': 0.0, 'learning_trend': 0.0, 'resource_efficiency': 0.0}
2025-07-24 05:36:15 - AutoML.ComparativeEarlyStopping - INFO -   Final score: 0.000
2025-07-24 05:36:15 - AutoML.ComparativeEarlyStopping - INFO -   Decision: CONTINUE
2025-07-24 05:37:45 - AutoML.ComparativeEarlyStopping - INFO - Early stopping evaluation for resnet18:
2025-07-24 05:37:45 - AutoML.ComparativeEarlyStopping - INFO -   Decision scores: {'statistical_significance': 0.0, 'performance_gap': 0.0, 'learning_trend': 0.0, 'resource_efficiency': 0.0}
2025-07-24 05:37:45 - AutoML.ComparativeEarlyStopping - INFO -   Final score: 0.000
2025-07-24 05:37:45 - AutoML.ComparativeEarlyStopping - INFO -   Decision: CONTINUE
2025-07-24 05:39:40 - AutoML.ComparativeEarlyStopping - INFO - Early stopping evaluation for resnet18:
2025-07-24 05:39:40 - AutoML.ComparativeEarlyStopping - INFO -   Decision scores: {'statistical_significance': 0.0, 'performance_gap': 0.0, 'learning_trend': 0.0, 'resource_efficiency': 0.0}
2025-07-24 05:39:40 - AutoML.ComparativeEarlyStopping - INFO -   Final score: 0.000
2025-07-24 05:39:40 - AutoML.ComparativeEarlyStopping - INFO -   Decision: CONTINUE
2025-07-24 05:41:10 - AutoML.ComparativeEarlyStopping - INFO - Early stopping evaluation for resnet18:
2025-07-24 05:41:10 - AutoML.ComparativeEarlyStopping - INFO -   Decision scores: {'statistical_significance': 0.0, 'performance_gap': 0.0, 'learning_trend': 0.0, 'resource_efficiency': 0.0}
2025-07-24 05:41:10 - AutoML.ComparativeEarlyStopping - INFO -   Final score: 0.000
2025-07-24 05:41:10 - AutoML.ComparativeEarlyStopping - INFO -   Decision: CONTINUE
2025-07-24 05:41:10 - AutoML.Trainer - INFO - Epoch 20/46 - Train Acc: 0.4135, Val Acc: 0.4411, Val Loss: 1.3608, Time: 89.6s
2025-07-24 05:42:40 - AutoML.ComparativeEarlyStopping - INFO - Early stopping evaluation for resnet18:
2025-07-24 05:42:40 - AutoML.ComparativeEarlyStopping - INFO -   Decision scores: {'statistical_significance': 0.0, 'performance_gap': 0.0, 'learning_trend': 0.0, 'resource_efficiency': 0.0}
2025-07-24 05:42:40 - AutoML.ComparativeEarlyStopping - INFO -   Final score: 0.000
2025-07-24 05:42:40 - AutoML.ComparativeEarlyStopping - INFO -   Decision: CONTINUE
2025-07-24 05:44:08 - AutoML.ComparativeEarlyStopping - INFO - Early stopping evaluation for resnet18:
2025-07-24 05:44:08 - AutoML.ComparativeEarlyStopping - INFO -   Decision scores: {'statistical_significance': 0.0, 'performance_gap': 0.0, 'learning_trend': 0.0, 'resource_efficiency': 0.0}
2025-07-24 05:44:08 - AutoML.ComparativeEarlyStopping - INFO -   Final score: 0.000
2025-07-24 05:44:08 - AutoML.ComparativeEarlyStopping - INFO -   Decision: CONTINUE
2025-07-24 05:45:43 - AutoML.ComparativeEarlyStopping - INFO - Early stopping evaluation for resnet18:
2025-07-24 05:45:43 - AutoML.ComparativeEarlyStopping - INFO -   Decision scores: {'statistical_significance': 0.0, 'performance_gap': 0.0, 'learning_trend': 0.0, 'resource_efficiency': 0.0}
2025-07-24 05:45:43 - AutoML.ComparativeEarlyStopping - INFO -   Final score: 0.000
2025-07-24 05:45:43 - AutoML.ComparativeEarlyStopping - INFO -   Decision: CONTINUE
2025-07-24 05:47:11 - AutoML.ComparativeEarlyStopping - INFO - Early stopping evaluation for resnet18:
2025-07-24 05:47:11 - AutoML.ComparativeEarlyStopping - INFO -   Decision scores: {'statistical_significance': 0.0, 'performance_gap': 0.0, 'learning_trend': 0.0, 'resource_efficiency': 0.0}
2025-07-24 05:47:11 - AutoML.ComparativeEarlyStopping - INFO -   Final score: 0.000
2025-07-24 05:47:11 - AutoML.ComparativeEarlyStopping - INFO -   Decision: CONTINUE
2025-07-24 05:48:43 - AutoML.ComparativeEarlyStopping - INFO - Early stopping evaluation for resnet18:
2025-07-24 05:48:43 - AutoML.ComparativeEarlyStopping - INFO -   Decision scores: {'statistical_significance': 0.0, 'performance_gap': 0.0, 'learning_trend': 0.0, 'resource_efficiency': 0.0}
2025-07-24 05:48:43 - AutoML.ComparativeEarlyStopping - INFO -   Final score: 0.000
2025-07-24 05:48:43 - AutoML.ComparativeEarlyStopping - INFO -   Decision: CONTINUE
2025-07-24 05:48:43 - AutoML.Trainer - INFO - Epoch 25/46 - Train Acc: 0.4615, Val Acc: 0.4882, Val Loss: 1.3303, Time: 91.4s
2025-07-24 05:50:18 - AutoML.ComparativeEarlyStopping - INFO - Early stopping evaluation for resnet18:
2025-07-24 05:50:18 - AutoML.ComparativeEarlyStopping - INFO -   Decision scores: {'statistical_significance': 0.0, 'performance_gap': 0.0, 'learning_trend': 0.0, 'resource_efficiency': 0.0}
2025-07-24 05:50:18 - AutoML.ComparativeEarlyStopping - INFO -   Final score: 0.000
2025-07-24 05:50:18 - AutoML.ComparativeEarlyStopping - INFO -   Decision: CONTINUE
2025-07-24 05:51:49 - AutoML.ComparativeEarlyStopping - INFO - Early stopping evaluation for resnet18:
2025-07-24 05:51:49 - AutoML.ComparativeEarlyStopping - INFO -   Decision scores: {'statistical_significance': 0.0, 'performance_gap': 0.0, 'learning_trend': 0.0, 'resource_efficiency': 0.0}
2025-07-24 05:51:49 - AutoML.ComparativeEarlyStopping - INFO -   Final score: 0.000
2025-07-24 05:51:49 - AutoML.ComparativeEarlyStopping - INFO -   Decision: CONTINUE
2025-07-24 05:53:21 - AutoML.ComparativeEarlyStopping - INFO - Early stopping evaluation for resnet18:
2025-07-24 05:53:21 - AutoML.ComparativeEarlyStopping - INFO -   Decision scores: {'statistical_significance': 0.0, 'performance_gap': 0.0, 'learning_trend': 0.0, 'resource_efficiency': 0.0}
2025-07-24 05:53:21 - AutoML.ComparativeEarlyStopping - INFO -   Final score: 0.000
2025-07-24 05:53:21 - AutoML.ComparativeEarlyStopping - INFO -   Decision: CONTINUE
2025-07-24 05:54:50 - AutoML.ComparativeEarlyStopping - INFO - Early stopping evaluation for resnet18:
2025-07-24 05:54:50 - AutoML.ComparativeEarlyStopping - INFO -   Decision scores: {'statistical_significance': 0.0, 'performance_gap': 0.0, 'learning_trend': 0.0, 'resource_efficiency': 0.0}
2025-07-24 05:54:50 - AutoML.ComparativeEarlyStopping - INFO -   Final score: 0.000
2025-07-24 05:54:50 - AutoML.ComparativeEarlyStopping - INFO -   Decision: CONTINUE
2025-07-24 05:56:22 - AutoML.ComparativeEarlyStopping - INFO - Early stopping evaluation for resnet18:
2025-07-24 05:56:22 - AutoML.ComparativeEarlyStopping - INFO -   Decision scores: {'statistical_significance': 0.0, 'performance_gap': 0.0, 'learning_trend': 0.0, 'resource_efficiency': 0.0}
2025-07-24 05:56:22 - AutoML.ComparativeEarlyStopping - INFO -   Final score: 0.000
2025-07-24 05:56:22 - AutoML.ComparativeEarlyStopping - INFO -   Decision: CONTINUE
2025-07-24 05:56:22 - AutoML.Trainer - INFO - Epoch 30/46 - Train Acc: 0.4817, Val Acc: 0.4990, Val Loss: 1.3034, Time: 92.2s
2025-07-24 05:57:52 - AutoML.ComparativeEarlyStopping - INFO - Early stopping evaluation for resnet18:
2025-07-24 05:57:52 - AutoML.ComparativeEarlyStopping - INFO -   Decision scores: {'statistical_significance': 0.0, 'performance_gap': 0.0, 'learning_trend': 0.0, 'resource_efficiency': 0.0}
2025-07-24 05:57:52 - AutoML.ComparativeEarlyStopping - INFO -   Final score: 0.000
2025-07-24 05:57:52 - AutoML.ComparativeEarlyStopping - INFO -   Decision: CONTINUE
2025-07-24 05:59:21 - AutoML.ComparativeEarlyStopping - INFO - Early stopping evaluation for resnet18:
2025-07-24 05:59:21 - AutoML.ComparativeEarlyStopping - INFO -   Decision scores: {'statistical_significance': 0.0, 'performance_gap': 0.0, 'learning_trend': 0.0, 'resource_efficiency': 0.0}
2025-07-24 05:59:21 - AutoML.ComparativeEarlyStopping - INFO -   Final score: 0.000
2025-07-24 05:59:21 - AutoML.ComparativeEarlyStopping - INFO -   Decision: CONTINUE
2025-07-24 06:00:51 - AutoML.ComparativeEarlyStopping - INFO - Early stopping evaluation for resnet18:
2025-07-24 06:00:51 - AutoML.ComparativeEarlyStopping - INFO -   Decision scores: {'statistical_significance': 0.0, 'performance_gap': 0.0, 'learning_trend': 0.0, 'resource_efficiency': 0.0}
2025-07-24 06:00:51 - AutoML.ComparativeEarlyStopping - INFO -   Final score: 0.000
2025-07-24 06:00:51 - AutoML.ComparativeEarlyStopping - INFO -   Decision: CONTINUE
2025-07-24 06:02:20 - AutoML.ComparativeEarlyStopping - INFO - Early stopping evaluation for resnet18:
2025-07-24 06:02:20 - AutoML.ComparativeEarlyStopping - INFO -   Decision scores: {'statistical_significance': 0.0, 'performance_gap': 0.0, 'learning_trend': 0.0, 'resource_efficiency': 0.0}
2025-07-24 06:02:20 - AutoML.ComparativeEarlyStopping - INFO -   Final score: 0.000
2025-07-24 06:02:20 - AutoML.ComparativeEarlyStopping - INFO -   Decision: CONTINUE
2025-07-24 06:03:50 - AutoML.ComparativeEarlyStopping - INFO - Early stopping evaluation for resnet18:
2025-07-24 06:03:50 - AutoML.ComparativeEarlyStopping - INFO -   Decision scores: {'statistical_significance': 0.0, 'performance_gap': 0.0, 'learning_trend': 0.0, 'resource_efficiency': 0.0}
2025-07-24 06:03:50 - AutoML.ComparativeEarlyStopping - INFO -   Final score: 0.000
2025-07-24 06:03:50 - AutoML.ComparativeEarlyStopping - INFO -   Decision: CONTINUE
2025-07-24 06:03:50 - AutoML.Trainer - INFO - Epoch 35/46 - Train Acc: 0.5020, Val Acc: 0.5068, Val Loss: 1.2907, Time: 89.6s
2025-07-24 06:05:19 - AutoML.ComparativeEarlyStopping - INFO - Early stopping evaluation for resnet18:
2025-07-24 06:05:19 - AutoML.ComparativeEarlyStopping - INFO -   Decision scores: {'statistical_significance': 0.0, 'performance_gap': 0.0, 'learning_trend': 0.0, 'resource_efficiency': 0.0}
2025-07-24 06:05:19 - AutoML.ComparativeEarlyStopping - INFO -   Final score: 0.000
2025-07-24 06:05:19 - AutoML.ComparativeEarlyStopping - INFO -   Decision: CONTINUE
2025-07-24 06:06:47 - AutoML.ComparativeEarlyStopping - INFO - Early stopping evaluation for resnet18:
2025-07-24 06:06:47 - AutoML.ComparativeEarlyStopping - INFO -   Decision scores: {'statistical_significance': 0.0, 'performance_gap': 0.0, 'learning_trend': 0.0, 'resource_efficiency': 0.0}
2025-07-24 06:06:47 - AutoML.ComparativeEarlyStopping - INFO -   Final score: 0.000
2025-07-24 06:06:47 - AutoML.ComparativeEarlyStopping - INFO -   Decision: CONTINUE
2025-07-24 06:08:18 - AutoML.ComparativeEarlyStopping - INFO - Early stopping evaluation for resnet18:
2025-07-24 06:08:18 - AutoML.ComparativeEarlyStopping - INFO -   Decision scores: {'statistical_significance': 0.0, 'performance_gap': 0.0, 'learning_trend': 0.0, 'resource_efficiency': 0.0}
2025-07-24 06:08:18 - AutoML.ComparativeEarlyStopping - INFO -   Final score: 0.000
2025-07-24 06:08:18 - AutoML.ComparativeEarlyStopping - INFO -   Decision: CONTINUE
2025-07-24 06:09:48 - AutoML.ComparativeEarlyStopping - INFO - Early stopping evaluation for resnet18:
2025-07-24 06:09:48 - AutoML.ComparativeEarlyStopping - INFO -   Decision scores: {'statistical_significance': 0.0, 'performance_gap': 0.0, 'learning_trend': 0.0, 'resource_efficiency': 0.0}
2025-07-24 06:09:48 - AutoML.ComparativeEarlyStopping - INFO -   Final score: 0.000
2025-07-24 06:09:48 - AutoML.ComparativeEarlyStopping - INFO -   Decision: CONTINUE
2025-07-24 06:11:18 - AutoML.ComparativeEarlyStopping - INFO - Early stopping evaluation for resnet18:
2025-07-24 06:11:18 - AutoML.ComparativeEarlyStopping - INFO -   Decision scores: {'statistical_significance': 0.0, 'performance_gap': 0.0, 'learning_trend': 0.0, 'resource_efficiency': 0.0}
2025-07-24 06:11:18 - AutoML.ComparativeEarlyStopping - INFO -   Final score: 0.000
2025-07-24 06:11:18 - AutoML.ComparativeEarlyStopping - INFO -   Decision: CONTINUE
2025-07-24 06:11:18 - AutoML.Trainer - INFO - Epoch 40/46 - Train Acc: 0.5087, Val Acc: 0.5232, Val Loss: 1.2620, Time: 90.0s
2025-07-24 06:12:52 - AutoML.ComparativeEarlyStopping - INFO - Early stopping evaluation for resnet18:
2025-07-24 06:12:52 - AutoML.ComparativeEarlyStopping - INFO -   Decision scores: {'statistical_significance': 0.0, 'performance_gap': 0.0, 'learning_trend': 0.0, 'resource_efficiency': 0.0}
2025-07-24 06:12:52 - AutoML.ComparativeEarlyStopping - INFO -   Final score: 0.000
2025-07-24 06:12:52 - AutoML.ComparativeEarlyStopping - INFO -   Decision: CONTINUE
2025-07-24 06:14:24 - AutoML.ComparativeEarlyStopping - INFO - Early stopping evaluation for resnet18:
2025-07-24 06:14:24 - AutoML.ComparativeEarlyStopping - INFO -   Decision scores: {'statistical_significance': 0.0, 'performance_gap': 0.0, 'learning_trend': 0.0, 'resource_efficiency': 0.0}
2025-07-24 06:14:24 - AutoML.ComparativeEarlyStopping - INFO -   Final score: 0.000
2025-07-24 06:14:24 - AutoML.ComparativeEarlyStopping - INFO -   Decision: CONTINUE
2025-07-24 06:15:52 - AutoML.ComparativeEarlyStopping - INFO - Early stopping evaluation for resnet18:
2025-07-24 06:15:52 - AutoML.ComparativeEarlyStopping - INFO -   Decision scores: {'statistical_significance': 0.0, 'performance_gap': 0.0, 'learning_trend': 0.0, 'resource_efficiency': 0.0}
2025-07-24 06:15:52 - AutoML.ComparativeEarlyStopping - INFO -   Final score: 0.000
2025-07-24 06:15:52 - AutoML.ComparativeEarlyStopping - INFO -   Decision: CONTINUE
2025-07-24 06:17:21 - AutoML.ComparativeEarlyStopping - INFO - Early stopping evaluation for resnet18:
2025-07-24 06:17:21 - AutoML.ComparativeEarlyStopping - INFO -   Decision scores: {'statistical_significance': 0.0, 'performance_gap': 0.0, 'learning_trend': 0.0, 'resource_efficiency': 0.0}
2025-07-24 06:17:21 - AutoML.ComparativeEarlyStopping - INFO -   Final score: 0.000
2025-07-24 06:17:21 - AutoML.ComparativeEarlyStopping - INFO -   Decision: CONTINUE
2025-07-24 06:18:50 - AutoML.ComparativeEarlyStopping - INFO - Early stopping evaluation for resnet18:
2025-07-24 06:18:50 - AutoML.ComparativeEarlyStopping - INFO -   Decision scores: {'statistical_significance': 0.0, 'performance_gap': 0.0, 'learning_trend': 0.0, 'resource_efficiency': 0.0}
2025-07-24 06:18:50 - AutoML.ComparativeEarlyStopping - INFO -   Final score: 0.000
2025-07-24 06:18:50 - AutoML.ComparativeEarlyStopping - INFO -   Decision: CONTINUE
2025-07-24 06:18:50 - AutoML.Trainer - INFO - Epoch 45/46 - Train Acc: 0.5376, Val Acc: 0.5326, Val Loss: 1.2682, Time: 88.7s
2025-07-24 06:21:43 - AutoML.ComparativeEarlyStopping - INFO - Early stopping evaluation for resnet18:
2025-07-24 06:21:43 - AutoML.ComparativeEarlyStopping - INFO -   Decision scores: {'statistical_significance': 0.0, 'performance_gap': 0.0, 'learning_trend': 0.0, 'resource_efficiency': 0.0}
2025-07-24 06:21:43 - AutoML.ComparativeEarlyStopping - INFO -   Final score: 0.000
2025-07-24 06:21:43 - AutoML.ComparativeEarlyStopping - INFO -   Decision: CONTINUE
2025-07-24 06:21:43 - AutoML.Trainer - INFO - Epoch 46/46 - Train Acc: 0.5370, Val Acc: 0.5204, Val Loss: 1.2874, Time: 172.9s
2025-07-24 06:21:43 - AutoML.Trainer - INFO - Training completed for resnet18
2025-07-24 06:21:43 - AutoML.Trainer - INFO - Best validation accuracy: 0.5334
2025-07-24 06:21:43 - AutoML.Trainer - INFO - Total training time: 4399.0s
2025-07-24 06:21:43 - AutoML.Trainer - INFO - Average epoch time: 95.6s
2025-07-24 06:21:43 - AutoML.Trainer - INFO - Evaluating hyperparameters for resnet18: {'learning_rate': 1.0661259689433896e-05, 'optimizer': 'adam', 'weight_decay': 3.0162092627967784e-06, 'batch_size': 32, 'dropout_rate': 0.49211327122662446, 'pretrained': False, 'lr_scheduler': 'cosine', 'max_epochs': 29}
2025-07-24 06:21:43 - AutoML.ModelFactory - INFO - Creating resnet18 (pretrained=False, dropout=0.49211327122662446)
2025-07-24 06:21:43 - AutoML.ModelFactory - INFO - resnet18 created successfully:
2025-07-24 06:21:43 - AutoML.ModelFactory - INFO -   Parameters: 11,173,831
2025-07-24 06:21:43 - AutoML.ModelFactory - INFO -   Trainable: 11,173,831
2025-07-24 06:21:43 - AutoML.ModelFactory - INFO -   Model size: 42.62 MB
2025-07-24 06:21:43 - AutoML - INFO - resnet18 creation completed in 0.41 seconds
2025-07-24 06:29:13 - AutoML.ComparativeEarlyStopping - INFO - Early stopping evaluation for resnet18:
2025-07-24 06:29:13 - AutoML.ComparativeEarlyStopping - INFO -   Decision scores: {'statistical_significance': 0.0, 'performance_gap': 0.0, 'learning_trend': 0.0, 'resource_efficiency': 0.0}
2025-07-24 06:29:13 - AutoML.ComparativeEarlyStopping - INFO -   Final score: 0.000
2025-07-24 06:29:13 - AutoML.ComparativeEarlyStopping - INFO -   Decision: CONTINUE
2025-07-24 06:29:13 - AutoML.Trainer - INFO - Epoch 5/29 - Train Acc: 0.2782, Val Acc: 0.3025, Val Loss: 1.7327, Time: 86.8s
2025-07-24 06:30:47 - AutoML.ComparativeEarlyStopping - INFO - Early stopping evaluation for resnet18:
2025-07-24 06:30:47 - AutoML.ComparativeEarlyStopping - INFO -   Decision scores: {'statistical_significance': 0.0, 'performance_gap': 0.0, 'learning_trend': 0.0, 'resource_efficiency': 0.0}
2025-07-24 06:30:47 - AutoML.ComparativeEarlyStopping - INFO -   Final score: 0.000
2025-07-24 06:30:47 - AutoML.ComparativeEarlyStopping - INFO -   Decision: CONTINUE
2025-07-24 06:32:20 - AutoML.ComparativeEarlyStopping - INFO - Early stopping evaluation for resnet18:
2025-07-24 06:32:20 - AutoML.ComparativeEarlyStopping - INFO -   Decision scores: {'statistical_significance': 0.0, 'performance_gap': 0.0, 'learning_trend': 0.0, 'resource_efficiency': 0.0}
2025-07-24 06:32:20 - AutoML.ComparativeEarlyStopping - INFO -   Final score: 0.000
2025-07-24 06:32:20 - AutoML.ComparativeEarlyStopping - INFO -   Decision: CONTINUE
2025-07-24 06:33:51 - AutoML.ComparativeEarlyStopping - INFO - Early stopping evaluation for resnet18:
2025-07-24 06:33:51 - AutoML.ComparativeEarlyStopping - INFO -   Decision scores: {'statistical_significance': 0.0, 'performance_gap': 0.0, 'learning_trend': 0.0, 'resource_efficiency': 0.0}
2025-07-24 06:33:51 - AutoML.ComparativeEarlyStopping - INFO -   Final score: 0.000
2025-07-24 06:33:51 - AutoML.ComparativeEarlyStopping - INFO -   Decision: CONTINUE
2025-07-24 06:35:17 - AutoML.ComparativeEarlyStopping - INFO - Early stopping evaluation for resnet18:
2025-07-24 06:35:17 - AutoML.ComparativeEarlyStopping - INFO -   Decision scores: {'statistical_significance': 0.0, 'performance_gap': 0.0, 'learning_trend': 0.0, 'resource_efficiency': 0.0}
2025-07-24 06:35:17 - AutoML.ComparativeEarlyStopping - INFO -   Final score: 0.000
2025-07-24 06:35:17 - AutoML.ComparativeEarlyStopping - INFO -   Decision: CONTINUE
2025-07-24 06:36:49 - AutoML.ComparativeEarlyStopping - INFO - Early stopping evaluation for resnet18:
2025-07-24 06:36:49 - AutoML.ComparativeEarlyStopping - INFO -   Decision scores: {'statistical_significance': 0.0, 'performance_gap': 0.0, 'learning_trend': 0.0, 'resource_efficiency': 0.0}
2025-07-24 06:36:49 - AutoML.ComparativeEarlyStopping - INFO -   Final score: 0.000
2025-07-24 06:36:49 - AutoML.ComparativeEarlyStopping - INFO -   Decision: CONTINUE
2025-07-24 06:36:49 - AutoML.Trainer - INFO - Epoch 10/29 - Train Acc: 0.3337, Val Acc: 0.3575, Val Loss: 1.6478, Time: 91.6s
2025-07-24 06:38:18 - AutoML.ComparativeEarlyStopping - INFO - Early stopping evaluation for resnet18:
2025-07-24 06:38:18 - AutoML.ComparativeEarlyStopping - INFO -   Decision scores: {'statistical_significance': 0.0, 'performance_gap': 0.0, 'learning_trend': 0.0, 'resource_efficiency': 0.0}
2025-07-24 06:38:18 - AutoML.ComparativeEarlyStopping - INFO -   Final score: 0.000
2025-07-24 06:38:18 - AutoML.ComparativeEarlyStopping - INFO -   Decision: CONTINUE
2025-07-24 06:39:49 - AutoML.ComparativeEarlyStopping - INFO - Early stopping evaluation for resnet18:
2025-07-24 06:39:49 - AutoML.ComparativeEarlyStopping - INFO -   Decision scores: {'statistical_significance': 0.0, 'performance_gap': 0.0, 'learning_trend': 0.0, 'resource_efficiency': 0.0}
2025-07-24 06:39:49 - AutoML.ComparativeEarlyStopping - INFO -   Final score: 0.000
2025-07-24 06:39:49 - AutoML.ComparativeEarlyStopping - INFO -   Decision: CONTINUE
2025-07-24 06:41:17 - AutoML.ComparativeEarlyStopping - INFO - Early stopping evaluation for resnet18:
2025-07-24 06:41:17 - AutoML.ComparativeEarlyStopping - INFO -   Decision scores: {'statistical_significance': 0.0, 'performance_gap': 0.0, 'learning_trend': 0.0, 'resource_efficiency': 0.0}
2025-07-24 06:41:17 - AutoML.ComparativeEarlyStopping - INFO -   Final score: 0.000
2025-07-24 06:41:17 - AutoML.ComparativeEarlyStopping - INFO -   Decision: CONTINUE
2025-07-24 06:42:46 - AutoML.ComparativeEarlyStopping - INFO - Early stopping evaluation for resnet18:
2025-07-24 06:42:46 - AutoML.ComparativeEarlyStopping - INFO -   Decision scores: {'statistical_significance': 0.0, 'performance_gap': 0.0, 'learning_trend': 0.0, 'resource_efficiency': 0.0}
2025-07-24 06:42:46 - AutoML.ComparativeEarlyStopping - INFO -   Final score: 0.000
2025-07-24 06:42:46 - AutoML.ComparativeEarlyStopping - INFO -   Decision: CONTINUE
2025-07-24 06:44:16 - AutoML.ComparativeEarlyStopping - INFO - Early stopping evaluation for resnet18:
2025-07-24 06:44:16 - AutoML.ComparativeEarlyStopping - INFO -   Decision scores: {'statistical_significance': 0.0, 'performance_gap': 0.0, 'learning_trend': 0.0, 'resource_efficiency': 0.0}
2025-07-24 06:44:16 - AutoML.ComparativeEarlyStopping - INFO -   Final score: 0.000
2025-07-24 06:44:16 - AutoML.ComparativeEarlyStopping - INFO -   Decision: CONTINUE
2025-07-24 06:44:16 - AutoML.Trainer - INFO - Epoch 15/29 - Train Acc: 0.3763, Val Acc: 0.3917, Val Loss: 1.5801, Time: 89.7s
2025-07-24 06:45:52 - AutoML.ComparativeEarlyStopping - INFO - Early stopping evaluation for resnet18:
2025-07-24 06:45:52 - AutoML.ComparativeEarlyStopping - INFO -   Decision scores: {'statistical_significance': 0.0, 'performance_gap': 0.0, 'learning_trend': 0.0, 'resource_efficiency': 0.0}
2025-07-24 06:45:52 - AutoML.ComparativeEarlyStopping - INFO -   Final score: 0.000
2025-07-24 06:45:52 - AutoML.ComparativeEarlyStopping - INFO -   Decision: CONTINUE
2025-07-24 06:47:20 - AutoML.ComparativeEarlyStopping - INFO - Early stopping evaluation for resnet18:
2025-07-24 06:47:20 - AutoML.ComparativeEarlyStopping - INFO -   Decision scores: {'statistical_significance': 0.0, 'performance_gap': 0.0, 'learning_trend': 0.0, 'resource_efficiency': 0.0}
2025-07-24 06:47:20 - AutoML.ComparativeEarlyStopping - INFO -   Final score: 0.000
2025-07-24 06:47:20 - AutoML.ComparativeEarlyStopping - INFO -   Decision: CONTINUE
2025-07-24 06:48:52 - AutoML.ComparativeEarlyStopping - INFO - Early stopping evaluation for resnet18:
2025-07-24 06:48:52 - AutoML.ComparativeEarlyStopping - INFO -   Decision scores: {'statistical_significance': 0.0, 'performance_gap': 0.0, 'learning_trend': 0.0, 'resource_efficiency': 0.0}
2025-07-24 06:48:52 - AutoML.ComparativeEarlyStopping - INFO -   Final score: 0.000
2025-07-24 06:48:52 - AutoML.ComparativeEarlyStopping - INFO -   Decision: CONTINUE
2025-07-24 06:50:25 - AutoML.ComparativeEarlyStopping - INFO - Early stopping evaluation for resnet18:
2025-07-24 06:50:25 - AutoML.ComparativeEarlyStopping - INFO -   Decision scores: {'statistical_significance': 0.0, 'performance_gap': 0.0, 'learning_trend': 0.0, 'resource_efficiency': 0.0}
2025-07-24 06:50:25 - AutoML.ComparativeEarlyStopping - INFO -   Final score: 0.000
2025-07-24 06:50:25 - AutoML.ComparativeEarlyStopping - INFO -   Decision: CONTINUE
2025-07-24 06:51:55 - AutoML.ComparativeEarlyStopping - INFO - Early stopping evaluation for resnet18:
2025-07-24 06:51:55 - AutoML.ComparativeEarlyStopping - INFO -   Decision scores: {'statistical_significance': 0.0, 'performance_gap': 0.0, 'learning_trend': 0.0, 'resource_efficiency': 0.0}
2025-07-24 06:51:55 - AutoML.ComparativeEarlyStopping - INFO -   Final score: 0.000
2025-07-24 06:51:55 - AutoML.ComparativeEarlyStopping - INFO -   Decision: CONTINUE
2025-07-24 06:51:55 - AutoML.Trainer - INFO - Epoch 20/29 - Train Acc: 0.3961, Val Acc: 0.4080, Val Loss: 1.5470, Time: 90.4s
2025-07-24 06:53:26 - AutoML.ComparativeEarlyStopping - INFO - Early stopping evaluation for resnet18:
2025-07-24 06:53:26 - AutoML.ComparativeEarlyStopping - INFO -   Decision scores: {'statistical_significance': 0.0, 'performance_gap': 0.0, 'learning_trend': 0.0, 'resource_efficiency': 0.0}
2025-07-24 06:53:26 - AutoML.ComparativeEarlyStopping - INFO -   Final score: 0.000
2025-07-24 06:53:26 - AutoML.ComparativeEarlyStopping - INFO -   Decision: CONTINUE
2025-07-24 06:54:55 - AutoML.ComparativeEarlyStopping - INFO - Early stopping evaluation for resnet18:
2025-07-24 06:54:55 - AutoML.ComparativeEarlyStopping - INFO -   Decision scores: {'statistical_significance': 0.0, 'performance_gap': 0.0, 'learning_trend': 0.0, 'resource_efficiency': 0.0}
2025-07-24 06:54:55 - AutoML.ComparativeEarlyStopping - INFO -   Final score: 0.000
2025-07-24 06:54:55 - AutoML.ComparativeEarlyStopping - INFO -   Decision: CONTINUE
2025-07-24 06:56:27 - AutoML.ComparativeEarlyStopping - INFO - Early stopping evaluation for resnet18:
2025-07-24 06:56:27 - AutoML.ComparativeEarlyStopping - INFO -   Decision scores: {'statistical_significance': 0.0, 'performance_gap': 0.0, 'learning_trend': 0.0, 'resource_efficiency': 0.0}
2025-07-24 06:56:27 - AutoML.ComparativeEarlyStopping - INFO -   Final score: 0.000
2025-07-24 06:56:27 - AutoML.ComparativeEarlyStopping - INFO -   Decision: CONTINUE
2025-07-24 06:57:57 - AutoML.ComparativeEarlyStopping - INFO - Early stopping evaluation for resnet18:
2025-07-24 06:57:57 - AutoML.ComparativeEarlyStopping - INFO -   Decision scores: {'statistical_significance': 0.0, 'performance_gap': 0.0, 'learning_trend': 0.0, 'resource_efficiency': 0.0}
2025-07-24 06:57:57 - AutoML.ComparativeEarlyStopping - INFO -   Final score: 0.000
2025-07-24 06:57:57 - AutoML.ComparativeEarlyStopping - INFO -   Decision: CONTINUE
2025-07-24 06:59:27 - AutoML.ComparativeEarlyStopping - INFO - Early stopping evaluation for resnet18:
2025-07-24 06:59:27 - AutoML.ComparativeEarlyStopping - INFO -   Decision scores: {'statistical_significance': 0.0, 'performance_gap': 0.0, 'learning_trend': 0.0, 'resource_efficiency': 0.0}
2025-07-24 06:59:27 - AutoML.ComparativeEarlyStopping - INFO -   Final score: 0.000
2025-07-24 06:59:27 - AutoML.ComparativeEarlyStopping - INFO -   Decision: CONTINUE
2025-07-24 06:59:27 - AutoML.Trainer - INFO - Epoch 25/29 - Train Acc: 0.4012, Val Acc: 0.4131, Val Loss: 1.5348, Time: 89.9s
2025-07-24 07:00:57 - AutoML.ComparativeEarlyStopping - INFO - Early stopping evaluation for resnet18:
2025-07-24 07:00:57 - AutoML.ComparativeEarlyStopping - INFO -   Decision scores: {'statistical_significance': 0.0, 'performance_gap': 0.0, 'learning_trend': 0.0, 'resource_efficiency': 0.0}
2025-07-24 07:00:57 - AutoML.ComparativeEarlyStopping - INFO -   Final score: 0.000
2025-07-24 07:00:57 - AutoML.ComparativeEarlyStopping - INFO -   Decision: CONTINUE
2025-07-24 07:02:27 - AutoML.ComparativeEarlyStopping - INFO - Early stopping evaluation for resnet18:
2025-07-24 07:02:27 - AutoML.ComparativeEarlyStopping - INFO -   Decision scores: {'statistical_significance': 0.0, 'performance_gap': 0.0, 'learning_trend': 0.0, 'resource_efficiency': 0.0}
2025-07-24 07:02:27 - AutoML.ComparativeEarlyStopping - INFO -   Final score: 0.000
2025-07-24 07:02:27 - AutoML.ComparativeEarlyStopping - INFO -   Decision: CONTINUE
2025-07-24 07:03:58 - AutoML.ComparativeEarlyStopping - INFO - Early stopping evaluation for resnet18:
2025-07-24 07:03:58 - AutoML.ComparativeEarlyStopping - INFO -   Decision scores: {'statistical_significance': 0.0, 'performance_gap': 0.0, 'learning_trend': 0.0, 'resource_efficiency': 0.0}
2025-07-24 07:03:58 - AutoML.ComparativeEarlyStopping - INFO -   Final score: 0.000
2025-07-24 07:03:58 - AutoML.ComparativeEarlyStopping - INFO -   Decision: CONTINUE
2025-07-24 07:05:28 - AutoML.ComparativeEarlyStopping - INFO - Early stopping evaluation for resnet18:
2025-07-24 07:05:28 - AutoML.ComparativeEarlyStopping - INFO -   Decision scores: {'statistical_significance': 0.0, 'performance_gap': 0.0, 'learning_trend': 0.0, 'resource_efficiency': 0.0}
2025-07-24 07:05:28 - AutoML.ComparativeEarlyStopping - INFO -   Final score: 0.000
2025-07-24 07:05:28 - AutoML.ComparativeEarlyStopping - INFO -   Decision: CONTINUE
2025-07-24 07:05:28 - AutoML.Trainer - INFO - Epoch 29/29 - Train Acc: 0.4057, Val Acc: 0.4141, Val Loss: 1.5319, Time: 90.4s
2025-07-24 07:05:28 - AutoML.Trainer - INFO - Training completed for resnet18
2025-07-24 07:05:28 - AutoML.Trainer - INFO - Best validation accuracy: 0.4155
2025-07-24 07:05:28 - AutoML.Trainer - INFO - Total training time: 2625.5s
2025-07-24 07:05:28 - AutoML.Trainer - INFO - Average epoch time: 90.5s
2025-07-24 07:05:29 - AutoML.Trainer - INFO - Evaluating hyperparameters for resnet18: {'learning_rate': 0.00013783578294796384, 'optimizer': 'sgd', 'weight_decay': 1.6066267921727714e-06, 'batch_size': 32, 'dropout_rate': 0.34261693219429407, 'pretrained': True, 'lr_scheduler': 'step', 'max_epochs': 42}
2025-07-24 07:05:29 - AutoML.ModelFactory - INFO - Creating resnet18 (pretrained=True, dropout=0.34261693219429407)
2025-07-24 07:05:29 - AutoML.ModelFactory - INFO - resnet18 created successfully:
2025-07-24 07:05:29 - AutoML.ModelFactory - INFO -   Parameters: 11,173,831
2025-07-24 07:05:29 - AutoML.ModelFactory - INFO -   Trainable: 11,173,831
2025-07-24 07:05:29 - AutoML.ModelFactory - INFO -   Model size: 42.62 MB
2025-07-24 07:05:29 - AutoML - INFO - resnet18 creation completed in 0.98 seconds
2025-07-24 07:12:50 - AutoML.ComparativeEarlyStopping - INFO - Early stopping evaluation for resnet18:
2025-07-24 07:12:50 - AutoML.ComparativeEarlyStopping - INFO -   Decision scores: {'statistical_significance': 0.0, 'performance_gap': 0.0, 'learning_trend': 0.0, 'resource_efficiency': 0.0}
2025-07-24 07:12:50 - AutoML.ComparativeEarlyStopping - INFO -   Final score: 0.000
2025-07-24 07:12:50 - AutoML.ComparativeEarlyStopping - INFO -   Decision: CONTINUE
2025-07-24 07:12:50 - AutoML.Trainer - INFO - Epoch 5/42 - Train Acc: 0.2774, Val Acc: 0.2832, Val Loss: 1.7538, Time: 87.9s
2025-07-24 07:14:18 - AutoML.ComparativeEarlyStopping - INFO - Early stopping evaluation for resnet18:
2025-07-24 07:14:18 - AutoML.ComparativeEarlyStopping - INFO -   Decision scores: {'statistical_significance': 0.0, 'performance_gap': 0.0, 'learning_trend': 0.0, 'resource_efficiency': 0.0}
2025-07-24 07:14:18 - AutoML.ComparativeEarlyStopping - INFO -   Final score: 0.000
2025-07-24 07:14:18 - AutoML.ComparativeEarlyStopping - INFO -   Decision: CONTINUE
2025-07-24 07:15:47 - AutoML.ComparativeEarlyStopping - INFO - Early stopping evaluation for resnet18:
2025-07-24 07:15:47 - AutoML.ComparativeEarlyStopping - INFO -   Decision scores: {'statistical_significance': 0.0, 'performance_gap': 0.0, 'learning_trend': 0.0, 'resource_efficiency': 0.0}
2025-07-24 07:15:47 - AutoML.ComparativeEarlyStopping - INFO -   Final score: 0.000
2025-07-24 07:15:47 - AutoML.ComparativeEarlyStopping - INFO -   Decision: CONTINUE
2025-07-24 07:17:18 - AutoML.ComparativeEarlyStopping - INFO - Early stopping evaluation for resnet18:
2025-07-24 07:17:18 - AutoML.ComparativeEarlyStopping - INFO -   Decision scores: {'statistical_significance': 0.0, 'performance_gap': 0.0, 'learning_trend': 0.0, 'resource_efficiency': 0.0}
2025-07-24 07:17:18 - AutoML.ComparativeEarlyStopping - INFO -   Final score: 0.000
2025-07-24 07:17:18 - AutoML.ComparativeEarlyStopping - INFO -   Decision: CONTINUE
2025-07-24 07:18:50 - AutoML.ComparativeEarlyStopping - INFO - Early stopping evaluation for resnet18:
2025-07-24 07:18:50 - AutoML.ComparativeEarlyStopping - INFO -   Decision scores: {'statistical_significance': 0.0, 'performance_gap': 0.0, 'learning_trend': 0.0, 'resource_efficiency': 0.0}
2025-07-24 07:18:50 - AutoML.ComparativeEarlyStopping - INFO -   Final score: 0.000
2025-07-24 07:18:50 - AutoML.ComparativeEarlyStopping - INFO -   Decision: CONTINUE
2025-07-24 07:20:19 - AutoML.ComparativeEarlyStopping - INFO - Early stopping evaluation for resnet18:
2025-07-24 07:20:19 - AutoML.ComparativeEarlyStopping - INFO -   Decision scores: {'statistical_significance': 0.0, 'performance_gap': 0.0, 'learning_trend': 0.0, 'resource_efficiency': 0.0}
2025-07-24 07:20:19 - AutoML.ComparativeEarlyStopping - INFO -   Final score: 0.000
2025-07-24 07:20:19 - AutoML.ComparativeEarlyStopping - INFO -   Decision: CONTINUE
2025-07-24 07:20:19 - AutoML.Trainer - INFO - Epoch 10/42 - Train Acc: 0.3060, Val Acc: 0.3213, Val Loss: 1.7066, Time: 89.5s
2025-07-24 07:21:47 - AutoML.ComparativeEarlyStopping - INFO - Early stopping evaluation for resnet18:
2025-07-24 07:21:47 - AutoML.ComparativeEarlyStopping - INFO -   Decision scores: {'statistical_significance': 0.0, 'performance_gap': 0.0, 'learning_trend': 0.0, 'resource_efficiency': 0.0}
2025-07-24 07:21:47 - AutoML.ComparativeEarlyStopping - INFO -   Final score: 0.000
2025-07-24 07:21:47 - AutoML.ComparativeEarlyStopping - INFO -   Decision: CONTINUE
2025-07-24 07:23:18 - AutoML.ComparativeEarlyStopping - INFO - Early stopping evaluation for resnet18:
2025-07-24 07:23:18 - AutoML.ComparativeEarlyStopping - INFO -   Decision scores: {'statistical_significance': 0.0, 'performance_gap': 0.0, 'learning_trend': 0.0, 'resource_efficiency': 0.0}
2025-07-24 07:23:18 - AutoML.ComparativeEarlyStopping - INFO -   Final score: 0.000
2025-07-24 07:23:18 - AutoML.ComparativeEarlyStopping - INFO -   Decision: CONTINUE
2025-07-24 07:24:49 - AutoML.ComparativeEarlyStopping - INFO - Early stopping evaluation for resnet18:
2025-07-24 07:24:49 - AutoML.ComparativeEarlyStopping - INFO -   Decision scores: {'statistical_significance': 0.0, 'performance_gap': 0.0, 'learning_trend': 0.0, 'resource_efficiency': 0.0}
2025-07-24 07:24:49 - AutoML.ComparativeEarlyStopping - INFO -   Final score: 0.000
2025-07-24 07:24:49 - AutoML.ComparativeEarlyStopping - INFO -   Decision: CONTINUE
2025-07-24 07:26:17 - AutoML.ComparativeEarlyStopping - INFO - Early stopping evaluation for resnet18:
2025-07-24 07:26:17 - AutoML.ComparativeEarlyStopping - INFO -   Decision scores: {'statistical_significance': 0.0, 'performance_gap': 0.0, 'learning_trend': 0.0, 'resource_efficiency': 0.0}
2025-07-24 07:26:17 - AutoML.ComparativeEarlyStopping - INFO -   Final score: 0.000
2025-07-24 07:26:17 - AutoML.ComparativeEarlyStopping - INFO -   Decision: CONTINUE
2025-07-24 07:27:50 - AutoML.ComparativeEarlyStopping - INFO - Early stopping evaluation for resnet18:
2025-07-24 07:27:50 - AutoML.ComparativeEarlyStopping - INFO -   Decision scores: {'statistical_significance': 0.0, 'performance_gap': 0.0, 'learning_trend': 0.0, 'resource_efficiency': 0.0}
2025-07-24 07:27:50 - AutoML.ComparativeEarlyStopping - INFO -   Final score: 0.000
2025-07-24 07:27:50 - AutoML.ComparativeEarlyStopping - INFO -   Decision: CONTINUE
2025-07-24 07:27:50 - AutoML.Trainer - INFO - Epoch 15/42 - Train Acc: 0.3102, Val Acc: 0.3229, Val Loss: 1.7041, Time: 92.1s
2025-07-24 07:30:37 - AutoML.ComparativeEarlyStopping - INFO - Early stopping evaluation for resnet18:
2025-07-24 07:30:37 - AutoML.ComparativeEarlyStopping - INFO -   Decision scores: {'statistical_significance': 0.0, 'performance_gap': 0.0, 'learning_trend': 0.0, 'resource_efficiency': 0.0}
2025-07-24 07:30:37 - AutoML.ComparativeEarlyStopping - INFO -   Final score: 0.000
2025-07-24 07:30:37 - AutoML.ComparativeEarlyStopping - INFO -   Decision: CONTINUE
2025-07-24 07:32:08 - AutoML.ComparativeEarlyStopping - INFO - Early stopping evaluation for resnet18:
2025-07-24 07:32:08 - AutoML.ComparativeEarlyStopping - INFO -   Decision scores: {'statistical_significance': 0.0, 'performance_gap': 0.0, 'learning_trend': 0.0, 'resource_efficiency': 0.0}
2025-07-24 07:32:08 - AutoML.ComparativeEarlyStopping - INFO -   Final score: 0.000
2025-07-24 07:32:08 - AutoML.ComparativeEarlyStopping - INFO -   Decision: CONTINUE
2025-07-24 07:33:41 - AutoML.ComparativeEarlyStopping - INFO - Early stopping evaluation for resnet18:
2025-07-24 07:33:41 - AutoML.ComparativeEarlyStopping - INFO -   Decision scores: {'statistical_significance': 0.0, 'performance_gap': 0.0, 'learning_trend': 0.0, 'resource_efficiency': 0.0}
2025-07-24 07:33:41 - AutoML.ComparativeEarlyStopping - INFO -   Final score: 0.000
2025-07-24 07:33:41 - AutoML.ComparativeEarlyStopping - INFO -   Decision: CONTINUE
2025-07-24 07:35:13 - AutoML.ComparativeEarlyStopping - INFO - Early stopping evaluation for resnet18:
2025-07-24 07:35:13 - AutoML.ComparativeEarlyStopping - INFO -   Decision scores: {'statistical_significance': 0.0, 'performance_gap': 0.0, 'learning_trend': 0.0, 'resource_efficiency': 0.0}
2025-07-24 07:35:13 - AutoML.ComparativeEarlyStopping - INFO -   Final score: 0.000
2025-07-24 07:35:13 - AutoML.ComparativeEarlyStopping - INFO -   Decision: CONTINUE
2025-07-24 07:36:46 - AutoML.ComparativeEarlyStopping - INFO - Early stopping evaluation for resnet18:
2025-07-24 07:36:46 - AutoML.ComparativeEarlyStopping - INFO -   Decision scores: {'statistical_significance': 0.0, 'performance_gap': 0.0, 'learning_trend': 0.0, 'resource_efficiency': 0.0}
2025-07-24 07:36:46 - AutoML.ComparativeEarlyStopping - INFO -   Final score: 0.000
2025-07-24 07:36:46 - AutoML.ComparativeEarlyStopping - INFO -   Decision: CONTINUE
2025-07-24 07:36:46 - AutoML.Trainer - INFO - Epoch 20/42 - Train Acc: 0.3196, Val Acc: 0.3260, Val Loss: 1.7001, Time: 93.6s
2025-07-24 07:38:19 - AutoML.ComparativeEarlyStopping - INFO - Early stopping evaluation for resnet18:
2025-07-24 07:38:19 - AutoML.ComparativeEarlyStopping - INFO -   Decision scores: {'statistical_significance': 0.0, 'performance_gap': 0.0, 'learning_trend': 0.0, 'resource_efficiency': 0.0}
2025-07-24 07:38:19 - AutoML.ComparativeEarlyStopping - INFO -   Final score: 0.000
2025-07-24 07:38:19 - AutoML.ComparativeEarlyStopping - INFO -   Decision: CONTINUE
2025-07-24 07:39:48 - AutoML.ComparativeEarlyStopping - INFO - Early stopping evaluation for resnet18:
2025-07-24 07:39:48 - AutoML.ComparativeEarlyStopping - INFO -   Decision scores: {'statistical_significance': 0.0, 'performance_gap': 0.0, 'learning_trend': 0.0, 'resource_efficiency': 0.0}
2025-07-24 07:39:48 - AutoML.ComparativeEarlyStopping - INFO -   Final score: 0.000
2025-07-24 07:39:48 - AutoML.ComparativeEarlyStopping - INFO -   Decision: CONTINUE
2025-07-24 07:41:19 - AutoML.ComparativeEarlyStopping - INFO - Early stopping evaluation for resnet18:
2025-07-24 07:41:19 - AutoML.ComparativeEarlyStopping - INFO -   Decision scores: {'statistical_significance': 0.0, 'performance_gap': 0.0, 'learning_trend': 0.0, 'resource_efficiency': 0.0}
2025-07-24 07:41:19 - AutoML.ComparativeEarlyStopping - INFO -   Final score: 0.000
2025-07-24 07:41:19 - AutoML.ComparativeEarlyStopping - INFO -   Decision: CONTINUE
2025-07-24 07:42:47 - AutoML.ComparativeEarlyStopping - INFO - Early stopping evaluation for resnet18:
2025-07-24 07:42:47 - AutoML.ComparativeEarlyStopping - INFO -   Decision scores: {'statistical_significance': 0.0, 'performance_gap': 0.0, 'learning_trend': 0.3, 'resource_efficiency': 0.0}
2025-07-24 07:42:47 - AutoML.ComparativeEarlyStopping - INFO -   Final score: 0.075
2025-07-24 07:42:47 - AutoML.ComparativeEarlyStopping - INFO -   Decision: CONTINUE
2025-07-24 07:44:16 - AutoML.ComparativeEarlyStopping - INFO - Early stopping evaluation for resnet18:
2025-07-24 07:44:16 - AutoML.ComparativeEarlyStopping - INFO -   Decision scores: {'statistical_significance': 0.0, 'performance_gap': 0.0, 'learning_trend': 0.0, 'resource_efficiency': 0.0}
2025-07-24 07:44:16 - AutoML.ComparativeEarlyStopping - INFO -   Final score: 0.000
2025-07-24 07:44:16 - AutoML.ComparativeEarlyStopping - INFO -   Decision: CONTINUE
2025-07-24 07:44:16 - AutoML.Trainer - INFO - Epoch 25/42 - Train Acc: 0.3145, Val Acc: 0.3258, Val Loss: 1.6988, Time: 89.0s
2025-07-24 07:45:51 - AutoML.ComparativeEarlyStopping - INFO - Early stopping evaluation for resnet18:
2025-07-24 07:45:51 - AutoML.ComparativeEarlyStopping - INFO -   Decision scores: {'statistical_significance': 0.0, 'performance_gap': 0.0, 'learning_trend': 0.3, 'resource_efficiency': 0.0}
2025-07-24 07:45:51 - AutoML.ComparativeEarlyStopping - INFO -   Final score: 0.075
2025-07-24 07:45:51 - AutoML.ComparativeEarlyStopping - INFO -   Decision: CONTINUE
2025-07-24 07:47:21 - AutoML.ComparativeEarlyStopping - INFO - Early stopping evaluation for resnet18:
2025-07-24 07:47:21 - AutoML.ComparativeEarlyStopping - INFO -   Decision scores: {'statistical_significance': 0.0, 'performance_gap': 0.0, 'learning_trend': 0.3, 'resource_efficiency': 0.0}
2025-07-24 07:47:21 - AutoML.ComparativeEarlyStopping - INFO -   Final score: 0.075
2025-07-24 07:47:21 - AutoML.ComparativeEarlyStopping - INFO -   Decision: CONTINUE
2025-07-24 07:48:51 - AutoML.ComparativeEarlyStopping - INFO - Early stopping evaluation for resnet18:
2025-07-24 07:48:51 - AutoML.ComparativeEarlyStopping - INFO -   Decision scores: {'statistical_significance': 0.0, 'performance_gap': 0.0, 'learning_trend': 0.3, 'resource_efficiency': 0.0}
2025-07-24 07:48:51 - AutoML.ComparativeEarlyStopping - INFO -   Final score: 0.075
2025-07-24 07:48:51 - AutoML.ComparativeEarlyStopping - INFO -   Decision: CONTINUE
2025-07-24 07:50:20 - AutoML.ComparativeEarlyStopping - INFO - Early stopping evaluation for resnet18:
2025-07-24 07:50:20 - AutoML.ComparativeEarlyStopping - INFO -   Decision scores: {'statistical_significance': 0.0, 'performance_gap': 0.0, 'learning_trend': 0.3, 'resource_efficiency': 0.0}
2025-07-24 07:50:20 - AutoML.ComparativeEarlyStopping - INFO -   Final score: 0.075
2025-07-24 07:50:20 - AutoML.ComparativeEarlyStopping - INFO -   Decision: CONTINUE
2025-07-24 07:51:50 - AutoML.ComparativeEarlyStopping - INFO - Early stopping evaluation for resnet18:
2025-07-24 07:51:50 - AutoML.ComparativeEarlyStopping - INFO -   Decision scores: {'statistical_significance': 0.0, 'performance_gap': 0.0, 'learning_trend': 0.3, 'resource_efficiency': 0.0}
2025-07-24 07:51:50 - AutoML.ComparativeEarlyStopping - INFO -   Final score: 0.075
2025-07-24 07:51:50 - AutoML.ComparativeEarlyStopping - INFO -   Decision: CONTINUE
2025-07-24 07:51:50 - AutoML.Trainer - INFO - Epoch 30/42 - Train Acc: 0.3109, Val Acc: 0.3224, Val Loss: 1.6994, Time: 89.8s
2025-07-24 07:53:19 - AutoML.ComparativeEarlyStopping - INFO - Early stopping evaluation for resnet18:
2025-07-24 07:53:19 - AutoML.ComparativeEarlyStopping - INFO -   Decision scores: {'statistical_significance': 0.0, 'performance_gap': 0.0, 'learning_trend': 0.3, 'resource_efficiency': 0.0}
2025-07-24 07:53:19 - AutoML.ComparativeEarlyStopping - INFO -   Final score: 0.075
2025-07-24 07:53:19 - AutoML.ComparativeEarlyStopping - INFO -   Decision: CONTINUE
2025-07-24 07:54:51 - AutoML.ComparativeEarlyStopping - INFO - Early stopping evaluation for resnet18:
2025-07-24 07:54:51 - AutoML.ComparativeEarlyStopping - INFO -   Decision scores: {'statistical_significance': 0.0, 'performance_gap': 0.0, 'learning_trend': 0.0, 'resource_efficiency': 0.0}
2025-07-24 07:54:51 - AutoML.ComparativeEarlyStopping - INFO -   Final score: 0.000
2025-07-24 07:54:51 - AutoML.ComparativeEarlyStopping - INFO -   Decision: CONTINUE
2025-07-24 07:56:20 - AutoML.ComparativeEarlyStopping - INFO - Early stopping evaluation for resnet18:
2025-07-24 07:56:20 - AutoML.ComparativeEarlyStopping - INFO -   Decision scores: {'statistical_significance': 0.0, 'performance_gap': 0.0, 'learning_trend': 0.3, 'resource_efficiency': 0.0}
2025-07-24 07:56:20 - AutoML.ComparativeEarlyStopping - INFO -   Final score: 0.075
2025-07-24 07:56:20 - AutoML.ComparativeEarlyStopping - INFO -   Decision: CONTINUE
2025-07-24 07:57:50 - AutoML.ComparativeEarlyStopping - INFO - Early stopping evaluation for resnet18:
2025-07-24 07:57:50 - AutoML.ComparativeEarlyStopping - INFO -   Decision scores: {'statistical_significance': 0.0, 'performance_gap': 0.0, 'learning_trend': 0.0, 'resource_efficiency': 0.0}
2025-07-24 07:57:50 - AutoML.ComparativeEarlyStopping - INFO -   Final score: 0.000
2025-07-24 07:57:50 - AutoML.ComparativeEarlyStopping - INFO -   Decision: CONTINUE
2025-07-24 07:59:26 - AutoML.ComparativeEarlyStopping - INFO - Early stopping evaluation for resnet18:
2025-07-24 07:59:26 - AutoML.ComparativeEarlyStopping - INFO -   Decision scores: {'statistical_significance': 0.0, 'performance_gap': 0.0, 'learning_trend': 0.0, 'resource_efficiency': 0.0}
2025-07-24 07:59:26 - AutoML.ComparativeEarlyStopping - INFO -   Final score: 0.000
2025-07-24 07:59:26 - AutoML.ComparativeEarlyStopping - INFO -   Decision: CONTINUE
2025-07-24 07:59:26 - AutoML.Trainer - INFO - Epoch 35/42 - Train Acc: 0.3144, Val Acc: 0.3229, Val Loss: 1.6997, Time: 95.8s
2025-07-24 08:01:02 - AutoML.ComparativeEarlyStopping - INFO - Early stopping evaluation for resnet18:
2025-07-24 08:01:02 - AutoML.ComparativeEarlyStopping - INFO -   Decision scores: {'statistical_significance': 0.0, 'performance_gap': 0.0, 'learning_trend': 0.5, 'resource_efficiency': 0.0}
2025-07-24 08:01:02 - AutoML.ComparativeEarlyStopping - INFO -   Final score: 0.125
2025-07-24 08:01:02 - AutoML.ComparativeEarlyStopping - INFO -   Decision: CONTINUE
2025-07-24 08:02:35 - AutoML.ComparativeEarlyStopping - INFO - Early stopping evaluation for resnet18:
2025-07-24 08:02:35 - AutoML.ComparativeEarlyStopping - INFO -   Decision scores: {'statistical_significance': 0.0, 'performance_gap': 0.0, 'learning_trend': 0.5, 'resource_efficiency': 0.0}
2025-07-24 08:02:35 - AutoML.ComparativeEarlyStopping - INFO -   Final score: 0.125
2025-07-24 08:02:35 - AutoML.ComparativeEarlyStopping - INFO -   Decision: CONTINUE
2025-07-24 08:04:04 - AutoML.ComparativeEarlyStopping - INFO - Early stopping evaluation for resnet18:
2025-07-24 08:04:04 - AutoML.ComparativeEarlyStopping - INFO -   Decision scores: {'statistical_significance': 0.0, 'performance_gap': 0.0, 'learning_trend': 0.5, 'resource_efficiency': 0.0}
2025-07-24 08:04:04 - AutoML.ComparativeEarlyStopping - INFO -   Final score: 0.125
2025-07-24 08:04:04 - AutoML.ComparativeEarlyStopping - INFO -   Decision: CONTINUE
2025-07-24 08:05:38 - AutoML.ComparativeEarlyStopping - INFO - Early stopping evaluation for resnet18:
2025-07-24 08:05:38 - AutoML.ComparativeEarlyStopping - INFO -   Decision scores: {'statistical_significance': 0.0, 'performance_gap': 0.0, 'learning_trend': 0.3, 'resource_efficiency': 0.0}
2025-07-24 08:05:38 - AutoML.ComparativeEarlyStopping - INFO -   Final score: 0.075
2025-07-24 08:05:38 - AutoML.ComparativeEarlyStopping - INFO -   Decision: CONTINUE
2025-07-24 08:07:08 - AutoML.ComparativeEarlyStopping - INFO - Early stopping evaluation for resnet18:
2025-07-24 08:07:08 - AutoML.ComparativeEarlyStopping - INFO -   Decision scores: {'statistical_significance': 0.0, 'performance_gap': 0.0, 'learning_trend': 0.3, 'resource_efficiency': 0.0}
2025-07-24 08:07:08 - AutoML.ComparativeEarlyStopping - INFO -   Final score: 0.075
2025-07-24 08:07:08 - AutoML.ComparativeEarlyStopping - INFO -   Decision: CONTINUE
2025-07-24 08:07:08 - AutoML.Trainer - INFO - Epoch 40/42 - Train Acc: 0.3177, Val Acc: 0.3271, Val Loss: 1.6996, Time: 90.6s
2025-07-24 08:08:37 - AutoML.ComparativeEarlyStopping - INFO - Early stopping evaluation for resnet18:
2025-07-24 08:08:37 - AutoML.ComparativeEarlyStopping - INFO -   Decision scores: {'statistical_significance': 0.0, 'performance_gap': 0.0, 'learning_trend': 0.3, 'resource_efficiency': 0.0}
2025-07-24 08:08:37 - AutoML.ComparativeEarlyStopping - INFO -   Final score: 0.075
2025-07-24 08:08:37 - AutoML.ComparativeEarlyStopping - INFO -   Decision: CONTINUE
2025-07-24 08:10:07 - AutoML.ComparativeEarlyStopping - INFO - Early stopping evaluation for resnet18:
2025-07-24 08:10:07 - AutoML.ComparativeEarlyStopping - INFO -   Decision scores: {'statistical_significance': 0.0, 'performance_gap': 0.0, 'learning_trend': 0.0, 'resource_efficiency': 0.0}
2025-07-24 08:10:07 - AutoML.ComparativeEarlyStopping - INFO -   Final score: 0.000
2025-07-24 08:10:07 - AutoML.ComparativeEarlyStopping - INFO -   Decision: CONTINUE
2025-07-24 08:10:07 - AutoML.Trainer - INFO - Epoch 42/42 - Train Acc: 0.3124, Val Acc: 0.3251, Val Loss: 1.7003, Time: 89.6s
2025-07-24 08:10:07 - AutoML.Trainer - INFO - Training completed for resnet18
2025-07-24 08:10:07 - AutoML.Trainer - INFO - Best validation accuracy: 0.3274
2025-07-24 08:10:07 - AutoML.Trainer - INFO - Total training time: 3877.3s
2025-07-24 08:10:07 - AutoML.Trainer - INFO - Average epoch time: 92.3s
2025-07-24 08:10:07 - AutoML.Trainer - INFO - Evaluating hyperparameters for resnet18: {'learning_rate': 0.004044685308113121, 'optimizer': 'adam', 'weight_decay': 0.00011807247257803605, 'batch_size': 128, 'dropout_rate': 0.013997168710299518, 'pretrained': True, 'lr_scheduler': 'plateau', 'max_epochs': 20}
2025-07-24 08:10:07 - AutoML.ModelFactory - INFO - Creating resnet18 (pretrained=True, dropout=0.013997168710299518)
2025-07-24 08:10:08 - AutoML.ModelFactory - INFO - resnet18 created successfully:
2025-07-24 08:10:08 - AutoML.ModelFactory - INFO -   Parameters: 11,173,831
2025-07-24 08:10:08 - AutoML.ModelFactory - INFO -   Trainable: 11,173,831
2025-07-24 08:10:08 - AutoML.ModelFactory - INFO -   Model size: 42.62 MB
2025-07-24 08:10:08 - AutoML - INFO - resnet18 creation completed in 0.81 seconds
2025-07-24 08:17:41 - AutoML.ComparativeEarlyStopping - INFO - Early stopping evaluation for resnet18:
2025-07-24 08:17:41 - AutoML.ComparativeEarlyStopping - INFO -   Decision scores: {'statistical_significance': 0.0, 'performance_gap': 0.0, 'learning_trend': 0.5, 'resource_efficiency': 0.0}
2025-07-24 08:17:41 - AutoML.ComparativeEarlyStopping - INFO -   Final score: 0.125
2025-07-24 08:17:41 - AutoML.ComparativeEarlyStopping - INFO -   Decision: CONTINUE
2025-07-24 08:17:41 - AutoML.Trainer - INFO - Epoch 5/20 - Train Acc: 0.5657, Val Acc: 0.5324, Val Loss: 1.2461, Time: 90.6s
2025-07-24 08:19:11 - AutoML.ComparativeEarlyStopping - INFO - Early stopping evaluation for resnet18:
2025-07-24 08:19:11 - AutoML.ComparativeEarlyStopping - INFO -   Decision scores: {'statistical_significance': 0.0, 'performance_gap': 0.0, 'learning_trend': 0.5, 'resource_efficiency': 0.0}
2025-07-24 08:19:11 - AutoML.ComparativeEarlyStopping - INFO -   Final score: 0.125
2025-07-24 08:19:11 - AutoML.ComparativeEarlyStopping - INFO -   Decision: CONTINUE
2025-07-24 08:20:45 - AutoML.ComparativeEarlyStopping - INFO - Early stopping evaluation for resnet18:
2025-07-24 08:20:45 - AutoML.ComparativeEarlyStopping - INFO -   Decision scores: {'statistical_significance': 0.0, 'performance_gap': 0.0, 'learning_trend': 0.5, 'resource_efficiency': 0.0}
2025-07-24 08:20:45 - AutoML.ComparativeEarlyStopping - INFO -   Final score: 0.125
2025-07-24 08:20:45 - AutoML.ComparativeEarlyStopping - INFO -   Decision: CONTINUE
2025-07-24 08:22:14 - AutoML.ComparativeEarlyStopping - INFO - Early stopping evaluation for resnet18:
2025-07-24 08:22:14 - AutoML.ComparativeEarlyStopping - INFO -   Decision scores: {'statistical_significance': 0.0, 'performance_gap': 0.0, 'learning_trend': 0.5, 'resource_efficiency': 0.0}
2025-07-24 08:22:14 - AutoML.ComparativeEarlyStopping - INFO -   Final score: 0.125
2025-07-24 08:22:14 - AutoML.ComparativeEarlyStopping - INFO -   Decision: CONTINUE
2025-07-24 08:23:45 - AutoML.ComparativeEarlyStopping - INFO - Early stopping evaluation for resnet18:
2025-07-24 08:23:45 - AutoML.ComparativeEarlyStopping - INFO -   Decision scores: {'statistical_significance': 0.0, 'performance_gap': 0.0, 'learning_trend': 0.5, 'resource_efficiency': 0.0}
2025-07-24 08:23:45 - AutoML.ComparativeEarlyStopping - INFO -   Final score: 0.125
2025-07-24 08:23:45 - AutoML.ComparativeEarlyStopping - INFO -   Decision: CONTINUE
2025-07-24 08:25:14 - AutoML.ComparativeEarlyStopping - INFO - Early stopping evaluation for resnet18:
2025-07-24 08:25:14 - AutoML.ComparativeEarlyStopping - INFO -   Decision scores: {'statistical_significance': 0.0, 'performance_gap': 0.0, 'learning_trend': 0.0, 'resource_efficiency': 0.0}
2025-07-24 08:25:14 - AutoML.ComparativeEarlyStopping - INFO -   Final score: 0.000
2025-07-24 08:25:14 - AutoML.ComparativeEarlyStopping - INFO -   Decision: CONTINUE
2025-07-24 08:25:14 - AutoML.Trainer - INFO - Epoch 10/20 - Train Acc: 0.6047, Val Acc: 0.5632, Val Loss: 1.1384, Time: 88.5s
2025-07-24 08:26:43 - AutoML.ComparativeEarlyStopping - INFO - Early stopping evaluation for resnet18:
2025-07-24 08:26:43 - AutoML.ComparativeEarlyStopping - INFO -   Decision scores: {'statistical_significance': 0.0, 'performance_gap': 0.0, 'learning_trend': 0.0, 'resource_efficiency': 0.0}
2025-07-24 08:26:43 - AutoML.ComparativeEarlyStopping - INFO -   Final score: 0.000
2025-07-24 08:26:43 - AutoML.ComparativeEarlyStopping - INFO -   Decision: CONTINUE
2025-07-24 08:29:29 - AutoML.ComparativeEarlyStopping - INFO - Early stopping evaluation for resnet18:
2025-07-24 08:29:29 - AutoML.ComparativeEarlyStopping - INFO -   Decision scores: {'statistical_significance': 0.0, 'performance_gap': 0.0, 'learning_trend': 0.0, 'resource_efficiency': 0.0}
2025-07-24 08:29:29 - AutoML.ComparativeEarlyStopping - INFO -   Final score: 0.000
2025-07-24 08:29:29 - AutoML.ComparativeEarlyStopping - INFO -   Decision: CONTINUE
2025-07-24 08:31:29 - AutoML.ComparativeEarlyStopping - INFO - Early stopping evaluation for resnet18:
2025-07-24 08:31:29 - AutoML.ComparativeEarlyStopping - INFO -   Decision scores: {'statistical_significance': 0.0, 'performance_gap': 0.0, 'learning_trend': 0.0, 'resource_efficiency': 0.0}
2025-07-24 08:31:29 - AutoML.ComparativeEarlyStopping - INFO -   Final score: 0.000
2025-07-24 08:31:29 - AutoML.ComparativeEarlyStopping - INFO -   Decision: CONTINUE
2025-07-24 08:32:59 - AutoML.ComparativeEarlyStopping - INFO - Early stopping evaluation for resnet18:
2025-07-24 08:32:59 - AutoML.ComparativeEarlyStopping - INFO -   Decision scores: {'statistical_significance': 0.0, 'performance_gap': 0.0, 'learning_trend': 0.0, 'resource_efficiency': 0.0}
2025-07-24 08:32:59 - AutoML.ComparativeEarlyStopping - INFO -   Final score: 0.000
2025-07-24 08:32:59 - AutoML.ComparativeEarlyStopping - INFO -   Decision: CONTINUE
2025-07-24 08:34:32 - AutoML.ComparativeEarlyStopping - INFO - Early stopping evaluation for resnet18:
2025-07-24 08:34:32 - AutoML.ComparativeEarlyStopping - INFO -   Decision scores: {'statistical_significance': 0.0, 'performance_gap': 0.0, 'learning_trend': 0.0, 'resource_efficiency': 0.0}
2025-07-24 08:34:32 - AutoML.ComparativeEarlyStopping - INFO -   Final score: 0.000
2025-07-24 08:34:32 - AutoML.ComparativeEarlyStopping - INFO -   Decision: CONTINUE
2025-07-24 08:34:32 - AutoML.Trainer - INFO - Epoch 15/20 - Train Acc: 0.6328, Val Acc: 0.5831, Val Loss: 1.1229, Time: 92.6s
2025-07-24 08:36:01 - AutoML.ComparativeEarlyStopping - INFO - Early stopping evaluation for resnet18:
2025-07-24 08:36:01 - AutoML.ComparativeEarlyStopping - INFO -   Decision scores: {'statistical_significance': 0.0, 'performance_gap': 0.0, 'learning_trend': 0.0, 'resource_efficiency': 0.0}
2025-07-24 08:36:01 - AutoML.ComparativeEarlyStopping - INFO -   Final score: 0.000
2025-07-24 08:36:01 - AutoML.ComparativeEarlyStopping - INFO -   Decision: CONTINUE
2025-07-24 08:37:32 - AutoML.ComparativeEarlyStopping - INFO - Early stopping evaluation for resnet18:
2025-07-24 08:37:32 - AutoML.ComparativeEarlyStopping - INFO -   Decision scores: {'statistical_significance': 0.0, 'performance_gap': 0.0, 'learning_trend': 0.0, 'resource_efficiency': 0.0}
2025-07-24 08:37:32 - AutoML.ComparativeEarlyStopping - INFO -   Final score: 0.000
2025-07-24 08:37:32 - AutoML.ComparativeEarlyStopping - INFO -   Decision: CONTINUE
2025-07-24 08:38:58 - AutoML.ComparativeEarlyStopping - INFO - Early stopping evaluation for resnet18:
2025-07-24 08:38:58 - AutoML.ComparativeEarlyStopping - INFO -   Decision scores: {'statistical_significance': 0.0, 'performance_gap': 0.0, 'learning_trend': 0.0, 'resource_efficiency': 0.0}
2025-07-24 08:38:58 - AutoML.ComparativeEarlyStopping - INFO -   Final score: 0.000
2025-07-24 08:38:58 - AutoML.ComparativeEarlyStopping - INFO -   Decision: CONTINUE
2025-07-24 08:40:28 - AutoML.ComparativeEarlyStopping - INFO - Early stopping evaluation for resnet18:
2025-07-24 08:40:28 - AutoML.ComparativeEarlyStopping - INFO -   Decision scores: {'statistical_significance': 0.0, 'performance_gap': 0.0, 'learning_trend': 0.0, 'resource_efficiency': 0.0}
2025-07-24 08:40:28 - AutoML.ComparativeEarlyStopping - INFO -   Final score: 0.000
2025-07-24 08:40:28 - AutoML.ComparativeEarlyStopping - INFO -   Decision: CONTINUE
2025-07-24 08:41:58 - AutoML.ComparativeEarlyStopping - INFO - Early stopping evaluation for resnet18:
2025-07-24 08:41:58 - AutoML.ComparativeEarlyStopping - INFO -   Decision scores: {'statistical_significance': 0.0, 'performance_gap': 0.0, 'learning_trend': 0.0, 'resource_efficiency': 0.0}
2025-07-24 08:41:58 - AutoML.ComparativeEarlyStopping - INFO -   Final score: 0.000
2025-07-24 08:41:58 - AutoML.ComparativeEarlyStopping - INFO -   Decision: CONTINUE
2025-07-24 08:41:58 - AutoML.Trainer - INFO - Epoch 20/20 - Train Acc: 0.6571, Val Acc: 0.5730, Val Loss: 1.1167, Time: 89.9s
2025-07-24 08:41:58 - AutoML.Trainer - INFO - Training completed for resnet18
2025-07-24 08:41:58 - AutoML.Trainer - INFO - Best validation accuracy: 0.5895
2025-07-24 08:41:58 - AutoML.Trainer - INFO - Total training time: 1909.8s
2025-07-24 08:41:58 - AutoML.Trainer - INFO - Average epoch time: 95.5s
2025-07-24 08:41:58 - AutoML.Trainer - INFO - Evaluating hyperparameters for resnet18: {'learning_rate': 0.005598249757781648, 'optimizer': 'adam', 'weight_decay': 0.00019459510255945796, 'batch_size': 128, 'dropout_rate': 0.022363760514608533, 'pretrained': True, 'lr_scheduler': 'plateau', 'max_epochs': 20}
2025-07-24 08:41:58 - AutoML.ModelFactory - INFO - Creating resnet18 (pretrained=True, dropout=0.022363760514608533)
2025-07-24 08:41:59 - AutoML.ModelFactory - INFO - resnet18 created successfully:
2025-07-24 08:41:59 - AutoML.ModelFactory - INFO -   Parameters: 11,173,831
2025-07-24 08:41:59 - AutoML.ModelFactory - INFO -   Trainable: 11,173,831
2025-07-24 08:41:59 - AutoML.ModelFactory - INFO -   Model size: 42.62 MB
2025-07-24 08:41:59 - AutoML - INFO - resnet18 creation completed in 0.90 seconds
2025-07-24 08:49:35 - AutoML.ComparativeEarlyStopping - INFO - Early stopping evaluation for resnet18:
2025-07-24 08:49:35 - AutoML.ComparativeEarlyStopping - INFO -   Decision scores: {'statistical_significance': 0.0, 'performance_gap': 0.0, 'learning_trend': 0.0, 'resource_efficiency': 0.0}
2025-07-24 08:49:35 - AutoML.ComparativeEarlyStopping - INFO -   Final score: 0.000
2025-07-24 08:49:35 - AutoML.ComparativeEarlyStopping - INFO -   Decision: CONTINUE
2025-07-24 08:49:35 - AutoML.Trainer - INFO - Epoch 5/20 - Train Acc: 0.5303, Val Acc: 0.5225, Val Loss: 1.2487, Time: 97.1s
2025-07-24 08:51:06 - AutoML.ComparativeEarlyStopping - INFO - Early stopping evaluation for resnet18:
2025-07-24 08:51:06 - AutoML.ComparativeEarlyStopping - INFO -   Decision scores: {'statistical_significance': 0.0, 'performance_gap': 0.0, 'learning_trend': 0.0, 'resource_efficiency': 0.0}
2025-07-24 08:51:06 - AutoML.ComparativeEarlyStopping - INFO -   Final score: 0.000
2025-07-24 08:51:06 - AutoML.ComparativeEarlyStopping - INFO -   Decision: CONTINUE
2025-07-24 08:52:43 - AutoML.ComparativeEarlyStopping - INFO - Early stopping evaluation for resnet18:
2025-07-24 08:52:43 - AutoML.ComparativeEarlyStopping - INFO -   Decision scores: {'statistical_significance': 0.0, 'performance_gap': 0.0, 'learning_trend': 0.0, 'resource_efficiency': 0.0}
2025-07-24 08:52:43 - AutoML.ComparativeEarlyStopping - INFO -   Final score: 0.000
2025-07-24 08:52:43 - AutoML.ComparativeEarlyStopping - INFO -   Decision: CONTINUE
2025-07-24 08:54:16 - AutoML.ComparativeEarlyStopping - INFO - Early stopping evaluation for resnet18:
2025-07-24 08:54:16 - AutoML.ComparativeEarlyStopping - INFO -   Decision scores: {'statistical_significance': 0.0, 'performance_gap': 0.0, 'learning_trend': 0.0, 'resource_efficiency': 0.0}
2025-07-24 08:54:16 - AutoML.ComparativeEarlyStopping - INFO -   Final score: 0.000
2025-07-24 08:54:16 - AutoML.ComparativeEarlyStopping - INFO -   Decision: CONTINUE
2025-07-24 08:55:54 - AutoML.ComparativeEarlyStopping - INFO - Early stopping evaluation for resnet18:
2025-07-24 08:55:54 - AutoML.ComparativeEarlyStopping - INFO -   Decision scores: {'statistical_significance': 0.0, 'performance_gap': 0.0, 'learning_trend': 0.0, 'resource_efficiency': 0.0}
2025-07-24 08:55:54 - AutoML.ComparativeEarlyStopping - INFO -   Final score: 0.000
2025-07-24 08:55:54 - AutoML.ComparativeEarlyStopping - INFO -   Decision: CONTINUE
2025-07-24 08:57:25 - AutoML.ComparativeEarlyStopping - INFO - Early stopping evaluation for resnet18:
2025-07-24 08:57:25 - AutoML.ComparativeEarlyStopping - INFO -   Decision scores: {'statistical_significance': 0.0, 'performance_gap': 0.0, 'learning_trend': 0.0, 'resource_efficiency': 0.0}
2025-07-24 08:57:25 - AutoML.ComparativeEarlyStopping - INFO -   Final score: 0.000
2025-07-24 08:57:25 - AutoML.ComparativeEarlyStopping - INFO -   Decision: CONTINUE
2025-07-24 08:57:25 - AutoML.Trainer - INFO - Epoch 10/20 - Train Acc: 0.5639, Val Acc: 0.5536, Val Loss: 1.1811, Time: 90.4s
2025-07-24 08:58:53 - AutoML.ComparativeEarlyStopping - INFO - Early stopping evaluation for resnet18:
2025-07-24 08:58:53 - AutoML.ComparativeEarlyStopping - INFO -   Decision scores: {'statistical_significance': 0.0, 'performance_gap': 0.0, 'learning_trend': 0.0, 'resource_efficiency': 0.0}
2025-07-24 08:58:53 - AutoML.ComparativeEarlyStopping - INFO -   Final score: 0.000
2025-07-24 08:58:53 - AutoML.ComparativeEarlyStopping - INFO -   Decision: CONTINUE
2025-07-24 09:00:23 - AutoML.ComparativeEarlyStopping - INFO - Early stopping evaluation for resnet18:
2025-07-24 09:00:23 - AutoML.ComparativeEarlyStopping - INFO -   Decision scores: {'statistical_significance': 0.0, 'performance_gap': 0.0, 'learning_trend': 0.0, 'resource_efficiency': 0.0}
2025-07-24 09:00:23 - AutoML.ComparativeEarlyStopping - INFO -   Final score: 0.000
2025-07-24 09:00:23 - AutoML.ComparativeEarlyStopping - INFO -   Decision: CONTINUE
2025-07-24 09:01:50 - AutoML.ComparativeEarlyStopping - INFO - Early stopping evaluation for resnet18:
2025-07-24 09:01:50 - AutoML.ComparativeEarlyStopping - INFO -   Decision scores: {'statistical_significance': 0.0, 'performance_gap': 0.0, 'learning_trend': 0.0, 'resource_efficiency': 0.0}
2025-07-24 09:01:50 - AutoML.ComparativeEarlyStopping - INFO -   Final score: 0.000
2025-07-24 09:01:50 - AutoML.ComparativeEarlyStopping - INFO -   Decision: CONTINUE
2025-07-24 09:03:19 - AutoML.ComparativeEarlyStopping - INFO - Early stopping evaluation for resnet18:
2025-07-24 09:03:19 - AutoML.ComparativeEarlyStopping - INFO -   Decision scores: {'statistical_significance': 0.0, 'performance_gap': 0.0, 'learning_trend': 0.0, 'resource_efficiency': 0.0}
2025-07-24 09:03:19 - AutoML.ComparativeEarlyStopping - INFO -   Final score: 0.000
2025-07-24 09:03:19 - AutoML.ComparativeEarlyStopping - INFO -   Decision: CONTINUE
2025-07-24 09:04:47 - AutoML.ComparativeEarlyStopping - INFO - Early stopping evaluation for resnet18:
2025-07-24 09:04:47 - AutoML.ComparativeEarlyStopping - INFO -   Decision scores: {'statistical_significance': 0.0, 'performance_gap': 0.0, 'learning_trend': 0.0, 'resource_efficiency': 0.0}
2025-07-24 09:04:47 - AutoML.ComparativeEarlyStopping - INFO -   Final score: 0.000
2025-07-24 09:04:47 - AutoML.ComparativeEarlyStopping - INFO -   Decision: CONTINUE
2025-07-24 09:04:47 - AutoML.Trainer - INFO - Epoch 15/20 - Train Acc: 0.5793, Val Acc: 0.5378, Val Loss: 1.2046, Time: 87.2s
2025-07-24 09:06:21 - AutoML.ComparativeEarlyStopping - INFO - Early stopping evaluation for resnet18:
2025-07-24 09:06:21 - AutoML.ComparativeEarlyStopping - INFO -   Decision scores: {'statistical_significance': 0.0, 'performance_gap': 0.0, 'learning_trend': 0.0, 'resource_efficiency': 0.0}
2025-07-24 09:06:21 - AutoML.ComparativeEarlyStopping - INFO -   Final score: 0.000
2025-07-24 09:06:21 - AutoML.ComparativeEarlyStopping - INFO -   Decision: CONTINUE
2025-07-24 09:07:49 - AutoML.ComparativeEarlyStopping - INFO - Early stopping evaluation for resnet18:
2025-07-24 09:07:49 - AutoML.ComparativeEarlyStopping - INFO -   Decision scores: {'statistical_significance': 0.0, 'performance_gap': 0.0, 'learning_trend': 0.3, 'resource_efficiency': 0.0}
2025-07-24 09:07:49 - AutoML.ComparativeEarlyStopping - INFO -   Final score: 0.075
2025-07-24 09:07:49 - AutoML.ComparativeEarlyStopping - INFO -   Decision: CONTINUE
2025-07-24 09:09:13 - AutoML.ComparativeEarlyStopping - INFO - Early stopping evaluation for resnet18:
2025-07-24 09:09:13 - AutoML.ComparativeEarlyStopping - INFO -   Decision scores: {'statistical_significance': 0.0, 'performance_gap': 0.0, 'learning_trend': 0.5, 'resource_efficiency': 0.0}
2025-07-24 09:09:13 - AutoML.ComparativeEarlyStopping - INFO -   Final score: 0.125
2025-07-24 09:09:13 - AutoML.ComparativeEarlyStopping - INFO -   Decision: CONTINUE
2025-07-24 09:10:44 - AutoML.ComparativeEarlyStopping - INFO - Early stopping evaluation for resnet18:
2025-07-24 09:10:44 - AutoML.ComparativeEarlyStopping - INFO -   Decision scores: {'statistical_significance': 0.0, 'performance_gap': 0.0, 'learning_trend': 0.5, 'resource_efficiency': 0.0}
2025-07-24 09:10:44 - AutoML.ComparativeEarlyStopping - INFO -   Final score: 0.125
2025-07-24 09:10:44 - AutoML.ComparativeEarlyStopping - INFO -   Decision: CONTINUE
2025-07-24 09:12:15 - AutoML.ComparativeEarlyStopping - INFO - Early stopping evaluation for resnet18:
2025-07-24 09:12:15 - AutoML.ComparativeEarlyStopping - INFO -   Decision scores: {'statistical_significance': 0.0, 'performance_gap': 0.0, 'learning_trend': 0.5, 'resource_efficiency': 0.0}
2025-07-24 09:12:15 - AutoML.ComparativeEarlyStopping - INFO -   Final score: 0.125
2025-07-24 09:12:15 - AutoML.ComparativeEarlyStopping - INFO -   Decision: CONTINUE
2025-07-24 09:12:15 - AutoML.Trainer - INFO - Epoch 20/20 - Train Acc: 0.5886, Val Acc: 0.5239, Val Loss: 1.2568, Time: 90.8s
2025-07-24 09:12:15 - AutoML.Trainer - INFO - Training completed for resnet18
2025-07-24 09:12:15 - AutoML.Trainer - INFO - Best validation accuracy: 0.5610
2025-07-24 09:12:15 - AutoML.Trainer - INFO - Total training time: 1815.9s
2025-07-24 09:12:15 - AutoML.Trainer - INFO - Average epoch time: 90.8s
2025-07-24 09:12:15 - AutoML.Trainer - INFO - Evaluating hyperparameters for resnet18: {'learning_rate': 0.004563392337109639, 'optimizer': 'adam', 'weight_decay': 4.023493389405078e-05, 'batch_size': 128, 'dropout_rate': 0.15033267855424365, 'pretrained': True, 'lr_scheduler': 'plateau', 'max_epochs': 21}
2025-07-24 09:12:15 - AutoML.ModelFactory - INFO - Creating resnet18 (pretrained=True, dropout=0.15033267855424365)
2025-07-24 09:12:15 - AutoML.ModelFactory - INFO - resnet18 created successfully:
2025-07-24 09:12:15 - AutoML.ModelFactory - INFO -   Parameters: 11,173,831
2025-07-24 09:12:15 - AutoML.ModelFactory - INFO -   Trainable: 11,173,831
2025-07-24 09:12:15 - AutoML.ModelFactory - INFO -   Model size: 42.62 MB
2025-07-24 09:12:15 - AutoML - INFO - resnet18 creation completed in 0.86 seconds
2025-07-24 09:19:48 - AutoML.ComparativeEarlyStopping - INFO - Early stopping evaluation for resnet18:
2025-07-24 09:19:48 - AutoML.ComparativeEarlyStopping - INFO -   Decision scores: {'statistical_significance': 0.0, 'performance_gap': 0.0, 'learning_trend': 0.0, 'resource_efficiency': 0.0}
2025-07-24 09:19:48 - AutoML.ComparativeEarlyStopping - INFO -   Final score: 0.000
2025-07-24 09:19:48 - AutoML.ComparativeEarlyStopping - INFO -   Decision: CONTINUE
2025-07-24 09:19:48 - AutoML.Trainer - INFO - Epoch 5/21 - Train Acc: 0.5718, Val Acc: 0.5780, Val Loss: 1.1400, Time: 88.9s
2025-07-24 09:21:16 - AutoML.ComparativeEarlyStopping - INFO - Early stopping evaluation for resnet18:
2025-07-24 09:21:16 - AutoML.ComparativeEarlyStopping - INFO -   Decision scores: {'statistical_significance': 0.0, 'performance_gap': 0.0, 'learning_trend': 0.3, 'resource_efficiency': 0.0}
2025-07-24 09:21:16 - AutoML.ComparativeEarlyStopping - INFO -   Final score: 0.075
2025-07-24 09:21:16 - AutoML.ComparativeEarlyStopping - INFO -   Decision: CONTINUE
2025-07-24 09:22:46 - AutoML.ComparativeEarlyStopping - INFO - Early stopping evaluation for resnet18:
2025-07-24 09:22:46 - AutoML.ComparativeEarlyStopping - INFO -   Decision scores: {'statistical_significance': 0.0, 'performance_gap': 0.0, 'learning_trend': 0.0, 'resource_efficiency': 0.0}
2025-07-24 09:22:46 - AutoML.ComparativeEarlyStopping - INFO -   Final score: 0.000
2025-07-24 09:22:46 - AutoML.ComparativeEarlyStopping - INFO -   Decision: CONTINUE
2025-07-24 09:25:05 - AutoML.ComparativeEarlyStopping - INFO - Early stopping evaluation for resnet18:
2025-07-24 09:25:05 - AutoML.ComparativeEarlyStopping - INFO -   Decision scores: {'statistical_significance': 0.0, 'performance_gap': 0.0, 'learning_trend': 0.0, 'resource_efficiency': 0.0}
2025-07-24 09:25:05 - AutoML.ComparativeEarlyStopping - INFO -   Final score: 0.000
2025-07-24 09:25:05 - AutoML.ComparativeEarlyStopping - INFO -   Decision: CONTINUE
2025-07-24 09:27:53 - AutoML.ComparativeEarlyStopping - INFO - Early stopping evaluation for resnet18:
2025-07-24 09:27:53 - AutoML.ComparativeEarlyStopping - INFO -   Decision scores: {'statistical_significance': 0.0, 'performance_gap': 0.0, 'learning_trend': 0.0, 'resource_efficiency': 0.0}
2025-07-24 09:27:53 - AutoML.ComparativeEarlyStopping - INFO -   Final score: 0.000
2025-07-24 09:27:53 - AutoML.ComparativeEarlyStopping - INFO -   Decision: CONTINUE
2025-07-24 09:29:28 - AutoML.ComparativeEarlyStopping - INFO - Early stopping evaluation for resnet18:
2025-07-24 09:29:28 - AutoML.ComparativeEarlyStopping - INFO -   Decision scores: {'statistical_significance': 0.0, 'performance_gap': 0.0, 'learning_trend': 0.0, 'resource_efficiency': 0.0}
2025-07-24 09:29:28 - AutoML.ComparativeEarlyStopping - INFO -   Final score: 0.000
2025-07-24 09:29:28 - AutoML.ComparativeEarlyStopping - INFO -   Decision: CONTINUE
2025-07-24 09:29:28 - AutoML.Trainer - INFO - Epoch 10/21 - Train Acc: 0.6262, Val Acc: 0.5864, Val Loss: 1.1168, Time: 94.8s
2025-07-24 09:30:56 - AutoML.ComparativeEarlyStopping - INFO - Early stopping evaluation for resnet18:
2025-07-24 09:30:56 - AutoML.ComparativeEarlyStopping - INFO -   Decision scores: {'statistical_significance': 0.0, 'performance_gap': 0.0, 'learning_trend': 0.0, 'resource_efficiency': 0.0}
2025-07-24 09:30:56 - AutoML.ComparativeEarlyStopping - INFO -   Final score: 0.000
2025-07-24 09:30:56 - AutoML.ComparativeEarlyStopping - INFO -   Decision: CONTINUE
2025-07-24 09:32:23 - AutoML.ComparativeEarlyStopping - INFO - Early stopping evaluation for resnet18:
2025-07-24 09:32:23 - AutoML.ComparativeEarlyStopping - INFO -   Decision scores: {'statistical_significance': 0.0, 'performance_gap': 0.0, 'learning_trend': 0.0, 'resource_efficiency': 0.0}
2025-07-24 09:32:23 - AutoML.ComparativeEarlyStopping - INFO -   Final score: 0.000
2025-07-24 09:32:23 - AutoML.ComparativeEarlyStopping - INFO -   Decision: CONTINUE
2025-07-24 09:33:52 - AutoML.ComparativeEarlyStopping - INFO - Early stopping evaluation for resnet18:
2025-07-24 09:33:52 - AutoML.ComparativeEarlyStopping - INFO -   Decision scores: {'statistical_significance': 0.0, 'performance_gap': 0.0, 'learning_trend': 0.0, 'resource_efficiency': 0.0}
2025-07-24 09:33:52 - AutoML.ComparativeEarlyStopping - INFO -   Final score: 0.000
2025-07-24 09:33:52 - AutoML.ComparativeEarlyStopping - INFO -   Decision: CONTINUE
2025-07-24 09:35:23 - AutoML.ComparativeEarlyStopping - INFO - Early stopping evaluation for resnet18:
2025-07-24 09:35:23 - AutoML.ComparativeEarlyStopping - INFO -   Decision scores: {'statistical_significance': 0.0, 'performance_gap': 0.0, 'learning_trend': 0.0, 'resource_efficiency': 0.0}
2025-07-24 09:35:23 - AutoML.ComparativeEarlyStopping - INFO -   Final score: 0.000
2025-07-24 09:35:23 - AutoML.ComparativeEarlyStopping - INFO -   Decision: CONTINUE
2025-07-24 09:36:50 - AutoML.ComparativeEarlyStopping - INFO - Early stopping evaluation for resnet18:
2025-07-24 09:36:50 - AutoML.ComparativeEarlyStopping - INFO -   Decision scores: {'statistical_significance': 0.0, 'performance_gap': 0.0, 'learning_trend': 0.0, 'resource_efficiency': 0.0}
2025-07-24 09:36:50 - AutoML.ComparativeEarlyStopping - INFO -   Final score: 0.000
2025-07-24 09:36:50 - AutoML.ComparativeEarlyStopping - INFO -   Decision: CONTINUE
2025-07-24 09:36:50 - AutoML.Trainer - INFO - Epoch 15/21 - Train Acc: 0.6720, Val Acc: 0.5925, Val Loss: 1.1069, Time: 87.2s
2025-07-24 09:38:19 - AutoML.ComparativeEarlyStopping - INFO - Early stopping evaluation for resnet18:
2025-07-24 09:38:19 - AutoML.ComparativeEarlyStopping - INFO -   Decision scores: {'statistical_significance': 0.0, 'performance_gap': 0.0, 'learning_trend': 0.0, 'resource_efficiency': 0.0}
2025-07-24 09:38:19 - AutoML.ComparativeEarlyStopping - INFO -   Final score: 0.000
2025-07-24 09:38:19 - AutoML.ComparativeEarlyStopping - INFO -   Decision: CONTINUE
2025-07-24 09:39:49 - AutoML.ComparativeEarlyStopping - INFO - Early stopping evaluation for resnet18:
2025-07-24 09:39:49 - AutoML.ComparativeEarlyStopping - INFO -   Decision scores: {'statistical_significance': 0.0, 'performance_gap': 0.0, 'learning_trend': 0.0, 'resource_efficiency': 0.0}
2025-07-24 09:39:49 - AutoML.ComparativeEarlyStopping - INFO -   Final score: 0.000
2025-07-24 09:39:49 - AutoML.ComparativeEarlyStopping - INFO -   Decision: CONTINUE
2025-07-24 09:41:21 - AutoML.ComparativeEarlyStopping - INFO - Early stopping evaluation for resnet18:
2025-07-24 09:41:21 - AutoML.ComparativeEarlyStopping - INFO -   Decision scores: {'statistical_significance': 0.0, 'performance_gap': 0.0, 'learning_trend': 0.0, 'resource_efficiency': 0.0}
2025-07-24 09:41:21 - AutoML.ComparativeEarlyStopping - INFO -   Final score: 0.000
2025-07-24 09:41:21 - AutoML.ComparativeEarlyStopping - INFO -   Decision: CONTINUE
2025-07-24 09:42:54 - AutoML.ComparativeEarlyStopping - INFO - Early stopping evaluation for resnet18:
2025-07-24 09:42:54 - AutoML.ComparativeEarlyStopping - INFO -   Decision scores: {'statistical_significance': 0.0, 'performance_gap': 0.0, 'learning_trend': 0.0, 'resource_efficiency': 0.0}
2025-07-24 09:42:54 - AutoML.ComparativeEarlyStopping - INFO -   Final score: 0.000
2025-07-24 09:42:54 - AutoML.ComparativeEarlyStopping - INFO -   Decision: CONTINUE
2025-07-24 09:44:23 - AutoML.ComparativeEarlyStopping - INFO - Early stopping evaluation for resnet18:
2025-07-24 09:44:23 - AutoML.ComparativeEarlyStopping - INFO -   Decision scores: {'statistical_significance': 0.0, 'performance_gap': 0.0, 'learning_trend': 0.0, 'resource_efficiency': 0.0}
2025-07-24 09:44:23 - AutoML.ComparativeEarlyStopping - INFO -   Final score: 0.000
2025-07-24 09:44:23 - AutoML.ComparativeEarlyStopping - INFO -   Decision: CONTINUE
2025-07-24 09:44:23 - AutoML.Trainer - INFO - Epoch 20/21 - Train Acc: 0.7080, Val Acc: 0.5998, Val Loss: 1.1482, Time: 89.4s
2025-07-24 09:45:54 - AutoML.ComparativeEarlyStopping - INFO - Early stopping evaluation for resnet18:
2025-07-24 09:45:54 - AutoML.ComparativeEarlyStopping - INFO -   Decision scores: {'statistical_significance': 0.0, 'performance_gap': 0.0, 'learning_trend': 0.0, 'resource_efficiency': 0.0}
2025-07-24 09:45:54 - AutoML.ComparativeEarlyStopping - INFO -   Final score: 0.000
2025-07-24 09:45:54 - AutoML.ComparativeEarlyStopping - INFO -   Decision: CONTINUE
2025-07-24 09:45:54 - AutoML.Trainer - INFO - Epoch 21/21 - Train Acc: 0.7172, Val Acc: 0.5923, Val Loss: 1.1517, Time: 91.1s
2025-07-24 09:45:54 - AutoML.Trainer - INFO - Training completed for resnet18
2025-07-24 09:45:54 - AutoML.Trainer - INFO - Best validation accuracy: 0.6008
2025-07-24 09:45:54 - AutoML.Trainer - INFO - Total training time: 2018.8s
2025-07-24 09:45:54 - AutoML.Trainer - INFO - Average epoch time: 96.1s
2025-07-24 09:45:54 - AutoML.Trainer - INFO - Evaluating hyperparameters for resnet18: {'learning_rate': 0.009632000197714964, 'optimizer': 'adam', 'weight_decay': 2.0659364218683913e-05, 'batch_size': 128, 'dropout_rate': 0.19238358774160857, 'pretrained': True, 'lr_scheduler': 'plateau', 'max_epochs': 29}
2025-07-24 09:45:54 - AutoML.ModelFactory - INFO - Creating resnet18 (pretrained=True, dropout=0.19238358774160857)
2025-07-24 09:45:55 - AutoML.ModelFactory - INFO - resnet18 created successfully:
2025-07-24 09:45:55 - AutoML.ModelFactory - INFO -   Parameters: 11,173,831
2025-07-24 09:45:55 - AutoML.ModelFactory - INFO -   Trainable: 11,173,831
2025-07-24 09:45:55 - AutoML.ModelFactory - INFO -   Model size: 42.62 MB
2025-07-24 09:45:55 - AutoML - INFO - resnet18 creation completed in 0.85 seconds
2025-07-25 18:55:37 - AutoML - INFO - === AutoML Pipeline Logging Initialized ===
2025-07-25 18:55:37 - AutoML - INFO - Log level: INFO, File: results\logs\automl.log
2025-07-25 18:55:38 - AutoML - INFO - Random seed set to 42 for reproducibility
2025-07-25 18:55:38 - AutoML - INFO -  Initializing AutoML Pipeline...
2025-07-25 18:55:38 - AutoML.DataManager - INFO - Initialized DataManager for emotions dataset
2025-07-25 18:55:38 - AutoML.ModelFactory - INFO - ModelFactory initialized for emotions: 7 classes, 1 channels, 48x48 images
2025-07-25 18:55:38 - AutoML.ModelFactory - INFO - Strategic models available: ['resnet18', 'resnet34', 'efficientnet_b0', 'efficientnet_b1', 'convnext_tiny', 'mobilenetv3_large_100', 'densenet121']
2025-07-25 18:55:38 - AutoML - INFO -  Using GPU: NVIDIA GeForce RTX 3060 Laptop GPU (6.4GB)
2025-07-25 18:55:38 - AutoML.Trainer - INFO - Trainer initialized - Device: cuda
2025-07-25 18:55:38 - AutoML.Trainer - INFO - Max epochs: 50, Min epochs: 5
2025-07-25 18:55:38 - AutoML.BudgetManager - INFO - BudgetManager initialized:
2025-07-25 18:55:38 - AutoML.BudgetManager - INFO -   Total budget: 24.0 hours
2025-07-25 18:55:38 - AutoML.BudgetManager - INFO -   Architecture search: 16.8 hours (70%)
2025-07-25 18:55:38 - AutoML.BudgetManager - INFO -   Final training: 4.8 hours (20%)
2025-07-25 18:55:38 - AutoML.BudgetManager - INFO -   Buffer: 2.4 hours (10%)
2025-07-25 18:55:38 - AutoML.ComparativeEarlyStopping - INFO - ComparativeEarlyStopping initialized with confidence=0.8
2025-07-25 18:55:38 - AutoML.ComparativeEarlyStopping - INFO - Decision weights: {'statistical_significance': 0.35, 'performance_gap': 0.25, 'learning_trend': 0.25, 'resource_efficiency': 0.15}
2025-07-25 18:55:38 - AutoML.MetaHPOSelector - INFO - MetaHPOSelector initialized - Base trials: 8, Quick mode: False
2025-07-25 18:55:38 - AutoML.Pipeline - INFO - === AutoML Pipeline Initialized ===
2025-07-25 18:55:38 - AutoML.Pipeline - INFO - Configuration: emotions dataset
2025-07-25 18:55:38 - AutoML.Pipeline - INFO - Time budget: 24.0 hours
2025-07-25 18:55:38 - AutoML.Pipeline - INFO - Target: 7 classes
2025-07-25 18:55:38 - AutoML - INFO -  Starting AutoML execution...
2025-07-25 18:55:38 - AutoML.Pipeline - INFO - Starting AutoML Pipeline Execution
2025-07-25 18:55:38 - AutoML.Pipeline - INFO - === Phase 1: Dataset Analysis and Preparation ===
2025-07-25 18:55:38 - AutoML - INFO -  Starting: Dataset preparation
2025-07-25 18:55:38 - AutoML.DataManager - INFO - Setting up emotions datasets...
2025-07-25 18:55:38 - AutoML - INFO -  Starting: emotions dataset setup
2025-07-25 18:55:38 - AutoML.DatasetCharacteristics - INFO - Analyzing emotions dataset characteristics...
2025-07-25 18:55:38 - AutoML - INFO -  Starting: emotions dataset analysis
2025-07-25 18:55:39 - AutoML - INFO -  emotions dataset analysis completed in 1.34 seconds
2025-07-25 18:55:39 - AutoML.DatasetCharacteristics - INFO - Dataset analysis complete: 1000 samples analyzed
2025-07-25 18:55:39 - AutoML.DatasetCharacteristics - INFO - Complexity score: 1.00/10
2025-07-25 19:00:19 - AutoML.DataManager - INFO - Created stratified split: 22967 train, 5742 validation
2025-07-25 19:00:19 - AutoML.DataManager - INFO - Data splits - Train: 22967, Val: 5742, Test: 7178
2025-07-25 19:00:19 - AutoML - INFO -  emotions dataset setup completed in 4.69 minutes
2025-07-25 19:00:19 - AutoML.Pipeline - INFO - Dataset Analysis Complete:
2025-07-25 19:00:19 - AutoML.Pipeline - INFO -   Name: emotions
2025-07-25 19:00:19 - AutoML.Pipeline - INFO -   Samples: 28,709
2025-07-25 19:00:19 - AutoML.Pipeline - INFO -   Classes: 7
2025-07-25 19:00:19 - AutoML.Pipeline - INFO -   Image size: 48x48x1
2025-07-25 19:00:19 - AutoML.Pipeline - INFO -   Complexity: 1.0/10
2025-07-25 19:00:19 - AutoML.Pipeline - INFO -   Memory per sample: 0.009 MB
2025-07-25 19:00:19 - AutoML - INFO -  Dataset preparation completed in 4.69 minutes
2025-07-25 19:00:19 - AutoML.Pipeline - INFO - === Phase 2: Architecture Selection and Budget Allocation ===
2025-07-25 19:00:19 - AutoML - INFO -  Starting: Architecture selection
2025-07-25 19:00:19 - AutoML.Pipeline - INFO - Selected architectures: ['resnet18', 'efficientnet_b0', 'convnext_tiny', 'densenet121']
2025-07-25 19:00:19 - AutoML.ComparativeEarlyStopping - INFO - Registered architecture: resnet18
2025-07-25 19:00:19 - AutoML.ComparativeEarlyStopping - INFO - Registered architecture: efficientnet_b0
2025-07-25 19:00:19 - AutoML.ComparativeEarlyStopping - INFO - Registered architecture: convnext_tiny
2025-07-25 19:00:19 - AutoML.ComparativeEarlyStopping - INFO - Registered architecture: densenet121
2025-07-25 19:00:19 - AutoML.BudgetManager - INFO - Initial allocation: 4.20h and 3.2GB per architecture
2025-07-25 19:00:19 - AutoML.BudgetManager - INFO - Execution started with 4 architectures
2025-07-25 19:00:19 - AutoML.BudgetManager - INFO - Architecture queue: ['resnet18', 'efficientnet_b0', 'convnext_tiny', 'densenet121']
2025-07-25 19:00:19 - AutoML - INFO -  Architecture selection completed in 0.01 seconds
2025-07-25 19:00:19 - AutoML.Pipeline - INFO - === Phase 3: Intelligent Architecture Search ===
2025-07-25 19:00:19 - AutoML - INFO -  Starting: Architecture search
2025-07-25 19:00:19 - AutoML.Pipeline - INFO - Creating data loaders...
2025-07-25 19:00:19 - AutoML.DataManager - INFO - Using recommended batch size: 64
2025-07-25 19:00:19 - AutoML.DataManager - INFO - Creating dataloaders - batch_size: 64, image_size: 48
2025-07-25 19:00:19 - AutoML.AugmentationFactory - INFO - Auto-selected augmentation strategy: light
2025-07-25 19:01:03 - AutoML.DataManager - INFO - Created stratified split: 22967 train, 5742 validation
2025-07-25 19:01:03 - AutoML.DataManager - INFO - DataLoaders created successfully
2025-07-25 19:01:03 - AutoML.Pipeline - INFO -   Train batches: 358
2025-07-25 19:01:03 - AutoML.Pipeline - INFO -   Validation batches: 90
2025-07-25 19:01:03 - AutoML.Pipeline - INFO -   Test batches: 113
2025-07-25 19:01:03 - AutoML.Pipeline - INFO - Processing architecture: resnet18
2025-07-25 19:01:03 - AutoML.BudgetManager - INFO - Started training resnet18 with 4.20h budget
2025-07-25 19:01:03 - AutoML.Pipeline - INFO - Starting HPO for resnet18
2025-07-25 19:01:03 - AutoML.MetaHPOSelector - INFO - Selecting HPO method for resnet18
2025-07-25 19:01:03 - AutoML.MetaHPOSelector - INFO -   Dataset complexity: 1.0
2025-07-25 19:01:03 - AutoML.MetaHPOSelector - INFO -   Available time: 16.8 hours
2025-07-25 19:01:03 - AutoML.MetaHPOSelector - INFO -   Search space size: 100000
2025-07-25 19:01:03 - AutoML.MetaHPOSelector - INFO - Trial budget for resnet18: 5 trials
2025-07-25 19:01:03 - AutoML.MetaHPOSelector - INFO -   Arch complexity: 2.0, Dataset complexity: 1.0
2025-07-25 19:01:03 - AutoML.MetaHPOSelector - INFO -   Available time: 16.8h
2025-07-25 19:01:03 - AutoML.MetaHPOSelector - INFO - Selected bayesian_optimization for resnet18
2025-07-25 19:01:03 - AutoML.MetaHPOSelector - INFO -   Trials: 5
2025-07-25 19:01:03 - AutoML.MetaHPOSelector - INFO -   Timeout: 36261s
2025-07-25 19:01:03 - AutoML.HPO.bayesian_optimization - INFO - Starting Bayesian Optimization for resnet18
2025-07-25 19:01:03 - AutoML.Trainer - INFO - Evaluating hyperparameters for resnet18: {'learning_rate': 0.00031489116479568613, 'optimizer': 'adam', 'weight_decay': 4.2079886696066345e-06, 'batch_size': 64, 'dropout_rate': 0.4956508044572318, 'pretrained': False, 'lr_scheduler': 'cosine', 'max_epochs': 25}
2025-07-25 19:01:03 - AutoML.ModelFactory - INFO - Creating resnet18 (pretrained=False, dropout=0.4956508044572318)
2025-07-25 19:01:03 - AutoML - INFO -  Starting: resnet18 creation
2025-07-25 19:01:03 - AutoML.ModelFactory - INFO - resnet18 created successfully:
2025-07-25 19:01:03 - AutoML.ModelFactory - INFO -   Parameters: 11,173,831
2025-07-25 19:01:03 - AutoML.ModelFactory - INFO -   Trainable: 11,173,831
2025-07-25 19:01:03 - AutoML.ModelFactory - INFO -   Model size: 42.62 MB
2025-07-25 19:01:03 - AutoML - INFO -  resnet18 creation completed in 0.12 seconds
2025-07-25 19:03:31 - AutoML.Trainer - INFO - Epoch 5/25 - Train Acc: 0.5402, Val Acc: 0.5239, Val Loss: 1.2475, Time: 37.4s
2025-07-25 19:05:50 - AutoML.ComparativeEarlyStopping - INFO - Early stopping evaluation for resnet18:
2025-07-25 19:05:50 - AutoML.ComparativeEarlyStopping - INFO -   Decision scores: {'statistical_significance': 0.0, 'performance_gap': 0.0, 'learning_trend': 0.2, 'resource_efficiency': 0.0}
2025-07-25 19:05:50 - AutoML.ComparativeEarlyStopping - INFO -   Final score: 0.050
2025-07-25 19:05:50 - AutoML.ComparativeEarlyStopping - INFO -   Decision: CONTINUE
2025-07-25 19:05:50 - AutoML.Trainer - INFO - Epoch 10/25 - Train Acc: 0.7106, Val Acc: 0.5446, Val Loss: 1.2660, Time: 28.8s
2025-07-25 19:06:17 - AutoML.ComparativeEarlyStopping - INFO - Early stopping evaluation for resnet18:
2025-07-25 19:06:17 - AutoML.ComparativeEarlyStopping - INFO -   Decision scores: {'statistical_significance': 0.0, 'performance_gap': 0.0, 'learning_trend': 0.2, 'resource_efficiency': 0.0}
2025-07-25 19:06:17 - AutoML.ComparativeEarlyStopping - INFO -   Final score: 0.050
2025-07-25 19:06:17 - AutoML.ComparativeEarlyStopping - INFO -   Decision: CONTINUE
2025-07-25 19:06:44 - AutoML.ComparativeEarlyStopping - INFO - Early stopping evaluation for resnet18:
2025-07-25 19:06:44 - AutoML.ComparativeEarlyStopping - INFO -   Decision scores: {'statistical_significance': 0.0, 'performance_gap': 0.0, 'learning_trend': 0.2, 'resource_efficiency': 0.0}
2025-07-25 19:06:44 - AutoML.ComparativeEarlyStopping - INFO -   Final score: 0.050
2025-07-25 19:06:44 - AutoML.ComparativeEarlyStopping - INFO -   Decision: CONTINUE
2025-07-25 19:07:17 - AutoML.ComparativeEarlyStopping - INFO - Early stopping evaluation for resnet18:
2025-07-25 19:07:17 - AutoML.ComparativeEarlyStopping - INFO -   Decision scores: {'statistical_significance': 0.0, 'performance_gap': 0.0, 'learning_trend': 0.2, 'resource_efficiency': 0.0}
2025-07-25 19:07:17 - AutoML.ComparativeEarlyStopping - INFO -   Final score: 0.050
2025-07-25 19:07:17 - AutoML.ComparativeEarlyStopping - INFO -   Decision: CONTINUE
2025-07-25 19:07:48 - AutoML.ComparativeEarlyStopping - INFO - Early stopping evaluation for resnet18:
2025-07-25 19:07:48 - AutoML.ComparativeEarlyStopping - INFO -   Decision scores: {'statistical_significance': 0.0, 'performance_gap': 0.0, 'learning_trend': 0.2, 'resource_efficiency': 0.0}
2025-07-25 19:07:48 - AutoML.ComparativeEarlyStopping - INFO -   Final score: 0.050
2025-07-25 19:07:48 - AutoML.ComparativeEarlyStopping - INFO -   Decision: CONTINUE
2025-07-25 19:08:17 - AutoML.ComparativeEarlyStopping - INFO - Early stopping evaluation for resnet18:
2025-07-25 19:08:17 - AutoML.ComparativeEarlyStopping - INFO -   Decision scores: {'statistical_significance': 0.0, 'performance_gap': 0.0, 'learning_trend': 0.2, 'resource_efficiency': 0.0}
2025-07-25 19:08:17 - AutoML.ComparativeEarlyStopping - INFO -   Final score: 0.050
2025-07-25 19:08:17 - AutoML.ComparativeEarlyStopping - INFO -   Decision: CONTINUE
2025-07-25 19:08:17 - AutoML.Trainer - INFO - Epoch 15/25 - Train Acc: 0.8743, Val Acc: 0.5552, Val Loss: 1.5761, Time: 29.2s
2025-07-25 19:08:52 - AutoML.ComparativeEarlyStopping - INFO - Early stopping evaluation for resnet18:
2025-07-25 19:08:52 - AutoML.ComparativeEarlyStopping - INFO -   Decision scores: {'statistical_significance': 0.0, 'performance_gap': 0.0, 'learning_trend': 0.0, 'resource_efficiency': 0.0}
2025-07-25 19:08:52 - AutoML.ComparativeEarlyStopping - INFO -   Final score: 0.000
2025-07-25 19:08:52 - AutoML.ComparativeEarlyStopping - INFO -   Decision: CONTINUE
2025-07-25 19:09:20 - AutoML.ComparativeEarlyStopping - INFO - Early stopping evaluation for resnet18:
2025-07-25 19:09:20 - AutoML.ComparativeEarlyStopping - INFO -   Decision scores: {'statistical_significance': 0.0, 'performance_gap': 0.0, 'learning_trend': 0.0, 'resource_efficiency': 0.0}
2025-07-25 19:09:20 - AutoML.ComparativeEarlyStopping - INFO -   Final score: 0.000
2025-07-25 19:09:20 - AutoML.ComparativeEarlyStopping - INFO -   Decision: CONTINUE
2025-07-25 19:09:51 - AutoML.ComparativeEarlyStopping - INFO - Early stopping evaluation for resnet18:
2025-07-25 19:09:51 - AutoML.ComparativeEarlyStopping - INFO -   Decision scores: {'statistical_significance': 0.0, 'performance_gap': 0.0, 'learning_trend': 0.0, 'resource_efficiency': 0.0}
2025-07-25 19:09:51 - AutoML.ComparativeEarlyStopping - INFO -   Final score: 0.000
2025-07-25 19:09:51 - AutoML.ComparativeEarlyStopping - INFO -   Decision: CONTINUE
2025-07-25 19:10:21 - AutoML.ComparativeEarlyStopping - INFO - Early stopping evaluation for resnet18:
2025-07-25 19:10:21 - AutoML.ComparativeEarlyStopping - INFO -   Decision scores: {'statistical_significance': 0.0, 'performance_gap': 0.0, 'learning_trend': 0.0, 'resource_efficiency': 0.0}
2025-07-25 19:10:21 - AutoML.ComparativeEarlyStopping - INFO -   Final score: 0.000
2025-07-25 19:10:21 - AutoML.ComparativeEarlyStopping - INFO -   Decision: CONTINUE
2025-07-25 19:10:51 - AutoML.ComparativeEarlyStopping - INFO - Early stopping evaluation for resnet18:
2025-07-25 19:10:51 - AutoML.ComparativeEarlyStopping - INFO -   Decision scores: {'statistical_significance': 0.0, 'performance_gap': 0.0, 'learning_trend': 0.0, 'resource_efficiency': 0.0}
2025-07-25 19:10:51 - AutoML.ComparativeEarlyStopping - INFO -   Final score: 0.000
2025-07-25 19:10:51 - AutoML.ComparativeEarlyStopping - INFO -   Decision: CONTINUE
2025-07-25 19:10:51 - AutoML.Trainer - INFO - Epoch 20/25 - Train Acc: 0.9499, Val Acc: 0.5681, Val Loss: 1.8439, Time: 30.0s
2025-07-25 19:11:18 - AutoML.ComparativeEarlyStopping - INFO - Early stopping evaluation for resnet18:
2025-07-25 19:11:18 - AutoML.ComparativeEarlyStopping - INFO -   Decision scores: {'statistical_significance': 0.0, 'performance_gap': 0.0, 'learning_trend': 0.0, 'resource_efficiency': 0.0}
2025-07-25 19:11:18 - AutoML.ComparativeEarlyStopping - INFO -   Final score: 0.000
2025-07-25 19:11:18 - AutoML.ComparativeEarlyStopping - INFO -   Decision: CONTINUE
2025-07-25 19:11:46 - AutoML.ComparativeEarlyStopping - INFO - Early stopping evaluation for resnet18:
2025-07-25 19:11:46 - AutoML.ComparativeEarlyStopping - INFO -   Decision scores: {'statistical_significance': 0.0, 'performance_gap': 0.0, 'learning_trend': 0.0, 'resource_efficiency': 0.0}
2025-07-25 19:11:46 - AutoML.ComparativeEarlyStopping - INFO -   Final score: 0.000
2025-07-25 19:11:46 - AutoML.ComparativeEarlyStopping - INFO -   Decision: CONTINUE
2025-07-25 19:12:15 - AutoML.ComparativeEarlyStopping - INFO - Early stopping evaluation for resnet18:
2025-07-25 19:12:15 - AutoML.ComparativeEarlyStopping - INFO -   Decision scores: {'statistical_significance': 0.0, 'performance_gap': 0.0, 'learning_trend': 0.0, 'resource_efficiency': 0.0}
2025-07-25 19:12:15 - AutoML.ComparativeEarlyStopping - INFO -   Final score: 0.000
2025-07-25 19:12:15 - AutoML.ComparativeEarlyStopping - INFO -   Decision: CONTINUE
2025-07-25 19:12:44 - AutoML.ComparativeEarlyStopping - INFO - Early stopping evaluation for resnet18:
2025-07-25 19:12:44 - AutoML.ComparativeEarlyStopping - INFO -   Decision scores: {'statistical_significance': 0.0, 'performance_gap': 0.0, 'learning_trend': 0.0, 'resource_efficiency': 0.0}
2025-07-25 19:12:44 - AutoML.ComparativeEarlyStopping - INFO -   Final score: 0.000
2025-07-25 19:12:44 - AutoML.ComparativeEarlyStopping - INFO -   Decision: CONTINUE
2025-07-25 19:13:13 - AutoML.ComparativeEarlyStopping - INFO - Early stopping evaluation for resnet18:
2025-07-25 19:13:13 - AutoML.ComparativeEarlyStopping - INFO -   Decision scores: {'statistical_significance': 0.0, 'performance_gap': 0.0, 'learning_trend': 0.0, 'resource_efficiency': 0.0}
2025-07-25 19:13:13 - AutoML.ComparativeEarlyStopping - INFO -   Final score: 0.000
2025-07-25 19:13:13 - AutoML.ComparativeEarlyStopping - INFO -   Decision: CONTINUE
2025-07-25 19:13:13 - AutoML.Trainer - INFO - Epoch 25/25 - Train Acc: 0.9685, Val Acc: 0.5730, Val Loss: 1.8945, Time: 28.9s
2025-07-25 19:13:13 - AutoML.Trainer - INFO - Training completed for resnet18
2025-07-25 19:13:13 - AutoML.Trainer - INFO - Best validation accuracy: 0.5752
2025-07-25 19:13:13 - AutoML.Trainer - INFO - Total training time: 729.8s
2025-07-25 19:13:13 - AutoML.Trainer - INFO - Average epoch time: 29.2s
2025-07-25 19:13:13 - AutoML.Trainer - INFO - Evaluating hyperparameters for resnet18: {'learning_rate': 0.00016480446427978953, 'optimizer': 'adam', 'weight_decay': 0.0002801635158716264, 'batch_size': 128, 'dropout_rate': 0.5496231729751094, 'pretrained': False, 'lr_scheduler': 'plateau', 'max_epochs': 25}
2025-07-25 19:13:13 - AutoML.ModelFactory - INFO - Creating resnet18 (pretrained=False, dropout=0.5496231729751094)
2025-07-25 19:13:13 - AutoML - INFO -  Starting: resnet18 creation
2025-07-25 19:13:13 - AutoML.ModelFactory - INFO - resnet18 created successfully:
2025-07-25 19:13:13 - AutoML.ModelFactory - INFO -   Parameters: 11,173,831
2025-07-25 19:13:13 - AutoML.ModelFactory - INFO -   Trainable: 11,173,831
2025-07-25 19:13:13 - AutoML.ModelFactory - INFO -   Model size: 42.62 MB
2025-07-25 19:13:13 - AutoML - INFO -  resnet18 creation completed in 0.08 seconds
2025-07-25 19:15:36 - AutoML.ComparativeEarlyStopping - INFO - Early stopping evaluation for resnet18:
2025-07-25 19:15:36 - AutoML.ComparativeEarlyStopping - INFO -   Decision scores: {'statistical_significance': 0.0, 'performance_gap': 0.0, 'learning_trend': 0.0, 'resource_efficiency': 0.0}
2025-07-25 19:15:36 - AutoML.ComparativeEarlyStopping - INFO -   Final score: 0.000
2025-07-25 19:15:36 - AutoML.ComparativeEarlyStopping - INFO -   Decision: CONTINUE
2025-07-25 19:15:36 - AutoML.Trainer - INFO - Epoch 5/25 - Train Acc: 0.5307, Val Acc: 0.5176, Val Loss: 1.2707, Time: 29.5s
2025-07-25 19:16:11 - AutoML.ComparativeEarlyStopping - INFO - Early stopping evaluation for resnet18:
2025-07-25 19:16:11 - AutoML.ComparativeEarlyStopping - INFO -   Decision scores: {'statistical_significance': 0.0, 'performance_gap': 0.0, 'learning_trend': 0.0, 'resource_efficiency': 0.0}
2025-07-25 19:16:11 - AutoML.ComparativeEarlyStopping - INFO -   Final score: 0.000
2025-07-25 19:16:11 - AutoML.ComparativeEarlyStopping - INFO -   Decision: CONTINUE
2025-07-25 19:16:48 - AutoML.ComparativeEarlyStopping - INFO - Early stopping evaluation for resnet18:
2025-07-25 19:16:48 - AutoML.ComparativeEarlyStopping - INFO -   Decision scores: {'statistical_significance': 0.0, 'performance_gap': 0.0, 'learning_trend': 0.0, 'resource_efficiency': 0.0}
2025-07-25 19:16:48 - AutoML.ComparativeEarlyStopping - INFO -   Final score: 0.000
2025-07-25 19:16:48 - AutoML.ComparativeEarlyStopping - INFO -   Decision: CONTINUE
2025-07-25 19:17:27 - AutoML.ComparativeEarlyStopping - INFO - Early stopping evaluation for resnet18:
2025-07-25 19:17:27 - AutoML.ComparativeEarlyStopping - INFO -   Decision scores: {'statistical_significance': 0.0, 'performance_gap': 0.0, 'learning_trend': 0.0, 'resource_efficiency': 0.0}
2025-07-25 19:17:27 - AutoML.ComparativeEarlyStopping - INFO -   Final score: 0.000
2025-07-25 19:17:27 - AutoML.ComparativeEarlyStopping - INFO -   Decision: CONTINUE
2025-07-25 19:18:04 - AutoML.ComparativeEarlyStopping - INFO - Early stopping evaluation for resnet18:
2025-07-25 19:18:04 - AutoML.ComparativeEarlyStopping - INFO -   Decision scores: {'statistical_significance': 0.0, 'performance_gap': 0.0, 'learning_trend': 0.0, 'resource_efficiency': 0.0}
2025-07-25 19:18:04 - AutoML.ComparativeEarlyStopping - INFO -   Final score: 0.000
2025-07-25 19:18:04 - AutoML.ComparativeEarlyStopping - INFO -   Decision: CONTINUE
2025-07-25 19:18:33 - AutoML.ComparativeEarlyStopping - INFO - Early stopping evaluation for resnet18:
2025-07-25 19:18:33 - AutoML.ComparativeEarlyStopping - INFO -   Decision scores: {'statistical_significance': 0.0, 'performance_gap': 0.0, 'learning_trend': 0.0, 'resource_efficiency': 0.0}
2025-07-25 19:18:33 - AutoML.ComparativeEarlyStopping - INFO -   Final score: 0.000
2025-07-25 19:18:33 - AutoML.ComparativeEarlyStopping - INFO -   Decision: CONTINUE
2025-07-25 19:18:33 - AutoML.Trainer - INFO - Epoch 10/25 - Train Acc: 0.6757, Val Acc: 0.5319, Val Loss: 1.2860, Time: 29.4s
2025-07-25 19:19:01 - AutoML.ComparativeEarlyStopping - INFO - Early stopping evaluation for resnet18:
2025-07-25 19:19:01 - AutoML.ComparativeEarlyStopping - INFO -   Decision scores: {'statistical_significance': 0.0, 'performance_gap': 0.0, 'learning_trend': 0.0, 'resource_efficiency': 0.0}
2025-07-25 19:19:01 - AutoML.ComparativeEarlyStopping - INFO -   Final score: 0.000
2025-07-25 19:19:01 - AutoML.ComparativeEarlyStopping - INFO -   Decision: CONTINUE
2025-07-25 19:19:37 - AutoML.ComparativeEarlyStopping - INFO - Early stopping evaluation for resnet18:
2025-07-25 19:19:37 - AutoML.ComparativeEarlyStopping - INFO -   Decision scores: {'statistical_significance': 0.0, 'performance_gap': 0.0, 'learning_trend': 0.0, 'resource_efficiency': 0.0}
2025-07-25 19:19:37 - AutoML.ComparativeEarlyStopping - INFO -   Final score: 0.000
2025-07-25 19:19:37 - AutoML.ComparativeEarlyStopping - INFO -   Decision: CONTINUE
2025-07-25 19:20:15 - AutoML.ComparativeEarlyStopping - INFO - Early stopping evaluation for resnet18:
2025-07-25 19:20:15 - AutoML.ComparativeEarlyStopping - INFO -   Decision scores: {'statistical_significance': 0.0, 'performance_gap': 0.0, 'learning_trend': 0.0, 'resource_efficiency': 0.0}
2025-07-25 19:20:15 - AutoML.ComparativeEarlyStopping - INFO -   Final score: 0.000
2025-07-25 19:20:15 - AutoML.ComparativeEarlyStopping - INFO -   Decision: CONTINUE
2025-07-25 19:20:49 - AutoML.ComparativeEarlyStopping - INFO - Early stopping evaluation for resnet18:
2025-07-25 19:20:49 - AutoML.ComparativeEarlyStopping - INFO -   Decision scores: {'statistical_significance': 0.0, 'performance_gap': 0.0, 'learning_trend': 0.0, 'resource_efficiency': 0.0}
2025-07-25 19:20:49 - AutoML.ComparativeEarlyStopping - INFO -   Final score: 0.000
2025-07-25 19:20:49 - AutoML.ComparativeEarlyStopping - INFO -   Decision: CONTINUE
2025-07-25 19:21:43 - AutoML.ComparativeEarlyStopping - INFO - Early stopping evaluation for resnet18:
2025-07-25 19:21:43 - AutoML.ComparativeEarlyStopping - INFO -   Decision scores: {'statistical_significance': 0.0, 'performance_gap': 0.0, 'learning_trend': 0.0, 'resource_efficiency': 0.0}
2025-07-25 19:21:43 - AutoML.ComparativeEarlyStopping - INFO -   Final score: 0.000
2025-07-25 19:21:43 - AutoML.ComparativeEarlyStopping - INFO -   Decision: CONTINUE
2025-07-25 19:21:43 - AutoML.Trainer - INFO - Epoch 15/25 - Train Acc: 0.8475, Val Acc: 0.5528, Val Loss: 1.4947, Time: 54.2s
2025-07-25 19:23:03 - AutoML.ComparativeEarlyStopping - INFO - Early stopping evaluation for resnet18:
2025-07-25 19:23:03 - AutoML.ComparativeEarlyStopping - INFO -   Decision scores: {'statistical_significance': 0.0, 'performance_gap': 0.0, 'learning_trend': 0.0, 'resource_efficiency': 0.0}
2025-07-25 19:23:03 - AutoML.ComparativeEarlyStopping - INFO -   Final score: 0.000
2025-07-25 19:23:03 - AutoML.ComparativeEarlyStopping - INFO -   Decision: CONTINUE
2025-07-25 19:23:39 - AutoML.ComparativeEarlyStopping - INFO - Early stopping evaluation for resnet18:
2025-07-25 19:23:39 - AutoML.ComparativeEarlyStopping - INFO -   Decision scores: {'statistical_significance': 0.0, 'performance_gap': 0.0, 'learning_trend': 0.0, 'resource_efficiency': 0.0}
2025-07-25 19:23:39 - AutoML.ComparativeEarlyStopping - INFO -   Final score: 0.000
2025-07-25 19:23:39 - AutoML.ComparativeEarlyStopping - INFO -   Decision: CONTINUE
2025-07-25 19:24:19 - AutoML.ComparativeEarlyStopping - INFO - Early stopping evaluation for resnet18:
2025-07-25 19:24:19 - AutoML.ComparativeEarlyStopping - INFO -   Decision scores: {'statistical_significance': 0.0, 'performance_gap': 0.0, 'learning_trend': 0.0, 'resource_efficiency': 0.0}
2025-07-25 19:24:19 - AutoML.ComparativeEarlyStopping - INFO -   Final score: 0.000
2025-07-25 19:24:19 - AutoML.ComparativeEarlyStopping - INFO -   Decision: CONTINUE
2025-07-25 19:24:56 - AutoML.ComparativeEarlyStopping - INFO - Early stopping evaluation for resnet18:
2025-07-25 19:24:56 - AutoML.ComparativeEarlyStopping - INFO -   Decision scores: {'statistical_significance': 0.0, 'performance_gap': 0.0, 'learning_trend': 0.0, 'resource_efficiency': 0.0}
2025-07-25 19:24:56 - AutoML.ComparativeEarlyStopping - INFO -   Final score: 0.000
2025-07-25 19:24:56 - AutoML.ComparativeEarlyStopping - INFO -   Decision: CONTINUE
2025-07-25 19:25:32 - AutoML.ComparativeEarlyStopping - INFO - Early stopping evaluation for resnet18:
2025-07-25 19:25:32 - AutoML.ComparativeEarlyStopping - INFO -   Decision scores: {'statistical_significance': 0.0, 'performance_gap': 0.0, 'learning_trend': 0.0, 'resource_efficiency': 0.0}
2025-07-25 19:25:32 - AutoML.ComparativeEarlyStopping - INFO -   Final score: 0.000
2025-07-25 19:25:32 - AutoML.ComparativeEarlyStopping - INFO -   Decision: CONTINUE
2025-07-25 19:25:32 - AutoML.Trainer - INFO - Epoch 20/25 - Train Acc: 0.9215, Val Acc: 0.5550, Val Loss: 1.7921, Time: 36.4s
2025-07-25 19:26:08 - AutoML.ComparativeEarlyStopping - INFO - Early stopping evaluation for resnet18:
2025-07-25 19:26:08 - AutoML.ComparativeEarlyStopping - INFO -   Decision scores: {'statistical_significance': 0.0, 'performance_gap': 0.0, 'learning_trend': 0.0, 'resource_efficiency': 0.0}
2025-07-25 19:26:08 - AutoML.ComparativeEarlyStopping - INFO -   Final score: 0.000
2025-07-25 19:26:08 - AutoML.ComparativeEarlyStopping - INFO -   Decision: CONTINUE
2025-07-25 19:26:46 - AutoML.ComparativeEarlyStopping - INFO - Early stopping evaluation for resnet18:
2025-07-25 19:26:46 - AutoML.ComparativeEarlyStopping - INFO -   Decision scores: {'statistical_significance': 0.0, 'performance_gap': 0.0, 'learning_trend': 0.0, 'resource_efficiency': 0.0}
2025-07-25 19:26:46 - AutoML.ComparativeEarlyStopping - INFO -   Final score: 0.000
2025-07-25 19:26:46 - AutoML.ComparativeEarlyStopping - INFO -   Decision: CONTINUE
2025-07-25 19:27:22 - AutoML.ComparativeEarlyStopping - INFO - Early stopping evaluation for resnet18:
2025-07-25 19:27:22 - AutoML.ComparativeEarlyStopping - INFO -   Decision scores: {'statistical_significance': 0.0, 'performance_gap': 0.0, 'learning_trend': 0.0, 'resource_efficiency': 0.0}
2025-07-25 19:27:22 - AutoML.ComparativeEarlyStopping - INFO -   Final score: 0.000
2025-07-25 19:27:22 - AutoML.ComparativeEarlyStopping - INFO -   Decision: CONTINUE
2025-07-25 19:27:58 - AutoML.ComparativeEarlyStopping - INFO - Early stopping evaluation for resnet18:
2025-07-25 19:27:58 - AutoML.ComparativeEarlyStopping - INFO -   Decision scores: {'statistical_significance': 0.0, 'performance_gap': 0.0, 'learning_trend': 0.0, 'resource_efficiency': 0.0}
2025-07-25 19:27:58 - AutoML.ComparativeEarlyStopping - INFO -   Final score: 0.000
2025-07-25 19:27:58 - AutoML.ComparativeEarlyStopping - INFO -   Decision: CONTINUE
2025-07-25 19:28:34 - AutoML.ComparativeEarlyStopping - INFO - Early stopping evaluation for resnet18:
2025-07-25 19:28:34 - AutoML.ComparativeEarlyStopping - INFO -   Decision scores: {'statistical_significance': 0.0, 'performance_gap': 0.0, 'learning_trend': 0.5, 'resource_efficiency': 0.0}
2025-07-25 19:28:34 - AutoML.ComparativeEarlyStopping - INFO -   Final score: 0.125
2025-07-25 19:28:34 - AutoML.ComparativeEarlyStopping - INFO -   Decision: CONTINUE
2025-07-25 19:28:34 - AutoML.Trainer - INFO - Epoch 25/25 - Train Acc: 0.9612, Val Acc: 0.5514, Val Loss: 2.0244, Time: 36.4s
2025-07-25 19:28:34 - AutoML.Trainer - INFO - Training completed for resnet18
2025-07-25 19:28:34 - AutoML.Trainer - INFO - Best validation accuracy: 0.5603
2025-07-25 19:28:34 - AutoML.Trainer - INFO - Total training time: 921.4s
2025-07-25 19:28:34 - AutoML.Trainer - INFO - Average epoch time: 36.8s
2025-07-25 19:28:34 - AutoML.Trainer - INFO - Evaluating hyperparameters for resnet18: {'learning_rate': 1.8205657658407255e-05, 'optimizer': 'sgd', 'weight_decay': 1.6536937182824424e-05, 'batch_size': 32, 'dropout_rate': 0.34662383707788913, 'pretrained': False, 'lr_scheduler': 'step', 'max_epochs': 36}
2025-07-25 19:28:34 - AutoML.ModelFactory - INFO - Creating resnet18 (pretrained=False, dropout=0.34662383707788913)
2025-07-25 19:28:34 - AutoML - INFO -  Starting: resnet18 creation
2025-07-25 19:28:35 - AutoML.ModelFactory - INFO - resnet18 created successfully:
2025-07-25 19:28:35 - AutoML.ModelFactory - INFO -   Parameters: 11,173,831
2025-07-25 19:28:35 - AutoML.ModelFactory - INFO -   Trainable: 11,173,831
2025-07-25 19:28:35 - AutoML.ModelFactory - INFO -   Model size: 42.62 MB
2025-07-25 19:28:35 - AutoML - INFO -  resnet18 creation completed in 0.25 seconds
2025-07-25 19:31:34 - AutoML.ComparativeEarlyStopping - INFO - Early stopping evaluation for resnet18:
2025-07-25 19:31:34 - AutoML.ComparativeEarlyStopping - INFO -   Decision scores: {'statistical_significance': 0.0, 'performance_gap': 0.0, 'learning_trend': 0.0, 'resource_efficiency': 0.0}
2025-07-25 19:31:34 - AutoML.ComparativeEarlyStopping - INFO -   Final score: 0.000
2025-07-25 19:31:34 - AutoML.ComparativeEarlyStopping - INFO -   Decision: CONTINUE
2025-07-25 19:31:34 - AutoML.Trainer - INFO - Epoch 5/36 - Train Acc: 0.2401, Val Acc: 0.2518, Val Loss: 1.8039, Time: 36.4s
2025-07-25 19:32:12 - AutoML.ComparativeEarlyStopping - INFO - Early stopping evaluation for resnet18:
2025-07-25 19:32:12 - AutoML.ComparativeEarlyStopping - INFO -   Decision scores: {'statistical_significance': 0.0, 'performance_gap': 0.0, 'learning_trend': 0.0, 'resource_efficiency': 0.0}
2025-07-25 19:32:12 - AutoML.ComparativeEarlyStopping - INFO -   Final score: 0.000
2025-07-25 19:32:12 - AutoML.ComparativeEarlyStopping - INFO -   Decision: CONTINUE
2025-07-25 19:32:48 - AutoML.ComparativeEarlyStopping - INFO - Early stopping evaluation for resnet18:
2025-07-25 19:32:48 - AutoML.ComparativeEarlyStopping - INFO -   Decision scores: {'statistical_significance': 0.0, 'performance_gap': 0.0, 'learning_trend': 0.0, 'resource_efficiency': 0.0}
2025-07-25 19:32:48 - AutoML.ComparativeEarlyStopping - INFO -   Final score: 0.000
2025-07-25 19:32:48 - AutoML.ComparativeEarlyStopping - INFO -   Decision: CONTINUE
2025-07-25 19:33:17 - AutoML.ComparativeEarlyStopping - INFO - Early stopping evaluation for resnet18:
2025-07-25 19:33:17 - AutoML.ComparativeEarlyStopping - INFO -   Decision scores: {'statistical_significance': 0.0, 'performance_gap': 0.0, 'learning_trend': 0.0, 'resource_efficiency': 0.0}
2025-07-25 19:33:17 - AutoML.ComparativeEarlyStopping - INFO -   Final score: 0.000
2025-07-25 19:33:17 - AutoML.ComparativeEarlyStopping - INFO -   Decision: CONTINUE
2025-07-25 19:33:47 - AutoML.ComparativeEarlyStopping - INFO - Early stopping evaluation for resnet18:
2025-07-25 19:33:47 - AutoML.ComparativeEarlyStopping - INFO -   Decision scores: {'statistical_significance': 0.0, 'performance_gap': 0.0, 'learning_trend': 0.0, 'resource_efficiency': 0.0}
2025-07-25 19:33:47 - AutoML.ComparativeEarlyStopping - INFO -   Final score: 0.000
2025-07-25 19:33:47 - AutoML.ComparativeEarlyStopping - INFO -   Decision: CONTINUE
2025-07-25 19:34:18 - AutoML.ComparativeEarlyStopping - INFO - Early stopping evaluation for resnet18:
2025-07-25 19:34:18 - AutoML.ComparativeEarlyStopping - INFO -   Decision scores: {'statistical_significance': 0.0, 'performance_gap': 0.0, 'learning_trend': 0.0, 'resource_efficiency': 0.0}
2025-07-25 19:34:18 - AutoML.ComparativeEarlyStopping - INFO -   Final score: 0.000
2025-07-25 19:34:18 - AutoML.ComparativeEarlyStopping - INFO -   Decision: CONTINUE
2025-07-25 19:34:18 - AutoML.Trainer - INFO - Epoch 10/36 - Train Acc: 0.2502, Val Acc: 0.2576, Val Loss: 1.7847, Time: 31.4s
2025-07-25 19:34:45 - AutoML.ComparativeEarlyStopping - INFO - Early stopping evaluation for resnet18:
2025-07-25 19:34:45 - AutoML.ComparativeEarlyStopping - INFO -   Decision scores: {'statistical_significance': 0.0, 'performance_gap': 0.0, 'learning_trend': 0.0, 'resource_efficiency': 0.0}
2025-07-25 19:34:45 - AutoML.ComparativeEarlyStopping - INFO -   Final score: 0.000
2025-07-25 19:34:45 - AutoML.ComparativeEarlyStopping - INFO -   Decision: CONTINUE
2025-07-25 19:35:15 - AutoML.ComparativeEarlyStopping - INFO - Early stopping evaluation for resnet18:
2025-07-25 19:35:15 - AutoML.ComparativeEarlyStopping - INFO -   Decision scores: {'statistical_significance': 0.0, 'performance_gap': 0.0, 'learning_trend': 0.2, 'resource_efficiency': 0.0}
2025-07-25 19:35:15 - AutoML.ComparativeEarlyStopping - INFO -   Final score: 0.050
2025-07-25 19:35:15 - AutoML.ComparativeEarlyStopping - INFO -   Decision: CONTINUE
2025-07-25 19:35:44 - AutoML.ComparativeEarlyStopping - INFO - Early stopping evaluation for resnet18:
2025-07-25 19:35:44 - AutoML.ComparativeEarlyStopping - INFO -   Decision scores: {'statistical_significance': 0.0, 'performance_gap': 0.0, 'learning_trend': 0.2, 'resource_efficiency': 0.0}
2025-07-25 19:35:44 - AutoML.ComparativeEarlyStopping - INFO -   Final score: 0.050
2025-07-25 19:35:44 - AutoML.ComparativeEarlyStopping - INFO -   Decision: CONTINUE
2025-07-25 19:36:11 - AutoML.ComparativeEarlyStopping - INFO - Early stopping evaluation for resnet18:
2025-07-25 19:36:11 - AutoML.ComparativeEarlyStopping - INFO -   Decision scores: {'statistical_significance': 0.0, 'performance_gap': 0.0, 'learning_trend': 0.2, 'resource_efficiency': 0.0}
2025-07-25 19:36:11 - AutoML.ComparativeEarlyStopping - INFO -   Final score: 0.050
2025-07-25 19:36:11 - AutoML.ComparativeEarlyStopping - INFO -   Decision: CONTINUE
2025-07-25 19:36:39 - AutoML.ComparativeEarlyStopping - INFO - Early stopping evaluation for resnet18:
2025-07-25 19:36:39 - AutoML.ComparativeEarlyStopping - INFO -   Decision scores: {'statistical_significance': 0.0, 'performance_gap': 0.0, 'learning_trend': 0.2, 'resource_efficiency': 0.0}
2025-07-25 19:36:39 - AutoML.ComparativeEarlyStopping - INFO -   Final score: 0.050
2025-07-25 19:36:39 - AutoML.ComparativeEarlyStopping - INFO -   Decision: CONTINUE
2025-07-25 19:36:39 - AutoML.Trainer - INFO - Epoch 15/36 - Train Acc: 0.2508, Val Acc: 0.2618, Val Loss: 1.7831, Time: 28.2s
2025-07-25 19:37:09 - AutoML.ComparativeEarlyStopping - INFO - Early stopping evaluation for resnet18:
2025-07-25 19:37:09 - AutoML.ComparativeEarlyStopping - INFO -   Decision scores: {'statistical_significance': 0.0, 'performance_gap': 0.0, 'learning_trend': 0.0, 'resource_efficiency': 0.0}
2025-07-25 19:37:09 - AutoML.ComparativeEarlyStopping - INFO -   Final score: 0.000
2025-07-25 19:37:09 - AutoML.ComparativeEarlyStopping - INFO -   Decision: CONTINUE
2025-07-25 19:37:36 - AutoML.ComparativeEarlyStopping - INFO - Early stopping evaluation for resnet18:
2025-07-25 19:37:36 - AutoML.ComparativeEarlyStopping - INFO -   Decision scores: {'statistical_significance': 0.0, 'performance_gap': 0.0, 'learning_trend': 0.0, 'resource_efficiency': 0.0}
2025-07-25 19:37:36 - AutoML.ComparativeEarlyStopping - INFO -   Final score: 0.000
2025-07-25 19:37:36 - AutoML.ComparativeEarlyStopping - INFO -   Decision: CONTINUE
2025-07-25 19:38:04 - AutoML.ComparativeEarlyStopping - INFO - Early stopping evaluation for resnet18:
2025-07-25 19:38:04 - AutoML.ComparativeEarlyStopping - INFO -   Decision scores: {'statistical_significance': 0.0, 'performance_gap': 0.0, 'learning_trend': 0.0, 'resource_efficiency': 0.0}
2025-07-25 19:38:04 - AutoML.ComparativeEarlyStopping - INFO -   Final score: 0.000
2025-07-25 19:38:04 - AutoML.ComparativeEarlyStopping - INFO -   Decision: CONTINUE
2025-07-25 19:38:31 - AutoML.ComparativeEarlyStopping - INFO - Early stopping evaluation for resnet18:
2025-07-25 19:38:31 - AutoML.ComparativeEarlyStopping - INFO -   Decision scores: {'statistical_significance': 0.0, 'performance_gap': 0.0, 'learning_trend': 0.0, 'resource_efficiency': 0.0}
2025-07-25 19:38:31 - AutoML.ComparativeEarlyStopping - INFO -   Final score: 0.000
2025-07-25 19:38:31 - AutoML.ComparativeEarlyStopping - INFO -   Decision: CONTINUE
2025-07-25 19:38:58 - AutoML.ComparativeEarlyStopping - INFO - Early stopping evaluation for resnet18:
2025-07-25 19:38:58 - AutoML.ComparativeEarlyStopping - INFO -   Decision scores: {'statistical_significance': 0.0, 'performance_gap': 0.0, 'learning_trend': 0.3, 'resource_efficiency': 0.0}
2025-07-25 19:38:58 - AutoML.ComparativeEarlyStopping - INFO -   Final score: 0.075
2025-07-25 19:38:58 - AutoML.ComparativeEarlyStopping - INFO -   Decision: CONTINUE
2025-07-25 19:38:58 - AutoML.Trainer - INFO - Epoch 20/36 - Train Acc: 0.2492, Val Acc: 0.2602, Val Loss: 1.7820, Time: 27.2s
2025-07-25 19:39:25 - AutoML.ComparativeEarlyStopping - INFO - Early stopping evaluation for resnet18:
2025-07-25 19:39:25 - AutoML.ComparativeEarlyStopping - INFO -   Decision scores: {'statistical_significance': 0.0, 'performance_gap': 0.0, 'learning_trend': 0.0, 'resource_efficiency': 0.0}
2025-07-25 19:39:25 - AutoML.ComparativeEarlyStopping - INFO -   Final score: 0.000
2025-07-25 19:39:25 - AutoML.ComparativeEarlyStopping - INFO -   Decision: CONTINUE
2025-07-25 19:39:51 - AutoML.ComparativeEarlyStopping - INFO - Early stopping evaluation for resnet18:
2025-07-25 19:39:51 - AutoML.ComparativeEarlyStopping - INFO -   Decision scores: {'statistical_significance': 0.0, 'performance_gap': 0.0, 'learning_trend': 0.0, 'resource_efficiency': 0.0}
2025-07-25 19:39:51 - AutoML.ComparativeEarlyStopping - INFO -   Final score: 0.000
2025-07-25 19:39:51 - AutoML.ComparativeEarlyStopping - INFO -   Decision: CONTINUE
2025-07-25 19:40:19 - AutoML.ComparativeEarlyStopping - INFO - Early stopping evaluation for resnet18:
2025-07-25 19:40:19 - AutoML.ComparativeEarlyStopping - INFO -   Decision scores: {'statistical_significance': 0.0, 'performance_gap': 0.0, 'learning_trend': 0.0, 'resource_efficiency': 0.0}
2025-07-25 19:40:19 - AutoML.ComparativeEarlyStopping - INFO -   Final score: 0.000
2025-07-25 19:40:19 - AutoML.ComparativeEarlyStopping - INFO -   Decision: CONTINUE
2025-07-25 19:40:46 - AutoML.ComparativeEarlyStopping - INFO - Early stopping evaluation for resnet18:
2025-07-25 19:40:46 - AutoML.ComparativeEarlyStopping - INFO -   Decision scores: {'statistical_significance': 0.0, 'performance_gap': 0.0, 'learning_trend': 0.3, 'resource_efficiency': 0.0}
2025-07-25 19:40:46 - AutoML.ComparativeEarlyStopping - INFO -   Final score: 0.075
2025-07-25 19:40:46 - AutoML.ComparativeEarlyStopping - INFO -   Decision: CONTINUE
2025-07-25 19:41:13 - AutoML.ComparativeEarlyStopping - INFO - Early stopping evaluation for resnet18:
2025-07-25 19:41:13 - AutoML.ComparativeEarlyStopping - INFO -   Decision scores: {'statistical_significance': 0.0, 'performance_gap': 0.0, 'learning_trend': 0.0, 'resource_efficiency': 0.0}
2025-07-25 19:41:13 - AutoML.ComparativeEarlyStopping - INFO -   Final score: 0.000
2025-07-25 19:41:13 - AutoML.ComparativeEarlyStopping - INFO -   Decision: CONTINUE
2025-07-25 19:41:13 - AutoML.Trainer - INFO - Epoch 25/36 - Train Acc: 0.2531, Val Acc: 0.2612, Val Loss: 1.7819, Time: 26.8s
2025-07-25 19:41:42 - AutoML.ComparativeEarlyStopping - INFO - Early stopping evaluation for resnet18:
2025-07-25 19:41:42 - AutoML.ComparativeEarlyStopping - INFO -   Decision scores: {'statistical_significance': 0.0, 'performance_gap': 0.0, 'learning_trend': 0.0, 'resource_efficiency': 0.0}
2025-07-25 19:41:42 - AutoML.ComparativeEarlyStopping - INFO -   Final score: 0.000
2025-07-25 19:41:42 - AutoML.ComparativeEarlyStopping - INFO -   Decision: CONTINUE
2025-07-25 19:42:11 - AutoML.ComparativeEarlyStopping - INFO - Early stopping evaluation for resnet18:
2025-07-25 19:42:11 - AutoML.ComparativeEarlyStopping - INFO -   Decision scores: {'statistical_significance': 0.0, 'performance_gap': 0.0, 'learning_trend': 0.0, 'resource_efficiency': 0.0}
2025-07-25 19:42:11 - AutoML.ComparativeEarlyStopping - INFO -   Final score: 0.000
2025-07-25 19:42:11 - AutoML.ComparativeEarlyStopping - INFO -   Decision: CONTINUE
2025-07-25 19:42:42 - AutoML.ComparativeEarlyStopping - INFO - Early stopping evaluation for resnet18:
2025-07-25 19:42:42 - AutoML.ComparativeEarlyStopping - INFO -   Decision scores: {'statistical_significance': 0.0, 'performance_gap': 0.0, 'learning_trend': 0.0, 'resource_efficiency': 0.0}
2025-07-25 19:42:42 - AutoML.ComparativeEarlyStopping - INFO -   Final score: 0.000
2025-07-25 19:42:42 - AutoML.ComparativeEarlyStopping - INFO -   Decision: CONTINUE
2025-07-25 19:43:17 - AutoML.ComparativeEarlyStopping - INFO - Early stopping evaluation for resnet18:
2025-07-25 19:43:17 - AutoML.ComparativeEarlyStopping - INFO -   Decision scores: {'statistical_significance': 0.0, 'performance_gap': 0.0, 'learning_trend': 0.3, 'resource_efficiency': 0.0}
2025-07-25 19:43:17 - AutoML.ComparativeEarlyStopping - INFO -   Final score: 0.075
2025-07-25 19:43:17 - AutoML.ComparativeEarlyStopping - INFO -   Decision: CONTINUE
2025-07-25 19:43:50 - AutoML.ComparativeEarlyStopping - INFO - Early stopping evaluation for resnet18:
2025-07-25 19:43:50 - AutoML.ComparativeEarlyStopping - INFO -   Decision scores: {'statistical_significance': 0.0, 'performance_gap': 0.0, 'learning_trend': 0.5, 'resource_efficiency': 0.0}
2025-07-25 19:43:50 - AutoML.ComparativeEarlyStopping - INFO -   Final score: 0.125
2025-07-25 19:43:50 - AutoML.ComparativeEarlyStopping - INFO -   Decision: CONTINUE
2025-07-25 19:43:50 - AutoML.Trainer - INFO - Epoch 30/36 - Train Acc: 0.2511, Val Acc: 0.2593, Val Loss: 1.7816, Time: 32.8s
2025-07-25 19:44:25 - AutoML.ComparativeEarlyStopping - INFO - Early stopping evaluation for resnet18:
2025-07-25 19:44:25 - AutoML.ComparativeEarlyStopping - INFO -   Decision scores: {'statistical_significance': 0.0, 'performance_gap': 0.0, 'learning_trend': 0.3, 'resource_efficiency': 0.0}
2025-07-25 19:44:25 - AutoML.ComparativeEarlyStopping - INFO -   Final score: 0.075
2025-07-25 19:44:25 - AutoML.ComparativeEarlyStopping - INFO -   Decision: CONTINUE
2025-07-25 19:45:00 - AutoML.ComparativeEarlyStopping - INFO - Early stopping evaluation for resnet18:
2025-07-25 19:45:00 - AutoML.ComparativeEarlyStopping - INFO -   Decision scores: {'statistical_significance': 0.0, 'performance_gap': 0.0, 'learning_trend': 0.3, 'resource_efficiency': 0.0}
2025-07-25 19:45:00 - AutoML.ComparativeEarlyStopping - INFO -   Final score: 0.075
2025-07-25 19:45:00 - AutoML.ComparativeEarlyStopping - INFO -   Decision: CONTINUE
2025-07-25 19:45:35 - AutoML.ComparativeEarlyStopping - INFO - Early stopping evaluation for resnet18:
2025-07-25 19:45:35 - AutoML.ComparativeEarlyStopping - INFO -   Decision scores: {'statistical_significance': 0.0, 'performance_gap': 0.0, 'learning_trend': 0.3, 'resource_efficiency': 0.0}
2025-07-25 19:45:35 - AutoML.ComparativeEarlyStopping - INFO -   Final score: 0.075
2025-07-25 19:45:35 - AutoML.ComparativeEarlyStopping - INFO -   Decision: CONTINUE
2025-07-25 19:46:07 - AutoML.ComparativeEarlyStopping - INFO - Early stopping evaluation for resnet18:
2025-07-25 19:46:07 - AutoML.ComparativeEarlyStopping - INFO -   Decision scores: {'statistical_significance': 0.0, 'performance_gap': 0.0, 'learning_trend': 0.3, 'resource_efficiency': 0.0}
2025-07-25 19:46:07 - AutoML.ComparativeEarlyStopping - INFO -   Final score: 0.075
2025-07-25 19:46:07 - AutoML.ComparativeEarlyStopping - INFO -   Decision: CONTINUE
2025-07-25 19:46:39 - AutoML.ComparativeEarlyStopping - INFO - Early stopping evaluation for resnet18:
2025-07-25 19:46:39 - AutoML.ComparativeEarlyStopping - INFO -   Decision scores: {'statistical_significance': 0.0, 'performance_gap': 0.0, 'learning_trend': 0.3, 'resource_efficiency': 0.0}
2025-07-25 19:46:39 - AutoML.ComparativeEarlyStopping - INFO -   Final score: 0.075
2025-07-25 19:46:39 - AutoML.ComparativeEarlyStopping - INFO -   Decision: CONTINUE
2025-07-25 19:46:39 - AutoML.Trainer - INFO - Epoch 35/36 - Train Acc: 0.2510, Val Acc: 0.2604, Val Loss: 1.7817, Time: 32.7s
2025-07-25 19:47:11 - AutoML.ComparativeEarlyStopping - INFO - Early stopping evaluation for resnet18:
2025-07-25 19:47:11 - AutoML.ComparativeEarlyStopping - INFO -   Decision scores: {'statistical_significance': 0.0, 'performance_gap': 0.0, 'learning_trend': 0.3, 'resource_efficiency': 0.0}
2025-07-25 19:47:11 - AutoML.ComparativeEarlyStopping - INFO -   Final score: 0.075
2025-07-25 19:47:11 - AutoML.ComparativeEarlyStopping - INFO -   Decision: CONTINUE
2025-07-25 19:47:11 - AutoML.Trainer - INFO - Epoch 36/36 - Train Acc: 0.2502, Val Acc: 0.2609, Val Loss: 1.7817, Time: 32.0s
2025-07-25 19:47:11 - AutoML.Trainer - INFO - Training completed for resnet18
2025-07-25 19:47:11 - AutoML.Trainer - INFO - Best validation accuracy: 0.2618
2025-07-25 19:47:11 - AutoML.Trainer - INFO - Total training time: 1116.8s
2025-07-25 19:47:11 - AutoML.Trainer - INFO - Average epoch time: 31.0s
2025-07-25 19:47:11 - AutoML.Trainer - INFO - Evaluating hyperparameters for resnet18: {'learning_rate': 0.0015375920235481753, 'optimizer': 'sgd', 'weight_decay': 0.005727904470799624, 'batch_size': 64, 'dropout_rate': 0.13718800369340162, 'pretrained': False, 'lr_scheduler': 'plateau', 'max_epochs': 31}
2025-07-25 19:47:11 - AutoML.ModelFactory - INFO - Creating resnet18 (pretrained=False, dropout=0.13718800369340162)
2025-07-25 19:47:11 - AutoML - INFO -  Starting: resnet18 creation
2025-07-25 19:47:12 - AutoML.ModelFactory - INFO - resnet18 created successfully:
2025-07-25 19:47:12 - AutoML.ModelFactory - INFO -   Parameters: 11,173,831
2025-07-25 19:47:12 - AutoML.ModelFactory - INFO -   Trainable: 11,173,831
2025-07-25 19:47:12 - AutoML.ModelFactory - INFO -   Model size: 42.62 MB
2025-07-25 19:47:12 - AutoML - INFO -  resnet18 creation completed in 0.09 seconds
2025-07-25 19:49:38 - AutoML.ComparativeEarlyStopping - INFO - Early stopping evaluation for resnet18:
2025-07-25 19:49:38 - AutoML.ComparativeEarlyStopping - INFO -   Decision scores: {'statistical_significance': 0.0, 'performance_gap': 0.0, 'learning_trend': 0.5, 'resource_efficiency': 0.0}
2025-07-25 19:49:38 - AutoML.ComparativeEarlyStopping - INFO -   Final score: 0.125
2025-07-25 19:49:38 - AutoML.ComparativeEarlyStopping - INFO -   Decision: CONTINUE
2025-07-25 19:49:38 - AutoML.Trainer - INFO - Epoch 5/31 - Train Acc: 0.3549, Val Acc: 0.3596, Val Loss: 1.6170, Time: 29.0s
2025-07-25 19:50:07 - AutoML.ComparativeEarlyStopping - INFO - Early stopping evaluation for resnet18:
2025-07-25 19:50:07 - AutoML.ComparativeEarlyStopping - INFO -   Decision scores: {'statistical_significance': 0.0, 'performance_gap': 0.0, 'learning_trend': 0.5, 'resource_efficiency': 0.0}
2025-07-25 19:50:07 - AutoML.ComparativeEarlyStopping - INFO -   Final score: 0.125
2025-07-25 19:50:07 - AutoML.ComparativeEarlyStopping - INFO -   Decision: CONTINUE
2025-07-25 19:50:36 - AutoML.ComparativeEarlyStopping - INFO - Early stopping evaluation for resnet18:
2025-07-25 19:50:36 - AutoML.ComparativeEarlyStopping - INFO -   Decision scores: {'statistical_significance': 0.0, 'performance_gap': 0.0, 'learning_trend': 0.5, 'resource_efficiency': 0.0}
2025-07-25 19:50:36 - AutoML.ComparativeEarlyStopping - INFO -   Final score: 0.125
2025-07-25 19:50:36 - AutoML.ComparativeEarlyStopping - INFO -   Decision: CONTINUE
2025-07-25 19:51:05 - AutoML.ComparativeEarlyStopping - INFO - Early stopping evaluation for resnet18:
2025-07-25 19:51:05 - AutoML.ComparativeEarlyStopping - INFO -   Decision scores: {'statistical_significance': 0.0, 'performance_gap': 0.0, 'learning_trend': 0.5, 'resource_efficiency': 0.0}
2025-07-25 19:51:05 - AutoML.ComparativeEarlyStopping - INFO -   Final score: 0.125
2025-07-25 19:51:05 - AutoML.ComparativeEarlyStopping - INFO -   Decision: CONTINUE
2025-07-25 19:51:34 - AutoML.ComparativeEarlyStopping - INFO - Early stopping evaluation for resnet18:
2025-07-25 19:51:34 - AutoML.ComparativeEarlyStopping - INFO -   Decision scores: {'statistical_significance': 0.0, 'performance_gap': 0.0, 'learning_trend': 0.5, 'resource_efficiency': 0.0}
2025-07-25 19:51:34 - AutoML.ComparativeEarlyStopping - INFO -   Final score: 0.125
2025-07-25 19:51:34 - AutoML.ComparativeEarlyStopping - INFO -   Decision: CONTINUE
2025-07-25 19:52:05 - AutoML.ComparativeEarlyStopping - INFO - Early stopping evaluation for resnet18:
2025-07-25 19:52:05 - AutoML.ComparativeEarlyStopping - INFO -   Decision scores: {'statistical_significance': 0.0, 'performance_gap': 0.0, 'learning_trend': 0.0, 'resource_efficiency': 0.0}
2025-07-25 19:52:05 - AutoML.ComparativeEarlyStopping - INFO -   Final score: 0.000
2025-07-25 19:52:05 - AutoML.ComparativeEarlyStopping - INFO -   Decision: CONTINUE
2025-07-25 19:52:05 - AutoML.Trainer - INFO - Epoch 10/31 - Train Acc: 0.4268, Val Acc: 0.4303, Val Loss: 1.4782, Time: 30.6s
2025-07-25 19:52:35 - AutoML.ComparativeEarlyStopping - INFO - Early stopping evaluation for resnet18:
2025-07-25 19:52:35 - AutoML.ComparativeEarlyStopping - INFO -   Decision scores: {'statistical_significance': 0.0, 'performance_gap': 0.0, 'learning_trend': 0.0, 'resource_efficiency': 0.0}
2025-07-25 19:52:35 - AutoML.ComparativeEarlyStopping - INFO -   Final score: 0.000
2025-07-25 19:52:35 - AutoML.ComparativeEarlyStopping - INFO -   Decision: CONTINUE
2025-07-25 19:53:05 - AutoML.ComparativeEarlyStopping - INFO - Early stopping evaluation for resnet18:
2025-07-25 19:53:05 - AutoML.ComparativeEarlyStopping - INFO -   Decision scores: {'statistical_significance': 0.0, 'performance_gap': 0.0, 'learning_trend': 0.0, 'resource_efficiency': 0.0}
2025-07-25 19:53:05 - AutoML.ComparativeEarlyStopping - INFO -   Final score: 0.000
2025-07-25 19:53:05 - AutoML.ComparativeEarlyStopping - INFO -   Decision: CONTINUE
2025-07-25 19:53:35 - AutoML.ComparativeEarlyStopping - INFO - Early stopping evaluation for resnet18:
2025-07-25 19:53:35 - AutoML.ComparativeEarlyStopping - INFO -   Decision scores: {'statistical_significance': 0.0, 'performance_gap': 0.0, 'learning_trend': 0.0, 'resource_efficiency': 0.0}
2025-07-25 19:53:35 - AutoML.ComparativeEarlyStopping - INFO -   Final score: 0.000
2025-07-25 19:53:35 - AutoML.ComparativeEarlyStopping - INFO -   Decision: CONTINUE
2025-07-25 19:54:05 - AutoML.ComparativeEarlyStopping - INFO - Early stopping evaluation for resnet18:
2025-07-25 19:54:05 - AutoML.ComparativeEarlyStopping - INFO -   Decision scores: {'statistical_significance': 0.0, 'performance_gap': 0.0, 'learning_trend': 0.0, 'resource_efficiency': 0.0}
2025-07-25 19:54:05 - AutoML.ComparativeEarlyStopping - INFO -   Final score: 0.000
2025-07-25 19:54:05 - AutoML.ComparativeEarlyStopping - INFO -   Decision: CONTINUE
2025-07-25 19:54:35 - AutoML.ComparativeEarlyStopping - INFO - Early stopping evaluation for resnet18:
2025-07-25 19:54:35 - AutoML.ComparativeEarlyStopping - INFO -   Decision scores: {'statistical_significance': 0.0, 'performance_gap': 0.0, 'learning_trend': 0.0, 'resource_efficiency': 0.0}
2025-07-25 19:54:35 - AutoML.ComparativeEarlyStopping - INFO -   Final score: 0.000
2025-07-25 19:54:35 - AutoML.ComparativeEarlyStopping - INFO -   Decision: CONTINUE
2025-07-25 19:54:35 - AutoML.Trainer - INFO - Epoch 15/31 - Train Acc: 0.4834, Val Acc: 0.4451, Val Loss: 1.4045, Time: 30.0s
2025-07-25 19:55:05 - AutoML.ComparativeEarlyStopping - INFO - Early stopping evaluation for resnet18:
2025-07-25 19:55:05 - AutoML.ComparativeEarlyStopping - INFO -   Decision scores: {'statistical_significance': 0.0, 'performance_gap': 0.0, 'learning_trend': 0.0, 'resource_efficiency': 0.0}
2025-07-25 19:55:05 - AutoML.ComparativeEarlyStopping - INFO -   Final score: 0.000
2025-07-25 19:55:05 - AutoML.ComparativeEarlyStopping - INFO -   Decision: CONTINUE
2025-07-25 19:55:35 - AutoML.ComparativeEarlyStopping - INFO - Early stopping evaluation for resnet18:
2025-07-25 19:55:35 - AutoML.ComparativeEarlyStopping - INFO -   Decision scores: {'statistical_significance': 0.0, 'performance_gap': 0.0, 'learning_trend': 0.0, 'resource_efficiency': 0.0}
2025-07-25 19:55:35 - AutoML.ComparativeEarlyStopping - INFO -   Final score: 0.000
2025-07-25 19:55:35 - AutoML.ComparativeEarlyStopping - INFO -   Decision: CONTINUE
2025-07-25 19:56:04 - AutoML.ComparativeEarlyStopping - INFO - Early stopping evaluation for resnet18:
2025-07-25 19:56:04 - AutoML.ComparativeEarlyStopping - INFO -   Decision scores: {'statistical_significance': 0.0, 'performance_gap': 0.0, 'learning_trend': 0.0, 'resource_efficiency': 0.0}
2025-07-25 19:56:04 - AutoML.ComparativeEarlyStopping - INFO -   Final score: 0.000
2025-07-25 19:56:04 - AutoML.ComparativeEarlyStopping - INFO -   Decision: CONTINUE
2025-07-25 19:56:34 - AutoML.ComparativeEarlyStopping - INFO - Early stopping evaluation for resnet18:
2025-07-25 19:56:34 - AutoML.ComparativeEarlyStopping - INFO -   Decision scores: {'statistical_significance': 0.0, 'performance_gap': 0.0, 'learning_trend': 0.0, 'resource_efficiency': 0.0}
2025-07-25 19:56:34 - AutoML.ComparativeEarlyStopping - INFO -   Final score: 0.000
2025-07-25 19:56:34 - AutoML.ComparativeEarlyStopping - INFO -   Decision: CONTINUE
2025-07-25 19:57:05 - AutoML.ComparativeEarlyStopping - INFO - Early stopping evaluation for resnet18:
2025-07-25 19:57:05 - AutoML.ComparativeEarlyStopping - INFO -   Decision scores: {'statistical_significance': 0.0, 'performance_gap': 0.0, 'learning_trend': 0.0, 'resource_efficiency': 0.0}
2025-07-25 19:57:05 - AutoML.ComparativeEarlyStopping - INFO -   Final score: 0.000
2025-07-25 19:57:05 - AutoML.ComparativeEarlyStopping - INFO -   Decision: CONTINUE
2025-07-25 19:57:05 - AutoML.Trainer - INFO - Epoch 20/31 - Train Acc: 0.5313, Val Acc: 0.4956, Val Loss: 1.3136, Time: 31.2s
2025-07-25 19:57:35 - AutoML.ComparativeEarlyStopping - INFO - Early stopping evaluation for resnet18:
2025-07-25 19:57:35 - AutoML.ComparativeEarlyStopping - INFO -   Decision scores: {'statistical_significance': 0.0, 'performance_gap': 0.0, 'learning_trend': 0.0, 'resource_efficiency': 0.0}
2025-07-25 19:57:35 - AutoML.ComparativeEarlyStopping - INFO -   Final score: 0.000
2025-07-25 19:57:35 - AutoML.ComparativeEarlyStopping - INFO -   Decision: CONTINUE
2025-07-25 19:58:05 - AutoML.ComparativeEarlyStopping - INFO - Early stopping evaluation for resnet18:
2025-07-25 19:58:05 - AutoML.ComparativeEarlyStopping - INFO -   Decision scores: {'statistical_significance': 0.0, 'performance_gap': 0.0, 'learning_trend': 0.0, 'resource_efficiency': 0.0}
2025-07-25 19:58:05 - AutoML.ComparativeEarlyStopping - INFO -   Final score: 0.000
2025-07-25 19:58:05 - AutoML.ComparativeEarlyStopping - INFO -   Decision: CONTINUE
2025-07-25 19:58:35 - AutoML.ComparativeEarlyStopping - INFO - Early stopping evaluation for resnet18:
2025-07-25 19:58:35 - AutoML.ComparativeEarlyStopping - INFO -   Decision scores: {'statistical_significance': 0.0, 'performance_gap': 0.0, 'learning_trend': 0.0, 'resource_efficiency': 0.0}
2025-07-25 19:58:35 - AutoML.ComparativeEarlyStopping - INFO -   Final score: 0.000
2025-07-25 19:58:35 - AutoML.ComparativeEarlyStopping - INFO -   Decision: CONTINUE
2025-07-25 19:59:05 - AutoML.ComparativeEarlyStopping - INFO - Early stopping evaluation for resnet18:
2025-07-25 19:59:05 - AutoML.ComparativeEarlyStopping - INFO -   Decision scores: {'statistical_significance': 0.0, 'performance_gap': 0.0, 'learning_trend': 0.0, 'resource_efficiency': 0.0}
2025-07-25 19:59:05 - AutoML.ComparativeEarlyStopping - INFO -   Final score: 0.000
2025-07-25 19:59:05 - AutoML.ComparativeEarlyStopping - INFO -   Decision: CONTINUE
2025-07-25 19:59:35 - AutoML.ComparativeEarlyStopping - INFO - Early stopping evaluation for resnet18:
2025-07-25 19:59:35 - AutoML.ComparativeEarlyStopping - INFO -   Decision scores: {'statistical_significance': 0.0, 'performance_gap': 0.0, 'learning_trend': 0.0, 'resource_efficiency': 0.0}
2025-07-25 19:59:35 - AutoML.ComparativeEarlyStopping - INFO -   Final score: 0.000
2025-07-25 19:59:35 - AutoML.ComparativeEarlyStopping - INFO -   Decision: CONTINUE
2025-07-25 19:59:35 - AutoML.Trainer - INFO - Epoch 25/31 - Train Acc: 0.5877, Val Acc: 0.5253, Val Loss: 1.2758, Time: 30.1s
2025-07-25 20:00:05 - AutoML.ComparativeEarlyStopping - INFO - Early stopping evaluation for resnet18:
2025-07-25 20:00:05 - AutoML.ComparativeEarlyStopping - INFO -   Decision scores: {'statistical_significance': 0.0, 'performance_gap': 0.0, 'learning_trend': 0.0, 'resource_efficiency': 0.0}
2025-07-25 20:00:05 - AutoML.ComparativeEarlyStopping - INFO -   Final score: 0.000
2025-07-25 20:00:05 - AutoML.ComparativeEarlyStopping - INFO -   Decision: CONTINUE
2025-07-25 20:00:36 - AutoML.ComparativeEarlyStopping - INFO - Early stopping evaluation for resnet18:
2025-07-25 20:00:36 - AutoML.ComparativeEarlyStopping - INFO -   Decision scores: {'statistical_significance': 0.0, 'performance_gap': 0.0, 'learning_trend': 0.0, 'resource_efficiency': 0.0}
2025-07-25 20:00:36 - AutoML.ComparativeEarlyStopping - INFO -   Final score: 0.000
2025-07-25 20:00:36 - AutoML.ComparativeEarlyStopping - INFO -   Decision: CONTINUE
2025-07-25 20:01:07 - AutoML.ComparativeEarlyStopping - INFO - Early stopping evaluation for resnet18:
2025-07-25 20:01:07 - AutoML.ComparativeEarlyStopping - INFO -   Decision scores: {'statistical_significance': 0.0, 'performance_gap': 0.0, 'learning_trend': 0.0, 'resource_efficiency': 0.0}
2025-07-25 20:01:07 - AutoML.ComparativeEarlyStopping - INFO -   Final score: 0.000
2025-07-25 20:01:07 - AutoML.ComparativeEarlyStopping - INFO -   Decision: CONTINUE
2025-07-25 20:01:37 - AutoML.ComparativeEarlyStopping - INFO - Early stopping evaluation for resnet18:
2025-07-25 20:01:37 - AutoML.ComparativeEarlyStopping - INFO -   Decision scores: {'statistical_significance': 0.0, 'performance_gap': 0.0, 'learning_trend': 0.0, 'resource_efficiency': 0.0}
2025-07-25 20:01:37 - AutoML.ComparativeEarlyStopping - INFO -   Final score: 0.000
2025-07-25 20:01:37 - AutoML.ComparativeEarlyStopping - INFO -   Decision: CONTINUE
2025-07-25 20:02:09 - AutoML.ComparativeEarlyStopping - INFO - Early stopping evaluation for resnet18:
2025-07-25 20:02:09 - AutoML.ComparativeEarlyStopping - INFO -   Decision scores: {'statistical_significance': 0.0, 'performance_gap': 0.0, 'learning_trend': 0.0, 'resource_efficiency': 0.0}
2025-07-25 20:02:09 - AutoML.ComparativeEarlyStopping - INFO -   Final score: 0.000
2025-07-25 20:02:09 - AutoML.ComparativeEarlyStopping - INFO -   Decision: CONTINUE
2025-07-25 20:02:09 - AutoML.Trainer - INFO - Epoch 30/31 - Train Acc: 0.6309, Val Acc: 0.5239, Val Loss: 1.2889, Time: 31.7s
2025-07-25 20:02:39 - AutoML.ComparativeEarlyStopping - INFO - Early stopping evaluation for resnet18:
2025-07-25 20:02:39 - AutoML.ComparativeEarlyStopping - INFO -   Decision scores: {'statistical_significance': 0.0, 'performance_gap': 0.0, 'learning_trend': 0.0, 'resource_efficiency': 0.0}
2025-07-25 20:02:39 - AutoML.ComparativeEarlyStopping - INFO -   Final score: 0.000
2025-07-25 20:02:39 - AutoML.ComparativeEarlyStopping - INFO -   Decision: CONTINUE
2025-07-25 20:02:39 - AutoML.Trainer - INFO - Epoch 31/31 - Train Acc: 0.6453, Val Acc: 0.5395, Val Loss: 1.2527, Time: 30.2s
2025-07-25 20:02:39 - AutoML.Trainer - INFO - Training completed for resnet18
2025-07-25 20:02:39 - AutoML.Trainer - INFO - Best validation accuracy: 0.5395
2025-07-25 20:02:39 - AutoML.Trainer - INFO - Total training time: 927.9s
2025-07-25 20:02:39 - AutoML.Trainer - INFO - Average epoch time: 29.9s
2025-07-25 20:02:39 - AutoML.Trainer - INFO - Evaluating hyperparameters for resnet18: {'learning_rate': 0.000132965214572995, 'optimizer': 'adamw', 'weight_decay': 1.987021538542864e-06, 'batch_size': 16, 'dropout_rate': 0.5708229999183839, 'pretrained': False, 'lr_scheduler': 'cosine', 'max_epochs': 23}
2025-07-25 20:02:39 - AutoML.ModelFactory - INFO - Creating resnet18 (pretrained=False, dropout=0.5708229999183839)
2025-07-25 20:02:39 - AutoML - INFO -  Starting: resnet18 creation
2025-07-25 20:02:39 - AutoML.ModelFactory - INFO - resnet18 created successfully:
2025-07-25 20:02:39 - AutoML.ModelFactory - INFO -   Parameters: 11,173,831
2025-07-25 20:02:39 - AutoML.ModelFactory - INFO -   Trainable: 11,173,831
2025-07-25 20:02:39 - AutoML.ModelFactory - INFO -   Model size: 42.62 MB
2025-07-25 20:02:39 - AutoML - INFO -  resnet18 creation completed in 0.08 seconds
2025-07-25 20:05:11 - AutoML.ComparativeEarlyStopping - INFO - Early stopping evaluation for resnet18:
2025-07-25 20:05:11 - AutoML.ComparativeEarlyStopping - INFO -   Decision scores: {'statistical_significance': 0.0, 'performance_gap': 0.0, 'learning_trend': 0.0, 'resource_efficiency': 0.0}
2025-07-25 20:05:11 - AutoML.ComparativeEarlyStopping - INFO -   Final score: 0.000
2025-07-25 20:05:11 - AutoML.ComparativeEarlyStopping - INFO -   Decision: CONTINUE
2025-07-25 20:05:11 - AutoML.Trainer - INFO - Epoch 5/23 - Train Acc: 0.5027, Val Acc: 0.5068, Val Loss: 1.3046, Time: 31.1s
2025-07-25 20:05:41 - AutoML.ComparativeEarlyStopping - INFO - Early stopping evaluation for resnet18:
2025-07-25 20:05:41 - AutoML.ComparativeEarlyStopping - INFO -   Decision scores: {'statistical_significance': 0.0, 'performance_gap': 0.0, 'learning_trend': 0.0, 'resource_efficiency': 0.0}
2025-07-25 20:05:41 - AutoML.ComparativeEarlyStopping - INFO -   Final score: 0.000
2025-07-25 20:05:41 - AutoML.ComparativeEarlyStopping - INFO -   Decision: CONTINUE
2025-07-25 20:06:10 - AutoML.ComparativeEarlyStopping - INFO - Early stopping evaluation for resnet18:
2025-07-25 20:06:10 - AutoML.ComparativeEarlyStopping - INFO -   Decision scores: {'statistical_significance': 0.0, 'performance_gap': 0.0, 'learning_trend': 0.0, 'resource_efficiency': 0.0}
2025-07-25 20:06:10 - AutoML.ComparativeEarlyStopping - INFO -   Final score: 0.000
2025-07-25 20:06:10 - AutoML.ComparativeEarlyStopping - INFO -   Decision: CONTINUE
2025-07-25 20:06:41 - AutoML.ComparativeEarlyStopping - INFO - Early stopping evaluation for resnet18:
2025-07-25 20:06:41 - AutoML.ComparativeEarlyStopping - INFO -   Decision scores: {'statistical_significance': 0.0, 'performance_gap': 0.0, 'learning_trend': 0.0, 'resource_efficiency': 0.0}
2025-07-25 20:06:41 - AutoML.ComparativeEarlyStopping - INFO -   Final score: 0.000
2025-07-25 20:06:41 - AutoML.ComparativeEarlyStopping - INFO -   Decision: CONTINUE
2025-07-25 20:07:14 - AutoML.ComparativeEarlyStopping - INFO - Early stopping evaluation for resnet18:
2025-07-25 20:07:14 - AutoML.ComparativeEarlyStopping - INFO -   Decision scores: {'statistical_significance': 0.0, 'performance_gap': 0.0, 'learning_trend': 0.0, 'resource_efficiency': 0.0}
2025-07-25 20:07:14 - AutoML.ComparativeEarlyStopping - INFO -   Final score: 0.000
2025-07-25 20:07:14 - AutoML.ComparativeEarlyStopping - INFO -   Decision: CONTINUE
2025-07-25 20:07:44 - AutoML.ComparativeEarlyStopping - INFO - Early stopping evaluation for resnet18:
2025-07-25 20:07:44 - AutoML.ComparativeEarlyStopping - INFO -   Decision scores: {'statistical_significance': 0.0, 'performance_gap': 0.0, 'learning_trend': 0.0, 'resource_efficiency': 0.0}
2025-07-25 20:07:44 - AutoML.ComparativeEarlyStopping - INFO -   Final score: 0.000
2025-07-25 20:07:44 - AutoML.ComparativeEarlyStopping - INFO -   Decision: CONTINUE
2025-07-25 20:07:44 - AutoML.Trainer - INFO - Epoch 10/23 - Train Acc: 0.6406, Val Acc: 0.5319, Val Loss: 1.2724, Time: 30.0s
2025-07-25 20:08:15 - AutoML.ComparativeEarlyStopping - INFO - Early stopping evaluation for resnet18:
2025-07-25 20:08:15 - AutoML.ComparativeEarlyStopping - INFO -   Decision scores: {'statistical_significance': 0.0, 'performance_gap': 0.0, 'learning_trend': 0.0, 'resource_efficiency': 0.0}
2025-07-25 20:08:15 - AutoML.ComparativeEarlyStopping - INFO -   Final score: 0.000
2025-07-25 20:08:15 - AutoML.ComparativeEarlyStopping - INFO -   Decision: CONTINUE
2025-07-25 20:08:45 - AutoML.ComparativeEarlyStopping - INFO - Early stopping evaluation for resnet18:
2025-07-25 20:08:45 - AutoML.ComparativeEarlyStopping - INFO -   Decision scores: {'statistical_significance': 0.0, 'performance_gap': 0.0, 'learning_trend': 0.0, 'resource_efficiency': 0.0}
2025-07-25 20:08:45 - AutoML.ComparativeEarlyStopping - INFO -   Final score: 0.000
2025-07-25 20:08:45 - AutoML.ComparativeEarlyStopping - INFO -   Decision: CONTINUE
2025-07-25 20:09:17 - AutoML.ComparativeEarlyStopping - INFO - Early stopping evaluation for resnet18:
2025-07-25 20:09:17 - AutoML.ComparativeEarlyStopping - INFO -   Decision scores: {'statistical_significance': 0.0, 'performance_gap': 0.0, 'learning_trend': 0.0, 'resource_efficiency': 0.0}
2025-07-25 20:09:17 - AutoML.ComparativeEarlyStopping - INFO -   Final score: 0.000
2025-07-25 20:09:17 - AutoML.ComparativeEarlyStopping - INFO -   Decision: CONTINUE
2025-07-25 20:09:49 - AutoML.ComparativeEarlyStopping - INFO - Early stopping evaluation for resnet18:
2025-07-25 20:09:49 - AutoML.ComparativeEarlyStopping - INFO -   Decision scores: {'statistical_significance': 0.0, 'performance_gap': 0.0, 'learning_trend': 0.0, 'resource_efficiency': 0.0}
2025-07-25 20:09:49 - AutoML.ComparativeEarlyStopping - INFO -   Final score: 0.000
2025-07-25 20:09:49 - AutoML.ComparativeEarlyStopping - INFO -   Decision: CONTINUE
2025-07-25 20:10:37 - AutoML.ComparativeEarlyStopping - INFO - Early stopping evaluation for resnet18:
2025-07-25 20:10:37 - AutoML.ComparativeEarlyStopping - INFO -   Decision scores: {'statistical_significance': 0.0, 'performance_gap': 0.0, 'learning_trend': 0.0, 'resource_efficiency': 0.0}
2025-07-25 20:10:37 - AutoML.ComparativeEarlyStopping - INFO -   Final score: 0.000
2025-07-25 20:10:37 - AutoML.ComparativeEarlyStopping - INFO -   Decision: CONTINUE
2025-07-25 20:10:37 - AutoML.Trainer - INFO - Epoch 15/23 - Train Acc: 0.7880, Val Acc: 0.5468, Val Loss: 1.3607, Time: 48.5s
2025-07-25 20:11:06 - AutoML.ComparativeEarlyStopping - INFO - Early stopping evaluation for resnet18:
2025-07-25 20:11:06 - AutoML.ComparativeEarlyStopping - INFO -   Decision scores: {'statistical_significance': 0.0, 'performance_gap': 0.0, 'learning_trend': 0.0, 'resource_efficiency': 0.0}
2025-07-25 20:11:06 - AutoML.ComparativeEarlyStopping - INFO -   Final score: 0.000
2025-07-25 20:11:06 - AutoML.ComparativeEarlyStopping - INFO -   Decision: CONTINUE
2025-07-25 20:11:34 - AutoML.ComparativeEarlyStopping - INFO - Early stopping evaluation for resnet18:
2025-07-25 20:11:34 - AutoML.ComparativeEarlyStopping - INFO -   Decision scores: {'statistical_significance': 0.0, 'performance_gap': 0.0, 'learning_trend': 0.0, 'resource_efficiency': 0.0}
2025-07-25 20:11:34 - AutoML.ComparativeEarlyStopping - INFO -   Final score: 0.000
2025-07-25 20:11:34 - AutoML.ComparativeEarlyStopping - INFO -   Decision: CONTINUE
2025-07-25 20:12:02 - AutoML.ComparativeEarlyStopping - INFO - Early stopping evaluation for resnet18:
2025-07-25 20:12:02 - AutoML.ComparativeEarlyStopping - INFO -   Decision scores: {'statistical_significance': 0.0, 'performance_gap': 0.0, 'learning_trend': 0.0, 'resource_efficiency': 0.0}
2025-07-25 20:12:02 - AutoML.ComparativeEarlyStopping - INFO -   Final score: 0.000
2025-07-25 20:12:02 - AutoML.ComparativeEarlyStopping - INFO -   Decision: CONTINUE
2025-07-25 20:12:30 - AutoML.ComparativeEarlyStopping - INFO - Early stopping evaluation for resnet18:
2025-07-25 20:12:30 - AutoML.ComparativeEarlyStopping - INFO -   Decision scores: {'statistical_significance': 0.0, 'performance_gap': 0.0, 'learning_trend': 0.0, 'resource_efficiency': 0.0}
2025-07-25 20:12:30 - AutoML.ComparativeEarlyStopping - INFO -   Final score: 0.000
2025-07-25 20:12:30 - AutoML.ComparativeEarlyStopping - INFO -   Decision: CONTINUE
2025-07-25 20:12:59 - AutoML.ComparativeEarlyStopping - INFO - Early stopping evaluation for resnet18:
2025-07-25 20:12:59 - AutoML.ComparativeEarlyStopping - INFO -   Decision scores: {'statistical_significance': 0.0, 'performance_gap': 0.0, 'learning_trend': 0.0, 'resource_efficiency': 0.0}
2025-07-25 20:12:59 - AutoML.ComparativeEarlyStopping - INFO -   Final score: 0.000
2025-07-25 20:12:59 - AutoML.ComparativeEarlyStopping - INFO -   Decision: CONTINUE
2025-07-25 20:12:59 - AutoML.Trainer - INFO - Epoch 20/23 - Train Acc: 0.8712, Val Acc: 0.5432, Val Loss: 1.4400, Time: 28.8s
2025-07-25 20:13:28 - AutoML.ComparativeEarlyStopping - INFO - Early stopping evaluation for resnet18:
2025-07-25 20:13:28 - AutoML.ComparativeEarlyStopping - INFO -   Decision scores: {'statistical_significance': 0.0, 'performance_gap': 0.0, 'learning_trend': 0.0, 'resource_efficiency': 0.0}
2025-07-25 20:13:28 - AutoML.ComparativeEarlyStopping - INFO -   Final score: 0.000
2025-07-25 20:13:28 - AutoML.ComparativeEarlyStopping - INFO -   Decision: CONTINUE
2025-07-25 20:13:59 - AutoML.ComparativeEarlyStopping - INFO - Early stopping evaluation for resnet18:
2025-07-25 20:13:59 - AutoML.ComparativeEarlyStopping - INFO -   Decision scores: {'statistical_significance': 0.0, 'performance_gap': 0.0, 'learning_trend': 0.0, 'resource_efficiency': 0.0}
2025-07-25 20:13:59 - AutoML.ComparativeEarlyStopping - INFO -   Final score: 0.000
2025-07-25 20:13:59 - AutoML.ComparativeEarlyStopping - INFO -   Decision: CONTINUE
2025-07-25 20:14:28 - AutoML.ComparativeEarlyStopping - INFO - Early stopping evaluation for resnet18:
2025-07-25 20:14:28 - AutoML.ComparativeEarlyStopping - INFO -   Decision scores: {'statistical_significance': 0.0, 'performance_gap': 0.0, 'learning_trend': 0.0, 'resource_efficiency': 0.0}
2025-07-25 20:14:28 - AutoML.ComparativeEarlyStopping - INFO -   Final score: 0.000
2025-07-25 20:14:28 - AutoML.ComparativeEarlyStopping - INFO -   Decision: CONTINUE
2025-07-25 20:14:28 - AutoML.Trainer - INFO - Epoch 23/23 - Train Acc: 0.8801, Val Acc: 0.5470, Val Loss: 1.4493, Time: 28.4s
2025-07-25 20:14:28 - AutoML.Trainer - INFO - Training completed for resnet18
2025-07-25 20:14:28 - AutoML.Trainer - INFO - Best validation accuracy: 0.5486
2025-07-25 20:14:28 - AutoML.Trainer - INFO - Total training time: 708.2s
2025-07-25 20:14:28 - AutoML.Trainer - INFO - Average epoch time: 30.8s
2025-07-25 20:14:28 - AutoML.MetaHPOSelector - INFO -    Best score: 0.5752 (5 trials)
2025-07-25 20:14:28 - AutoML.Pipeline - INFO - HPO completed for resnet18:
2025-07-25 20:14:28 - AutoML.Pipeline - INFO -   Best score: 0.5752
2025-07-25 20:14:28 - AutoML.Pipeline - INFO -   Best params: {'learning_rate': 0.00031489116479568613, 'optimizer': 'adam', 'weight_decay': 4.2079886696066345e-06, 'batch_size': 64, 'dropout_rate': 0.4956508044572318, 'pretrained': False, 'lr_scheduler': 'cosine', 'max_epochs': 25}
2025-07-25 20:14:28 - AutoML.Pipeline - INFO -   Method used: bayesian_optimization
2025-07-25 20:14:28 - AutoML.Pipeline - INFO -   Trials completed: 5
2025-07-25 20:14:28 - AutoML.ComparativeEarlyStopping - INFO - Early stopping evaluation for resnet18:
2025-07-25 20:14:28 - AutoML.ComparativeEarlyStopping - INFO -   Decision scores: {'statistical_significance': 0.0, 'performance_gap': 0.0, 'learning_trend': 0.0, 'resource_efficiency': 0.0}
2025-07-25 20:14:28 - AutoML.ComparativeEarlyStopping - INFO -   Final score: 0.000
2025-07-25 20:14:28 - AutoML.ComparativeEarlyStopping - INFO -   Decision: CONTINUE
2025-07-25 20:14:28 - AutoML.Pipeline - INFO - Processing architecture: efficientnet_b0
2025-07-25 20:14:28 - AutoML.BudgetManager - INFO - Started training efficientnet_b0 with 4.20h budget
2025-07-25 20:14:28 - AutoML.Pipeline - INFO - Starting HPO for efficientnet_b0
2025-07-25 20:14:28 - AutoML.MetaHPOSelector - INFO - Selecting HPO method for efficientnet_b0
2025-07-25 20:14:28 - AutoML.MetaHPOSelector - INFO -   Dataset complexity: 1.0
2025-07-25 20:14:28 - AutoML.MetaHPOSelector - INFO -   Available time: 15.6 hours
2025-07-25 20:14:28 - AutoML.MetaHPOSelector - INFO -   Search space size: 100000
2025-07-25 20:14:28 - AutoML.MetaHPOSelector - INFO - Trial budget for efficientnet_b0: 6 trials
2025-07-25 20:14:28 - AutoML.MetaHPOSelector - INFO -   Arch complexity: 3.5, Dataset complexity: 1.0
2025-07-25 20:14:28 - AutoML.MetaHPOSelector - INFO -   Available time: 15.6h
2025-07-25 20:14:28 - AutoML.MetaHPOSelector - INFO - Selected bayesian_optimization for efficientnet_b0
2025-07-25 20:14:28 - AutoML.MetaHPOSelector - INFO -   Trials: 6
2025-07-25 20:14:28 - AutoML.MetaHPOSelector - INFO -   Timeout: 33618s
2025-07-25 20:14:28 - AutoML.HPO.bayesian_optimization - INFO - Starting Bayesian Optimization for efficientnet_b0
2025-07-25 20:14:28 - AutoML.Trainer - INFO - Evaluating hyperparameters for efficientnet_b0: {'learning_rate': 0.00031489116479568613, 'optimizer': 'adam', 'weight_decay': 4.2079886696066345e-06, 'batch_size': 64, 'dropout_rate': 0.4956508044572318, 'pretrained': False, 'lr_scheduler': 'cosine', 'max_epochs': 25}
2025-07-25 20:14:28 - AutoML.ModelFactory - INFO - Creating efficientnet_b0 (pretrained=False, dropout=0.4956508044572318)
2025-07-25 20:14:28 - AutoML - INFO -  Starting: efficientnet_b0 creation
2025-07-25 20:14:28 - AutoML.ModelFactory - INFO - efficientnet_b0 created successfully:
2025-07-25 20:14:28 - AutoML.ModelFactory - INFO -   Parameters: 4,015,939
2025-07-25 20:14:28 - AutoML.ModelFactory - INFO -   Trainable: 4,015,939
2025-07-25 20:14:28 - AutoML.ModelFactory - INFO -   Model size: 15.32 MB
2025-07-25 20:14:28 - AutoML - INFO -  efficientnet_b0 creation completed in 0.52 seconds
2025-07-25 20:17:21 - AutoML.Trainer - INFO - Epoch 5/25 - Train Acc: 0.2419, Val Acc: 0.2647, Val Loss: 1.9099, Time: 35.5s
2025-07-25 20:20:15 - AutoML.ComparativeEarlyStopping - INFO - Early stopping evaluation for efficientnet_b0:
2025-07-25 20:20:15 - AutoML.ComparativeEarlyStopping - INFO -   Decision scores: {'statistical_significance': 1.0, 'performance_gap': 1.0, 'learning_trend': 0.2, 'resource_efficiency': 0.5361639449101112}
2025-07-25 20:20:15 - AutoML.ComparativeEarlyStopping - INFO -   Final score: 0.730
2025-07-25 20:20:15 - AutoML.ComparativeEarlyStopping - INFO -   Decision: STOP
2025-07-25 20:20:15 - AutoML.ComparativeEarlyStopping - INFO -   Primary reason: StoppingReason.STATISTICAL_SIGNIFICANCE
2025-07-25 20:20:15 - AutoML.Trainer - INFO - Early stopping triggered for efficientnet_b0 at epoch 10
2025-07-25 20:20:15 - AutoML.Trainer - INFO - Reason: StoppingReason.STATISTICAL_SIGNIFICANCE, Confidence: 0.730
2025-07-25 20:20:15 - AutoML.Trainer - INFO - Training completed for efficientnet_b0
2025-07-25 20:20:15 - AutoML.Trainer - INFO - Best validation accuracy: 0.3053
2025-07-25 20:20:15 - AutoML.Trainer - INFO - Total training time: 346.8s
2025-07-25 20:20:15 - AutoML.Trainer - INFO - Average epoch time: 34.7s
2025-07-25 20:20:15 - AutoML.Trainer - INFO - Evaluating hyperparameters for efficientnet_b0: {'learning_rate': 0.00016480446427978953, 'optimizer': 'adam', 'weight_decay': 0.0002801635158716264, 'batch_size': 128, 'dropout_rate': 0.5496231729751094, 'pretrained': False, 'lr_scheduler': 'plateau', 'max_epochs': 25}
2025-07-25 20:20:15 - AutoML.ModelFactory - INFO - Creating efficientnet_b0 (pretrained=False, dropout=0.5496231729751094)
2025-07-25 20:20:15 - AutoML - INFO -  Starting: efficientnet_b0 creation
2025-07-25 20:20:15 - AutoML.ModelFactory - INFO - efficientnet_b0 created successfully:
2025-07-25 20:20:15 - AutoML.ModelFactory - INFO -   Parameters: 4,015,939
2025-07-25 20:20:15 - AutoML.ModelFactory - INFO -   Trainable: 4,015,939
2025-07-25 20:20:15 - AutoML.ModelFactory - INFO -   Model size: 15.32 MB
2025-07-25 20:20:15 - AutoML - INFO -  efficientnet_b0 creation completed in 0.04 seconds
2025-07-25 20:23:40 - AutoML.ComparativeEarlyStopping - INFO - Early stopping evaluation for efficientnet_b0:
2025-07-25 20:23:40 - AutoML.ComparativeEarlyStopping - INFO -   Decision scores: {'statistical_significance': 1.0, 'performance_gap': 1.0, 'learning_trend': 0.2, 'resource_efficiency': 0.6964727841931081}
2025-07-25 20:23:40 - AutoML.ComparativeEarlyStopping - INFO -   Final score: 0.754
2025-07-25 20:23:40 - AutoML.ComparativeEarlyStopping - INFO -   Decision: STOP
2025-07-25 20:23:40 - AutoML.ComparativeEarlyStopping - INFO -   Primary reason: StoppingReason.STATISTICAL_SIGNIFICANCE
2025-07-25 20:23:40 - AutoML.Trainer - INFO - Early stopping triggered for efficientnet_b0 at epoch 5
2025-07-25 20:23:40 - AutoML.Trainer - INFO - Reason: StoppingReason.STATISTICAL_SIGNIFICANCE, Confidence: 0.754
2025-07-25 20:23:40 - AutoML.Trainer - INFO - Training completed for efficientnet_b0
2025-07-25 20:23:40 - AutoML.Trainer - INFO - Best validation accuracy: 0.2541
2025-07-25 20:23:40 - AutoML.Trainer - INFO - Total training time: 204.7s
2025-07-25 20:23:40 - AutoML.Trainer - INFO - Average epoch time: 40.9s
2025-07-25 20:23:40 - AutoML.Trainer - INFO - Evaluating hyperparameters for efficientnet_b0: {'learning_rate': 1.8205657658407255e-05, 'optimizer': 'sgd', 'weight_decay': 1.6536937182824424e-05, 'batch_size': 32, 'dropout_rate': 0.34662383707788913, 'pretrained': False, 'lr_scheduler': 'step', 'max_epochs': 36}
2025-07-25 20:23:40 - AutoML.ModelFactory - INFO - Creating efficientnet_b0 (pretrained=False, dropout=0.34662383707788913)
2025-07-25 20:23:40 - AutoML - INFO -  Starting: efficientnet_b0 creation
2025-07-25 20:23:40 - AutoML.ModelFactory - INFO - efficientnet_b0 created successfully:
2025-07-25 20:23:40 - AutoML.ModelFactory - INFO -   Parameters: 4,015,939
2025-07-25 20:23:40 - AutoML.ModelFactory - INFO -   Trainable: 4,015,939
2025-07-25 20:23:40 - AutoML.ModelFactory - INFO -   Model size: 15.32 MB
2025-07-25 20:23:40 - AutoML - INFO -  efficientnet_b0 creation completed in 0.26 seconds
2025-07-25 20:28:11 - AutoML.ComparativeEarlyStopping - INFO - Early stopping evaluation for efficientnet_b0:
2025-07-25 20:28:11 - AutoML.ComparativeEarlyStopping - INFO -   Decision scores: {'statistical_significance': 1.0, 'performance_gap': 1.0, 'learning_trend': 0.2, 'resource_efficiency': 0.7776017429172248}
2025-07-25 20:28:11 - AutoML.ComparativeEarlyStopping - INFO -   Final score: 0.767
2025-07-25 20:28:11 - AutoML.ComparativeEarlyStopping - INFO -   Decision: STOP
2025-07-25 20:28:11 - AutoML.ComparativeEarlyStopping - INFO -   Primary reason: StoppingReason.STATISTICAL_SIGNIFICANCE
2025-07-25 20:28:11 - AutoML.Trainer - INFO - Early stopping triggered for efficientnet_b0 at epoch 5
2025-07-25 20:28:11 - AutoML.Trainer - INFO - Reason: StoppingReason.STATISTICAL_SIGNIFICANCE, Confidence: 0.767
2025-07-25 20:28:11 - AutoML.Trainer - INFO - Training completed for efficientnet_b0
2025-07-25 20:28:11 - AutoML.Trainer - INFO - Best validation accuracy: 0.2332
2025-07-25 20:28:11 - AutoML.Trainer - INFO - Total training time: 270.5s
2025-07-25 20:28:11 - AutoML.Trainer - INFO - Average epoch time: 54.1s
2025-07-25 20:28:11 - AutoML.Trainer - INFO - Evaluating hyperparameters for efficientnet_b0: {'learning_rate': 0.0015375920235481753, 'optimizer': 'sgd', 'weight_decay': 0.005727904470799624, 'batch_size': 64, 'dropout_rate': 0.13718800369340162, 'pretrained': False, 'lr_scheduler': 'plateau', 'max_epochs': 31}
2025-07-25 20:28:11 - AutoML.ModelFactory - INFO - Creating efficientnet_b0 (pretrained=False, dropout=0.13718800369340162)
2025-07-25 20:28:11 - AutoML - INFO -  Starting: efficientnet_b0 creation
2025-07-25 20:28:11 - AutoML.ModelFactory - INFO - efficientnet_b0 created successfully:
2025-07-25 20:28:11 - AutoML.ModelFactory - INFO -   Parameters: 4,015,939
2025-07-25 20:28:11 - AutoML.ModelFactory - INFO -   Trainable: 4,015,939
2025-07-25 20:28:11 - AutoML.ModelFactory - INFO -   Model size: 15.32 MB
2025-07-25 20:28:11 - AutoML - INFO -  efficientnet_b0 creation completed in 0.16 seconds
2025-07-25 20:32:04 - AutoML.ComparativeEarlyStopping - INFO - Early stopping evaluation for efficientnet_b0:
2025-07-25 20:32:04 - AutoML.ComparativeEarlyStopping - INFO -   Decision scores: {'statistical_significance': 1.0, 'performance_gap': 1.0, 'learning_trend': 0.2, 'resource_efficiency': 0.5246422771470748}
2025-07-25 20:32:04 - AutoML.ComparativeEarlyStopping - INFO -   Final score: 0.729
2025-07-25 20:32:04 - AutoML.ComparativeEarlyStopping - INFO -   Decision: STOP
2025-07-25 20:32:04 - AutoML.ComparativeEarlyStopping - INFO -   Primary reason: StoppingReason.STATISTICAL_SIGNIFICANCE
2025-07-25 20:32:04 - AutoML.Trainer - INFO - Early stopping triggered for efficientnet_b0 at epoch 5
2025-07-25 20:32:04 - AutoML.Trainer - INFO - Reason: StoppingReason.STATISTICAL_SIGNIFICANCE, Confidence: 0.729
2025-07-25 20:32:04 - AutoML.Trainer - INFO - Training completed for efficientnet_b0
2025-07-25 20:32:04 - AutoML.Trainer - INFO - Best validation accuracy: 0.3699
2025-07-25 20:32:04 - AutoML.Trainer - INFO - Total training time: 233.0s
2025-07-25 20:32:04 - AutoML.Trainer - INFO - Average epoch time: 46.6s
2025-07-25 20:32:04 - AutoML.Trainer - INFO - Evaluating hyperparameters for efficientnet_b0: {'learning_rate': 0.000132965214572995, 'optimizer': 'adamw', 'weight_decay': 1.987021538542864e-06, 'batch_size': 16, 'dropout_rate': 0.5708229999183839, 'pretrained': False, 'lr_scheduler': 'cosine', 'max_epochs': 23}
2025-07-25 20:32:04 - AutoML.ModelFactory - INFO - Creating efficientnet_b0 (pretrained=False, dropout=0.5708229999183839)
2025-07-25 20:32:04 - AutoML - INFO -  Starting: efficientnet_b0 creation
2025-07-25 20:32:04 - AutoML.ModelFactory - INFO - efficientnet_b0 created successfully:
2025-07-25 20:32:04 - AutoML.ModelFactory - INFO -   Parameters: 4,015,939
2025-07-25 20:32:04 - AutoML.ModelFactory - INFO -   Trainable: 4,015,939
2025-07-25 20:32:04 - AutoML.ModelFactory - INFO -   Model size: 15.32 MB
2025-07-25 20:32:04 - AutoML - INFO -  efficientnet_b0 creation completed in 0.05 seconds
2025-07-25 20:35:03 - AutoML.ComparativeEarlyStopping - INFO - Early stopping evaluation for efficientnet_b0:
2025-07-25 20:35:03 - AutoML.ComparativeEarlyStopping - INFO -   Decision scores: {'statistical_significance': 1.0, 'performance_gap': 1.0, 'learning_trend': 0.2, 'resource_efficiency': 0.6233077534000624}
2025-07-25 20:35:03 - AutoML.ComparativeEarlyStopping - INFO -   Final score: 0.743
2025-07-25 20:35:03 - AutoML.ComparativeEarlyStopping - INFO -   Decision: STOP
2025-07-25 20:35:03 - AutoML.ComparativeEarlyStopping - INFO -   Primary reason: StoppingReason.STATISTICAL_SIGNIFICANCE
2025-07-25 20:35:03 - AutoML.Trainer - INFO - Early stopping triggered for efficientnet_b0 at epoch 5
2025-07-25 20:35:03 - AutoML.Trainer - INFO - Reason: StoppingReason.STATISTICAL_SIGNIFICANCE, Confidence: 0.743
2025-07-25 20:35:03 - AutoML.Trainer - INFO - Training completed for efficientnet_b0
2025-07-25 20:35:03 - AutoML.Trainer - INFO - Best validation accuracy: 0.2510
2025-07-25 20:35:03 - AutoML.Trainer - INFO - Total training time: 178.9s
2025-07-25 20:35:03 - AutoML.Trainer - INFO - Average epoch time: 35.8s
2025-07-25 20:35:03 - AutoML.Trainer - INFO - Evaluating hyperparameters for efficientnet_b0: {'learning_rate': 0.028340904295147733, 'optimizer': 'adam', 'weight_decay': 1.753594952976443e-05, 'batch_size': 128, 'dropout_rate': 0.3305504476133645, 'pretrained': False, 'lr_scheduler': 'plateau', 'max_epochs': 35}
2025-07-25 20:35:03 - AutoML.ModelFactory - INFO - Creating efficientnet_b0 (pretrained=False, dropout=0.3305504476133645)
2025-07-25 20:35:03 - AutoML - INFO -  Starting: efficientnet_b0 creation
2025-07-25 20:35:03 - AutoML.ModelFactory - INFO - efficientnet_b0 created successfully:
2025-07-25 20:35:03 - AutoML.ModelFactory - INFO -   Parameters: 4,015,939
2025-07-25 20:35:03 - AutoML.ModelFactory - INFO -   Trainable: 4,015,939
2025-07-25 20:35:03 - AutoML.ModelFactory - INFO -   Model size: 15.32 MB
2025-07-25 20:35:03 - AutoML - INFO -  efficientnet_b0 creation completed in 0.05 seconds
2025-07-25 20:38:09 - AutoML.ComparativeEarlyStopping - INFO - Early stopping evaluation for efficientnet_b0:
2025-07-25 20:38:09 - AutoML.ComparativeEarlyStopping - INFO -   Decision scores: {'statistical_significance': 1.0, 'performance_gap': 1.0, 'learning_trend': 0.2, 'resource_efficiency': 0.5954770299875355}
2025-07-25 20:38:09 - AutoML.ComparativeEarlyStopping - INFO -   Final score: 0.739
2025-07-25 20:38:09 - AutoML.ComparativeEarlyStopping - INFO -   Decision: STOP
2025-07-25 20:38:09 - AutoML.ComparativeEarlyStopping - INFO -   Primary reason: StoppingReason.STATISTICAL_SIGNIFICANCE
2025-07-25 20:38:09 - AutoML.Trainer - INFO - Early stopping triggered for efficientnet_b0 at epoch 5
2025-07-25 20:38:09 - AutoML.Trainer - INFO - Reason: StoppingReason.STATISTICAL_SIGNIFICANCE, Confidence: 0.739
2025-07-25 20:38:09 - AutoML.Trainer - INFO - Training completed for efficientnet_b0
2025-07-25 20:38:09 - AutoML.Trainer - INFO - Best validation accuracy: 0.2955
2025-07-25 20:38:09 - AutoML.Trainer - INFO - Total training time: 186.0s
2025-07-25 20:38:09 - AutoML.Trainer - INFO - Average epoch time: 37.2s
2025-07-25 20:38:09 - AutoML.MetaHPOSelector - INFO -    Best score: 0.3699 (6 trials)
2025-07-25 20:38:09 - AutoML.Pipeline - INFO - HPO completed for efficientnet_b0:
2025-07-25 20:38:09 - AutoML.Pipeline - INFO -   Best score: 0.3699
2025-07-25 20:38:09 - AutoML.Pipeline - INFO -   Best params: {'learning_rate': 0.0015375920235481753, 'optimizer': 'sgd', 'weight_decay': 0.005727904470799624, 'batch_size': 64, 'dropout_rate': 0.13718800369340162, 'pretrained': False, 'lr_scheduler': 'plateau', 'max_epochs': 31}
2025-07-25 20:38:09 - AutoML.Pipeline - INFO -   Method used: bayesian_optimization
2025-07-25 20:38:09 - AutoML.Pipeline - INFO -   Trials completed: 6
2025-07-25 20:38:09 - AutoML.ComparativeEarlyStopping - INFO - Early stopping evaluation for efficientnet_b0:
2025-07-25 20:38:09 - AutoML.ComparativeEarlyStopping - INFO -   Decision scores: {'statistical_significance': 1.0, 'performance_gap': 1.0, 'learning_trend': 0.2, 'resource_efficiency': 0.5954770299875355}
2025-07-25 20:38:09 - AutoML.ComparativeEarlyStopping - INFO -   Final score: 0.739
2025-07-25 20:38:09 - AutoML.ComparativeEarlyStopping - INFO -   Decision: STOP
2025-07-25 20:38:09 - AutoML.ComparativeEarlyStopping - INFO -   Primary reason: StoppingReason.STATISTICAL_SIGNIFICANCE
2025-07-25 20:38:09 - AutoML.ComparativeEarlyStopping - INFO - STOPPED efficientnet_b0 at epoch 5
2025-07-25 20:38:09 - AutoML.ComparativeEarlyStopping - INFO -   Reason: statistically_significantly_worse
2025-07-25 20:38:09 - AutoML.ComparativeEarlyStopping - INFO -   Confidence: 0.739
2025-07-25 20:38:09 - AutoML.BudgetManager - INFO - Architecture efficientnet_b0 stopped early: statistically_significantly_worse
2025-07-25 20:38:09 - AutoML.BudgetManager - INFO -   Final performance: 0.370
2025-07-25 20:38:09 - AutoML.BudgetManager - INFO -   Time used: 0.04h / 4.20h
2025-07-25 20:38:09 - AutoML.BudgetManager - INFO -   Freed time: 4.16h
2025-07-25 20:38:09 - AutoML.BudgetManager - INFO - Reallocated 4.16h to resnet18 (efficiency: 2.781)
2025-07-25 20:38:09 - AutoML.Pipeline - INFO - Stopped efficientnet_b0 early: statistically_significantly_worse
2025-07-25 20:38:09 - AutoML.Pipeline - INFO - Processing architecture: convnext_tiny
2025-07-25 20:38:09 - AutoML.BudgetManager - INFO - Started training convnext_tiny with 4.20h budget
2025-07-25 20:38:09 - AutoML.Pipeline - INFO - Starting HPO for convnext_tiny
2025-07-25 20:38:09 - AutoML.MetaHPOSelector - INFO - Selecting HPO method for convnext_tiny
2025-07-25 20:38:09 - AutoML.MetaHPOSelector - INFO -   Dataset complexity: 1.0
2025-07-25 20:38:09 - AutoML.MetaHPOSelector - INFO -   Available time: 15.2 hours
2025-07-25 20:38:09 - AutoML.MetaHPOSelector - INFO -   Search space size: 100000
2025-07-25 20:38:09 - AutoML.MetaHPOSelector - INFO - Trial budget for convnext_tiny: 9 trials
2025-07-25 20:38:09 - AutoML.MetaHPOSelector - INFO -   Arch complexity: 4.5, Dataset complexity: 1.0
2025-07-25 20:38:09 - AutoML.MetaHPOSelector - INFO -   Available time: 15.2h
2025-07-25 20:38:09 - AutoML.MetaHPOSelector - INFO - Selected bayesian_optimization for convnext_tiny
2025-07-25 20:38:09 - AutoML.MetaHPOSelector - INFO -   Trials: 9
2025-07-25 20:38:09 - AutoML.MetaHPOSelector - INFO -   Timeout: 32766s
2025-07-25 20:38:09 - AutoML.HPO.bayesian_optimization - INFO - Starting Bayesian Optimization for convnext_tiny
2025-07-25 20:38:09 - AutoML.Trainer - INFO - Evaluating hyperparameters for convnext_tiny: {'learning_rate': 0.00031489116479568613, 'optimizer': 'adam', 'weight_decay': 4.2079886696066345e-06, 'batch_size': 64, 'dropout_rate': 0.4956508044572318, 'pretrained': False, 'lr_scheduler': 'cosine', 'max_epochs': 25}
2025-07-25 20:38:09 - AutoML.ModelFactory - INFO - Creating convnext_tiny (pretrained=False, dropout=0.4956508044572318)
2025-07-25 20:38:09 - AutoML - INFO -  Starting: convnext_tiny creation
2025-07-25 20:38:09 - AutoML.ModelFactory - INFO - convnext_tiny created successfully:
2025-07-25 20:38:09 - AutoML.ModelFactory - INFO -   Parameters: 27,822,439
2025-07-25 20:38:09 - AutoML.ModelFactory - INFO -   Trainable: 27,822,439
2025-07-25 20:38:09 - AutoML.ModelFactory - INFO -   Model size: 106.13 MB
2025-07-25 20:38:09 - AutoML - INFO -  convnext_tiny creation completed in 0.28 seconds
2025-07-25 20:41:21 - AutoML.Trainer - INFO - Epoch 5/25 - Train Acc: 0.4553, Val Acc: 0.4526, Val Loss: 1.4036, Time: 37.6s
2025-07-25 20:44:41 - AutoML.ComparativeEarlyStopping - INFO - Early stopping evaluation for convnext_tiny:
2025-07-25 20:44:41 - AutoML.ComparativeEarlyStopping - INFO -   Decision scores: {'statistical_significance': 1.0, 'performance_gap': 1.0, 'learning_trend': 0.2, 'resource_efficiency': 0.3350115358141035}
2025-07-25 20:44:41 - AutoML.ComparativeEarlyStopping - INFO -   Final score: 0.700
2025-07-25 20:44:41 - AutoML.ComparativeEarlyStopping - INFO -   Decision: STOP
2025-07-25 20:44:41 - AutoML.ComparativeEarlyStopping - INFO -   Primary reason: StoppingReason.STATISTICAL_SIGNIFICANCE
2025-07-25 20:44:41 - AutoML.Trainer - INFO - Early stopping triggered for convnext_tiny at epoch 10
2025-07-25 20:44:41 - AutoML.Trainer - INFO - Reason: StoppingReason.STATISTICAL_SIGNIFICANCE, Confidence: 0.700
2025-07-25 20:44:41 - AutoML.Trainer - INFO - Training completed for convnext_tiny
2025-07-25 20:44:41 - AutoML.Trainer - INFO - Best validation accuracy: 0.4976
2025-07-25 20:44:41 - AutoML.Trainer - INFO - Total training time: 391.4s
2025-07-25 20:44:41 - AutoML.Trainer - INFO - Average epoch time: 39.1s
2025-07-25 20:44:41 - AutoML.Trainer - INFO - Evaluating hyperparameters for convnext_tiny: {'learning_rate': 0.00016480446427978953, 'optimizer': 'adam', 'weight_decay': 0.0002801635158716264, 'batch_size': 128, 'dropout_rate': 0.5496231729751094, 'pretrained': False, 'lr_scheduler': 'plateau', 'max_epochs': 25}
2025-07-25 20:44:41 - AutoML.ModelFactory - INFO - Creating convnext_tiny (pretrained=False, dropout=0.5496231729751094)
2025-07-25 20:44:41 - AutoML - INFO -  Starting: convnext_tiny creation
2025-07-25 20:44:41 - AutoML.ModelFactory - INFO - convnext_tiny created successfully:
2025-07-25 20:44:41 - AutoML.ModelFactory - INFO -   Parameters: 27,822,439
2025-07-25 20:44:41 - AutoML.ModelFactory - INFO -   Trainable: 27,822,439
2025-07-25 20:44:41 - AutoML.ModelFactory - INFO -   Model size: 106.13 MB
2025-07-25 20:44:41 - AutoML - INFO -  convnext_tiny creation completed in 0.26 seconds
2025-07-25 20:47:53 - AutoML.ComparativeEarlyStopping - INFO - Early stopping evaluation for convnext_tiny:
2025-07-25 20:47:53 - AutoML.ComparativeEarlyStopping - INFO -   Decision scores: {'statistical_significance': 1.0, 'performance_gap': 1.0, 'learning_trend': 0.2, 'resource_efficiency': 0.4643849176670791}
2025-07-25 20:47:53 - AutoML.ComparativeEarlyStopping - INFO -   Final score: 0.720
2025-07-25 20:47:53 - AutoML.ComparativeEarlyStopping - INFO -   Decision: STOP
2025-07-25 20:47:53 - AutoML.ComparativeEarlyStopping - INFO -   Primary reason: StoppingReason.STATISTICAL_SIGNIFICANCE
2025-07-25 20:47:53 - AutoML.Trainer - INFO - Early stopping triggered for convnext_tiny at epoch 5
2025-07-25 20:47:53 - AutoML.Trainer - INFO - Reason: StoppingReason.STATISTICAL_SIGNIFICANCE, Confidence: 0.720
2025-07-25 20:47:53 - AutoML.Trainer - INFO - Training completed for convnext_tiny
2025-07-25 20:47:53 - AutoML.Trainer - INFO - Best validation accuracy: 0.3889
2025-07-25 20:47:53 - AutoML.Trainer - INFO - Total training time: 192.3s
2025-07-25 20:47:53 - AutoML.Trainer - INFO - Average epoch time: 38.5s
2025-07-25 20:47:53 - AutoML.Trainer - INFO - Evaluating hyperparameters for convnext_tiny: {'learning_rate': 1.8205657658407255e-05, 'optimizer': 'sgd', 'weight_decay': 1.6536937182824424e-05, 'batch_size': 32, 'dropout_rate': 0.34662383707788913, 'pretrained': False, 'lr_scheduler': 'step', 'max_epochs': 36}
2025-07-25 20:47:53 - AutoML.ModelFactory - INFO - Creating convnext_tiny (pretrained=False, dropout=0.34662383707788913)
2025-07-25 20:47:53 - AutoML - INFO -  Starting: convnext_tiny creation
2025-07-25 20:47:53 - AutoML.ModelFactory - INFO - convnext_tiny created successfully:
2025-07-25 20:47:53 - AutoML.ModelFactory - INFO -   Parameters: 27,822,439
2025-07-25 20:47:53 - AutoML.ModelFactory - INFO -   Trainable: 27,822,439
2025-07-25 20:47:53 - AutoML.ModelFactory - INFO -   Model size: 106.13 MB
2025-07-25 20:47:53 - AutoML - INFO -  convnext_tiny creation completed in 0.25 seconds
2025-07-25 20:51:02 - AutoML.ComparativeEarlyStopping - INFO - Early stopping evaluation for convnext_tiny:
2025-07-25 20:51:02 - AutoML.ComparativeEarlyStopping - INFO -   Decision scores: {'statistical_significance': 1.0, 'performance_gap': 1.0, 'learning_trend': 0.2, 'resource_efficiency': 0.5911728024289217}
2025-07-25 20:51:02 - AutoML.ComparativeEarlyStopping - INFO -   Final score: 0.739
2025-07-25 20:51:02 - AutoML.ComparativeEarlyStopping - INFO -   Decision: STOP
2025-07-25 20:51:02 - AutoML.ComparativeEarlyStopping - INFO -   Primary reason: StoppingReason.STATISTICAL_SIGNIFICANCE
2025-07-25 20:51:02 - AutoML.Trainer - INFO - Early stopping triggered for convnext_tiny at epoch 5
2025-07-25 20:51:02 - AutoML.Trainer - INFO - Reason: StoppingReason.STATISTICAL_SIGNIFICANCE, Confidence: 0.739
2025-07-25 20:51:02 - AutoML.Trainer - INFO - Training completed for convnext_tiny
2025-07-25 20:51:02 - AutoML.Trainer - INFO - Best validation accuracy: 0.2886
2025-07-25 20:51:02 - AutoML.Trainer - INFO - Total training time: 188.0s
2025-07-25 20:51:02 - AutoML.Trainer - INFO - Average epoch time: 37.6s
2025-07-25 20:51:02 - AutoML.Trainer - INFO - Evaluating hyperparameters for convnext_tiny: {'learning_rate': 0.0015375920235481753, 'optimizer': 'sgd', 'weight_decay': 0.005727904470799624, 'batch_size': 64, 'dropout_rate': 0.13718800369340162, 'pretrained': False, 'lr_scheduler': 'plateau', 'max_epochs': 31}
2025-07-25 20:51:02 - AutoML.ModelFactory - INFO - Creating convnext_tiny (pretrained=False, dropout=0.13718800369340162)
2025-07-25 20:51:02 - AutoML - INFO -  Starting: convnext_tiny creation
2025-07-25 20:51:02 - AutoML.ModelFactory - INFO - convnext_tiny created successfully:
2025-07-25 20:51:02 - AutoML.ModelFactory - INFO -   Parameters: 27,822,439
2025-07-25 20:51:02 - AutoML.ModelFactory - INFO -   Trainable: 27,822,439
2025-07-25 20:51:02 - AutoML.ModelFactory - INFO -   Model size: 106.13 MB
2025-07-25 20:51:02 - AutoML - INFO -  convnext_tiny creation completed in 0.23 seconds
2025-07-25 20:54:11 - AutoML.ComparativeEarlyStopping - INFO - Early stopping evaluation for convnext_tiny:
2025-07-25 20:54:11 - AutoML.ComparativeEarlyStopping - INFO -   Decision scores: {'statistical_significance': 1.0, 'performance_gap': 1.0, 'learning_trend': 0.2, 'resource_efficiency': 0.530334908548903}
2025-07-25 20:54:11 - AutoML.ComparativeEarlyStopping - INFO -   Final score: 0.730
2025-07-25 20:54:11 - AutoML.ComparativeEarlyStopping - INFO -   Decision: STOP
2025-07-25 20:54:11 - AutoML.ComparativeEarlyStopping - INFO -   Primary reason: StoppingReason.STATISTICAL_SIGNIFICANCE
2025-07-25 20:54:11 - AutoML.Trainer - INFO - Early stopping triggered for convnext_tiny at epoch 5
2025-07-25 20:54:11 - AutoML.Trainer - INFO - Reason: StoppingReason.STATISTICAL_SIGNIFICANCE, Confidence: 0.730
2025-07-25 20:54:11 - AutoML.Trainer - INFO - Training completed for convnext_tiny
2025-07-25 20:54:11 - AutoML.Trainer - INFO - Best validation accuracy: 0.3351
2025-07-25 20:54:11 - AutoML.Trainer - INFO - Total training time: 189.3s
2025-07-25 20:54:11 - AutoML.Trainer - INFO - Average epoch time: 37.9s
2025-07-25 20:54:11 - AutoML.Trainer - INFO - Evaluating hyperparameters for convnext_tiny: {'learning_rate': 0.000132965214572995, 'optimizer': 'adamw', 'weight_decay': 1.987021538542864e-06, 'batch_size': 16, 'dropout_rate': 0.5708229999183839, 'pretrained': False, 'lr_scheduler': 'cosine', 'max_epochs': 23}
2025-07-25 20:54:11 - AutoML.ModelFactory - INFO - Creating convnext_tiny (pretrained=False, dropout=0.5708229999183839)
2025-07-25 20:54:11 - AutoML - INFO -  Starting: convnext_tiny creation
2025-07-25 20:54:11 - AutoML.ModelFactory - INFO - convnext_tiny created successfully:
2025-07-25 20:54:11 - AutoML.ModelFactory - INFO -   Parameters: 27,822,439
2025-07-25 20:54:11 - AutoML.ModelFactory - INFO -   Trainable: 27,822,439
2025-07-25 20:54:11 - AutoML.ModelFactory - INFO -   Model size: 106.13 MB
2025-07-25 20:54:11 - AutoML - INFO -  convnext_tiny creation completed in 0.25 seconds
2025-07-25 20:57:29 - AutoML.ComparativeEarlyStopping - INFO - Early stopping evaluation for convnext_tiny:
2025-07-25 20:57:29 - AutoML.ComparativeEarlyStopping - INFO -   Decision scores: {'statistical_significance': 1.0, 'performance_gap': 1.0, 'learning_trend': 0.2, 'resource_efficiency': 0.41255858606158446}
2025-07-25 20:57:29 - AutoML.ComparativeEarlyStopping - INFO -   Final score: 0.712
2025-07-25 20:57:29 - AutoML.ComparativeEarlyStopping - INFO -   Decision: STOP
2025-07-25 20:57:29 - AutoML.ComparativeEarlyStopping - INFO -   Primary reason: StoppingReason.STATISTICAL_SIGNIFICANCE
2025-07-25 20:57:29 - AutoML.Trainer - INFO - Early stopping triggered for convnext_tiny at epoch 5
2025-07-25 20:57:29 - AutoML.Trainer - INFO - Reason: StoppingReason.STATISTICAL_SIGNIFICANCE, Confidence: 0.712
2025-07-25 20:57:29 - AutoML.Trainer - INFO - Training completed for convnext_tiny
2025-07-25 20:57:29 - AutoML.Trainer - INFO - Best validation accuracy: 0.4249
2025-07-25 20:57:29 - AutoML.Trainer - INFO - Total training time: 197.4s
2025-07-25 20:57:29 - AutoML.Trainer - INFO - Average epoch time: 39.5s
2025-07-25 20:57:29 - AutoML.Trainer - INFO - Evaluating hyperparameters for convnext_tiny: {'learning_rate': 0.028340904295147733, 'optimizer': 'adam', 'weight_decay': 1.753594952976443e-05, 'batch_size': 128, 'dropout_rate': 0.3305504476133645, 'pretrained': False, 'lr_scheduler': 'plateau', 'max_epochs': 35}
2025-07-25 20:57:29 - AutoML.ModelFactory - INFO - Creating convnext_tiny (pretrained=False, dropout=0.3305504476133645)
2025-07-25 20:57:29 - AutoML - INFO -  Starting: convnext_tiny creation
2025-07-25 20:57:29 - AutoML.ModelFactory - INFO - convnext_tiny created successfully:
2025-07-25 20:57:29 - AutoML.ModelFactory - INFO -   Parameters: 27,822,439
2025-07-25 20:57:29 - AutoML.ModelFactory - INFO -   Trainable: 27,822,439
2025-07-25 20:57:29 - AutoML.ModelFactory - INFO -   Model size: 106.13 MB
2025-07-25 20:57:29 - AutoML - INFO -  convnext_tiny creation completed in 0.26 seconds
2025-07-25 21:00:39 - AutoML.ComparativeEarlyStopping - INFO - Early stopping evaluation for convnext_tiny:
2025-07-25 21:00:39 - AutoML.ComparativeEarlyStopping - INFO -   Decision scores: {'statistical_significance': 1.0, 'performance_gap': 1.0, 'learning_trend': 0.2, 'resource_efficiency': 0.6811148651546142}
2025-07-25 21:00:39 - AutoML.ComparativeEarlyStopping - INFO -   Final score: 0.752
2025-07-25 21:00:39 - AutoML.ComparativeEarlyStopping - INFO -   Decision: STOP
2025-07-25 21:00:39 - AutoML.ComparativeEarlyStopping - INFO -   Primary reason: StoppingReason.STATISTICAL_SIGNIFICANCE
2025-07-25 21:00:39 - AutoML.Trainer - INFO - Early stopping triggered for convnext_tiny at epoch 5
2025-07-25 21:00:39 - AutoML.Trainer - INFO - Reason: StoppingReason.STATISTICAL_SIGNIFICANCE, Confidence: 0.752
2025-07-25 21:00:39 - AutoML.Trainer - INFO - Training completed for convnext_tiny
2025-07-25 21:00:39 - AutoML.Trainer - INFO - Best validation accuracy: 0.2513
2025-07-25 21:00:39 - AutoML.Trainer - INFO - Total training time: 189.8s
2025-07-25 21:00:39 - AutoML.Trainer - INFO - Average epoch time: 38.0s
2025-07-25 21:00:39 - AutoML.Trainer - INFO - Evaluating hyperparameters for convnext_tiny: {'learning_rate': 0.0012329098365270509, 'optimizer': 'adam', 'weight_decay': 1.3357240411974112e-06, 'batch_size': 128, 'dropout_rate': 0.17450456040421244, 'pretrained': False, 'lr_scheduler': 'plateau', 'max_epochs': 24}
2025-07-25 21:00:39 - AutoML.ModelFactory - INFO - Creating convnext_tiny (pretrained=False, dropout=0.17450456040421244)
2025-07-25 21:00:39 - AutoML - INFO -  Starting: convnext_tiny creation
2025-07-25 21:00:39 - AutoML.ModelFactory - INFO - convnext_tiny created successfully:
2025-07-25 21:00:39 - AutoML.ModelFactory - INFO -   Parameters: 27,822,439
2025-07-25 21:00:39 - AutoML.ModelFactory - INFO -   Trainable: 27,822,439
2025-07-25 21:00:39 - AutoML.ModelFactory - INFO -   Model size: 106.13 MB
2025-07-25 21:00:39 - AutoML - INFO -  convnext_tiny creation completed in 0.26 seconds
2025-07-25 21:03:50 - AutoML.ComparativeEarlyStopping - INFO - Early stopping evaluation for convnext_tiny:
2025-07-25 21:03:50 - AutoML.ComparativeEarlyStopping - INFO -   Decision scores: {'statistical_significance': 1.0, 'performance_gap': 1.0, 'learning_trend': 0.2, 'resource_efficiency': 0.3870036200829594}
2025-07-25 21:03:50 - AutoML.ComparativeEarlyStopping - INFO -   Final score: 0.708
2025-07-25 21:03:50 - AutoML.ComparativeEarlyStopping - INFO -   Decision: STOP
2025-07-25 21:03:50 - AutoML.ComparativeEarlyStopping - INFO -   Primary reason: StoppingReason.STATISTICAL_SIGNIFICANCE
2025-07-25 21:03:50 - AutoML.Trainer - INFO - Early stopping triggered for convnext_tiny at epoch 5
2025-07-25 21:03:50 - AutoML.Trainer - INFO - Reason: StoppingReason.STATISTICAL_SIGNIFICANCE, Confidence: 0.708
2025-07-25 21:03:50 - AutoML.Trainer - INFO - Training completed for convnext_tiny
2025-07-25 21:03:50 - AutoML.Trainer - INFO - Best validation accuracy: 0.4457
2025-07-25 21:03:50 - AutoML.Trainer - INFO - Total training time: 191.1s
2025-07-25 21:03:50 - AutoML.Trainer - INFO - Average epoch time: 38.2s
2025-07-25 21:03:50 - AutoML.Trainer - INFO - Evaluating hyperparameters for convnext_tiny: {'learning_rate': 0.05233480488540085, 'optimizer': 'adamw', 'weight_decay': 0.0016394127471631608, 'batch_size': 32, 'dropout_rate': 0.6272639099464452, 'pretrained': True, 'lr_scheduler': 'plateau', 'max_epochs': 46}
2025-07-25 21:03:50 - AutoML.ModelFactory - INFO - Creating convnext_tiny (pretrained=True, dropout=0.6272639099464452)
2025-07-25 21:03:50 - AutoML - INFO -  Starting: convnext_tiny creation
2025-07-25 21:04:11 - AutoML.ModelFactory - INFO - convnext_tiny created successfully:
2025-07-25 21:04:11 - AutoML.ModelFactory - INFO -   Parameters: 27,822,439
2025-07-25 21:04:11 - AutoML.ModelFactory - INFO -   Trainable: 27,822,439
2025-07-25 21:04:11 - AutoML.ModelFactory - INFO -   Model size: 106.13 MB
2025-07-25 21:04:11 - AutoML - INFO -  convnext_tiny creation completed in 20.51 seconds
2025-07-25 21:07:34 - AutoML.ComparativeEarlyStopping - INFO - Early stopping evaluation for convnext_tiny:
2025-07-25 21:07:34 - AutoML.ComparativeEarlyStopping - INFO -   Decision scores: {'statistical_significance': 1.0, 'performance_gap': 1.0, 'learning_trend': 0.2, 'resource_efficiency': 0.7264644904833271}
2025-07-25 21:07:34 - AutoML.ComparativeEarlyStopping - INFO -   Final score: 0.759
2025-07-25 21:07:34 - AutoML.ComparativeEarlyStopping - INFO -   Decision: STOP
2025-07-25 21:07:34 - AutoML.ComparativeEarlyStopping - INFO -   Primary reason: StoppingReason.STATISTICAL_SIGNIFICANCE
2025-07-25 21:07:34 - AutoML.Trainer - INFO - Early stopping triggered for convnext_tiny at epoch 5
2025-07-25 21:07:34 - AutoML.Trainer - INFO - Reason: StoppingReason.STATISTICAL_SIGNIFICANCE, Confidence: 0.759
2025-07-25 21:07:34 - AutoML.Trainer - INFO - Training completed for convnext_tiny
2025-07-25 21:07:34 - AutoML.Trainer - INFO - Best validation accuracy: 0.2513
2025-07-25 21:07:34 - AutoML.Trainer - INFO - Total training time: 202.9s
2025-07-25 21:07:34 - AutoML.Trainer - INFO - Average epoch time: 40.6s
2025-07-25 21:07:34 - AutoML.Trainer - INFO - Evaluating hyperparameters for convnext_tiny: {'learning_rate': 1.0661259689433896e-05, 'optimizer': 'adam', 'weight_decay': 3.0162092627967784e-06, 'batch_size': 32, 'dropout_rate': 0.49211327122662446, 'pretrained': False, 'lr_scheduler': 'cosine', 'max_epochs': 29}
2025-07-25 21:07:34 - AutoML.ModelFactory - INFO - Creating convnext_tiny (pretrained=False, dropout=0.49211327122662446)
2025-07-25 21:07:34 - AutoML - INFO -  Starting: convnext_tiny creation
2025-07-25 21:07:34 - AutoML.ModelFactory - INFO - convnext_tiny created successfully:
2025-07-25 21:07:34 - AutoML.ModelFactory - INFO -   Parameters: 27,822,439
2025-07-25 21:07:34 - AutoML.ModelFactory - INFO -   Trainable: 27,822,439
2025-07-25 21:07:34 - AutoML.ModelFactory - INFO -   Model size: 106.13 MB
2025-07-25 21:07:34 - AutoML - INFO -  convnext_tiny creation completed in 0.25 seconds
2025-07-25 21:10:48 - AutoML.ComparativeEarlyStopping - INFO - Early stopping evaluation for convnext_tiny:
2025-07-25 21:10:48 - AutoML.ComparativeEarlyStopping - INFO -   Decision scores: {'statistical_significance': 1.0, 'performance_gap': 1.0, 'learning_trend': 0.2, 'resource_efficiency': 0.5362968789354526}
2025-07-25 21:10:48 - AutoML.ComparativeEarlyStopping - INFO -   Final score: 0.730
2025-07-25 21:10:48 - AutoML.ComparativeEarlyStopping - INFO -   Decision: STOP
2025-07-25 21:10:48 - AutoML.ComparativeEarlyStopping - INFO -   Primary reason: StoppingReason.STATISTICAL_SIGNIFICANCE
2025-07-25 21:10:48 - AutoML.Trainer - INFO - Early stopping triggered for convnext_tiny at epoch 5
2025-07-25 21:10:48 - AutoML.Trainer - INFO - Reason: StoppingReason.STATISTICAL_SIGNIFICANCE, Confidence: 0.730
2025-07-25 21:10:48 - AutoML.Trainer - INFO - Training completed for convnext_tiny
2025-07-25 21:10:48 - AutoML.Trainer - INFO - Best validation accuracy: 0.3502
2025-07-25 21:10:48 - AutoML.Trainer - INFO - Total training time: 194.1s
2025-07-25 21:10:48 - AutoML.Trainer - INFO - Average epoch time: 38.8s
2025-07-25 21:10:48 - AutoML.MetaHPOSelector - INFO -    Best score: 0.4976 (9 trials)
2025-07-25 21:10:48 - AutoML.Pipeline - INFO - HPO completed for convnext_tiny:
2025-07-25 21:10:48 - AutoML.Pipeline - INFO -   Best score: 0.4976
2025-07-25 21:10:48 - AutoML.Pipeline - INFO -   Best params: {'learning_rate': 0.00031489116479568613, 'optimizer': 'adam', 'weight_decay': 4.2079886696066345e-06, 'batch_size': 64, 'dropout_rate': 0.4956508044572318, 'pretrained': False, 'lr_scheduler': 'cosine', 'max_epochs': 25}
2025-07-25 21:10:48 - AutoML.Pipeline - INFO -   Method used: bayesian_optimization
2025-07-25 21:10:48 - AutoML.Pipeline - INFO -   Trials completed: 9
2025-07-25 21:10:48 - AutoML.ComparativeEarlyStopping - INFO - Early stopping evaluation for convnext_tiny:
2025-07-25 21:10:48 - AutoML.ComparativeEarlyStopping - INFO -   Decision scores: {'statistical_significance': 1.0, 'performance_gap': 1.0, 'learning_trend': 0.2, 'resource_efficiency': 0.5362968789354526}
2025-07-25 21:10:48 - AutoML.ComparativeEarlyStopping - INFO -   Final score: 0.730
2025-07-25 21:10:48 - AutoML.ComparativeEarlyStopping - INFO -   Decision: STOP
2025-07-25 21:10:48 - AutoML.ComparativeEarlyStopping - INFO -   Primary reason: StoppingReason.STATISTICAL_SIGNIFICANCE
2025-07-25 21:10:48 - AutoML.ComparativeEarlyStopping - INFO - STOPPED convnext_tiny at epoch 5
2025-07-25 21:10:48 - AutoML.ComparativeEarlyStopping - INFO -   Reason: statistically_significantly_worse
2025-07-25 21:10:48 - AutoML.ComparativeEarlyStopping - INFO -   Confidence: 0.730
2025-07-25 21:10:48 - AutoML.BudgetManager - INFO - Architecture convnext_tiny stopped early: statistically_significantly_worse
2025-07-25 21:10:48 - AutoML.BudgetManager - INFO -   Final performance: 0.498
2025-07-25 21:10:48 - AutoML.BudgetManager - INFO -   Time used: 0.04h / 4.20h
2025-07-25 21:10:48 - AutoML.BudgetManager - INFO -   Freed time: 4.16h
2025-07-25 21:10:48 - AutoML.BudgetManager - INFO - Reallocated 4.16h to resnet18 (efficiency: 2.781)
2025-07-25 21:10:48 - AutoML.Pipeline - INFO - Stopped convnext_tiny early: statistically_significantly_worse
2025-07-25 21:10:48 - AutoML.Pipeline - INFO - Processing architecture: densenet121
2025-07-25 21:10:48 - AutoML.BudgetManager - INFO - Transitioning to final training phase:
2025-07-25 21:10:48 - AutoML.BudgetManager - INFO -   Time condition: 2.17h >= 16.80h (False)
2025-07-25 21:10:48 - AutoML.BudgetManager - INFO -   All done condition: 5/4 processed (True)
2025-07-25 21:10:48 - AutoML.Pipeline - INFO - Time budget reached, transitioning to final training
2025-07-25 21:10:48 - AutoML - INFO -  Architecture search completed in 2.17 hours
2025-07-25 21:10:48 - AutoML.Pipeline - INFO - === Phase 4: Final Training ===
2025-07-25 21:10:48 - AutoML - INFO -  Starting: Final training
2025-07-25 21:10:48 - AutoML.BudgetManager - INFO - Final training allocation for resnet18: 19.43h (weight: 1.00)
2025-07-25 21:10:48 - AutoML.BudgetManager - INFO - Final training allocation for densenet121: 0.00h (weight: 0.00)
2025-07-25 21:10:48 - AutoML.BudgetManager - INFO - Starting final training phase:
2025-07-25 21:10:48 - AutoML.BudgetManager - INFO -   Selected architectures: ['resnet18', 'densenet121']
2025-07-25 21:10:48 - AutoML.BudgetManager - INFO -   Remaining time: 19.43h
2025-07-25 21:10:48 - AutoML.Pipeline - INFO - Final training candidates: ['resnet18', 'densenet121']
2025-07-25 21:10:48 - AutoML.Pipeline - INFO - Final training for resnet18
2025-07-25 21:10:48 - AutoML.Trainer - INFO - Training final model: resnet18
2025-07-25 21:10:48 - AutoML.Trainer - INFO - Best hyperparameters: {'learning_rate': 0.00031489116479568613, 'optimizer': 'adam', 'weight_decay': 4.2079886696066345e-06, 'batch_size': 64, 'dropout_rate': 0.4956508044572318, 'pretrained': False, 'lr_scheduler': 'cosine', 'max_epochs': 25, 'final_epochs': 100}
2025-07-25 21:10:48 - AutoML.ModelFactory - INFO - Creating resnet18 (pretrained=False, dropout=0.4956508044572318)
2025-07-25 21:10:48 - AutoML - INFO -  Starting: resnet18 creation
2025-07-25 21:10:48 - AutoML.ModelFactory - INFO - resnet18 created successfully:
2025-07-25 21:10:48 - AutoML.ModelFactory - INFO -   Parameters: 11,173,831
2025-07-25 21:10:48 - AutoML.ModelFactory - INFO -   Trainable: 11,173,831
2025-07-25 21:10:48 - AutoML.ModelFactory - INFO -   Model size: 42.62 MB
2025-07-25 21:10:48 - AutoML - INFO -  resnet18 creation completed in 0.12 seconds
2025-07-25 21:10:48 - AutoML.Trainer - INFO - Training for 100 epochs...
2025-07-25 21:15:47 - AutoML.Trainer - INFO - Epoch 10/100 - Train Acc: 0.7134, Val Acc: 0.5535, Best Val Acc: 0.5535
2025-07-25 21:20:33 - AutoML.Trainer - INFO - Epoch 20/100 - Train Acc: 0.9533, Val Acc: 0.5608, Best Val Acc: 0.5627
2025-07-25 21:26:16 - AutoML.Trainer - INFO - Epoch 30/100 - Train Acc: 0.9679, Val Acc: 0.5653, Best Val Acc: 0.5683
2025-07-25 21:31:20 - AutoML.Trainer - INFO - Epoch 40/100 - Train Acc: 0.9325, Val Acc: 0.5505, Best Val Acc: 0.5688
2025-07-25 21:36:12 - AutoML.Trainer - INFO - Epoch 50/100 - Train Acc: 0.9277, Val Acc: 0.5463, Best Val Acc: 0.5688
2025-07-25 21:41:06 - AutoML.Trainer - INFO - Epoch 60/100 - Train Acc: 0.9662, Val Acc: 0.5540, Best Val Acc: 0.5688
2025-07-25 21:46:06 - AutoML.Trainer - INFO - Epoch 70/100 - Train Acc: 0.9908, Val Acc: 0.5711, Best Val Acc: 0.5731
2025-07-25 21:50:58 - AutoML.Trainer - INFO - Epoch 80/100 - Train Acc: 0.9935, Val Acc: 0.5740, Best Val Acc: 0.5780
2025-07-25 21:55:47 - AutoML.Trainer - INFO - Epoch 90/100 - Train Acc: 0.9729, Val Acc: 0.5664, Best Val Acc: 0.5780
2025-07-25 22:00:43 - AutoML.Trainer - INFO - Epoch 100/100 - Train Acc: 0.9595, Val Acc: 0.5599, Best Val Acc: 0.5780
2025-07-25 22:00:43 - AutoML.Trainer - INFO - Evaluating model on test set...
2025-07-25 22:01:21 - AutoML.Trainer - INFO - Test Results:
2025-07-25 22:01:21 - AutoML.Trainer - INFO -   Accuracy: 0.5559
2025-07-25 22:01:21 - AutoML.Trainer - INFO -   Loss: 2.7302
2025-07-25 22:01:21 - AutoML.Trainer - INFO -   Samples: 7178
2025-07-25 22:01:21 - AutoML.Trainer - INFO -   Class 0 Accuracy: 0.5146
2025-07-25 22:01:21 - AutoML.Trainer - INFO -   Class 1 Accuracy: 0.3964
2025-07-25 22:01:21 - AutoML.Trainer - INFO -   Class 4 Accuracy: 0.3937
2025-07-25 22:01:21 - AutoML.Trainer - INFO -   Class 6 Accuracy: 0.4769
2025-07-25 22:01:21 - AutoML.Trainer - INFO -   Class 3 Accuracy: 0.7756
2025-07-25 22:01:21 - AutoML.Trainer - INFO -   Class 2 Accuracy: 0.3887
2025-07-25 22:01:21 - AutoML.Trainer - INFO -   Class 5 Accuracy: 0.7220
2025-07-25 22:01:21 - AutoML.Trainer - INFO - Final model saved to checkpoints\final_resnet18.pt
2025-07-25 22:01:21 - AutoML.Pipeline - INFO - resnet18 final training completed:
2025-07-25 22:01:21 - AutoML.Pipeline - INFO -   Test accuracy: 0.5559
2025-07-25 22:01:21 - AutoML.Pipeline - INFO -   Best val accuracy: 0.5780
2025-07-25 22:01:21 - AutoML.Pipeline - WARNING - No HPO results for densenet121, skipping final training
2025-07-25 22:01:21 - AutoML.Pipeline - INFO - Best overall model: resnet18
2025-07-25 22:01:21 - AutoML.Pipeline - INFO - Best test accuracy: 0.5559
2025-07-25 22:01:21 - AutoML - INFO -  Final training completed in 50.56 minutes
2025-07-25 22:01:21 - AutoML.Pipeline - INFO - === Phase 5: Results Analysis ===
2025-07-25 22:01:21 - AutoML - INFO -  Starting: Results analysis
2025-07-25 22:01:21 - AutoML - INFO -  Results analysis completed in 0.00 seconds
2025-07-25 22:01:21 - AutoML.Pipeline - INFO - Results saved to results\automl_results_20250725_220121.json
2025-07-25 22:01:22 - AutoML.Pipeline - INFO - Best model saved to results\best_model_20250725_220121.pt
2025-07-25 22:01:22 - AutoML.Pipeline - INFO - AutoML Pipeline completed in 3.10 hours
