2025-07-28 00:38:01 - AutoML - INFO - === AutoML Pipeline Logging Initialized ===
2025-07-28 00:38:01 - AutoML - INFO - Log level: INFO, File: results\logs\automl.log
2025-07-28 00:38:01 - AutoML - INFO - Random seed set to 42 for reproducibility
2025-07-28 00:38:01 - AutoML - INFO -  Initializing AutoML Pipeline...
2025-07-28 00:38:01 - AutoML.DataManager - INFO - Initialized DataManager for skin_cancer dataset
2025-07-28 00:38:01 - AutoML.ModelFactory - INFO - ModelFactory initialized for skin_cancer: 7 classes, 3 channels, 450x450 images
2025-07-28 00:38:01 - AutoML.ModelFactory - INFO - Strategic models available: ['resnet18', 'resnet34', 'efficientnet_b0', 'efficientnet_b1', 'convnext_tiny', 'mobilenetv3_small_100', 'densenet121']
2025-07-28 00:38:01 - AutoML - INFO -  Using GPU: NVIDIA GeForce RTX 3060 Laptop GPU (6.4GB)
2025-07-28 00:38:01 - AutoML.Trainer - INFO - Trainer initialized - Device: cuda
2025-07-28 00:38:01 - AutoML.Trainer - INFO - Max epochs: 50, Min epochs: 5
2025-07-28 00:38:01 - AutoML.BudgetManager - INFO - BudgetManager initialized:
2025-07-28 00:38:01 - AutoML.BudgetManager - INFO -   Total budget: 24.0 hours
2025-07-28 00:38:01 - AutoML.BudgetManager - INFO -   Architecture search: 16.8 hours (70%)
2025-07-28 00:38:01 - AutoML.BudgetManager - INFO -   Final training: 4.8 hours (20%)
2025-07-28 00:38:01 - AutoML.BudgetManager - INFO -   Buffer: 2.4 hours (10%)
2025-07-28 00:38:01 - AutoML.ComparativeEarlyStopping - INFO - ComparativeEarlyStopping initialized with confidence=0.65
2025-07-28 00:38:01 - AutoML.ComparativeEarlyStopping - INFO - Decision weights: {'statistical_significance': 0.35, 'performance_gap': 0.25, 'learning_trend': 0.25, 'resource_efficiency': 0.15}
2025-07-28 00:38:01 - AutoML.MetaHPOSelector - INFO - MetaHPOSelector initialized - Base trials: 8, Quick mode: False
2025-07-28 00:38:01 - AutoML.Pipeline - INFO - === AutoML Pipeline Initialized ===
2025-07-28 00:38:01 - AutoML.Pipeline - INFO - Configuration: skin_cancer dataset
2025-07-28 00:38:01 - AutoML.Pipeline - INFO - Time budget: 24.0 hours
2025-07-28 00:38:01 - AutoML.Pipeline - INFO - Target: 7 classes
2025-07-28 00:38:01 - AutoML - INFO -  Starting AutoML execution...
2025-07-28 00:38:01 - AutoML.Pipeline - INFO - Starting AutoML Pipeline Execution
2025-07-28 00:38:01 - AutoML.Pipeline - INFO - === Phase 1: Dataset Analysis and Preparation ===
2025-07-28 00:38:01 - AutoML - INFO -  Starting: Dataset preparation
2025-07-28 00:38:01 - AutoML.DataManager - INFO - Setting up skin_cancer datasets...
2025-07-28 00:38:01 - AutoML - INFO -  Starting: skin_cancer dataset setup
2025-07-28 00:38:01 - AutoML.DatasetCharacteristics - INFO - Analyzing skin_cancer dataset characteristics...
2025-07-28 00:38:01 - AutoML - INFO -  Starting: skin_cancer dataset analysis
2025-07-28 00:38:02 - AutoML - INFO -  skin_cancer dataset analysis completed in 1.33 seconds
2025-07-28 00:38:02 - AutoML.DatasetCharacteristics - INFO - Dataset analysis complete: 1000 samples analyzed
2025-07-28 00:38:02 - AutoML.DatasetCharacteristics - INFO - Complexity score: 7.30/10
2025-07-28 00:39:22 - AutoML.DataManager - INFO - Created stratified split: 5608 train, 1402 validation
2025-07-28 00:39:22 - AutoML.DataManager - INFO - Data splits - Train: 5608, Val: 1402, Test: 3005
2025-07-28 00:39:22 - AutoML - INFO -  skin_cancer dataset setup completed in 1.35 minutes
2025-07-28 00:39:22 - AutoML.Pipeline - INFO - Dataset Analysis Complete:
2025-07-28 00:39:22 - AutoML.Pipeline - INFO -   Name: skin_cancer
2025-07-28 00:39:22 - AutoML.Pipeline - INFO -   Samples: 7,010
2025-07-28 00:39:22 - AutoML.Pipeline - INFO -   Classes: 7
2025-07-28 00:39:22 - AutoML.Pipeline - INFO -   Image size: 450x450x3
2025-07-28 00:39:22 - AutoML.Pipeline - INFO -   Complexity: 7.3/10
2025-07-28 00:39:22 - AutoML.Pipeline - INFO -   Memory per sample: 2.317 MB
2025-07-28 00:39:22 - AutoML - INFO -  Dataset preparation completed in 1.35 minutes
2025-07-28 00:39:22 - AutoML.Pipeline - INFO - === Phase 2: Architecture Selection and Budget Allocation ===
2025-07-28 00:39:22 - AutoML - INFO -  Starting: Architecture selection
2025-07-28 00:39:22 - AutoML.Pipeline - INFO - Selected architectures: ['resnet18', 'efficientnet_b0', 'mobilenetv3_small_100']
2025-07-28 00:39:22 - AutoML.ComparativeEarlyStopping - INFO - Registered architecture: resnet18
2025-07-28 00:39:22 - AutoML.ComparativeEarlyStopping - INFO - Registered architecture: efficientnet_b0
2025-07-28 00:39:22 - AutoML.ComparativeEarlyStopping - INFO - Registered architecture: mobilenetv3_small_100
2025-07-28 00:39:22 - AutoML.BudgetManager - INFO - Initial allocation: 5.60h and 4.3GB per architecture
2025-07-28 00:39:22 - AutoML.BudgetManager - INFO - Execution started with 3 architectures
2025-07-28 00:39:22 - AutoML.BudgetManager - INFO - Architecture queue: ['resnet18', 'efficientnet_b0', 'mobilenetv3_small_100']
2025-07-28 00:39:22 - AutoML - INFO -  Architecture selection completed in 0.01 seconds
2025-07-28 00:39:22 - AutoML.Pipeline - INFO - === Phase 3: Intelligent Architecture Search ===
2025-07-28 00:39:22 - AutoML - INFO -  Starting: Architecture search
2025-07-28 00:39:22 - AutoML.Pipeline - INFO - Creating data loaders...
2025-07-28 00:39:22 - AutoML.DataManager - INFO - Using recommended batch size: 4
2025-07-28 00:39:22 - AutoML.DataManager - INFO - Creating dataloaders - batch_size: 4, image_size: 450
2025-07-28 00:39:22 - AutoML.AugmentationFactory - INFO - Auto-selected augmentation strategy: heavy
2025-07-28 00:39:28 - AutoML.DataManager - INFO - Created stratified split: 5608 train, 1402 validation
2025-07-28 00:39:28 - AutoML.DataManager - INFO - DataLoaders created successfully
2025-07-28 00:39:28 - AutoML.Pipeline - INFO -   Train batches: 1402
2025-07-28 00:39:28 - AutoML.Pipeline - INFO -   Validation batches: 351
2025-07-28 00:39:28 - AutoML.Pipeline - INFO -   Test batches: 752
2025-07-28 00:39:28 - AutoML.Pipeline - INFO - Processing architecture: resnet18
2025-07-28 00:39:28 - AutoML.BudgetManager - INFO - Started training resnet18 with 5.60h budget
2025-07-28 00:39:28 - AutoML.Pipeline - INFO - Starting HPO for resnet18
2025-07-28 00:39:28 - AutoML.MetaHPOSelector - INFO - Selecting HPO method for resnet18
2025-07-28 00:39:28 - AutoML.MetaHPOSelector - INFO -   Dataset complexity: 7.3
2025-07-28 00:39:28 - AutoML.MetaHPOSelector - INFO -   Available time: 16.8 hours
2025-07-28 00:39:28 - AutoML.MetaHPOSelector - INFO -   Search space size: 100000
2025-07-28 00:39:28 - AutoML.MetaHPOSelector - INFO - Trial budget for resnet18: 8 trials
2025-07-28 00:39:28 - AutoML.MetaHPOSelector - INFO -   Arch complexity: 2.0, Dataset complexity: 7.3
2025-07-28 00:39:28 - AutoML.MetaHPOSelector - INFO -   Available time: 16.8h
2025-07-28 00:39:28 - AutoML.MetaHPOSelector - INFO - Selected bayesian_optimization for resnet18
2025-07-28 00:39:28 - AutoML.MetaHPOSelector - INFO -   Trials: 8
2025-07-28 00:39:28 - AutoML.MetaHPOSelector - INFO -   Timeout: 36284s
2025-07-28 00:39:28 - AutoML.MetaHPOSelector - INFO -  Starting HPO for resnet18 with 8 trials
2025-07-28 00:39:28 - AutoML.HPO.bayesian_optimization - INFO - Starting Bayesian Optimization for resnet18
2025-07-28 00:39:28 - AutoML.Trainer - INFO - Evaluating hyperparameters for resnet18: {'learning_rate': 5.6115164153345e-05, 'optimizer': 'sgd', 'weight_decay': 2.9380279387035334e-05, 'batch_size': 32, 'dropout_rate': 0.2803345035229627, 'pretrained': True, 'lr_scheduler': 'plateau', 'max_epochs': 32, 'momentum': 0.8318508666017415}
2025-07-28 00:39:28 - AutoML.ModelFactory - INFO - Creating resnet18 (pretrained=True, dropout=0.2803345035229627)
2025-07-28 00:39:28 - AutoML - INFO -  Starting: resnet18 creation
2025-07-28 00:39:28 - AutoML.ModelFactory - INFO - resnet18 created successfully:
2025-07-28 00:39:28 - AutoML.ModelFactory - INFO -   Parameters: 11,180,103
2025-07-28 00:39:28 - AutoML.ModelFactory - INFO -   Trainable: 11,180,103
2025-07-28 00:39:28 - AutoML.ModelFactory - INFO -   Model size: 42.65 MB
2025-07-28 00:39:28 - AutoML - INFO -  resnet18 creation completed in 0.37 seconds
2025-07-28 00:39:38 - AutoML.Trainer - INFO - Total classes in dataset: 7
2025-07-28 00:39:38 - AutoML.Trainer - INFO - Classes found in sample: 5
2025-07-28 00:39:38 - AutoML.Trainer - INFO - Sample size: 80 labels
2025-07-28 00:39:38 - AutoML.Trainer - INFO - Class distribution (sample): {0: 1, 1: 6, 2: 6, 4: 8, 5: 59}
2025-07-28 00:39:38 - AutoML.Trainer - INFO - Class weights tensor shape: torch.Size([7])
2025-07-28 00:39:38 - AutoML.Trainer - INFO - Sample class weights range: [0.2712, 16.0000]
2025-07-28 00:39:38 - AutoML.Trainer - INFO - Mean weight for missing classes: 4.7209
2025-07-28 00:46:41 - AutoML.Trainer - INFO - Epoch 5/32 - Train Acc: 0.6662, Val Acc: 0.6698, Val Loss: 1.6132, Time: 88.8s
2025-07-28 00:54:06 - AutoML.Trainer - INFO - Epoch 10/32 - Train Acc: 0.6402, Val Acc: 0.6641, Val Loss: 1.5467, Time: 88.8s
2025-07-28 01:01:30 - AutoML.ComparativeEarlyStopping - INFO - Early stopping evaluation for resnet18:
2025-07-28 01:01:30 - AutoML.ComparativeEarlyStopping - INFO -   Decision scores: {'statistical_significance': 0.0, 'performance_gap': 0.0, 'learning_trend': 0.5, 'resource_efficiency': 0.0}
2025-07-28 01:01:30 - AutoML.ComparativeEarlyStopping - INFO -   Final score: 0.125
2025-07-28 01:01:30 - AutoML.ComparativeEarlyStopping - INFO -   Decision: CONTINUE
2025-07-28 01:01:30 - AutoML.Trainer - INFO - Epoch 15/32 - Train Acc: 0.6095, Val Acc: 0.6398, Val Loss: 1.5034, Time: 89.0s
2025-07-28 01:02:59 - AutoML.ComparativeEarlyStopping - INFO - Early stopping evaluation for resnet18:
2025-07-28 01:02:59 - AutoML.ComparativeEarlyStopping - INFO -   Decision scores: {'statistical_significance': 0.0, 'performance_gap': 0.0, 'learning_trend': 0.5, 'resource_efficiency': 0.0}
2025-07-28 01:02:59 - AutoML.ComparativeEarlyStopping - INFO -   Final score: 0.125
2025-07-28 01:02:59 - AutoML.ComparativeEarlyStopping - INFO -   Decision: CONTINUE
2025-07-28 01:04:29 - AutoML.ComparativeEarlyStopping - INFO - Early stopping evaluation for resnet18:
2025-07-28 01:04:29 - AutoML.ComparativeEarlyStopping - INFO -   Decision scores: {'statistical_significance': 0.0, 'performance_gap': 0.0, 'learning_trend': 0.5, 'resource_efficiency': 0.0}
2025-07-28 01:04:29 - AutoML.ComparativeEarlyStopping - INFO -   Final score: 0.125
2025-07-28 01:04:29 - AutoML.ComparativeEarlyStopping - INFO -   Decision: CONTINUE
2025-07-28 01:05:58 - AutoML.ComparativeEarlyStopping - INFO - Early stopping evaluation for resnet18:
2025-07-28 01:05:58 - AutoML.ComparativeEarlyStopping - INFO -   Decision scores: {'statistical_significance': 0.0, 'performance_gap': 0.0, 'learning_trend': 0.5, 'resource_efficiency': 0.0}
2025-07-28 01:05:58 - AutoML.ComparativeEarlyStopping - INFO -   Final score: 0.125
2025-07-28 01:05:58 - AutoML.ComparativeEarlyStopping - INFO -   Decision: CONTINUE
2025-07-28 01:07:28 - AutoML.ComparativeEarlyStopping - INFO - Early stopping evaluation for resnet18:
2025-07-28 01:07:28 - AutoML.ComparativeEarlyStopping - INFO -   Decision scores: {'statistical_significance': 0.0, 'performance_gap': 0.0, 'learning_trend': 0.5, 'resource_efficiency': 0.0}
2025-07-28 01:07:28 - AutoML.ComparativeEarlyStopping - INFO -   Final score: 0.125
2025-07-28 01:07:28 - AutoML.ComparativeEarlyStopping - INFO -   Decision: CONTINUE
2025-07-28 01:08:57 - AutoML.ComparativeEarlyStopping - INFO - Early stopping evaluation for resnet18:
2025-07-28 01:08:57 - AutoML.ComparativeEarlyStopping - INFO -   Decision scores: {'statistical_significance': 0.0, 'performance_gap': 0.0, 'learning_trend': 0.5, 'resource_efficiency': 0.0}
2025-07-28 01:08:57 - AutoML.ComparativeEarlyStopping - INFO -   Final score: 0.125
2025-07-28 01:08:57 - AutoML.ComparativeEarlyStopping - INFO -   Decision: CONTINUE
2025-07-28 01:08:57 - AutoML.Trainer - INFO - Epoch 20/32 - Train Acc: 0.6084, Val Acc: 0.6348, Val Loss: 1.4665, Time: 89.5s
2025-07-28 01:11:04 - AutoML.ComparativeEarlyStopping - INFO - Early stopping evaluation for resnet18:
2025-07-28 01:11:04 - AutoML.ComparativeEarlyStopping - INFO -   Decision scores: {'statistical_significance': 0.0, 'performance_gap': 0.0, 'learning_trend': 0.0, 'resource_efficiency': 0.0}
2025-07-28 01:11:04 - AutoML.ComparativeEarlyStopping - INFO -   Final score: 0.000
2025-07-28 01:11:04 - AutoML.ComparativeEarlyStopping - INFO -   Decision: CONTINUE
2025-07-28 01:12:32 - AutoML.ComparativeEarlyStopping - INFO - Early stopping evaluation for resnet18:
2025-07-28 01:12:32 - AutoML.ComparativeEarlyStopping - INFO -   Decision scores: {'statistical_significance': 0.0, 'performance_gap': 0.0, 'learning_trend': 0.0, 'resource_efficiency': 0.0}
2025-07-28 01:12:32 - AutoML.ComparativeEarlyStopping - INFO -   Final score: 0.000
2025-07-28 01:12:32 - AutoML.ComparativeEarlyStopping - INFO -   Decision: CONTINUE
2025-07-28 01:14:03 - AutoML.ComparativeEarlyStopping - INFO - Early stopping evaluation for resnet18:
2025-07-28 01:14:03 - AutoML.ComparativeEarlyStopping - INFO -   Decision scores: {'statistical_significance': 0.0, 'performance_gap': 0.0, 'learning_trend': 0.5, 'resource_efficiency': 0.0}
2025-07-28 01:14:03 - AutoML.ComparativeEarlyStopping - INFO -   Final score: 0.125
2025-07-28 01:14:03 - AutoML.ComparativeEarlyStopping - INFO -   Decision: CONTINUE
2025-07-28 01:15:32 - AutoML.ComparativeEarlyStopping - INFO - Early stopping evaluation for resnet18:
2025-07-28 01:15:32 - AutoML.ComparativeEarlyStopping - INFO -   Decision scores: {'statistical_significance': 0.0, 'performance_gap': 0.0, 'learning_trend': 0.0, 'resource_efficiency': 0.0}
2025-07-28 01:15:32 - AutoML.ComparativeEarlyStopping - INFO -   Final score: 0.000
2025-07-28 01:15:32 - AutoML.ComparativeEarlyStopping - INFO -   Decision: CONTINUE
2025-07-28 01:17:01 - AutoML.ComparativeEarlyStopping - INFO - Early stopping evaluation for resnet18:
2025-07-28 01:17:01 - AutoML.ComparativeEarlyStopping - INFO -   Decision scores: {'statistical_significance': 0.0, 'performance_gap': 0.0, 'learning_trend': 0.0, 'resource_efficiency': 0.0}
2025-07-28 01:17:01 - AutoML.ComparativeEarlyStopping - INFO -   Final score: 0.000
2025-07-28 01:17:01 - AutoML.ComparativeEarlyStopping - INFO -   Decision: CONTINUE
2025-07-28 01:17:01 - AutoML.Trainer - INFO - Epoch 25/32 - Train Acc: 0.6088, Val Acc: 0.6362, Val Loss: 1.4299, Time: 89.0s
2025-07-28 01:18:31 - AutoML.ComparativeEarlyStopping - INFO - Early stopping evaluation for resnet18:
2025-07-28 01:18:31 - AutoML.ComparativeEarlyStopping - INFO -   Decision scores: {'statistical_significance': 0.0, 'performance_gap': 0.0, 'learning_trend': 0.3, 'resource_efficiency': 0.0}
2025-07-28 01:18:31 - AutoML.ComparativeEarlyStopping - INFO -   Final score: 0.075
2025-07-28 01:18:31 - AutoML.ComparativeEarlyStopping - INFO -   Decision: CONTINUE
2025-07-28 01:20:00 - AutoML.ComparativeEarlyStopping - INFO - Early stopping evaluation for resnet18:
2025-07-28 01:20:00 - AutoML.ComparativeEarlyStopping - INFO -   Decision scores: {'statistical_significance': 0.0, 'performance_gap': 0.0, 'learning_trend': 0.5, 'resource_efficiency': 0.0}
2025-07-28 01:20:00 - AutoML.ComparativeEarlyStopping - INFO -   Final score: 0.125
2025-07-28 01:20:00 - AutoML.ComparativeEarlyStopping - INFO -   Decision: CONTINUE
2025-07-28 01:21:29 - AutoML.ComparativeEarlyStopping - INFO - Early stopping evaluation for resnet18:
2025-07-28 01:21:29 - AutoML.ComparativeEarlyStopping - INFO -   Decision scores: {'statistical_significance': 0.0, 'performance_gap': 0.0, 'learning_trend': 0.0, 'resource_efficiency': 0.0}
2025-07-28 01:21:29 - AutoML.ComparativeEarlyStopping - INFO -   Final score: 0.000
2025-07-28 01:21:29 - AutoML.ComparativeEarlyStopping - INFO -   Decision: CONTINUE
2025-07-28 01:22:59 - AutoML.ComparativeEarlyStopping - INFO - Early stopping evaluation for resnet18:
2025-07-28 01:22:59 - AutoML.ComparativeEarlyStopping - INFO -   Decision scores: {'statistical_significance': 0.0, 'performance_gap': 0.0, 'learning_trend': 0.5, 'resource_efficiency': 0.0}
2025-07-28 01:22:59 - AutoML.ComparativeEarlyStopping - INFO -   Final score: 0.125
2025-07-28 01:22:59 - AutoML.ComparativeEarlyStopping - INFO -   Decision: CONTINUE
2025-07-28 01:24:31 - AutoML.ComparativeEarlyStopping - INFO - Early stopping evaluation for resnet18:
2025-07-28 01:24:31 - AutoML.ComparativeEarlyStopping - INFO -   Decision scores: {'statistical_significance': 0.0, 'performance_gap': 0.0, 'learning_trend': 0.5, 'resource_efficiency': 0.0}
2025-07-28 01:24:31 - AutoML.ComparativeEarlyStopping - INFO -   Final score: 0.125
2025-07-28 01:24:31 - AutoML.ComparativeEarlyStopping - INFO -   Decision: CONTINUE
2025-07-28 01:24:31 - AutoML.Trainer - INFO - Epoch 30/32 - Train Acc: 0.6034, Val Acc: 0.6412, Val Loss: 1.4266, Time: 91.2s
2025-07-28 01:26:00 - AutoML.ComparativeEarlyStopping - INFO - Early stopping evaluation for resnet18:
2025-07-28 01:26:00 - AutoML.ComparativeEarlyStopping - INFO -   Decision scores: {'statistical_significance': 0.0, 'performance_gap': 0.0, 'learning_trend': 0.5, 'resource_efficiency': 0.0}
2025-07-28 01:26:00 - AutoML.ComparativeEarlyStopping - INFO -   Final score: 0.125
2025-07-28 01:26:00 - AutoML.ComparativeEarlyStopping - INFO -   Decision: CONTINUE
2025-07-28 01:27:30 - AutoML.ComparativeEarlyStopping - INFO - Early stopping evaluation for resnet18:
2025-07-28 01:27:30 - AutoML.ComparativeEarlyStopping - INFO -   Decision scores: {'statistical_significance': 0.0, 'performance_gap': 0.0, 'learning_trend': 0.0, 'resource_efficiency': 0.0}
2025-07-28 01:27:30 - AutoML.ComparativeEarlyStopping - INFO -   Final score: 0.000
2025-07-28 01:27:30 - AutoML.ComparativeEarlyStopping - INFO -   Decision: CONTINUE
2025-07-28 01:27:30 - AutoML.Trainer - INFO - Epoch 32/32 - Train Acc: 0.6134, Val Acc: 0.6476, Val Loss: 1.4169, Time: 90.1s
2025-07-28 01:27:30 - AutoML.Trainer - INFO - Training completed for resnet18
2025-07-28 01:27:30 - AutoML.Trainer - INFO - Best validation accuracy: 0.6812
2025-07-28 01:27:30 - AutoML.Trainer - INFO - Total training time: 2872.2s
2025-07-28 01:27:30 - AutoML.Trainer - INFO - Average epoch time: 89.8s
2025-07-28 01:27:30 - AutoML.Trainer - INFO - Evaluating hyperparameters for resnet18: {'learning_rate': 2.3102018878452926e-05, 'optimizer': 'adam', 'weight_decay': 0.00019762189340280086, 'batch_size': 16, 'dropout_rate': 0.18764339456056545, 'pretrained': True, 'lr_scheduler': 'plateau', 'max_epochs': 19, 'momentum': 0.8771351657620418}
2025-07-28 01:27:30 - AutoML.ModelFactory - INFO - Creating resnet18 (pretrained=True, dropout=0.18764339456056545)
2025-07-28 01:27:30 - AutoML - INFO -  Starting: resnet18 creation
2025-07-28 01:27:31 - AutoML.ModelFactory - INFO - resnet18 created successfully:
2025-07-28 01:27:31 - AutoML.ModelFactory - INFO -   Parameters: 11,180,103
2025-07-28 01:27:31 - AutoML.ModelFactory - INFO -   Trainable: 11,180,103
2025-07-28 01:27:31 - AutoML.ModelFactory - INFO -   Model size: 42.65 MB
2025-07-28 01:27:31 - AutoML - INFO -  resnet18 creation completed in 0.38 seconds
2025-07-28 01:27:43 - AutoML.Trainer - INFO - Total classes in dataset: 7
2025-07-28 01:27:43 - AutoML.Trainer - INFO - Classes found in sample: 6
2025-07-28 01:27:43 - AutoML.Trainer - INFO - Sample size: 80 labels
2025-07-28 01:27:43 - AutoML.Trainer - INFO - Class distribution (sample): {0: 4, 1: 5, 2: 8, 4: 7, 5: 55, 6: 1}
2025-07-28 01:27:43 - AutoML.Trainer - INFO - Class weights tensor shape: torch.Size([7])
2025-07-28 01:27:43 - AutoML.Trainer - INFO - Sample class weights range: [0.2424, 13.3333]
2025-07-28 01:27:43 - AutoML.Trainer - INFO - Mean weight for missing classes: 3.8579
2025-07-28 01:35:18 - AutoML.ComparativeEarlyStopping - INFO - Early stopping evaluation for resnet18:
2025-07-28 01:35:18 - AutoML.ComparativeEarlyStopping - INFO -   Decision scores: {'statistical_significance': 0.0, 'performance_gap': 0.0, 'learning_trend': 0.5, 'resource_efficiency': 0.0}
2025-07-28 01:35:18 - AutoML.ComparativeEarlyStopping - INFO -   Final score: 0.125
2025-07-28 01:35:18 - AutoML.ComparativeEarlyStopping - INFO -   Decision: CONTINUE
2025-07-28 01:35:18 - AutoML.Trainer - INFO - Epoch 5/19 - Train Acc: 0.6414, Val Acc: 0.6862, Val Loss: 1.2579, Time: 90.8s
2025-07-28 01:36:50 - AutoML.ComparativeEarlyStopping - INFO - Early stopping evaluation for resnet18:
2025-07-28 01:36:50 - AutoML.ComparativeEarlyStopping - INFO -   Decision scores: {'statistical_significance': 0.0, 'performance_gap': 0.0, 'learning_trend': 0.5, 'resource_efficiency': 0.0}
2025-07-28 01:36:50 - AutoML.ComparativeEarlyStopping - INFO -   Final score: 0.125
2025-07-28 01:36:50 - AutoML.ComparativeEarlyStopping - INFO -   Decision: CONTINUE
2025-07-28 01:38:21 - AutoML.ComparativeEarlyStopping - INFO - Early stopping evaluation for resnet18:
2025-07-28 01:38:21 - AutoML.ComparativeEarlyStopping - INFO -   Decision scores: {'statistical_significance': 0.0, 'performance_gap': 0.0, 'learning_trend': 0.5, 'resource_efficiency': 0.0}
2025-07-28 01:38:21 - AutoML.ComparativeEarlyStopping - INFO -   Final score: 0.125
2025-07-28 01:38:21 - AutoML.ComparativeEarlyStopping - INFO -   Decision: CONTINUE
2025-07-28 01:39:52 - AutoML.ComparativeEarlyStopping - INFO - Early stopping evaluation for resnet18:
2025-07-28 01:39:52 - AutoML.ComparativeEarlyStopping - INFO -   Decision scores: {'statistical_significance': 0.0, 'performance_gap': 0.0, 'learning_trend': 0.5, 'resource_efficiency': 0.0}
2025-07-28 01:39:52 - AutoML.ComparativeEarlyStopping - INFO -   Final score: 0.125
2025-07-28 01:39:52 - AutoML.ComparativeEarlyStopping - INFO -   Decision: CONTINUE
2025-07-28 01:41:23 - AutoML.ComparativeEarlyStopping - INFO - Early stopping evaluation for resnet18:
2025-07-28 01:41:23 - AutoML.ComparativeEarlyStopping - INFO -   Decision scores: {'statistical_significance': 0.0, 'performance_gap': 0.0, 'learning_trend': 0.5, 'resource_efficiency': 0.0}
2025-07-28 01:41:23 - AutoML.ComparativeEarlyStopping - INFO -   Final score: 0.125
2025-07-28 01:41:23 - AutoML.ComparativeEarlyStopping - INFO -   Decision: CONTINUE
2025-07-28 01:42:55 - AutoML.ComparativeEarlyStopping - INFO - Early stopping evaluation for resnet18:
2025-07-28 01:42:55 - AutoML.ComparativeEarlyStopping - INFO -   Decision scores: {'statistical_significance': 0.0, 'performance_gap': 0.0, 'learning_trend': 0.0, 'resource_efficiency': 0.0}
2025-07-28 01:42:55 - AutoML.ComparativeEarlyStopping - INFO -   Final score: 0.000
2025-07-28 01:42:55 - AutoML.ComparativeEarlyStopping - INFO -   Decision: CONTINUE
2025-07-28 01:42:55 - AutoML.Trainer - INFO - Epoch 10/19 - Train Acc: 0.6660, Val Acc: 0.7104, Val Loss: 1.0903, Time: 91.6s
2025-07-28 01:44:57 - AutoML.ComparativeEarlyStopping - INFO - Early stopping evaluation for resnet18:
2025-07-28 01:44:57 - AutoML.ComparativeEarlyStopping - INFO -   Decision scores: {'statistical_significance': 0.0, 'performance_gap': 0.0, 'learning_trend': 0.0, 'resource_efficiency': 0.0}
2025-07-28 01:44:57 - AutoML.ComparativeEarlyStopping - INFO -   Final score: 0.000
2025-07-28 01:44:57 - AutoML.ComparativeEarlyStopping - INFO -   Decision: CONTINUE
2025-07-28 01:46:27 - AutoML.ComparativeEarlyStopping - INFO - Early stopping evaluation for resnet18:
2025-07-28 01:46:27 - AutoML.ComparativeEarlyStopping - INFO -   Decision scores: {'statistical_significance': 0.0, 'performance_gap': 0.0, 'learning_trend': 0.0, 'resource_efficiency': 0.0}
2025-07-28 01:46:27 - AutoML.ComparativeEarlyStopping - INFO -   Final score: 0.000
2025-07-28 01:46:27 - AutoML.ComparativeEarlyStopping - INFO -   Decision: CONTINUE
2025-07-28 01:47:57 - AutoML.ComparativeEarlyStopping - INFO - Early stopping evaluation for resnet18:
2025-07-28 01:47:57 - AutoML.ComparativeEarlyStopping - INFO -   Decision scores: {'statistical_significance': 0.0, 'performance_gap': 0.0, 'learning_trend': 0.0, 'resource_efficiency': 0.0}
2025-07-28 01:47:57 - AutoML.ComparativeEarlyStopping - INFO -   Final score: 0.000
2025-07-28 01:47:57 - AutoML.ComparativeEarlyStopping - INFO -   Decision: CONTINUE
2025-07-28 01:49:29 - AutoML.ComparativeEarlyStopping - INFO - Early stopping evaluation for resnet18:
2025-07-28 01:49:29 - AutoML.ComparativeEarlyStopping - INFO -   Decision scores: {'statistical_significance': 0.0, 'performance_gap': 0.0, 'learning_trend': 0.0, 'resource_efficiency': 0.0}
2025-07-28 01:49:29 - AutoML.ComparativeEarlyStopping - INFO -   Final score: 0.000
2025-07-28 01:49:29 - AutoML.ComparativeEarlyStopping - INFO -   Decision: CONTINUE
2025-07-28 01:51:01 - AutoML.ComparativeEarlyStopping - INFO - Early stopping evaluation for resnet18:
2025-07-28 01:51:01 - AutoML.ComparativeEarlyStopping - INFO -   Decision scores: {'statistical_significance': 0.0, 'performance_gap': 0.0, 'learning_trend': 0.0, 'resource_efficiency': 0.0}
2025-07-28 01:51:01 - AutoML.ComparativeEarlyStopping - INFO -   Final score: 0.000
2025-07-28 01:51:01 - AutoML.ComparativeEarlyStopping - INFO -   Decision: CONTINUE
2025-07-28 01:51:01 - AutoML.Trainer - INFO - Epoch 15/19 - Train Acc: 0.6869, Val Acc: 0.7040, Val Loss: 0.9888, Time: 91.6s
2025-07-28 01:52:32 - AutoML.ComparativeEarlyStopping - INFO - Early stopping evaluation for resnet18:
2025-07-28 01:52:32 - AutoML.ComparativeEarlyStopping - INFO -   Decision scores: {'statistical_significance': 0.0, 'performance_gap': 0.0, 'learning_trend': 0.0, 'resource_efficiency': 0.0}
2025-07-28 01:52:32 - AutoML.ComparativeEarlyStopping - INFO -   Final score: 0.000
2025-07-28 01:52:32 - AutoML.ComparativeEarlyStopping - INFO -   Decision: CONTINUE
2025-07-28 01:54:03 - AutoML.ComparativeEarlyStopping - INFO - Early stopping evaluation for resnet18:
2025-07-28 01:54:03 - AutoML.ComparativeEarlyStopping - INFO -   Decision scores: {'statistical_significance': 0.0, 'performance_gap': 0.0, 'learning_trend': 0.0, 'resource_efficiency': 0.0}
2025-07-28 01:54:03 - AutoML.ComparativeEarlyStopping - INFO -   Final score: 0.000
2025-07-28 01:54:03 - AutoML.ComparativeEarlyStopping - INFO -   Decision: CONTINUE
2025-07-28 01:55:35 - AutoML.ComparativeEarlyStopping - INFO - Early stopping evaluation for resnet18:
2025-07-28 01:55:35 - AutoML.ComparativeEarlyStopping - INFO -   Decision scores: {'statistical_significance': 0.0, 'performance_gap': 0.0, 'learning_trend': 0.0, 'resource_efficiency': 0.0}
2025-07-28 01:55:35 - AutoML.ComparativeEarlyStopping - INFO -   Final score: 0.000
2025-07-28 01:55:35 - AutoML.ComparativeEarlyStopping - INFO -   Decision: CONTINUE
2025-07-28 01:57:06 - AutoML.ComparativeEarlyStopping - INFO - Early stopping evaluation for resnet18:
2025-07-28 01:57:06 - AutoML.ComparativeEarlyStopping - INFO -   Decision scores: {'statistical_significance': 0.0, 'performance_gap': 0.0, 'learning_trend': 0.0, 'resource_efficiency': 0.0}
2025-07-28 01:57:06 - AutoML.ComparativeEarlyStopping - INFO -   Final score: 0.000
2025-07-28 01:57:06 - AutoML.ComparativeEarlyStopping - INFO -   Decision: CONTINUE
2025-07-28 01:57:06 - AutoML.Trainer - INFO - Epoch 19/19 - Train Acc: 0.6967, Val Acc: 0.7325, Val Loss: 0.9915, Time: 91.1s
2025-07-28 01:57:06 - AutoML.Trainer - INFO - Training completed for resnet18
2025-07-28 01:57:06 - AutoML.Trainer - INFO - Best validation accuracy: 0.7432
2025-07-28 01:57:06 - AutoML.Trainer - INFO - Total training time: 1763.1s
2025-07-28 01:57:06 - AutoML.Trainer - INFO - Average epoch time: 92.8s
2025-07-28 01:57:06 - AutoML.Trainer - INFO - Evaluating hyperparameters for resnet18: {'learning_rate': 0.00015304852121831474, 'optimizer': 'adamw', 'weight_decay': 1.5673095467235405e-05, 'batch_size': 16, 'dropout_rate': 0.19138413075201122, 'pretrained': True, 'lr_scheduler': 'step', 'max_epochs': 17, 'momentum': 0.8742765365166906}
2025-07-28 01:57:06 - AutoML.ModelFactory - INFO - Creating resnet18 (pretrained=True, dropout=0.19138413075201122)
2025-07-28 01:57:06 - AutoML - INFO -  Starting: resnet18 creation
2025-07-28 01:57:06 - AutoML.ModelFactory - INFO - resnet18 created successfully:
2025-07-28 01:57:06 - AutoML.ModelFactory - INFO -   Parameters: 11,180,103
2025-07-28 01:57:06 - AutoML.ModelFactory - INFO -   Trainable: 11,180,103
2025-07-28 01:57:06 - AutoML.ModelFactory - INFO -   Model size: 42.65 MB
2025-07-28 01:57:06 - AutoML - INFO -  resnet18 creation completed in 0.33 seconds
2025-07-28 01:57:18 - AutoML.Trainer - INFO - Total classes in dataset: 7
2025-07-28 01:57:18 - AutoML.Trainer - INFO - Classes found in sample: 6
2025-07-28 01:57:18 - AutoML.Trainer - INFO - Sample size: 80 labels
2025-07-28 01:57:18 - AutoML.Trainer - INFO - Class distribution (sample): {0: 1, 1: 3, 2: 17, 3: 1, 4: 6, 5: 52}
2025-07-28 01:57:18 - AutoML.Trainer - INFO - Class weights tensor shape: torch.Size([7])
2025-07-28 01:57:18 - AutoML.Trainer - INFO - Sample class weights range: [0.2564, 13.3333]
2025-07-28 01:57:18 - AutoML.Trainer - INFO - Mean weight for missing classes: 5.7290
2025-07-28 02:04:52 - AutoML.ComparativeEarlyStopping - INFO - Early stopping evaluation for resnet18:
2025-07-28 02:04:52 - AutoML.ComparativeEarlyStopping - INFO -   Decision scores: {'statistical_significance': 0.0, 'performance_gap': 0.0, 'learning_trend': 0.0, 'resource_efficiency': 0.0}
2025-07-28 02:04:52 - AutoML.ComparativeEarlyStopping - INFO -   Final score: 0.000
2025-07-28 02:04:52 - AutoML.ComparativeEarlyStopping - INFO -   Decision: CONTINUE
2025-07-28 02:04:52 - AutoML.Trainer - INFO - Epoch 5/17 - Train Acc: 0.6528, Val Acc: 0.6626, Val Loss: 1.0784, Time: 91.7s
2025-07-28 02:06:23 - AutoML.ComparativeEarlyStopping - INFO - Early stopping evaluation for resnet18:
2025-07-28 02:06:23 - AutoML.ComparativeEarlyStopping - INFO -   Decision scores: {'statistical_significance': 0.0, 'performance_gap': 0.0, 'learning_trend': 0.0, 'resource_efficiency': 0.0}
2025-07-28 02:06:23 - AutoML.ComparativeEarlyStopping - INFO -   Final score: 0.000
2025-07-28 02:06:23 - AutoML.ComparativeEarlyStopping - INFO -   Decision: CONTINUE
2025-07-28 02:07:52 - AutoML.ComparativeEarlyStopping - INFO - Early stopping evaluation for resnet18:
2025-07-28 02:07:52 - AutoML.ComparativeEarlyStopping - INFO -   Decision scores: {'statistical_significance': 0.0, 'performance_gap': 0.0, 'learning_trend': 0.0, 'resource_efficiency': 0.0}
2025-07-28 02:07:52 - AutoML.ComparativeEarlyStopping - INFO -   Final score: 0.000
2025-07-28 02:07:52 - AutoML.ComparativeEarlyStopping - INFO -   Decision: CONTINUE
2025-07-28 02:09:21 - AutoML.ComparativeEarlyStopping - INFO - Early stopping evaluation for resnet18:
2025-07-28 02:09:21 - AutoML.ComparativeEarlyStopping - INFO -   Decision scores: {'statistical_significance': 0.0, 'performance_gap': 0.0, 'learning_trend': 0.0, 'resource_efficiency': 0.0}
2025-07-28 02:09:21 - AutoML.ComparativeEarlyStopping - INFO -   Final score: 0.000
2025-07-28 02:09:21 - AutoML.ComparativeEarlyStopping - INFO -   Decision: CONTINUE
2025-07-28 02:11:14 - AutoML.ComparativeEarlyStopping - INFO - Early stopping evaluation for resnet18:
2025-07-28 02:11:14 - AutoML.ComparativeEarlyStopping - INFO -   Decision scores: {'statistical_significance': 0.0, 'performance_gap': 0.0, 'learning_trend': 0.0, 'resource_efficiency': 0.0}
2025-07-28 02:11:14 - AutoML.ComparativeEarlyStopping - INFO -   Final score: 0.000
2025-07-28 02:11:14 - AutoML.ComparativeEarlyStopping - INFO -   Decision: CONTINUE
2025-07-28 02:12:57 - AutoML.ComparativeEarlyStopping - INFO - Early stopping evaluation for resnet18:
2025-07-28 02:12:57 - AutoML.ComparativeEarlyStopping - INFO -   Decision scores: {'statistical_significance': 0.0, 'performance_gap': 0.0, 'learning_trend': 0.0, 'resource_efficiency': 0.0}
2025-07-28 02:12:57 - AutoML.ComparativeEarlyStopping - INFO -   Final score: 0.000
2025-07-28 02:12:57 - AutoML.ComparativeEarlyStopping - INFO -   Decision: CONTINUE
2025-07-28 02:12:57 - AutoML.Trainer - INFO - Epoch 10/17 - Train Acc: 0.6928, Val Acc: 0.7454, Val Loss: 0.9400, Time: 103.3s
2025-07-28 02:14:27 - AutoML.ComparativeEarlyStopping - INFO - Early stopping evaluation for resnet18:
2025-07-28 02:14:27 - AutoML.ComparativeEarlyStopping - INFO -   Decision scores: {'statistical_significance': 0.0, 'performance_gap': 0.0, 'learning_trend': 0.0, 'resource_efficiency': 0.0}
2025-07-28 02:14:27 - AutoML.ComparativeEarlyStopping - INFO -   Final score: 0.000
2025-07-28 02:14:27 - AutoML.ComparativeEarlyStopping - INFO -   Decision: CONTINUE
2025-07-28 02:15:57 - AutoML.ComparativeEarlyStopping - INFO - Early stopping evaluation for resnet18:
2025-07-28 02:15:57 - AutoML.ComparativeEarlyStopping - INFO -   Decision scores: {'statistical_significance': 0.0, 'performance_gap': 0.0, 'learning_trend': 0.0, 'resource_efficiency': 0.0}
2025-07-28 02:15:57 - AutoML.ComparativeEarlyStopping - INFO -   Final score: 0.000
2025-07-28 02:15:57 - AutoML.ComparativeEarlyStopping - INFO -   Decision: CONTINUE
2025-07-28 02:17:28 - AutoML.ComparativeEarlyStopping - INFO - Early stopping evaluation for resnet18:
2025-07-28 02:17:28 - AutoML.ComparativeEarlyStopping - INFO -   Decision scores: {'statistical_significance': 0.0, 'performance_gap': 0.0, 'learning_trend': 0.0, 'resource_efficiency': 0.0}
2025-07-28 02:17:28 - AutoML.ComparativeEarlyStopping - INFO -   Final score: 0.000
2025-07-28 02:17:28 - AutoML.ComparativeEarlyStopping - INFO -   Decision: CONTINUE
2025-07-28 02:19:01 - AutoML.ComparativeEarlyStopping - INFO - Early stopping evaluation for resnet18:
2025-07-28 02:19:01 - AutoML.ComparativeEarlyStopping - INFO -   Decision scores: {'statistical_significance': 0.0, 'performance_gap': 0.0, 'learning_trend': 0.0, 'resource_efficiency': 0.0}
2025-07-28 02:19:01 - AutoML.ComparativeEarlyStopping - INFO -   Final score: 0.000
2025-07-28 02:19:01 - AutoML.ComparativeEarlyStopping - INFO -   Decision: CONTINUE
2025-07-28 02:20:34 - AutoML.ComparativeEarlyStopping - INFO - Early stopping evaluation for resnet18:
2025-07-28 02:20:34 - AutoML.ComparativeEarlyStopping - INFO -   Decision scores: {'statistical_significance': 0.0, 'performance_gap': 0.0, 'learning_trend': 0.0, 'resource_efficiency': 0.0}
2025-07-28 02:20:34 - AutoML.ComparativeEarlyStopping - INFO -   Final score: 0.000
2025-07-28 02:20:34 - AutoML.ComparativeEarlyStopping - INFO -   Decision: CONTINUE
2025-07-28 02:20:34 - AutoML.Trainer - INFO - Epoch 15/17 - Train Acc: 0.7117, Val Acc: 0.7318, Val Loss: 0.9150, Time: 92.6s
2025-07-28 02:22:06 - AutoML.ComparativeEarlyStopping - INFO - Early stopping evaluation for resnet18:
2025-07-28 02:22:06 - AutoML.ComparativeEarlyStopping - INFO -   Decision scores: {'statistical_significance': 0.0, 'performance_gap': 0.0, 'learning_trend': 0.0, 'resource_efficiency': 0.0}
2025-07-28 02:22:06 - AutoML.ComparativeEarlyStopping - INFO -   Final score: 0.000
2025-07-28 02:22:06 - AutoML.ComparativeEarlyStopping - INFO -   Decision: CONTINUE
2025-07-28 02:23:39 - AutoML.ComparativeEarlyStopping - INFO - Early stopping evaluation for resnet18:
2025-07-28 02:23:39 - AutoML.ComparativeEarlyStopping - INFO -   Decision scores: {'statistical_significance': 0.0, 'performance_gap': 0.0, 'learning_trend': 0.0, 'resource_efficiency': 0.0}
2025-07-28 02:23:39 - AutoML.ComparativeEarlyStopping - INFO -   Final score: 0.000
2025-07-28 02:23:39 - AutoML.ComparativeEarlyStopping - INFO -   Decision: CONTINUE
2025-07-28 02:23:39 - AutoML.Trainer - INFO - Epoch 17/17 - Train Acc: 0.7077, Val Acc: 0.7368, Val Loss: 0.8923, Time: 93.2s
2025-07-28 02:23:39 - AutoML.Trainer - INFO - Training completed for resnet18
2025-07-28 02:23:39 - AutoML.Trainer - INFO - Best validation accuracy: 0.7454
2025-07-28 02:23:39 - AutoML.Trainer - INFO - Total training time: 1581.0s
2025-07-28 02:23:39 - AutoML.Trainer - INFO - Average epoch time: 93.0s
2025-07-28 02:23:39 - AutoML.Trainer - INFO - Evaluating hyperparameters for resnet18: {'learning_rate': 1.1715937392307055e-05, 'optimizer': 'sgd', 'weight_decay': 8.612579192594876e-05, 'batch_size': 16, 'dropout_rate': 0.39087538832936763, 'pretrained': True, 'lr_scheduler': 'step', 'max_epochs': 27, 'momentum': 0.9382811352534675}
2025-07-28 02:23:39 - AutoML.ModelFactory - INFO - Creating resnet18 (pretrained=True, dropout=0.39087538832936763)
2025-07-28 02:23:39 - AutoML - INFO -  Starting: resnet18 creation
2025-07-28 02:23:39 - AutoML.ModelFactory - INFO - resnet18 created successfully:
2025-07-28 02:23:39 - AutoML.ModelFactory - INFO -   Parameters: 11,180,103
2025-07-28 02:23:39 - AutoML.ModelFactory - INFO -   Trainable: 11,180,103
2025-07-28 02:23:39 - AutoML.ModelFactory - INFO -   Model size: 42.65 MB
2025-07-28 02:23:39 - AutoML - INFO -  resnet18 creation completed in 0.36 seconds
2025-07-28 02:23:51 - AutoML.Trainer - INFO - Total classes in dataset: 7
2025-07-28 02:23:51 - AutoML.Trainer - INFO - Classes found in sample: 6
2025-07-28 02:23:51 - AutoML.Trainer - INFO - Sample size: 80 labels
2025-07-28 02:23:51 - AutoML.Trainer - INFO - Class distribution (sample): {0: 2, 1: 4, 2: 11, 4: 9, 5: 52, 6: 2}
2025-07-28 02:23:51 - AutoML.Trainer - INFO - Class weights tensor shape: torch.Size([7])
2025-07-28 02:23:51 - AutoML.Trainer - INFO - Sample class weights range: [0.2564, 6.6667]
2025-07-28 02:23:51 - AutoML.Trainer - INFO - Mean weight for missing classes: 3.2694
2025-07-28 02:31:19 - AutoML.ComparativeEarlyStopping - INFO - Early stopping evaluation for resnet18:
2025-07-28 02:31:19 - AutoML.ComparativeEarlyStopping - INFO -   Decision scores: {'statistical_significance': 0.0, 'performance_gap': 0.0, 'learning_trend': 0.4, 'resource_efficiency': 0.0}
2025-07-28 02:31:19 - AutoML.ComparativeEarlyStopping - INFO -   Final score: 0.100
2025-07-28 02:31:19 - AutoML.ComparativeEarlyStopping - INFO -   Decision: CONTINUE
2025-07-28 02:31:19 - AutoML.Trainer - INFO - Epoch 5/27 - Train Acc: 0.6694, Val Acc: 0.6690, Val Loss: 1.5871, Time: 88.8s
2025-07-28 02:32:56 - AutoML.ComparativeEarlyStopping - INFO - Early stopping evaluation for resnet18:
2025-07-28 02:32:56 - AutoML.ComparativeEarlyStopping - INFO -   Decision scores: {'statistical_significance': 0.0, 'performance_gap': 0.0, 'learning_trend': 0.4, 'resource_efficiency': 0.0}
2025-07-28 02:32:56 - AutoML.ComparativeEarlyStopping - INFO -   Final score: 0.100
2025-07-28 02:32:56 - AutoML.ComparativeEarlyStopping - INFO -   Decision: CONTINUE
2025-07-28 02:34:24 - AutoML.ComparativeEarlyStopping - INFO - Early stopping evaluation for resnet18:
2025-07-28 02:34:24 - AutoML.ComparativeEarlyStopping - INFO -   Decision scores: {'statistical_significance': 0.0, 'performance_gap': 0.0, 'learning_trend': 0.0, 'resource_efficiency': 0.0}
2025-07-28 02:34:24 - AutoML.ComparativeEarlyStopping - INFO -   Final score: 0.000
2025-07-28 02:34:24 - AutoML.ComparativeEarlyStopping - INFO -   Decision: CONTINUE
2025-07-28 02:35:54 - AutoML.ComparativeEarlyStopping - INFO - Early stopping evaluation for resnet18:
2025-07-28 02:35:54 - AutoML.ComparativeEarlyStopping - INFO -   Decision scores: {'statistical_significance': 0.0, 'performance_gap': 0.0, 'learning_trend': 0.0, 'resource_efficiency': 0.0}
2025-07-28 02:35:54 - AutoML.ComparativeEarlyStopping - INFO -   Final score: 0.000
2025-07-28 02:35:54 - AutoML.ComparativeEarlyStopping - INFO -   Decision: CONTINUE
2025-07-28 02:37:23 - AutoML.ComparativeEarlyStopping - INFO - Early stopping evaluation for resnet18:
2025-07-28 02:37:23 - AutoML.ComparativeEarlyStopping - INFO -   Decision scores: {'statistical_significance': 0.0, 'performance_gap': 0.0, 'learning_trend': 0.0, 'resource_efficiency': 0.0}
2025-07-28 02:37:23 - AutoML.ComparativeEarlyStopping - INFO -   Final score: 0.000
2025-07-28 02:37:23 - AutoML.ComparativeEarlyStopping - INFO -   Decision: CONTINUE
2025-07-28 02:38:52 - AutoML.ComparativeEarlyStopping - INFO - Early stopping evaluation for resnet18:
2025-07-28 02:38:52 - AutoML.ComparativeEarlyStopping - INFO -   Decision scores: {'statistical_significance': 0.0, 'performance_gap': 0.0, 'learning_trend': 0.0, 'resource_efficiency': 0.0}
2025-07-28 02:38:52 - AutoML.ComparativeEarlyStopping - INFO -   Final score: 0.000
2025-07-28 02:38:52 - AutoML.ComparativeEarlyStopping - INFO -   Decision: CONTINUE
2025-07-28 02:38:52 - AutoML.Trainer - INFO - Epoch 10/27 - Train Acc: 0.6575, Val Acc: 0.6698, Val Loss: 1.5263, Time: 89.6s
2025-07-28 02:40:22 - AutoML.ComparativeEarlyStopping - INFO - Early stopping evaluation for resnet18:
2025-07-28 02:40:22 - AutoML.ComparativeEarlyStopping - INFO -   Decision scores: {'statistical_significance': 0.0, 'performance_gap': 0.0, 'learning_trend': 0.0, 'resource_efficiency': 0.0}
2025-07-28 02:40:22 - AutoML.ComparativeEarlyStopping - INFO -   Final score: 0.000
2025-07-28 02:40:22 - AutoML.ComparativeEarlyStopping - INFO -   Decision: CONTINUE
2025-07-28 02:41:51 - AutoML.ComparativeEarlyStopping - INFO - Early stopping evaluation for resnet18:
2025-07-28 02:41:51 - AutoML.ComparativeEarlyStopping - INFO -   Decision scores: {'statistical_significance': 0.0, 'performance_gap': 0.0, 'learning_trend': 0.0, 'resource_efficiency': 0.0}
2025-07-28 02:41:51 - AutoML.ComparativeEarlyStopping - INFO -   Final score: 0.000
2025-07-28 02:41:51 - AutoML.ComparativeEarlyStopping - INFO -   Decision: CONTINUE
2025-07-28 02:43:21 - AutoML.ComparativeEarlyStopping - INFO - Early stopping evaluation for resnet18:
2025-07-28 02:43:21 - AutoML.ComparativeEarlyStopping - INFO -   Decision scores: {'statistical_significance': 0.0, 'performance_gap': 0.0, 'learning_trend': 0.0, 'resource_efficiency': 0.0}
2025-07-28 02:43:21 - AutoML.ComparativeEarlyStopping - INFO -   Final score: 0.000
2025-07-28 02:43:21 - AutoML.ComparativeEarlyStopping - INFO -   Decision: CONTINUE
2025-07-28 02:44:50 - AutoML.ComparativeEarlyStopping - INFO - Early stopping evaluation for resnet18:
2025-07-28 02:44:50 - AutoML.ComparativeEarlyStopping - INFO -   Decision scores: {'statistical_significance': 0.0, 'performance_gap': 0.0, 'learning_trend': 0.0, 'resource_efficiency': 0.0}
2025-07-28 02:44:50 - AutoML.ComparativeEarlyStopping - INFO -   Final score: 0.000
2025-07-28 02:44:50 - AutoML.ComparativeEarlyStopping - INFO -   Decision: CONTINUE
2025-07-28 02:46:20 - AutoML.ComparativeEarlyStopping - INFO - Early stopping evaluation for resnet18:
2025-07-28 02:46:20 - AutoML.ComparativeEarlyStopping - INFO -   Decision scores: {'statistical_significance': 0.0, 'performance_gap': 0.0, 'learning_trend': 0.0, 'resource_efficiency': 0.0}
2025-07-28 02:46:20 - AutoML.ComparativeEarlyStopping - INFO -   Final score: 0.000
2025-07-28 02:46:20 - AutoML.ComparativeEarlyStopping - INFO -   Decision: CONTINUE
2025-07-28 02:46:20 - AutoML.Trainer - INFO - Epoch 15/27 - Train Acc: 0.6562, Val Acc: 0.6719, Val Loss: 1.5174, Time: 89.4s
2025-07-28 02:47:49 - AutoML.ComparativeEarlyStopping - INFO - Early stopping evaluation for resnet18:
2025-07-28 02:47:49 - AutoML.ComparativeEarlyStopping - INFO -   Decision scores: {'statistical_significance': 0.0, 'performance_gap': 0.0, 'learning_trend': 0.0, 'resource_efficiency': 0.0}
2025-07-28 02:47:49 - AutoML.ComparativeEarlyStopping - INFO -   Final score: 0.000
2025-07-28 02:47:49 - AutoML.ComparativeEarlyStopping - INFO -   Decision: CONTINUE
2025-07-28 02:49:19 - AutoML.ComparativeEarlyStopping - INFO - Early stopping evaluation for resnet18:
2025-07-28 02:49:19 - AutoML.ComparativeEarlyStopping - INFO -   Decision scores: {'statistical_significance': 0.0, 'performance_gap': 0.0, 'learning_trend': 0.3, 'resource_efficiency': 0.0}
2025-07-28 02:49:19 - AutoML.ComparativeEarlyStopping - INFO -   Final score: 0.075
2025-07-28 02:49:19 - AutoML.ComparativeEarlyStopping - INFO -   Decision: CONTINUE
2025-07-28 02:50:50 - AutoML.ComparativeEarlyStopping - INFO - Early stopping evaluation for resnet18:
2025-07-28 02:50:50 - AutoML.ComparativeEarlyStopping - INFO -   Decision scores: {'statistical_significance': 0.0, 'performance_gap': 0.0, 'learning_trend': 0.3, 'resource_efficiency': 0.0}
2025-07-28 02:50:50 - AutoML.ComparativeEarlyStopping - INFO -   Final score: 0.075
2025-07-28 02:50:50 - AutoML.ComparativeEarlyStopping - INFO -   Decision: CONTINUE
2025-07-28 02:52:19 - AutoML.ComparativeEarlyStopping - INFO - Early stopping evaluation for resnet18:
2025-07-28 02:52:19 - AutoML.ComparativeEarlyStopping - INFO -   Decision scores: {'statistical_significance': 0.0, 'performance_gap': 0.0, 'learning_trend': 0.3, 'resource_efficiency': 0.0}
2025-07-28 02:52:19 - AutoML.ComparativeEarlyStopping - INFO -   Final score: 0.075
2025-07-28 02:52:19 - AutoML.ComparativeEarlyStopping - INFO -   Decision: CONTINUE
2025-07-28 02:53:48 - AutoML.ComparativeEarlyStopping - INFO - Early stopping evaluation for resnet18:
2025-07-28 02:53:48 - AutoML.ComparativeEarlyStopping - INFO -   Decision scores: {'statistical_significance': 0.0, 'performance_gap': 0.0, 'learning_trend': 0.5, 'resource_efficiency': 0.0}
2025-07-28 02:53:48 - AutoML.ComparativeEarlyStopping - INFO -   Final score: 0.125
2025-07-28 02:53:48 - AutoML.ComparativeEarlyStopping - INFO -   Decision: CONTINUE
2025-07-28 02:53:48 - AutoML.Trainer - INFO - Epoch 20/27 - Train Acc: 0.6560, Val Acc: 0.6819, Val Loss: 1.5145, Time: 89.0s
2025-07-28 02:55:17 - AutoML.ComparativeEarlyStopping - INFO - Early stopping evaluation for resnet18:
2025-07-28 02:55:17 - AutoML.ComparativeEarlyStopping - INFO -   Decision scores: {'statistical_significance': 0.0, 'performance_gap': 0.0, 'learning_trend': 0.0, 'resource_efficiency': 0.0}
2025-07-28 02:55:17 - AutoML.ComparativeEarlyStopping - INFO -   Final score: 0.000
2025-07-28 02:55:17 - AutoML.ComparativeEarlyStopping - INFO -   Decision: CONTINUE
2025-07-28 02:56:47 - AutoML.ComparativeEarlyStopping - INFO - Early stopping evaluation for resnet18:
2025-07-28 02:56:47 - AutoML.ComparativeEarlyStopping - INFO -   Decision scores: {'statistical_significance': 0.0, 'performance_gap': 0.0, 'learning_trend': 0.0, 'resource_efficiency': 0.0}
2025-07-28 02:56:47 - AutoML.ComparativeEarlyStopping - INFO -   Final score: 0.000
2025-07-28 02:56:47 - AutoML.ComparativeEarlyStopping - INFO -   Decision: CONTINUE
2025-07-28 02:58:16 - AutoML.ComparativeEarlyStopping - INFO - Early stopping evaluation for resnet18:
2025-07-28 02:58:16 - AutoML.ComparativeEarlyStopping - INFO -   Decision scores: {'statistical_significance': 0.0, 'performance_gap': 0.0, 'learning_trend': 0.0, 'resource_efficiency': 0.0}
2025-07-28 02:58:16 - AutoML.ComparativeEarlyStopping - INFO -   Final score: 0.000
2025-07-28 02:58:16 - AutoML.ComparativeEarlyStopping - INFO -   Decision: CONTINUE
2025-07-28 02:59:45 - AutoML.ComparativeEarlyStopping - INFO - Early stopping evaluation for resnet18:
2025-07-28 02:59:45 - AutoML.ComparativeEarlyStopping - INFO -   Decision scores: {'statistical_significance': 0.0, 'performance_gap': 0.0, 'learning_trend': 0.0, 'resource_efficiency': 0.0}
2025-07-28 02:59:45 - AutoML.ComparativeEarlyStopping - INFO -   Final score: 0.000
2025-07-28 02:59:45 - AutoML.ComparativeEarlyStopping - INFO -   Decision: CONTINUE
2025-07-28 03:01:15 - AutoML.ComparativeEarlyStopping - INFO - Early stopping evaluation for resnet18:
2025-07-28 03:01:15 - AutoML.ComparativeEarlyStopping - INFO -   Decision scores: {'statistical_significance': 0.0, 'performance_gap': 0.0, 'learning_trend': 0.0, 'resource_efficiency': 0.0}
2025-07-28 03:01:15 - AutoML.ComparativeEarlyStopping - INFO -   Final score: 0.000
2025-07-28 03:01:15 - AutoML.ComparativeEarlyStopping - INFO -   Decision: CONTINUE
2025-07-28 03:01:15 - AutoML.Trainer - INFO - Epoch 25/27 - Train Acc: 0.6633, Val Acc: 0.6769, Val Loss: 1.5110, Time: 90.2s
2025-07-28 03:02:44 - AutoML.ComparativeEarlyStopping - INFO - Early stopping evaluation for resnet18:
2025-07-28 03:02:44 - AutoML.ComparativeEarlyStopping - INFO -   Decision scores: {'statistical_significance': 0.0, 'performance_gap': 0.0, 'learning_trend': 0.3, 'resource_efficiency': 0.0}
2025-07-28 03:02:44 - AutoML.ComparativeEarlyStopping - INFO -   Final score: 0.075
2025-07-28 03:02:44 - AutoML.ComparativeEarlyStopping - INFO -   Decision: CONTINUE
2025-07-28 03:04:13 - AutoML.ComparativeEarlyStopping - INFO - Early stopping evaluation for resnet18:
2025-07-28 03:04:13 - AutoML.ComparativeEarlyStopping - INFO -   Decision scores: {'statistical_significance': 0.0, 'performance_gap': 0.0, 'learning_trend': 0.3, 'resource_efficiency': 0.0}
2025-07-28 03:04:13 - AutoML.ComparativeEarlyStopping - INFO -   Final score: 0.075
2025-07-28 03:04:13 - AutoML.ComparativeEarlyStopping - INFO -   Decision: CONTINUE
2025-07-28 03:04:13 - AutoML.Trainer - INFO - Epoch 27/27 - Train Acc: 0.6591, Val Acc: 0.6840, Val Loss: 1.5090, Time: 89.2s
2025-07-28 03:04:13 - AutoML.Trainer - INFO - Training completed for resnet18
2025-07-28 03:04:13 - AutoML.Trainer - INFO - Best validation accuracy: 0.6840
2025-07-28 03:04:13 - AutoML.Trainer - INFO - Total training time: 2422.0s
2025-07-28 03:04:13 - AutoML.Trainer - INFO - Average epoch time: 89.7s
2025-07-28 03:04:13 - AutoML.Trainer - INFO - Evaluating hyperparameters for resnet18: {'learning_rate': 1.5030900645056805e-05, 'optimizer': 'adam', 'weight_decay': 0.00014656553886225324, 'batch_size': 16, 'dropout_rate': 0.18428035290621425, 'pretrained': True, 'lr_scheduler': 'plateau', 'max_epochs': 16, 'momentum': 0.9480330404900775}
2025-07-28 03:04:13 - AutoML.ModelFactory - INFO - Creating resnet18 (pretrained=True, dropout=0.18428035290621425)
2025-07-28 03:04:13 - AutoML - INFO -  Starting: resnet18 creation
2025-07-28 03:04:14 - AutoML.ModelFactory - INFO - resnet18 created successfully:
2025-07-28 03:04:14 - AutoML.ModelFactory - INFO -   Parameters: 11,180,103
2025-07-28 03:04:14 - AutoML.ModelFactory - INFO -   Trainable: 11,180,103
2025-07-28 03:04:14 - AutoML.ModelFactory - INFO -   Model size: 42.65 MB
2025-07-28 03:04:14 - AutoML - INFO -  resnet18 creation completed in 0.29 seconds
2025-07-28 03:04:26 - AutoML.Trainer - INFO - Total classes in dataset: 7
2025-07-28 03:04:26 - AutoML.Trainer - INFO - Classes found in sample: 7
2025-07-28 03:04:26 - AutoML.Trainer - INFO - Sample size: 80 labels
2025-07-28 03:04:26 - AutoML.Trainer - INFO - Class distribution (sample): {0: 4, 1: 2, 2: 5, 3: 1, 4: 7, 5: 60, 6: 1}
2025-07-28 03:04:26 - AutoML.Trainer - INFO - Class weights tensor shape: torch.Size([7])
2025-07-28 03:04:26 - AutoML.Trainer - INFO - Sample class weights range: [0.1905, 11.4286]
2025-07-28 03:04:26 - AutoML.Trainer - INFO - Mean weight for missing classes: 5.0768
2025-07-28 03:12:03 - AutoML.ComparativeEarlyStopping - INFO - Early stopping evaluation for resnet18:
2025-07-28 03:12:03 - AutoML.ComparativeEarlyStopping - INFO -   Decision scores: {'statistical_significance': 0.0, 'performance_gap': 0.0, 'learning_trend': 0.0, 'resource_efficiency': 0.0}
2025-07-28 03:12:03 - AutoML.ComparativeEarlyStopping - INFO -   Final score: 0.000
2025-07-28 03:12:03 - AutoML.ComparativeEarlyStopping - INFO -   Decision: CONTINUE
2025-07-28 03:12:03 - AutoML.Trainer - INFO - Epoch 5/16 - Train Acc: 0.6129, Val Acc: 0.6512, Val Loss: 1.3996, Time: 91.4s
2025-07-28 03:13:34 - AutoML.ComparativeEarlyStopping - INFO - Early stopping evaluation for resnet18:
2025-07-28 03:13:34 - AutoML.ComparativeEarlyStopping - INFO -   Decision scores: {'statistical_significance': 0.0, 'performance_gap': 0.0, 'learning_trend': 0.0, 'resource_efficiency': 0.0}
2025-07-28 03:13:34 - AutoML.ComparativeEarlyStopping - INFO -   Final score: 0.000
2025-07-28 03:13:34 - AutoML.ComparativeEarlyStopping - INFO -   Decision: CONTINUE
2025-07-28 03:15:07 - AutoML.ComparativeEarlyStopping - INFO - Early stopping evaluation for resnet18:
2025-07-28 03:15:07 - AutoML.ComparativeEarlyStopping - INFO -   Decision scores: {'statistical_significance': 0.0, 'performance_gap': 0.0, 'learning_trend': 0.0, 'resource_efficiency': 0.0}
2025-07-28 03:15:07 - AutoML.ComparativeEarlyStopping - INFO -   Final score: 0.000
2025-07-28 03:15:07 - AutoML.ComparativeEarlyStopping - INFO -   Decision: CONTINUE
2025-07-28 03:16:39 - AutoML.ComparativeEarlyStopping - INFO - Early stopping evaluation for resnet18:
2025-07-28 03:16:39 - AutoML.ComparativeEarlyStopping - INFO -   Decision scores: {'statistical_significance': 0.0, 'performance_gap': 0.0, 'learning_trend': 0.0, 'resource_efficiency': 0.0}
2025-07-28 03:16:39 - AutoML.ComparativeEarlyStopping - INFO -   Final score: 0.000
2025-07-28 03:16:39 - AutoML.ComparativeEarlyStopping - INFO -   Decision: CONTINUE
2025-07-28 03:18:12 - AutoML.ComparativeEarlyStopping - INFO - Early stopping evaluation for resnet18:
2025-07-28 03:18:12 - AutoML.ComparativeEarlyStopping - INFO -   Decision scores: {'statistical_significance': 0.0, 'performance_gap': 0.0, 'learning_trend': 0.0, 'resource_efficiency': 0.0}
2025-07-28 03:18:12 - AutoML.ComparativeEarlyStopping - INFO -   Final score: 0.000
2025-07-28 03:18:12 - AutoML.ComparativeEarlyStopping - INFO -   Decision: CONTINUE
2025-07-28 03:19:46 - AutoML.ComparativeEarlyStopping - INFO - Early stopping evaluation for resnet18:
2025-07-28 03:19:46 - AutoML.ComparativeEarlyStopping - INFO -   Decision scores: {'statistical_significance': 0.0, 'performance_gap': 0.0, 'learning_trend': 0.0, 'resource_efficiency': 0.0}
2025-07-28 03:19:46 - AutoML.ComparativeEarlyStopping - INFO -   Final score: 0.000
2025-07-28 03:19:46 - AutoML.ComparativeEarlyStopping - INFO -   Decision: CONTINUE
2025-07-28 03:19:46 - AutoML.Trainer - INFO - Epoch 10/16 - Train Acc: 0.6320, Val Acc: 0.6398, Val Loss: 1.2579, Time: 94.4s
2025-07-28 03:21:19 - AutoML.ComparativeEarlyStopping - INFO - Early stopping evaluation for resnet18:
2025-07-28 03:21:19 - AutoML.ComparativeEarlyStopping - INFO -   Decision scores: {'statistical_significance': 0.0, 'performance_gap': 0.0, 'learning_trend': 0.0, 'resource_efficiency': 0.0}
2025-07-28 03:21:19 - AutoML.ComparativeEarlyStopping - INFO -   Final score: 0.000
2025-07-28 03:21:19 - AutoML.ComparativeEarlyStopping - INFO -   Decision: CONTINUE
2025-07-28 03:22:50 - AutoML.ComparativeEarlyStopping - INFO - Early stopping evaluation for resnet18:
2025-07-28 03:22:50 - AutoML.ComparativeEarlyStopping - INFO -   Decision scores: {'statistical_significance': 0.0, 'performance_gap': 0.0, 'learning_trend': 0.0, 'resource_efficiency': 0.0}
2025-07-28 03:22:50 - AutoML.ComparativeEarlyStopping - INFO -   Final score: 0.000
2025-07-28 03:22:50 - AutoML.ComparativeEarlyStopping - INFO -   Decision: CONTINUE
2025-07-28 03:24:23 - AutoML.ComparativeEarlyStopping - INFO - Early stopping evaluation for resnet18:
2025-07-28 03:24:23 - AutoML.ComparativeEarlyStopping - INFO -   Decision scores: {'statistical_significance': 0.0, 'performance_gap': 0.0, 'learning_trend': 0.0, 'resource_efficiency': 0.0}
2025-07-28 03:24:23 - AutoML.ComparativeEarlyStopping - INFO -   Final score: 0.000
2025-07-28 03:24:23 - AutoML.ComparativeEarlyStopping - INFO -   Decision: CONTINUE
2025-07-28 03:25:55 - AutoML.ComparativeEarlyStopping - INFO - Early stopping evaluation for resnet18:
2025-07-28 03:25:55 - AutoML.ComparativeEarlyStopping - INFO -   Decision scores: {'statistical_significance': 0.0, 'performance_gap': 0.0, 'learning_trend': 0.0, 'resource_efficiency': 0.0}
2025-07-28 03:25:55 - AutoML.ComparativeEarlyStopping - INFO -   Final score: 0.000
2025-07-28 03:25:55 - AutoML.ComparativeEarlyStopping - INFO -   Decision: CONTINUE
2025-07-28 03:27:27 - AutoML.ComparativeEarlyStopping - INFO - Early stopping evaluation for resnet18:
2025-07-28 03:27:27 - AutoML.ComparativeEarlyStopping - INFO -   Decision scores: {'statistical_significance': 0.0, 'performance_gap': 0.0, 'learning_trend': 0.3, 'resource_efficiency': 0.0}
2025-07-28 03:27:27 - AutoML.ComparativeEarlyStopping - INFO -   Final score: 0.075
2025-07-28 03:27:27 - AutoML.ComparativeEarlyStopping - INFO -   Decision: CONTINUE
2025-07-28 03:27:27 - AutoML.Trainer - INFO - Epoch 15/16 - Train Acc: 0.6510, Val Acc: 0.6641, Val Loss: 1.1745, Time: 91.9s
2025-07-28 03:29:03 - AutoML.ComparativeEarlyStopping - INFO - Early stopping evaluation for resnet18:
2025-07-28 03:29:03 - AutoML.ComparativeEarlyStopping - INFO -   Decision scores: {'statistical_significance': 0.0, 'performance_gap': 0.0, 'learning_trend': 0.0, 'resource_efficiency': 0.0}
2025-07-28 03:29:03 - AutoML.ComparativeEarlyStopping - INFO -   Final score: 0.000
2025-07-28 03:29:03 - AutoML.ComparativeEarlyStopping - INFO -   Decision: CONTINUE
2025-07-28 03:29:03 - AutoML.Trainer - INFO - Epoch 16/16 - Train Acc: 0.6575, Val Acc: 0.6790, Val Loss: 1.1321, Time: 96.1s
2025-07-28 03:29:03 - AutoML.Trainer - INFO - Training completed for resnet18
2025-07-28 03:29:03 - AutoML.Trainer - INFO - Best validation accuracy: 0.6819
2025-07-28 03:29:03 - AutoML.Trainer - INFO - Total training time: 1477.2s
2025-07-28 03:29:03 - AutoML.Trainer - INFO - Average epoch time: 92.3s
2025-07-28 03:29:03 - AutoML.Trainer - INFO - Evaluating hyperparameters for resnet18: {'learning_rate': 0.0003503398491158688, 'optimizer': 'adam', 'weight_decay': 0.001319994226153501, 'batch_size': 16, 'dropout_rate': 0.2075397185632818, 'pretrained': True, 'lr_scheduler': 'step', 'max_epochs': 21, 'momentum': 0.8095337525429036}
2025-07-28 03:29:03 - AutoML.ModelFactory - INFO - Creating resnet18 (pretrained=True, dropout=0.2075397185632818)
2025-07-28 03:29:03 - AutoML - INFO -  Starting: resnet18 creation
2025-07-28 03:29:03 - AutoML.ModelFactory - INFO - resnet18 created successfully:
2025-07-28 03:29:03 - AutoML.ModelFactory - INFO -   Parameters: 11,180,103
2025-07-28 03:29:03 - AutoML.ModelFactory - INFO -   Trainable: 11,180,103
2025-07-28 03:29:03 - AutoML.ModelFactory - INFO -   Model size: 42.65 MB
2025-07-28 03:29:03 - AutoML - INFO -  resnet18 creation completed in 0.35 seconds
2025-07-28 10:02:10 - AutoML - INFO - === AutoML Pipeline Logging Initialized ===
2025-07-28 10:02:10 - AutoML - INFO - Log level: INFO, File: results\logs\automl.log
2025-07-28 10:02:10 - AutoML - INFO - Random seed set to 42 for reproducibility
2025-07-28 10:02:10 - AutoML - INFO -  Initializing AutoML Pipeline...
2025-07-28 10:02:10 - AutoML.DataManager - INFO - Initialized DataManager for skin_cancer dataset
2025-07-28 10:02:10 - AutoML.ModelFactory - INFO - ModelFactory initialized for skin_cancer: 7 classes, 3 channels, 450x450 images
2025-07-28 10:02:10 - AutoML.ModelFactory - INFO - Strategic models available: ['resnet18', 'resnet34', 'efficientnet_b0', 'efficientnet_b1', 'convnext_tiny', 'mobilenetv3_small_100', 'densenet121']
2025-07-28 10:02:10 - AutoML - INFO -  Using GPU: NVIDIA GeForce RTX 3060 Laptop GPU (6.4GB)
2025-07-28 10:02:10 - AutoML.Trainer - INFO - Trainer initialized - Device: cuda
2025-07-28 10:02:10 - AutoML.Trainer - INFO - Max epochs: 50, Min epochs: 5
2025-07-28 10:02:10 - AutoML.BudgetManager - INFO - BudgetManager initialized:
2025-07-28 10:02:10 - AutoML.BudgetManager - INFO -   Total budget: 24.0 hours
2025-07-28 10:02:10 - AutoML.BudgetManager - INFO -   Architecture search: 16.8 hours (70%)
2025-07-28 10:02:10 - AutoML.BudgetManager - INFO -   Final training: 4.8 hours (20%)
2025-07-28 10:02:10 - AutoML.BudgetManager - INFO -   Buffer: 2.4 hours (10%)
2025-07-28 10:02:10 - AutoML.ComparativeEarlyStopping - INFO - ComparativeEarlyStopping initialized with confidence=0.65
2025-07-28 10:02:10 - AutoML.ComparativeEarlyStopping - INFO - Decision weights: {'statistical_significance': 0.35, 'performance_gap': 0.25, 'learning_trend': 0.25, 'resource_efficiency': 0.15}
2025-07-28 10:02:10 - AutoML.MetaHPOSelector - INFO - MetaHPOSelector initialized - Base trials: 8, Quick mode: False
2025-07-28 10:02:10 - AutoML.Pipeline - INFO - === AutoML Pipeline Initialized ===
2025-07-28 10:02:10 - AutoML.Pipeline - INFO - Configuration: skin_cancer dataset
2025-07-28 10:02:10 - AutoML.Pipeline - INFO - Time budget: 24.0 hours
2025-07-28 10:02:10 - AutoML.Pipeline - INFO - Target: 7 classes
2025-07-28 10:02:10 - AutoML - INFO -  Starting AutoML execution...
2025-07-28 10:02:10 - AutoML.Pipeline - INFO - Starting AutoML Pipeline Execution
2025-07-28 10:02:10 - AutoML.Pipeline - INFO - === Phase 1: Dataset Analysis and Preparation ===
2025-07-28 10:02:10 - AutoML - INFO -  Starting: Dataset preparation
2025-07-28 10:02:10 - AutoML.DataManager - INFO - Setting up skin_cancer datasets...
2025-07-28 10:02:10 - AutoML - INFO -  Starting: skin_cancer dataset setup
2025-07-28 10:02:10 - AutoML.DatasetCharacteristics - INFO - Analyzing skin_cancer dataset characteristics...
2025-07-28 10:02:10 - AutoML - INFO -  Starting: skin_cancer dataset analysis
2025-07-28 10:02:10 - AutoML - INFO -  skin_cancer dataset analysis completed in 0.53 seconds
2025-07-28 10:02:10 - AutoML.DatasetCharacteristics - INFO - Dataset analysis complete: 1000 samples analyzed
2025-07-28 10:02:10 - AutoML.DatasetCharacteristics - INFO - Complexity score: 7.30/10
2025-07-28 10:03:21 - AutoML.DataManager - INFO - Created stratified split: 5608 train, 1402 validation
2025-07-28 10:03:21 - AutoML.DataManager - INFO - Data splits - Train: 5608, Val: 1402, Test: 3005
2025-07-28 10:03:21 - AutoML - INFO -  skin_cancer dataset setup completed in 1.19 minutes
2025-07-28 10:03:21 - AutoML.Pipeline - INFO - Dataset Analysis Complete:
2025-07-28 10:03:21 - AutoML.Pipeline - INFO -   Name: skin_cancer
2025-07-28 10:03:21 - AutoML.Pipeline - INFO -   Samples: 7,010
2025-07-28 10:03:21 - AutoML.Pipeline - INFO -   Classes: 7
2025-07-28 10:03:21 - AutoML.Pipeline - INFO -   Image size: 450x450x3
2025-07-28 10:03:21 - AutoML.Pipeline - INFO -   Complexity: 7.3/10
2025-07-28 10:03:21 - AutoML.Pipeline - INFO -   Memory per sample: 2.317 MB
2025-07-28 10:03:21 - AutoML - INFO -  Dataset preparation completed in 1.19 minutes
2025-07-28 10:03:21 - AutoML.Pipeline - INFO - === Phase 2: Architecture Selection and Budget Allocation ===
2025-07-28 10:03:21 - AutoML - INFO -  Starting: Architecture selection
2025-07-28 10:03:21 - AutoML.Pipeline - INFO - Selected architectures: ['resnet18', 'efficientnet_b0', 'mobilenetv3_small_100']
2025-07-28 10:03:21 - AutoML.ComparativeEarlyStopping - INFO - Registered architecture: resnet18
2025-07-28 10:03:21 - AutoML.ComparativeEarlyStopping - INFO - Registered architecture: efficientnet_b0
2025-07-28 10:03:21 - AutoML.ComparativeEarlyStopping - INFO - Registered architecture: mobilenetv3_small_100
2025-07-28 10:03:21 - AutoML.BudgetManager - INFO - Initial allocation: 5.60h and 4.3GB per architecture
2025-07-28 10:03:21 - AutoML.BudgetManager - INFO - Execution started with 3 architectures
2025-07-28 10:03:21 - AutoML.BudgetManager - INFO - Architecture queue: ['resnet18', 'efficientnet_b0', 'mobilenetv3_small_100']
2025-07-28 10:03:21 - AutoML - INFO -  Architecture selection completed in 0.02 seconds
2025-07-28 10:03:21 - AutoML.Pipeline - INFO - === Phase 3: Intelligent Architecture Search ===
2025-07-28 10:03:21 - AutoML - INFO -  Starting: Architecture search
2025-07-28 10:03:21 - AutoML.Pipeline - INFO - Creating data loaders...
2025-07-28 10:03:21 - AutoML.DataManager - INFO - Using recommended batch size: 4
2025-07-28 10:03:21 - AutoML.DataManager - INFO - Creating dataloaders - batch_size: 4, image_size: 450
2025-07-28 10:03:21 - AutoML.AugmentationFactory - INFO - Auto-selected augmentation strategy: heavy
2025-07-28 10:03:26 - AutoML.DataManager - INFO - Created stratified split: 5608 train, 1402 validation
2025-07-28 10:03:26 - AutoML.DataManager - INFO - DataLoaders created successfully
2025-07-28 10:03:26 - AutoML.Pipeline - INFO -   Train batches: 1402
2025-07-28 10:03:26 - AutoML.Pipeline - INFO -   Validation batches: 351
2025-07-28 10:03:26 - AutoML.Pipeline - INFO -   Test batches: 752
2025-07-28 10:03:26 - AutoML.Pipeline - INFO - Processing architecture: resnet18
2025-07-28 10:03:26 - AutoML.BudgetManager - INFO - Started training resnet18 with 5.60h budget
2025-07-28 10:03:26 - AutoML.Pipeline - INFO - Starting HPO for resnet18
2025-07-28 10:03:26 - AutoML.MetaHPOSelector - INFO - Selecting HPO method for resnet18
2025-07-28 10:03:26 - AutoML.MetaHPOSelector - INFO -   Dataset complexity: 7.3
2025-07-28 10:03:26 - AutoML.MetaHPOSelector - INFO -   Available time: 16.8 hours
2025-07-28 10:03:26 - AutoML.MetaHPOSelector - INFO -   Search space size: 100000
2025-07-28 10:03:26 - AutoML.MetaHPOSelector - INFO - Trial budget for resnet18: 8 trials
2025-07-28 10:03:26 - AutoML.MetaHPOSelector - INFO -   Arch complexity: 2.0, Dataset complexity: 7.3
2025-07-28 10:03:26 - AutoML.MetaHPOSelector - INFO -   Available time: 16.8h
2025-07-28 10:03:26 - AutoML.MetaHPOSelector - INFO - Selected bayesian_optimization for resnet18
2025-07-28 10:03:26 - AutoML.MetaHPOSelector - INFO -   Trials: 8
2025-07-28 10:03:26 - AutoML.MetaHPOSelector - INFO -   Timeout: 36285s
2025-07-28 10:03:26 - AutoML.MetaHPOSelector - INFO -  Starting HPO for resnet18 with 8 trials
2025-07-28 10:03:26 - AutoML.HPO.bayesian_optimization - INFO - Starting Bayesian Optimization for resnet18
2025-07-28 10:03:26 - AutoML.Trainer - INFO - Evaluating hyperparameters for resnet18: {'learning_rate': 5.6115164153345e-05, 'optimizer': 'sgd', 'weight_decay': 2.9380279387035334e-05, 'batch_size': 32, 'dropout_rate': 0.2803345035229627, 'pretrained': True, 'lr_scheduler': 'plateau', 'max_epochs': 32, 'momentum': 0.8318508666017415}
2025-07-28 10:03:26 - AutoML.ModelFactory - INFO - Creating resnet18 (pretrained=True, dropout=0.2803345035229627)
2025-07-28 10:03:26 - AutoML - INFO -  Starting: resnet18 creation
2025-07-28 10:03:27 - AutoML.ModelFactory - INFO - resnet18 created successfully:
2025-07-28 10:03:27 - AutoML.ModelFactory - INFO -   Parameters: 11,180,103
2025-07-28 10:03:27 - AutoML.ModelFactory - INFO -   Trainable: 11,180,103
2025-07-28 10:03:27 - AutoML.ModelFactory - INFO -   Model size: 42.65 MB
2025-07-28 10:03:27 - AutoML - INFO -  resnet18 creation completed in 0.34 seconds
2025-07-28 10:03:37 - AutoML.Trainer - INFO - Total classes in dataset: 7
2025-07-28 10:03:37 - AutoML.Trainer - INFO - Classes found in sample: 5
2025-07-28 10:03:37 - AutoML.Trainer - INFO - Sample size: 80 labels
2025-07-28 10:03:37 - AutoML.Trainer - INFO - Class distribution (sample): {0: 1, 1: 6, 2: 6, 4: 8, 5: 59}
2025-07-28 10:03:37 - AutoML.Trainer - INFO - Class weights tensor shape: torch.Size([7])
2025-07-28 10:03:37 - AutoML.Trainer - INFO - Sample class weights range: [0.2712, 16.0000]
2025-07-28 10:03:37 - AutoML.Trainer - INFO - Mean weight for missing classes: 4.7209
2025-07-28 10:10:42 - AutoML.Trainer - INFO - Epoch 5/32 - Train Acc: 0.6662, Val Acc: 0.6783, Val Loss: 1.5903, Time: 86.2s
2025-07-28 10:18:53 - AutoML.Trainer - INFO - Epoch 10/32 - Train Acc: 0.6345, Val Acc: 0.6427, Val Loss: 1.5368, Time: 100.4s
2025-07-28 10:26:44 - AutoML.ComparativeEarlyStopping - INFO - Early stopping evaluation for resnet18:
2025-07-28 10:26:44 - AutoML.ComparativeEarlyStopping - INFO -   Decision scores: {'statistical_significance': 0.0, 'performance_gap': 0.0, 'learning_trend': 0.5, 'resource_efficiency': 0.0}
2025-07-28 10:26:44 - AutoML.ComparativeEarlyStopping - INFO -   Final score: 0.125
2025-07-28 10:26:44 - AutoML.ComparativeEarlyStopping - INFO -   Decision: CONTINUE
2025-07-28 10:26:44 - AutoML.Trainer - INFO - Epoch 15/32 - Train Acc: 0.6086, Val Acc: 0.6598, Val Loss: 1.5000, Time: 87.0s
2025-07-28 10:28:11 - AutoML.ComparativeEarlyStopping - INFO - Early stopping evaluation for resnet18:
2025-07-28 10:28:11 - AutoML.ComparativeEarlyStopping - INFO -   Decision scores: {'statistical_significance': 0.0, 'performance_gap': 0.0, 'learning_trend': 0.5, 'resource_efficiency': 0.0}
2025-07-28 10:28:11 - AutoML.ComparativeEarlyStopping - INFO -   Final score: 0.125
2025-07-28 10:28:11 - AutoML.ComparativeEarlyStopping - INFO -   Decision: CONTINUE
2025-07-28 10:29:44 - AutoML.ComparativeEarlyStopping - INFO - Early stopping evaluation for resnet18:
2025-07-28 10:29:44 - AutoML.ComparativeEarlyStopping - INFO -   Decision scores: {'statistical_significance': 0.0, 'performance_gap': 0.0, 'learning_trend': 0.5, 'resource_efficiency': 0.0}
2025-07-28 10:29:44 - AutoML.ComparativeEarlyStopping - INFO -   Final score: 0.125
2025-07-28 10:29:44 - AutoML.ComparativeEarlyStopping - INFO -   Decision: CONTINUE
2025-07-28 10:31:15 - AutoML.ComparativeEarlyStopping - INFO - Early stopping evaluation for resnet18:
2025-07-28 10:31:15 - AutoML.ComparativeEarlyStopping - INFO -   Decision scores: {'statistical_significance': 0.0, 'performance_gap': 0.0, 'learning_trend': 0.5, 'resource_efficiency': 0.0}
2025-07-28 10:31:15 - AutoML.ComparativeEarlyStopping - INFO -   Final score: 0.125
2025-07-28 10:31:15 - AutoML.ComparativeEarlyStopping - INFO -   Decision: CONTINUE
2025-07-28 10:32:43 - AutoML.ComparativeEarlyStopping - INFO - Early stopping evaluation for resnet18:
2025-07-28 10:32:43 - AutoML.ComparativeEarlyStopping - INFO -   Decision scores: {'statistical_significance': 0.0, 'performance_gap': 0.0, 'learning_trend': 0.5, 'resource_efficiency': 0.0}
2025-07-28 10:32:43 - AutoML.ComparativeEarlyStopping - INFO -   Final score: 0.125
2025-07-28 10:32:43 - AutoML.ComparativeEarlyStopping - INFO -   Decision: CONTINUE
2025-07-28 10:34:13 - AutoML.ComparativeEarlyStopping - INFO - Early stopping evaluation for resnet18:
2025-07-28 10:34:13 - AutoML.ComparativeEarlyStopping - INFO -   Decision scores: {'statistical_significance': 0.0, 'performance_gap': 0.0, 'learning_trend': 0.5, 'resource_efficiency': 0.0}
2025-07-28 10:34:13 - AutoML.ComparativeEarlyStopping - INFO -   Final score: 0.125
2025-07-28 10:34:13 - AutoML.ComparativeEarlyStopping - INFO -   Decision: CONTINUE
2025-07-28 10:34:13 - AutoML.Trainer - INFO - Epoch 20/32 - Train Acc: 0.6095, Val Acc: 0.6020, Val Loss: 1.4530, Time: 89.7s
2025-07-28 10:35:46 - AutoML.ComparativeEarlyStopping - INFO - Early stopping evaluation for resnet18:
2025-07-28 10:35:46 - AutoML.ComparativeEarlyStopping - INFO -   Decision scores: {'statistical_significance': 0.0, 'performance_gap': 0.0, 'learning_trend': 0.5, 'resource_efficiency': 0.0}
2025-07-28 10:35:46 - AutoML.ComparativeEarlyStopping - INFO -   Final score: 0.125
2025-07-28 10:35:46 - AutoML.ComparativeEarlyStopping - INFO -   Decision: CONTINUE
2025-07-28 10:37:13 - AutoML.ComparativeEarlyStopping - INFO - Early stopping evaluation for resnet18:
2025-07-28 10:37:13 - AutoML.ComparativeEarlyStopping - INFO -   Decision scores: {'statistical_significance': 0.0, 'performance_gap': 0.0, 'learning_trend': 0.5, 'resource_efficiency': 0.0}
2025-07-28 10:37:13 - AutoML.ComparativeEarlyStopping - INFO -   Final score: 0.125
2025-07-28 10:37:13 - AutoML.ComparativeEarlyStopping - INFO -   Decision: CONTINUE
2025-07-28 10:38:44 - AutoML.ComparativeEarlyStopping - INFO - Early stopping evaluation for resnet18:
2025-07-28 10:38:44 - AutoML.ComparativeEarlyStopping - INFO -   Decision scores: {'statistical_significance': 0.0, 'performance_gap': 0.0, 'learning_trend': 0.5, 'resource_efficiency': 0.0}
2025-07-28 10:38:44 - AutoML.ComparativeEarlyStopping - INFO -   Final score: 0.125
2025-07-28 10:38:44 - AutoML.ComparativeEarlyStopping - INFO -   Decision: CONTINUE
2025-07-28 10:40:12 - AutoML.ComparativeEarlyStopping - INFO - Early stopping evaluation for resnet18:
2025-07-28 10:40:12 - AutoML.ComparativeEarlyStopping - INFO -   Decision scores: {'statistical_significance': 0.0, 'performance_gap': 0.0, 'learning_trend': 0.5, 'resource_efficiency': 0.0}
2025-07-28 10:40:12 - AutoML.ComparativeEarlyStopping - INFO -   Final score: 0.125
2025-07-28 10:40:12 - AutoML.ComparativeEarlyStopping - INFO -   Decision: CONTINUE
2025-07-28 10:41:41 - AutoML.ComparativeEarlyStopping - INFO - Early stopping evaluation for resnet18:
2025-07-28 10:41:41 - AutoML.ComparativeEarlyStopping - INFO -   Decision scores: {'statistical_significance': 0.0, 'performance_gap': 0.0, 'learning_trend': 0.0, 'resource_efficiency': 0.0}
2025-07-28 10:41:41 - AutoML.ComparativeEarlyStopping - INFO -   Final score: 0.000
2025-07-28 10:41:41 - AutoML.ComparativeEarlyStopping - INFO -   Decision: CONTINUE
2025-07-28 10:41:41 - AutoML.Trainer - INFO - Epoch 25/32 - Train Acc: 0.6134, Val Acc: 0.6284, Val Loss: 1.4413, Time: 88.6s
2025-07-28 10:43:10 - AutoML.ComparativeEarlyStopping - INFO - Early stopping evaluation for resnet18:
2025-07-28 10:43:10 - AutoML.ComparativeEarlyStopping - INFO -   Decision scores: {'statistical_significance': 0.0, 'performance_gap': 0.0, 'learning_trend': 0.0, 'resource_efficiency': 0.0}
2025-07-28 10:43:10 - AutoML.ComparativeEarlyStopping - INFO -   Final score: 0.000
2025-07-28 10:43:10 - AutoML.ComparativeEarlyStopping - INFO -   Decision: CONTINUE
2025-07-28 10:44:47 - AutoML.ComparativeEarlyStopping - INFO - Early stopping evaluation for resnet18:
2025-07-28 10:44:47 - AutoML.ComparativeEarlyStopping - INFO -   Decision scores: {'statistical_significance': 0.0, 'performance_gap': 0.0, 'learning_trend': 0.0, 'resource_efficiency': 0.0}
2025-07-28 10:44:47 - AutoML.ComparativeEarlyStopping - INFO -   Final score: 0.000
2025-07-28 10:44:47 - AutoML.ComparativeEarlyStopping - INFO -   Decision: CONTINUE
2025-07-28 10:46:26 - AutoML.ComparativeEarlyStopping - INFO - Early stopping evaluation for resnet18:
2025-07-28 10:46:26 - AutoML.ComparativeEarlyStopping - INFO -   Decision scores: {'statistical_significance': 0.0, 'performance_gap': 0.0, 'learning_trend': 0.0, 'resource_efficiency': 0.0}
2025-07-28 10:46:26 - AutoML.ComparativeEarlyStopping - INFO -   Final score: 0.000
2025-07-28 10:46:26 - AutoML.ComparativeEarlyStopping - INFO -   Decision: CONTINUE
2025-07-28 10:48:02 - AutoML.ComparativeEarlyStopping - INFO - Early stopping evaluation for resnet18:
2025-07-28 10:48:02 - AutoML.ComparativeEarlyStopping - INFO -   Decision scores: {'statistical_significance': 0.0, 'performance_gap': 0.0, 'learning_trend': 0.0, 'resource_efficiency': 0.0}
2025-07-28 10:48:02 - AutoML.ComparativeEarlyStopping - INFO -   Final score: 0.000
2025-07-28 10:48:02 - AutoML.ComparativeEarlyStopping - INFO -   Decision: CONTINUE
2025-07-28 10:49:43 - AutoML.ComparativeEarlyStopping - INFO - Early stopping evaluation for resnet18:
2025-07-28 10:49:43 - AutoML.ComparativeEarlyStopping - INFO -   Decision scores: {'statistical_significance': 0.0, 'performance_gap': 0.0, 'learning_trend': 0.3, 'resource_efficiency': 0.0}
2025-07-28 10:49:43 - AutoML.ComparativeEarlyStopping - INFO -   Final score: 0.075
2025-07-28 10:49:43 - AutoML.ComparativeEarlyStopping - INFO -   Decision: CONTINUE
2025-07-28 10:49:43 - AutoML.Trainer - INFO - Epoch 30/32 - Train Acc: 0.6189, Val Acc: 0.6198, Val Loss: 1.4140, Time: 100.7s
2025-07-28 10:51:21 - AutoML.ComparativeEarlyStopping - INFO - Early stopping evaluation for resnet18:
2025-07-28 10:51:21 - AutoML.ComparativeEarlyStopping - INFO -   Decision scores: {'statistical_significance': 0.0, 'performance_gap': 0.0, 'learning_trend': 0.0, 'resource_efficiency': 0.0}
2025-07-28 10:51:21 - AutoML.ComparativeEarlyStopping - INFO -   Final score: 0.000
2025-07-28 10:51:21 - AutoML.ComparativeEarlyStopping - INFO -   Decision: CONTINUE
2025-07-28 10:52:59 - AutoML.ComparativeEarlyStopping - INFO - Early stopping evaluation for resnet18:
2025-07-28 10:52:59 - AutoML.ComparativeEarlyStopping - INFO -   Decision scores: {'statistical_significance': 0.0, 'performance_gap': 0.0, 'learning_trend': 0.0, 'resource_efficiency': 0.0}
2025-07-28 10:52:59 - AutoML.ComparativeEarlyStopping - INFO -   Final score: 0.000
2025-07-28 10:52:59 - AutoML.ComparativeEarlyStopping - INFO -   Decision: CONTINUE
2025-07-28 10:52:59 - AutoML.Trainer - INFO - Epoch 32/32 - Train Acc: 0.6195, Val Acc: 0.6305, Val Loss: 1.4043, Time: 98.3s
2025-07-28 10:52:59 - AutoML.Trainer - INFO - Training completed for resnet18
2025-07-28 10:52:59 - AutoML.Trainer - INFO - Best validation accuracy: 0.6912
2025-07-28 10:52:59 - AutoML.Trainer - INFO - Total training time: 2962.4s
2025-07-28 10:52:59 - AutoML.Trainer - INFO - Average epoch time: 92.6s
2025-07-28 10:52:59 - AutoML.Trainer - INFO - Evaluating hyperparameters for resnet18: {'learning_rate': 2.3102018878452926e-05, 'optimizer': 'adam', 'weight_decay': 0.00019762189340280086, 'batch_size': 16, 'dropout_rate': 0.18764339456056545, 'pretrained': True, 'lr_scheduler': 'plateau', 'max_epochs': 19, 'momentum': 0.8771351657620418}
2025-07-28 10:52:59 - AutoML.ModelFactory - INFO - Creating resnet18 (pretrained=True, dropout=0.18764339456056545)
2025-07-28 10:52:59 - AutoML - INFO -  Starting: resnet18 creation
2025-07-28 10:53:00 - AutoML.ModelFactory - INFO - resnet18 created successfully:
2025-07-28 10:53:00 - AutoML.ModelFactory - INFO -   Parameters: 11,180,103
2025-07-28 10:53:00 - AutoML.ModelFactory - INFO -   Trainable: 11,180,103
2025-07-28 10:53:00 - AutoML.ModelFactory - INFO -   Model size: 42.65 MB
2025-07-28 10:53:00 - AutoML - INFO -  resnet18 creation completed in 0.48 seconds
2025-07-28 10:53:13 - AutoML.Trainer - INFO - Total classes in dataset: 7
2025-07-28 10:53:13 - AutoML.Trainer - INFO - Classes found in sample: 6
2025-07-28 10:53:13 - AutoML.Trainer - INFO - Sample size: 80 labels
2025-07-28 10:53:13 - AutoML.Trainer - INFO - Class distribution (sample): {0: 4, 1: 5, 2: 8, 4: 7, 5: 55, 6: 1}
2025-07-28 10:53:13 - AutoML.Trainer - INFO - Class weights tensor shape: torch.Size([7])
2025-07-28 10:53:13 - AutoML.Trainer - INFO - Sample class weights range: [0.2424, 13.3333]
2025-07-28 10:53:13 - AutoML.Trainer - INFO - Mean weight for missing classes: 3.8579
2025-07-28 11:01:27 - AutoML.ComparativeEarlyStopping - INFO - Early stopping evaluation for resnet18:
2025-07-28 11:01:27 - AutoML.ComparativeEarlyStopping - INFO -   Decision scores: {'statistical_significance': 0.0, 'performance_gap': 0.0, 'learning_trend': 0.5, 'resource_efficiency': 0.0}
2025-07-28 11:01:27 - AutoML.ComparativeEarlyStopping - INFO -   Final score: 0.125
2025-07-28 11:01:27 - AutoML.ComparativeEarlyStopping - INFO -   Decision: CONTINUE
2025-07-28 11:01:27 - AutoML.Trainer - INFO - Epoch 5/19 - Train Acc: 0.6293, Val Acc: 0.6683, Val Loss: 1.2133, Time: 90.3s
2025-07-28 11:02:56 - AutoML.ComparativeEarlyStopping - INFO - Early stopping evaluation for resnet18:
2025-07-28 11:02:56 - AutoML.ComparativeEarlyStopping - INFO -   Decision scores: {'statistical_significance': 0.0, 'performance_gap': 0.0, 'learning_trend': 0.5, 'resource_efficiency': 0.0}
2025-07-28 11:02:56 - AutoML.ComparativeEarlyStopping - INFO -   Final score: 0.125
2025-07-28 11:02:56 - AutoML.ComparativeEarlyStopping - INFO -   Decision: CONTINUE
2025-07-28 11:04:25 - AutoML.ComparativeEarlyStopping - INFO - Early stopping evaluation for resnet18:
2025-07-28 11:04:25 - AutoML.ComparativeEarlyStopping - INFO -   Decision scores: {'statistical_significance': 0.0, 'performance_gap': 0.0, 'learning_trend': 0.5, 'resource_efficiency': 0.0}
2025-07-28 11:04:25 - AutoML.ComparativeEarlyStopping - INFO -   Final score: 0.125
2025-07-28 11:04:25 - AutoML.ComparativeEarlyStopping - INFO -   Decision: CONTINUE
2025-07-28 11:05:54 - AutoML.ComparativeEarlyStopping - INFO - Early stopping evaluation for resnet18:
2025-07-28 11:05:54 - AutoML.ComparativeEarlyStopping - INFO -   Decision scores: {'statistical_significance': 0.0, 'performance_gap': 0.0, 'learning_trend': 0.5, 'resource_efficiency': 0.0}
2025-07-28 11:05:54 - AutoML.ComparativeEarlyStopping - INFO -   Final score: 0.125
2025-07-28 11:05:54 - AutoML.ComparativeEarlyStopping - INFO -   Decision: CONTINUE
2025-07-28 11:07:25 - AutoML.ComparativeEarlyStopping - INFO - Early stopping evaluation for resnet18:
2025-07-28 11:07:25 - AutoML.ComparativeEarlyStopping - INFO -   Decision scores: {'statistical_significance': 0.0, 'performance_gap': 0.0, 'learning_trend': 0.5, 'resource_efficiency': 0.0}
2025-07-28 11:07:25 - AutoML.ComparativeEarlyStopping - INFO -   Final score: 0.125
2025-07-28 11:07:25 - AutoML.ComparativeEarlyStopping - INFO -   Decision: CONTINUE
2025-07-28 11:08:55 - AutoML.ComparativeEarlyStopping - INFO - Early stopping evaluation for resnet18:
2025-07-28 11:08:55 - AutoML.ComparativeEarlyStopping - INFO -   Decision scores: {'statistical_significance': 0.0, 'performance_gap': 0.0, 'learning_trend': 0.0, 'resource_efficiency': 0.0}
2025-07-28 11:08:55 - AutoML.ComparativeEarlyStopping - INFO -   Final score: 0.000
2025-07-28 11:08:55 - AutoML.ComparativeEarlyStopping - INFO -   Decision: CONTINUE
2025-07-28 11:08:55 - AutoML.Trainer - INFO - Epoch 10/19 - Train Acc: 0.6630, Val Acc: 0.7147, Val Loss: 1.0846, Time: 89.4s
2025-07-28 11:10:23 - AutoML.ComparativeEarlyStopping - INFO - Early stopping evaluation for resnet18:
2025-07-28 11:10:23 - AutoML.ComparativeEarlyStopping - INFO -   Decision scores: {'statistical_significance': 0.0, 'performance_gap': 0.0, 'learning_trend': 0.0, 'resource_efficiency': 0.0}
2025-07-28 11:10:23 - AutoML.ComparativeEarlyStopping - INFO -   Final score: 0.000
2025-07-28 11:10:23 - AutoML.ComparativeEarlyStopping - INFO -   Decision: CONTINUE
2025-07-28 11:11:52 - AutoML.ComparativeEarlyStopping - INFO - Early stopping evaluation for resnet18:
2025-07-28 11:11:52 - AutoML.ComparativeEarlyStopping - INFO -   Decision scores: {'statistical_significance': 0.0, 'performance_gap': 0.0, 'learning_trend': 0.0, 'resource_efficiency': 0.0}
2025-07-28 11:11:52 - AutoML.ComparativeEarlyStopping - INFO -   Final score: 0.000
2025-07-28 11:11:52 - AutoML.ComparativeEarlyStopping - INFO -   Decision: CONTINUE
2025-07-28 11:13:21 - AutoML.ComparativeEarlyStopping - INFO - Early stopping evaluation for resnet18:
2025-07-28 11:13:21 - AutoML.ComparativeEarlyStopping - INFO -   Decision scores: {'statistical_significance': 0.0, 'performance_gap': 0.0, 'learning_trend': 0.0, 'resource_efficiency': 0.0}
2025-07-28 11:13:21 - AutoML.ComparativeEarlyStopping - INFO -   Final score: 0.000
2025-07-28 11:13:21 - AutoML.ComparativeEarlyStopping - INFO -   Decision: CONTINUE
2025-07-28 11:14:54 - AutoML.ComparativeEarlyStopping - INFO - Early stopping evaluation for resnet18:
2025-07-28 11:14:54 - AutoML.ComparativeEarlyStopping - INFO -   Decision scores: {'statistical_significance': 0.0, 'performance_gap': 0.0, 'learning_trend': 0.0, 'resource_efficiency': 0.0}
2025-07-28 11:14:54 - AutoML.ComparativeEarlyStopping - INFO -   Final score: 0.000
2025-07-28 11:14:54 - AutoML.ComparativeEarlyStopping - INFO -   Decision: CONTINUE
2025-07-28 11:16:25 - AutoML.ComparativeEarlyStopping - INFO - Early stopping evaluation for resnet18:
2025-07-28 11:16:25 - AutoML.ComparativeEarlyStopping - INFO -   Decision scores: {'statistical_significance': 0.0, 'performance_gap': 0.0, 'learning_trend': 0.0, 'resource_efficiency': 0.0}
2025-07-28 11:16:25 - AutoML.ComparativeEarlyStopping - INFO -   Final score: 0.000
2025-07-28 11:16:25 - AutoML.ComparativeEarlyStopping - INFO -   Decision: CONTINUE
2025-07-28 11:16:25 - AutoML.Trainer - INFO - Epoch 15/19 - Train Acc: 0.6860, Val Acc: 0.7026, Val Loss: 1.0236, Time: 90.9s
2025-07-28 11:17:54 - AutoML.ComparativeEarlyStopping - INFO - Early stopping evaluation for resnet18:
2025-07-28 11:17:54 - AutoML.ComparativeEarlyStopping - INFO -   Decision scores: {'statistical_significance': 0.0, 'performance_gap': 0.0, 'learning_trend': 0.0, 'resource_efficiency': 0.0}
2025-07-28 11:17:54 - AutoML.ComparativeEarlyStopping - INFO -   Final score: 0.000
2025-07-28 11:17:54 - AutoML.ComparativeEarlyStopping - INFO -   Decision: CONTINUE
2025-07-28 11:19:23 - AutoML.ComparativeEarlyStopping - INFO - Early stopping evaluation for resnet18:
2025-07-28 11:19:23 - AutoML.ComparativeEarlyStopping - INFO -   Decision scores: {'statistical_significance': 0.0, 'performance_gap': 0.0, 'learning_trend': 0.0, 'resource_efficiency': 0.0}
2025-07-28 11:19:23 - AutoML.ComparativeEarlyStopping - INFO -   Final score: 0.000
2025-07-28 11:19:23 - AutoML.ComparativeEarlyStopping - INFO -   Decision: CONTINUE
2025-07-28 11:20:53 - AutoML.ComparativeEarlyStopping - INFO - Early stopping evaluation for resnet18:
2025-07-28 11:20:53 - AutoML.ComparativeEarlyStopping - INFO -   Decision scores: {'statistical_significance': 0.0, 'performance_gap': 0.0, 'learning_trend': 0.0, 'resource_efficiency': 0.0}
2025-07-28 11:20:53 - AutoML.ComparativeEarlyStopping - INFO -   Final score: 0.000
2025-07-28 11:20:53 - AutoML.ComparativeEarlyStopping - INFO -   Decision: CONTINUE
2025-07-28 11:22:22 - AutoML.ComparativeEarlyStopping - INFO - Early stopping evaluation for resnet18:
2025-07-28 11:22:22 - AutoML.ComparativeEarlyStopping - INFO -   Decision scores: {'statistical_significance': 0.0, 'performance_gap': 0.0, 'learning_trend': 0.0, 'resource_efficiency': 0.0}
2025-07-28 11:22:22 - AutoML.ComparativeEarlyStopping - INFO -   Final score: 0.000
2025-07-28 11:22:22 - AutoML.ComparativeEarlyStopping - INFO -   Decision: CONTINUE
2025-07-28 11:22:22 - AutoML.Trainer - INFO - Epoch 19/19 - Train Acc: 0.6935, Val Acc: 0.7389, Val Loss: 0.9983, Time: 89.3s
2025-07-28 11:22:22 - AutoML.Trainer - INFO - Training completed for resnet18
2025-07-28 11:22:22 - AutoML.Trainer - INFO - Best validation accuracy: 0.7389
2025-07-28 11:22:22 - AutoML.Trainer - INFO - Total training time: 1749.4s
2025-07-28 11:22:22 - AutoML.Trainer - INFO - Average epoch time: 92.1s
2025-07-28 11:22:22 - AutoML.Trainer - INFO - Evaluating hyperparameters for resnet18: {'learning_rate': 0.00015304852121831474, 'optimizer': 'adamw', 'weight_decay': 1.5673095467235405e-05, 'batch_size': 16, 'dropout_rate': 0.19138413075201122, 'pretrained': True, 'lr_scheduler': 'step', 'max_epochs': 17, 'momentum': 0.8742765365166906}
2025-07-28 11:22:22 - AutoML.ModelFactory - INFO - Creating resnet18 (pretrained=True, dropout=0.19138413075201122)
2025-07-28 11:22:22 - AutoML - INFO -  Starting: resnet18 creation
2025-07-28 11:22:23 - AutoML.ModelFactory - INFO - resnet18 created successfully:
2025-07-28 11:22:23 - AutoML.ModelFactory - INFO -   Parameters: 11,180,103
2025-07-28 11:22:23 - AutoML.ModelFactory - INFO -   Trainable: 11,180,103
2025-07-28 11:22:23 - AutoML.ModelFactory - INFO -   Model size: 42.65 MB
2025-07-28 11:22:23 - AutoML - INFO -  resnet18 creation completed in 0.61 seconds
2025-07-28 11:22:34 - AutoML.Trainer - INFO - Total classes in dataset: 7
2025-07-28 11:22:34 - AutoML.Trainer - INFO - Classes found in sample: 6
2025-07-28 11:22:34 - AutoML.Trainer - INFO - Sample size: 80 labels
2025-07-28 11:22:34 - AutoML.Trainer - INFO - Class distribution (sample): {0: 1, 1: 3, 2: 17, 3: 1, 4: 6, 5: 52}
2025-07-28 11:22:34 - AutoML.Trainer - INFO - Class weights tensor shape: torch.Size([7])
2025-07-28 11:22:34 - AutoML.Trainer - INFO - Sample class weights range: [0.2564, 13.3333]
2025-07-28 11:22:34 - AutoML.Trainer - INFO - Mean weight for missing classes: 5.7290
2025-07-28 11:29:50 - AutoML.ComparativeEarlyStopping - INFO - Early stopping evaluation for resnet18:
2025-07-28 11:29:50 - AutoML.ComparativeEarlyStopping - INFO -   Decision scores: {'statistical_significance': 0.0, 'performance_gap': 0.0, 'learning_trend': 0.0, 'resource_efficiency': 0.0}
2025-07-28 11:29:50 - AutoML.ComparativeEarlyStopping - INFO -   Final score: 0.000
2025-07-28 11:29:50 - AutoML.ComparativeEarlyStopping - INFO -   Decision: CONTINUE
2025-07-28 11:29:50 - AutoML.Trainer - INFO - Epoch 5/17 - Train Acc: 0.6489, Val Acc: 0.6947, Val Loss: 1.0781, Time: 88.4s
2025-07-28 11:31:19 - AutoML.ComparativeEarlyStopping - INFO - Early stopping evaluation for resnet18:
2025-07-28 11:31:19 - AutoML.ComparativeEarlyStopping - INFO -   Decision scores: {'statistical_significance': 0.0, 'performance_gap': 0.0, 'learning_trend': 0.0, 'resource_efficiency': 0.0}
2025-07-28 11:31:19 - AutoML.ComparativeEarlyStopping - INFO -   Final score: 0.000
2025-07-28 11:31:19 - AutoML.ComparativeEarlyStopping - INFO -   Decision: CONTINUE
2025-07-28 11:32:49 - AutoML.ComparativeEarlyStopping - INFO - Early stopping evaluation for resnet18:
2025-07-28 11:32:49 - AutoML.ComparativeEarlyStopping - INFO -   Decision scores: {'statistical_significance': 0.0, 'performance_gap': 0.0, 'learning_trend': 0.0, 'resource_efficiency': 0.0}
2025-07-28 11:32:49 - AutoML.ComparativeEarlyStopping - INFO -   Final score: 0.000
2025-07-28 11:32:49 - AutoML.ComparativeEarlyStopping - INFO -   Decision: CONTINUE
2025-07-28 11:34:26 - AutoML.ComparativeEarlyStopping - INFO - Early stopping evaluation for resnet18:
2025-07-28 11:34:26 - AutoML.ComparativeEarlyStopping - INFO -   Decision scores: {'statistical_significance': 0.0, 'performance_gap': 0.0, 'learning_trend': 0.0, 'resource_efficiency': 0.0}
2025-07-28 11:34:26 - AutoML.ComparativeEarlyStopping - INFO -   Final score: 0.000
2025-07-28 11:34:26 - AutoML.ComparativeEarlyStopping - INFO -   Decision: CONTINUE
2025-07-28 11:36:09 - AutoML.ComparativeEarlyStopping - INFO - Early stopping evaluation for resnet18:
2025-07-28 11:36:09 - AutoML.ComparativeEarlyStopping - INFO -   Decision scores: {'statistical_significance': 0.0, 'performance_gap': 0.0, 'learning_trend': 0.0, 'resource_efficiency': 0.0}
2025-07-28 11:36:09 - AutoML.ComparativeEarlyStopping - INFO -   Final score: 0.000
2025-07-28 11:36:09 - AutoML.ComparativeEarlyStopping - INFO -   Decision: CONTINUE
2025-07-28 11:37:49 - AutoML.ComparativeEarlyStopping - INFO - Early stopping evaluation for resnet18:
2025-07-28 11:37:49 - AutoML.ComparativeEarlyStopping - INFO -   Decision scores: {'statistical_significance': 0.0, 'performance_gap': 0.0, 'learning_trend': 0.0, 'resource_efficiency': 0.0}
2025-07-28 11:37:49 - AutoML.ComparativeEarlyStopping - INFO -   Final score: 0.000
2025-07-28 11:37:49 - AutoML.ComparativeEarlyStopping - INFO -   Decision: CONTINUE
2025-07-28 11:37:49 - AutoML.Trainer - INFO - Epoch 10/17 - Train Acc: 0.6822, Val Acc: 0.7675, Val Loss: 0.9490, Time: 100.6s
2025-07-28 11:39:31 - AutoML.ComparativeEarlyStopping - INFO - Early stopping evaluation for resnet18:
2025-07-28 11:39:31 - AutoML.ComparativeEarlyStopping - INFO -   Decision scores: {'statistical_significance': 0.0, 'performance_gap': 0.0, 'learning_trend': 0.0, 'resource_efficiency': 0.0}
2025-07-28 11:39:31 - AutoML.ComparativeEarlyStopping - INFO -   Final score: 0.000
2025-07-28 11:39:31 - AutoML.ComparativeEarlyStopping - INFO -   Decision: CONTINUE
2025-07-28 11:41:13 - AutoML.ComparativeEarlyStopping - INFO - Early stopping evaluation for resnet18:
2025-07-28 11:41:13 - AutoML.ComparativeEarlyStopping - INFO -   Decision scores: {'statistical_significance': 0.0, 'performance_gap': 0.0, 'learning_trend': 0.0, 'resource_efficiency': 0.0}
2025-07-28 11:41:13 - AutoML.ComparativeEarlyStopping - INFO -   Final score: 0.000
2025-07-28 11:41:13 - AutoML.ComparativeEarlyStopping - INFO -   Decision: CONTINUE
2025-07-28 11:42:49 - AutoML.ComparativeEarlyStopping - INFO - Early stopping evaluation for resnet18:
2025-07-28 11:42:49 - AutoML.ComparativeEarlyStopping - INFO -   Decision scores: {'statistical_significance': 0.0, 'performance_gap': 0.0, 'learning_trend': 0.0, 'resource_efficiency': 0.0}
2025-07-28 11:42:49 - AutoML.ComparativeEarlyStopping - INFO -   Final score: 0.000
2025-07-28 11:42:49 - AutoML.ComparativeEarlyStopping - INFO -   Decision: CONTINUE
2025-07-28 11:44:26 - AutoML.ComparativeEarlyStopping - INFO - Early stopping evaluation for resnet18:
2025-07-28 11:44:26 - AutoML.ComparativeEarlyStopping - INFO -   Decision scores: {'statistical_significance': 0.0, 'performance_gap': 0.0, 'learning_trend': 0.0, 'resource_efficiency': 0.0}
2025-07-28 11:44:26 - AutoML.ComparativeEarlyStopping - INFO -   Final score: 0.000
2025-07-28 11:44:26 - AutoML.ComparativeEarlyStopping - INFO -   Decision: CONTINUE
2025-07-28 11:46:02 - AutoML.ComparativeEarlyStopping - INFO - Early stopping evaluation for resnet18:
2025-07-28 11:46:02 - AutoML.ComparativeEarlyStopping - INFO -   Decision scores: {'statistical_significance': 0.0, 'performance_gap': 0.0, 'learning_trend': 0.0, 'resource_efficiency': 0.0}
2025-07-28 11:46:02 - AutoML.ComparativeEarlyStopping - INFO -   Final score: 0.000
2025-07-28 11:46:02 - AutoML.ComparativeEarlyStopping - INFO -   Decision: CONTINUE
2025-07-28 11:46:02 - AutoML.Trainer - INFO - Epoch 15/17 - Train Acc: 0.7213, Val Acc: 0.7240, Val Loss: 0.9084, Time: 95.9s
2025-07-28 11:47:39 - AutoML.ComparativeEarlyStopping - INFO - Early stopping evaluation for resnet18:
2025-07-28 11:47:39 - AutoML.ComparativeEarlyStopping - INFO -   Decision scores: {'statistical_significance': 0.0, 'performance_gap': 0.0, 'learning_trend': 0.0, 'resource_efficiency': 0.0}
2025-07-28 11:47:39 - AutoML.ComparativeEarlyStopping - INFO -   Final score: 0.000
2025-07-28 11:47:39 - AutoML.ComparativeEarlyStopping - INFO -   Decision: CONTINUE
2025-07-28 11:49:14 - AutoML.ComparativeEarlyStopping - INFO - Early stopping evaluation for resnet18:
2025-07-28 11:49:14 - AutoML.ComparativeEarlyStopping - INFO -   Decision scores: {'statistical_significance': 0.0, 'performance_gap': 0.0, 'learning_trend': 0.3, 'resource_efficiency': 0.0}
2025-07-28 11:49:14 - AutoML.ComparativeEarlyStopping - INFO -   Final score: 0.075
2025-07-28 11:49:14 - AutoML.ComparativeEarlyStopping - INFO -   Decision: CONTINUE
2025-07-28 11:49:14 - AutoML.Trainer - INFO - Epoch 17/17 - Train Acc: 0.7284, Val Acc: 0.7197, Val Loss: 0.8791, Time: 95.2s
2025-07-28 11:49:14 - AutoML.Trainer - INFO - Training completed for resnet18
2025-07-28 11:49:14 - AutoML.Trainer - INFO - Best validation accuracy: 0.7675
2025-07-28 11:49:14 - AutoML.Trainer - INFO - Total training time: 1600.4s
2025-07-28 11:49:14 - AutoML.Trainer - INFO - Average epoch time: 94.1s
2025-07-28 11:49:14 - AutoML.Trainer - INFO - Evaluating hyperparameters for resnet18: {'learning_rate': 1.1715937392307055e-05, 'optimizer': 'sgd', 'weight_decay': 8.612579192594876e-05, 'batch_size': 16, 'dropout_rate': 0.39087538832936763, 'pretrained': True, 'lr_scheduler': 'step', 'max_epochs': 27, 'momentum': 0.9382811352534675}
2025-07-28 11:49:14 - AutoML.ModelFactory - INFO - Creating resnet18 (pretrained=True, dropout=0.39087538832936763)
2025-07-28 11:49:14 - AutoML - INFO -  Starting: resnet18 creation
2025-07-28 11:49:15 - AutoML.ModelFactory - INFO - resnet18 created successfully:
2025-07-28 11:49:15 - AutoML.ModelFactory - INFO -   Parameters: 11,180,103
2025-07-28 11:49:15 - AutoML.ModelFactory - INFO -   Trainable: 11,180,103
2025-07-28 11:49:15 - AutoML.ModelFactory - INFO -   Model size: 42.65 MB
2025-07-28 11:49:15 - AutoML - INFO -  resnet18 creation completed in 0.59 seconds
2025-07-28 11:49:27 - AutoML.Trainer - INFO - Total classes in dataset: 7
2025-07-28 11:49:27 - AutoML.Trainer - INFO - Classes found in sample: 6
2025-07-28 11:49:27 - AutoML.Trainer - INFO - Sample size: 80 labels
2025-07-28 11:49:27 - AutoML.Trainer - INFO - Class distribution (sample): {0: 2, 1: 4, 2: 11, 4: 9, 5: 52, 6: 2}
2025-07-28 11:49:27 - AutoML.Trainer - INFO - Class weights tensor shape: torch.Size([7])
2025-07-28 11:49:27 - AutoML.Trainer - INFO - Sample class weights range: [0.2564, 6.6667]
2025-07-28 11:49:27 - AutoML.Trainer - INFO - Mean weight for missing classes: 3.2694
2025-07-28 11:57:21 - AutoML.ComparativeEarlyStopping - INFO - Early stopping evaluation for resnet18:
2025-07-28 11:57:21 - AutoML.ComparativeEarlyStopping - INFO -   Decision scores: {'statistical_significance': 0.0, 'performance_gap': 0.0, 'learning_trend': 0.4, 'resource_efficiency': 0.0}
2025-07-28 11:57:21 - AutoML.ComparativeEarlyStopping - INFO -   Final score: 0.100
2025-07-28 11:57:21 - AutoML.ComparativeEarlyStopping - INFO -   Decision: CONTINUE
2025-07-28 11:57:21 - AutoML.Trainer - INFO - Epoch 5/27 - Train Acc: 0.6692, Val Acc: 0.6698, Val Loss: 1.5818, Time: 92.4s
2025-07-28 11:58:49 - AutoML.ComparativeEarlyStopping - INFO - Early stopping evaluation for resnet18:
2025-07-28 11:58:49 - AutoML.ComparativeEarlyStopping - INFO -   Decision scores: {'statistical_significance': 0.0, 'performance_gap': 0.0, 'learning_trend': 0.0, 'resource_efficiency': 0.0}
2025-07-28 11:58:49 - AutoML.ComparativeEarlyStopping - INFO -   Final score: 0.000
2025-07-28 11:58:49 - AutoML.ComparativeEarlyStopping - INFO -   Decision: CONTINUE
2025-07-28 12:00:17 - AutoML.ComparativeEarlyStopping - INFO - Early stopping evaluation for resnet18:
2025-07-28 12:00:17 - AutoML.ComparativeEarlyStopping - INFO -   Decision scores: {'statistical_significance': 0.0, 'performance_gap': 0.0, 'learning_trend': 0.0, 'resource_efficiency': 0.0}
2025-07-28 12:00:17 - AutoML.ComparativeEarlyStopping - INFO -   Final score: 0.000
2025-07-28 12:00:17 - AutoML.ComparativeEarlyStopping - INFO -   Decision: CONTINUE
2025-07-28 12:01:46 - AutoML.ComparativeEarlyStopping - INFO - Early stopping evaluation for resnet18:
2025-07-28 12:01:46 - AutoML.ComparativeEarlyStopping - INFO -   Decision scores: {'statistical_significance': 0.0, 'performance_gap': 0.0, 'learning_trend': 0.0, 'resource_efficiency': 0.0}
2025-07-28 12:01:46 - AutoML.ComparativeEarlyStopping - INFO -   Final score: 0.000
2025-07-28 12:01:46 - AutoML.ComparativeEarlyStopping - INFO -   Decision: CONTINUE
2025-07-28 12:03:15 - AutoML.ComparativeEarlyStopping - INFO - Early stopping evaluation for resnet18:
2025-07-28 12:03:15 - AutoML.ComparativeEarlyStopping - INFO -   Decision scores: {'statistical_significance': 0.0, 'performance_gap': 0.0, 'learning_trend': 0.0, 'resource_efficiency': 0.0}
2025-07-28 12:03:15 - AutoML.ComparativeEarlyStopping - INFO -   Final score: 0.000
2025-07-28 12:03:15 - AutoML.ComparativeEarlyStopping - INFO -   Decision: CONTINUE
2025-07-28 12:04:43 - AutoML.ComparativeEarlyStopping - INFO - Early stopping evaluation for resnet18:
2025-07-28 12:04:43 - AutoML.ComparativeEarlyStopping - INFO -   Decision scores: {'statistical_significance': 0.0, 'performance_gap': 0.0, 'learning_trend': 0.0, 'resource_efficiency': 0.0}
2025-07-28 12:04:43 - AutoML.ComparativeEarlyStopping - INFO -   Final score: 0.000
2025-07-28 12:04:43 - AutoML.ComparativeEarlyStopping - INFO -   Decision: CONTINUE
2025-07-28 12:04:43 - AutoML.Trainer - INFO - Epoch 10/27 - Train Acc: 0.6583, Val Acc: 0.6726, Val Loss: 1.5190, Time: 88.2s
2025-07-28 12:06:11 - AutoML.ComparativeEarlyStopping - INFO - Early stopping evaluation for resnet18:
2025-07-28 12:06:11 - AutoML.ComparativeEarlyStopping - INFO -   Decision scores: {'statistical_significance': 0.0, 'performance_gap': 0.0, 'learning_trend': 0.0, 'resource_efficiency': 0.0}
2025-07-28 12:06:11 - AutoML.ComparativeEarlyStopping - INFO -   Final score: 0.000
2025-07-28 12:06:11 - AutoML.ComparativeEarlyStopping - INFO -   Decision: CONTINUE
2025-07-28 12:07:41 - AutoML.ComparativeEarlyStopping - INFO - Early stopping evaluation for resnet18:
2025-07-28 12:07:41 - AutoML.ComparativeEarlyStopping - INFO -   Decision scores: {'statistical_significance': 0.0, 'performance_gap': 0.0, 'learning_trend': 0.0, 'resource_efficiency': 0.0}
2025-07-28 12:07:41 - AutoML.ComparativeEarlyStopping - INFO -   Final score: 0.000
2025-07-28 12:07:41 - AutoML.ComparativeEarlyStopping - INFO -   Decision: CONTINUE
2025-07-28 12:09:09 - AutoML.ComparativeEarlyStopping - INFO - Early stopping evaluation for resnet18:
2025-07-28 12:09:09 - AutoML.ComparativeEarlyStopping - INFO -   Decision scores: {'statistical_significance': 0.0, 'performance_gap': 0.0, 'learning_trend': 0.3, 'resource_efficiency': 0.0}
2025-07-28 12:09:09 - AutoML.ComparativeEarlyStopping - INFO -   Final score: 0.075
2025-07-28 12:09:09 - AutoML.ComparativeEarlyStopping - INFO -   Decision: CONTINUE
2025-07-28 12:10:38 - AutoML.ComparativeEarlyStopping - INFO - Early stopping evaluation for resnet18:
2025-07-28 12:10:38 - AutoML.ComparativeEarlyStopping - INFO -   Decision scores: {'statistical_significance': 0.0, 'performance_gap': 0.0, 'learning_trend': 0.5, 'resource_efficiency': 0.0}
2025-07-28 12:10:38 - AutoML.ComparativeEarlyStopping - INFO -   Final score: 0.125
2025-07-28 12:10:38 - AutoML.ComparativeEarlyStopping - INFO -   Decision: CONTINUE
2025-07-28 12:12:06 - AutoML.ComparativeEarlyStopping - INFO - Early stopping evaluation for resnet18:
2025-07-28 12:12:06 - AutoML.ComparativeEarlyStopping - INFO -   Decision scores: {'statistical_significance': 0.0, 'performance_gap': 0.0, 'learning_trend': 0.5, 'resource_efficiency': 0.0}
2025-07-28 12:12:06 - AutoML.ComparativeEarlyStopping - INFO -   Final score: 0.125
2025-07-28 12:12:06 - AutoML.ComparativeEarlyStopping - INFO -   Decision: CONTINUE
2025-07-28 12:12:06 - AutoML.Trainer - INFO - Epoch 15/27 - Train Acc: 0.6560, Val Acc: 0.6776, Val Loss: 1.5181, Time: 88.7s
2025-07-28 12:13:35 - AutoML.ComparativeEarlyStopping - INFO - Early stopping evaluation for resnet18:
2025-07-28 12:13:35 - AutoML.ComparativeEarlyStopping - INFO -   Decision scores: {'statistical_significance': 0.0, 'performance_gap': 0.0, 'learning_trend': 0.3, 'resource_efficiency': 0.0}
2025-07-28 12:13:35 - AutoML.ComparativeEarlyStopping - INFO -   Final score: 0.075
2025-07-28 12:13:35 - AutoML.ComparativeEarlyStopping - INFO -   Decision: CONTINUE
2025-07-28 12:15:04 - AutoML.ComparativeEarlyStopping - INFO - Early stopping evaluation for resnet18:
2025-07-28 12:15:04 - AutoML.ComparativeEarlyStopping - INFO -   Decision scores: {'statistical_significance': 0.0, 'performance_gap': 0.0, 'learning_trend': 0.0, 'resource_efficiency': 0.0}
2025-07-28 12:15:04 - AutoML.ComparativeEarlyStopping - INFO -   Final score: 0.000
2025-07-28 12:15:04 - AutoML.ComparativeEarlyStopping - INFO -   Decision: CONTINUE
2025-07-28 12:16:32 - AutoML.ComparativeEarlyStopping - INFO - Early stopping evaluation for resnet18:
2025-07-28 12:16:32 - AutoML.ComparativeEarlyStopping - INFO -   Decision scores: {'statistical_significance': 0.0, 'performance_gap': 0.0, 'learning_trend': 0.5, 'resource_efficiency': 0.0}
2025-07-28 12:16:32 - AutoML.ComparativeEarlyStopping - INFO -   Final score: 0.125
2025-07-28 12:16:32 - AutoML.ComparativeEarlyStopping - INFO -   Decision: CONTINUE
2025-07-28 12:18:01 - AutoML.ComparativeEarlyStopping - INFO - Early stopping evaluation for resnet18:
2025-07-28 12:18:01 - AutoML.ComparativeEarlyStopping - INFO -   Decision scores: {'statistical_significance': 0.0, 'performance_gap': 0.0, 'learning_trend': 0.3, 'resource_efficiency': 0.0}
2025-07-28 12:18:01 - AutoML.ComparativeEarlyStopping - INFO -   Final score: 0.075
2025-07-28 12:18:01 - AutoML.ComparativeEarlyStopping - INFO -   Decision: CONTINUE
2025-07-28 12:19:30 - AutoML.ComparativeEarlyStopping - INFO - Early stopping evaluation for resnet18:
2025-07-28 12:19:30 - AutoML.ComparativeEarlyStopping - INFO -   Decision scores: {'statistical_significance': 0.0, 'performance_gap': 0.0, 'learning_trend': 0.0, 'resource_efficiency': 0.0}
2025-07-28 12:19:30 - AutoML.ComparativeEarlyStopping - INFO -   Final score: 0.000
2025-07-28 12:19:30 - AutoML.ComparativeEarlyStopping - INFO -   Decision: CONTINUE
2025-07-28 12:19:30 - AutoML.Trainer - INFO - Epoch 20/27 - Train Acc: 0.6589, Val Acc: 0.6733, Val Loss: 1.5043, Time: 88.3s
2025-07-28 12:20:58 - AutoML.ComparativeEarlyStopping - INFO - Early stopping evaluation for resnet18:
2025-07-28 12:20:58 - AutoML.ComparativeEarlyStopping - INFO -   Decision scores: {'statistical_significance': 0.0, 'performance_gap': 0.0, 'learning_trend': 0.3, 'resource_efficiency': 0.0}
2025-07-28 12:20:58 - AutoML.ComparativeEarlyStopping - INFO -   Final score: 0.075
2025-07-28 12:20:58 - AutoML.ComparativeEarlyStopping - INFO -   Decision: CONTINUE
2025-07-28 12:22:27 - AutoML.ComparativeEarlyStopping - INFO - Early stopping evaluation for resnet18:
2025-07-28 12:22:27 - AutoML.ComparativeEarlyStopping - INFO -   Decision scores: {'statistical_significance': 0.0, 'performance_gap': 0.0, 'learning_trend': 0.5, 'resource_efficiency': 0.0}
2025-07-28 12:22:27 - AutoML.ComparativeEarlyStopping - INFO -   Final score: 0.125
2025-07-28 12:22:27 - AutoML.ComparativeEarlyStopping - INFO -   Decision: CONTINUE
2025-07-28 12:23:56 - AutoML.ComparativeEarlyStopping - INFO - Early stopping evaluation for resnet18:
2025-07-28 12:23:56 - AutoML.ComparativeEarlyStopping - INFO -   Decision scores: {'statistical_significance': 0.0, 'performance_gap': 0.0, 'learning_trend': 0.5, 'resource_efficiency': 0.0}
2025-07-28 12:23:56 - AutoML.ComparativeEarlyStopping - INFO -   Final score: 0.125
2025-07-28 12:23:56 - AutoML.ComparativeEarlyStopping - INFO -   Decision: CONTINUE
2025-07-28 12:25:25 - AutoML.ComparativeEarlyStopping - INFO - Early stopping evaluation for resnet18:
2025-07-28 12:25:25 - AutoML.ComparativeEarlyStopping - INFO -   Decision scores: {'statistical_significance': 0.0, 'performance_gap': 0.0, 'learning_trend': 0.5, 'resource_efficiency': 0.0}
2025-07-28 12:25:25 - AutoML.ComparativeEarlyStopping - INFO -   Final score: 0.125
2025-07-28 12:25:25 - AutoML.ComparativeEarlyStopping - INFO -   Decision: CONTINUE
2025-07-28 12:26:54 - AutoML.ComparativeEarlyStopping - INFO - Early stopping evaluation for resnet18:
2025-07-28 12:26:54 - AutoML.ComparativeEarlyStopping - INFO -   Decision scores: {'statistical_significance': 0.0, 'performance_gap': 0.0, 'learning_trend': 0.5, 'resource_efficiency': 0.0}
2025-07-28 12:26:54 - AutoML.ComparativeEarlyStopping - INFO -   Final score: 0.125
2025-07-28 12:26:54 - AutoML.ComparativeEarlyStopping - INFO -   Decision: CONTINUE
2025-07-28 12:26:54 - AutoML.Trainer - INFO - Epoch 25/27 - Train Acc: 0.6610, Val Acc: 0.6591, Val Loss: 1.5107, Time: 88.5s
2025-07-28 12:28:22 - AutoML.ComparativeEarlyStopping - INFO - Early stopping evaluation for resnet18:
2025-07-28 12:28:22 - AutoML.ComparativeEarlyStopping - INFO -   Decision scores: {'statistical_significance': 0.0, 'performance_gap': 0.0, 'learning_trend': 0.5, 'resource_efficiency': 0.0}
2025-07-28 12:28:22 - AutoML.ComparativeEarlyStopping - INFO -   Final score: 0.125
2025-07-28 12:28:22 - AutoML.ComparativeEarlyStopping - INFO -   Decision: CONTINUE
2025-07-28 12:29:51 - AutoML.ComparativeEarlyStopping - INFO - Early stopping evaluation for resnet18:
2025-07-28 12:29:51 - AutoML.ComparativeEarlyStopping - INFO -   Decision scores: {'statistical_significance': 0.0, 'performance_gap': 0.0, 'learning_trend': 0.5, 'resource_efficiency': 0.0}
2025-07-28 12:29:51 - AutoML.ComparativeEarlyStopping - INFO -   Final score: 0.125
2025-07-28 12:29:51 - AutoML.ComparativeEarlyStopping - INFO -   Decision: CONTINUE
2025-07-28 12:29:51 - AutoML.Trainer - INFO - Epoch 27/27 - Train Acc: 0.6575, Val Acc: 0.6612, Val Loss: 1.5136, Time: 89.1s
2025-07-28 12:29:51 - AutoML.Trainer - INFO - Training completed for resnet18
2025-07-28 12:29:51 - AutoML.Trainer - INFO - Best validation accuracy: 0.6776
2025-07-28 12:29:51 - AutoML.Trainer - INFO - Total training time: 2424.0s
2025-07-28 12:29:51 - AutoML.Trainer - INFO - Average epoch time: 89.8s
2025-07-28 12:29:51 - AutoML.Trainer - INFO - Evaluating hyperparameters for resnet18: {'learning_rate': 1.5030900645056805e-05, 'optimizer': 'adam', 'weight_decay': 0.00014656553886225324, 'batch_size': 16, 'dropout_rate': 0.18428035290621425, 'pretrained': True, 'lr_scheduler': 'plateau', 'max_epochs': 16, 'momentum': 0.9480330404900775}
2025-07-28 12:29:51 - AutoML.ModelFactory - INFO - Creating resnet18 (pretrained=True, dropout=0.18428035290621425)
2025-07-28 12:29:51 - AutoML - INFO -  Starting: resnet18 creation
2025-07-28 12:29:51 - AutoML.ModelFactory - INFO - resnet18 created successfully:
2025-07-28 12:29:51 - AutoML.ModelFactory - INFO -   Parameters: 11,180,103
2025-07-28 12:29:51 - AutoML.ModelFactory - INFO -   Trainable: 11,180,103
2025-07-28 12:29:51 - AutoML.ModelFactory - INFO -   Model size: 42.65 MB
2025-07-28 12:29:51 - AutoML - INFO -  resnet18 creation completed in 0.29 seconds
2025-07-28 12:30:03 - AutoML.Trainer - INFO - Total classes in dataset: 7
2025-07-28 12:30:03 - AutoML.Trainer - INFO - Classes found in sample: 7
2025-07-28 12:30:03 - AutoML.Trainer - INFO - Sample size: 80 labels
2025-07-28 12:30:03 - AutoML.Trainer - INFO - Class distribution (sample): {0: 4, 1: 2, 2: 5, 3: 1, 4: 7, 5: 60, 6: 1}
2025-07-28 12:30:03 - AutoML.Trainer - INFO - Class weights tensor shape: torch.Size([7])
2025-07-28 12:30:03 - AutoML.Trainer - INFO - Sample class weights range: [0.1905, 11.4286]
2025-07-28 12:30:03 - AutoML.Trainer - INFO - Mean weight for missing classes: 5.0768
2025-07-28 12:37:38 - AutoML.ComparativeEarlyStopping - INFO - Early stopping evaluation for resnet18:
2025-07-28 12:37:38 - AutoML.ComparativeEarlyStopping - INFO -   Decision scores: {'statistical_significance': 0.0, 'performance_gap': 0.0, 'learning_trend': 0.0, 'resource_efficiency': 0.0}
2025-07-28 12:37:38 - AutoML.ComparativeEarlyStopping - INFO -   Final score: 0.000
2025-07-28 12:37:38 - AutoML.ComparativeEarlyStopping - INFO -   Decision: CONTINUE
2025-07-28 12:37:38 - AutoML.Trainer - INFO - Epoch 5/16 - Train Acc: 0.6073, Val Acc: 0.6148, Val Loss: 1.3724, Time: 91.5s
2025-07-28 12:39:08 - AutoML.ComparativeEarlyStopping - INFO - Early stopping evaluation for resnet18:
2025-07-28 12:39:08 - AutoML.ComparativeEarlyStopping - INFO -   Decision scores: {'statistical_significance': 0.0, 'performance_gap': 0.0, 'learning_trend': 0.0, 'resource_efficiency': 0.0}
2025-07-28 12:39:08 - AutoML.ComparativeEarlyStopping - INFO -   Final score: 0.000
2025-07-28 12:39:08 - AutoML.ComparativeEarlyStopping - INFO -   Decision: CONTINUE
2025-07-28 12:40:38 - AutoML.ComparativeEarlyStopping - INFO - Early stopping evaluation for resnet18:
2025-07-28 12:40:38 - AutoML.ComparativeEarlyStopping - INFO -   Decision scores: {'statistical_significance': 0.0, 'performance_gap': 0.0, 'learning_trend': 0.0, 'resource_efficiency': 0.0}
2025-07-28 12:40:38 - AutoML.ComparativeEarlyStopping - INFO -   Final score: 0.000
2025-07-28 12:40:38 - AutoML.ComparativeEarlyStopping - INFO -   Decision: CONTINUE
2025-07-28 12:42:08 - AutoML.ComparativeEarlyStopping - INFO - Early stopping evaluation for resnet18:
2025-07-28 12:42:08 - AutoML.ComparativeEarlyStopping - INFO -   Decision scores: {'statistical_significance': 0.0, 'performance_gap': 0.0, 'learning_trend': 0.0, 'resource_efficiency': 0.0}
2025-07-28 12:42:08 - AutoML.ComparativeEarlyStopping - INFO -   Final score: 0.000
2025-07-28 12:42:08 - AutoML.ComparativeEarlyStopping - INFO -   Decision: CONTINUE
2025-07-28 12:43:38 - AutoML.ComparativeEarlyStopping - INFO - Early stopping evaluation for resnet18:
2025-07-28 12:43:38 - AutoML.ComparativeEarlyStopping - INFO -   Decision scores: {'statistical_significance': 0.0, 'performance_gap': 0.0, 'learning_trend': 0.0, 'resource_efficiency': 0.0}
2025-07-28 12:43:38 - AutoML.ComparativeEarlyStopping - INFO -   Final score: 0.000
2025-07-28 12:43:38 - AutoML.ComparativeEarlyStopping - INFO -   Decision: CONTINUE
2025-07-28 12:45:09 - AutoML.ComparativeEarlyStopping - INFO - Early stopping evaluation for resnet18:
2025-07-28 12:45:09 - AutoML.ComparativeEarlyStopping - INFO -   Decision scores: {'statistical_significance': 0.0, 'performance_gap': 0.0, 'learning_trend': 0.0, 'resource_efficiency': 0.0}
2025-07-28 12:45:09 - AutoML.ComparativeEarlyStopping - INFO -   Final score: 0.000
2025-07-28 12:45:09 - AutoML.ComparativeEarlyStopping - INFO -   Decision: CONTINUE
2025-07-28 12:45:09 - AutoML.Trainer - INFO - Epoch 10/16 - Train Acc: 0.6418, Val Acc: 0.6476, Val Loss: 1.2488, Time: 91.3s
2025-07-28 12:46:46 - AutoML.ComparativeEarlyStopping - INFO - Early stopping evaluation for resnet18:
2025-07-28 12:46:46 - AutoML.ComparativeEarlyStopping - INFO -   Decision scores: {'statistical_significance': 0.0, 'performance_gap': 0.0, 'learning_trend': 0.0, 'resource_efficiency': 0.0}
2025-07-28 12:46:46 - AutoML.ComparativeEarlyStopping - INFO -   Final score: 0.000
2025-07-28 12:46:46 - AutoML.ComparativeEarlyStopping - INFO -   Decision: CONTINUE
2025-07-28 12:48:25 - AutoML.ComparativeEarlyStopping - INFO - Early stopping evaluation for resnet18:
2025-07-28 12:48:25 - AutoML.ComparativeEarlyStopping - INFO -   Decision scores: {'statistical_significance': 0.0, 'performance_gap': 0.0, 'learning_trend': 0.0, 'resource_efficiency': 0.0}
2025-07-28 12:48:25 - AutoML.ComparativeEarlyStopping - INFO -   Final score: 0.000
2025-07-28 12:48:25 - AutoML.ComparativeEarlyStopping - INFO -   Decision: CONTINUE
2025-07-28 12:50:06 - AutoML.ComparativeEarlyStopping - INFO - Early stopping evaluation for resnet18:
2025-07-28 12:50:06 - AutoML.ComparativeEarlyStopping - INFO -   Decision scores: {'statistical_significance': 0.0, 'performance_gap': 0.0, 'learning_trend': 0.0, 'resource_efficiency': 0.0}
2025-07-28 12:50:06 - AutoML.ComparativeEarlyStopping - INFO -   Final score: 0.000
2025-07-28 12:50:06 - AutoML.ComparativeEarlyStopping - INFO -   Decision: CONTINUE
2025-07-28 12:51:47 - AutoML.ComparativeEarlyStopping - INFO - Early stopping evaluation for resnet18:
2025-07-28 12:51:47 - AutoML.ComparativeEarlyStopping - INFO -   Decision scores: {'statistical_significance': 0.0, 'performance_gap': 0.0, 'learning_trend': 0.0, 'resource_efficiency': 0.0}
2025-07-28 12:51:47 - AutoML.ComparativeEarlyStopping - INFO -   Final score: 0.000
2025-07-28 12:51:47 - AutoML.ComparativeEarlyStopping - INFO -   Decision: CONTINUE
2025-07-28 12:53:29 - AutoML.ComparativeEarlyStopping - INFO - Early stopping evaluation for resnet18:
2025-07-28 12:53:29 - AutoML.ComparativeEarlyStopping - INFO -   Decision scores: {'statistical_significance': 0.0, 'performance_gap': 0.0, 'learning_trend': 0.0, 'resource_efficiency': 0.0}
2025-07-28 12:53:29 - AutoML.ComparativeEarlyStopping - INFO -   Final score: 0.000
2025-07-28 12:53:29 - AutoML.ComparativeEarlyStopping - INFO -   Decision: CONTINUE
2025-07-28 12:53:29 - AutoML.Trainer - INFO - Epoch 15/16 - Train Acc: 0.6443, Val Acc: 0.6434, Val Loss: 1.1661, Time: 101.3s
2025-07-28 12:55:11 - AutoML.ComparativeEarlyStopping - INFO - Early stopping evaluation for resnet18:
2025-07-28 12:55:11 - AutoML.ComparativeEarlyStopping - INFO -   Decision scores: {'statistical_significance': 0.0, 'performance_gap': 0.0, 'learning_trend': 0.5, 'resource_efficiency': 0.0}
2025-07-28 12:55:11 - AutoML.ComparativeEarlyStopping - INFO -   Final score: 0.125
2025-07-28 12:55:11 - AutoML.ComparativeEarlyStopping - INFO -   Decision: CONTINUE
2025-07-28 12:55:11 - AutoML.Trainer - INFO - Epoch 16/16 - Train Acc: 0.6607, Val Acc: 0.6612, Val Loss: 1.1261, Time: 102.5s
2025-07-28 12:55:11 - AutoML.Trainer - INFO - Training completed for resnet18
2025-07-28 12:55:11 - AutoML.Trainer - INFO - Best validation accuracy: 0.6819
2025-07-28 12:55:11 - AutoML.Trainer - INFO - Total training time: 1508.2s
2025-07-28 12:55:11 - AutoML.Trainer - INFO - Average epoch time: 94.3s
2025-07-28 12:55:11 - AutoML.Trainer - INFO - Evaluating hyperparameters for resnet18: {'learning_rate': 0.0003503398491158688, 'optimizer': 'adam', 'weight_decay': 0.001319994226153501, 'batch_size': 16, 'dropout_rate': 0.2075397185632818, 'pretrained': True, 'lr_scheduler': 'step', 'max_epochs': 21, 'momentum': 0.8095337525429036}
2025-07-28 12:55:11 - AutoML.ModelFactory - INFO - Creating resnet18 (pretrained=True, dropout=0.2075397185632818)
2025-07-28 12:55:11 - AutoML - INFO -  Starting: resnet18 creation
2025-07-28 12:55:12 - AutoML.ModelFactory - INFO - resnet18 created successfully:
2025-07-28 12:55:12 - AutoML.ModelFactory - INFO -   Parameters: 11,180,103
2025-07-28 12:55:12 - AutoML.ModelFactory - INFO -   Trainable: 11,180,103
2025-07-28 12:55:12 - AutoML.ModelFactory - INFO -   Model size: 42.65 MB
2025-07-28 12:55:12 - AutoML - INFO -  resnet18 creation completed in 0.44 seconds
2025-07-28 12:55:24 - AutoML.Trainer - INFO - Total classes in dataset: 7
2025-07-28 12:55:24 - AutoML.Trainer - INFO - Classes found in sample: 6
2025-07-28 12:55:24 - AutoML.Trainer - INFO - Sample size: 80 labels
2025-07-28 12:55:24 - AutoML.Trainer - INFO - Class distribution (sample): {0: 3, 1: 2, 2: 17, 4: 9, 5: 47, 6: 2}
2025-07-28 12:55:24 - AutoML.Trainer - INFO - Class weights tensor shape: torch.Size([7])
2025-07-28 12:55:24 - AutoML.Trainer - INFO - Sample class weights range: [0.2837, 6.6667]
2025-07-28 12:55:24 - AutoML.Trainer - INFO - Mean weight for missing classes: 3.3879
2025-07-28 13:03:45 - AutoML.ComparativeEarlyStopping - INFO - Early stopping evaluation for resnet18:
2025-07-28 13:03:45 - AutoML.ComparativeEarlyStopping - INFO -   Decision scores: {'statistical_significance': 0.0, 'performance_gap': 0.0, 'learning_trend': 0.0, 'resource_efficiency': 0.0}
2025-07-28 13:03:45 - AutoML.ComparativeEarlyStopping - INFO -   Final score: 0.000
2025-07-28 13:03:45 - AutoML.ComparativeEarlyStopping - INFO -   Decision: CONTINUE
2025-07-28 13:03:45 - AutoML.Trainer - INFO - Epoch 5/21 - Train Acc: 0.6254, Val Acc: 0.6134, Val Loss: 1.2748, Time: 102.8s
2025-07-28 13:05:39 - AutoML.ComparativeEarlyStopping - INFO - Early stopping evaluation for resnet18:
2025-07-28 13:05:39 - AutoML.ComparativeEarlyStopping - INFO -   Decision scores: {'statistical_significance': 0.0, 'performance_gap': 0.0, 'learning_trend': 0.0, 'resource_efficiency': 0.0}
2025-07-28 13:05:39 - AutoML.ComparativeEarlyStopping - INFO -   Final score: 0.000
2025-07-28 13:05:39 - AutoML.ComparativeEarlyStopping - INFO -   Decision: CONTINUE
2025-07-28 13:07:17 - AutoML.ComparativeEarlyStopping - INFO - Early stopping evaluation for resnet18:
2025-07-28 13:07:17 - AutoML.ComparativeEarlyStopping - INFO -   Decision scores: {'statistical_significance': 0.0, 'performance_gap': 0.0, 'learning_trend': 0.0, 'resource_efficiency': 0.0}
2025-07-28 13:07:17 - AutoML.ComparativeEarlyStopping - INFO -   Final score: 0.000
2025-07-28 13:07:17 - AutoML.ComparativeEarlyStopping - INFO -   Decision: CONTINUE
2025-07-28 13:08:54 - AutoML.ComparativeEarlyStopping - INFO - Early stopping evaluation for resnet18:
2025-07-28 13:08:54 - AutoML.ComparativeEarlyStopping - INFO -   Decision scores: {'statistical_significance': 0.0, 'performance_gap': 0.0, 'learning_trend': 0.0, 'resource_efficiency': 0.0}
2025-07-28 13:08:54 - AutoML.ComparativeEarlyStopping - INFO -   Final score: 0.000
2025-07-28 13:08:54 - AutoML.ComparativeEarlyStopping - INFO -   Decision: CONTINUE
2025-07-28 13:10:23 - AutoML.ComparativeEarlyStopping - INFO - Early stopping evaluation for resnet18:
2025-07-28 13:10:23 - AutoML.ComparativeEarlyStopping - INFO -   Decision scores: {'statistical_significance': 0.0, 'performance_gap': 0.0, 'learning_trend': 0.0, 'resource_efficiency': 0.0}
2025-07-28 13:10:23 - AutoML.ComparativeEarlyStopping - INFO -   Final score: 0.000
2025-07-28 13:10:23 - AutoML.ComparativeEarlyStopping - INFO -   Decision: CONTINUE
2025-07-28 13:11:53 - AutoML.ComparativeEarlyStopping - INFO - Early stopping evaluation for resnet18:
2025-07-28 13:11:53 - AutoML.ComparativeEarlyStopping - INFO -   Decision scores: {'statistical_significance': 0.0, 'performance_gap': 0.0, 'learning_trend': 0.0, 'resource_efficiency': 0.0}
2025-07-28 13:11:53 - AutoML.ComparativeEarlyStopping - INFO -   Final score: 0.000
2025-07-28 13:11:53 - AutoML.ComparativeEarlyStopping - INFO -   Decision: CONTINUE
2025-07-28 13:11:53 - AutoML.Trainer - INFO - Epoch 10/21 - Train Acc: 0.6298, Val Acc: 0.6605, Val Loss: 1.2563, Time: 89.5s
2025-07-28 13:13:22 - AutoML.ComparativeEarlyStopping - INFO - Early stopping evaluation for resnet18:
2025-07-28 13:13:22 - AutoML.ComparativeEarlyStopping - INFO -   Decision scores: {'statistical_significance': 0.0, 'performance_gap': 0.0, 'learning_trend': 0.0, 'resource_efficiency': 0.0}
2025-07-28 13:13:22 - AutoML.ComparativeEarlyStopping - INFO -   Final score: 0.000
2025-07-28 13:13:22 - AutoML.ComparativeEarlyStopping - INFO -   Decision: CONTINUE
2025-07-28 13:14:53 - AutoML.ComparativeEarlyStopping - INFO - Early stopping evaluation for resnet18:
2025-07-28 13:14:53 - AutoML.ComparativeEarlyStopping - INFO -   Decision scores: {'statistical_significance': 0.0, 'performance_gap': 0.0, 'learning_trend': 0.0, 'resource_efficiency': 0.0}
2025-07-28 13:14:53 - AutoML.ComparativeEarlyStopping - INFO -   Final score: 0.000
2025-07-28 13:14:53 - AutoML.ComparativeEarlyStopping - INFO -   Decision: CONTINUE
2025-07-28 13:16:23 - AutoML.ComparativeEarlyStopping - INFO - Early stopping evaluation for resnet18:
2025-07-28 13:16:23 - AutoML.ComparativeEarlyStopping - INFO -   Decision scores: {'statistical_significance': 0.0, 'performance_gap': 0.0, 'learning_trend': 0.0, 'resource_efficiency': 0.0}
2025-07-28 13:16:23 - AutoML.ComparativeEarlyStopping - INFO -   Final score: 0.000
2025-07-28 13:16:23 - AutoML.ComparativeEarlyStopping - INFO -   Decision: CONTINUE
2025-07-28 13:17:59 - AutoML.ComparativeEarlyStopping - INFO - Early stopping evaluation for resnet18:
2025-07-28 13:17:59 - AutoML.ComparativeEarlyStopping - INFO -   Decision scores: {'statistical_significance': 0.0, 'performance_gap': 0.0, 'learning_trend': 0.0, 'resource_efficiency': 0.0}
2025-07-28 13:17:59 - AutoML.ComparativeEarlyStopping - INFO -   Final score: 0.000
2025-07-28 13:17:59 - AutoML.ComparativeEarlyStopping - INFO -   Decision: CONTINUE
2025-07-28 13:19:38 - AutoML.ComparativeEarlyStopping - INFO - Early stopping evaluation for resnet18:
2025-07-28 13:19:38 - AutoML.ComparativeEarlyStopping - INFO -   Decision scores: {'statistical_significance': 0.0, 'performance_gap': 0.0, 'learning_trend': 0.5, 'resource_efficiency': 0.0}
2025-07-28 13:19:38 - AutoML.ComparativeEarlyStopping - INFO -   Final score: 0.125
2025-07-28 13:19:38 - AutoML.ComparativeEarlyStopping - INFO -   Decision: CONTINUE
2025-07-28 13:19:38 - AutoML.Trainer - INFO - Epoch 15/21 - Train Acc: 0.6553, Val Acc: 0.6619, Val Loss: 1.1585, Time: 99.2s
2025-07-28 13:21:07 - AutoML.ComparativeEarlyStopping - INFO - Early stopping evaluation for resnet18:
2025-07-28 13:21:07 - AutoML.ComparativeEarlyStopping - INFO -   Decision scores: {'statistical_significance': 0.0, 'performance_gap': 0.0, 'learning_trend': 0.0, 'resource_efficiency': 0.0}
2025-07-28 13:21:07 - AutoML.ComparativeEarlyStopping - INFO -   Final score: 0.000
2025-07-28 13:21:07 - AutoML.ComparativeEarlyStopping - INFO -   Decision: CONTINUE
2025-07-28 13:22:39 - AutoML.ComparativeEarlyStopping - INFO - Early stopping evaluation for resnet18:
2025-07-28 13:22:39 - AutoML.ComparativeEarlyStopping - INFO -   Decision scores: {'statistical_significance': 0.0, 'performance_gap': 0.0, 'learning_trend': 0.0, 'resource_efficiency': 0.0}
2025-07-28 13:22:39 - AutoML.ComparativeEarlyStopping - INFO -   Final score: 0.000
2025-07-28 13:22:39 - AutoML.ComparativeEarlyStopping - INFO -   Decision: CONTINUE
2025-07-28 13:24:08 - AutoML.ComparativeEarlyStopping - INFO - Early stopping evaluation for resnet18:
2025-07-28 13:24:08 - AutoML.ComparativeEarlyStopping - INFO -   Decision scores: {'statistical_significance': 0.0, 'performance_gap': 0.0, 'learning_trend': 0.0, 'resource_efficiency': 0.0}
2025-07-28 13:24:08 - AutoML.ComparativeEarlyStopping - INFO -   Final score: 0.000
2025-07-28 13:24:08 - AutoML.ComparativeEarlyStopping - INFO -   Decision: CONTINUE
2025-07-28 13:25:40 - AutoML.ComparativeEarlyStopping - INFO - Early stopping evaluation for resnet18:
2025-07-28 13:25:40 - AutoML.ComparativeEarlyStopping - INFO -   Decision scores: {'statistical_significance': 0.0, 'performance_gap': 0.0, 'learning_trend': 0.0, 'resource_efficiency': 0.0}
2025-07-28 13:25:40 - AutoML.ComparativeEarlyStopping - INFO -   Final score: 0.000
2025-07-28 13:25:40 - AutoML.ComparativeEarlyStopping - INFO -   Decision: CONTINUE
2025-07-28 13:27:15 - AutoML.ComparativeEarlyStopping - INFO - Early stopping evaluation for resnet18:
2025-07-28 13:27:15 - AutoML.ComparativeEarlyStopping - INFO -   Decision scores: {'statistical_significance': 0.0, 'performance_gap': 0.0, 'learning_trend': 0.0, 'resource_efficiency': 0.0}
2025-07-28 13:27:15 - AutoML.ComparativeEarlyStopping - INFO -   Final score: 0.000
2025-07-28 13:27:15 - AutoML.ComparativeEarlyStopping - INFO -   Decision: CONTINUE
2025-07-28 13:27:15 - AutoML.Trainer - INFO - Epoch 20/21 - Train Acc: 0.6642, Val Acc: 0.6733, Val Loss: 1.0969, Time: 94.3s
2025-07-28 13:28:45 - AutoML.ComparativeEarlyStopping - INFO - Early stopping evaluation for resnet18:
2025-07-28 13:28:45 - AutoML.ComparativeEarlyStopping - INFO -   Decision scores: {'statistical_significance': 0.0, 'performance_gap': 0.0, 'learning_trend': 0.0, 'resource_efficiency': 0.0}
2025-07-28 13:28:45 - AutoML.ComparativeEarlyStopping - INFO -   Final score: 0.000
2025-07-28 13:28:45 - AutoML.ComparativeEarlyStopping - INFO -   Decision: CONTINUE
2025-07-28 13:28:45 - AutoML.Trainer - INFO - Epoch 21/21 - Train Acc: 0.6635, Val Acc: 0.6769, Val Loss: 1.0919, Time: 90.7s
2025-07-28 13:28:45 - AutoML.Trainer - INFO - Training completed for resnet18
2025-07-28 13:28:45 - AutoML.Trainer - INFO - Best validation accuracy: 0.6940
2025-07-28 13:28:45 - AutoML.Trainer - INFO - Total training time: 2001.1s
2025-07-28 13:28:45 - AutoML.Trainer - INFO - Average epoch time: 95.3s
2025-07-28 13:28:45 - AutoML.Trainer - INFO - Evaluating hyperparameters for resnet18: {'learning_rate': 4.187594718900626e-05, 'optimizer': 'adamw', 'weight_decay': 0.0045881565491609705, 'batch_size': 32, 'dropout_rate': 0.3282355145850693, 'pretrained': True, 'lr_scheduler': 'step', 'max_epochs': 25, 'momentum': 0.8641311527537825}
2025-07-28 13:28:45 - AutoML.ModelFactory - INFO - Creating resnet18 (pretrained=True, dropout=0.3282355145850693)
2025-07-28 13:28:45 - AutoML - INFO -  Starting: resnet18 creation
2025-07-28 13:28:46 - AutoML.ModelFactory - INFO - resnet18 created successfully:
2025-07-28 13:28:46 - AutoML.ModelFactory - INFO -   Parameters: 11,180,103
2025-07-28 13:28:46 - AutoML.ModelFactory - INFO -   Trainable: 11,180,103
2025-07-28 13:28:46 - AutoML.ModelFactory - INFO -   Model size: 42.65 MB
2025-07-28 13:28:46 - AutoML - INFO -  resnet18 creation completed in 0.33 seconds
2025-07-28 13:28:58 - AutoML.Trainer - INFO - Total classes in dataset: 7
2025-07-28 13:28:58 - AutoML.Trainer - INFO - Classes found in sample: 7
2025-07-28 13:28:58 - AutoML.Trainer - INFO - Sample size: 80 labels
2025-07-28 13:28:58 - AutoML.Trainer - INFO - Class distribution (sample): {0: 5, 1: 1, 2: 5, 3: 2, 4: 11, 5: 55, 6: 1}
2025-07-28 13:28:58 - AutoML.Trainer - INFO - Class weights tensor shape: torch.Size([7])
2025-07-28 13:28:58 - AutoML.Trainer - INFO - Sample class weights range: [0.2078, 11.4286]
2025-07-28 13:28:58 - AutoML.Trainer - INFO - Mean weight for missing classes: 4.9128
2025-07-28 13:36:30 - AutoML.ComparativeEarlyStopping - INFO - Early stopping evaluation for resnet18:
2025-07-28 13:36:30 - AutoML.ComparativeEarlyStopping - INFO -   Decision scores: {'statistical_significance': 0.0, 'performance_gap': 0.0, 'learning_trend': 0.0, 'resource_efficiency': 0.0}
2025-07-28 13:36:30 - AutoML.ComparativeEarlyStopping - INFO -   Final score: 0.000
2025-07-28 13:36:30 - AutoML.ComparativeEarlyStopping - INFO -   Decision: CONTINUE
2025-07-28 13:36:30 - AutoML.Trainer - INFO - Epoch 5/25 - Train Acc: 0.6466, Val Acc: 0.6498, Val Loss: 1.1697, Time: 90.1s
2025-07-28 13:38:01 - AutoML.ComparativeEarlyStopping - INFO - Early stopping evaluation for resnet18:
2025-07-28 13:38:01 - AutoML.ComparativeEarlyStopping - INFO -   Decision scores: {'statistical_significance': 0.0, 'performance_gap': 0.0, 'learning_trend': 0.0, 'resource_efficiency': 0.0}
2025-07-28 13:38:01 - AutoML.ComparativeEarlyStopping - INFO -   Final score: 0.000
2025-07-28 13:38:01 - AutoML.ComparativeEarlyStopping - INFO -   Decision: CONTINUE
2025-07-28 13:39:31 - AutoML.ComparativeEarlyStopping - INFO - Early stopping evaluation for resnet18:
2025-07-28 13:39:31 - AutoML.ComparativeEarlyStopping - INFO -   Decision scores: {'statistical_significance': 0.0, 'performance_gap': 0.0, 'learning_trend': 0.0, 'resource_efficiency': 0.0}
2025-07-28 13:39:31 - AutoML.ComparativeEarlyStopping - INFO -   Final score: 0.000
2025-07-28 13:39:31 - AutoML.ComparativeEarlyStopping - INFO -   Decision: CONTINUE
2025-07-28 13:41:04 - AutoML.ComparativeEarlyStopping - INFO - Early stopping evaluation for resnet18:
2025-07-28 13:41:04 - AutoML.ComparativeEarlyStopping - INFO -   Decision scores: {'statistical_significance': 0.0, 'performance_gap': 0.0, 'learning_trend': 0.0, 'resource_efficiency': 0.0}
2025-07-28 13:41:04 - AutoML.ComparativeEarlyStopping - INFO -   Final score: 0.000
2025-07-28 13:41:04 - AutoML.ComparativeEarlyStopping - INFO -   Decision: CONTINUE
2025-07-28 13:42:34 - AutoML.ComparativeEarlyStopping - INFO - Early stopping evaluation for resnet18:
2025-07-28 13:42:34 - AutoML.ComparativeEarlyStopping - INFO -   Decision scores: {'statistical_significance': 0.0, 'performance_gap': 0.0, 'learning_trend': 0.0, 'resource_efficiency': 0.0}
2025-07-28 13:42:34 - AutoML.ComparativeEarlyStopping - INFO -   Final score: 0.000
2025-07-28 13:42:34 - AutoML.ComparativeEarlyStopping - INFO -   Decision: CONTINUE
2025-07-28 13:44:05 - AutoML.ComparativeEarlyStopping - INFO - Early stopping evaluation for resnet18:
2025-07-28 13:44:05 - AutoML.ComparativeEarlyStopping - INFO -   Decision scores: {'statistical_significance': 0.0, 'performance_gap': 0.0, 'learning_trend': 0.0, 'resource_efficiency': 0.0}
2025-07-28 13:44:05 - AutoML.ComparativeEarlyStopping - INFO -   Final score: 0.000
2025-07-28 13:44:05 - AutoML.ComparativeEarlyStopping - INFO -   Decision: CONTINUE
2025-07-28 13:44:05 - AutoML.Trainer - INFO - Epoch 10/25 - Train Acc: 0.6751, Val Acc: 0.6969, Val Loss: 1.0214, Time: 90.2s
2025-07-28 13:45:36 - AutoML.ComparativeEarlyStopping - INFO - Early stopping evaluation for resnet18:
2025-07-28 13:45:36 - AutoML.ComparativeEarlyStopping - INFO -   Decision scores: {'statistical_significance': 0.0, 'performance_gap': 0.0, 'learning_trend': 0.0, 'resource_efficiency': 0.0}
2025-07-28 13:45:36 - AutoML.ComparativeEarlyStopping - INFO -   Final score: 0.000
2025-07-28 13:45:36 - AutoML.ComparativeEarlyStopping - INFO -   Decision: CONTINUE
2025-07-28 13:47:06 - AutoML.ComparativeEarlyStopping - INFO - Early stopping evaluation for resnet18:
2025-07-28 13:47:06 - AutoML.ComparativeEarlyStopping - INFO -   Decision scores: {'statistical_significance': 0.0, 'performance_gap': 0.0, 'learning_trend': 0.0, 'resource_efficiency': 0.0}
2025-07-28 13:47:06 - AutoML.ComparativeEarlyStopping - INFO -   Final score: 0.000
2025-07-28 13:47:06 - AutoML.ComparativeEarlyStopping - INFO -   Decision: CONTINUE
2025-07-28 13:48:39 - AutoML.ComparativeEarlyStopping - INFO - Early stopping evaluation for resnet18:
2025-07-28 13:48:39 - AutoML.ComparativeEarlyStopping - INFO -   Decision scores: {'statistical_significance': 0.0, 'performance_gap': 0.0, 'learning_trend': 0.0, 'resource_efficiency': 0.0}
2025-07-28 13:48:39 - AutoML.ComparativeEarlyStopping - INFO -   Final score: 0.000
2025-07-28 13:48:39 - AutoML.ComparativeEarlyStopping - INFO -   Decision: CONTINUE
2025-07-28 13:50:09 - AutoML.ComparativeEarlyStopping - INFO - Early stopping evaluation for resnet18:
2025-07-28 13:50:09 - AutoML.ComparativeEarlyStopping - INFO -   Decision scores: {'statistical_significance': 0.0, 'performance_gap': 0.0, 'learning_trend': 0.0, 'resource_efficiency': 0.0}
2025-07-28 13:50:09 - AutoML.ComparativeEarlyStopping - INFO -   Final score: 0.000
2025-07-28 13:50:09 - AutoML.ComparativeEarlyStopping - INFO -   Decision: CONTINUE
2025-07-28 13:51:40 - AutoML.ComparativeEarlyStopping - INFO - Early stopping evaluation for resnet18:
2025-07-28 13:51:40 - AutoML.ComparativeEarlyStopping - INFO -   Decision scores: {'statistical_significance': 0.0, 'performance_gap': 0.0, 'learning_trend': 0.0, 'resource_efficiency': 0.0}
2025-07-28 13:51:40 - AutoML.ComparativeEarlyStopping - INFO -   Final score: 0.000
2025-07-28 13:51:40 - AutoML.ComparativeEarlyStopping - INFO -   Decision: CONTINUE
2025-07-28 13:51:40 - AutoML.Trainer - INFO - Epoch 15/25 - Train Acc: 0.6908, Val Acc: 0.7076, Val Loss: 1.0049, Time: 90.5s
2025-07-28 13:53:10 - AutoML.ComparativeEarlyStopping - INFO - Early stopping evaluation for resnet18:
2025-07-28 13:53:10 - AutoML.ComparativeEarlyStopping - INFO -   Decision scores: {'statistical_significance': 0.0, 'performance_gap': 0.0, 'learning_trend': 0.0, 'resource_efficiency': 0.0}
2025-07-28 13:53:10 - AutoML.ComparativeEarlyStopping - INFO -   Final score: 0.000
2025-07-28 13:53:10 - AutoML.ComparativeEarlyStopping - INFO -   Decision: CONTINUE
2025-07-28 13:54:44 - AutoML.ComparativeEarlyStopping - INFO - Early stopping evaluation for resnet18:
2025-07-28 13:54:44 - AutoML.ComparativeEarlyStopping - INFO -   Decision scores: {'statistical_significance': 0.0, 'performance_gap': 0.0, 'learning_trend': 0.0, 'resource_efficiency': 0.0}
2025-07-28 13:54:44 - AutoML.ComparativeEarlyStopping - INFO -   Final score: 0.000
2025-07-28 13:54:44 - AutoML.ComparativeEarlyStopping - INFO -   Decision: CONTINUE
2025-07-28 13:56:17 - AutoML.ComparativeEarlyStopping - INFO - Early stopping evaluation for resnet18:
2025-07-28 13:56:17 - AutoML.ComparativeEarlyStopping - INFO -   Decision scores: {'statistical_significance': 0.0, 'performance_gap': 0.0, 'learning_trend': 0.0, 'resource_efficiency': 0.0}
2025-07-28 13:56:17 - AutoML.ComparativeEarlyStopping - INFO -   Final score: 0.000
2025-07-28 13:56:17 - AutoML.ComparativeEarlyStopping - INFO -   Decision: CONTINUE
2025-07-28 13:57:48 - AutoML.ComparativeEarlyStopping - INFO - Early stopping evaluation for resnet18:
2025-07-28 13:57:48 - AutoML.ComparativeEarlyStopping - INFO -   Decision scores: {'statistical_significance': 0.0, 'performance_gap': 0.0, 'learning_trend': 0.0, 'resource_efficiency': 0.0}
2025-07-28 13:57:48 - AutoML.ComparativeEarlyStopping - INFO -   Final score: 0.000
2025-07-28 13:57:48 - AutoML.ComparativeEarlyStopping - INFO -   Decision: CONTINUE
2025-07-28 13:59:19 - AutoML.ComparativeEarlyStopping - INFO - Early stopping evaluation for resnet18:
2025-07-28 13:59:19 - AutoML.ComparativeEarlyStopping - INFO -   Decision scores: {'statistical_significance': 0.0, 'performance_gap': 0.0, 'learning_trend': 0.0, 'resource_efficiency': 0.0}
2025-07-28 13:59:19 - AutoML.ComparativeEarlyStopping - INFO -   Final score: 0.000
2025-07-28 13:59:19 - AutoML.ComparativeEarlyStopping - INFO -   Decision: CONTINUE
2025-07-28 13:59:19 - AutoML.Trainer - INFO - Epoch 20/25 - Train Acc: 0.6945, Val Acc: 0.7068, Val Loss: 0.9964, Time: 90.5s
2025-07-28 14:00:50 - AutoML.ComparativeEarlyStopping - INFO - Early stopping evaluation for resnet18:
2025-07-28 14:00:50 - AutoML.ComparativeEarlyStopping - INFO -   Decision scores: {'statistical_significance': 0.0, 'performance_gap': 0.0, 'learning_trend': 0.0, 'resource_efficiency': 0.0}
2025-07-28 14:00:50 - AutoML.ComparativeEarlyStopping - INFO -   Final score: 0.000
2025-07-28 14:00:50 - AutoML.ComparativeEarlyStopping - INFO -   Decision: CONTINUE
2025-07-28 14:02:21 - AutoML.ComparativeEarlyStopping - INFO - Early stopping evaluation for resnet18:
2025-07-28 14:02:21 - AutoML.ComparativeEarlyStopping - INFO -   Decision scores: {'statistical_significance': 0.0, 'performance_gap': 0.0, 'learning_trend': 0.0, 'resource_efficiency': 0.0}
2025-07-28 14:02:21 - AutoML.ComparativeEarlyStopping - INFO -   Final score: 0.000
2025-07-28 14:02:21 - AutoML.ComparativeEarlyStopping - INFO -   Decision: CONTINUE
2025-07-28 14:03:59 - AutoML.ComparativeEarlyStopping - INFO - Early stopping evaluation for resnet18:
2025-07-28 14:03:59 - AutoML.ComparativeEarlyStopping - INFO -   Decision scores: {'statistical_significance': 0.0, 'performance_gap': 0.0, 'learning_trend': 0.0, 'resource_efficiency': 0.0}
2025-07-28 14:03:59 - AutoML.ComparativeEarlyStopping - INFO -   Final score: 0.000
2025-07-28 14:03:59 - AutoML.ComparativeEarlyStopping - INFO -   Decision: CONTINUE
2025-07-28 14:05:52 - AutoML.ComparativeEarlyStopping - INFO - Early stopping evaluation for resnet18:
2025-07-28 14:05:52 - AutoML.ComparativeEarlyStopping - INFO -   Decision scores: {'statistical_significance': 0.0, 'performance_gap': 0.0, 'learning_trend': 0.0, 'resource_efficiency': 0.0}
2025-07-28 14:05:52 - AutoML.ComparativeEarlyStopping - INFO -   Final score: 0.000
2025-07-28 14:05:52 - AutoML.ComparativeEarlyStopping - INFO -   Decision: CONTINUE
2025-07-28 14:08:10 - AutoML.ComparativeEarlyStopping - INFO - Early stopping evaluation for resnet18:
2025-07-28 14:08:10 - AutoML.ComparativeEarlyStopping - INFO -   Decision scores: {'statistical_significance': 0.0, 'performance_gap': 0.0, 'learning_trend': 0.0, 'resource_efficiency': 0.0}
2025-07-28 14:08:10 - AutoML.ComparativeEarlyStopping - INFO -   Final score: 0.000
2025-07-28 14:08:10 - AutoML.ComparativeEarlyStopping - INFO -   Decision: CONTINUE
2025-07-28 14:08:10 - AutoML.Trainer - INFO - Epoch 25/25 - Train Acc: 0.6888, Val Acc: 0.7026, Val Loss: 1.0080, Time: 137.8s
2025-07-28 14:08:10 - AutoML.Trainer - INFO - Training completed for resnet18
2025-07-28 14:08:10 - AutoML.Trainer - INFO - Best validation accuracy: 0.7133
2025-07-28 14:08:10 - AutoML.Trainer - INFO - Total training time: 2352.2s
2025-07-28 14:08:10 - AutoML.Trainer - INFO - Average epoch time: 94.1s
2025-07-28 14:08:10 - AutoML.Trainer - INFO - Evaluating hyperparameters for resnet18: {'learning_rate': 1.1241862095793047e-05, 'optimizer': 'adam', 'weight_decay': 8.771380343280557e-05, 'batch_size': 16, 'dropout_rate': 0.22311487691068893, 'pretrained': True, 'lr_scheduler': 'cosine', 'max_epochs': 21, 'momentum': 0.8241831930881007}
2025-07-28 14:08:10 - AutoML.ModelFactory - INFO - Creating resnet18 (pretrained=True, dropout=0.22311487691068893)
2025-07-28 14:08:10 - AutoML - INFO -  Starting: resnet18 creation
2025-07-28 14:08:10 - AutoML.ModelFactory - INFO - resnet18 created successfully:
2025-07-28 14:08:10 - AutoML.ModelFactory - INFO -   Parameters: 11,180,103
2025-07-28 14:08:10 - AutoML.ModelFactory - INFO -   Trainable: 11,180,103
2025-07-28 14:08:10 - AutoML.ModelFactory - INFO -   Model size: 42.65 MB
2025-07-28 14:08:10 - AutoML - INFO -  resnet18 creation completed in 0.57 seconds
2025-07-28 14:08:23 - AutoML.Trainer - INFO - Total classes in dataset: 7
2025-07-28 14:08:23 - AutoML.Trainer - INFO - Classes found in sample: 6
2025-07-28 14:08:23 - AutoML.Trainer - INFO - Sample size: 80 labels
2025-07-28 14:08:23 - AutoML.Trainer - INFO - Class distribution (sample): {0: 1, 1: 2, 2: 10, 3: 3, 4: 10, 5: 54}
2025-07-28 14:08:23 - AutoML.Trainer - INFO - Class weights tensor shape: torch.Size([7])
2025-07-28 14:08:23 - AutoML.Trainer - INFO - Sample class weights range: [0.2469, 13.3333]
2025-07-28 14:08:23 - AutoML.Trainer - INFO - Mean weight for missing classes: 4.5597
2025-07-28 14:16:17 - AutoML.ComparativeEarlyStopping - INFO - Early stopping evaluation for resnet18:
2025-07-28 14:16:17 - AutoML.ComparativeEarlyStopping - INFO -   Decision scores: {'statistical_significance': 0.0, 'performance_gap': 0.0, 'learning_trend': 0.0, 'resource_efficiency': 0.0}
2025-07-28 14:16:17 - AutoML.ComparativeEarlyStopping - INFO -   Final score: 0.000
2025-07-28 14:16:17 - AutoML.ComparativeEarlyStopping - INFO -   Decision: CONTINUE
2025-07-28 14:16:17 - AutoML.Trainer - INFO - Epoch 5/21 - Train Acc: 0.6664, Val Acc: 0.6405, Val Loss: 1.4336, Time: 89.8s
2025-07-28 14:17:48 - AutoML.ComparativeEarlyStopping - INFO - Early stopping evaluation for resnet18:
2025-07-28 14:17:48 - AutoML.ComparativeEarlyStopping - INFO -   Decision scores: {'statistical_significance': 0.0, 'performance_gap': 0.0, 'learning_trend': 0.0, 'resource_efficiency': 0.0}
2025-07-28 14:17:48 - AutoML.ComparativeEarlyStopping - INFO -   Final score: 0.000
2025-07-28 14:17:48 - AutoML.ComparativeEarlyStopping - INFO -   Decision: CONTINUE
2025-07-28 14:19:19 - AutoML.ComparativeEarlyStopping - INFO - Early stopping evaluation for resnet18:
2025-07-28 14:19:19 - AutoML.ComparativeEarlyStopping - INFO -   Decision scores: {'statistical_significance': 0.0, 'performance_gap': 0.0, 'learning_trend': 0.0, 'resource_efficiency': 0.0}
2025-07-28 14:19:19 - AutoML.ComparativeEarlyStopping - INFO -   Final score: 0.000
2025-07-28 14:19:19 - AutoML.ComparativeEarlyStopping - INFO -   Decision: CONTINUE
2025-07-28 14:20:51 - AutoML.ComparativeEarlyStopping - INFO - Early stopping evaluation for resnet18:
2025-07-28 14:20:51 - AutoML.ComparativeEarlyStopping - INFO -   Decision scores: {'statistical_significance': 0.0, 'performance_gap': 0.0, 'learning_trend': 0.0, 'resource_efficiency': 0.0}
2025-07-28 14:20:51 - AutoML.ComparativeEarlyStopping - INFO -   Final score: 0.000
2025-07-28 14:20:51 - AutoML.ComparativeEarlyStopping - INFO -   Decision: CONTINUE
2025-07-28 14:22:22 - AutoML.ComparativeEarlyStopping - INFO - Early stopping evaluation for resnet18:
2025-07-28 14:22:22 - AutoML.ComparativeEarlyStopping - INFO -   Decision scores: {'statistical_significance': 0.0, 'performance_gap': 0.0, 'learning_trend': 0.0, 'resource_efficiency': 0.0}
2025-07-28 14:22:22 - AutoML.ComparativeEarlyStopping - INFO -   Final score: 0.000
2025-07-28 14:22:22 - AutoML.ComparativeEarlyStopping - INFO -   Decision: CONTINUE
2025-07-28 14:24:01 - AutoML.ComparativeEarlyStopping - INFO - Early stopping evaluation for resnet18:
2025-07-28 14:24:01 - AutoML.ComparativeEarlyStopping - INFO -   Decision scores: {'statistical_significance': 0.0, 'performance_gap': 0.0, 'learning_trend': 0.5, 'resource_efficiency': 0.0}
2025-07-28 14:24:01 - AutoML.ComparativeEarlyStopping - INFO -   Final score: 0.125
2025-07-28 14:24:01 - AutoML.ComparativeEarlyStopping - INFO -   Decision: CONTINUE
2025-07-28 14:24:01 - AutoML.Trainer - INFO - Epoch 10/21 - Train Acc: 0.6651, Val Acc: 0.6569, Val Loss: 1.2939, Time: 98.4s
2025-07-28 14:25:41 - AutoML.ComparativeEarlyStopping - INFO - Early stopping evaluation for resnet18:
2025-07-28 14:25:41 - AutoML.ComparativeEarlyStopping - INFO -   Decision scores: {'statistical_significance': 0.0, 'performance_gap': 0.0, 'learning_trend': 0.0, 'resource_efficiency': 0.0}
2025-07-28 14:25:41 - AutoML.ComparativeEarlyStopping - INFO -   Final score: 0.000
2025-07-28 14:25:41 - AutoML.ComparativeEarlyStopping - INFO -   Decision: CONTINUE
2025-07-28 14:27:23 - AutoML.ComparativeEarlyStopping - INFO - Early stopping evaluation for resnet18:
2025-07-28 14:27:23 - AutoML.ComparativeEarlyStopping - INFO -   Decision scores: {'statistical_significance': 0.0, 'performance_gap': 0.0, 'learning_trend': 0.0, 'resource_efficiency': 0.0}
2025-07-28 14:27:23 - AutoML.ComparativeEarlyStopping - INFO -   Final score: 0.000
2025-07-28 14:27:23 - AutoML.ComparativeEarlyStopping - INFO -   Decision: CONTINUE
2025-07-28 14:29:03 - AutoML.ComparativeEarlyStopping - INFO - Early stopping evaluation for resnet18:
2025-07-28 14:29:03 - AutoML.ComparativeEarlyStopping - INFO -   Decision scores: {'statistical_significance': 0.0, 'performance_gap': 0.0, 'learning_trend': 0.0, 'resource_efficiency': 0.0}
2025-07-28 14:29:03 - AutoML.ComparativeEarlyStopping - INFO -   Final score: 0.000
2025-07-28 14:29:03 - AutoML.ComparativeEarlyStopping - INFO -   Decision: CONTINUE
2025-07-28 14:30:45 - AutoML.ComparativeEarlyStopping - INFO - Early stopping evaluation for resnet18:
2025-07-28 14:30:45 - AutoML.ComparativeEarlyStopping - INFO -   Decision scores: {'statistical_significance': 0.0, 'performance_gap': 0.0, 'learning_trend': 0.0, 'resource_efficiency': 0.0}
2025-07-28 14:30:45 - AutoML.ComparativeEarlyStopping - INFO -   Final score: 0.000
2025-07-28 14:30:45 - AutoML.ComparativeEarlyStopping - INFO -   Decision: CONTINUE
2025-07-28 14:32:25 - AutoML.ComparativeEarlyStopping - INFO - Early stopping evaluation for resnet18:
2025-07-28 14:32:25 - AutoML.ComparativeEarlyStopping - INFO -   Decision scores: {'statistical_significance': 0.0, 'performance_gap': 0.0, 'learning_trend': 0.0, 'resource_efficiency': 0.0}
2025-07-28 14:32:25 - AutoML.ComparativeEarlyStopping - INFO -   Final score: 0.000
2025-07-28 14:32:25 - AutoML.ComparativeEarlyStopping - INFO -   Decision: CONTINUE
2025-07-28 14:32:25 - AutoML.Trainer - INFO - Epoch 15/21 - Train Acc: 0.6523, Val Acc: 0.6726, Val Loss: 1.2485, Time: 100.0s
2025-07-28 14:34:07 - AutoML.ComparativeEarlyStopping - INFO - Early stopping evaluation for resnet18:
2025-07-28 14:34:07 - AutoML.ComparativeEarlyStopping - INFO -   Decision scores: {'statistical_significance': 0.0, 'performance_gap': 0.0, 'learning_trend': 0.0, 'resource_efficiency': 0.0}
2025-07-28 14:34:07 - AutoML.ComparativeEarlyStopping - INFO -   Final score: 0.000
2025-07-28 14:34:07 - AutoML.ComparativeEarlyStopping - INFO -   Decision: CONTINUE
2025-07-28 14:35:48 - AutoML.ComparativeEarlyStopping - INFO - Early stopping evaluation for resnet18:
2025-07-28 14:35:48 - AutoML.ComparativeEarlyStopping - INFO -   Decision scores: {'statistical_significance': 0.0, 'performance_gap': 0.0, 'learning_trend': 0.0, 'resource_efficiency': 0.0}
2025-07-28 14:35:48 - AutoML.ComparativeEarlyStopping - INFO -   Final score: 0.000
2025-07-28 14:35:48 - AutoML.ComparativeEarlyStopping - INFO -   Decision: CONTINUE
2025-07-28 14:37:29 - AutoML.ComparativeEarlyStopping - INFO - Early stopping evaluation for resnet18:
2025-07-28 14:37:29 - AutoML.ComparativeEarlyStopping - INFO -   Decision scores: {'statistical_significance': 0.0, 'performance_gap': 0.0, 'learning_trend': 0.0, 'resource_efficiency': 0.0}
2025-07-28 14:37:29 - AutoML.ComparativeEarlyStopping - INFO -   Final score: 0.000
2025-07-28 14:37:29 - AutoML.ComparativeEarlyStopping - INFO -   Decision: CONTINUE
2025-07-28 14:39:11 - AutoML.ComparativeEarlyStopping - INFO - Early stopping evaluation for resnet18:
2025-07-28 14:39:11 - AutoML.ComparativeEarlyStopping - INFO -   Decision scores: {'statistical_significance': 0.0, 'performance_gap': 0.0, 'learning_trend': 0.0, 'resource_efficiency': 0.0}
2025-07-28 14:39:11 - AutoML.ComparativeEarlyStopping - INFO -   Final score: 0.000
2025-07-28 14:39:11 - AutoML.ComparativeEarlyStopping - INFO -   Decision: CONTINUE
2025-07-28 14:40:51 - AutoML.ComparativeEarlyStopping - INFO - Early stopping evaluation for resnet18:
2025-07-28 14:40:51 - AutoML.ComparativeEarlyStopping - INFO -   Decision scores: {'statistical_significance': 0.0, 'performance_gap': 0.0, 'learning_trend': 0.5, 'resource_efficiency': 0.0}
2025-07-28 14:40:51 - AutoML.ComparativeEarlyStopping - INFO -   Final score: 0.125
2025-07-28 14:40:51 - AutoML.ComparativeEarlyStopping - INFO -   Decision: CONTINUE
2025-07-28 14:40:51 - AutoML.Trainer - INFO - Epoch 20/21 - Train Acc: 0.6605, Val Acc: 0.6719, Val Loss: 1.2446, Time: 100.0s
2025-07-28 14:42:32 - AutoML.ComparativeEarlyStopping - INFO - Early stopping evaluation for resnet18:
2025-07-28 14:42:32 - AutoML.ComparativeEarlyStopping - INFO -   Decision scores: {'statistical_significance': 0.0, 'performance_gap': 0.0, 'learning_trend': 0.5, 'resource_efficiency': 0.0}
2025-07-28 14:42:32 - AutoML.ComparativeEarlyStopping - INFO -   Final score: 0.125
2025-07-28 14:42:32 - AutoML.ComparativeEarlyStopping - INFO -   Decision: CONTINUE
2025-07-28 14:42:32 - AutoML.Trainer - INFO - Epoch 21/21 - Train Acc: 0.6687, Val Acc: 0.6676, Val Loss: 1.2317, Time: 101.2s
2025-07-28 14:42:32 - AutoML.Trainer - INFO - Training completed for resnet18
2025-07-28 14:42:32 - AutoML.Trainer - INFO - Best validation accuracy: 0.6897
2025-07-28 14:42:32 - AutoML.Trainer - INFO - Total training time: 2049.7s
2025-07-28 14:42:32 - AutoML.Trainer - INFO - Average epoch time: 97.6s
2025-07-28 14:42:32 - AutoML.MetaHPOSelector - INFO -  HPO completed for resnet18 in 16746.1s
2025-07-28 14:42:32 - AutoML.MetaHPOSelector - INFO -    Best score: 0.7675 (8 trials)
2025-07-28 14:42:32 - AutoML.Pipeline - INFO - HPO completed for resnet18:
2025-07-28 14:42:32 - AutoML.Pipeline - INFO -   Best score: 0.7675
2025-07-28 14:42:32 - AutoML.Pipeline - INFO -   Best params: {'learning_rate': 0.00015304852121831474, 'optimizer': 'adamw', 'weight_decay': 1.5673095467235405e-05, 'batch_size': 16, 'dropout_rate': 0.19138413075201122, 'pretrained': True, 'lr_scheduler': 'step', 'max_epochs': 17, 'momentum': 0.8742765365166906}
2025-07-28 14:42:32 - AutoML.Pipeline - INFO -   Method used: bayesian_optimization
2025-07-28 14:42:32 - AutoML.Pipeline - INFO -   Trials completed: 8
2025-07-28 14:42:32 - AutoML.ComparativeEarlyStopping - INFO - Early stopping evaluation for resnet18:
2025-07-28 14:42:32 - AutoML.ComparativeEarlyStopping - INFO -   Decision scores: {'statistical_significance': 0.0, 'performance_gap': 0.0, 'learning_trend': 0.5, 'resource_efficiency': 0.0}
2025-07-28 14:42:32 - AutoML.ComparativeEarlyStopping - INFO -   Final score: 0.125
2025-07-28 14:42:32 - AutoML.ComparativeEarlyStopping - INFO -   Decision: CONTINUE
2025-07-28 14:42:32 - AutoML.Pipeline - INFO - Processing architecture: efficientnet_b0
2025-07-28 14:42:32 - AutoML.BudgetManager - INFO - Started training efficientnet_b0 with 5.60h budget
2025-07-28 14:42:32 - AutoML.Pipeline - INFO - Starting HPO for efficientnet_b0
2025-07-28 14:42:32 - AutoML.MetaHPOSelector - INFO - Selecting HPO method for efficientnet_b0
2025-07-28 14:42:32 - AutoML.MetaHPOSelector - INFO -   Dataset complexity: 7.3
2025-07-28 14:42:32 - AutoML.MetaHPOSelector - INFO -   Available time: 12.1 hours
2025-07-28 14:42:32 - AutoML.MetaHPOSelector - INFO -   Search space size: 100000
2025-07-28 14:42:32 - AutoML.MetaHPOSelector - INFO - Trial budget for efficientnet_b0: 10 trials
2025-07-28 14:42:32 - AutoML.MetaHPOSelector - INFO -   Arch complexity: 3.5, Dataset complexity: 7.3
2025-07-28 14:42:32 - AutoML.MetaHPOSelector - INFO -   Available time: 12.1h
2025-07-28 14:42:32 - AutoML.MetaHPOSelector - INFO - Selected bayesian_optimization for efficientnet_b0
2025-07-28 14:42:32 - AutoML.MetaHPOSelector - INFO -   Trials: 10
2025-07-28 14:42:32 - AutoML.MetaHPOSelector - INFO -   Timeout: 26237s
2025-07-28 14:42:32 - AutoML.MetaHPOSelector - INFO -  Starting HPO for efficientnet_b0 with 10 trials
2025-07-28 14:42:32 - AutoML.HPO.bayesian_optimization - INFO - Starting Bayesian Optimization for efficientnet_b0
2025-07-28 14:42:32 - AutoML.Trainer - INFO - Evaluating hyperparameters for efficientnet_b0: {'learning_rate': 5.6115164153345e-05, 'optimizer': 'rmsprop', 'weight_decay': 2.9380279387035334e-05, 'batch_size': 32, 'dropout_rate': 0.2803345035229627, 'pretrained': True, 'lr_scheduler': 'plateau', 'max_epochs': 32}
2025-07-28 14:42:32 - AutoML.ModelFactory - INFO - Creating efficientnet_b0 (pretrained=True, dropout=0.2803345035229627)
2025-07-28 14:42:32 - AutoML - INFO -  Starting: efficientnet_b0 creation
2025-07-28 14:42:33 - AutoML.ModelFactory - INFO - efficientnet_b0 created successfully:
2025-07-28 14:42:33 - AutoML.ModelFactory - INFO -   Parameters: 4,016,515
2025-07-28 14:42:33 - AutoML.ModelFactory - INFO -   Trainable: 4,016,515
2025-07-28 14:42:33 - AutoML.ModelFactory - INFO -   Model size: 15.32 MB
2025-07-28 14:42:33 - AutoML - INFO -  efficientnet_b0 creation completed in 0.54 seconds
2025-07-28 14:42:45 - AutoML.Trainer - INFO - Total classes in dataset: 7
2025-07-28 14:42:45 - AutoML.Trainer - INFO - Classes found in sample: 7
2025-07-28 14:42:45 - AutoML.Trainer - INFO - Sample size: 80 labels
2025-07-28 14:42:45 - AutoML.Trainer - INFO - Class distribution (sample): {0: 2, 1: 1, 2: 5, 3: 3, 4: 8, 5: 59, 6: 2}
2025-07-28 14:42:45 - AutoML.Trainer - INFO - Class weights tensor shape: torch.Size([7])
2025-07-28 14:42:45 - AutoML.Trainer - INFO - Sample class weights range: [0.1937, 11.4286]
2025-07-28 14:42:45 - AutoML.Trainer - INFO - Mean weight for missing classes: 4.3678
2025-07-28 14:56:46 - AutoML.Trainer - INFO - Epoch 5/32 - Train Acc: 0.6603, Val Acc: 0.6969, Val Loss: 0.9613, Time: 175.9s
2025-07-28 15:10:48 - AutoML.Trainer - INFO - Epoch 10/32 - Train Acc: 0.7170, Val Acc: 0.7981, Val Loss: 0.7902, Time: 168.1s
2025-07-28 15:24:19 - AutoML.ComparativeEarlyStopping - INFO - Early stopping evaluation for efficientnet_b0:
2025-07-28 15:24:19 - AutoML.ComparativeEarlyStopping - INFO -   Decision scores: {'statistical_significance': 0.0, 'performance_gap': 0.0, 'learning_trend': 0.2, 'resource_efficiency': 0.26828713809435456}
2025-07-28 15:24:19 - AutoML.ComparativeEarlyStopping - INFO -   Final score: 0.090
2025-07-28 15:24:19 - AutoML.ComparativeEarlyStopping - INFO -   Decision: CONTINUE
2025-07-28 15:24:19 - AutoML.Trainer - INFO - Epoch 15/32 - Train Acc: 0.7573, Val Acc: 0.7725, Val Loss: 0.8129, Time: 158.5s
2025-07-28 15:27:04 - AutoML.ComparativeEarlyStopping - INFO - Early stopping evaluation for efficientnet_b0:
2025-07-28 15:27:04 - AutoML.ComparativeEarlyStopping - INFO -   Decision scores: {'statistical_significance': 0.0, 'performance_gap': 0.0, 'learning_trend': 0.2, 'resource_efficiency': 0.26288584891188993}
2025-07-28 15:27:04 - AutoML.ComparativeEarlyStopping - INFO -   Final score: 0.089
2025-07-28 15:27:04 - AutoML.ComparativeEarlyStopping - INFO -   Decision: CONTINUE
2025-07-28 15:29:51 - AutoML.ComparativeEarlyStopping - INFO - Early stopping evaluation for efficientnet_b0:
2025-07-28 15:29:51 - AutoML.ComparativeEarlyStopping - INFO -   Decision scores: {'statistical_significance': 0.0, 'performance_gap': 0.0, 'learning_trend': 0.2, 'resource_efficiency': 0.2780451919653645}
2025-07-28 15:29:51 - AutoML.ComparativeEarlyStopping - INFO -   Final score: 0.092
2025-07-28 15:29:51 - AutoML.ComparativeEarlyStopping - INFO -   Decision: CONTINUE
2025-07-28 15:32:29 - AutoML.ComparativeEarlyStopping - INFO - Early stopping evaluation for efficientnet_b0:
2025-07-28 15:32:29 - AutoML.ComparativeEarlyStopping - INFO -   Decision scores: {'statistical_significance': 0.0, 'performance_gap': 0.0, 'learning_trend': 0.0, 'resource_efficiency': 0.2740937497607102}
2025-07-28 15:32:29 - AutoML.ComparativeEarlyStopping - INFO -   Final score: 0.041
2025-07-28 15:32:29 - AutoML.ComparativeEarlyStopping - INFO -   Decision: CONTINUE
2025-07-28 15:35:06 - AutoML.ComparativeEarlyStopping - INFO - Early stopping evaluation for efficientnet_b0:
2025-07-28 15:35:06 - AutoML.ComparativeEarlyStopping - INFO -   Decision scores: {'statistical_significance': 0.0, 'performance_gap': 0.0, 'learning_trend': 0.0, 'resource_efficiency': 0.2682101165038311}
2025-07-28 15:35:06 - AutoML.ComparativeEarlyStopping - INFO -   Final score: 0.040
2025-07-28 15:35:06 - AutoML.ComparativeEarlyStopping - INFO -   Decision: CONTINUE
2025-07-28 15:37:46 - AutoML.ComparativeEarlyStopping - INFO - Early stopping evaluation for efficientnet_b0:
2025-07-28 15:37:46 - AutoML.ComparativeEarlyStopping - INFO -   Decision scores: {'statistical_significance': 0.0, 'performance_gap': 0.0, 'learning_trend': 0.0, 'resource_efficiency': 0.25659980611792155}
2025-07-28 15:37:46 - AutoML.ComparativeEarlyStopping - INFO -   Final score: 0.038
2025-07-28 15:37:46 - AutoML.ComparativeEarlyStopping - INFO -   Decision: CONTINUE
2025-07-28 15:37:46 - AutoML.Trainer - INFO - Epoch 20/32 - Train Acc: 0.7883, Val Acc: 0.7846, Val Loss: 0.8863, Time: 159.4s
2025-07-28 15:40:33 - AutoML.ComparativeEarlyStopping - INFO - Early stopping evaluation for efficientnet_b0:
2025-07-28 15:40:33 - AutoML.ComparativeEarlyStopping - INFO -   Decision scores: {'statistical_significance': 0.0, 'performance_gap': 0.0, 'learning_trend': 0.0, 'resource_efficiency': 0.25658894430507995}
2025-07-28 15:40:33 - AutoML.ComparativeEarlyStopping - INFO -   Final score: 0.038
2025-07-28 15:40:33 - AutoML.ComparativeEarlyStopping - INFO -   Decision: CONTINUE
2025-07-28 15:43:11 - AutoML.ComparativeEarlyStopping - INFO - Early stopping evaluation for efficientnet_b0:
2025-07-28 15:43:11 - AutoML.ComparativeEarlyStopping - INFO -   Decision scores: {'statistical_significance': 0.0, 'performance_gap': 0.0, 'learning_trend': 0.0, 'resource_efficiency': 0.24749838573116678}
2025-07-28 15:43:11 - AutoML.ComparativeEarlyStopping - INFO -   Final score: 0.037
2025-07-28 15:43:11 - AutoML.ComparativeEarlyStopping - INFO -   Decision: CONTINUE
2025-07-28 15:45:45 - AutoML.ComparativeEarlyStopping - INFO - Early stopping evaluation for efficientnet_b0:
2025-07-28 15:45:45 - AutoML.ComparativeEarlyStopping - INFO -   Decision scores: {'statistical_significance': 0.0, 'performance_gap': 0.0, 'learning_trend': 0.0, 'resource_efficiency': 0.22446044489195882}
2025-07-28 15:45:45 - AutoML.ComparativeEarlyStopping - INFO -   Final score: 0.034
2025-07-28 15:45:45 - AutoML.ComparativeEarlyStopping - INFO -   Decision: CONTINUE
2025-07-28 15:48:23 - AutoML.ComparativeEarlyStopping - INFO - Early stopping evaluation for efficientnet_b0:
2025-07-28 15:48:23 - AutoML.ComparativeEarlyStopping - INFO -   Decision scores: {'statistical_significance': 0.0, 'performance_gap': 0.0, 'learning_trend': 0.0, 'resource_efficiency': 0.20856248052289217}
2025-07-28 15:48:23 - AutoML.ComparativeEarlyStopping - INFO -   Final score: 0.031
2025-07-28 15:48:23 - AutoML.ComparativeEarlyStopping - INFO -   Decision: CONTINUE
2025-07-28 15:51:01 - AutoML.ComparativeEarlyStopping - INFO - Early stopping evaluation for efficientnet_b0:
2025-07-28 15:51:01 - AutoML.ComparativeEarlyStopping - INFO -   Decision scores: {'statistical_significance': 0.0, 'performance_gap': 0.0, 'learning_trend': 0.0, 'resource_efficiency': 0.20810677903163188}
2025-07-28 15:51:01 - AutoML.ComparativeEarlyStopping - INFO -   Final score: 0.031
2025-07-28 15:51:01 - AutoML.ComparativeEarlyStopping - INFO -   Decision: CONTINUE
2025-07-28 15:51:01 - AutoML.Trainer - INFO - Epoch 25/32 - Train Acc: 0.8342, Val Acc: 0.8160, Val Loss: 1.0101, Time: 157.5s
2025-07-28 15:53:35 - AutoML.ComparativeEarlyStopping - INFO - Early stopping evaluation for efficientnet_b0:
2025-07-28 15:53:35 - AutoML.ComparativeEarlyStopping - INFO -   Decision scores: {'statistical_significance': 0.0, 'performance_gap': 0.0, 'learning_trend': 0.0, 'resource_efficiency': 0.2120373003749414}
2025-07-28 15:53:35 - AutoML.ComparativeEarlyStopping - INFO -   Final score: 0.032
2025-07-28 15:53:35 - AutoML.ComparativeEarlyStopping - INFO -   Decision: CONTINUE
2025-07-28 15:56:15 - AutoML.ComparativeEarlyStopping - INFO - Early stopping evaluation for efficientnet_b0:
2025-07-28 15:56:15 - AutoML.ComparativeEarlyStopping - INFO -   Decision scores: {'statistical_significance': 0.0, 'performance_gap': 0.0, 'learning_trend': 0.0, 'resource_efficiency': 0.2184633015601598}
2025-07-28 15:56:15 - AutoML.ComparativeEarlyStopping - INFO -   Final score: 0.033
2025-07-28 15:56:15 - AutoML.ComparativeEarlyStopping - INFO -   Decision: CONTINUE
2025-07-28 15:58:56 - AutoML.ComparativeEarlyStopping - INFO - Early stopping evaluation for efficientnet_b0:
2025-07-28 15:58:56 - AutoML.ComparativeEarlyStopping - INFO -   Decision scores: {'statistical_significance': 0.0, 'performance_gap': 0.0, 'learning_trend': 0.0, 'resource_efficiency': 0.22206202700310318}
2025-07-28 15:58:56 - AutoML.ComparativeEarlyStopping - INFO -   Final score: 0.033
2025-07-28 15:58:56 - AutoML.ComparativeEarlyStopping - INFO -   Decision: CONTINUE
2025-07-28 16:01:28 - AutoML.ComparativeEarlyStopping - INFO - Early stopping evaluation for efficientnet_b0:
2025-07-28 16:01:28 - AutoML.ComparativeEarlyStopping - INFO -   Decision scores: {'statistical_significance': 0.0, 'performance_gap': 0.0, 'learning_trend': 0.0, 'resource_efficiency': 0.21943186665298975}
2025-07-28 16:01:28 - AutoML.ComparativeEarlyStopping - INFO -   Final score: 0.033
2025-07-28 16:01:28 - AutoML.ComparativeEarlyStopping - INFO -   Decision: CONTINUE
2025-07-28 16:04:24 - AutoML.ComparativeEarlyStopping - INFO - Early stopping evaluation for efficientnet_b0:
2025-07-28 16:04:24 - AutoML.ComparativeEarlyStopping - INFO -   Decision scores: {'statistical_significance': 0.0, 'performance_gap': 0.0, 'learning_trend': 0.5, 'resource_efficiency': 0.24530475232474247}
2025-07-28 16:04:24 - AutoML.ComparativeEarlyStopping - INFO -   Final score: 0.162
2025-07-28 16:04:24 - AutoML.ComparativeEarlyStopping - INFO -   Decision: CONTINUE
2025-07-28 16:04:24 - AutoML.Trainer - INFO - Epoch 30/32 - Train Acc: 0.8488, Val Acc: 0.8210, Val Loss: 1.0208, Time: 176.2s
2025-07-28 16:07:03 - AutoML.ComparativeEarlyStopping - INFO - Early stopping evaluation for efficientnet_b0:
2025-07-28 16:07:03 - AutoML.ComparativeEarlyStopping - INFO -   Decision scores: {'statistical_significance': 0.0, 'performance_gap': 0.0, 'learning_trend': 0.0, 'resource_efficiency': 0.23968860784299328}
2025-07-28 16:07:03 - AutoML.ComparativeEarlyStopping - INFO -   Final score: 0.036
2025-07-28 16:07:03 - AutoML.ComparativeEarlyStopping - INFO -   Decision: CONTINUE
2025-07-28 16:09:38 - AutoML.ComparativeEarlyStopping - INFO - Early stopping evaluation for efficientnet_b0:
2025-07-28 16:09:38 - AutoML.ComparativeEarlyStopping - INFO -   Decision scores: {'statistical_significance': 0.0, 'performance_gap': 0.0, 'learning_trend': 0.0, 'resource_efficiency': 0.23768748554819286}
2025-07-28 16:09:38 - AutoML.ComparativeEarlyStopping - INFO -   Final score: 0.036
2025-07-28 16:09:38 - AutoML.ComparativeEarlyStopping - INFO -   Decision: CONTINUE
2025-07-28 16:09:38 - AutoML.Trainer - INFO - Epoch 32/32 - Train Acc: 0.8641, Val Acc: 0.8359, Val Loss: 0.8572, Time: 154.5s
2025-07-28 16:09:38 - AutoML.Trainer - INFO - Training completed for efficientnet_b0
2025-07-28 16:09:38 - AutoML.Trainer - INFO - Best validation accuracy: 0.8359
2025-07-28 16:09:38 - AutoML.Trainer - INFO - Total training time: 5212.8s
2025-07-28 16:09:38 - AutoML.Trainer - INFO - Average epoch time: 162.9s
2025-07-28 16:09:38 - AutoML.Trainer - INFO - Evaluating hyperparameters for efficientnet_b0: {'learning_rate': 2.6587543983272695e-05, 'optimizer': 'adam', 'weight_decay': 0.00037520558551242813, 'batch_size': 32, 'dropout_rate': 0.14184815819561256, 'pretrained': True, 'lr_scheduler': 'plateau', 'max_epochs': 31}
2025-07-28 16:09:38 - AutoML.ModelFactory - INFO - Creating efficientnet_b0 (pretrained=True, dropout=0.14184815819561256)
2025-07-28 16:09:38 - AutoML - INFO -  Starting: efficientnet_b0 creation
2025-07-28 16:09:39 - AutoML.ModelFactory - INFO - efficientnet_b0 created successfully:
2025-07-28 16:09:39 - AutoML.ModelFactory - INFO -   Parameters: 4,016,515
2025-07-28 16:09:39 - AutoML.ModelFactory - INFO -   Trainable: 4,016,515
2025-07-28 16:09:39 - AutoML.ModelFactory - INFO -   Model size: 15.32 MB
2025-07-28 16:09:39 - AutoML - INFO -  efficientnet_b0 creation completed in 0.67 seconds
2025-07-28 16:09:51 - AutoML.Trainer - INFO - Total classes in dataset: 7
2025-07-28 16:09:51 - AutoML.Trainer - INFO - Classes found in sample: 5
2025-07-28 16:09:51 - AutoML.Trainer - INFO - Sample size: 80 labels
2025-07-28 16:09:51 - AutoML.Trainer - INFO - Class distribution (sample): {1: 9, 2: 10, 3: 2, 4: 5, 5: 54}
2025-07-28 16:09:51 - AutoML.Trainer - INFO - Class weights tensor shape: torch.Size([7])
2025-07-28 16:09:51 - AutoML.Trainer - INFO - Sample class weights range: [0.2963, 8.0000]
2025-07-28 16:09:51 - AutoML.Trainer - INFO - Mean weight for missing classes: 2.9748
2025-07-28 16:23:20 - AutoML.ComparativeEarlyStopping - INFO - Early stopping evaluation for efficientnet_b0:
2025-07-28 16:23:20 - AutoML.ComparativeEarlyStopping - INFO -   Decision scores: {'statistical_significance': 0.0, 'performance_gap': 0.0, 'learning_trend': 0.0, 'resource_efficiency': 0.3074632236991378}
2025-07-28 16:23:20 - AutoML.ComparativeEarlyStopping - INFO -   Final score: 0.046
2025-07-28 16:23:20 - AutoML.ComparativeEarlyStopping - INFO -   Decision: CONTINUE
2025-07-28 16:23:20 - AutoML.Trainer - INFO - Epoch 5/31 - Train Acc: 0.6717, Val Acc: 0.7532, Val Loss: 0.9413, Time: 161.5s
2025-07-28 16:25:54 - AutoML.ComparativeEarlyStopping - INFO - Early stopping evaluation for efficientnet_b0:
2025-07-28 16:25:54 - AutoML.ComparativeEarlyStopping - INFO -   Decision scores: {'statistical_significance': 0.0, 'performance_gap': 0.0, 'learning_trend': 0.0, 'resource_efficiency': 0.29593193778204774}
2025-07-28 16:25:54 - AutoML.ComparativeEarlyStopping - INFO -   Final score: 0.044
2025-07-28 16:25:54 - AutoML.ComparativeEarlyStopping - INFO -   Decision: CONTINUE
2025-07-28 16:28:33 - AutoML.ComparativeEarlyStopping - INFO - Early stopping evaluation for efficientnet_b0:
2025-07-28 16:28:33 - AutoML.ComparativeEarlyStopping - INFO -   Decision scores: {'statistical_significance': 0.0, 'performance_gap': 0.0, 'learning_trend': 0.0, 'resource_efficiency': 0.29901786105328854}
2025-07-28 16:28:33 - AutoML.ComparativeEarlyStopping - INFO -   Final score: 0.045
2025-07-28 16:28:33 - AutoML.ComparativeEarlyStopping - INFO -   Decision: CONTINUE
2025-07-28 16:31:24 - AutoML.ComparativeEarlyStopping - INFO - Early stopping evaluation for efficientnet_b0:
2025-07-28 16:31:24 - AutoML.ComparativeEarlyStopping - INFO -   Decision scores: {'statistical_significance': 0.0, 'performance_gap': 0.0, 'learning_trend': 0.0, 'resource_efficiency': 0.3022912772142329}
2025-07-28 16:31:24 - AutoML.ComparativeEarlyStopping - INFO -   Final score: 0.045
2025-07-28 16:31:24 - AutoML.ComparativeEarlyStopping - INFO -   Decision: CONTINUE
2025-07-28 16:33:59 - AutoML.ComparativeEarlyStopping - INFO - Early stopping evaluation for efficientnet_b0:
2025-07-28 16:33:59 - AutoML.ComparativeEarlyStopping - INFO -   Decision scores: {'statistical_significance': 0.0, 'performance_gap': 0.0, 'learning_trend': 0.0, 'resource_efficiency': 0.28291784944535503}
2025-07-28 16:33:59 - AutoML.ComparativeEarlyStopping - INFO -   Final score: 0.042
2025-07-28 16:33:59 - AutoML.ComparativeEarlyStopping - INFO -   Decision: CONTINUE
2025-07-28 16:36:38 - AutoML.ComparativeEarlyStopping - INFO - Early stopping evaluation for efficientnet_b0:
2025-07-28 16:36:38 - AutoML.ComparativeEarlyStopping - INFO -   Decision scores: {'statistical_significance': 0.0, 'performance_gap': 0.0, 'learning_trend': 0.0, 'resource_efficiency': 0.2735029736742751}
2025-07-28 16:36:38 - AutoML.ComparativeEarlyStopping - INFO -   Final score: 0.041
2025-07-28 16:36:38 - AutoML.ComparativeEarlyStopping - INFO -   Decision: CONTINUE
2025-07-28 16:36:38 - AutoML.Trainer - INFO - Epoch 10/31 - Train Acc: 0.7197, Val Acc: 0.7825, Val Loss: 0.8022, Time: 159.9s
2025-07-28 16:39:19 - AutoML.ComparativeEarlyStopping - INFO - Early stopping evaluation for efficientnet_b0:
2025-07-28 16:39:19 - AutoML.ComparativeEarlyStopping - INFO -   Decision scores: {'statistical_significance': 0.0, 'performance_gap': 0.0, 'learning_trend': 0.0, 'resource_efficiency': 0.25890953239918435}
2025-07-28 16:39:19 - AutoML.ComparativeEarlyStopping - INFO -   Final score: 0.039
2025-07-28 16:39:19 - AutoML.ComparativeEarlyStopping - INFO -   Decision: CONTINUE
2025-07-28 16:42:00 - AutoML.ComparativeEarlyStopping - INFO - Early stopping evaluation for efficientnet_b0:
2025-07-28 16:42:00 - AutoML.ComparativeEarlyStopping - INFO -   Decision scores: {'statistical_significance': 0.0, 'performance_gap': 0.0, 'learning_trend': 0.0, 'resource_efficiency': 0.2760144434232388}
2025-07-28 16:42:00 - AutoML.ComparativeEarlyStopping - INFO -   Final score: 0.041
2025-07-28 16:42:00 - AutoML.ComparativeEarlyStopping - INFO -   Decision: CONTINUE
2025-07-28 16:44:40 - AutoML.ComparativeEarlyStopping - INFO - Early stopping evaluation for efficientnet_b0:
2025-07-28 16:44:40 - AutoML.ComparativeEarlyStopping - INFO -   Decision scores: {'statistical_significance': 0.0, 'performance_gap': 0.0, 'learning_trend': 0.0, 'resource_efficiency': 0.28409523630000033}
2025-07-28 16:44:40 - AutoML.ComparativeEarlyStopping - INFO -   Final score: 0.043
2025-07-28 16:44:40 - AutoML.ComparativeEarlyStopping - INFO -   Decision: CONTINUE
2025-07-28 16:47:29 - AutoML.ComparativeEarlyStopping - INFO - Early stopping evaluation for efficientnet_b0:
2025-07-28 16:47:29 - AutoML.ComparativeEarlyStopping - INFO -   Decision scores: {'statistical_significance': 0.0, 'performance_gap': 0.0, 'learning_trend': 0.0, 'resource_efficiency': 0.29075459686624283}
2025-07-28 16:47:29 - AutoML.ComparativeEarlyStopping - INFO -   Final score: 0.044
2025-07-28 16:47:29 - AutoML.ComparativeEarlyStopping - INFO -   Decision: CONTINUE
2025-07-28 16:50:01 - AutoML.ComparativeEarlyStopping - INFO - Early stopping evaluation for efficientnet_b0:
2025-07-28 16:50:01 - AutoML.ComparativeEarlyStopping - INFO -   Decision scores: {'statistical_significance': 0.0, 'performance_gap': 0.0, 'learning_trend': 0.0, 'resource_efficiency': 0.27622462471857956}
2025-07-28 16:50:01 - AutoML.ComparativeEarlyStopping - INFO -   Final score: 0.041
2025-07-28 16:50:01 - AutoML.ComparativeEarlyStopping - INFO -   Decision: CONTINUE
2025-07-28 16:50:01 - AutoML.Trainer - INFO - Epoch 15/31 - Train Acc: 0.7609, Val Acc: 0.7618, Val Loss: 0.8046, Time: 151.9s
2025-07-28 16:52:38 - AutoML.ComparativeEarlyStopping - INFO - Early stopping evaluation for efficientnet_b0:
2025-07-28 16:52:38 - AutoML.ComparativeEarlyStopping - INFO -   Decision scores: {'statistical_significance': 0.0, 'performance_gap': 0.0, 'learning_trend': 0.0, 'resource_efficiency': 0.2633526351319607}
2025-07-28 16:52:38 - AutoML.ComparativeEarlyStopping - INFO -   Final score: 0.040
2025-07-28 16:52:38 - AutoML.ComparativeEarlyStopping - INFO -   Decision: CONTINUE
2025-07-28 16:55:16 - AutoML.ComparativeEarlyStopping - INFO - Early stopping evaluation for efficientnet_b0:
2025-07-28 16:55:16 - AutoML.ComparativeEarlyStopping - INFO -   Decision scores: {'statistical_significance': 0.0, 'performance_gap': 0.0, 'learning_trend': 0.5, 'resource_efficiency': 0.2501704171473904}
2025-07-28 16:55:16 - AutoML.ComparativeEarlyStopping - INFO -   Final score: 0.163
2025-07-28 16:55:16 - AutoML.ComparativeEarlyStopping - INFO -   Decision: CONTINUE
2025-07-28 16:57:50 - AutoML.ComparativeEarlyStopping - INFO - Early stopping evaluation for efficientnet_b0:
2025-07-28 16:57:50 - AutoML.ComparativeEarlyStopping - INFO -   Decision scores: {'statistical_significance': 0.0, 'performance_gap': 0.0, 'learning_trend': 0.0, 'resource_efficiency': 0.24571419831376928}
2025-07-28 16:57:50 - AutoML.ComparativeEarlyStopping - INFO -   Final score: 0.037
2025-07-28 16:57:50 - AutoML.ComparativeEarlyStopping - INFO -   Decision: CONTINUE
2025-07-28 17:00:28 - AutoML.ComparativeEarlyStopping - INFO - Early stopping evaluation for efficientnet_b0:
2025-07-28 17:00:28 - AutoML.ComparativeEarlyStopping - INFO -   Decision scores: {'statistical_significance': 0.0, 'performance_gap': 0.0, 'learning_trend': 0.0, 'resource_efficiency': 0.24474649980523744}
2025-07-28 17:00:28 - AutoML.ComparativeEarlyStopping - INFO -   Final score: 0.037
2025-07-28 17:00:28 - AutoML.ComparativeEarlyStopping - INFO -   Decision: CONTINUE
2025-07-28 17:03:07 - AutoML.ComparativeEarlyStopping - INFO - Early stopping evaluation for efficientnet_b0:
2025-07-28 17:03:07 - AutoML.ComparativeEarlyStopping - INFO -   Decision scores: {'statistical_significance': 0.0, 'performance_gap': 0.0, 'learning_trend': 0.0, 'resource_efficiency': 0.2484143858025486}
2025-07-28 17:03:07 - AutoML.ComparativeEarlyStopping - INFO -   Final score: 0.037
2025-07-28 17:03:07 - AutoML.ComparativeEarlyStopping - INFO -   Decision: CONTINUE
2025-07-28 17:03:07 - AutoML.Trainer - INFO - Epoch 20/31 - Train Acc: 0.7917, Val Acc: 0.7810, Val Loss: 0.7907, Time: 158.9s
2025-07-28 17:05:41 - AutoML.ComparativeEarlyStopping - INFO - Early stopping evaluation for efficientnet_b0:
2025-07-28 17:05:41 - AutoML.ComparativeEarlyStopping - INFO -   Decision scores: {'statistical_significance': 0.0, 'performance_gap': 0.0, 'learning_trend': 0.0, 'resource_efficiency': 0.2502361354241339}
2025-07-28 17:05:41 - AutoML.ComparativeEarlyStopping - INFO -   Final score: 0.038
2025-07-28 17:05:41 - AutoML.ComparativeEarlyStopping - INFO -   Decision: CONTINUE
2025-07-28 17:08:18 - AutoML.ComparativeEarlyStopping - INFO - Early stopping evaluation for efficientnet_b0:
2025-07-28 17:08:18 - AutoML.ComparativeEarlyStopping - INFO -   Decision scores: {'statistical_significance': 0.0, 'performance_gap': 0.0, 'learning_trend': 0.0, 'resource_efficiency': 0.24494009434923592}
2025-07-28 17:08:18 - AutoML.ComparativeEarlyStopping - INFO -   Final score: 0.037
2025-07-28 17:08:18 - AutoML.ComparativeEarlyStopping - INFO -   Decision: CONTINUE
2025-07-28 17:10:56 - AutoML.ComparativeEarlyStopping - INFO - Early stopping evaluation for efficientnet_b0:
2025-07-28 17:10:56 - AutoML.ComparativeEarlyStopping - INFO -   Decision scores: {'statistical_significance': 0.0, 'performance_gap': 0.0, 'learning_trend': 0.0, 'resource_efficiency': 0.2363490659111681}
2025-07-28 17:10:56 - AutoML.ComparativeEarlyStopping - INFO -   Final score: 0.035
2025-07-28 17:10:56 - AutoML.ComparativeEarlyStopping - INFO -   Decision: CONTINUE
2025-07-28 17:13:31 - AutoML.ComparativeEarlyStopping - INFO - Early stopping evaluation for efficientnet_b0:
2025-07-28 17:13:31 - AutoML.ComparativeEarlyStopping - INFO -   Decision scores: {'statistical_significance': 0.0, 'performance_gap': 0.0, 'learning_trend': 0.0, 'resource_efficiency': 0.22778242790592684}
2025-07-28 17:13:31 - AutoML.ComparativeEarlyStopping - INFO -   Final score: 0.034
2025-07-28 17:13:31 - AutoML.ComparativeEarlyStopping - INFO -   Decision: CONTINUE
2025-07-28 17:16:12 - AutoML.ComparativeEarlyStopping - INFO - Early stopping evaluation for efficientnet_b0:
2025-07-28 17:16:12 - AutoML.ComparativeEarlyStopping - INFO -   Decision scores: {'statistical_significance': 0.0, 'performance_gap': 0.0, 'learning_trend': 0.0, 'resource_efficiency': 0.2268891356144921}
2025-07-28 17:16:12 - AutoML.ComparativeEarlyStopping - INFO -   Final score: 0.034
2025-07-28 17:16:12 - AutoML.ComparativeEarlyStopping - INFO -   Decision: CONTINUE
2025-07-28 17:16:12 - AutoML.Trainer - INFO - Epoch 25/31 - Train Acc: 0.8192, Val Acc: 0.8281, Val Loss: 0.7662, Time: 161.3s
2025-07-28 17:18:50 - AutoML.ComparativeEarlyStopping - INFO - Early stopping evaluation for efficientnet_b0:
2025-07-28 17:18:50 - AutoML.ComparativeEarlyStopping - INFO -   Decision scores: {'statistical_significance': 0.0, 'performance_gap': 0.0, 'learning_trend': 0.0, 'resource_efficiency': 0.22631405611230648}
2025-07-28 17:18:50 - AutoML.ComparativeEarlyStopping - INFO -   Final score: 0.034
2025-07-28 17:18:50 - AutoML.ComparativeEarlyStopping - INFO -   Decision: CONTINUE
2025-07-28 17:21:25 - AutoML.ComparativeEarlyStopping - INFO - Early stopping evaluation for efficientnet_b0:
2025-07-28 17:21:25 - AutoML.ComparativeEarlyStopping - INFO -   Decision scores: {'statistical_significance': 0.0, 'performance_gap': 0.0, 'learning_trend': 0.0, 'resource_efficiency': 0.22581521371911428}
2025-07-28 17:21:25 - AutoML.ComparativeEarlyStopping - INFO -   Final score: 0.034
2025-07-28 17:21:25 - AutoML.ComparativeEarlyStopping - INFO -   Decision: CONTINUE
2025-07-28 17:24:05 - AutoML.ComparativeEarlyStopping - INFO - Early stopping evaluation for efficientnet_b0:
2025-07-28 17:24:05 - AutoML.ComparativeEarlyStopping - INFO -   Decision scores: {'statistical_significance': 0.0, 'performance_gap': 0.0, 'learning_trend': 0.0, 'resource_efficiency': 0.22661955559841795}
2025-07-28 17:24:05 - AutoML.ComparativeEarlyStopping - INFO -   Final score: 0.034
2025-07-28 17:24:05 - AutoML.ComparativeEarlyStopping - INFO -   Decision: CONTINUE
2025-07-28 17:26:54 - AutoML.ComparativeEarlyStopping - INFO - Early stopping evaluation for efficientnet_b0:
2025-07-28 17:26:54 - AutoML.ComparativeEarlyStopping - INFO -   Decision scores: {'statistical_significance': 0.0, 'performance_gap': 0.0, 'learning_trend': 0.0, 'resource_efficiency': 0.24822475041623648}
2025-07-28 17:26:54 - AutoML.ComparativeEarlyStopping - INFO -   Final score: 0.037
2025-07-28 17:26:54 - AutoML.ComparativeEarlyStopping - INFO -   Decision: CONTINUE
2025-07-28 17:29:32 - AutoML.ComparativeEarlyStopping - INFO - Early stopping evaluation for efficientnet_b0:
2025-07-28 17:29:32 - AutoML.ComparativeEarlyStopping - INFO -   Decision scores: {'statistical_significance': 0.0, 'performance_gap': 0.0, 'learning_trend': 0.0, 'resource_efficiency': 0.2515885888679602}
2025-07-28 17:29:32 - AutoML.ComparativeEarlyStopping - INFO -   Final score: 0.038
2025-07-28 17:29:32 - AutoML.ComparativeEarlyStopping - INFO -   Decision: CONTINUE
2025-07-28 17:29:32 - AutoML.Trainer - INFO - Epoch 30/31 - Train Acc: 0.8331, Val Acc: 0.8153, Val Loss: 0.7775, Time: 157.5s
2025-07-28 17:32:11 - AutoML.ComparativeEarlyStopping - INFO - Early stopping evaluation for efficientnet_b0:
2025-07-28 17:32:11 - AutoML.ComparativeEarlyStopping - INFO -   Decision scores: {'statistical_significance': 0.0, 'performance_gap': 0.0, 'learning_trend': 0.5, 'resource_efficiency': 0.2567138330324604}
2025-07-28 17:32:11 - AutoML.ComparativeEarlyStopping - INFO -   Final score: 0.164
2025-07-28 17:32:11 - AutoML.ComparativeEarlyStopping - INFO -   Decision: CONTINUE
2025-07-28 17:32:11 - AutoML.Trainer - INFO - Epoch 31/31 - Train Acc: 0.8443, Val Acc: 0.7974, Val Loss: 0.7675, Time: 159.0s
2025-07-28 17:32:11 - AutoML.Trainer - INFO - Training completed for efficientnet_b0
2025-07-28 17:32:11 - AutoML.Trainer - INFO - Best validation accuracy: 0.8281
2025-07-28 17:32:11 - AutoML.Trainer - INFO - Total training time: 4939.4s
2025-07-28 17:32:11 - AutoML.Trainer - INFO - Average epoch time: 159.3s
2025-07-28 17:32:11 - AutoML.Trainer - INFO - Evaluating hyperparameters for efficientnet_b0: {'learning_rate': 2.5081156860452307e-05, 'optimizer': 'adamw', 'weight_decay': 0.0006647135865318024, 'batch_size': 32, 'dropout_rate': 0.3896896099223679, 'pretrained': True, 'lr_scheduler': 'cosine', 'max_epochs': 29}
2025-07-28 17:32:11 - AutoML.ModelFactory - INFO - Creating efficientnet_b0 (pretrained=True, dropout=0.3896896099223679)
2025-07-28 17:32:11 - AutoML - INFO -  Starting: efficientnet_b0 creation
2025-07-28 17:32:11 - AutoML.ModelFactory - INFO - efficientnet_b0 created successfully:
2025-07-28 17:32:11 - AutoML.ModelFactory - INFO -   Parameters: 4,016,515
2025-07-28 17:32:11 - AutoML.ModelFactory - INFO -   Trainable: 4,016,515
2025-07-28 17:32:11 - AutoML.ModelFactory - INFO -   Model size: 15.32 MB
2025-07-28 17:32:11 - AutoML - INFO -  efficientnet_b0 creation completed in 0.43 seconds
2025-07-28 17:32:24 - AutoML.Trainer - INFO - Total classes in dataset: 7
2025-07-28 17:32:24 - AutoML.Trainer - INFO - Classes found in sample: 4
2025-07-28 17:32:24 - AutoML.Trainer - INFO - Sample size: 80 labels
2025-07-28 17:32:24 - AutoML.Trainer - INFO - Class distribution (sample): {1: 2, 2: 7, 4: 11, 5: 60}
2025-07-28 17:32:24 - AutoML.Trainer - INFO - Class weights tensor shape: torch.Size([7])
2025-07-28 17:32:24 - AutoML.Trainer - INFO - Sample class weights range: [0.3333, 10.0000]
2025-07-28 17:32:24 - AutoML.Trainer - INFO - Mean weight for missing classes: 3.7522
2025-07-28 17:45:18 - AutoML.ComparativeEarlyStopping - INFO - Early stopping evaluation for efficientnet_b0:
2025-07-28 17:45:18 - AutoML.ComparativeEarlyStopping - INFO -   Decision scores: {'statistical_significance': 0.0, 'performance_gap': 0.1753447456015217, 'learning_trend': 0.0, 'resource_efficiency': 0.3567795618576908}
2025-07-28 17:45:18 - AutoML.ComparativeEarlyStopping - INFO -   Final score: 0.097
2025-07-28 17:45:18 - AutoML.ComparativeEarlyStopping - INFO -   Decision: CONTINUE
2025-07-28 17:45:18 - AutoML.Trainer - INFO - Epoch 5/29 - Train Acc: 0.6427, Val Acc: 0.6876, Val Loss: 0.9621, Time: 147.2s
2025-07-28 17:47:21 - AutoML.ComparativeEarlyStopping - INFO - Early stopping evaluation for efficientnet_b0:
2025-07-28 17:47:21 - AutoML.ComparativeEarlyStopping - INFO -   Decision scores: {'statistical_significance': 0.0, 'performance_gap': 0.0, 'learning_trend': 0.0, 'resource_efficiency': 0.27765963060475185}
2025-07-28 17:47:21 - AutoML.ComparativeEarlyStopping - INFO -   Final score: 0.042
2025-07-28 17:47:21 - AutoML.ComparativeEarlyStopping - INFO -   Decision: CONTINUE
2025-07-28 17:49:26 - AutoML.ComparativeEarlyStopping - INFO - Early stopping evaluation for efficientnet_b0:
2025-07-28 17:49:26 - AutoML.ComparativeEarlyStopping - INFO -   Decision scores: {'statistical_significance': 0.0, 'performance_gap': 0.0, 'learning_trend': 0.0, 'resource_efficiency': 0.17214850549325933}
2025-07-28 17:49:26 - AutoML.ComparativeEarlyStopping - INFO -   Final score: 0.026
2025-07-28 17:49:26 - AutoML.ComparativeEarlyStopping - INFO -   Decision: CONTINUE
2025-07-28 17:51:30 - AutoML.ComparativeEarlyStopping - INFO - Early stopping evaluation for efficientnet_b0:
2025-07-28 17:51:30 - AutoML.ComparativeEarlyStopping - INFO -   Decision scores: {'statistical_significance': 0.0, 'performance_gap': 0.0, 'learning_trend': 0.0, 'resource_efficiency': 0.10552048871544828}
2025-07-28 17:51:30 - AutoML.ComparativeEarlyStopping - INFO -   Final score: 0.016
2025-07-28 17:51:30 - AutoML.ComparativeEarlyStopping - INFO -   Decision: CONTINUE
2025-07-28 17:53:35 - AutoML.ComparativeEarlyStopping - INFO - Early stopping evaluation for efficientnet_b0:
2025-07-28 17:53:35 - AutoML.ComparativeEarlyStopping - INFO -   Decision scores: {'statistical_significance': 0.0, 'performance_gap': 0.0, 'learning_trend': 0.0, 'resource_efficiency': 0.09871765130013455}
2025-07-28 17:53:35 - AutoML.ComparativeEarlyStopping - INFO -   Final score: 0.015
2025-07-28 17:53:35 - AutoML.ComparativeEarlyStopping - INFO -   Decision: CONTINUE
2025-07-28 17:55:39 - AutoML.ComparativeEarlyStopping - INFO - Early stopping evaluation for efficientnet_b0:
2025-07-28 17:55:39 - AutoML.ComparativeEarlyStopping - INFO -   Decision scores: {'statistical_significance': 0.0, 'performance_gap': 0.0, 'learning_trend': 0.0, 'resource_efficiency': 0.10042018082656834}
2025-07-28 17:55:39 - AutoML.ComparativeEarlyStopping - INFO -   Final score: 0.015
2025-07-28 17:55:39 - AutoML.ComparativeEarlyStopping - INFO -   Decision: CONTINUE
2025-07-28 17:55:39 - AutoML.Trainer - INFO - Epoch 10/29 - Train Acc: 0.7060, Val Acc: 0.7582, Val Loss: 0.7823, Time: 124.2s
2025-07-28 17:57:44 - AutoML.ComparativeEarlyStopping - INFO - Early stopping evaluation for efficientnet_b0:
2025-07-28 17:57:44 - AutoML.ComparativeEarlyStopping - INFO -   Decision scores: {'statistical_significance': 0.0, 'performance_gap': 0.0, 'learning_trend': 0.0, 'resource_efficiency': 0.08494580778413541}
2025-07-28 17:57:44 - AutoML.ComparativeEarlyStopping - INFO -   Final score: 0.013
2025-07-28 17:57:44 - AutoML.ComparativeEarlyStopping - INFO -   Decision: CONTINUE
2025-07-28 17:59:48 - AutoML.ComparativeEarlyStopping - INFO - Early stopping evaluation for efficientnet_b0:
2025-07-28 17:59:48 - AutoML.ComparativeEarlyStopping - INFO -   Decision scores: {'statistical_significance': 0.0, 'performance_gap': 0.0, 'learning_trend': 0.0, 'resource_efficiency': 0.0731044404027048}
2025-07-28 17:59:48 - AutoML.ComparativeEarlyStopping - INFO -   Final score: 0.011
2025-07-28 17:59:48 - AutoML.ComparativeEarlyStopping - INFO -   Decision: CONTINUE
2025-07-28 18:01:52 - AutoML.ComparativeEarlyStopping - INFO - Early stopping evaluation for efficientnet_b0:
2025-07-28 18:01:52 - AutoML.ComparativeEarlyStopping - INFO -   Decision scores: {'statistical_significance': 0.0, 'performance_gap': 0.0, 'learning_trend': 0.0, 'resource_efficiency': 0.07728416483822842}
2025-07-28 18:01:52 - AutoML.ComparativeEarlyStopping - INFO -   Final score: 0.012
2025-07-28 18:01:52 - AutoML.ComparativeEarlyStopping - INFO -   Decision: CONTINUE
2025-07-28 18:03:57 - AutoML.ComparativeEarlyStopping - INFO - Early stopping evaluation for efficientnet_b0:
2025-07-28 18:03:57 - AutoML.ComparativeEarlyStopping - INFO -   Decision scores: {'statistical_significance': 0.0, 'performance_gap': 0.0, 'learning_trend': 0.0, 'resource_efficiency': 0.07225992265625991}
2025-07-28 18:03:57 - AutoML.ComparativeEarlyStopping - INFO -   Final score: 0.011
2025-07-28 18:03:57 - AutoML.ComparativeEarlyStopping - INFO -   Decision: CONTINUE
2025-07-28 18:06:01 - AutoML.ComparativeEarlyStopping - INFO - Early stopping evaluation for efficientnet_b0:
2025-07-28 18:06:01 - AutoML.ComparativeEarlyStopping - INFO -   Decision scores: {'statistical_significance': 0.0, 'performance_gap': 0.0, 'learning_trend': 0.0, 'resource_efficiency': 0.06790652448399814}
2025-07-28 18:06:01 - AutoML.ComparativeEarlyStopping - INFO -   Final score: 0.010
2025-07-28 18:06:01 - AutoML.ComparativeEarlyStopping - INFO -   Decision: CONTINUE
2025-07-28 18:06:01 - AutoML.Trainer - INFO - Epoch 15/29 - Train Acc: 0.7407, Val Acc: 0.7889, Val Loss: 0.7670, Time: 124.0s
2025-07-28 18:08:05 - AutoML.ComparativeEarlyStopping - INFO - Early stopping evaluation for efficientnet_b0:
2025-07-28 18:08:05 - AutoML.ComparativeEarlyStopping - INFO -   Decision scores: {'statistical_significance': 0.0, 'performance_gap': 0.0, 'learning_trend': 0.0, 'resource_efficiency': 0.06610985085640597}
2025-07-28 18:08:05 - AutoML.ComparativeEarlyStopping - INFO -   Final score: 0.010
2025-07-28 18:08:05 - AutoML.ComparativeEarlyStopping - INFO -   Decision: CONTINUE
2025-07-28 18:10:10 - AutoML.ComparativeEarlyStopping - INFO - Early stopping evaluation for efficientnet_b0:
2025-07-28 18:10:10 - AutoML.ComparativeEarlyStopping - INFO -   Decision scores: {'statistical_significance': 0.0, 'performance_gap': 0.0, 'learning_trend': 0.0, 'resource_efficiency': 0.07054244028437939}
2025-07-28 18:10:10 - AutoML.ComparativeEarlyStopping - INFO -   Final score: 0.011
2025-07-28 18:10:10 - AutoML.ComparativeEarlyStopping - INFO -   Decision: CONTINUE
2025-07-28 18:12:13 - AutoML.ComparativeEarlyStopping - INFO - Early stopping evaluation for efficientnet_b0:
2025-07-28 18:12:13 - AutoML.ComparativeEarlyStopping - INFO -   Decision scores: {'statistical_significance': 0.0, 'performance_gap': 0.0, 'learning_trend': 0.0, 'resource_efficiency': 0.06834370414654956}
2025-07-28 18:12:13 - AutoML.ComparativeEarlyStopping - INFO -   Final score: 0.010
2025-07-28 18:12:13 - AutoML.ComparativeEarlyStopping - INFO -   Decision: CONTINUE
2025-07-28 18:14:18 - AutoML.ComparativeEarlyStopping - INFO - Early stopping evaluation for efficientnet_b0:
2025-07-28 18:14:18 - AutoML.ComparativeEarlyStopping - INFO -   Decision scores: {'statistical_significance': 0.0, 'performance_gap': 0.0, 'learning_trend': 0.0, 'resource_efficiency': 0.06626672575317138}
2025-07-28 18:14:18 - AutoML.ComparativeEarlyStopping - INFO -   Final score: 0.010
2025-07-28 18:14:18 - AutoML.ComparativeEarlyStopping - INFO -   Decision: CONTINUE
2025-07-28 18:16:22 - AutoML.ComparativeEarlyStopping - INFO - Early stopping evaluation for efficientnet_b0:
2025-07-28 18:16:22 - AutoML.ComparativeEarlyStopping - INFO -   Decision scores: {'statistical_significance': 0.0, 'performance_gap': 0.0, 'learning_trend': 0.0, 'resource_efficiency': 0.06353255412024794}
2025-07-28 18:16:22 - AutoML.ComparativeEarlyStopping - INFO -   Final score: 0.010
2025-07-28 18:16:22 - AutoML.ComparativeEarlyStopping - INFO -   Decision: CONTINUE
2025-07-28 18:16:22 - AutoML.Trainer - INFO - Epoch 20/29 - Train Acc: 0.7595, Val Acc: 0.7725, Val Loss: 0.7465, Time: 124.2s
2025-07-28 18:18:27 - AutoML.ComparativeEarlyStopping - INFO - Early stopping evaluation for efficientnet_b0:
2025-07-28 18:18:27 - AutoML.ComparativeEarlyStopping - INFO -   Decision scores: {'statistical_significance': 0.0, 'performance_gap': 0.0, 'learning_trend': 0.0, 'resource_efficiency': 0.06904252414884304}
2025-07-28 18:18:27 - AutoML.ComparativeEarlyStopping - INFO -   Final score: 0.010
2025-07-28 18:18:27 - AutoML.ComparativeEarlyStopping - INFO -   Decision: CONTINUE
2025-07-28 18:20:32 - AutoML.ComparativeEarlyStopping - INFO - Early stopping evaluation for efficientnet_b0:
2025-07-28 18:20:32 - AutoML.ComparativeEarlyStopping - INFO -   Decision scores: {'statistical_significance': 0.0, 'performance_gap': 0.0, 'learning_trend': 0.0, 'resource_efficiency': 0.06561530374949665}
2025-07-28 18:20:32 - AutoML.ComparativeEarlyStopping - INFO -   Final score: 0.010
2025-07-28 18:20:32 - AutoML.ComparativeEarlyStopping - INFO -   Decision: CONTINUE
2025-07-28 18:22:39 - AutoML.ComparativeEarlyStopping - INFO - Early stopping evaluation for efficientnet_b0:
2025-07-28 18:22:39 - AutoML.ComparativeEarlyStopping - INFO -   Decision scores: {'statistical_significance': 0.0, 'performance_gap': 0.0, 'learning_trend': 0.0, 'resource_efficiency': 0.06287755551432983}
2025-07-28 18:22:39 - AutoML.ComparativeEarlyStopping - INFO -   Final score: 0.009
2025-07-28 18:22:39 - AutoML.ComparativeEarlyStopping - INFO -   Decision: CONTINUE
2025-07-28 18:24:43 - AutoML.ComparativeEarlyStopping - INFO - Early stopping evaluation for efficientnet_b0:
2025-07-28 18:24:43 - AutoML.ComparativeEarlyStopping - INFO -   Decision scores: {'statistical_significance': 0.0, 'performance_gap': 0.0, 'learning_trend': 0.0, 'resource_efficiency': 0.06250635763944734}
2025-07-28 18:24:43 - AutoML.ComparativeEarlyStopping - INFO -   Final score: 0.009
2025-07-28 18:24:43 - AutoML.ComparativeEarlyStopping - INFO -   Decision: CONTINUE
2025-07-28 18:26:48 - AutoML.ComparativeEarlyStopping - INFO - Early stopping evaluation for efficientnet_b0:
2025-07-28 18:26:48 - AutoML.ComparativeEarlyStopping - INFO -   Decision scores: {'statistical_significance': 0.0, 'performance_gap': 0.0, 'learning_trend': 0.0, 'resource_efficiency': 0.0573238260879092}
2025-07-28 18:26:48 - AutoML.ComparativeEarlyStopping - INFO -   Final score: 0.009
2025-07-28 18:26:48 - AutoML.ComparativeEarlyStopping - INFO -   Decision: CONTINUE
2025-07-28 18:26:48 - AutoML.Trainer - INFO - Epoch 25/29 - Train Acc: 0.7623, Val Acc: 0.7832, Val Loss: 0.7110, Time: 124.9s
2025-07-28 18:28:53 - AutoML.ComparativeEarlyStopping - INFO - Early stopping evaluation for efficientnet_b0:
2025-07-28 18:28:53 - AutoML.ComparativeEarlyStopping - INFO -   Decision scores: {'statistical_significance': 0.0, 'performance_gap': 0.0, 'learning_trend': 0.0, 'resource_efficiency': 0.05564334014461125}
2025-07-28 18:28:53 - AutoML.ComparativeEarlyStopping - INFO -   Final score: 0.008
2025-07-28 18:28:53 - AutoML.ComparativeEarlyStopping - INFO -   Decision: CONTINUE
2025-07-28 18:30:57 - AutoML.ComparativeEarlyStopping - INFO - Early stopping evaluation for efficientnet_b0:
2025-07-28 18:30:57 - AutoML.ComparativeEarlyStopping - INFO -   Decision scores: {'statistical_significance': 0.0, 'performance_gap': 0.0, 'learning_trend': 0.0, 'resource_efficiency': 0.05828974510671536}
2025-07-28 18:30:57 - AutoML.ComparativeEarlyStopping - INFO -   Final score: 0.009
2025-07-28 18:30:57 - AutoML.ComparativeEarlyStopping - INFO -   Decision: CONTINUE
2025-07-28 18:33:02 - AutoML.ComparativeEarlyStopping - INFO - Early stopping evaluation for efficientnet_b0:
2025-07-28 18:33:02 - AutoML.ComparativeEarlyStopping - INFO -   Decision scores: {'statistical_significance': 0.0, 'performance_gap': 0.0, 'learning_trend': 0.0, 'resource_efficiency': 0.06207574848478836}
2025-07-28 18:33:02 - AutoML.ComparativeEarlyStopping - INFO -   Final score: 0.009
2025-07-28 18:33:02 - AutoML.ComparativeEarlyStopping - INFO -   Decision: CONTINUE
2025-07-28 18:35:08 - AutoML.ComparativeEarlyStopping - INFO - Early stopping evaluation for efficientnet_b0:
2025-07-28 18:35:08 - AutoML.ComparativeEarlyStopping - INFO -   Decision scores: {'statistical_significance': 0.0, 'performance_gap': 0.0, 'learning_trend': 0.5, 'resource_efficiency': 0.07053624663005387}
2025-07-28 18:35:08 - AutoML.ComparativeEarlyStopping - INFO -   Final score: 0.136
2025-07-28 18:35:08 - AutoML.ComparativeEarlyStopping - INFO -   Decision: CONTINUE
2025-07-28 18:35:08 - AutoML.Trainer - INFO - Epoch 29/29 - Train Acc: 0.7744, Val Acc: 0.7710, Val Loss: 0.7389, Time: 125.6s
2025-07-28 18:35:08 - AutoML.Trainer - INFO - Training completed for efficientnet_b0
2025-07-28 18:35:08 - AutoML.Trainer - INFO - Best validation accuracy: 0.7946
2025-07-28 18:35:08 - AutoML.Trainer - INFO - Total training time: 3764.2s
2025-07-28 18:35:08 - AutoML.Trainer - INFO - Average epoch time: 129.8s
2025-07-28 18:35:08 - AutoML.Trainer - INFO - Evaluating hyperparameters for efficientnet_b0: {'learning_rate': 7.591104805282687e-05, 'optimizer': 'adamw', 'weight_decay': 0.00534516611064682, 'batch_size': 16, 'dropout_rate': 0.2560204063533433, 'pretrained': True, 'lr_scheduler': 'plateau', 'max_epochs': 31}
2025-07-28 18:35:08 - AutoML.ModelFactory - INFO - Creating efficientnet_b0 (pretrained=True, dropout=0.2560204063533433)
2025-07-28 18:35:08 - AutoML - INFO -  Starting: efficientnet_b0 creation
2025-07-28 18:35:08 - AutoML.ModelFactory - INFO - efficientnet_b0 created successfully:
2025-07-28 18:35:08 - AutoML.ModelFactory - INFO -   Parameters: 4,016,515
2025-07-28 18:35:08 - AutoML.ModelFactory - INFO -   Trainable: 4,016,515
2025-07-28 18:35:08 - AutoML.ModelFactory - INFO -   Model size: 15.32 MB
2025-07-28 18:35:08 - AutoML - INFO -  efficientnet_b0 creation completed in 0.46 seconds
2025-07-28 18:35:20 - AutoML.Trainer - INFO - Total classes in dataset: 7
2025-07-28 18:35:20 - AutoML.Trainer - INFO - Classes found in sample: 7
2025-07-28 18:35:20 - AutoML.Trainer - INFO - Sample size: 80 labels
2025-07-28 18:35:20 - AutoML.Trainer - INFO - Class distribution (sample): {0: 3, 1: 2, 2: 13, 3: 2, 4: 12, 5: 47, 6: 1}
2025-07-28 18:35:20 - AutoML.Trainer - INFO - Class weights tensor shape: torch.Size([7])
2025-07-28 18:35:20 - AutoML.Trainer - INFO - Sample class weights range: [0.2432, 11.4286]
2025-07-28 18:35:20 - AutoML.Trainer - INFO - Mean weight for missing classes: 4.1059
2025-07-28 18:45:38 - AutoML.ComparativeEarlyStopping - INFO - Early stopping evaluation for efficientnet_b0:
2025-07-28 18:45:38 - AutoML.ComparativeEarlyStopping - INFO -   Decision scores: {'statistical_significance': 0.0, 'performance_gap': 0.0, 'learning_trend': 0.0, 'resource_efficiency': 0.11169614029630093}
2025-07-28 18:45:38 - AutoML.ComparativeEarlyStopping - INFO -   Final score: 0.017
2025-07-28 18:45:38 - AutoML.ComparativeEarlyStopping - INFO -   Decision: CONTINUE
2025-07-28 18:45:38 - AutoML.Trainer - INFO - Epoch 5/31 - Train Acc: 0.7076, Val Acc: 0.7461, Val Loss: 0.8463, Time: 123.2s
2025-07-28 18:47:41 - AutoML.ComparativeEarlyStopping - INFO - Early stopping evaluation for efficientnet_b0:
2025-07-28 18:47:41 - AutoML.ComparativeEarlyStopping - INFO -   Decision scores: {'statistical_significance': 0.0, 'performance_gap': 0.0, 'learning_trend': 0.0, 'resource_efficiency': 0.10586760002026152}
2025-07-28 18:47:41 - AutoML.ComparativeEarlyStopping - INFO -   Final score: 0.016
2025-07-28 18:47:41 - AutoML.ComparativeEarlyStopping - INFO -   Decision: CONTINUE
2025-07-28 18:49:47 - AutoML.ComparativeEarlyStopping - INFO - Early stopping evaluation for efficientnet_b0:
2025-07-28 18:49:47 - AutoML.ComparativeEarlyStopping - INFO -   Decision scores: {'statistical_significance': 0.0, 'performance_gap': 0.0, 'learning_trend': 0.0, 'resource_efficiency': 0.08484702231251584}
2025-07-28 18:49:47 - AutoML.ComparativeEarlyStopping - INFO -   Final score: 0.013
2025-07-28 18:49:47 - AutoML.ComparativeEarlyStopping - INFO -   Decision: CONTINUE
2025-07-28 18:52:16 - AutoML.ComparativeEarlyStopping - INFO - Early stopping evaluation for efficientnet_b0:
2025-07-28 18:52:16 - AutoML.ComparativeEarlyStopping - INFO -   Decision scores: {'statistical_significance': 0.0, 'performance_gap': 0.0, 'learning_trend': 0.0, 'resource_efficiency': 0.11803628611971972}
2025-07-28 18:52:16 - AutoML.ComparativeEarlyStopping - INFO -   Final score: 0.018
2025-07-28 18:52:16 - AutoML.ComparativeEarlyStopping - INFO -   Decision: CONTINUE
2025-07-28 18:55:13 - AutoML.ComparativeEarlyStopping - INFO - Early stopping evaluation for efficientnet_b0:
2025-07-28 18:55:13 - AutoML.ComparativeEarlyStopping - INFO -   Decision scores: {'statistical_significance': 0.0, 'performance_gap': 0.0, 'learning_trend': 0.0, 'resource_efficiency': 0.2019324687159284}
2025-07-28 18:55:13 - AutoML.ComparativeEarlyStopping - INFO -   Final score: 0.030
2025-07-28 18:55:13 - AutoML.ComparativeEarlyStopping - INFO -   Decision: CONTINUE
2025-07-28 18:58:13 - AutoML.ComparativeEarlyStopping - INFO - Early stopping evaluation for efficientnet_b0:
2025-07-28 18:58:13 - AutoML.ComparativeEarlyStopping - INFO -   Decision scores: {'statistical_significance': 0.0, 'performance_gap': 0.0, 'learning_trend': 0.0, 'resource_efficiency': 0.28809015535497406}
2025-07-28 18:58:13 - AutoML.ComparativeEarlyStopping - INFO -   Final score: 0.043
2025-07-28 18:58:13 - AutoML.ComparativeEarlyStopping - INFO -   Decision: CONTINUE
2025-07-28 18:58:13 - AutoML.Trainer - INFO - Epoch 10/31 - Train Acc: 0.7484, Val Acc: 0.7825, Val Loss: 0.8769, Time: 180.5s
2025-07-28 19:01:10 - AutoML.ComparativeEarlyStopping - INFO - Early stopping evaluation for efficientnet_b0:
2025-07-28 19:01:10 - AutoML.ComparativeEarlyStopping - INFO -   Decision scores: {'statistical_significance': 0.0, 'performance_gap': 0.0, 'learning_trend': 0.0, 'resource_efficiency': 0.32545186021103145}
2025-07-28 19:01:10 - AutoML.ComparativeEarlyStopping - INFO -   Final score: 0.049
2025-07-28 19:01:10 - AutoML.ComparativeEarlyStopping - INFO -   Decision: CONTINUE
2025-07-28 19:04:07 - AutoML.ComparativeEarlyStopping - INFO - Early stopping evaluation for efficientnet_b0:
2025-07-28 19:04:07 - AutoML.ComparativeEarlyStopping - INFO -   Decision scores: {'statistical_significance': 0.0, 'performance_gap': 0.0, 'learning_trend': 0.0, 'resource_efficiency': 0.3296942235548612}
2025-07-28 19:04:07 - AutoML.ComparativeEarlyStopping - INFO -   Final score: 0.049
2025-07-28 19:04:07 - AutoML.ComparativeEarlyStopping - INFO -   Decision: CONTINUE
2025-07-28 19:07:00 - AutoML.ComparativeEarlyStopping - INFO - Early stopping evaluation for efficientnet_b0:
2025-07-28 19:07:00 - AutoML.ComparativeEarlyStopping - INFO -   Decision scores: {'statistical_significance': 0.0, 'performance_gap': 0.0, 'learning_trend': 0.0, 'resource_efficiency': 0.31602331308063303}
2025-07-28 19:07:00 - AutoML.ComparativeEarlyStopping - INFO -   Final score: 0.047
2025-07-28 19:07:00 - AutoML.ComparativeEarlyStopping - INFO -   Decision: CONTINUE
2025-07-28 19:10:20 - AutoML.ComparativeEarlyStopping - INFO - Early stopping evaluation for efficientnet_b0:
2025-07-28 19:10:20 - AutoML.ComparativeEarlyStopping - INFO -   Decision scores: {'statistical_significance': 0.0, 'performance_gap': 0.0, 'learning_trend': 0.0, 'resource_efficiency': 0.3401869944501392}
2025-07-28 19:10:20 - AutoML.ComparativeEarlyStopping - INFO -   Final score: 0.051
2025-07-28 19:10:20 - AutoML.ComparativeEarlyStopping - INFO -   Decision: CONTINUE
2025-07-28 19:13:05 - AutoML.ComparativeEarlyStopping - INFO - Early stopping evaluation for efficientnet_b0:
2025-07-28 19:13:05 - AutoML.ComparativeEarlyStopping - INFO -   Decision scores: {'statistical_significance': 0.0, 'performance_gap': 0.0, 'learning_trend': 0.0, 'resource_efficiency': 0.32743683847641447}
2025-07-28 19:13:05 - AutoML.ComparativeEarlyStopping - INFO -   Final score: 0.049
2025-07-28 19:13:05 - AutoML.ComparativeEarlyStopping - INFO -   Decision: CONTINUE
2025-07-28 19:13:05 - AutoML.Trainer - INFO - Epoch 15/31 - Train Acc: 0.7873, Val Acc: 0.7817, Val Loss: 0.8274, Time: 164.7s
2025-07-28 19:15:57 - AutoML.ComparativeEarlyStopping - INFO - Early stopping evaluation for efficientnet_b0:
2025-07-28 19:15:57 - AutoML.ComparativeEarlyStopping - INFO -   Decision scores: {'statistical_significance': 0.0, 'performance_gap': 0.0, 'learning_trend': 0.0, 'resource_efficiency': 0.32587940629706125}
2025-07-28 19:15:57 - AutoML.ComparativeEarlyStopping - INFO -   Final score: 0.049
2025-07-28 19:15:57 - AutoML.ComparativeEarlyStopping - INFO -   Decision: CONTINUE
2025-07-28 19:18:42 - AutoML.ComparativeEarlyStopping - INFO - Early stopping evaluation for efficientnet_b0:
2025-07-28 19:18:42 - AutoML.ComparativeEarlyStopping - INFO -   Decision scores: {'statistical_significance': 0.0, 'performance_gap': 0.0, 'learning_trend': 0.5, 'resource_efficiency': 0.29619935099150674}
2025-07-28 19:18:42 - AutoML.ComparativeEarlyStopping - INFO -   Final score: 0.169
2025-07-28 19:18:42 - AutoML.ComparativeEarlyStopping - INFO -   Decision: CONTINUE
2025-07-28 19:21:27 - AutoML.ComparativeEarlyStopping - INFO - Early stopping evaluation for efficientnet_b0:
2025-07-28 19:21:27 - AutoML.ComparativeEarlyStopping - INFO -   Decision scores: {'statistical_significance': 0.0, 'performance_gap': 0.0, 'learning_trend': 0.0, 'resource_efficiency': 0.2810942030824567}
2025-07-28 19:21:27 - AutoML.ComparativeEarlyStopping - INFO -   Final score: 0.042
2025-07-28 19:21:27 - AutoML.ComparativeEarlyStopping - INFO -   Decision: CONTINUE
2025-07-28 19:23:36 - AutoML.ComparativeEarlyStopping - INFO - Early stopping evaluation for efficientnet_b0:
2025-07-28 19:23:36 - AutoML.ComparativeEarlyStopping - INFO -   Decision scores: {'statistical_significance': 0.0, 'performance_gap': 0.0, 'learning_trend': 0.0, 'resource_efficiency': 0.2069497375061663}
2025-07-28 19:23:36 - AutoML.ComparativeEarlyStopping - INFO -   Final score: 0.031
2025-07-28 19:23:36 - AutoML.ComparativeEarlyStopping - INFO -   Decision: CONTINUE
2025-07-28 19:25:40 - AutoML.ComparativeEarlyStopping - INFO - Early stopping evaluation for efficientnet_b0:
2025-07-28 19:25:40 - AutoML.ComparativeEarlyStopping - INFO -   Decision scores: {'statistical_significance': 0.0, 'performance_gap': 0.0, 'learning_trend': 0.0, 'resource_efficiency': 0.11687487881255476}
2025-07-28 19:25:40 - AutoML.ComparativeEarlyStopping - INFO -   Final score: 0.018
2025-07-28 19:25:40 - AutoML.ComparativeEarlyStopping - INFO -   Decision: CONTINUE
2025-07-28 19:25:40 - AutoML.Trainer - INFO - Epoch 20/31 - Train Acc: 0.8110, Val Acc: 0.8103, Val Loss: 0.8052, Time: 124.5s
2025-07-28 19:27:45 - AutoML.ComparativeEarlyStopping - INFO - Early stopping evaluation for efficientnet_b0:
2025-07-28 19:27:45 - AutoML.ComparativeEarlyStopping - INFO -   Decision scores: {'statistical_significance': 0.0, 'performance_gap': 0.0, 'learning_trend': 0.0, 'resource_efficiency': 0.027898850432899858}
2025-07-28 19:27:45 - AutoML.ComparativeEarlyStopping - INFO -   Final score: 0.004
2025-07-28 19:27:45 - AutoML.ComparativeEarlyStopping - INFO -   Decision: CONTINUE
2025-07-28 19:29:50 - AutoML.ComparativeEarlyStopping - INFO - Early stopping evaluation for efficientnet_b0:
2025-07-28 19:29:50 - AutoML.ComparativeEarlyStopping - INFO -   Decision scores: {'statistical_significance': 0.0, 'performance_gap': 0.0, 'learning_trend': 0.0, 'resource_efficiency': 0.025940999286207966}
2025-07-28 19:29:50 - AutoML.ComparativeEarlyStopping - INFO -   Final score: 0.004
2025-07-28 19:29:50 - AutoML.ComparativeEarlyStopping - INFO -   Decision: CONTINUE
2025-07-28 19:31:59 - AutoML.ComparativeEarlyStopping - INFO - Early stopping evaluation for efficientnet_b0:
2025-07-28 19:31:59 - AutoML.ComparativeEarlyStopping - INFO -   Decision scores: {'statistical_significance': 0.0, 'performance_gap': 0.0, 'learning_trend': 0.0, 'resource_efficiency': 0.02982652671749686}
2025-07-28 19:31:59 - AutoML.ComparativeEarlyStopping - INFO -   Final score: 0.004
2025-07-28 19:31:59 - AutoML.ComparativeEarlyStopping - INFO -   Decision: CONTINUE
2025-07-28 19:34:04 - AutoML.ComparativeEarlyStopping - INFO - Early stopping evaluation for efficientnet_b0:
2025-07-28 19:34:04 - AutoML.ComparativeEarlyStopping - INFO -   Decision scores: {'statistical_significance': 0.0, 'performance_gap': 0.0, 'learning_trend': 0.0, 'resource_efficiency': 0.022439216007563045}
2025-07-28 19:34:04 - AutoML.ComparativeEarlyStopping - INFO -   Final score: 0.003
2025-07-28 19:34:04 - AutoML.ComparativeEarlyStopping - INFO -   Decision: CONTINUE
2025-07-28 19:36:10 - AutoML.ComparativeEarlyStopping - INFO - Early stopping evaluation for efficientnet_b0:
2025-07-28 19:36:10 - AutoML.ComparativeEarlyStopping - INFO -   Decision scores: {'statistical_significance': 0.0, 'performance_gap': 0.0, 'learning_trend': 0.0, 'resource_efficiency': 0.01155968082620873}
2025-07-28 19:36:10 - AutoML.ComparativeEarlyStopping - INFO -   Final score: 0.002
2025-07-28 19:36:10 - AutoML.ComparativeEarlyStopping - INFO -   Decision: CONTINUE
2025-07-28 19:36:10 - AutoML.Trainer - INFO - Epoch 25/31 - Train Acc: 0.8673, Val Acc: 0.8331, Val Loss: 0.8440, Time: 126.0s
2025-07-28 19:38:16 - AutoML.ComparativeEarlyStopping - INFO - Early stopping evaluation for efficientnet_b0:
2025-07-28 19:38:16 - AutoML.ComparativeEarlyStopping - INFO -   Decision scores: {'statistical_significance': 0.0, 'performance_gap': 0.0, 'learning_trend': 0.0, 'resource_efficiency': 0.0}
2025-07-28 19:38:16 - AutoML.ComparativeEarlyStopping - INFO -   Final score: 0.000
2025-07-28 19:38:16 - AutoML.ComparativeEarlyStopping - INFO -   Decision: CONTINUE
2025-07-28 19:40:21 - AutoML.ComparativeEarlyStopping - INFO - Early stopping evaluation for efficientnet_b0:
2025-07-28 19:40:21 - AutoML.ComparativeEarlyStopping - INFO -   Decision scores: {'statistical_significance': 0.0, 'performance_gap': 0.0, 'learning_trend': 0.0, 'resource_efficiency': 0.0}
2025-07-28 19:40:21 - AutoML.ComparativeEarlyStopping - INFO -   Final score: 0.000
2025-07-28 19:40:21 - AutoML.ComparativeEarlyStopping - INFO -   Decision: CONTINUE
2025-07-28 19:42:26 - AutoML.ComparativeEarlyStopping - INFO - Early stopping evaluation for efficientnet_b0:
2025-07-28 19:42:26 - AutoML.ComparativeEarlyStopping - INFO -   Decision scores: {'statistical_significance': 0.0, 'performance_gap': 0.0, 'learning_trend': 0.0, 'resource_efficiency': 0.0004499223671853292}
2025-07-28 19:42:26 - AutoML.ComparativeEarlyStopping - INFO -   Final score: 0.000
2025-07-28 19:42:26 - AutoML.ComparativeEarlyStopping - INFO -   Decision: CONTINUE
2025-07-28 19:44:34 - AutoML.ComparativeEarlyStopping - INFO - Early stopping evaluation for efficientnet_b0:
2025-07-28 19:44:34 - AutoML.ComparativeEarlyStopping - INFO -   Decision scores: {'statistical_significance': 0.0, 'performance_gap': 0.0, 'learning_trend': 0.0, 'resource_efficiency': 0.006982323919023425}
2025-07-28 19:44:34 - AutoML.ComparativeEarlyStopping - INFO -   Final score: 0.001
2025-07-28 19:44:34 - AutoML.ComparativeEarlyStopping - INFO -   Decision: CONTINUE
2025-07-28 19:46:39 - AutoML.ComparativeEarlyStopping - INFO - Early stopping evaluation for efficientnet_b0:
2025-07-28 19:46:39 - AutoML.ComparativeEarlyStopping - INFO -   Decision scores: {'statistical_significance': 0.0, 'performance_gap': 0.0, 'learning_trend': 0.0, 'resource_efficiency': 0.01157902702941982}
2025-07-28 19:46:39 - AutoML.ComparativeEarlyStopping - INFO -   Final score: 0.002
2025-07-28 19:46:39 - AutoML.ComparativeEarlyStopping - INFO -   Decision: CONTINUE
2025-07-28 19:46:39 - AutoML.Trainer - INFO - Epoch 30/31 - Train Acc: 0.8845, Val Acc: 0.8345, Val Loss: 0.7723, Time: 125.5s
2025-07-28 19:48:45 - AutoML.ComparativeEarlyStopping - INFO - Early stopping evaluation for efficientnet_b0:
2025-07-28 19:48:45 - AutoML.ComparativeEarlyStopping - INFO -   Decision scores: {'statistical_significance': 0.0, 'performance_gap': 0.0, 'learning_trend': 0.0, 'resource_efficiency': 0.003798138172091514}
2025-07-28 19:48:45 - AutoML.ComparativeEarlyStopping - INFO -   Final score: 0.001
2025-07-28 19:48:45 - AutoML.ComparativeEarlyStopping - INFO -   Decision: CONTINUE
2025-07-28 19:48:45 - AutoML.Trainer - INFO - Epoch 31/31 - Train Acc: 0.8951, Val Acc: 0.8459, Val Loss: 0.7928, Time: 125.5s
2025-07-28 19:48:45 - AutoML.Trainer - INFO - Training completed for efficientnet_b0
2025-07-28 19:48:45 - AutoML.Trainer - INFO - Best validation accuracy: 0.8459
2025-07-28 19:48:45 - AutoML.Trainer - INFO - Total training time: 4404.6s
2025-07-28 19:48:45 - AutoML.Trainer - INFO - Average epoch time: 142.1s
2025-07-28 19:48:45 - AutoML.Trainer - INFO - Evaluating hyperparameters for efficientnet_b0: {'learning_rate': 0.0007568292060167617, 'optimizer': 'adam', 'weight_decay': 1.8427970406864546e-05, 'batch_size': 32, 'dropout_rate': 0.21660318690684463, 'pretrained': True, 'lr_scheduler': 'step', 'max_epochs': 20}
2025-07-28 19:48:45 - AutoML.ModelFactory - INFO - Creating efficientnet_b0 (pretrained=True, dropout=0.21660318690684463)
2025-07-28 19:48:45 - AutoML - INFO -  Starting: efficientnet_b0 creation
2025-07-28 19:48:45 - AutoML.ModelFactory - INFO - efficientnet_b0 created successfully:
2025-07-28 19:48:45 - AutoML.ModelFactory - INFO -   Parameters: 4,016,515
2025-07-28 19:48:45 - AutoML.ModelFactory - INFO -   Trainable: 4,016,515
2025-07-28 19:48:45 - AutoML.ModelFactory - INFO -   Model size: 15.32 MB
2025-07-28 19:48:45 - AutoML - INFO -  efficientnet_b0 creation completed in 0.56 seconds
2025-07-28 19:48:57 - AutoML.Trainer - INFO - Total classes in dataset: 7
2025-07-28 19:48:57 - AutoML.Trainer - INFO - Classes found in sample: 7
2025-07-28 19:48:57 - AutoML.Trainer - INFO - Sample size: 80 labels
2025-07-28 19:48:57 - AutoML.Trainer - INFO - Class distribution (sample): {0: 5, 1: 6, 2: 8, 3: 2, 4: 5, 5: 53, 6: 1}
2025-07-28 19:48:57 - AutoML.Trainer - INFO - Class weights tensor shape: torch.Size([7])
2025-07-28 19:48:57 - AutoML.Trainer - INFO - Sample class weights range: [0.2156, 11.4286]
2025-07-28 19:48:57 - AutoML.Trainer - INFO - Mean weight for missing classes: 3.6090
2025-07-28 19:59:28 - AutoML.ComparativeEarlyStopping - INFO - Early stopping evaluation for efficientnet_b0:
2025-07-28 19:59:28 - AutoML.ComparativeEarlyStopping - INFO -   Decision scores: {'statistical_significance': 0.0, 'performance_gap': 0.5290061816452696, 'learning_trend': 0.0, 'resource_efficiency': 0.24813179039556}
2025-07-28 19:59:28 - AutoML.ComparativeEarlyStopping - INFO -   Final score: 0.169
2025-07-28 19:59:28 - AutoML.ComparativeEarlyStopping - INFO -   Decision: CONTINUE
2025-07-28 19:59:28 - AutoML.Trainer - INFO - Epoch 5/20 - Train Acc: 0.5906, Val Acc: 0.6106, Val Loss: 1.3202, Time: 126.9s
2025-07-28 20:01:34 - AutoML.ComparativeEarlyStopping - INFO - Early stopping evaluation for efficientnet_b0:
2025-07-28 20:01:34 - AutoML.ComparativeEarlyStopping - INFO -   Decision scores: {'statistical_significance': 0.0, 'performance_gap': 0.6954350927246791, 'learning_trend': 0.0, 'resource_efficiency': 0.2634367243765069}
2025-07-28 20:01:34 - AutoML.ComparativeEarlyStopping - INFO -   Final score: 0.213
2025-07-28 20:01:34 - AutoML.ComparativeEarlyStopping - INFO -   Decision: CONTINUE
2025-07-28 20:03:41 - AutoML.ComparativeEarlyStopping - INFO - Early stopping evaluation for efficientnet_b0:
2025-07-28 20:03:41 - AutoML.ComparativeEarlyStopping - INFO -   Decision scores: {'statistical_significance': 0.0, 'performance_gap': 0.33285782215882187, 'learning_trend': 0.0, 'resource_efficiency': 0.23190738173769854}
2025-07-28 20:03:41 - AutoML.ComparativeEarlyStopping - INFO -   Final score: 0.118
2025-07-28 20:03:41 - AutoML.ComparativeEarlyStopping - INFO -   Decision: CONTINUE
2025-07-28 20:05:48 - AutoML.ComparativeEarlyStopping - INFO - Early stopping evaluation for efficientnet_b0:
2025-07-28 20:05:48 - AutoML.ComparativeEarlyStopping - INFO -   Decision scores: {'statistical_significance': 0.0, 'performance_gap': 0.04160722776985204, 'learning_trend': 0.0, 'resource_efficiency': 0.20365968068574736}
2025-07-28 20:05:48 - AutoML.ComparativeEarlyStopping - INFO -   Final score: 0.041
2025-07-28 20:05:48 - AutoML.ComparativeEarlyStopping - INFO -   Decision: CONTINUE
2025-07-28 20:07:55 - AutoML.ComparativeEarlyStopping - INFO - Early stopping evaluation for efficientnet_b0:
2025-07-28 20:07:55 - AutoML.ComparativeEarlyStopping - INFO -   Decision scores: {'statistical_significance': 0.0, 'performance_gap': 0.0, 'learning_trend': 0.0, 'resource_efficiency': 0.17437643012472426}
2025-07-28 20:07:55 - AutoML.ComparativeEarlyStopping - INFO -   Final score: 0.026
2025-07-28 20:07:55 - AutoML.ComparativeEarlyStopping - INFO -   Decision: CONTINUE
2025-07-28 20:10:01 - AutoML.ComparativeEarlyStopping - INFO - Early stopping evaluation for efficientnet_b0:
2025-07-28 20:10:01 - AutoML.ComparativeEarlyStopping - INFO -   Decision scores: {'statistical_significance': 0.0, 'performance_gap': 0.07429862101759332, 'learning_trend': 0.0, 'resource_efficiency': 0.20750654458117024}
2025-07-28 20:10:01 - AutoML.ComparativeEarlyStopping - INFO -   Final score: 0.050
2025-07-28 20:10:01 - AutoML.ComparativeEarlyStopping - INFO -   Decision: CONTINUE
2025-07-28 20:10:01 - AutoML.Trainer - INFO - Epoch 10/20 - Train Acc: 0.6489, Val Acc: 0.6141, Val Loss: 1.1271, Time: 125.9s
2025-07-28 20:12:07 - AutoML.ComparativeEarlyStopping - INFO - Early stopping evaluation for efficientnet_b0:
2025-07-28 20:12:07 - AutoML.ComparativeEarlyStopping - INFO -   Decision scores: {'statistical_significance': 0.0, 'performance_gap': 0.0, 'learning_trend': 0.0, 'resource_efficiency': 0.1945527706750788}
2025-07-28 20:12:07 - AutoML.ComparativeEarlyStopping - INFO -   Final score: 0.029
2025-07-28 20:12:07 - AutoML.ComparativeEarlyStopping - INFO -   Decision: CONTINUE
2025-07-28 20:14:13 - AutoML.ComparativeEarlyStopping - INFO - Early stopping evaluation for efficientnet_b0:
2025-07-28 20:14:13 - AutoML.ComparativeEarlyStopping - INFO -   Decision scores: {'statistical_significance': 0.0, 'performance_gap': 0.0, 'learning_trend': 0.0, 'resource_efficiency': 0.1968168412243303}
2025-07-28 20:14:13 - AutoML.ComparativeEarlyStopping - INFO -   Final score: 0.030
2025-07-28 20:14:13 - AutoML.ComparativeEarlyStopping - INFO -   Decision: CONTINUE
2025-07-28 20:16:18 - AutoML.ComparativeEarlyStopping - INFO - Early stopping evaluation for efficientnet_b0:
2025-07-28 20:16:18 - AutoML.ComparativeEarlyStopping - INFO -   Decision scores: {'statistical_significance': 0.0, 'performance_gap': 0.0, 'learning_trend': 0.0, 'resource_efficiency': 0.15444072540015308}
2025-07-28 20:16:18 - AutoML.ComparativeEarlyStopping - INFO -   Final score: 0.023
2025-07-28 20:16:18 - AutoML.ComparativeEarlyStopping - INFO -   Decision: CONTINUE
2025-07-28 20:18:24 - AutoML.ComparativeEarlyStopping - INFO - Early stopping evaluation for efficientnet_b0:
2025-07-28 20:18:24 - AutoML.ComparativeEarlyStopping - INFO -   Decision scores: {'statistical_significance': 0.0, 'performance_gap': 0.0, 'learning_trend': 0.0, 'resource_efficiency': 0.13599039415743996}
2025-07-28 20:18:24 - AutoML.ComparativeEarlyStopping - INFO -   Final score: 0.020
2025-07-28 20:18:24 - AutoML.ComparativeEarlyStopping - INFO -   Decision: CONTINUE
2025-07-28 20:20:28 - AutoML.ComparativeEarlyStopping - INFO - Early stopping evaluation for efficientnet_b0:
2025-07-28 20:20:28 - AutoML.ComparativeEarlyStopping - INFO -   Decision scores: {'statistical_significance': 0.0, 'performance_gap': 0.0, 'learning_trend': 0.0, 'resource_efficiency': 0.12691414815561308}
2025-07-28 20:20:28 - AutoML.ComparativeEarlyStopping - INFO -   Final score: 0.019
2025-07-28 20:20:28 - AutoML.ComparativeEarlyStopping - INFO -   Decision: CONTINUE
2025-07-28 20:20:28 - AutoML.Trainer - INFO - Epoch 15/20 - Train Acc: 0.7004, Val Acc: 0.7133, Val Loss: 0.8796, Time: 124.5s
2025-07-28 20:22:37 - AutoML.ComparativeEarlyStopping - INFO - Early stopping evaluation for efficientnet_b0:
2025-07-28 20:22:37 - AutoML.ComparativeEarlyStopping - INFO -   Decision scores: {'statistical_significance': 0.0, 'performance_gap': 0.0, 'learning_trend': 0.0, 'resource_efficiency': 0.14030586509533527}
2025-07-28 20:22:37 - AutoML.ComparativeEarlyStopping - INFO -   Final score: 0.021
2025-07-28 20:22:37 - AutoML.ComparativeEarlyStopping - INFO -   Decision: CONTINUE
2025-07-28 20:24:42 - AutoML.ComparativeEarlyStopping - INFO - Early stopping evaluation for efficientnet_b0:
2025-07-28 20:24:42 - AutoML.ComparativeEarlyStopping - INFO -   Decision scores: {'statistical_significance': 0.0, 'performance_gap': 0.0, 'learning_trend': 0.0, 'resource_efficiency': 0.15724068666149726}
2025-07-28 20:24:42 - AutoML.ComparativeEarlyStopping - INFO -   Final score: 0.024
2025-07-28 20:24:42 - AutoML.ComparativeEarlyStopping - INFO -   Decision: CONTINUE
2025-07-28 20:26:46 - AutoML.ComparativeEarlyStopping - INFO - Early stopping evaluation for efficientnet_b0:
2025-07-28 20:26:46 - AutoML.ComparativeEarlyStopping - INFO -   Decision scores: {'statistical_significance': 0.0, 'performance_gap': 0.0, 'learning_trend': 0.0, 'resource_efficiency': 0.15348595541286258}
2025-07-28 20:26:46 - AutoML.ComparativeEarlyStopping - INFO -   Final score: 0.023
2025-07-28 20:26:46 - AutoML.ComparativeEarlyStopping - INFO -   Decision: CONTINUE
2025-07-28 20:28:52 - AutoML.ComparativeEarlyStopping - INFO - Early stopping evaluation for efficientnet_b0:
2025-07-28 20:28:52 - AutoML.ComparativeEarlyStopping - INFO -   Decision scores: {'statistical_significance': 0.0, 'performance_gap': 0.0, 'learning_trend': 0.0, 'resource_efficiency': 0.1353995315083103}
2025-07-28 20:28:52 - AutoML.ComparativeEarlyStopping - INFO -   Final score: 0.020
2025-07-28 20:28:52 - AutoML.ComparativeEarlyStopping - INFO -   Decision: CONTINUE
2025-07-28 20:31:02 - AutoML.ComparativeEarlyStopping - INFO - Early stopping evaluation for efficientnet_b0:
2025-07-28 20:31:02 - AutoML.ComparativeEarlyStopping - INFO -   Decision scores: {'statistical_significance': 0.0, 'performance_gap': 0.0, 'learning_trend': 0.0, 'resource_efficiency': 0.13447829493663888}
2025-07-28 20:31:02 - AutoML.ComparativeEarlyStopping - INFO -   Final score: 0.020
2025-07-28 20:31:02 - AutoML.ComparativeEarlyStopping - INFO -   Decision: CONTINUE
2025-07-28 20:31:02 - AutoML.Trainer - INFO - Epoch 20/20 - Train Acc: 0.7133, Val Acc: 0.7382, Val Loss: 0.9032, Time: 129.9s
2025-07-28 20:31:02 - AutoML.Trainer - INFO - Training completed for efficientnet_b0
2025-07-28 20:31:02 - AutoML.Trainer - INFO - Best validation accuracy: 0.7504
2025-07-28 20:31:02 - AutoML.Trainer - INFO - Total training time: 2524.7s
2025-07-28 20:31:02 - AutoML.Trainer - INFO - Average epoch time: 126.2s
2025-07-28 20:31:02 - AutoML.Trainer - INFO - Evaluating hyperparameters for efficientnet_b0: {'learning_rate': 0.00012172847081122418, 'optimizer': 'adamw', 'weight_decay': 0.009133995846860976, 'batch_size': 8, 'dropout_rate': 0.3446384285364503, 'pretrained': True, 'lr_scheduler': 'plateau', 'max_epochs': 16}
2025-07-28 20:31:02 - AutoML.ModelFactory - INFO - Creating efficientnet_b0 (pretrained=True, dropout=0.3446384285364503)
2025-07-28 20:31:02 - AutoML - INFO -  Starting: efficientnet_b0 creation
2025-07-28 20:31:03 - AutoML.ModelFactory - INFO - efficientnet_b0 created successfully:
2025-07-28 20:31:03 - AutoML.ModelFactory - INFO -   Parameters: 4,016,515
2025-07-28 20:31:03 - AutoML.ModelFactory - INFO -   Trainable: 4,016,515
2025-07-28 20:31:03 - AutoML.ModelFactory - INFO -   Model size: 15.32 MB
2025-07-28 20:31:03 - AutoML - INFO -  efficientnet_b0 creation completed in 0.52 seconds
2025-07-28 20:31:15 - AutoML.Trainer - INFO - Total classes in dataset: 7
2025-07-28 20:31:15 - AutoML.Trainer - INFO - Classes found in sample: 7
2025-07-28 20:31:15 - AutoML.Trainer - INFO - Sample size: 80 labels
2025-07-28 20:31:15 - AutoML.Trainer - INFO - Class distribution (sample): {0: 1, 1: 5, 2: 13, 3: 1, 4: 12, 5: 47, 6: 1}
2025-07-28 20:31:15 - AutoML.Trainer - INFO - Class weights tensor shape: torch.Size([7])
2025-07-28 20:31:15 - AutoML.Trainer - INFO - Sample class weights range: [0.2432, 11.4286]
2025-07-28 20:31:15 - AutoML.Trainer - INFO - Mean weight for missing classes: 5.5209
2025-07-28 20:45:11 - AutoML.ComparativeEarlyStopping - INFO - Early stopping evaluation for efficientnet_b0:
2025-07-28 20:45:11 - AutoML.ComparativeEarlyStopping - INFO -   Decision scores: {'statistical_significance': 0.0, 'performance_gap': 0.0, 'learning_trend': 0.5, 'resource_efficiency': 0.3348680053412525}
2025-07-28 20:45:11 - AutoML.ComparativeEarlyStopping - INFO -   Final score: 0.175
2025-07-28 20:45:11 - AutoML.ComparativeEarlyStopping - INFO -   Decision: CONTINUE
2025-07-28 20:45:11 - AutoML.Trainer - INFO - Epoch 5/16 - Train Acc: 0.6979, Val Acc: 0.7739, Val Loss: 0.7921, Time: 163.7s
2025-07-28 20:48:02 - AutoML.ComparativeEarlyStopping - INFO - Early stopping evaluation for efficientnet_b0:
2025-07-28 20:48:02 - AutoML.ComparativeEarlyStopping - INFO -   Decision scores: {'statistical_significance': 0.0, 'performance_gap': 0.0, 'learning_trend': 0.0, 'resource_efficiency': 0.34971179537760455}
2025-07-28 20:48:02 - AutoML.ComparativeEarlyStopping - INFO -   Final score: 0.052
2025-07-28 20:48:02 - AutoML.ComparativeEarlyStopping - INFO -   Decision: CONTINUE
2025-07-28 20:50:53 - AutoML.ComparativeEarlyStopping - INFO - Early stopping evaluation for efficientnet_b0:
2025-07-28 20:50:53 - AutoML.ComparativeEarlyStopping - INFO -   Decision scores: {'statistical_significance': 0.0, 'performance_gap': 0.0, 'learning_trend': 0.0, 'resource_efficiency': 0.32970676204782456}
2025-07-28 20:50:53 - AutoML.ComparativeEarlyStopping - INFO -   Final score: 0.049
2025-07-28 20:50:53 - AutoML.ComparativeEarlyStopping - INFO -   Decision: CONTINUE
2025-07-28 20:53:38 - AutoML.ComparativeEarlyStopping - INFO - Early stopping evaluation for efficientnet_b0:
2025-07-28 20:53:38 - AutoML.ComparativeEarlyStopping - INFO -   Decision scores: {'statistical_significance': 0.0, 'performance_gap': 0.0, 'learning_trend': 0.0, 'resource_efficiency': 0.32564445780249274}
2025-07-28 20:53:38 - AutoML.ComparativeEarlyStopping - INFO -   Final score: 0.049
2025-07-28 20:53:38 - AutoML.ComparativeEarlyStopping - INFO -   Decision: CONTINUE
2025-07-28 20:56:27 - AutoML.ComparativeEarlyStopping - INFO - Early stopping evaluation for efficientnet_b0:
2025-07-28 20:56:27 - AutoML.ComparativeEarlyStopping - INFO -   Decision scores: {'statistical_significance': 0.0, 'performance_gap': 0.0, 'learning_trend': 0.0, 'resource_efficiency': 0.2922254498091532}
2025-07-28 20:56:27 - AutoML.ComparativeEarlyStopping - INFO -   Final score: 0.044
2025-07-28 20:56:27 - AutoML.ComparativeEarlyStopping - INFO -   Decision: CONTINUE
2025-07-28 20:59:17 - AutoML.ComparativeEarlyStopping - INFO - Early stopping evaluation for efficientnet_b0:
2025-07-28 20:59:17 - AutoML.ComparativeEarlyStopping - INFO -   Decision scores: {'statistical_significance': 0.0, 'performance_gap': 0.0, 'learning_trend': 0.0, 'resource_efficiency': 0.3109556635196624}
2025-07-28 20:59:17 - AutoML.ComparativeEarlyStopping - INFO -   Final score: 0.047
2025-07-28 20:59:17 - AutoML.ComparativeEarlyStopping - INFO -   Decision: CONTINUE
2025-07-28 20:59:17 - AutoML.Trainer - INFO - Epoch 10/16 - Train Acc: 0.7484, Val Acc: 0.7325, Val Loss: 0.8199, Time: 169.7s
2025-07-28 21:02:02 - AutoML.ComparativeEarlyStopping - INFO - Early stopping evaluation for efficientnet_b0:
2025-07-28 21:02:02 - AutoML.ComparativeEarlyStopping - INFO -   Decision scores: {'statistical_significance': 0.0, 'performance_gap': 0.0, 'learning_trend': 0.0, 'resource_efficiency': 0.3164024170330364}
2025-07-28 21:02:02 - AutoML.ComparativeEarlyStopping - INFO -   Final score: 0.047
2025-07-28 21:02:02 - AutoML.ComparativeEarlyStopping - INFO -   Decision: CONTINUE
2025-07-28 21:04:55 - AutoML.ComparativeEarlyStopping - INFO - Early stopping evaluation for efficientnet_b0:
2025-07-28 21:04:55 - AutoML.ComparativeEarlyStopping - INFO -   Decision scores: {'statistical_significance': 0.0, 'performance_gap': 0.0, 'learning_trend': 0.0, 'resource_efficiency': 0.3234085317930967}
2025-07-28 21:04:55 - AutoML.ComparativeEarlyStopping - INFO -   Final score: 0.049
2025-07-28 21:04:55 - AutoML.ComparativeEarlyStopping - INFO -   Decision: CONTINUE
2025-07-28 21:07:59 - AutoML.ComparativeEarlyStopping - INFO - Early stopping evaluation for efficientnet_b0:
2025-07-28 21:07:59 - AutoML.ComparativeEarlyStopping - INFO -   Decision scores: {'statistical_significance': 0.0, 'performance_gap': 0.0, 'learning_trend': 0.0, 'resource_efficiency': 0.32023900746700296}
2025-07-28 21:07:59 - AutoML.ComparativeEarlyStopping - INFO -   Final score: 0.048
2025-07-28 21:07:59 - AutoML.ComparativeEarlyStopping - INFO -   Decision: CONTINUE
2025-07-28 21:10:51 - AutoML.ComparativeEarlyStopping - INFO - Early stopping evaluation for efficientnet_b0:
2025-07-28 21:10:51 - AutoML.ComparativeEarlyStopping - INFO -   Decision scores: {'statistical_significance': 0.0, 'performance_gap': 0.0, 'learning_trend': 0.0, 'resource_efficiency': 0.31983322890454713}
2025-07-28 21:10:51 - AutoML.ComparativeEarlyStopping - INFO -   Final score: 0.048
2025-07-28 21:10:51 - AutoML.ComparativeEarlyStopping - INFO -   Decision: CONTINUE
2025-07-28 21:13:37 - AutoML.ComparativeEarlyStopping - INFO - Early stopping evaluation for efficientnet_b0:
2025-07-28 21:13:37 - AutoML.ComparativeEarlyStopping - INFO -   Decision scores: {'statistical_significance': 0.0, 'performance_gap': 0.0, 'learning_trend': 0.0, 'resource_efficiency': 0.2974054527818649}
2025-07-28 21:13:37 - AutoML.ComparativeEarlyStopping - INFO -   Final score: 0.045
2025-07-28 21:13:37 - AutoML.ComparativeEarlyStopping - INFO -   Decision: CONTINUE
2025-07-28 21:13:37 - AutoML.Trainer - INFO - Epoch 15/16 - Train Acc: 0.7858, Val Acc: 0.8260, Val Loss: 0.7278, Time: 165.5s
2025-07-28 21:16:27 - AutoML.ComparativeEarlyStopping - INFO - Early stopping evaluation for efficientnet_b0:
2025-07-28 21:16:27 - AutoML.ComparativeEarlyStopping - INFO -   Decision scores: {'statistical_significance': 0.0, 'performance_gap': 0.0, 'learning_trend': 0.0, 'resource_efficiency': 0.2744501716405705}
2025-07-28 21:16:27 - AutoML.ComparativeEarlyStopping - INFO -   Final score: 0.041
2025-07-28 21:16:27 - AutoML.ComparativeEarlyStopping - INFO -   Decision: CONTINUE
2025-07-28 21:16:27 - AutoML.Trainer - INFO - Epoch 16/16 - Train Acc: 0.8188, Val Acc: 0.8231, Val Loss: 0.6332, Time: 170.6s
2025-07-28 21:16:27 - AutoML.Trainer - INFO - Training completed for efficientnet_b0
2025-07-28 21:16:27 - AutoML.Trainer - INFO - Best validation accuracy: 0.8260
2025-07-28 21:16:27 - AutoML.Trainer - INFO - Total training time: 2712.5s
2025-07-28 21:16:27 - AutoML.Trainer - INFO - Average epoch time: 169.5s
2025-07-28 21:16:27 - AutoML.Trainer - INFO - Evaluating hyperparameters for efficientnet_b0: {'learning_rate': 5.211124595788268e-05, 'optimizer': 'adamw', 'weight_decay': 9.833181933644887e-05, 'batch_size': 32, 'dropout_rate': 0.3188818535014193, 'pretrained': True, 'lr_scheduler': 'step', 'max_epochs': 17}
2025-07-28 21:16:27 - AutoML.ModelFactory - INFO - Creating efficientnet_b0 (pretrained=True, dropout=0.3188818535014193)
2025-07-28 21:16:27 - AutoML - INFO -  Starting: efficientnet_b0 creation
2025-07-28 21:16:28 - AutoML.ModelFactory - INFO - efficientnet_b0 created successfully:
2025-07-28 21:16:28 - AutoML.ModelFactory - INFO -   Parameters: 4,016,515
2025-07-28 21:16:28 - AutoML.ModelFactory - INFO -   Trainable: 4,016,515
2025-07-28 21:16:28 - AutoML.ModelFactory - INFO -   Model size: 15.32 MB
2025-07-28 21:16:28 - AutoML - INFO -  efficientnet_b0 creation completed in 0.44 seconds
2025-07-28 21:16:41 - AutoML.Trainer - INFO - Total classes in dataset: 7
2025-07-28 21:16:41 - AutoML.Trainer - INFO - Classes found in sample: 6
2025-07-28 21:16:41 - AutoML.Trainer - INFO - Sample size: 80 labels
2025-07-28 21:16:41 - AutoML.Trainer - INFO - Class distribution (sample): {0: 2, 1: 1, 2: 6, 4: 4, 5: 65, 6: 2}
2025-07-28 21:16:41 - AutoML.Trainer - INFO - Class weights tensor shape: torch.Size([7])
2025-07-28 21:16:41 - AutoML.Trainer - INFO - Sample class weights range: [0.2051, 13.3333]
2025-07-28 21:16:41 - AutoML.Trainer - INFO - Mean weight for missing classes: 5.4046
2025-07-28 21:27:17 - AutoML.ComparativeEarlyStopping - INFO - Early stopping evaluation for efficientnet_b0:
2025-07-28 21:27:17 - AutoML.ComparativeEarlyStopping - INFO -   Decision scores: {'statistical_significance': 0.0, 'performance_gap': 0.0, 'learning_trend': 0.0, 'resource_efficiency': 0.1454268121431388}
2025-07-28 21:27:17 - AutoML.ComparativeEarlyStopping - INFO -   Final score: 0.022
2025-07-28 21:27:17 - AutoML.ComparativeEarlyStopping - INFO -   Decision: CONTINUE
2025-07-28 21:27:17 - AutoML.Trainer - INFO - Epoch 5/17 - Train Acc: 0.6341, Val Acc: 0.7197, Val Loss: 0.8692, Time: 128.7s
2025-07-28 21:29:25 - AutoML.ComparativeEarlyStopping - INFO - Early stopping evaluation for efficientnet_b0:
2025-07-28 21:29:25 - AutoML.ComparativeEarlyStopping - INFO -   Decision scores: {'statistical_significance': 0.0, 'performance_gap': 0.0, 'learning_trend': 0.0, 'resource_efficiency': 0.14698406639599715}
2025-07-28 21:29:25 - AutoML.ComparativeEarlyStopping - INFO -   Final score: 0.022
2025-07-28 21:29:25 - AutoML.ComparativeEarlyStopping - INFO -   Decision: CONTINUE
2025-07-28 21:31:35 - AutoML.ComparativeEarlyStopping - INFO - Early stopping evaluation for efficientnet_b0:
2025-07-28 21:31:35 - AutoML.ComparativeEarlyStopping - INFO -   Decision scores: {'statistical_significance': 0.0, 'performance_gap': 0.0, 'learning_trend': 0.0, 'resource_efficiency': 0.13779342313804654}
2025-07-28 21:31:35 - AutoML.ComparativeEarlyStopping - INFO -   Final score: 0.021
2025-07-28 21:31:35 - AutoML.ComparativeEarlyStopping - INFO -   Decision: CONTINUE
2025-07-28 21:33:42 - AutoML.ComparativeEarlyStopping - INFO - Early stopping evaluation for efficientnet_b0:
2025-07-28 21:33:42 - AutoML.ComparativeEarlyStopping - INFO -   Decision scores: {'statistical_significance': 0.0, 'performance_gap': 0.0, 'learning_trend': 0.0, 'resource_efficiency': 0.12199263096668067}
2025-07-28 21:33:42 - AutoML.ComparativeEarlyStopping - INFO -   Final score: 0.018
2025-07-28 21:33:42 - AutoML.ComparativeEarlyStopping - INFO -   Decision: CONTINUE
2025-07-28 21:35:46 - AutoML.ComparativeEarlyStopping - INFO - Early stopping evaluation for efficientnet_b0:
2025-07-28 21:35:46 - AutoML.ComparativeEarlyStopping - INFO -   Decision scores: {'statistical_significance': 0.0, 'performance_gap': 0.0, 'learning_trend': 0.0, 'resource_efficiency': 0.11431538496081184}
2025-07-28 21:35:46 - AutoML.ComparativeEarlyStopping - INFO -   Final score: 0.017
2025-07-28 21:35:46 - AutoML.ComparativeEarlyStopping - INFO -   Decision: CONTINUE
2025-07-28 21:38:15 - AutoML.ComparativeEarlyStopping - INFO - Early stopping evaluation for efficientnet_b0:
2025-07-28 21:38:15 - AutoML.ComparativeEarlyStopping - INFO -   Decision scores: {'statistical_significance': 0.0, 'performance_gap': 0.0, 'learning_trend': 0.0, 'resource_efficiency': 0.15755146823002952}
2025-07-28 21:38:15 - AutoML.ComparativeEarlyStopping - INFO -   Final score: 0.024
2025-07-28 21:38:15 - AutoML.ComparativeEarlyStopping - INFO -   Decision: CONTINUE
2025-07-28 21:38:15 - AutoML.Trainer - INFO - Epoch 10/17 - Train Acc: 0.6981, Val Acc: 0.7589, Val Loss: 0.7638, Time: 148.8s
2025-07-28 21:40:19 - AutoML.ComparativeEarlyStopping - INFO - Early stopping evaluation for efficientnet_b0:
2025-07-28 21:40:19 - AutoML.ComparativeEarlyStopping - INFO -   Decision scores: {'statistical_significance': 0.0, 'performance_gap': 0.0, 'learning_trend': 0.0, 'resource_efficiency': 0.1434048937006579}
2025-07-28 21:40:19 - AutoML.ComparativeEarlyStopping - INFO -   Final score: 0.022
2025-07-28 21:40:19 - AutoML.ComparativeEarlyStopping - INFO -   Decision: CONTINUE
2025-07-28 21:42:22 - AutoML.ComparativeEarlyStopping - INFO - Early stopping evaluation for efficientnet_b0:
2025-07-28 21:42:22 - AutoML.ComparativeEarlyStopping - INFO -   Decision scores: {'statistical_significance': 0.0, 'performance_gap': 0.0, 'learning_trend': 0.0, 'resource_efficiency': 0.12462171746964334}
2025-07-28 21:42:22 - AutoML.ComparativeEarlyStopping - INFO -   Final score: 0.019
2025-07-28 21:42:22 - AutoML.ComparativeEarlyStopping - INFO -   Decision: CONTINUE
2025-07-28 21:44:28 - AutoML.ComparativeEarlyStopping - INFO - Early stopping evaluation for efficientnet_b0:
2025-07-28 21:44:28 - AutoML.ComparativeEarlyStopping - INFO -   Decision scores: {'statistical_significance': 0.0, 'performance_gap': 0.0, 'learning_trend': 0.0, 'resource_efficiency': 0.062437964179531624}
2025-07-28 21:44:28 - AutoML.ComparativeEarlyStopping - INFO -   Final score: 0.009
2025-07-28 21:44:28 - AutoML.ComparativeEarlyStopping - INFO -   Decision: CONTINUE
2025-07-28 21:46:33 - AutoML.ComparativeEarlyStopping - INFO - Early stopping evaluation for efficientnet_b0:
2025-07-28 21:46:33 - AutoML.ComparativeEarlyStopping - INFO -   Decision scores: {'statistical_significance': 0.0, 'performance_gap': 0.0, 'learning_trend': 0.0, 'resource_efficiency': 0.0633946102793067}
2025-07-28 21:46:33 - AutoML.ComparativeEarlyStopping - INFO -   Final score: 0.010
2025-07-28 21:46:33 - AutoML.ComparativeEarlyStopping - INFO -   Decision: CONTINUE
2025-07-28 21:48:46 - AutoML.ComparativeEarlyStopping - INFO - Early stopping evaluation for efficientnet_b0:
2025-07-28 21:48:46 - AutoML.ComparativeEarlyStopping - INFO -   Decision scores: {'statistical_significance': 0.0, 'performance_gap': 0.0, 'learning_trend': 0.0, 'resource_efficiency': 0.07821691028299727}
2025-07-28 21:48:46 - AutoML.ComparativeEarlyStopping - INFO -   Final score: 0.012
2025-07-28 21:48:46 - AutoML.ComparativeEarlyStopping - INFO -   Decision: CONTINUE
2025-07-28 21:48:46 - AutoML.Trainer - INFO - Epoch 15/17 - Train Acc: 0.7397, Val Acc: 0.7996, Val Loss: 0.7572, Time: 132.4s
2025-07-28 21:51:06 - AutoML.ComparativeEarlyStopping - INFO - Early stopping evaluation for efficientnet_b0:
2025-07-28 21:51:06 - AutoML.ComparativeEarlyStopping - INFO -   Decision scores: {'statistical_significance': 0.0, 'performance_gap': 0.0, 'learning_trend': 0.0, 'resource_efficiency': 0.10581517734375767}
2025-07-28 21:51:06 - AutoML.ComparativeEarlyStopping - INFO -   Final score: 0.016
2025-07-28 21:51:06 - AutoML.ComparativeEarlyStopping - INFO -   Decision: CONTINUE
2025-07-28 21:53:10 - AutoML.ComparativeEarlyStopping - INFO - Early stopping evaluation for efficientnet_b0:
2025-07-28 21:53:10 - AutoML.ComparativeEarlyStopping - INFO -   Decision scores: {'statistical_significance': 0.0, 'performance_gap': 0.0, 'learning_trend': 0.0, 'resource_efficiency': 0.09883762113165107}
2025-07-28 21:53:10 - AutoML.ComparativeEarlyStopping - INFO -   Final score: 0.015
2025-07-28 21:53:10 - AutoML.ComparativeEarlyStopping - INFO -   Decision: CONTINUE
2025-07-28 21:53:10 - AutoML.Trainer - INFO - Epoch 17/17 - Train Acc: 0.7529, Val Acc: 0.7860, Val Loss: 0.7722, Time: 123.7s
2025-07-28 21:53:10 - AutoML.Trainer - INFO - Training completed for efficientnet_b0
2025-07-28 21:53:10 - AutoML.Trainer - INFO - Best validation accuracy: 0.7996
2025-07-28 21:53:10 - AutoML.Trainer - INFO - Total training time: 2189.4s
2025-07-28 21:53:10 - AutoML.Trainer - INFO - Average epoch time: 128.8s
2025-07-28 21:53:10 - AutoML.Trainer - INFO - Evaluating hyperparameters for efficientnet_b0: {'learning_rate': 0.0002669866674274458, 'optimizer': 'adam', 'weight_decay': 0.00030296104428212476, 'batch_size': 8, 'dropout_rate': 0.13236742809799135, 'pretrained': True, 'lr_scheduler': 'step', 'max_epochs': 25}
2025-07-28 21:53:10 - AutoML.ModelFactory - INFO - Creating efficientnet_b0 (pretrained=True, dropout=0.13236742809799135)
2025-07-28 21:53:10 - AutoML - INFO -  Starting: efficientnet_b0 creation
2025-07-28 21:53:10 - AutoML.ModelFactory - INFO - efficientnet_b0 created successfully:
2025-07-28 21:53:10 - AutoML.ModelFactory - INFO -   Parameters: 4,016,515
2025-07-28 21:53:10 - AutoML.ModelFactory - INFO -   Trainable: 4,016,515
2025-07-28 21:53:10 - AutoML.ModelFactory - INFO -   Model size: 15.32 MB
2025-07-28 21:53:10 - AutoML - INFO -  efficientnet_b0 creation completed in 0.29 seconds
2025-07-28 21:53:22 - AutoML.Trainer - INFO - Total classes in dataset: 7
2025-07-28 21:53:22 - AutoML.Trainer - INFO - Classes found in sample: 7
2025-07-28 21:53:22 - AutoML.Trainer - INFO - Sample size: 80 labels
2025-07-28 21:53:22 - AutoML.Trainer - INFO - Class distribution (sample): {0: 4, 1: 1, 2: 6, 3: 2, 4: 18, 5: 48, 6: 1}
2025-07-28 21:53:22 - AutoML.Trainer - INFO - Class weights tensor shape: torch.Size([7])
2025-07-28 21:53:22 - AutoML.Trainer - INFO - Sample class weights range: [0.2381, 11.4286]
2025-07-28 21:53:22 - AutoML.Trainer - INFO - Mean weight for missing classes: 4.8866
2025-07-28 22:03:39 - AutoML.ComparativeEarlyStopping - INFO - Early stopping evaluation for efficientnet_b0:
2025-07-28 22:03:39 - AutoML.ComparativeEarlyStopping - INFO -   Decision scores: {'statistical_significance': 0.0, 'performance_gap': 0.06538278649548257, 'learning_trend': 0.0, 'resource_efficiency': 0.18924442562020294}
2025-07-28 22:03:39 - AutoML.ComparativeEarlyStopping - INFO -   Final score: 0.045
2025-07-28 22:03:39 - AutoML.ComparativeEarlyStopping - INFO -   Decision: CONTINUE
2025-07-28 22:03:39 - AutoML.Trainer - INFO - Epoch 5/25 - Train Acc: 0.6780, Val Acc: 0.6576, Val Loss: 1.0339, Time: 124.2s
2025-07-28 22:05:44 - AutoML.ComparativeEarlyStopping - INFO - Early stopping evaluation for efficientnet_b0:
2025-07-28 22:05:44 - AutoML.ComparativeEarlyStopping - INFO -   Decision scores: {'statistical_significance': 0.0, 'performance_gap': 0.0, 'learning_trend': 0.0, 'resource_efficiency': 0.14405913736844123}
2025-07-28 22:05:44 - AutoML.ComparativeEarlyStopping - INFO -   Final score: 0.022
2025-07-28 22:05:44 - AutoML.ComparativeEarlyStopping - INFO -   Decision: CONTINUE
2025-07-28 22:07:47 - AutoML.ComparativeEarlyStopping - INFO - Early stopping evaluation for efficientnet_b0:
2025-07-28 22:07:47 - AutoML.ComparativeEarlyStopping - INFO -   Decision scores: {'statistical_significance': 0.0, 'performance_gap': 0.0, 'learning_trend': 0.0, 'resource_efficiency': 0.1346290180207521}
2025-07-28 22:07:47 - AutoML.ComparativeEarlyStopping - INFO -   Final score: 0.020
2025-07-28 22:07:47 - AutoML.ComparativeEarlyStopping - INFO -   Decision: CONTINUE
2025-07-28 22:09:52 - AutoML.ComparativeEarlyStopping - INFO - Early stopping evaluation for efficientnet_b0:
2025-07-28 22:09:52 - AutoML.ComparativeEarlyStopping - INFO -   Decision scores: {'statistical_significance': 0.0, 'performance_gap': 0.0, 'learning_trend': 0.0, 'resource_efficiency': 0.08870679133262926}
2025-07-28 22:09:52 - AutoML.ComparativeEarlyStopping - INFO -   Final score: 0.013
2025-07-28 22:09:52 - AutoML.ComparativeEarlyStopping - INFO -   Decision: CONTINUE
2025-07-28 22:11:57 - AutoML.ComparativeEarlyStopping - INFO - Early stopping evaluation for efficientnet_b0:
2025-07-28 22:11:57 - AutoML.ComparativeEarlyStopping - INFO -   Decision scores: {'statistical_significance': 0.0, 'performance_gap': 0.0, 'learning_trend': 0.0, 'resource_efficiency': 0.09162041091911932}
2025-07-28 22:11:57 - AutoML.ComparativeEarlyStopping - INFO -   Final score: 0.014
2025-07-28 22:11:57 - AutoML.ComparativeEarlyStopping - INFO -   Decision: CONTINUE
2025-07-28 22:14:03 - AutoML.ComparativeEarlyStopping - INFO - Early stopping evaluation for efficientnet_b0:
2025-07-28 22:14:03 - AutoML.ComparativeEarlyStopping - INFO -   Decision scores: {'statistical_significance': 0.0, 'performance_gap': 0.0, 'learning_trend': 0.0, 'resource_efficiency': 0.08727607656177161}
2025-07-28 22:14:03 - AutoML.ComparativeEarlyStopping - INFO -   Final score: 0.013
2025-07-28 22:14:03 - AutoML.ComparativeEarlyStopping - INFO -   Decision: CONTINUE
2025-07-28 22:14:03 - AutoML.Trainer - INFO - Epoch 10/25 - Train Acc: 0.7167, Val Acc: 0.7718, Val Loss: 1.0050, Time: 126.6s
2025-07-28 22:16:08 - AutoML.ComparativeEarlyStopping - INFO - Early stopping evaluation for efficientnet_b0:
2025-07-28 22:16:08 - AutoML.ComparativeEarlyStopping - INFO -   Decision scores: {'statistical_significance': 0.0, 'performance_gap': 0.0, 'learning_trend': 0.0, 'resource_efficiency': 0.08797945725927336}
2025-07-28 22:16:08 - AutoML.ComparativeEarlyStopping - INFO -   Final score: 0.013
2025-07-28 22:16:08 - AutoML.ComparativeEarlyStopping - INFO -   Decision: CONTINUE
2025-07-28 22:18:14 - AutoML.ComparativeEarlyStopping - INFO - Early stopping evaluation for efficientnet_b0:
2025-07-28 22:18:14 - AutoML.ComparativeEarlyStopping - INFO -   Decision scores: {'statistical_significance': 0.0, 'performance_gap': 0.0, 'learning_trend': 0.0, 'resource_efficiency': 0.06688501652074297}
2025-07-28 22:18:14 - AutoML.ComparativeEarlyStopping - INFO -   Final score: 0.010
2025-07-28 22:18:14 - AutoML.ComparativeEarlyStopping - INFO -   Decision: CONTINUE
2025-07-28 22:20:25 - AutoML.ComparativeEarlyStopping - INFO - Early stopping evaluation for efficientnet_b0:
2025-07-28 22:20:25 - AutoML.ComparativeEarlyStopping - INFO -   Decision scores: {'statistical_significance': 0.0, 'performance_gap': 0.0, 'learning_trend': 0.0, 'resource_efficiency': 0.06896676185768147}
2025-07-28 22:20:25 - AutoML.ComparativeEarlyStopping - INFO -   Final score: 0.010
2025-07-28 22:20:25 - AutoML.ComparativeEarlyStopping - INFO -   Decision: CONTINUE
2025-07-28 22:22:29 - AutoML.ComparativeEarlyStopping - INFO - Early stopping evaluation for efficientnet_b0:
2025-07-28 22:22:29 - AutoML.ComparativeEarlyStopping - INFO -   Decision scores: {'statistical_significance': 0.0, 'performance_gap': 0.0, 'learning_trend': 0.0, 'resource_efficiency': 0.055831706643786894}
2025-07-28 22:22:29 - AutoML.ComparativeEarlyStopping - INFO -   Final score: 0.008
2025-07-28 22:22:29 - AutoML.ComparativeEarlyStopping - INFO -   Decision: CONTINUE
2025-07-28 22:24:33 - AutoML.ComparativeEarlyStopping - INFO - Early stopping evaluation for efficientnet_b0:
2025-07-28 22:24:33 - AutoML.ComparativeEarlyStopping - INFO -   Decision scores: {'statistical_significance': 0.0, 'performance_gap': 0.0, 'learning_trend': 0.0, 'resource_efficiency': 0.056543155516322274}
2025-07-28 22:24:33 - AutoML.ComparativeEarlyStopping - INFO -   Final score: 0.008
2025-07-28 22:24:33 - AutoML.ComparativeEarlyStopping - INFO -   Decision: CONTINUE
2025-07-28 22:24:33 - AutoML.Trainer - INFO - Epoch 15/25 - Train Acc: 0.7901, Val Acc: 0.7882, Val Loss: 0.7325, Time: 124.1s
2025-07-28 22:26:40 - AutoML.ComparativeEarlyStopping - INFO - Early stopping evaluation for efficientnet_b0:
2025-07-28 22:26:40 - AutoML.ComparativeEarlyStopping - INFO -   Decision scores: {'statistical_significance': 0.0, 'performance_gap': 0.0, 'learning_trend': 0.0, 'resource_efficiency': 0.04880557338700442}
2025-07-28 22:26:40 - AutoML.ComparativeEarlyStopping - INFO -   Final score: 0.007
2025-07-28 22:26:40 - AutoML.ComparativeEarlyStopping - INFO -   Decision: CONTINUE
2025-07-28 22:28:45 - AutoML.ComparativeEarlyStopping - INFO - Early stopping evaluation for efficientnet_b0:
2025-07-28 22:28:45 - AutoML.ComparativeEarlyStopping - INFO -   Decision scores: {'statistical_significance': 0.0, 'performance_gap': 0.0, 'learning_trend': 0.0, 'resource_efficiency': 0.04893870406499512}
2025-07-28 22:28:45 - AutoML.ComparativeEarlyStopping - INFO -   Final score: 0.007
2025-07-28 22:28:45 - AutoML.ComparativeEarlyStopping - INFO -   Decision: CONTINUE
2025-07-28 22:30:50 - AutoML.ComparativeEarlyStopping - INFO - Early stopping evaluation for efficientnet_b0:
2025-07-28 22:30:50 - AutoML.ComparativeEarlyStopping - INFO -   Decision scores: {'statistical_significance': 0.0, 'performance_gap': 0.0, 'learning_trend': 0.0, 'resource_efficiency': 0.03981277763904201}
2025-07-28 22:30:50 - AutoML.ComparativeEarlyStopping - INFO -   Final score: 0.006
2025-07-28 22:30:50 - AutoML.ComparativeEarlyStopping - INFO -   Decision: CONTINUE
2025-07-28 22:32:57 - AutoML.ComparativeEarlyStopping - INFO - Early stopping evaluation for efficientnet_b0:
2025-07-28 22:32:57 - AutoML.ComparativeEarlyStopping - INFO -   Decision scores: {'statistical_significance': 0.0, 'performance_gap': 0.0, 'learning_trend': 0.0, 'resource_efficiency': 0.03142779277727481}
2025-07-28 22:32:57 - AutoML.ComparativeEarlyStopping - INFO -   Final score: 0.005
2025-07-28 22:32:57 - AutoML.ComparativeEarlyStopping - INFO -   Decision: CONTINUE
2025-07-28 22:35:01 - AutoML.ComparativeEarlyStopping - INFO - Early stopping evaluation for efficientnet_b0:
2025-07-28 22:35:01 - AutoML.ComparativeEarlyStopping - INFO -   Decision scores: {'statistical_significance': 0.0, 'performance_gap': 0.0, 'learning_trend': 0.0, 'resource_efficiency': 0.027682966204093162}
2025-07-28 22:35:01 - AutoML.ComparativeEarlyStopping - INFO -   Final score: 0.004
2025-07-28 22:35:01 - AutoML.ComparativeEarlyStopping - INFO -   Decision: CONTINUE
2025-07-28 22:35:01 - AutoML.Trainer - INFO - Epoch 20/25 - Train Acc: 0.8067, Val Acc: 0.8103, Val Loss: 0.8181, Time: 124.0s
2025-07-28 22:37:05 - AutoML.ComparativeEarlyStopping - INFO - Early stopping evaluation for efficientnet_b0:
2025-07-28 22:37:05 - AutoML.ComparativeEarlyStopping - INFO -   Decision scores: {'statistical_significance': 0.0, 'performance_gap': 0.0, 'learning_trend': 0.0, 'resource_efficiency': 0.030781714204226596}
2025-07-28 22:37:05 - AutoML.ComparativeEarlyStopping - INFO -   Final score: 0.005
2025-07-28 22:37:05 - AutoML.ComparativeEarlyStopping - INFO -   Decision: CONTINUE
2025-07-28 22:39:10 - AutoML.ComparativeEarlyStopping - INFO - Early stopping evaluation for efficientnet_b0:
2025-07-28 22:39:10 - AutoML.ComparativeEarlyStopping - INFO -   Decision scores: {'statistical_significance': 0.0, 'performance_gap': 0.0, 'learning_trend': 0.0, 'resource_efficiency': 0.02327377200345071}
2025-07-28 22:39:10 - AutoML.ComparativeEarlyStopping - INFO -   Final score: 0.003
2025-07-28 22:39:10 - AutoML.ComparativeEarlyStopping - INFO -   Decision: CONTINUE
2025-07-28 22:41:14 - AutoML.ComparativeEarlyStopping - INFO - Early stopping evaluation for efficientnet_b0:
2025-07-28 22:41:14 - AutoML.ComparativeEarlyStopping - INFO -   Decision scores: {'statistical_significance': 0.0, 'performance_gap': 0.0, 'learning_trend': 0.0, 'resource_efficiency': 0.030719800654283147}
2025-07-28 22:41:14 - AutoML.ComparativeEarlyStopping - INFO -   Final score: 0.005
2025-07-28 22:41:14 - AutoML.ComparativeEarlyStopping - INFO -   Decision: CONTINUE
2025-07-28 22:43:24 - AutoML.ComparativeEarlyStopping - INFO - Early stopping evaluation for efficientnet_b0:
2025-07-28 22:43:24 - AutoML.ComparativeEarlyStopping - INFO -   Decision scores: {'statistical_significance': 0.0, 'performance_gap': 0.0, 'learning_trend': 0.0, 'resource_efficiency': 0.04539606588769962}
2025-07-28 22:43:24 - AutoML.ComparativeEarlyStopping - INFO -   Final score: 0.007
2025-07-28 22:43:24 - AutoML.ComparativeEarlyStopping - INFO -   Decision: CONTINUE
2025-07-28 22:45:28 - AutoML.ComparativeEarlyStopping - INFO - Early stopping evaluation for efficientnet_b0:
2025-07-28 22:45:29 - AutoML.ComparativeEarlyStopping - INFO -   Decision scores: {'statistical_significance': 0.0, 'performance_gap': 0.0, 'learning_trend': 0.3, 'resource_efficiency': 0.04801547166044562}
2025-07-28 22:45:29 - AutoML.ComparativeEarlyStopping - INFO -   Final score: 0.082
2025-07-28 22:45:29 - AutoML.ComparativeEarlyStopping - INFO -   Decision: CONTINUE
2025-07-28 22:45:29 - AutoML.Trainer - INFO - Epoch 25/25 - Train Acc: 0.8108, Val Acc: 0.8031, Val Loss: 0.7680, Time: 124.2s
2025-07-28 22:45:29 - AutoML.Trainer - INFO - Training completed for efficientnet_b0
2025-07-28 22:45:29 - AutoML.Trainer - INFO - Best validation accuracy: 0.8181
2025-07-28 22:45:29 - AutoML.Trainer - INFO - Total training time: 3126.3s
2025-07-28 22:45:29 - AutoML.Trainer - INFO - Average epoch time: 125.0s
2025-07-28 22:45:29 - AutoML.MetaHPOSelector - INFO -  HPO completed for efficientnet_b0 in 28976.2s
2025-07-28 22:45:29 - AutoML.MetaHPOSelector - INFO -    Best score: 0.8459 (8 trials)
2025-07-28 22:45:29 - AutoML.Pipeline - INFO - HPO completed for efficientnet_b0:
2025-07-28 22:45:29 - AutoML.Pipeline - INFO -   Best score: 0.8459
2025-07-28 22:45:29 - AutoML.Pipeline - INFO -   Best params: {'learning_rate': 7.591104805282687e-05, 'optimizer': 'adamw', 'weight_decay': 0.00534516611064682, 'batch_size': 16, 'dropout_rate': 0.2560204063533433, 'pretrained': True, 'lr_scheduler': 'plateau', 'max_epochs': 31}
2025-07-28 22:45:29 - AutoML.Pipeline - INFO -   Method used: bayesian_optimization
2025-07-28 22:45:29 - AutoML.Pipeline - INFO -   Trials completed: 8
2025-07-28 22:45:29 - AutoML.ComparativeEarlyStopping - INFO - Early stopping evaluation for efficientnet_b0:
2025-07-28 22:45:29 - AutoML.ComparativeEarlyStopping - INFO -   Decision scores: {'statistical_significance': 0.0, 'performance_gap': 0.0, 'learning_trend': 0.3, 'resource_efficiency': 0.04801547166044562}
2025-07-28 22:45:29 - AutoML.ComparativeEarlyStopping - INFO -   Final score: 0.082
2025-07-28 22:45:29 - AutoML.ComparativeEarlyStopping - INFO -   Decision: CONTINUE
2025-07-28 22:45:29 - AutoML.Pipeline - INFO - Processing architecture: mobilenetv3_small_100
2025-07-28 22:45:29 - AutoML.BudgetManager - INFO - Started training mobilenetv3_small_100 with 5.60h budget
2025-07-28 22:45:29 - AutoML.Pipeline - INFO - Starting HPO for mobilenetv3_small_100
2025-07-28 22:45:29 - AutoML.MetaHPOSelector - INFO - Selecting HPO method for mobilenetv3_small_100
2025-07-28 22:45:29 - AutoML.MetaHPOSelector - INFO -   Dataset complexity: 7.3
2025-07-28 22:45:29 - AutoML.MetaHPOSelector - INFO -   Available time: 4.1 hours
2025-07-28 22:45:29 - AutoML.MetaHPOSelector - INFO -   Search space size: 100000
2025-07-28 22:45:29 - AutoML.MetaHPOSelector - INFO - Trial budget for mobilenetv3_small_100: 7 trials
2025-07-28 22:45:29 - AutoML.MetaHPOSelector - INFO -   Arch complexity: 2.5, Dataset complexity: 7.3
2025-07-28 22:45:29 - AutoML.MetaHPOSelector - INFO -   Available time: 4.1h
2025-07-28 22:45:29 - AutoML.MetaHPOSelector - INFO - Selected successive_halving for mobilenetv3_small_100
2025-07-28 22:45:29 - AutoML.MetaHPOSelector - INFO -   Trials: 14
2025-07-28 22:45:29 - AutoML.MetaHPOSelector - INFO -   Timeout: 8851s
2025-07-28 22:45:29 - AutoML.MetaHPOSelector - INFO -  Starting HPO for mobilenetv3_small_100 with 14 trials
2025-07-28 22:45:29 - AutoML.HPO.successive_halving - INFO - Starting Successive Halving for mobilenetv3_small_100
2025-07-28 22:45:29 - AutoML.HPO.successive_halving - INFO - Successive halving round: 14 candidates, resource: 0.20
2025-07-28 22:45:29 - AutoML.Trainer - INFO - Evaluating hyperparameters for mobilenetv3_small_100: {'learning_rate': 0.0005152311950038137, 'optimizer': 'adamw', 'weight_decay': 6.764915805661225e-05, 'batch_size': 8, 'dropout_rate': 0.14105354997590705, 'pretrained': True, 'lr_scheduler': 'step', 'max_epochs': 21}
2025-07-28 22:45:29 - AutoML.ModelFactory - INFO - Creating mobilenetv3_small_100 (pretrained=True, dropout=0.14105354997590705)
2025-07-28 22:45:29 - AutoML - INFO -  Starting: mobilenetv3_small_100 creation
2025-07-28 22:45:31 - AutoML.ModelFactory - INFO - mobilenetv3_small_100 created successfully:
2025-07-28 22:45:31 - AutoML.ModelFactory - INFO -   Parameters: 1,525,031
2025-07-28 22:45:31 - AutoML.ModelFactory - INFO -   Trainable: 1,525,031
2025-07-28 22:45:31 - AutoML.ModelFactory - INFO -   Model size: 5.82 MB
2025-07-28 22:45:31 - AutoML - INFO -  mobilenetv3_small_100 creation completed in 2.48 seconds
2025-07-28 22:45:43 - AutoML.Trainer - INFO - Total classes in dataset: 7
2025-07-28 22:45:43 - AutoML.Trainer - INFO - Classes found in sample: 7
2025-07-28 22:45:43 - AutoML.Trainer - INFO - Sample size: 80 labels
2025-07-28 22:45:43 - AutoML.Trainer - INFO - Class distribution (sample): {0: 3, 1: 5, 2: 11, 3: 2, 4: 6, 5: 52, 6: 1}
2025-07-28 22:45:43 - AutoML.Trainer - INFO - Class weights tensor shape: torch.Size([7])
2025-07-28 22:45:43 - AutoML.Trainer - INFO - Sample class weights range: [0.2198, 11.4286]
2025-07-28 22:45:43 - AutoML.Trainer - INFO - Mean weight for missing classes: 3.7717
2025-07-28 22:51:07 - AutoML.Trainer - INFO - Epoch 5/21 - Train Acc: 0.4741, Val Acc: 0.6548, Val Loss: 1.7671, Time: 62.2s
2025-07-28 22:56:35 - AutoML.Trainer - INFO - Epoch 10/21 - Train Acc: 0.4729, Val Acc: 0.5021, Val Loss: 2.0618, Time: 66.3s
2025-07-28 23:02:06 - AutoML.ComparativeEarlyStopping - INFO - Early stopping evaluation for mobilenetv3_small_100:
2025-07-28 23:02:06 - AutoML.ComparativeEarlyStopping - INFO -   Decision scores: {'statistical_significance': 1.0, 'performance_gap': 1.0, 'learning_trend': 0.2, 'resource_efficiency': 0.0}
2025-07-28 23:02:06 - AutoML.ComparativeEarlyStopping - INFO -   Final score: 0.650
2025-07-28 23:02:06 - AutoML.ComparativeEarlyStopping - INFO -   Decision: CONTINUE
2025-07-28 23:02:06 - AutoML.Trainer - INFO - Epoch 15/21 - Train Acc: 0.5374, Val Acc: 0.6648, Val Loss: 1.5923, Time: 66.2s
2025-07-28 23:03:13 - AutoML.ComparativeEarlyStopping - INFO - Early stopping evaluation for mobilenetv3_small_100:
2025-07-28 23:03:13 - AutoML.ComparativeEarlyStopping - INFO -   Decision scores: {'statistical_significance': 1.0, 'performance_gap': 1.0, 'learning_trend': 0.2, 'resource_efficiency': 0.0}
2025-07-28 23:03:13 - AutoML.ComparativeEarlyStopping - INFO -   Final score: 0.650
2025-07-28 23:03:13 - AutoML.ComparativeEarlyStopping - INFO -   Decision: CONTINUE
2025-07-28 23:04:18 - AutoML.ComparativeEarlyStopping - INFO - Early stopping evaluation for mobilenetv3_small_100:
2025-07-28 23:04:18 - AutoML.ComparativeEarlyStopping - INFO -   Decision scores: {'statistical_significance': 1.0, 'performance_gap': 1.0, 'learning_trend': 0.2, 'resource_efficiency': 0.0}
2025-07-28 23:04:18 - AutoML.ComparativeEarlyStopping - INFO -   Final score: 0.650
2025-07-28 23:04:18 - AutoML.ComparativeEarlyStopping - INFO -   Decision: CONTINUE
2025-07-28 23:05:23 - AutoML.ComparativeEarlyStopping - INFO - Early stopping evaluation for mobilenetv3_small_100:
2025-07-28 23:05:23 - AutoML.ComparativeEarlyStopping - INFO -   Decision scores: {'statistical_significance': 1.0, 'performance_gap': 1.0, 'learning_trend': 0.2, 'resource_efficiency': 0.0}
2025-07-28 23:05:23 - AutoML.ComparativeEarlyStopping - INFO -   Final score: 0.650
2025-07-28 23:05:23 - AutoML.ComparativeEarlyStopping - INFO -   Decision: CONTINUE
2025-07-28 23:06:30 - AutoML.ComparativeEarlyStopping - INFO - Early stopping evaluation for mobilenetv3_small_100:
2025-07-28 23:06:30 - AutoML.ComparativeEarlyStopping - INFO -   Decision scores: {'statistical_significance': 1.0, 'performance_gap': 1.0, 'learning_trend': 0.2, 'resource_efficiency': 0.0}
2025-07-28 23:06:30 - AutoML.ComparativeEarlyStopping - INFO -   Final score: 0.650
2025-07-28 23:06:30 - AutoML.ComparativeEarlyStopping - INFO -   Decision: CONTINUE
2025-07-28 23:07:35 - AutoML.ComparativeEarlyStopping - INFO - Early stopping evaluation for mobilenetv3_small_100:
2025-07-28 23:07:35 - AutoML.ComparativeEarlyStopping - INFO -   Decision scores: {'statistical_significance': 1.0, 'performance_gap': 1.0, 'learning_trend': 0.7, 'resource_efficiency': 0.0}
2025-07-28 23:07:35 - AutoML.ComparativeEarlyStopping - INFO -   Final score: 0.775
2025-07-28 23:07:35 - AutoML.ComparativeEarlyStopping - INFO -   Decision: STOP
2025-07-28 23:07:35 - AutoML.ComparativeEarlyStopping - INFO -   Primary reason: StoppingReason.STATISTICAL_SIGNIFICANCE
2025-07-28 23:07:35 - AutoML.Trainer - INFO - Early stopping triggered for mobilenetv3_small_100 at epoch 20
2025-07-28 23:07:35 - AutoML.Trainer - INFO - Reason: StoppingReason.STATISTICAL_SIGNIFICANCE, Confidence: 0.775
2025-07-28 23:07:35 - AutoML.Trainer - INFO - Training completed for mobilenetv3_small_100
2025-07-28 23:07:35 - AutoML.Trainer - INFO - Best validation accuracy: 0.6648
2025-07-28 23:07:35 - AutoML.Trainer - INFO - Total training time: 1312.0s
2025-07-28 23:07:35 - AutoML.Trainer - INFO - Average epoch time: 65.6s
2025-07-28 23:07:35 - AutoML.Trainer - INFO - Evaluating hyperparameters for mobilenetv3_small_100: {'learning_rate': 0.0006120817887985888, 'optimizer': 'rmsprop', 'weight_decay': 0.00032145150240631127, 'batch_size': 8, 'dropout_rate': 0.3174088762785474, 'pretrained': True, 'lr_scheduler': 'step', 'max_epochs': 26}
2025-07-28 23:07:35 - AutoML.ModelFactory - INFO - Creating mobilenetv3_small_100 (pretrained=True, dropout=0.3174088762785474)
2025-07-28 23:07:35 - AutoML - INFO -  Starting: mobilenetv3_small_100 creation
2025-07-28 23:07:36 - AutoML.ModelFactory - INFO - mobilenetv3_small_100 created successfully:
2025-07-28 23:07:36 - AutoML.ModelFactory - INFO -   Parameters: 1,525,031
2025-07-28 23:07:36 - AutoML.ModelFactory - INFO -   Trainable: 1,525,031
2025-07-28 23:07:36 - AutoML.ModelFactory - INFO -   Model size: 5.82 MB
2025-07-28 23:07:36 - AutoML - INFO -  mobilenetv3_small_100 creation completed in 0.28 seconds
2025-07-28 23:07:47 - AutoML.Trainer - INFO - Total classes in dataset: 7
2025-07-28 23:07:47 - AutoML.Trainer - INFO - Classes found in sample: 7
2025-07-28 23:07:47 - AutoML.Trainer - INFO - Sample size: 80 labels
2025-07-28 23:07:47 - AutoML.Trainer - INFO - Class distribution (sample): {0: 4, 1: 7, 2: 10, 3: 1, 4: 9, 5: 45, 6: 4}
2025-07-28 23:07:47 - AutoML.Trainer - INFO - Class weights tensor shape: torch.Size([7])
2025-07-28 23:07:47 - AutoML.Trainer - INFO - Sample class weights range: [0.2540, 11.4286]
2025-07-28 23:07:47 - AutoML.Trainer - INFO - Mean weight for missing classes: 3.0632
2025-07-28 23:13:07 - AutoML.ComparativeEarlyStopping - INFO - Early stopping evaluation for mobilenetv3_small_100:
2025-07-28 23:13:07 - AutoML.ComparativeEarlyStopping - INFO -   Decision scores: {'statistical_significance': 1.0, 'performance_gap': 1.0, 'learning_trend': 0.2, 'resource_efficiency': 0.0}
2025-07-28 23:13:07 - AutoML.ComparativeEarlyStopping - INFO -   Final score: 0.650
2025-07-28 23:13:07 - AutoML.ComparativeEarlyStopping - INFO -   Decision: CONTINUE
2025-07-28 23:13:07 - AutoML.Trainer - INFO - Epoch 5/26 - Train Acc: 0.4847, Val Acc: 0.5991, Val Loss: 1.5795, Time: 64.9s
2025-07-28 23:14:11 - AutoML.ComparativeEarlyStopping - INFO - Early stopping evaluation for mobilenetv3_small_100:
2025-07-28 23:14:11 - AutoML.ComparativeEarlyStopping - INFO -   Decision scores: {'statistical_significance': 1.0, 'performance_gap': 1.0, 'learning_trend': 0.2, 'resource_efficiency': 0.0}
2025-07-28 23:14:11 - AutoML.ComparativeEarlyStopping - INFO -   Final score: 0.650
2025-07-28 23:14:11 - AutoML.ComparativeEarlyStopping - INFO -   Decision: CONTINUE
2025-07-28 23:15:20 - AutoML.ComparativeEarlyStopping - INFO - Early stopping evaluation for mobilenetv3_small_100:
2025-07-28 23:15:20 - AutoML.ComparativeEarlyStopping - INFO -   Decision scores: {'statistical_significance': 1.0, 'performance_gap': 1.0, 'learning_trend': 0.2, 'resource_efficiency': 0.0}
2025-07-28 23:15:20 - AutoML.ComparativeEarlyStopping - INFO -   Final score: 0.650
2025-07-28 23:15:20 - AutoML.ComparativeEarlyStopping - INFO -   Decision: CONTINUE
2025-07-28 23:16:25 - AutoML.ComparativeEarlyStopping - INFO - Early stopping evaluation for mobilenetv3_small_100:
2025-07-28 23:16:25 - AutoML.ComparativeEarlyStopping - INFO -   Decision scores: {'statistical_significance': 1.0, 'performance_gap': 1.0, 'learning_trend': 0.2, 'resource_efficiency': 0.0}
2025-07-28 23:16:25 - AutoML.ComparativeEarlyStopping - INFO -   Final score: 0.650
2025-07-28 23:16:25 - AutoML.ComparativeEarlyStopping - INFO -   Decision: CONTINUE
2025-07-28 23:17:29 - AutoML.ComparativeEarlyStopping - INFO - Early stopping evaluation for mobilenetv3_small_100:
2025-07-28 23:17:29 - AutoML.ComparativeEarlyStopping - INFO -   Decision scores: {'statistical_significance': 1.0, 'performance_gap': 1.0, 'learning_trend': 0.2, 'resource_efficiency': 0.0}
2025-07-28 23:17:29 - AutoML.ComparativeEarlyStopping - INFO -   Final score: 0.650
2025-07-28 23:17:29 - AutoML.ComparativeEarlyStopping - INFO -   Decision: CONTINUE
2025-07-28 23:18:36 - AutoML.ComparativeEarlyStopping - INFO - Early stopping evaluation for mobilenetv3_small_100:
2025-07-28 23:18:36 - AutoML.ComparativeEarlyStopping - INFO -   Decision scores: {'statistical_significance': 1.0, 'performance_gap': 1.0, 'learning_trend': 0.2, 'resource_efficiency': 0.0}
2025-07-28 23:18:36 - AutoML.ComparativeEarlyStopping - INFO -   Final score: 0.650
2025-07-28 23:18:36 - AutoML.ComparativeEarlyStopping - INFO -   Decision: CONTINUE
2025-07-28 23:18:36 - AutoML.Trainer - INFO - Epoch 10/26 - Train Acc: 0.5649, Val Acc: 0.6455, Val Loss: 1.4115, Time: 66.8s
2025-07-28 23:19:41 - AutoML.ComparativeEarlyStopping - INFO - Early stopping evaluation for mobilenetv3_small_100:
2025-07-28 23:19:41 - AutoML.ComparativeEarlyStopping - INFO -   Decision scores: {'statistical_significance': 1.0, 'performance_gap': 1.0, 'learning_trend': 0.2, 'resource_efficiency': 0.0}
2025-07-28 23:19:41 - AutoML.ComparativeEarlyStopping - INFO -   Final score: 0.650
2025-07-28 23:19:41 - AutoML.ComparativeEarlyStopping - INFO -   Decision: CONTINUE
2025-07-28 23:20:48 - AutoML.ComparativeEarlyStopping - INFO - Early stopping evaluation for mobilenetv3_small_100:
2025-07-28 23:20:48 - AutoML.ComparativeEarlyStopping - INFO -   Decision scores: {'statistical_significance': 1.0, 'performance_gap': 1.0, 'learning_trend': 0.2, 'resource_efficiency': 0.0}
2025-07-28 23:20:48 - AutoML.ComparativeEarlyStopping - INFO -   Final score: 0.650
2025-07-28 23:20:48 - AutoML.ComparativeEarlyStopping - INFO -   Decision: CONTINUE
2025-07-28 23:21:54 - AutoML.ComparativeEarlyStopping - INFO - Early stopping evaluation for mobilenetv3_small_100:
2025-07-28 23:21:54 - AutoML.ComparativeEarlyStopping - INFO -   Decision scores: {'statistical_significance': 1.0, 'performance_gap': 1.0, 'learning_trend': 0.2, 'resource_efficiency': 0.0}
2025-07-28 23:21:54 - AutoML.ComparativeEarlyStopping - INFO -   Final score: 0.650
2025-07-28 23:21:54 - AutoML.ComparativeEarlyStopping - INFO -   Decision: CONTINUE
2025-07-28 23:23:02 - AutoML.ComparativeEarlyStopping - INFO - Early stopping evaluation for mobilenetv3_small_100:
2025-07-28 23:23:02 - AutoML.ComparativeEarlyStopping - INFO -   Decision scores: {'statistical_significance': 1.0, 'performance_gap': 1.0, 'learning_trend': 0.2, 'resource_efficiency': 0.0}
2025-07-28 23:23:02 - AutoML.ComparativeEarlyStopping - INFO -   Final score: 0.650
2025-07-28 23:23:02 - AutoML.ComparativeEarlyStopping - INFO -   Decision: CONTINUE
2025-07-28 23:24:08 - AutoML.ComparativeEarlyStopping - INFO - Early stopping evaluation for mobilenetv3_small_100:
2025-07-28 23:24:08 - AutoML.ComparativeEarlyStopping - INFO -   Decision scores: {'statistical_significance': 1.0, 'performance_gap': 1.0, 'learning_trend': 0.2, 'resource_efficiency': 0.0}
2025-07-28 23:24:08 - AutoML.ComparativeEarlyStopping - INFO -   Final score: 0.650
2025-07-28 23:24:08 - AutoML.ComparativeEarlyStopping - INFO -   Decision: CONTINUE
2025-07-28 23:24:08 - AutoML.Trainer - INFO - Epoch 15/26 - Train Acc: 0.6345, Val Acc: 0.6641, Val Loss: 1.2942, Time: 65.8s
2025-07-28 23:25:13 - AutoML.ComparativeEarlyStopping - INFO - Early stopping evaluation for mobilenetv3_small_100:
2025-07-28 23:25:13 - AutoML.ComparativeEarlyStopping - INFO -   Decision scores: {'statistical_significance': 1.0, 'performance_gap': 1.0, 'learning_trend': 0.2, 'resource_efficiency': 0.0}
2025-07-28 23:25:13 - AutoML.ComparativeEarlyStopping - INFO -   Final score: 0.650
2025-07-28 23:25:13 - AutoML.ComparativeEarlyStopping - INFO -   Decision: CONTINUE
2025-07-28 23:26:18 - AutoML.ComparativeEarlyStopping - INFO - Early stopping evaluation for mobilenetv3_small_100:
2025-07-28 23:26:18 - AutoML.ComparativeEarlyStopping - INFO -   Decision scores: {'statistical_significance': 1.0, 'performance_gap': 1.0, 'learning_trend': 0.2, 'resource_efficiency': 0.0}
2025-07-28 23:26:18 - AutoML.ComparativeEarlyStopping - INFO -   Final score: 0.650
2025-07-28 23:26:18 - AutoML.ComparativeEarlyStopping - INFO -   Decision: CONTINUE
2025-07-28 23:27:25 - AutoML.ComparativeEarlyStopping - INFO - Early stopping evaluation for mobilenetv3_small_100:
2025-07-28 23:27:25 - AutoML.ComparativeEarlyStopping - INFO -   Decision scores: {'statistical_significance': 1.0, 'performance_gap': 1.0, 'learning_trend': 0.2, 'resource_efficiency': 0.0}
2025-07-28 23:27:25 - AutoML.ComparativeEarlyStopping - INFO -   Final score: 0.650
2025-07-28 23:27:25 - AutoML.ComparativeEarlyStopping - INFO -   Decision: CONTINUE
2025-07-28 23:28:30 - AutoML.ComparativeEarlyStopping - INFO - Early stopping evaluation for mobilenetv3_small_100:
2025-07-28 23:28:30 - AutoML.ComparativeEarlyStopping - INFO -   Decision scores: {'statistical_significance': 1.0, 'performance_gap': 1.0, 'learning_trend': 0.2, 'resource_efficiency': 0.0}
2025-07-28 23:28:30 - AutoML.ComparativeEarlyStopping - INFO -   Final score: 0.650
2025-07-28 23:28:30 - AutoML.ComparativeEarlyStopping - INFO -   Decision: CONTINUE
2025-07-28 23:29:34 - AutoML.ComparativeEarlyStopping - INFO - Early stopping evaluation for mobilenetv3_small_100:
2025-07-28 23:29:34 - AutoML.ComparativeEarlyStopping - INFO -   Decision scores: {'statistical_significance': 1.0, 'performance_gap': 1.0, 'learning_trend': 0.2, 'resource_efficiency': 0.0}
2025-07-28 23:29:34 - AutoML.ComparativeEarlyStopping - INFO -   Final score: 0.650
2025-07-28 23:29:34 - AutoML.ComparativeEarlyStopping - INFO -   Decision: CONTINUE
2025-07-28 23:29:34 - AutoML.Trainer - INFO - Epoch 20/26 - Train Acc: 0.6377, Val Acc: 0.6633, Val Loss: 1.2840, Time: 63.9s
2025-07-28 23:30:38 - AutoML.ComparativeEarlyStopping - INFO - Early stopping evaluation for mobilenetv3_small_100:
2025-07-28 23:30:38 - AutoML.ComparativeEarlyStopping - INFO -   Decision scores: {'statistical_significance': 1.0, 'performance_gap': 1.0, 'learning_trend': 0.2, 'resource_efficiency': 0.0}
2025-07-28 23:30:38 - AutoML.ComparativeEarlyStopping - INFO -   Final score: 0.650
2025-07-28 23:30:38 - AutoML.ComparativeEarlyStopping - INFO -   Decision: CONTINUE
2025-07-28 23:31:41 - AutoML.ComparativeEarlyStopping - INFO - Early stopping evaluation for mobilenetv3_small_100:
2025-07-28 23:31:41 - AutoML.ComparativeEarlyStopping - INFO -   Decision scores: {'statistical_significance': 1.0, 'performance_gap': 1.0, 'learning_trend': 0.2, 'resource_efficiency': 0.0}
2025-07-28 23:31:41 - AutoML.ComparativeEarlyStopping - INFO -   Final score: 0.650
2025-07-28 23:31:41 - AutoML.ComparativeEarlyStopping - INFO -   Decision: CONTINUE
2025-07-28 23:32:46 - AutoML.ComparativeEarlyStopping - INFO - Early stopping evaluation for mobilenetv3_small_100:
2025-07-28 23:32:46 - AutoML.ComparativeEarlyStopping - INFO -   Decision scores: {'statistical_significance': 1.0, 'performance_gap': 1.0, 'learning_trend': 0.2, 'resource_efficiency': 0.0}
2025-07-28 23:32:46 - AutoML.ComparativeEarlyStopping - INFO -   Final score: 0.650
2025-07-28 23:32:46 - AutoML.ComparativeEarlyStopping - INFO -   Decision: CONTINUE
2025-07-28 23:33:50 - AutoML.ComparativeEarlyStopping - INFO - Early stopping evaluation for mobilenetv3_small_100:
2025-07-28 23:33:50 - AutoML.ComparativeEarlyStopping - INFO -   Decision scores: {'statistical_significance': 1.0, 'performance_gap': 1.0, 'learning_trend': 0.2, 'resource_efficiency': 0.0}
2025-07-28 23:33:50 - AutoML.ComparativeEarlyStopping - INFO -   Final score: 0.650
2025-07-28 23:33:50 - AutoML.ComparativeEarlyStopping - INFO -   Decision: CONTINUE
2025-07-28 23:34:54 - AutoML.ComparativeEarlyStopping - INFO - Early stopping evaluation for mobilenetv3_small_100:
2025-07-28 23:34:54 - AutoML.ComparativeEarlyStopping - INFO -   Decision scores: {'statistical_significance': 1.0, 'performance_gap': 1.0, 'learning_trend': 0.0, 'resource_efficiency': 0.0}
2025-07-28 23:34:54 - AutoML.ComparativeEarlyStopping - INFO -   Final score: 0.600
2025-07-28 23:34:54 - AutoML.ComparativeEarlyStopping - INFO -   Decision: CONTINUE
2025-07-28 23:34:54 - AutoML.Trainer - INFO - Epoch 25/26 - Train Acc: 0.6475, Val Acc: 0.6790, Val Loss: 1.2749, Time: 64.1s
2025-07-28 23:35:59 - AutoML.ComparativeEarlyStopping - INFO - Early stopping evaluation for mobilenetv3_small_100:
2025-07-28 23:35:59 - AutoML.ComparativeEarlyStopping - INFO -   Decision scores: {'statistical_significance': 1.0, 'performance_gap': 1.0, 'learning_trend': 0.0, 'resource_efficiency': 0.0}
2025-07-28 23:35:59 - AutoML.ComparativeEarlyStopping - INFO -   Final score: 0.600
2025-07-28 23:35:59 - AutoML.ComparativeEarlyStopping - INFO -   Decision: CONTINUE
2025-07-28 23:35:59 - AutoML.Trainer - INFO - Epoch 26/26 - Train Acc: 0.6469, Val Acc: 0.6690, Val Loss: 1.2696, Time: 65.1s
2025-07-28 23:35:59 - AutoML.Trainer - INFO - Training completed for mobilenetv3_small_100
2025-07-28 23:35:59 - AutoML.Trainer - INFO - Best validation accuracy: 0.6819
2025-07-28 23:35:59 - AutoML.Trainer - INFO - Total training time: 1692.8s
2025-07-28 23:35:59 - AutoML.Trainer - INFO - Average epoch time: 65.1s
2025-07-28 23:35:59 - AutoML.Trainer - INFO - Evaluating hyperparameters for mobilenetv3_small_100: {'learning_rate': 4.285428783340935e-05, 'optimizer': 'adamw', 'weight_decay': 0.0057757402720062835, 'batch_size': 16, 'dropout_rate': 0.11489844743791566, 'pretrained': True, 'lr_scheduler': 'plateau', 'max_epochs': 32}
2025-07-28 23:35:59 - AutoML.ModelFactory - INFO - Creating mobilenetv3_small_100 (pretrained=True, dropout=0.11489844743791566)
2025-07-28 23:35:59 - AutoML - INFO -  Starting: mobilenetv3_small_100 creation
2025-07-28 23:36:00 - AutoML.ModelFactory - INFO - mobilenetv3_small_100 created successfully:
2025-07-28 23:36:00 - AutoML.ModelFactory - INFO -   Parameters: 1,525,031
2025-07-28 23:36:00 - AutoML.ModelFactory - INFO -   Trainable: 1,525,031
2025-07-28 23:36:00 - AutoML.ModelFactory - INFO -   Model size: 5.82 MB
2025-07-28 23:36:00 - AutoML - INFO -  mobilenetv3_small_100 creation completed in 0.21 seconds
2025-07-28 23:36:11 - AutoML.Trainer - INFO - Total classes in dataset: 7
2025-07-28 23:36:11 - AutoML.Trainer - INFO - Classes found in sample: 7
2025-07-28 23:36:11 - AutoML.Trainer - INFO - Sample size: 80 labels
2025-07-28 23:36:11 - AutoML.Trainer - INFO - Class distribution (sample): {0: 2, 1: 2, 2: 10, 3: 1, 4: 10, 5: 54, 6: 1}
2025-07-28 23:36:11 - AutoML.Trainer - INFO - Class weights tensor shape: torch.Size([7])
2025-07-28 23:36:11 - AutoML.Trainer - INFO - Sample class weights range: [0.2116, 11.4286]
2025-07-28 23:36:11 - AutoML.Trainer - INFO - Mean weight for missing classes: 5.2547
2025-07-28 23:44:41 - AutoML.ComparativeEarlyStopping - INFO - Early stopping evaluation for mobilenetv3_small_100:
2025-07-28 23:44:41 - AutoML.ComparativeEarlyStopping - INFO -   Decision scores: {'statistical_significance': 1.0, 'performance_gap': 1.0, 'learning_trend': 0.5, 'resource_efficiency': 0.0}
2025-07-28 23:44:41 - AutoML.ComparativeEarlyStopping - INFO -   Final score: 0.725
2025-07-28 23:44:41 - AutoML.ComparativeEarlyStopping - INFO -   Decision: STOP
2025-07-28 23:44:41 - AutoML.ComparativeEarlyStopping - INFO -   Primary reason: StoppingReason.STATISTICAL_SIGNIFICANCE
2025-07-28 23:44:41 - AutoML.Trainer - INFO - Early stopping triggered for mobilenetv3_small_100 at epoch 5
2025-07-28 23:44:41 - AutoML.Trainer - INFO - Reason: StoppingReason.STATISTICAL_SIGNIFICANCE, Confidence: 0.725
2025-07-28 23:44:41 - AutoML.Trainer - INFO - Training completed for mobilenetv3_small_100
2025-07-28 23:44:41 - AutoML.Trainer - INFO - Best validation accuracy: 0.7190
2025-07-28 23:44:41 - AutoML.Trainer - INFO - Total training time: 511.0s
2025-07-28 23:44:41 - AutoML.Trainer - INFO - Average epoch time: 102.2s
2025-07-28 23:44:42 - AutoML.Trainer - INFO - Evaluating hyperparameters for mobilenetv3_small_100: {'learning_rate': 1.3372504054110025e-05, 'optimizer': 'rmsprop', 'weight_decay': 1.8038860102976477e-05, 'batch_size': 8, 'dropout_rate': 0.2554031294128294, 'pretrained': True, 'lr_scheduler': 'cosine', 'max_epochs': 21}
2025-07-28 23:44:42 - AutoML.ModelFactory - INFO - Creating mobilenetv3_small_100 (pretrained=True, dropout=0.2554031294128294)
2025-07-28 23:44:42 - AutoML - INFO -  Starting: mobilenetv3_small_100 creation
2025-07-28 23:44:42 - AutoML.ModelFactory - INFO - mobilenetv3_small_100 created successfully:
2025-07-28 23:44:42 - AutoML.ModelFactory - INFO -   Parameters: 1,525,031
2025-07-28 23:44:42 - AutoML.ModelFactory - INFO -   Trainable: 1,525,031
2025-07-28 23:44:42 - AutoML.ModelFactory - INFO -   Model size: 5.82 MB
2025-07-28 23:44:42 - AutoML - INFO -  mobilenetv3_small_100 creation completed in 0.33 seconds
2025-07-28 23:44:53 - AutoML.Trainer - INFO - Total classes in dataset: 7
2025-07-28 23:44:53 - AutoML.Trainer - INFO - Classes found in sample: 6
2025-07-28 23:44:53 - AutoML.Trainer - INFO - Sample size: 80 labels
2025-07-28 23:44:53 - AutoML.Trainer - INFO - Class distribution (sample): {0: 1, 1: 6, 2: 8, 3: 1, 4: 6, 5: 58}
2025-07-28 23:44:53 - AutoML.Trainer - INFO - Class weights tensor shape: torch.Size([7])
2025-07-28 23:44:53 - AutoML.Trainer - INFO - Sample class weights range: [0.2299, 13.3333]
2025-07-28 23:44:53 - AutoML.Trainer - INFO - Mean weight for missing classes: 5.5013
2025-07-28 23:53:19 - AutoML.ComparativeEarlyStopping - INFO - Early stopping evaluation for mobilenetv3_small_100:
2025-07-28 23:53:19 - AutoML.ComparativeEarlyStopping - INFO -   Decision scores: {'statistical_significance': 1.0, 'performance_gap': 1.0, 'learning_trend': 0.0, 'resource_efficiency': 0.02239155360493994}
2025-07-28 23:53:19 - AutoML.ComparativeEarlyStopping - INFO -   Final score: 0.603
2025-07-28 23:53:19 - AutoML.ComparativeEarlyStopping - INFO -   Decision: CONTINUE
2025-07-28 23:53:19 - AutoML.Trainer - INFO - Epoch 5/21 - Train Acc: 0.5722, Val Acc: 0.6762, Val Loss: 1.1452, Time: 98.6s
2025-07-28 23:55:03 - AutoML.ComparativeEarlyStopping - INFO - Early stopping evaluation for mobilenetv3_small_100:
2025-07-28 23:55:03 - AutoML.ComparativeEarlyStopping - INFO -   Decision scores: {'statistical_significance': 1.0, 'performance_gap': 1.0, 'learning_trend': 0.0, 'resource_efficiency': 0.005637089479622492}
2025-07-28 23:55:03 - AutoML.ComparativeEarlyStopping - INFO -   Final score: 0.601
2025-07-28 23:55:03 - AutoML.ComparativeEarlyStopping - INFO -   Decision: CONTINUE
2025-07-28 23:56:40 - AutoML.ComparativeEarlyStopping - INFO - Early stopping evaluation for mobilenetv3_small_100:
2025-07-28 23:56:40 - AutoML.ComparativeEarlyStopping - INFO -   Decision scores: {'statistical_significance': 1.0, 'performance_gap': 1.0, 'learning_trend': 0.0, 'resource_efficiency': 0.0}
2025-07-28 23:56:40 - AutoML.ComparativeEarlyStopping - INFO -   Final score: 0.600
2025-07-28 23:56:40 - AutoML.ComparativeEarlyStopping - INFO -   Decision: CONTINUE
2025-07-28 23:58:24 - AutoML.ComparativeEarlyStopping - INFO - Early stopping evaluation for mobilenetv3_small_100:
2025-07-28 23:58:24 - AutoML.ComparativeEarlyStopping - INFO -   Decision scores: {'statistical_significance': 1.0, 'performance_gap': 1.0, 'learning_trend': 0.0, 'resource_efficiency': 0.0}
2025-07-28 23:58:24 - AutoML.ComparativeEarlyStopping - INFO -   Final score: 0.600
2025-07-28 23:58:24 - AutoML.ComparativeEarlyStopping - INFO -   Decision: CONTINUE
2025-07-29 00:00:05 - AutoML.ComparativeEarlyStopping - INFO - Early stopping evaluation for mobilenetv3_small_100:
2025-07-29 00:00:05 - AutoML.ComparativeEarlyStopping - INFO -   Decision scores: {'statistical_significance': 1.0, 'performance_gap': 1.0, 'learning_trend': 0.0, 'resource_efficiency': 0.0}
2025-07-29 00:00:05 - AutoML.ComparativeEarlyStopping - INFO -   Final score: 0.600
2025-07-29 00:00:05 - AutoML.ComparativeEarlyStopping - INFO -   Decision: CONTINUE
2025-07-29 00:01:53 - AutoML.ComparativeEarlyStopping - INFO - Early stopping evaluation for mobilenetv3_small_100:
2025-07-29 00:01:53 - AutoML.ComparativeEarlyStopping - INFO -   Decision scores: {'statistical_significance': 1.0, 'performance_gap': 0.9094151212553483, 'learning_trend': 0.0, 'resource_efficiency': 0.0}
2025-07-29 00:01:53 - AutoML.ComparativeEarlyStopping - INFO -   Final score: 0.577
2025-07-29 00:01:53 - AutoML.ComparativeEarlyStopping - INFO -   Decision: CONTINUE
2025-07-29 00:01:53 - AutoML.Trainer - INFO - Epoch 10/21 - Train Acc: 0.6328, Val Acc: 0.7140, Val Loss: 0.9293, Time: 108.2s
2025-07-29 00:03:32 - AutoML.ComparativeEarlyStopping - INFO - Early stopping evaluation for mobilenetv3_small_100:
2025-07-29 00:03:32 - AutoML.ComparativeEarlyStopping - INFO -   Decision scores: {'statistical_significance': 1.0, 'performance_gap': 0.9510223490252018, 'learning_trend': 0.0, 'resource_efficiency': 0.0}
2025-07-29 00:03:32 - AutoML.ComparativeEarlyStopping - INFO -   Final score: 0.588
2025-07-29 00:03:32 - AutoML.ComparativeEarlyStopping - INFO -   Decision: CONTINUE
2025-07-29 00:05:12 - AutoML.ComparativeEarlyStopping - INFO - Early stopping evaluation for mobilenetv3_small_100:
2025-07-29 00:05:12 - AutoML.ComparativeEarlyStopping - INFO -   Decision scores: {'statistical_significance': 1.0, 'performance_gap': 0.7786495482643832, 'learning_trend': 0.0, 'resource_efficiency': 0.0}
2025-07-29 00:05:12 - AutoML.ComparativeEarlyStopping - INFO -   Final score: 0.545
2025-07-29 00:05:12 - AutoML.ComparativeEarlyStopping - INFO -   Decision: CONTINUE
2025-07-29 00:06:28 - AutoML.ComparativeEarlyStopping - INFO - Early stopping evaluation for mobilenetv3_small_100:
2025-07-29 00:06:28 - AutoML.ComparativeEarlyStopping - INFO -   Decision scores: {'statistical_significance': 1.0, 'performance_gap': 0.5765572990965279, 'learning_trend': 0.0, 'resource_efficiency': 0.0}
2025-07-29 00:06:28 - AutoML.ComparativeEarlyStopping - INFO -   Final score: 0.494
2025-07-29 00:06:28 - AutoML.ComparativeEarlyStopping - INFO -   Decision: CONTINUE
2025-07-29 00:07:29 - AutoML.ComparativeEarlyStopping - INFO - Early stopping evaluation for mobilenetv3_small_100:
2025-07-29 00:07:29 - AutoML.ComparativeEarlyStopping - INFO -   Decision scores: {'statistical_significance': 1.0, 'performance_gap': 0.48145506419400574, 'learning_trend': 0.0, 'resource_efficiency': 0.0}
2025-07-29 00:07:29 - AutoML.ComparativeEarlyStopping - INFO -   Final score: 0.470
2025-07-29 00:07:29 - AutoML.ComparativeEarlyStopping - INFO -   Decision: CONTINUE
2025-07-29 00:08:33 - AutoML.ComparativeEarlyStopping - INFO - Early stopping evaluation for mobilenetv3_small_100:
2025-07-29 00:08:33 - AutoML.ComparativeEarlyStopping - INFO -   Decision scores: {'statistical_significance': 1.0, 'performance_gap': 0.647883975273418, 'learning_trend': 0.0, 'resource_efficiency': 0.0}
2025-07-29 00:08:33 - AutoML.ComparativeEarlyStopping - INFO -   Final score: 0.512
2025-07-29 00:08:33 - AutoML.ComparativeEarlyStopping - INFO -   Decision: CONTINUE
2025-07-29 00:08:33 - AutoML.Trainer - INFO - Epoch 15/21 - Train Acc: 0.6603, Val Acc: 0.7354, Val Loss: 0.8967, Time: 63.9s
2025-07-29 00:09:36 - AutoML.ComparativeEarlyStopping - INFO - Early stopping evaluation for mobilenetv3_small_100:
2025-07-29 00:09:36 - AutoML.ComparativeEarlyStopping - INFO -   Decision scores: {'statistical_significance': 1.0, 'performance_gap': 0.600332857822157, 'learning_trend': 0.0, 'resource_efficiency': 0.0}
2025-07-29 00:09:36 - AutoML.ComparativeEarlyStopping - INFO -   Final score: 0.500
2025-07-29 00:09:36 - AutoML.ComparativeEarlyStopping - INFO -   Decision: CONTINUE
2025-07-29 00:10:39 - AutoML.ComparativeEarlyStopping - INFO - Early stopping evaluation for mobilenetv3_small_100:
2025-07-29 00:10:39 - AutoML.ComparativeEarlyStopping - INFO -   Decision scores: {'statistical_significance': 1.0, 'performance_gap': 0.4755111745125995, 'learning_trend': 0.0, 'resource_efficiency': 0.0}
2025-07-29 00:10:39 - AutoML.ComparativeEarlyStopping - INFO -   Final score: 0.469
2025-07-29 00:10:39 - AutoML.ComparativeEarlyStopping - INFO -   Decision: CONTINUE
2025-07-29 00:11:48 - AutoML.ComparativeEarlyStopping - INFO - Early stopping evaluation for mobilenetv3_small_100:
2025-07-29 00:11:48 - AutoML.ComparativeEarlyStopping - INFO -   Decision scores: {'statistical_significance': 1.0, 'performance_gap': 0.2466714217784105, 'learning_trend': 0.0, 'resource_efficiency': 0.0}
2025-07-29 00:11:48 - AutoML.ComparativeEarlyStopping - INFO -   Final score: 0.412
2025-07-29 00:11:48 - AutoML.ComparativeEarlyStopping - INFO -   Decision: CONTINUE
2025-07-29 00:12:57 - AutoML.ComparativeEarlyStopping - INFO - Early stopping evaluation for mobilenetv3_small_100:
2025-07-29 00:12:57 - AutoML.ComparativeEarlyStopping - INFO -   Decision scores: {'statistical_significance': 1.0, 'performance_gap': 0.20506419400855846, 'learning_trend': 0.0, 'resource_efficiency': 0.0}
2025-07-29 00:12:57 - AutoML.ComparativeEarlyStopping - INFO -   Final score: 0.401
2025-07-29 00:12:57 - AutoML.ComparativeEarlyStopping - INFO -   Decision: CONTINUE
2025-07-29 00:14:07 - AutoML.ComparativeEarlyStopping - INFO - Early stopping evaluation for mobilenetv3_small_100:
2025-07-29 00:14:07 - AutoML.ComparativeEarlyStopping - INFO -   Decision scores: {'statistical_significance': 1.0, 'performance_gap': 0.32394198763670695, 'learning_trend': 0.0, 'resource_efficiency': 0.0}
2025-07-29 00:14:07 - AutoML.ComparativeEarlyStopping - INFO -   Final score: 0.431
2025-07-29 00:14:07 - AutoML.ComparativeEarlyStopping - INFO -   Decision: CONTINUE
2025-07-29 00:14:07 - AutoML.Trainer - INFO - Epoch 20/21 - Train Acc: 0.6887, Val Acc: 0.7518, Val Loss: 0.8855, Time: 70.6s
2025-07-29 00:15:17 - AutoML.ComparativeEarlyStopping - INFO - Early stopping evaluation for mobilenetv3_small_100:
2025-07-29 00:15:17 - AutoML.ComparativeEarlyStopping - INFO -   Decision scores: {'statistical_significance': 1.0, 'performance_gap': 0.4249881122206367, 'learning_trend': 0.0, 'resource_efficiency': 0.0}
2025-07-29 00:15:17 - AutoML.ComparativeEarlyStopping - INFO -   Final score: 0.456
2025-07-29 00:15:17 - AutoML.ComparativeEarlyStopping - INFO -   Decision: CONTINUE
2025-07-29 00:15:17 - AutoML.Trainer - INFO - Epoch 21/21 - Train Acc: 0.6771, Val Acc: 0.7660, Val Loss: 0.8753, Time: 69.9s
2025-07-29 00:15:17 - AutoML.Trainer - INFO - Training completed for mobilenetv3_small_100
2025-07-29 00:15:17 - AutoML.Trainer - INFO - Best validation accuracy: 0.7903
2025-07-29 00:15:17 - AutoML.Trainer - INFO - Total training time: 1824.3s
2025-07-29 00:15:17 - AutoML.Trainer - INFO - Average epoch time: 86.9s
2025-07-29 00:15:17 - AutoML.Trainer - INFO - Evaluating hyperparameters for mobilenetv3_small_100: {'learning_rate': 9.268216502508781e-05, 'optimizer': 'rmsprop', 'weight_decay': 0.002233575792282495, 'batch_size': 8, 'dropout_rate': 0.23704534136684058, 'pretrained': True, 'lr_scheduler': 'step', 'max_epochs': 24}
2025-07-29 00:15:17 - AutoML.ModelFactory - INFO - Creating mobilenetv3_small_100 (pretrained=True, dropout=0.23704534136684058)
2025-07-29 00:15:17 - AutoML - INFO -  Starting: mobilenetv3_small_100 creation
2025-07-29 00:15:18 - AutoML.ModelFactory - INFO - mobilenetv3_small_100 created successfully:
2025-07-29 00:15:18 - AutoML.ModelFactory - INFO -   Parameters: 1,525,031
2025-07-29 00:15:18 - AutoML.ModelFactory - INFO -   Trainable: 1,525,031
2025-07-29 00:15:18 - AutoML.ModelFactory - INFO -   Model size: 5.82 MB
2025-07-29 00:15:18 - AutoML - INFO -  mobilenetv3_small_100 creation completed in 0.50 seconds
2025-07-29 00:15:29 - AutoML.Trainer - INFO - Total classes in dataset: 7
2025-07-29 00:15:29 - AutoML.Trainer - INFO - Classes found in sample: 5
2025-07-29 00:15:29 - AutoML.Trainer - INFO - Sample size: 80 labels
2025-07-29 00:15:29 - AutoML.Trainer - INFO - Class distribution (sample): {0: 5, 1: 1, 2: 13, 4: 9, 5: 52}
2025-07-29 00:15:29 - AutoML.Trainer - INFO - Class weights tensor shape: torch.Size([7])
2025-07-29 00:15:29 - AutoML.Trainer - INFO - Sample class weights range: [0.3077, 16.0000]
2025-07-29 00:15:29 - AutoML.Trainer - INFO - Mean weight for missing classes: 4.5032
2025-07-29 00:21:49 - AutoML.ComparativeEarlyStopping - INFO - Early stopping evaluation for mobilenetv3_small_100:
2025-07-29 00:21:49 - AutoML.ComparativeEarlyStopping - INFO -   Decision scores: {'statistical_significance': 1.0, 'performance_gap': 1.0, 'learning_trend': 0.0, 'resource_efficiency': 0.0}
2025-07-29 00:21:49 - AutoML.ComparativeEarlyStopping - INFO -   Final score: 0.600
2025-07-29 00:21:49 - AutoML.ComparativeEarlyStopping - INFO -   Decision: CONTINUE
2025-07-29 00:21:49 - AutoML.Trainer - INFO - Epoch 5/24 - Train Acc: 0.6175, Val Acc: 0.6519, Val Loss: 1.0611, Time: 69.1s
2025-07-29 00:23:00 - AutoML.ComparativeEarlyStopping - INFO - Early stopping evaluation for mobilenetv3_small_100:
2025-07-29 00:23:00 - AutoML.ComparativeEarlyStopping - INFO -   Decision scores: {'statistical_significance': 1.0, 'performance_gap': 1.0, 'learning_trend': 0.0, 'resource_efficiency': 0.0}
2025-07-29 00:23:00 - AutoML.ComparativeEarlyStopping - INFO -   Final score: 0.600
2025-07-29 00:23:00 - AutoML.ComparativeEarlyStopping - INFO -   Decision: CONTINUE
2025-07-29 00:24:25 - AutoML.ComparativeEarlyStopping - INFO - Early stopping evaluation for mobilenetv3_small_100:
2025-07-29 00:24:25 - AutoML.ComparativeEarlyStopping - INFO -   Decision scores: {'statistical_significance': 1.0, 'performance_gap': 1.0, 'learning_trend': 0.0, 'resource_efficiency': 0.0}
2025-07-29 00:24:25 - AutoML.ComparativeEarlyStopping - INFO -   Final score: 0.600
2025-07-29 00:24:25 - AutoML.ComparativeEarlyStopping - INFO -   Decision: CONTINUE
2025-07-29 00:26:18 - AutoML.ComparativeEarlyStopping - INFO - Early stopping evaluation for mobilenetv3_small_100:
2025-07-29 00:26:18 - AutoML.ComparativeEarlyStopping - INFO -   Decision scores: {'statistical_significance': 1.0, 'performance_gap': 0.9480504041844973, 'learning_trend': 0.0, 'resource_efficiency': 0.0}
2025-07-29 00:26:18 - AutoML.ComparativeEarlyStopping - INFO -   Final score: 0.587
2025-07-29 00:26:18 - AutoML.ComparativeEarlyStopping - INFO -   Decision: CONTINUE
2025-07-29 00:27:27 - AutoML.ComparativeEarlyStopping - INFO - Early stopping evaluation for mobilenetv3_small_100:
2025-07-29 00:27:27 - AutoML.ComparativeEarlyStopping - INFO -   Decision scores: {'statistical_significance': 1.0, 'performance_gap': 1.0, 'learning_trend': 0.0, 'resource_efficiency': 0.0}
2025-07-29 00:27:27 - AutoML.ComparativeEarlyStopping - INFO -   Final score: 0.600
2025-07-29 00:27:27 - AutoML.ComparativeEarlyStopping - INFO -   Decision: CONTINUE
2025-07-29 00:28:34 - AutoML.ComparativeEarlyStopping - INFO - Early stopping evaluation for mobilenetv3_small_100:
2025-07-29 00:28:34 - AutoML.ComparativeEarlyStopping - INFO -   Decision scores: {'statistical_significance': 1.0, 'performance_gap': 1.0, 'learning_trend': 0.0, 'resource_efficiency': 0.0}
2025-07-29 00:28:34 - AutoML.ComparativeEarlyStopping - INFO -   Final score: 0.600
2025-07-29 00:28:34 - AutoML.ComparativeEarlyStopping - INFO -   Decision: CONTINUE
2025-07-29 00:28:34 - AutoML.Trainer - INFO - Epoch 10/24 - Train Acc: 0.6512, Val Acc: 0.7439, Val Loss: 1.0547, Time: 66.2s
2025-07-29 00:29:41 - AutoML.ComparativeEarlyStopping - INFO - Early stopping evaluation for mobilenetv3_small_100:
2025-07-29 00:29:41 - AutoML.ComparativeEarlyStopping - INFO -   Decision scores: {'statistical_significance': 1.0, 'performance_gap': 0.8975273418925345, 'learning_trend': 0.0, 'resource_efficiency': 0.0}
2025-07-29 00:29:41 - AutoML.ComparativeEarlyStopping - INFO -   Final score: 0.574
2025-07-29 00:29:41 - AutoML.ComparativeEarlyStopping - INFO -   Decision: CONTINUE
2025-07-29 00:30:45 - AutoML.ComparativeEarlyStopping - INFO - Early stopping evaluation for mobilenetv3_small_100:
2025-07-29 00:30:45 - AutoML.ComparativeEarlyStopping - INFO -   Decision scores: {'statistical_significance': 1.0, 'performance_gap': 0.7578459343794558, 'learning_trend': 0.0, 'resource_efficiency': 0.0}
2025-07-29 00:30:45 - AutoML.ComparativeEarlyStopping - INFO -   Final score: 0.539
2025-07-29 00:30:45 - AutoML.ComparativeEarlyStopping - INFO -   Decision: CONTINUE
2025-07-29 00:31:52 - AutoML.ComparativeEarlyStopping - INFO - Early stopping evaluation for mobilenetv3_small_100:
2025-07-29 00:31:52 - AutoML.ComparativeEarlyStopping - INFO -   Decision scores: {'statistical_significance': 1.0, 'performance_gap': 0.7697337137422724, 'learning_trend': 0.0, 'resource_efficiency': 0.0}
2025-07-29 00:31:52 - AutoML.ComparativeEarlyStopping - INFO -   Final score: 0.542
2025-07-29 00:31:52 - AutoML.ComparativeEarlyStopping - INFO -   Decision: CONTINUE
2025-07-29 00:32:56 - AutoML.ComparativeEarlyStopping - INFO - Early stopping evaluation for mobilenetv3_small_100:
2025-07-29 00:32:56 - AutoML.ComparativeEarlyStopping - INFO -   Decision scores: {'statistical_significance': 0.5, 'performance_gap': 0.686519258202567, 'learning_trend': 0.0, 'resource_efficiency': 0.0}
2025-07-29 00:32:56 - AutoML.ComparativeEarlyStopping - INFO -   Final score: 0.347
2025-07-29 00:32:56 - AutoML.ComparativeEarlyStopping - INFO -   Decision: CONTINUE
2025-07-29 00:34:04 - AutoML.ComparativeEarlyStopping - INFO - Early stopping evaluation for mobilenetv3_small_100:
2025-07-29 00:34:04 - AutoML.ComparativeEarlyStopping - INFO -   Decision scores: {'statistical_significance': 0.5, 'performance_gap': 0.6984070375653822, 'learning_trend': 0.0, 'resource_efficiency': 0.0}
2025-07-29 00:34:04 - AutoML.ComparativeEarlyStopping - INFO -   Final score: 0.350
2025-07-29 00:34:04 - AutoML.ComparativeEarlyStopping - INFO -   Decision: CONTINUE
2025-07-29 00:34:04 - AutoML.Trainer - INFO - Epoch 15/24 - Train Acc: 0.7208, Val Acc: 0.7411, Val Loss: 0.8777, Time: 67.5s
2025-07-29 00:35:16 - AutoML.ComparativeEarlyStopping - INFO - Early stopping evaluation for mobilenetv3_small_100:
2025-07-29 00:35:16 - AutoML.ComparativeEarlyStopping - INFO -   Decision scores: {'statistical_significance': 0.5, 'performance_gap': 0.6835473133618625, 'learning_trend': 0.0, 'resource_efficiency': 0.0}
2025-07-29 00:35:16 - AutoML.ComparativeEarlyStopping - INFO -   Final score: 0.346
2025-07-29 00:35:16 - AutoML.ComparativeEarlyStopping - INFO -   Decision: CONTINUE
2025-07-29 00:36:25 - AutoML.ComparativeEarlyStopping - INFO - Early stopping evaluation for mobilenetv3_small_100:
2025-07-29 00:36:25 - AutoML.ComparativeEarlyStopping - INFO -   Decision scores: {'statistical_significance': 0.5, 'performance_gap': 0.6359961959106042, 'learning_trend': 0.0, 'resource_efficiency': 0.0}
2025-07-29 00:36:25 - AutoML.ComparativeEarlyStopping - INFO -   Final score: 0.334
2025-07-29 00:36:25 - AutoML.ComparativeEarlyStopping - INFO -   Decision: CONTINUE
2025-07-29 00:37:36 - AutoML.ComparativeEarlyStopping - INFO - Early stopping evaluation for mobilenetv3_small_100:
2025-07-29 00:37:36 - AutoML.ComparativeEarlyStopping - INFO -   Decision scores: {'statistical_significance': 0.5, 'performance_gap': 0.5527817403708973, 'learning_trend': 0.0, 'resource_efficiency': 0.0}
2025-07-29 00:37:36 - AutoML.ComparativeEarlyStopping - INFO -   Final score: 0.313
2025-07-29 00:37:36 - AutoML.ComparativeEarlyStopping - INFO -   Decision: CONTINUE
2025-07-29 00:38:47 - AutoML.ComparativeEarlyStopping - INFO - Early stopping evaluation for mobilenetv3_small_100:
2025-07-29 00:38:47 - AutoML.ComparativeEarlyStopping - INFO -   Decision scores: {'statistical_significance': 0.5, 'performance_gap': 0.46659533999048874, 'learning_trend': 0.0, 'resource_efficiency': 0.0}
2025-07-29 00:38:47 - AutoML.ComparativeEarlyStopping - INFO -   Final score: 0.292
2025-07-29 00:38:47 - AutoML.ComparativeEarlyStopping - INFO -   Decision: CONTINUE
2025-07-29 00:39:55 - AutoML.ComparativeEarlyStopping - INFO - Early stopping evaluation for mobilenetv3_small_100:
2025-07-29 00:39:55 - AutoML.ComparativeEarlyStopping - INFO -   Decision scores: {'statistical_significance': 0.5, 'performance_gap': 0.5527817403708973, 'learning_trend': 0.0, 'resource_efficiency': 0.0}
2025-07-29 00:39:55 - AutoML.ComparativeEarlyStopping - INFO -   Final score: 0.313
2025-07-29 00:39:55 - AutoML.ComparativeEarlyStopping - INFO -   Decision: CONTINUE
2025-07-29 00:39:55 - AutoML.Trainer - INFO - Epoch 20/24 - Train Acc: 0.7315, Val Acc: 0.7447, Val Loss: 0.8797, Time: 67.8s
2025-07-29 00:41:03 - AutoML.ComparativeEarlyStopping - INFO - Early stopping evaluation for mobilenetv3_small_100:
2025-07-29 00:41:03 - AutoML.ComparativeEarlyStopping - INFO -   Decision scores: {'statistical_significance': 0.5, 'performance_gap': 0.5616975748930081, 'learning_trend': 0.0, 'resource_efficiency': 0.0}
2025-07-29 00:41:03 - AutoML.ComparativeEarlyStopping - INFO -   Final score: 0.315
2025-07-29 00:41:03 - AutoML.ComparativeEarlyStopping - INFO -   Decision: CONTINUE
2025-07-29 00:42:14 - AutoML.ComparativeEarlyStopping - INFO - Early stopping evaluation for mobilenetv3_small_100:
2025-07-29 00:42:14 - AutoML.ComparativeEarlyStopping - INFO -   Decision scores: {'statistical_significance': 0.5, 'performance_gap': 0.5973609129814539, 'learning_trend': 0.0, 'resource_efficiency': 0.0}
2025-07-29 00:42:14 - AutoML.ComparativeEarlyStopping - INFO -   Final score: 0.324
2025-07-29 00:42:14 - AutoML.ComparativeEarlyStopping - INFO -   Decision: CONTINUE
2025-07-29 00:43:26 - AutoML.ComparativeEarlyStopping - INFO - Early stopping evaluation for mobilenetv3_small_100:
2025-07-29 00:43:26 - AutoML.ComparativeEarlyStopping - INFO -   Decision scores: {'statistical_significance': 0.5, 'performance_gap': 0.5557536852116018, 'learning_trend': 0.0, 'resource_efficiency': 0.0}
2025-07-29 00:43:26 - AutoML.ComparativeEarlyStopping - INFO -   Final score: 0.314
2025-07-29 00:43:26 - AutoML.ComparativeEarlyStopping - INFO -   Decision: CONTINUE
2025-07-29 00:44:42 - AutoML.ComparativeEarlyStopping - INFO - Early stopping evaluation for mobilenetv3_small_100:
2025-07-29 00:44:42 - AutoML.ComparativeEarlyStopping - INFO -   Decision scores: {'statistical_significance': 0.5, 'performance_gap': 0.5765572990965279, 'learning_trend': 0.0, 'resource_efficiency': 0.0}
2025-07-29 00:44:42 - AutoML.ComparativeEarlyStopping - INFO -   Final score: 0.319
2025-07-29 00:44:42 - AutoML.ComparativeEarlyStopping - INFO -   Decision: CONTINUE
2025-07-29 00:44:42 - AutoML.Trainer - INFO - Epoch 24/24 - Train Acc: 0.7409, Val Acc: 0.7539, Val Loss: 0.8712, Time: 76.3s
2025-07-29 00:44:42 - AutoML.Trainer - INFO - Training completed for mobilenetv3_small_100
2025-07-29 00:44:42 - AutoML.Trainer - INFO - Best validation accuracy: 0.7653
2025-07-29 00:44:42 - AutoML.Trainer - INFO - Total training time: 1753.2s
2025-07-29 00:44:42 - AutoML.Trainer - INFO - Average epoch time: 73.0s
2025-07-29 00:44:42 - AutoML.Trainer - INFO - Evaluating hyperparameters for mobilenetv3_small_100: {'learning_rate': 0.0001022875796821639, 'optimizer': 'adamw', 'weight_decay': 1.534050143879438e-05, 'batch_size': 16, 'dropout_rate': 0.23987598445835065, 'pretrained': True, 'lr_scheduler': 'plateau', 'max_epochs': 16}
2025-07-29 00:44:42 - AutoML.ModelFactory - INFO - Creating mobilenetv3_small_100 (pretrained=True, dropout=0.23987598445835065)
2025-07-29 00:44:42 - AutoML - INFO -  Starting: mobilenetv3_small_100 creation
2025-07-29 00:44:42 - AutoML.ModelFactory - INFO - mobilenetv3_small_100 created successfully:
2025-07-29 00:44:42 - AutoML.ModelFactory - INFO -   Parameters: 1,525,031
2025-07-29 00:44:42 - AutoML.ModelFactory - INFO -   Trainable: 1,525,031
2025-07-29 00:44:42 - AutoML.ModelFactory - INFO -   Model size: 5.82 MB
2025-07-29 00:44:42 - AutoML - INFO -  mobilenetv3_small_100 creation completed in 0.28 seconds
2025-07-29 00:44:54 - AutoML.Trainer - INFO - Total classes in dataset: 7
2025-07-29 00:44:54 - AutoML.Trainer - INFO - Classes found in sample: 5
2025-07-29 00:44:54 - AutoML.Trainer - INFO - Sample size: 80 labels
2025-07-29 00:44:54 - AutoML.Trainer - INFO - Class distribution (sample): {0: 2, 1: 5, 2: 6, 4: 10, 5: 57}
2025-07-29 00:44:54 - AutoML.Trainer - INFO - Class weights tensor shape: torch.Size([7])
2025-07-29 00:44:54 - AutoML.Trainer - INFO - Sample class weights range: [0.2807, 8.0000]
2025-07-29 00:44:54 - AutoML.Trainer - INFO - Mean weight for missing classes: 3.1495
2025-07-29 00:50:51 - AutoML.ComparativeEarlyStopping - INFO - Early stopping evaluation for mobilenetv3_small_100:
2025-07-29 00:50:51 - AutoML.ComparativeEarlyStopping - INFO -   Decision scores: {'statistical_significance': 0.5, 'performance_gap': 1.0, 'learning_trend': 0.0, 'resource_efficiency': 0.0}
2025-07-29 00:50:51 - AutoML.ComparativeEarlyStopping - INFO -   Final score: 0.425
2025-07-29 00:50:51 - AutoML.ComparativeEarlyStopping - INFO -   Decision: CONTINUE
2025-07-29 00:50:51 - AutoML.Trainer - INFO - Epoch 5/16 - Train Acc: 0.5945, Val Acc: 0.6227, Val Loss: 1.2513, Time: 70.8s
2025-07-29 00:51:58 - AutoML.ComparativeEarlyStopping - INFO - Early stopping evaluation for mobilenetv3_small_100:
2025-07-29 00:51:58 - AutoML.ComparativeEarlyStopping - INFO -   Decision scores: {'statistical_significance': 0.5, 'performance_gap': 1.0, 'learning_trend': 0.0, 'resource_efficiency': 0.0}
2025-07-29 00:51:58 - AutoML.ComparativeEarlyStopping - INFO -   Final score: 0.425
2025-07-29 00:51:58 - AutoML.ComparativeEarlyStopping - INFO -   Decision: CONTINUE
2025-07-29 00:53:06 - AutoML.ComparativeEarlyStopping - INFO - Early stopping evaluation for mobilenetv3_small_100:
2025-07-29 00:53:06 - AutoML.ComparativeEarlyStopping - INFO -   Decision scores: {'statistical_significance': 0.5, 'performance_gap': 1.0, 'learning_trend': 0.0, 'resource_efficiency': 0.0}
2025-07-29 00:53:06 - AutoML.ComparativeEarlyStopping - INFO -   Final score: 0.425
2025-07-29 00:53:06 - AutoML.ComparativeEarlyStopping - INFO -   Decision: CONTINUE
2025-07-29 00:54:10 - AutoML.ComparativeEarlyStopping - INFO - Early stopping evaluation for mobilenetv3_small_100:
2025-07-29 00:54:10 - AutoML.ComparativeEarlyStopping - INFO -   Decision scores: {'statistical_significance': 0.5, 'performance_gap': 0.8202567760342352, 'learning_trend': 0.0, 'resource_efficiency': 0.0}
2025-07-29 00:54:10 - AutoML.ComparativeEarlyStopping - INFO -   Final score: 0.380
2025-07-29 00:54:10 - AutoML.ComparativeEarlyStopping - INFO -   Decision: CONTINUE
2025-07-29 00:55:15 - AutoML.ComparativeEarlyStopping - INFO - Early stopping evaluation for mobilenetv3_small_100:
2025-07-29 00:55:15 - AutoML.ComparativeEarlyStopping - INFO -   Decision scores: {'statistical_significance': 0.5, 'performance_gap': 1.0, 'learning_trend': 0.0, 'resource_efficiency': 0.0}
2025-07-29 00:55:15 - AutoML.ComparativeEarlyStopping - INFO -   Final score: 0.425
2025-07-29 00:55:15 - AutoML.ComparativeEarlyStopping - INFO -   Decision: CONTINUE
2025-07-29 00:56:19 - AutoML.ComparativeEarlyStopping - INFO - Early stopping evaluation for mobilenetv3_small_100:
2025-07-29 00:56:19 - AutoML.ComparativeEarlyStopping - INFO -   Decision scores: {'statistical_significance': 0.5, 'performance_gap': 1.0, 'learning_trend': 0.0, 'resource_efficiency': 0.0}
2025-07-29 00:56:19 - AutoML.ComparativeEarlyStopping - INFO -   Final score: 0.425
2025-07-29 00:56:19 - AutoML.ComparativeEarlyStopping - INFO -   Decision: CONTINUE
2025-07-29 00:56:19 - AutoML.Trainer - INFO - Epoch 10/16 - Train Acc: 0.6501, Val Acc: 0.7204, Val Loss: 1.1545, Time: 64.1s
2025-07-29 00:57:25 - AutoML.ComparativeEarlyStopping - INFO - Early stopping evaluation for mobilenetv3_small_100:
2025-07-29 00:57:25 - AutoML.ComparativeEarlyStopping - INFO -   Decision scores: {'statistical_significance': 0.5, 'performance_gap': 1.0, 'learning_trend': 0.5, 'resource_efficiency': 0.0}
2025-07-29 00:57:25 - AutoML.ComparativeEarlyStopping - INFO -   Final score: 0.550
2025-07-29 00:57:25 - AutoML.ComparativeEarlyStopping - INFO -   Decision: CONTINUE
2025-07-29 00:58:31 - AutoML.ComparativeEarlyStopping - INFO - Early stopping evaluation for mobilenetv3_small_100:
2025-07-29 00:58:31 - AutoML.ComparativeEarlyStopping - INFO -   Decision scores: {'statistical_significance': 0.5, 'performance_gap': 1.0, 'learning_trend': 0.0, 'resource_efficiency': 0.0}
2025-07-29 00:58:31 - AutoML.ComparativeEarlyStopping - INFO -   Final score: 0.425
2025-07-29 00:58:31 - AutoML.ComparativeEarlyStopping - INFO -   Decision: CONTINUE
2025-07-29 00:59:35 - AutoML.ComparativeEarlyStopping - INFO - Early stopping evaluation for mobilenetv3_small_100:
2025-07-29 00:59:35 - AutoML.ComparativeEarlyStopping - INFO -   Decision scores: {'statistical_significance': 0.5, 'performance_gap': 1.0, 'learning_trend': 0.0, 'resource_efficiency': 0.0}
2025-07-29 00:59:35 - AutoML.ComparativeEarlyStopping - INFO -   Final score: 0.425
2025-07-29 00:59:35 - AutoML.ComparativeEarlyStopping - INFO -   Decision: CONTINUE
2025-07-29 01:00:42 - AutoML.ComparativeEarlyStopping - INFO - Early stopping evaluation for mobilenetv3_small_100:
2025-07-29 01:00:42 - AutoML.ComparativeEarlyStopping - INFO -   Decision scores: {'statistical_significance': 0.5, 'performance_gap': 1.0, 'learning_trend': 0.0, 'resource_efficiency': 0.0}
2025-07-29 01:00:42 - AutoML.ComparativeEarlyStopping - INFO -   Final score: 0.425
2025-07-29 01:00:42 - AutoML.ComparativeEarlyStopping - INFO -   Decision: CONTINUE
2025-07-29 01:01:49 - AutoML.ComparativeEarlyStopping - INFO - Early stopping evaluation for mobilenetv3_small_100:
2025-07-29 01:01:49 - AutoML.ComparativeEarlyStopping - INFO -   Decision scores: {'statistical_significance': 0.5, 'performance_gap': 1.0, 'learning_trend': 0.5, 'resource_efficiency': 0.0}
2025-07-29 01:01:49 - AutoML.ComparativeEarlyStopping - INFO -   Final score: 0.550
2025-07-29 01:01:49 - AutoML.ComparativeEarlyStopping - INFO -   Decision: CONTINUE
2025-07-29 01:01:49 - AutoML.Trainer - INFO - Epoch 15/16 - Train Acc: 0.6671, Val Acc: 0.7033, Val Loss: 1.0152, Time: 66.2s
2025-07-29 01:02:58 - AutoML.ComparativeEarlyStopping - INFO - Early stopping evaluation for mobilenetv3_small_100:
2025-07-29 01:02:58 - AutoML.ComparativeEarlyStopping - INFO -   Decision scores: {'statistical_significance': 0.5, 'performance_gap': 0.9747979077508309, 'learning_trend': 0.0, 'resource_efficiency': 0.0}
2025-07-29 01:02:58 - AutoML.ComparativeEarlyStopping - INFO -   Final score: 0.419
2025-07-29 01:02:58 - AutoML.ComparativeEarlyStopping - INFO -   Decision: CONTINUE
2025-07-29 01:02:58 - AutoML.Trainer - INFO - Epoch 16/16 - Train Acc: 0.6728, Val Acc: 0.7282, Val Loss: 0.9575, Time: 69.7s
2025-07-29 01:02:58 - AutoML.Trainer - INFO - Training completed for mobilenetv3_small_100
2025-07-29 01:02:58 - AutoML.Trainer - INFO - Best validation accuracy: 0.7447
2025-07-29 01:02:58 - AutoML.Trainer - INFO - Total training time: 1084.2s
2025-07-29 01:02:58 - AutoML.Trainer - INFO - Average epoch time: 67.8s
2025-07-29 01:02:58 - AutoML.Trainer - INFO - Evaluating hyperparameters for mobilenetv3_small_100: {'learning_rate': 6.376965725337132e-05, 'optimizer': 'adamw', 'weight_decay': 0.00014081516936381686, 'batch_size': 32, 'dropout_rate': 0.11354540932368759, 'pretrained': True, 'lr_scheduler': 'cosine', 'max_epochs': 35}
2025-07-29 01:02:58 - AutoML.ModelFactory - INFO - Creating mobilenetv3_small_100 (pretrained=True, dropout=0.11354540932368759)
2025-07-29 01:02:58 - AutoML - INFO -  Starting: mobilenetv3_small_100 creation
2025-07-29 01:02:59 - AutoML.ModelFactory - INFO - mobilenetv3_small_100 created successfully:
2025-07-29 01:02:59 - AutoML.ModelFactory - INFO -   Parameters: 1,525,031
2025-07-29 01:02:59 - AutoML.ModelFactory - INFO -   Trainable: 1,525,031
2025-07-29 01:02:59 - AutoML.ModelFactory - INFO -   Model size: 5.82 MB
2025-07-29 01:02:59 - AutoML - INFO -  mobilenetv3_small_100 creation completed in 0.25 seconds
2025-07-29 01:03:10 - AutoML.Trainer - INFO - Total classes in dataset: 7
2025-07-29 01:03:10 - AutoML.Trainer - INFO - Classes found in sample: 5
2025-07-29 01:03:10 - AutoML.Trainer - INFO - Sample size: 80 labels
2025-07-29 01:03:10 - AutoML.Trainer - INFO - Class distribution (sample): {0: 4, 1: 2, 2: 9, 4: 10, 5: 55}
2025-07-29 01:03:10 - AutoML.Trainer - INFO - Class weights tensor shape: torch.Size([7])
2025-07-29 01:03:10 - AutoML.Trainer - INFO - Sample class weights range: [0.2909, 8.0000]
2025-07-29 01:03:10 - AutoML.Trainer - INFO - Mean weight for missing classes: 3.1337
2025-07-29 01:09:05 - AutoML.ComparativeEarlyStopping - INFO - Early stopping evaluation for mobilenetv3_small_100:
2025-07-29 01:09:05 - AutoML.ComparativeEarlyStopping - INFO -   Decision scores: {'statistical_significance': 0.5, 'performance_gap': 1.0, 'learning_trend': 0.0, 'resource_efficiency': 0.0}
2025-07-29 01:09:05 - AutoML.ComparativeEarlyStopping - INFO -   Final score: 0.425
2025-07-29 01:09:05 - AutoML.ComparativeEarlyStopping - INFO -   Decision: CONTINUE
2025-07-29 01:09:05 - AutoML.Trainer - INFO - Epoch 5/35 - Train Acc: 0.6348, Val Acc: 0.6805, Val Loss: 1.1809, Time: 78.9s
2025-07-29 01:10:21 - AutoML.ComparativeEarlyStopping - INFO - Early stopping evaluation for mobilenetv3_small_100:
2025-07-29 01:10:21 - AutoML.ComparativeEarlyStopping - INFO -   Decision scores: {'statistical_significance': 0.5, 'performance_gap': 1.0, 'learning_trend': 0.0, 'resource_efficiency': 0.0}
2025-07-29 01:10:21 - AutoML.ComparativeEarlyStopping - INFO -   Final score: 0.425
2025-07-29 01:10:21 - AutoML.ComparativeEarlyStopping - INFO -   Decision: CONTINUE
2025-07-29 01:11:26 - AutoML.ComparativeEarlyStopping - INFO - Early stopping evaluation for mobilenetv3_small_100:
2025-07-29 01:11:26 - AutoML.ComparativeEarlyStopping - INFO -   Decision scores: {'statistical_significance': 0.5, 'performance_gap': 0.9985734664764601, 'learning_trend': 0.0, 'resource_efficiency': 0.0}
2025-07-29 01:11:26 - AutoML.ComparativeEarlyStopping - INFO -   Final score: 0.425
2025-07-29 01:11:26 - AutoML.ComparativeEarlyStopping - INFO -   Decision: CONTINUE
2025-07-29 01:12:32 - AutoML.ComparativeEarlyStopping - INFO - Early stopping evaluation for mobilenetv3_small_100:
2025-07-29 01:12:32 - AutoML.ComparativeEarlyStopping - INFO -   Decision scores: {'statistical_significance': 0.5, 'performance_gap': 0.977769852591534, 'learning_trend': 0.0, 'resource_efficiency': 0.0}
2025-07-29 01:12:32 - AutoML.ComparativeEarlyStopping - INFO -   Final score: 0.419
2025-07-29 01:12:32 - AutoML.ComparativeEarlyStopping - INFO -   Decision: CONTINUE
2025-07-29 01:13:39 - AutoML.ComparativeEarlyStopping - INFO - Early stopping evaluation for mobilenetv3_small_100:
2025-07-29 01:13:39 - AutoML.ComparativeEarlyStopping - INFO -   Decision scores: {'statistical_significance': 0.5, 'performance_gap': 0.8886115073704209, 'learning_trend': 0.0, 'resource_efficiency': 0.0}
2025-07-29 01:13:39 - AutoML.ComparativeEarlyStopping - INFO -   Final score: 0.397
2025-07-29 01:13:39 - AutoML.ComparativeEarlyStopping - INFO -   Decision: CONTINUE
2025-07-29 01:14:46 - AutoML.ComparativeEarlyStopping - INFO - Early stopping evaluation for mobilenetv3_small_100:
2025-07-29 01:14:46 - AutoML.ComparativeEarlyStopping - INFO -   Decision scores: {'statistical_significance': 0.5, 'performance_gap': 0.9004992867332375, 'learning_trend': 0.0, 'resource_efficiency': 0.0}
2025-07-29 01:14:46 - AutoML.ComparativeEarlyStopping - INFO -   Final score: 0.400
2025-07-29 01:14:46 - AutoML.ComparativeEarlyStopping - INFO -   Decision: CONTINUE
2025-07-29 01:14:46 - AutoML.Trainer - INFO - Epoch 10/35 - Train Acc: 0.6970, Val Acc: 0.7539, Val Loss: 0.9294, Time: 66.6s
2025-07-29 01:16:00 - AutoML.ComparativeEarlyStopping - INFO - Early stopping evaluation for mobilenetv3_small_100:
2025-07-29 01:16:00 - AutoML.ComparativeEarlyStopping - INFO -   Decision scores: {'statistical_significance': 0.5, 'performance_gap': 0.6359961959106042, 'learning_trend': 0.0, 'resource_efficiency': 0.0}
2025-07-29 01:16:00 - AutoML.ComparativeEarlyStopping - INFO -   Final score: 0.334
2025-07-29 01:16:00 - AutoML.ComparativeEarlyStopping - INFO -   Decision: CONTINUE
2025-07-29 01:17:08 - AutoML.ComparativeEarlyStopping - INFO - Early stopping evaluation for mobilenetv3_small_100:
2025-07-29 01:17:08 - AutoML.ComparativeEarlyStopping - INFO -   Decision scores: {'statistical_significance': 0.5, 'performance_gap': 0.6538278649548257, 'learning_trend': 0.0, 'resource_efficiency': 0.0}
2025-07-29 01:17:08 - AutoML.ComparativeEarlyStopping - INFO -   Final score: 0.338
2025-07-29 01:17:08 - AutoML.ComparativeEarlyStopping - INFO -   Decision: CONTINUE
2025-07-29 01:18:17 - AutoML.ComparativeEarlyStopping - INFO - Early stopping evaluation for mobilenetv3_small_100:
2025-07-29 01:18:17 - AutoML.ComparativeEarlyStopping - INFO -   Decision scores: {'statistical_significance': 0.5, 'performance_gap': 0.600332857822157, 'learning_trend': 0.0, 'resource_efficiency': 0.0}
2025-07-29 01:18:17 - AutoML.ComparativeEarlyStopping - INFO -   Final score: 0.325
2025-07-29 01:18:17 - AutoML.ComparativeEarlyStopping - INFO -   Decision: CONTINUE
2025-07-29 01:19:22 - AutoML.ComparativeEarlyStopping - INFO - Early stopping evaluation for mobilenetv3_small_100:
2025-07-29 01:19:22 - AutoML.ComparativeEarlyStopping - INFO -   Decision scores: {'statistical_significance': 0.5, 'performance_gap': 0.6954350927246777, 'learning_trend': 0.0, 'resource_efficiency': 0.0}
2025-07-29 01:19:22 - AutoML.ComparativeEarlyStopping - INFO -   Final score: 0.349
2025-07-29 01:19:22 - AutoML.ComparativeEarlyStopping - INFO -   Decision: CONTINUE
2025-07-29 01:20:32 - AutoML.ComparativeEarlyStopping - INFO - Early stopping evaluation for mobilenetv3_small_100:
2025-07-29 01:20:32 - AutoML.ComparativeEarlyStopping - INFO -   Decision scores: {'statistical_significance': 0.5, 'performance_gap': 0.6122206371849737, 'learning_trend': 0.0, 'resource_efficiency': 0.0}
2025-07-29 01:20:32 - AutoML.ComparativeEarlyStopping - INFO -   Final score: 0.328
2025-07-29 01:20:32 - AutoML.ComparativeEarlyStopping - INFO -   Decision: CONTINUE
2025-07-29 01:20:32 - AutoML.Trainer - INFO - Epoch 15/35 - Train Acc: 0.7256, Val Acc: 0.7639, Val Loss: 0.8638, Time: 69.6s
2025-07-29 01:21:39 - AutoML.ComparativeEarlyStopping - INFO - Early stopping evaluation for mobilenetv3_small_100:
2025-07-29 01:21:39 - AutoML.ComparativeEarlyStopping - INFO -   Decision scores: {'statistical_significance': 0.5, 'performance_gap': 0.7786495482643832, 'learning_trend': 0.0, 'resource_efficiency': 0.0}
2025-07-29 01:21:39 - AutoML.ComparativeEarlyStopping - INFO -   Final score: 0.370
2025-07-29 01:21:39 - AutoML.ComparativeEarlyStopping - INFO -   Decision: CONTINUE
2025-07-29 01:22:49 - AutoML.ComparativeEarlyStopping - INFO - Early stopping evaluation for mobilenetv3_small_100:
2025-07-29 01:22:49 - AutoML.ComparativeEarlyStopping - INFO -   Decision scores: {'statistical_significance': 0.5, 'performance_gap': 0.5111745126010439, 'learning_trend': 0.0, 'resource_efficiency': 0.0}
2025-07-29 01:22:49 - AutoML.ComparativeEarlyStopping - INFO -   Final score: 0.303
2025-07-29 01:22:49 - AutoML.ComparativeEarlyStopping - INFO -   Decision: CONTINUE
2025-07-29 01:23:58 - AutoML.ComparativeEarlyStopping - INFO - Early stopping evaluation for mobilenetv3_small_100:
2025-07-29 01:23:58 - AutoML.ComparativeEarlyStopping - INFO -   Decision scores: {'statistical_significance': 0.5, 'performance_gap': 0.4249881122206367, 'learning_trend': 0.0, 'resource_efficiency': 0.0}
2025-07-29 01:23:58 - AutoML.ComparativeEarlyStopping - INFO -   Final score: 0.281
2025-07-29 01:23:58 - AutoML.ComparativeEarlyStopping - INFO -   Decision: CONTINUE
2025-07-29 01:25:03 - AutoML.ComparativeEarlyStopping - INFO - Early stopping evaluation for mobilenetv3_small_100:
2025-07-29 01:25:03 - AutoML.ComparativeEarlyStopping - INFO -   Decision scores: {'statistical_significance': 0.5, 'performance_gap': 0.2615311459819303, 'learning_trend': 0.0, 'resource_efficiency': 0.0}
2025-07-29 01:25:03 - AutoML.ComparativeEarlyStopping - INFO -   Final score: 0.240
2025-07-29 01:25:03 - AutoML.ComparativeEarlyStopping - INFO -   Decision: CONTINUE
2025-07-29 01:26:09 - AutoML.ComparativeEarlyStopping - INFO - Early stopping evaluation for mobilenetv3_small_100:
2025-07-29 01:26:09 - AutoML.ComparativeEarlyStopping - INFO -   Decision scores: {'statistical_significance': 0.5, 'performance_gap': 0.5082025677603408, 'learning_trend': 0.0, 'resource_efficiency': 0.0}
2025-07-29 01:26:09 - AutoML.ComparativeEarlyStopping - INFO -   Final score: 0.302
2025-07-29 01:26:09 - AutoML.ComparativeEarlyStopping - INFO -   Decision: CONTINUE
2025-07-29 01:26:09 - AutoML.Trainer - INFO - Epoch 20/35 - Train Acc: 0.7562, Val Acc: 0.7311, Val Loss: 0.8539, Time: 65.2s
2025-07-29 01:27:14 - AutoML.ComparativeEarlyStopping - INFO - Early stopping evaluation for mobilenetv3_small_100:
2025-07-29 01:27:14 - AutoML.ComparativeEarlyStopping - INFO -   Decision scores: {'statistical_significance': 0.5, 'performance_gap': 0.4547075606276735, 'learning_trend': 0.0, 'resource_efficiency': 0.0}
2025-07-29 01:27:14 - AutoML.ComparativeEarlyStopping - INFO -   Final score: 0.289
2025-07-29 01:27:14 - AutoML.ComparativeEarlyStopping - INFO -   Decision: CONTINUE
2025-07-29 01:28:25 - AutoML.ComparativeEarlyStopping - INFO - Early stopping evaluation for mobilenetv3_small_100:
2025-07-29 01:28:25 - AutoML.ComparativeEarlyStopping - INFO -   Decision scores: {'statistical_significance': 0.5, 'performance_gap': 0.27341892534474416, 'learning_trend': 0.0, 'resource_efficiency': 0.0}
2025-07-29 01:28:25 - AutoML.ComparativeEarlyStopping - INFO -   Final score: 0.243
2025-07-29 01:28:25 - AutoML.ComparativeEarlyStopping - INFO -   Decision: CONTINUE
2025-07-29 01:29:33 - AutoML.ComparativeEarlyStopping - INFO - Early stopping evaluation for mobilenetv3_small_100:
2025-07-29 01:29:33 - AutoML.ComparativeEarlyStopping - INFO -   Decision scores: {'statistical_significance': 0.5, 'performance_gap': 0.032691393247741285, 'learning_trend': 0.0, 'resource_efficiency': 0.0}
2025-07-29 01:29:33 - AutoML.ComparativeEarlyStopping - INFO -   Final score: 0.183
2025-07-29 01:29:33 - AutoML.ComparativeEarlyStopping - INFO -   Decision: CONTINUE
2025-07-29 01:30:44 - AutoML.ComparativeEarlyStopping - INFO - Early stopping evaluation for mobilenetv3_small_100:
2025-07-29 01:30:44 - AutoML.ComparativeEarlyStopping - INFO -   Decision scores: {'statistical_significance': 0.5, 'performance_gap': 0.13670946267237138, 'learning_trend': 0.0, 'resource_efficiency': 0.0}
2025-07-29 01:30:44 - AutoML.ComparativeEarlyStopping - INFO -   Final score: 0.209
2025-07-29 01:30:44 - AutoML.ComparativeEarlyStopping - INFO -   Decision: CONTINUE
2025-07-29 01:31:57 - AutoML.ComparativeEarlyStopping - INFO - Early stopping evaluation for mobilenetv3_small_100:
2025-07-29 01:31:57 - AutoML.ComparativeEarlyStopping - INFO -   Decision scores: {'statistical_significance': 0.5, 'performance_gap': 0.1040180694246301, 'learning_trend': 0.0, 'resource_efficiency': 0.0}
2025-07-29 01:31:57 - AutoML.ComparativeEarlyStopping - INFO -   Final score: 0.201
2025-07-29 01:31:57 - AutoML.ComparativeEarlyStopping - INFO -   Decision: CONTINUE
2025-07-29 01:31:57 - AutoML.Trainer - INFO - Epoch 25/35 - Train Acc: 0.7889, Val Acc: 0.8174, Val Loss: 0.8636, Time: 73.5s
2025-07-29 01:33:17 - AutoML.ComparativeEarlyStopping - INFO - Early stopping evaluation for mobilenetv3_small_100:
2025-07-29 01:33:17 - AutoML.ComparativeEarlyStopping - INFO -   Decision scores: {'statistical_significance': 0.5, 'performance_gap': 0.0, 'learning_trend': 0.0, 'resource_efficiency': 0.0}
2025-07-29 01:33:17 - AutoML.ComparativeEarlyStopping - INFO -   Final score: 0.175
2025-07-29 01:33:17 - AutoML.ComparativeEarlyStopping - INFO -   Decision: CONTINUE
2025-07-29 01:34:35 - AutoML.ComparativeEarlyStopping - INFO - Early stopping evaluation for mobilenetv3_small_100:
2025-07-29 01:34:35 - AutoML.ComparativeEarlyStopping - INFO -   Decision scores: {'statistical_significance': 0.5, 'performance_gap': 0.0, 'learning_trend': 0.0, 'resource_efficiency': 0.0}
2025-07-29 01:34:35 - AutoML.ComparativeEarlyStopping - INFO -   Final score: 0.175
2025-07-29 01:34:35 - AutoML.ComparativeEarlyStopping - INFO -   Decision: CONTINUE
2025-07-29 01:36:04 - AutoML.ComparativeEarlyStopping - INFO - Early stopping evaluation for mobilenetv3_small_100:
2025-07-29 01:36:04 - AutoML.ComparativeEarlyStopping - INFO -   Decision scores: {'statistical_significance': 0.5, 'performance_gap': 0.0, 'learning_trend': 0.0, 'resource_efficiency': 0.0}
2025-07-29 01:36:04 - AutoML.ComparativeEarlyStopping - INFO -   Final score: 0.175
2025-07-29 01:36:04 - AutoML.ComparativeEarlyStopping - INFO -   Decision: CONTINUE
2025-07-29 01:37:06 - AutoML.ComparativeEarlyStopping - INFO - Early stopping evaluation for mobilenetv3_small_100:
2025-07-29 01:37:06 - AutoML.ComparativeEarlyStopping - INFO -   Decision scores: {'statistical_significance': 0.5, 'performance_gap': 0.0, 'learning_trend': 0.0, 'resource_efficiency': 0.0}
2025-07-29 01:37:06 - AutoML.ComparativeEarlyStopping - INFO -   Final score: 0.175
2025-07-29 01:37:06 - AutoML.ComparativeEarlyStopping - INFO -   Decision: CONTINUE
2025-07-29 01:38:10 - AutoML.ComparativeEarlyStopping - INFO - Early stopping evaluation for mobilenetv3_small_100:
2025-07-29 01:38:10 - AutoML.ComparativeEarlyStopping - INFO -   Decision scores: {'statistical_significance': 0.5, 'performance_gap': 0.0, 'learning_trend': 0.0, 'resource_efficiency': 0.0}
2025-07-29 01:38:10 - AutoML.ComparativeEarlyStopping - INFO -   Final score: 0.175
2025-07-29 01:38:10 - AutoML.ComparativeEarlyStopping - INFO -   Decision: CONTINUE
2025-07-29 01:38:10 - AutoML.Trainer - INFO - Epoch 30/35 - Train Acc: 0.8101, Val Acc: 0.8210, Val Loss: 0.7473, Time: 63.8s
2025-07-29 01:39:15 - AutoML.ComparativeEarlyStopping - INFO - Early stopping evaluation for mobilenetv3_small_100:
2025-07-29 01:39:15 - AutoML.ComparativeEarlyStopping - INFO -   Decision scores: {'statistical_significance': 0.5, 'performance_gap': 0.0, 'learning_trend': 0.0, 'resource_efficiency': 0.0}
2025-07-29 01:39:15 - AutoML.ComparativeEarlyStopping - INFO -   Final score: 0.175
2025-07-29 01:39:15 - AutoML.ComparativeEarlyStopping - INFO -   Decision: CONTINUE
2025-07-29 01:40:24 - AutoML.ComparativeEarlyStopping - INFO - Early stopping evaluation for mobilenetv3_small_100:
2025-07-29 01:40:24 - AutoML.ComparativeEarlyStopping - INFO -   Decision scores: {'statistical_significance': 0.5, 'performance_gap': 0.0, 'learning_trend': 0.0, 'resource_efficiency': 0.0}
2025-07-29 01:40:24 - AutoML.ComparativeEarlyStopping - INFO -   Final score: 0.175
2025-07-29 01:40:24 - AutoML.ComparativeEarlyStopping - INFO -   Decision: CONTINUE
2025-07-29 01:41:37 - AutoML.ComparativeEarlyStopping - INFO - Early stopping evaluation for mobilenetv3_small_100:
2025-07-29 01:41:37 - AutoML.ComparativeEarlyStopping - INFO -   Decision scores: {'statistical_significance': 0.5, 'performance_gap': 0.0, 'learning_trend': 0.0, 'resource_efficiency': 0.0}
2025-07-29 01:41:37 - AutoML.ComparativeEarlyStopping - INFO -   Final score: 0.175
2025-07-29 01:41:37 - AutoML.ComparativeEarlyStopping - INFO -   Decision: CONTINUE
2025-07-29 01:42:47 - AutoML.ComparativeEarlyStopping - INFO - Early stopping evaluation for mobilenetv3_small_100:
2025-07-29 01:42:47 - AutoML.ComparativeEarlyStopping - INFO -   Decision scores: {'statistical_significance': 0.5, 'performance_gap': 0.0, 'learning_trend': 0.3, 'resource_efficiency': 0.0}
2025-07-29 01:42:47 - AutoML.ComparativeEarlyStopping - INFO -   Final score: 0.250
2025-07-29 01:42:47 - AutoML.ComparativeEarlyStopping - INFO -   Decision: CONTINUE
2025-07-29 01:43:58 - AutoML.ComparativeEarlyStopping - INFO - Early stopping evaluation for mobilenetv3_small_100:
2025-07-29 01:43:58 - AutoML.ComparativeEarlyStopping - INFO -   Decision scores: {'statistical_significance': 0.5, 'performance_gap': 0.0, 'learning_trend': 0.0, 'resource_efficiency': 0.0}
2025-07-29 01:43:58 - AutoML.ComparativeEarlyStopping - INFO -   Final score: 0.175
2025-07-29 01:43:58 - AutoML.ComparativeEarlyStopping - INFO -   Decision: CONTINUE
2025-07-29 01:43:58 - AutoML.Trainer - INFO - Epoch 35/35 - Train Acc: 0.8187, Val Acc: 0.8245, Val Loss: 0.7479, Time: 70.6s
2025-07-29 01:43:58 - AutoML.Trainer - INFO - Training completed for mobilenetv3_small_100
2025-07-29 01:43:58 - AutoML.Trainer - INFO - Best validation accuracy: 0.8274
2025-07-29 01:43:58 - AutoML.Trainer - INFO - Total training time: 2447.9s
2025-07-29 01:43:58 - AutoML.Trainer - INFO - Average epoch time: 69.9s
2025-07-29 01:43:58 - AutoML.Trainer - INFO - Evaluating hyperparameters for mobilenetv3_small_100: {'learning_rate': 3.175269801726249e-05, 'optimizer': 'rmsprop', 'weight_decay': 0.00018413563870723357, 'batch_size': 16, 'dropout_rate': 0.28501381229403283, 'pretrained': True, 'lr_scheduler': 'plateau', 'max_epochs': 32}
2025-07-29 01:43:58 - AutoML.ModelFactory - INFO - Creating mobilenetv3_small_100 (pretrained=True, dropout=0.28501381229403283)
2025-07-29 01:43:58 - AutoML - INFO -  Starting: mobilenetv3_small_100 creation
2025-07-29 01:43:58 - AutoML.ModelFactory - INFO - mobilenetv3_small_100 created successfully:
2025-07-29 01:43:58 - AutoML.ModelFactory - INFO -   Parameters: 1,525,031
2025-07-29 01:43:58 - AutoML.ModelFactory - INFO -   Trainable: 1,525,031
2025-07-29 01:43:58 - AutoML.ModelFactory - INFO -   Model size: 5.82 MB
2025-07-29 01:43:58 - AutoML - INFO -  mobilenetv3_small_100 creation completed in 0.55 seconds
2025-07-29 01:44:10 - AutoML.Trainer - INFO - Total classes in dataset: 7
2025-07-29 01:44:10 - AutoML.Trainer - INFO - Classes found in sample: 5
2025-07-29 01:44:10 - AutoML.Trainer - INFO - Sample size: 80 labels
2025-07-29 01:44:10 - AutoML.Trainer - INFO - Class distribution (sample): {0: 1, 2: 10, 3: 3, 4: 13, 5: 53}
2025-07-29 01:44:10 - AutoML.Trainer - INFO - Class weights tensor shape: torch.Size([7])
2025-07-29 01:44:10 - AutoML.Trainer - INFO - Sample class weights range: [0.3019, 16.0000]
2025-07-29 01:44:10 - AutoML.Trainer - INFO - Mean weight for missing classes: 4.8932
2025-07-29 01:50:18 - AutoML.ComparativeEarlyStopping - INFO - Early stopping evaluation for mobilenetv3_small_100:
2025-07-29 01:50:18 - AutoML.ComparativeEarlyStopping - INFO -   Decision scores: {'statistical_significance': 0.5, 'performance_gap': 1.0, 'learning_trend': 0.0, 'resource_efficiency': 0.0}
2025-07-29 01:50:18 - AutoML.ComparativeEarlyStopping - INFO -   Final score: 0.425
2025-07-29 01:50:18 - AutoML.ComparativeEarlyStopping - INFO -   Decision: CONTINUE
2025-07-29 01:50:18 - AutoML.Trainer - INFO - Epoch 5/32 - Train Acc: 0.6102, Val Acc: 0.7261, Val Loss: 1.0742, Time: 69.3s
2025-07-29 01:51:26 - AutoML.ComparativeEarlyStopping - INFO - Early stopping evaluation for mobilenetv3_small_100:
2025-07-29 01:51:26 - AutoML.ComparativeEarlyStopping - INFO -   Decision scores: {'statistical_significance': 0.5, 'performance_gap': 1.0, 'learning_trend': 0.0, 'resource_efficiency': 0.0}
2025-07-29 01:51:26 - AutoML.ComparativeEarlyStopping - INFO -   Final score: 0.425
2025-07-29 01:51:26 - AutoML.ComparativeEarlyStopping - INFO -   Decision: CONTINUE
2025-07-29 01:52:37 - AutoML.ComparativeEarlyStopping - INFO - Early stopping evaluation for mobilenetv3_small_100:
2025-07-29 01:52:37 - AutoML.ComparativeEarlyStopping - INFO -   Decision scores: {'statistical_significance': 0.5, 'performance_gap': 0.9331906799809788, 'learning_trend': 0.0, 'resource_efficiency': 0.0}
2025-07-29 01:52:37 - AutoML.ComparativeEarlyStopping - INFO -   Final score: 0.408
2025-07-29 01:52:37 - AutoML.ComparativeEarlyStopping - INFO -   Decision: CONTINUE
2025-07-29 01:53:41 - AutoML.ComparativeEarlyStopping - INFO - Early stopping evaluation for mobilenetv3_small_100:
2025-07-29 01:53:41 - AutoML.ComparativeEarlyStopping - INFO -   Decision scores: {'statistical_significance': 0.5, 'performance_gap': 1.0, 'learning_trend': 0.0, 'resource_efficiency': 0.0}
2025-07-29 01:53:41 - AutoML.ComparativeEarlyStopping - INFO -   Final score: 0.425
2025-07-29 01:53:41 - AutoML.ComparativeEarlyStopping - INFO -   Decision: CONTINUE
2025-07-29 01:54:47 - AutoML.ComparativeEarlyStopping - INFO - Early stopping evaluation for mobilenetv3_small_100:
2025-07-29 01:54:47 - AutoML.ComparativeEarlyStopping - INFO -   Decision scores: {'statistical_significance': 0.5, 'performance_gap': 0.9421065145030896, 'learning_trend': 0.0, 'resource_efficiency': 0.0}
2025-07-29 01:54:47 - AutoML.ComparativeEarlyStopping - INFO -   Final score: 0.411
2025-07-29 01:54:47 - AutoML.ComparativeEarlyStopping - INFO -   Decision: CONTINUE
2025-07-29 01:55:51 - AutoML.ComparativeEarlyStopping - INFO - Early stopping evaluation for mobilenetv3_small_100:
2025-07-29 01:55:51 - AutoML.ComparativeEarlyStopping - INFO -   Decision scores: {'statistical_significance': 0.5, 'performance_gap': 0.9658820732287188, 'learning_trend': 0.0, 'resource_efficiency': 0.0}
2025-07-29 01:55:51 - AutoML.ComparativeEarlyStopping - INFO -   Final score: 0.416
2025-07-29 01:55:51 - AutoML.ComparativeEarlyStopping - INFO -   Decision: CONTINUE
2025-07-29 01:55:51 - AutoML.Trainer - INFO - Epoch 10/32 - Train Acc: 0.6792, Val Acc: 0.7261, Val Loss: 0.9471, Time: 64.7s
2025-07-29 01:56:57 - AutoML.ComparativeEarlyStopping - INFO - Early stopping evaluation for mobilenetv3_small_100:
2025-07-29 01:56:57 - AutoML.ComparativeEarlyStopping - INFO -   Decision scores: {'statistical_significance': 0.5, 'performance_gap': 0.647883975273418, 'learning_trend': 0.0, 'resource_efficiency': 0.0}
2025-07-29 01:56:57 - AutoML.ComparativeEarlyStopping - INFO -   Final score: 0.337
2025-07-29 01:56:57 - AutoML.ComparativeEarlyStopping - INFO -   Decision: CONTINUE
2025-07-29 01:58:01 - AutoML.ComparativeEarlyStopping - INFO - Early stopping evaluation for mobilenetv3_small_100:
2025-07-29 01:58:01 - AutoML.ComparativeEarlyStopping - INFO -   Decision scores: {'statistical_significance': 0.5, 'performance_gap': 0.5290061816452668, 'learning_trend': 0.0, 'resource_efficiency': 0.0}
2025-07-29 01:58:01 - AutoML.ComparativeEarlyStopping - INFO -   Final score: 0.307
2025-07-29 01:58:01 - AutoML.ComparativeEarlyStopping - INFO -   Decision: CONTINUE
2025-07-29 01:59:07 - AutoML.ComparativeEarlyStopping - INFO - Early stopping evaluation for mobilenetv3_small_100:
2025-07-29 01:59:07 - AutoML.ComparativeEarlyStopping - INFO -   Decision scores: {'statistical_significance': 0.5, 'performance_gap': 0.2942225392296688, 'learning_trend': 0.0, 'resource_efficiency': 0.0}
2025-07-29 01:59:07 - AutoML.ComparativeEarlyStopping - INFO -   Final score: 0.249
2025-07-29 01:59:07 - AutoML.ComparativeEarlyStopping - INFO -   Decision: CONTINUE
2025-07-29 02:00:18 - AutoML.ComparativeEarlyStopping - INFO - Early stopping evaluation for mobilenetv3_small_100:
2025-07-29 02:00:18 - AutoML.ComparativeEarlyStopping - INFO -   Decision scores: {'statistical_significance': 0.5, 'performance_gap': 0.30908226343318856, 'learning_trend': 0.0, 'resource_efficiency': 0.0}
2025-07-29 02:00:18 - AutoML.ComparativeEarlyStopping - INFO -   Final score: 0.252
2025-07-29 02:00:18 - AutoML.ComparativeEarlyStopping - INFO -   Decision: CONTINUE
2025-07-29 02:01:28 - AutoML.ComparativeEarlyStopping - INFO - Early stopping evaluation for mobilenetv3_small_100:
2025-07-29 02:01:28 - AutoML.ComparativeEarlyStopping - INFO -   Decision scores: {'statistical_significance': 0.5, 'performance_gap': 0.22289586305278136, 'learning_trend': 0.0, 'resource_efficiency': 0.0}
2025-07-29 02:01:28 - AutoML.ComparativeEarlyStopping - INFO -   Final score: 0.231
2025-07-29 02:01:28 - AutoML.ComparativeEarlyStopping - INFO -   Decision: CONTINUE
2025-07-29 02:01:28 - AutoML.Trainer - INFO - Epoch 15/32 - Train Acc: 0.7097, Val Acc: 0.7932, Val Loss: 0.9523, Time: 70.0s
2025-07-29 02:02:38 - AutoML.ComparativeEarlyStopping - INFO - Early stopping evaluation for mobilenetv3_small_100:
2025-07-29 02:02:38 - AutoML.ComparativeEarlyStopping - INFO -   Decision scores: {'statistical_significance': 0.5, 'performance_gap': 0.21398002853066922, 'learning_trend': 0.0, 'resource_efficiency': 0.0}
2025-07-29 02:02:38 - AutoML.ComparativeEarlyStopping - INFO -   Final score: 0.228
2025-07-29 02:02:38 - AutoML.ComparativeEarlyStopping - INFO -   Decision: CONTINUE
2025-07-29 02:03:48 - AutoML.ComparativeEarlyStopping - INFO - Early stopping evaluation for mobilenetv3_small_100:
2025-07-29 02:03:48 - AutoML.ComparativeEarlyStopping - INFO -   Decision scores: {'statistical_significance': 0.5, 'performance_gap': 0.25558725630052265, 'learning_trend': 0.0, 'resource_efficiency': 0.0}
2025-07-29 02:03:48 - AutoML.ComparativeEarlyStopping - INFO -   Final score: 0.239
2025-07-29 02:03:48 - AutoML.ComparativeEarlyStopping - INFO -   Decision: CONTINUE
2025-07-29 02:04:58 - AutoML.ComparativeEarlyStopping - INFO - Early stopping evaluation for mobilenetv3_small_100:
2025-07-29 02:04:58 - AutoML.ComparativeEarlyStopping - INFO -   Decision scores: {'statistical_significance': 0.5, 'performance_gap': 0.28827864954826393, 'learning_trend': 0.0, 'resource_efficiency': 0.0}
2025-07-29 02:04:58 - AutoML.ComparativeEarlyStopping - INFO -   Final score: 0.247
2025-07-29 02:04:58 - AutoML.ComparativeEarlyStopping - INFO -   Decision: CONTINUE
2025-07-29 02:06:06 - AutoML.ComparativeEarlyStopping - INFO - Early stopping evaluation for mobilenetv3_small_100:
2025-07-29 02:06:06 - AutoML.ComparativeEarlyStopping - INFO -   Decision scores: {'statistical_significance': 0.5, 'performance_gap': 0.34177365668092985, 'learning_trend': 0.0, 'resource_efficiency': 0.0}
2025-07-29 02:06:06 - AutoML.ComparativeEarlyStopping - INFO -   Final score: 0.260
2025-07-29 02:06:06 - AutoML.ComparativeEarlyStopping - INFO -   Decision: CONTINUE
2025-07-29 02:07:17 - AutoML.ComparativeEarlyStopping - INFO - Early stopping evaluation for mobilenetv3_small_100:
2025-07-29 02:07:17 - AutoML.ComparativeEarlyStopping - INFO -   Decision scores: {'statistical_significance': 0.5, 'performance_gap': 0.3922967189728954, 'learning_trend': 0.5, 'resource_efficiency': 0.0}
2025-07-29 02:07:17 - AutoML.ComparativeEarlyStopping - INFO -   Final score: 0.398
2025-07-29 02:07:17 - AutoML.ComparativeEarlyStopping - INFO -   Decision: CONTINUE
2025-07-29 02:07:17 - AutoML.Trainer - INFO - Epoch 20/32 - Train Acc: 0.7279, Val Acc: 0.7525, Val Loss: 0.8968, Time: 70.6s
2025-07-29 02:08:27 - AutoML.ComparativeEarlyStopping - INFO - Early stopping evaluation for mobilenetv3_small_100:
2025-07-29 02:08:28 - AutoML.ComparativeEarlyStopping - INFO -   Decision scores: {'statistical_significance': 0.5, 'performance_gap': 0.3179980979552993, 'learning_trend': 0.3, 'resource_efficiency': 0.0}
2025-07-29 02:08:28 - AutoML.ComparativeEarlyStopping - INFO -   Final score: 0.329
2025-07-29 02:08:28 - AutoML.ComparativeEarlyStopping - INFO -   Decision: CONTINUE
2025-07-29 02:09:37 - AutoML.ComparativeEarlyStopping - INFO - Early stopping evaluation for mobilenetv3_small_100:
2025-07-29 02:09:37 - AutoML.ComparativeEarlyStopping - INFO -   Decision scores: {'statistical_significance': 0.5, 'performance_gap': 0.21992391821207546, 'learning_trend': 0.0, 'resource_efficiency': 0.0}
2025-07-29 02:09:37 - AutoML.ComparativeEarlyStopping - INFO -   Final score: 0.230
2025-07-29 02:09:37 - AutoML.ComparativeEarlyStopping - INFO -   Decision: CONTINUE
2025-07-29 02:10:47 - AutoML.ComparativeEarlyStopping - INFO - Early stopping evaluation for mobilenetv3_small_100:
2025-07-29 02:10:47 - AutoML.ComparativeEarlyStopping - INFO -   Decision scores: {'statistical_significance': 0.5, 'performance_gap': 0.0, 'learning_trend': 0.0, 'resource_efficiency': 0.0}
2025-07-29 02:10:47 - AutoML.ComparativeEarlyStopping - INFO -   Final score: 0.175
2025-07-29 02:10:47 - AutoML.ComparativeEarlyStopping - INFO -   Decision: CONTINUE
2025-07-29 02:11:55 - AutoML.ComparativeEarlyStopping - INFO - Early stopping evaluation for mobilenetv3_small_100:
2025-07-29 02:11:55 - AutoML.ComparativeEarlyStopping - INFO -   Decision scores: {'statistical_significance': 0.5, 'performance_gap': 0.011887779362813877, 'learning_trend': 0.0, 'resource_efficiency': 0.0}
2025-07-29 02:11:55 - AutoML.ComparativeEarlyStopping - INFO -   Final score: 0.178
2025-07-29 02:11:55 - AutoML.ComparativeEarlyStopping - INFO -   Decision: CONTINUE
2025-07-29 02:13:04 - AutoML.ComparativeEarlyStopping - INFO - Early stopping evaluation for mobilenetv3_small_100:
2025-07-29 02:13:04 - AutoML.ComparativeEarlyStopping - INFO -   Decision scores: {'statistical_significance': 0.5, 'performance_gap': 0.05349500713266592, 'learning_trend': 0.0, 'resource_efficiency': 0.0}
2025-07-29 02:13:04 - AutoML.ComparativeEarlyStopping - INFO -   Final score: 0.188
2025-07-29 02:13:04 - AutoML.ComparativeEarlyStopping - INFO -   Decision: CONTINUE
2025-07-29 02:13:04 - AutoML.Trainer - INFO - Epoch 25/32 - Train Acc: 0.7803, Val Acc: 0.7853, Val Loss: 0.8216, Time: 68.9s
2025-07-29 02:14:14 - AutoML.ComparativeEarlyStopping - INFO - Early stopping evaluation for mobilenetv3_small_100:
2025-07-29 02:14:14 - AutoML.ComparativeEarlyStopping - INFO -   Decision scores: {'statistical_significance': 0.5, 'performance_gap': 0.11590584878744536, 'learning_trend': 0.0, 'resource_efficiency': 0.0}
2025-07-29 02:14:14 - AutoML.ComparativeEarlyStopping - INFO -   Final score: 0.204
2025-07-29 02:14:14 - AutoML.ComparativeEarlyStopping - INFO -   Decision: CONTINUE
2025-07-29 02:15:24 - AutoML.ComparativeEarlyStopping - INFO - Early stopping evaluation for mobilenetv3_small_100:
2025-07-29 02:15:24 - AutoML.ComparativeEarlyStopping - INFO -   Decision scores: {'statistical_significance': 0.5, 'performance_gap': 0.10699001426533461, 'learning_trend': 0.0, 'resource_efficiency': 0.0}
2025-07-29 02:15:24 - AutoML.ComparativeEarlyStopping - INFO -   Final score: 0.202
2025-07-29 02:15:24 - AutoML.ComparativeEarlyStopping - INFO -   Decision: CONTINUE
2025-07-29 02:16:32 - AutoML.ComparativeEarlyStopping - INFO - Early stopping evaluation for mobilenetv3_small_100:
2025-07-29 02:16:32 - AutoML.ComparativeEarlyStopping - INFO -   Decision scores: {'statistical_significance': 0.5, 'performance_gap': 0.16642891107940955, 'learning_trend': 0.0, 'resource_efficiency': 0.0}
2025-07-29 02:16:32 - AutoML.ComparativeEarlyStopping - INFO -   Final score: 0.217
2025-07-29 02:16:32 - AutoML.ComparativeEarlyStopping - INFO -   Decision: CONTINUE
2025-07-29 02:17:42 - AutoML.ComparativeEarlyStopping - INFO - Early stopping evaluation for mobilenetv3_small_100:
2025-07-29 02:17:42 - AutoML.ComparativeEarlyStopping - INFO -   Decision scores: {'statistical_significance': 0.5, 'performance_gap': 0.12779362815025924, 'learning_trend': 0.0, 'resource_efficiency': 0.0}
2025-07-29 02:17:42 - AutoML.ComparativeEarlyStopping - INFO -   Final score: 0.207
2025-07-29 02:17:42 - AutoML.ComparativeEarlyStopping - INFO -   Decision: CONTINUE
2025-07-29 02:18:53 - AutoML.ComparativeEarlyStopping - INFO - Early stopping evaluation for mobilenetv3_small_100:
2025-07-29 02:18:53 - AutoML.ComparativeEarlyStopping - INFO -   Decision scores: {'statistical_significance': 0.5, 'performance_gap': 0.10996195910603773, 'learning_trend': 0.5, 'resource_efficiency': 0.0}
2025-07-29 02:18:53 - AutoML.ComparativeEarlyStopping - INFO -   Final score: 0.327
2025-07-29 02:18:53 - AutoML.ComparativeEarlyStopping - INFO -   Decision: CONTINUE
2025-07-29 02:18:53 - AutoML.Trainer - INFO - Epoch 30/32 - Train Acc: 0.7908, Val Acc: 0.8010, Val Loss: 0.8046, Time: 70.9s
2025-07-29 02:20:02 - AutoML.ComparativeEarlyStopping - INFO - Early stopping evaluation for mobilenetv3_small_100:
2025-07-29 02:20:02 - AutoML.ComparativeEarlyStopping - INFO -   Decision scores: {'statistical_significance': 0.5, 'performance_gap': 0.0, 'learning_trend': 0.0, 'resource_efficiency': 0.0}
2025-07-29 02:20:02 - AutoML.ComparativeEarlyStopping - INFO -   Final score: 0.175
2025-07-29 02:20:02 - AutoML.ComparativeEarlyStopping - INFO -   Decision: CONTINUE
2025-07-29 02:21:12 - AutoML.ComparativeEarlyStopping - INFO - Early stopping evaluation for mobilenetv3_small_100:
2025-07-29 02:21:12 - AutoML.ComparativeEarlyStopping - INFO -   Decision scores: {'statistical_significance': 0.5, 'performance_gap': 0.0, 'learning_trend': 0.0, 'resource_efficiency': 0.0}
2025-07-29 02:21:12 - AutoML.ComparativeEarlyStopping - INFO -   Final score: 0.175
2025-07-29 02:21:12 - AutoML.ComparativeEarlyStopping - INFO -   Decision: CONTINUE
2025-07-29 02:21:12 - AutoML.Trainer - INFO - Epoch 32/32 - Train Acc: 0.8021, Val Acc: 0.8359, Val Loss: 0.7776, Time: 70.3s
2025-07-29 02:21:12 - AutoML.Trainer - INFO - Training completed for mobilenetv3_small_100
2025-07-29 02:21:12 - AutoML.Trainer - INFO - Best validation accuracy: 0.8359
2025-07-29 02:21:12 - AutoML.Trainer - INFO - Total training time: 2221.5s
2025-07-29 02:21:12 - AutoML.Trainer - INFO - Average epoch time: 69.4s
2025-07-29 02:21:12 - AutoML.Trainer - INFO - Evaluating hyperparameters for mobilenetv3_small_100: {'learning_rate': 4.9248586860380096e-05, 'optimizer': 'adamw', 'weight_decay': 9.937567155482717e-05, 'batch_size': 8, 'dropout_rate': 0.3654423841091953, 'pretrained': True, 'lr_scheduler': 'cosine', 'max_epochs': 24}
2025-07-29 02:21:12 - AutoML.ModelFactory - INFO - Creating mobilenetv3_small_100 (pretrained=True, dropout=0.3654423841091953)
2025-07-29 02:21:12 - AutoML - INFO -  Starting: mobilenetv3_small_100 creation
2025-07-29 02:21:12 - AutoML.ModelFactory - INFO - mobilenetv3_small_100 created successfully:
2025-07-29 02:21:12 - AutoML.ModelFactory - INFO -   Parameters: 1,525,031
2025-07-29 02:21:12 - AutoML.ModelFactory - INFO -   Trainable: 1,525,031
2025-07-29 02:21:12 - AutoML.ModelFactory - INFO -   Model size: 5.82 MB
2025-07-29 02:21:12 - AutoML - INFO -  mobilenetv3_small_100 creation completed in 0.20 seconds
2025-07-29 02:21:23 - AutoML.Trainer - INFO - Total classes in dataset: 7
2025-07-29 02:21:23 - AutoML.Trainer - INFO - Classes found in sample: 7
2025-07-29 02:21:23 - AutoML.Trainer - INFO - Sample size: 80 labels
2025-07-29 02:21:23 - AutoML.Trainer - INFO - Class distribution (sample): {0: 3, 1: 7, 2: 8, 3: 1, 4: 7, 5: 53, 6: 1}
2025-07-29 02:21:23 - AutoML.Trainer - INFO - Class weights tensor shape: torch.Size([7])
2025-07-29 02:21:23 - AutoML.Trainer - INFO - Sample class weights range: [0.2156, 11.4286]
2025-07-29 02:21:23 - AutoML.Trainer - INFO - Mean weight for missing classes: 4.5109
2025-07-29 02:27:09 - AutoML.ComparativeEarlyStopping - INFO - Early stopping evaluation for mobilenetv3_small_100:
2025-07-29 02:27:09 - AutoML.ComparativeEarlyStopping - INFO -   Decision scores: {'statistical_significance': 0.5, 'performance_gap': 1.0, 'learning_trend': 0.0, 'resource_efficiency': 0.0}
2025-07-29 02:27:09 - AutoML.ComparativeEarlyStopping - INFO -   Final score: 0.425
2025-07-29 02:27:09 - AutoML.ComparativeEarlyStopping - INFO -   Decision: CONTINUE
2025-07-29 02:27:09 - AutoML.Trainer - INFO - Epoch 5/24 - Train Acc: 0.5845, Val Acc: 0.6334, Val Loss: 1.1055, Time: 69.5s
2025-07-29 02:28:20 - AutoML.ComparativeEarlyStopping - INFO - Early stopping evaluation for mobilenetv3_small_100:
2025-07-29 02:28:20 - AutoML.ComparativeEarlyStopping - INFO -   Decision scores: {'statistical_significance': 0.5, 'performance_gap': 1.0, 'learning_trend': 0.0, 'resource_efficiency': 0.0}
2025-07-29 02:28:20 - AutoML.ComparativeEarlyStopping - INFO -   Final score: 0.425
2025-07-29 02:28:20 - AutoML.ComparativeEarlyStopping - INFO -   Decision: CONTINUE
2025-07-29 02:29:29 - AutoML.ComparativeEarlyStopping - INFO - Early stopping evaluation for mobilenetv3_small_100:
2025-07-29 02:29:29 - AutoML.ComparativeEarlyStopping - INFO -   Decision scores: {'statistical_significance': 0.5, 'performance_gap': 1.0, 'learning_trend': 0.0, 'resource_efficiency': 0.0}
2025-07-29 02:29:29 - AutoML.ComparativeEarlyStopping - INFO -   Final score: 0.425
2025-07-29 02:29:29 - AutoML.ComparativeEarlyStopping - INFO -   Decision: CONTINUE
2025-07-29 02:30:38 - AutoML.ComparativeEarlyStopping - INFO - Early stopping evaluation for mobilenetv3_small_100:
2025-07-29 02:30:38 - AutoML.ComparativeEarlyStopping - INFO -   Decision scores: {'statistical_significance': 0.5, 'performance_gap': 1.0, 'learning_trend': 0.0, 'resource_efficiency': 0.0}
2025-07-29 02:30:38 - AutoML.ComparativeEarlyStopping - INFO -   Final score: 0.425
2025-07-29 02:30:38 - AutoML.ComparativeEarlyStopping - INFO -   Decision: CONTINUE
2025-07-29 02:31:47 - AutoML.ComparativeEarlyStopping - INFO - Early stopping evaluation for mobilenetv3_small_100:
2025-07-29 02:31:47 - AutoML.ComparativeEarlyStopping - INFO -   Decision scores: {'statistical_significance': 0.5, 'performance_gap': 0.936162624821682, 'learning_trend': 0.0, 'resource_efficiency': 0.0}
2025-07-29 02:31:47 - AutoML.ComparativeEarlyStopping - INFO -   Final score: 0.409
2025-07-29 02:31:47 - AutoML.ComparativeEarlyStopping - INFO -   Decision: CONTINUE
2025-07-29 02:32:56 - AutoML.ComparativeEarlyStopping - INFO - Early stopping evaluation for mobilenetv3_small_100:
2025-07-29 02:32:56 - AutoML.ComparativeEarlyStopping - INFO -   Decision scores: {'statistical_significance': 0.5, 'performance_gap': 0.9718259629101278, 'learning_trend': 0.0, 'resource_efficiency': 0.0}
2025-07-29 02:32:56 - AutoML.ComparativeEarlyStopping - INFO -   Final score: 0.418
2025-07-29 02:32:56 - AutoML.ComparativeEarlyStopping - INFO -   Decision: CONTINUE
2025-07-29 02:32:56 - AutoML.Trainer - INFO - Epoch 10/24 - Train Acc: 0.6698, Val Acc: 0.7311, Val Loss: 1.0092, Time: 69.7s
2025-07-29 02:34:10 - AutoML.ComparativeEarlyStopping - INFO - Early stopping evaluation for mobilenetv3_small_100:
2025-07-29 02:34:10 - AutoML.ComparativeEarlyStopping - INFO -   Decision scores: {'statistical_significance': 0.5, 'performance_gap': 0.8886115073704209, 'learning_trend': 0.0, 'resource_efficiency': 0.0}
2025-07-29 02:34:10 - AutoML.ComparativeEarlyStopping - INFO -   Final score: 0.397
2025-07-29 02:34:10 - AutoML.ComparativeEarlyStopping - INFO -   Decision: CONTINUE
2025-07-29 02:35:20 - AutoML.ComparativeEarlyStopping - INFO - Early stopping evaluation for mobilenetv3_small_100:
2025-07-29 02:35:20 - AutoML.ComparativeEarlyStopping - INFO -   Decision scores: {'statistical_significance': 0.5, 'performance_gap': 0.6241084165477875, 'learning_trend': 0.0, 'resource_efficiency': 0.0}
2025-07-29 02:35:20 - AutoML.ComparativeEarlyStopping - INFO -   Final score: 0.331
2025-07-29 02:35:20 - AutoML.ComparativeEarlyStopping - INFO -   Decision: CONTINUE
2025-07-29 02:36:30 - AutoML.ComparativeEarlyStopping - INFO - Early stopping evaluation for mobilenetv3_small_100:
2025-07-29 02:36:30 - AutoML.ComparativeEarlyStopping - INFO -   Decision scores: {'statistical_significance': 0.5, 'performance_gap': 0.6062767475035646, 'learning_trend': 0.0, 'resource_efficiency': 0.0}
2025-07-29 02:36:30 - AutoML.ComparativeEarlyStopping - INFO -   Final score: 0.327
2025-07-29 02:36:30 - AutoML.ComparativeEarlyStopping - INFO -   Decision: CONTINUE
2025-07-29 02:37:38 - AutoML.ComparativeEarlyStopping - INFO - Early stopping evaluation for mobilenetv3_small_100:
2025-07-29 02:37:38 - AutoML.ComparativeEarlyStopping - INFO -   Decision scores: {'statistical_significance': 0.5, 'performance_gap': 0.6300523062291965, 'learning_trend': 0.0, 'resource_efficiency': 0.0}
2025-07-29 02:37:38 - AutoML.ComparativeEarlyStopping - INFO -   Final score: 0.333
2025-07-29 02:37:38 - AutoML.ComparativeEarlyStopping - INFO -   Decision: CONTINUE
2025-07-29 02:38:49 - AutoML.ComparativeEarlyStopping - INFO - Early stopping evaluation for mobilenetv3_small_100:
2025-07-29 02:38:49 - AutoML.ComparativeEarlyStopping - INFO -   Decision scores: {'statistical_significance': 0.5, 'performance_gap': 0.5825011887779354, 'learning_trend': 0.0, 'resource_efficiency': 0.0}
2025-07-29 02:38:49 - AutoML.ComparativeEarlyStopping - INFO -   Final score: 0.321
2025-07-29 02:38:49 - AutoML.ComparativeEarlyStopping - INFO -   Decision: CONTINUE
2025-07-29 02:38:49 - AutoML.Trainer - INFO - Epoch 15/24 - Train Acc: 0.7193, Val Acc: 0.7782, Val Loss: 0.8682, Time: 70.6s
2025-07-29 02:40:01 - AutoML.ComparativeEarlyStopping - INFO - Early stopping evaluation for mobilenetv3_small_100:
2025-07-29 02:40:01 - AutoML.ComparativeEarlyStopping - INFO -   Decision scores: {'statistical_significance': 0.5, 'performance_gap': 0.6062767475035646, 'learning_trend': 0.0, 'resource_efficiency': 0.0}
2025-07-29 02:40:01 - AutoML.ComparativeEarlyStopping - INFO -   Final score: 0.327
2025-07-29 02:40:01 - AutoML.ComparativeEarlyStopping - INFO -   Decision: CONTINUE
2025-07-29 02:41:47 - AutoML.ComparativeEarlyStopping - INFO - Early stopping evaluation for mobilenetv3_small_100:
2025-07-29 02:41:47 - AutoML.ComparativeEarlyStopping - INFO -   Decision scores: {'statistical_significance': 0.5, 'performance_gap': 0.48739895387541476, 'learning_trend': 0.0, 'resource_efficiency': 0.0}
2025-07-29 02:41:47 - AutoML.ComparativeEarlyStopping - INFO -   Final score: 0.297
2025-07-29 02:41:47 - AutoML.ComparativeEarlyStopping - INFO -   Decision: CONTINUE
2025-07-29 02:43:06 - AutoML.ComparativeEarlyStopping - INFO - Early stopping evaluation for mobilenetv3_small_100:
2025-07-29 02:43:06 - AutoML.ComparativeEarlyStopping - INFO -   Decision scores: {'statistical_significance': 0.5, 'performance_gap': 0.43093200190204295, 'learning_trend': 0.0, 'resource_efficiency': 0.0}
2025-07-29 02:43:06 - AutoML.ComparativeEarlyStopping - INFO -   Final score: 0.283
2025-07-29 02:43:06 - AutoML.ComparativeEarlyStopping - INFO -   Decision: CONTINUE
2025-07-29 02:44:13 - AutoML.ComparativeEarlyStopping - INFO - Early stopping evaluation for mobilenetv3_small_100:
2025-07-29 02:44:13 - AutoML.ComparativeEarlyStopping - INFO -   Decision scores: {'statistical_significance': 0.5, 'performance_gap': 0.25261531145981675, 'learning_trend': 0.0, 'resource_efficiency': 0.0}
2025-07-29 02:44:13 - AutoML.ComparativeEarlyStopping - INFO -   Final score: 0.238
2025-07-29 02:44:13 - AutoML.ComparativeEarlyStopping - INFO -   Decision: CONTINUE
2025-07-29 02:45:21 - AutoML.ComparativeEarlyStopping - INFO - Early stopping evaluation for mobilenetv3_small_100:
2025-07-29 02:45:21 - AutoML.ComparativeEarlyStopping - INFO -   Decision scores: {'statistical_significance': 0.5, 'performance_gap': 0.18723252496433418, 'learning_trend': 0.0, 'resource_efficiency': 0.0}
2025-07-29 02:45:21 - AutoML.ComparativeEarlyStopping - INFO -   Final score: 0.222
2025-07-29 02:45:21 - AutoML.ComparativeEarlyStopping - INFO -   Decision: CONTINUE
2025-07-29 02:45:21 - AutoML.Trainer - INFO - Epoch 20/24 - Train Acc: 0.7384, Val Acc: 0.7946, Val Loss: 0.8170, Time: 67.7s
2025-07-29 02:46:33 - AutoML.ComparativeEarlyStopping - INFO - Early stopping evaluation for mobilenetv3_small_100:
2025-07-29 02:46:33 - AutoML.ComparativeEarlyStopping - INFO -   Decision scores: {'statistical_significance': 0.5, 'performance_gap': 0.23478364241559524, 'learning_trend': 0.0, 'resource_efficiency': 0.0}
2025-07-29 02:46:33 - AutoML.ComparativeEarlyStopping - INFO -   Final score: 0.234
2025-07-29 02:46:33 - AutoML.ComparativeEarlyStopping - INFO -   Decision: CONTINUE
2025-07-29 02:47:44 - AutoML.ComparativeEarlyStopping - INFO - Early stopping evaluation for mobilenetv3_small_100:
2025-07-29 02:47:44 - AutoML.ComparativeEarlyStopping - INFO -   Decision scores: {'statistical_significance': 0.5, 'performance_gap': 0.1545411317165929, 'learning_trend': 0.0, 'resource_efficiency': 0.0}
2025-07-29 02:47:44 - AutoML.ComparativeEarlyStopping - INFO -   Final score: 0.214
2025-07-29 02:47:44 - AutoML.ComparativeEarlyStopping - INFO -   Decision: CONTINUE
2025-07-29 02:48:54 - AutoML.ComparativeEarlyStopping - INFO - Early stopping evaluation for mobilenetv3_small_100:
2025-07-29 02:48:54 - AutoML.ComparativeEarlyStopping - INFO -   Decision scores: {'statistical_significance': 0.5, 'performance_gap': 0.13670946267237138, 'learning_trend': 0.0, 'resource_efficiency': 0.0}
2025-07-29 02:48:54 - AutoML.ComparativeEarlyStopping - INFO -   Final score: 0.209
2025-07-29 02:48:54 - AutoML.ComparativeEarlyStopping - INFO -   Decision: CONTINUE
2025-07-29 02:50:03 - AutoML.ComparativeEarlyStopping - INFO - Early stopping evaluation for mobilenetv3_small_100:
2025-07-29 02:50:03 - AutoML.ComparativeEarlyStopping - INFO -   Decision scores: {'statistical_significance': 0.5, 'performance_gap': 0.07727056585829645, 'learning_trend': 0.0, 'resource_efficiency': 0.0}
2025-07-29 02:50:03 - AutoML.ComparativeEarlyStopping - INFO -   Final score: 0.194
2025-07-29 02:50:03 - AutoML.ComparativeEarlyStopping - INFO -   Decision: CONTINUE
2025-07-29 02:50:03 - AutoML.Trainer - INFO - Epoch 24/24 - Train Acc: 0.7603, Val Acc: 0.7946, Val Loss: 0.7778, Time: 69.0s
2025-07-29 02:50:03 - AutoML.Trainer - INFO - Training completed for mobilenetv3_small_100
2025-07-29 02:50:03 - AutoML.Trainer - INFO - Best validation accuracy: 0.7989
2025-07-29 02:50:03 - AutoML.Trainer - INFO - Total training time: 1719.5s
2025-07-29 02:50:03 - AutoML.Trainer - INFO - Average epoch time: 71.6s
2025-07-29 02:50:03 - AutoML.Trainer - INFO - Evaluating hyperparameters for mobilenetv3_small_100: {'learning_rate': 6.434033002318488e-05, 'optimizer': 'adam', 'weight_decay': 0.007921782116522018, 'batch_size': 16, 'dropout_rate': 0.2693919573688606, 'pretrained': True, 'lr_scheduler': 'cosine', 'max_epochs': 29}
2025-07-29 02:50:03 - AutoML.ModelFactory - INFO - Creating mobilenetv3_small_100 (pretrained=True, dropout=0.2693919573688606)
2025-07-29 02:50:03 - AutoML - INFO -  Starting: mobilenetv3_small_100 creation
2025-07-29 02:50:03 - AutoML.ModelFactory - INFO - mobilenetv3_small_100 created successfully:
2025-07-29 02:50:03 - AutoML.ModelFactory - INFO -   Parameters: 1,525,031
2025-07-29 02:50:03 - AutoML.ModelFactory - INFO -   Trainable: 1,525,031
2025-07-29 02:50:03 - AutoML.ModelFactory - INFO -   Model size: 5.82 MB
2025-07-29 02:50:03 - AutoML - INFO -  mobilenetv3_small_100 creation completed in 0.26 seconds
2025-07-29 02:50:14 - AutoML.Trainer - INFO - Total classes in dataset: 7
2025-07-29 02:50:14 - AutoML.Trainer - INFO - Classes found in sample: 6
2025-07-29 02:50:14 - AutoML.Trainer - INFO - Sample size: 80 labels
2025-07-29 02:50:14 - AutoML.Trainer - INFO - Class distribution (sample): {0: 2, 1: 5, 2: 5, 3: 1, 4: 14, 5: 53}
2025-07-29 02:50:14 - AutoML.Trainer - INFO - Class weights tensor shape: torch.Size([7])
2025-07-29 02:50:14 - AutoML.Trainer - INFO - Sample class weights range: [0.2516, 13.3333]
2025-07-29 02:50:14 - AutoML.Trainer - INFO - Mean weight for missing classes: 4.4229
2025-07-29 02:56:05 - AutoML.ComparativeEarlyStopping - INFO - Early stopping evaluation for mobilenetv3_small_100:
2025-07-29 02:56:05 - AutoML.ComparativeEarlyStopping - INFO -   Decision scores: {'statistical_significance': 0.5, 'performance_gap': 1.0, 'learning_trend': 0.0, 'resource_efficiency': 0.0}
2025-07-29 02:56:05 - AutoML.ComparativeEarlyStopping - INFO -   Final score: 0.425
2025-07-29 02:56:05 - AutoML.ComparativeEarlyStopping - INFO -   Decision: CONTINUE
2025-07-29 02:56:05 - AutoML.Trainer - INFO - Epoch 5/29 - Train Acc: 0.6123, Val Acc: 0.6904, Val Loss: 1.0491, Time: 69.1s
2025-07-29 02:57:14 - AutoML.ComparativeEarlyStopping - INFO - Early stopping evaluation for mobilenetv3_small_100:
2025-07-29 02:57:14 - AutoML.ComparativeEarlyStopping - INFO -   Decision scores: {'statistical_significance': 0.5, 'performance_gap': 1.0, 'learning_trend': 0.0, 'resource_efficiency': 0.0}
2025-07-29 02:57:14 - AutoML.ComparativeEarlyStopping - INFO -   Final score: 0.425
2025-07-29 02:57:14 - AutoML.ComparativeEarlyStopping - INFO -   Decision: CONTINUE
2025-07-29 02:58:23 - AutoML.ComparativeEarlyStopping - INFO - Early stopping evaluation for mobilenetv3_small_100:
2025-07-29 02:58:23 - AutoML.ComparativeEarlyStopping - INFO -   Decision scores: {'statistical_significance': 0.5, 'performance_gap': 1.0, 'learning_trend': 0.0, 'resource_efficiency': 0.0}
2025-07-29 02:58:23 - AutoML.ComparativeEarlyStopping - INFO -   Final score: 0.425
2025-07-29 02:58:23 - AutoML.ComparativeEarlyStopping - INFO -   Decision: CONTINUE
2025-07-29 02:59:35 - AutoML.ComparativeEarlyStopping - INFO - Early stopping evaluation for mobilenetv3_small_100:
2025-07-29 02:59:35 - AutoML.ComparativeEarlyStopping - INFO -   Decision scores: {'statistical_significance': 0.5, 'performance_gap': 0.9094151212553483, 'learning_trend': 0.0, 'resource_efficiency': 0.0}
2025-07-29 02:59:35 - AutoML.ComparativeEarlyStopping - INFO -   Final score: 0.402
2025-07-29 02:59:35 - AutoML.ComparativeEarlyStopping - INFO -   Decision: CONTINUE
2025-07-29 03:00:46 - AutoML.ComparativeEarlyStopping - INFO - Early stopping evaluation for mobilenetv3_small_100:
2025-07-29 03:00:46 - AutoML.ComparativeEarlyStopping - INFO -   Decision scores: {'statistical_significance': 0.5, 'performance_gap': 0.936162624821682, 'learning_trend': 0.0, 'resource_efficiency': 0.0}
2025-07-29 03:00:46 - AutoML.ComparativeEarlyStopping - INFO -   Final score: 0.409
2025-07-29 03:00:46 - AutoML.ComparativeEarlyStopping - INFO -   Decision: CONTINUE
2025-07-29 03:01:54 - AutoML.ComparativeEarlyStopping - INFO - Early stopping evaluation for mobilenetv3_small_100:
2025-07-29 03:01:54 - AutoML.ComparativeEarlyStopping - INFO -   Decision scores: {'statistical_significance': 0.5, 'performance_gap': 0.9213029006181622, 'learning_trend': 0.0, 'resource_efficiency': 0.0}
2025-07-29 03:01:54 - AutoML.ComparativeEarlyStopping - INFO -   Final score: 0.405
2025-07-29 03:01:54 - AutoML.ComparativeEarlyStopping - INFO -   Decision: CONTINUE
2025-07-29 03:01:54 - AutoML.Trainer - INFO - Epoch 10/29 - Train Acc: 0.6719, Val Acc: 0.7404, Val Loss: 1.1177, Time: 67.5s
2025-07-29 03:03:05 - AutoML.ComparativeEarlyStopping - INFO - Early stopping evaluation for mobilenetv3_small_100:
2025-07-29 03:03:05 - AutoML.ComparativeEarlyStopping - INFO -   Decision scores: {'statistical_significance': 0.5, 'performance_gap': 0.8470042796005689, 'learning_trend': 0.0, 'resource_efficiency': 0.0}
2025-07-29 03:03:05 - AutoML.ComparativeEarlyStopping - INFO -   Final score: 0.387
2025-07-29 03:03:05 - AutoML.ComparativeEarlyStopping - INFO -   Decision: CONTINUE
2025-07-29 03:04:13 - AutoML.ComparativeEarlyStopping - INFO - Early stopping evaluation for mobilenetv3_small_100:
2025-07-29 03:04:13 - AutoML.ComparativeEarlyStopping - INFO -   Decision scores: {'statistical_significance': 0.5, 'performance_gap': 0.7756776034236801, 'learning_trend': 0.0, 'resource_efficiency': 0.0}
2025-07-29 03:04:13 - AutoML.ComparativeEarlyStopping - INFO -   Final score: 0.369
2025-07-29 03:04:13 - AutoML.ComparativeEarlyStopping - INFO -   Decision: CONTINUE
2025-07-29 03:05:24 - AutoML.ComparativeEarlyStopping - INFO - Early stopping evaluation for mobilenetv3_small_100:
2025-07-29 03:05:24 - AutoML.ComparativeEarlyStopping - INFO -   Decision scores: {'statistical_significance': 0.5, 'performance_gap': 0.8321445553970519, 'learning_trend': 0.0, 'resource_efficiency': 0.0}
2025-07-29 03:05:24 - AutoML.ComparativeEarlyStopping - INFO -   Final score: 0.383
2025-07-29 03:05:24 - AutoML.ComparativeEarlyStopping - INFO -   Decision: CONTINUE
2025-07-29 03:06:36 - AutoML.ComparativeEarlyStopping - INFO - Early stopping evaluation for mobilenetv3_small_100:
2025-07-29 03:06:36 - AutoML.ComparativeEarlyStopping - INFO -   Decision scores: {'statistical_significance': 0.5, 'performance_gap': 1.0, 'learning_trend': 0.5, 'resource_efficiency': 0.0}
2025-07-29 03:06:36 - AutoML.ComparativeEarlyStopping - INFO -   Final score: 0.550
2025-07-29 03:06:36 - AutoML.ComparativeEarlyStopping - INFO -   Decision: CONTINUE
2025-07-29 03:07:44 - AutoML.ComparativeEarlyStopping - INFO - Early stopping evaluation for mobilenetv3_small_100:
2025-07-29 03:07:44 - AutoML.ComparativeEarlyStopping - INFO -   Decision scores: {'statistical_significance': 0.5, 'performance_gap': 1.0, 'learning_trend': 0.5, 'resource_efficiency': 0.0}
2025-07-29 03:07:44 - AutoML.ComparativeEarlyStopping - INFO -   Final score: 0.550
2025-07-29 03:07:44 - AutoML.ComparativeEarlyStopping - INFO -   Decision: CONTINUE
2025-07-29 03:07:44 - AutoML.Trainer - INFO - Epoch 15/29 - Train Acc: 0.7063, Val Acc: 0.6555, Val Loss: 1.0603, Time: 68.7s
2025-07-29 03:08:53 - AutoML.ComparativeEarlyStopping - INFO - Early stopping evaluation for mobilenetv3_small_100:
2025-07-29 03:08:53 - AutoML.ComparativeEarlyStopping - INFO -   Decision scores: {'statistical_significance': 0.5, 'performance_gap': 1.0, 'learning_trend': 0.5, 'resource_efficiency': 0.0}
2025-07-29 03:08:53 - AutoML.ComparativeEarlyStopping - INFO -   Final score: 0.550
2025-07-29 03:08:53 - AutoML.ComparativeEarlyStopping - INFO -   Decision: CONTINUE
2025-07-29 03:10:02 - AutoML.ComparativeEarlyStopping - INFO - Early stopping evaluation for mobilenetv3_small_100:
2025-07-29 03:10:02 - AutoML.ComparativeEarlyStopping - INFO -   Decision scores: {'statistical_significance': 0.5, 'performance_gap': 0.9034712315739407, 'learning_trend': 0.3, 'resource_efficiency': 0.0}
2025-07-29 03:10:02 - AutoML.ComparativeEarlyStopping - INFO -   Final score: 0.476
2025-07-29 03:10:02 - AutoML.ComparativeEarlyStopping - INFO -   Decision: CONTINUE
2025-07-29 03:11:14 - AutoML.ComparativeEarlyStopping - INFO - Early stopping evaluation for mobilenetv3_small_100:
2025-07-29 03:11:14 - AutoML.ComparativeEarlyStopping - INFO -   Decision scores: {'statistical_significance': 0.5, 'performance_gap': 0.3833808844507819, 'learning_trend': 0.0, 'resource_efficiency': 0.0}
2025-07-29 03:11:14 - AutoML.ComparativeEarlyStopping - INFO -   Final score: 0.271
2025-07-29 03:11:14 - AutoML.ComparativeEarlyStopping - INFO -   Decision: CONTINUE
2025-07-29 03:12:30 - AutoML.ComparativeEarlyStopping - INFO - Early stopping evaluation for mobilenetv3_small_100:
2025-07-29 03:12:30 - AutoML.ComparativeEarlyStopping - INFO -   Decision scores: {'statistical_significance': 0.5, 'performance_gap': 0.5735853542558234, 'learning_trend': 0.0, 'resource_efficiency': 0.0}
2025-07-29 03:12:30 - AutoML.ComparativeEarlyStopping - INFO -   Final score: 0.318
2025-07-29 03:12:30 - AutoML.ComparativeEarlyStopping - INFO -   Decision: CONTINUE
2025-07-29 03:13:38 - AutoML.ComparativeEarlyStopping - INFO - Early stopping evaluation for mobilenetv3_small_100:
2025-07-29 03:13:38 - AutoML.ComparativeEarlyStopping - INFO -   Decision scores: {'statistical_significance': 0.5, 'performance_gap': 0.44579172610556134, 'learning_trend': 0.0, 'resource_efficiency': 0.0}
2025-07-29 03:13:38 - AutoML.ComparativeEarlyStopping - INFO -   Final score: 0.286
2025-07-29 03:13:38 - AutoML.ComparativeEarlyStopping - INFO -   Decision: CONTINUE
2025-07-29 03:13:38 - AutoML.Trainer - INFO - Epoch 20/29 - Train Acc: 0.7345, Val Acc: 0.7939, Val Loss: 0.8738, Time: 68.5s
2025-07-29 03:14:48 - AutoML.ComparativeEarlyStopping - INFO - Early stopping evaluation for mobilenetv3_small_100:
2025-07-29 03:14:48 - AutoML.ComparativeEarlyStopping - INFO -   Decision scores: {'statistical_significance': 0.5, 'performance_gap': 0.4755111745125995, 'learning_trend': 0.0, 'resource_efficiency': 0.0}
2025-07-29 03:14:48 - AutoML.ComparativeEarlyStopping - INFO -   Final score: 0.294
2025-07-29 03:14:48 - AutoML.ComparativeEarlyStopping - INFO -   Decision: CONTINUE
2025-07-29 03:15:58 - AutoML.ComparativeEarlyStopping - INFO - Early stopping evaluation for mobilenetv3_small_100:
2025-07-29 03:15:58 - AutoML.ComparativeEarlyStopping - INFO -   Decision scores: {'statistical_significance': 0.5, 'performance_gap': 0.2585592011412244, 'learning_trend': 0.0, 'resource_efficiency': 0.0}
2025-07-29 03:15:58 - AutoML.ComparativeEarlyStopping - INFO -   Final score: 0.240
2025-07-29 03:15:58 - AutoML.ComparativeEarlyStopping - INFO -   Decision: CONTINUE
2025-07-29 03:17:07 - AutoML.ComparativeEarlyStopping - INFO - Early stopping evaluation for mobilenetv3_small_100:
2025-07-29 03:17:07 - AutoML.ComparativeEarlyStopping - INFO -   Decision scores: {'statistical_significance': 0.5, 'performance_gap': 0.32691393247741285, 'learning_trend': 0.0, 'resource_efficiency': 0.0}
2025-07-29 03:17:07 - AutoML.ComparativeEarlyStopping - INFO -   Final score: 0.257
2025-07-29 03:17:07 - AutoML.ComparativeEarlyStopping - INFO -   Decision: CONTINUE
2025-07-29 03:18:16 - AutoML.ComparativeEarlyStopping - INFO - Early stopping evaluation for mobilenetv3_small_100:
2025-07-29 03:18:16 - AutoML.ComparativeEarlyStopping - INFO -   Decision scores: {'statistical_significance': 0.5, 'performance_gap': 0.3298858773181146, 'learning_trend': 0.0, 'resource_efficiency': 0.0}
2025-07-29 03:18:16 - AutoML.ComparativeEarlyStopping - INFO -   Final score: 0.257
2025-07-29 03:18:16 - AutoML.ComparativeEarlyStopping - INFO -   Decision: CONTINUE
2025-07-29 03:19:25 - AutoML.ComparativeEarlyStopping - INFO - Early stopping evaluation for mobilenetv3_small_100:
2025-07-29 03:19:25 - AutoML.ComparativeEarlyStopping - INFO -   Decision scores: {'statistical_significance': 0.5, 'performance_gap': 0.30611031859248544, 'learning_trend': 0.0, 'resource_efficiency': 0.0}
2025-07-29 03:19:25 - AutoML.ComparativeEarlyStopping - INFO -   Final score: 0.252
2025-07-29 03:19:25 - AutoML.ComparativeEarlyStopping - INFO -   Decision: CONTINUE
2025-07-29 03:19:25 - AutoML.Trainer - INFO - Epoch 25/29 - Train Acc: 0.7595, Val Acc: 0.7803, Val Loss: 0.8108, Time: 68.9s
2025-07-29 03:20:34 - AutoML.ComparativeEarlyStopping - INFO - Early stopping evaluation for mobilenetv3_small_100:
2025-07-29 03:20:34 - AutoML.ComparativeEarlyStopping - INFO -   Decision scores: {'statistical_significance': 0.5, 'performance_gap': 0.3001664289110778, 'learning_trend': 0.0, 'resource_efficiency': 0.0}
2025-07-29 03:20:34 - AutoML.ComparativeEarlyStopping - INFO -   Final score: 0.250
2025-07-29 03:20:34 - AutoML.ComparativeEarlyStopping - INFO -   Decision: CONTINUE
2025-07-29 03:21:45 - AutoML.ComparativeEarlyStopping - INFO - Early stopping evaluation for mobilenetv3_small_100:
2025-07-29 03:21:45 - AutoML.ComparativeEarlyStopping - INFO -   Decision scores: {'statistical_significance': 0.5, 'performance_gap': 0.27341892534474416, 'learning_trend': 0.0, 'resource_efficiency': 0.0}
2025-07-29 03:21:45 - AutoML.ComparativeEarlyStopping - INFO -   Final score: 0.243
2025-07-29 03:21:45 - AutoML.ComparativeEarlyStopping - INFO -   Decision: CONTINUE
2025-07-29 03:22:54 - AutoML.ComparativeEarlyStopping - INFO - Early stopping evaluation for mobilenetv3_small_100:
2025-07-29 03:22:54 - AutoML.ComparativeEarlyStopping - INFO -   Decision scores: {'statistical_significance': 0.5, 'performance_gap': 0.25558725630052265, 'learning_trend': 0.0, 'resource_efficiency': 0.0}
2025-07-29 03:22:54 - AutoML.ComparativeEarlyStopping - INFO -   Final score: 0.239
2025-07-29 03:22:54 - AutoML.ComparativeEarlyStopping - INFO -   Decision: CONTINUE
2025-07-29 03:24:05 - AutoML.ComparativeEarlyStopping - INFO - Early stopping evaluation for mobilenetv3_small_100:
2025-07-29 03:24:05 - AutoML.ComparativeEarlyStopping - INFO -   Decision scores: {'statistical_significance': 0.5, 'performance_gap': 0.228839752734189, 'learning_trend': 0.0, 'resource_efficiency': 0.0}
2025-07-29 03:24:05 - AutoML.ComparativeEarlyStopping - INFO -   Final score: 0.232
2025-07-29 03:24:05 - AutoML.ComparativeEarlyStopping - INFO -   Decision: CONTINUE
2025-07-29 03:24:05 - AutoML.Trainer - INFO - Epoch 29/29 - Train Acc: 0.7641, Val Acc: 0.7853, Val Loss: 0.8233, Time: 71.4s
2025-07-29 03:24:05 - AutoML.Trainer - INFO - Training completed for mobilenetv3_small_100
2025-07-29 03:24:05 - AutoML.Trainer - INFO - Best validation accuracy: 0.7939
2025-07-29 03:24:05 - AutoML.Trainer - INFO - Total training time: 2031.2s
2025-07-29 03:24:05 - AutoML.Trainer - INFO - Average epoch time: 70.0s
2025-07-29 03:24:05 - AutoML.Trainer - INFO - Evaluating hyperparameters for mobilenetv3_small_100: {'learning_rate': 3.7085211878923675e-05, 'optimizer': 'adam', 'weight_decay': 7.171622284511045e-05, 'batch_size': 32, 'dropout_rate': 0.3055523539833342, 'pretrained': True, 'lr_scheduler': 'step', 'max_epochs': 33}
2025-07-29 03:24:05 - AutoML.ModelFactory - INFO - Creating mobilenetv3_small_100 (pretrained=True, dropout=0.3055523539833342)
2025-07-29 03:24:05 - AutoML - INFO -  Starting: mobilenetv3_small_100 creation
2025-07-29 03:24:05 - AutoML.ModelFactory - INFO - mobilenetv3_small_100 created successfully:
2025-07-29 03:24:05 - AutoML.ModelFactory - INFO -   Parameters: 1,525,031
2025-07-29 03:24:05 - AutoML.ModelFactory - INFO -   Trainable: 1,525,031
2025-07-29 03:24:05 - AutoML.ModelFactory - INFO -   Model size: 5.82 MB
2025-07-29 03:24:05 - AutoML - INFO -  mobilenetv3_small_100 creation completed in 0.22 seconds
2025-07-29 03:24:17 - AutoML.Trainer - INFO - Total classes in dataset: 7
2025-07-29 03:24:17 - AutoML.Trainer - INFO - Classes found in sample: 6
2025-07-29 03:24:17 - AutoML.Trainer - INFO - Sample size: 80 labels
2025-07-29 03:24:17 - AutoML.Trainer - INFO - Class distribution (sample): {0: 2, 1: 2, 2: 10, 3: 2, 4: 7, 5: 57}
2025-07-29 03:24:17 - AutoML.Trainer - INFO - Class weights tensor shape: torch.Size([7])
2025-07-29 03:24:17 - AutoML.Trainer - INFO - Sample class weights range: [0.2339, 6.6667]
2025-07-29 03:24:17 - AutoML.Trainer - INFO - Mean weight for missing classes: 3.9120
2025-07-29 03:29:58 - AutoML.ComparativeEarlyStopping - INFO - Early stopping evaluation for mobilenetv3_small_100:
2025-07-29 03:29:58 - AutoML.ComparativeEarlyStopping - INFO -   Decision scores: {'statistical_significance': 0.5, 'performance_gap': 1.0, 'learning_trend': 0.0, 'resource_efficiency': 0.0}
2025-07-29 03:29:58 - AutoML.ComparativeEarlyStopping - INFO -   Final score: 0.425
2025-07-29 03:29:58 - AutoML.ComparativeEarlyStopping - INFO -   Decision: CONTINUE
2025-07-29 03:29:58 - AutoML.Trainer - INFO - Epoch 5/33 - Train Acc: 0.5681, Val Acc: 0.7468, Val Loss: 1.1545, Time: 69.2s
2025-07-29 03:31:08 - AutoML.ComparativeEarlyStopping - INFO - Early stopping evaluation for mobilenetv3_small_100:
2025-07-29 03:31:08 - AutoML.ComparativeEarlyStopping - INFO -   Decision scores: {'statistical_significance': 0.5, 'performance_gap': 1.0, 'learning_trend': 0.0, 'resource_efficiency': 0.0}
2025-07-29 03:31:08 - AutoML.ComparativeEarlyStopping - INFO -   Final score: 0.425
2025-07-29 03:31:08 - AutoML.ComparativeEarlyStopping - INFO -   Decision: CONTINUE
2025-07-29 03:32:19 - AutoML.ComparativeEarlyStopping - INFO - Early stopping evaluation for mobilenetv3_small_100:
2025-07-29 03:32:19 - AutoML.ComparativeEarlyStopping - INFO -   Decision scores: {'statistical_significance': 0.5, 'performance_gap': 0.8707798383261994, 'learning_trend': 0.0, 'resource_efficiency': 0.0}
2025-07-29 03:32:19 - AutoML.ComparativeEarlyStopping - INFO -   Final score: 0.393
2025-07-29 03:32:19 - AutoML.ComparativeEarlyStopping - INFO -   Decision: CONTINUE
2025-07-29 03:33:33 - AutoML.ComparativeEarlyStopping - INFO - Early stopping evaluation for mobilenetv3_small_100:
2025-07-29 03:33:33 - AutoML.ComparativeEarlyStopping - INFO -   Decision scores: {'statistical_significance': 0.5, 'performance_gap': 0.8737517831669039, 'learning_trend': 0.0, 'resource_efficiency': 0.0}
2025-07-29 03:33:33 - AutoML.ComparativeEarlyStopping - INFO -   Final score: 0.393
2025-07-29 03:33:33 - AutoML.ComparativeEarlyStopping - INFO -   Decision: CONTINUE
2025-07-29 03:34:43 - AutoML.ComparativeEarlyStopping - INFO - Early stopping evaluation for mobilenetv3_small_100:
2025-07-29 03:34:43 - AutoML.ComparativeEarlyStopping - INFO -   Decision scores: {'statistical_significance': 0.5, 'performance_gap': 0.9421065145030896, 'learning_trend': 0.0, 'resource_efficiency': 0.0}
2025-07-29 03:34:43 - AutoML.ComparativeEarlyStopping - INFO -   Final score: 0.411
2025-07-29 03:34:43 - AutoML.ComparativeEarlyStopping - INFO -   Decision: CONTINUE
2025-07-29 03:35:53 - AutoML.ComparativeEarlyStopping - INFO - Early stopping evaluation for mobilenetv3_small_100:
2025-07-29 03:35:53 - AutoML.ComparativeEarlyStopping - INFO -   Decision scores: {'statistical_significance': 0.5, 'performance_gap': 1.0, 'learning_trend': 0.0, 'resource_efficiency': 0.0}
2025-07-29 03:35:53 - AutoML.ComparativeEarlyStopping - INFO -   Final score: 0.425
2025-07-29 03:35:53 - AutoML.ComparativeEarlyStopping - INFO -   Decision: CONTINUE
2025-07-29 03:35:53 - AutoML.Trainer - INFO - Epoch 10/33 - Train Acc: 0.6476, Val Acc: 0.6847, Val Loss: 0.9774, Time: 70.2s
2025-07-29 03:37:03 - AutoML.ComparativeEarlyStopping - INFO - Early stopping evaluation for mobilenetv3_small_100:
2025-07-29 03:37:03 - AutoML.ComparativeEarlyStopping - INFO -   Decision scores: {'statistical_significance': 0.5, 'performance_gap': 1.0, 'learning_trend': 0.0, 'resource_efficiency': 0.0}
2025-07-29 03:37:03 - AutoML.ComparativeEarlyStopping - INFO -   Final score: 0.425
2025-07-29 03:37:03 - AutoML.ComparativeEarlyStopping - INFO -   Decision: CONTINUE
2025-07-29 03:38:13 - AutoML.ComparativeEarlyStopping - INFO - Early stopping evaluation for mobilenetv3_small_100:
2025-07-29 03:38:13 - AutoML.ComparativeEarlyStopping - INFO -   Decision scores: {'statistical_significance': 0.5, 'performance_gap': 0.9034712315739393, 'learning_trend': 0.0, 'resource_efficiency': 0.0}
2025-07-29 03:38:13 - AutoML.ComparativeEarlyStopping - INFO -   Final score: 0.401
2025-07-29 03:38:13 - AutoML.ComparativeEarlyStopping - INFO -   Decision: CONTINUE
2025-07-29 03:39:24 - AutoML.ComparativeEarlyStopping - INFO - Early stopping evaluation for mobilenetv3_small_100:
2025-07-29 03:39:24 - AutoML.ComparativeEarlyStopping - INFO -   Decision scores: {'statistical_significance': 0.5, 'performance_gap': 0.7102948169281947, 'learning_trend': 0.0, 'resource_efficiency': 0.0}
2025-07-29 03:39:24 - AutoML.ComparativeEarlyStopping - INFO -   Final score: 0.353
2025-07-29 03:39:24 - AutoML.ComparativeEarlyStopping - INFO -   Decision: CONTINUE
2025-07-29 03:40:39 - AutoML.ComparativeEarlyStopping - INFO - Early stopping evaluation for mobilenetv3_small_100:
2025-07-29 03:40:39 - AutoML.ComparativeEarlyStopping - INFO -   Decision scores: {'statistical_significance': 0.5, 'performance_gap': 0.6538278649548257, 'learning_trend': 0.0, 'resource_efficiency': 0.0}
2025-07-29 03:40:39 - AutoML.ComparativeEarlyStopping - INFO -   Final score: 0.338
2025-07-29 03:40:39 - AutoML.ComparativeEarlyStopping - INFO -   Decision: CONTINUE
2025-07-29 03:41:55 - AutoML.ComparativeEarlyStopping - INFO - Early stopping evaluation for mobilenetv3_small_100:
2025-07-29 03:41:55 - AutoML.ComparativeEarlyStopping - INFO -   Decision scores: {'statistical_significance': 0.5, 'performance_gap': 0.5884450784593431, 'learning_trend': 0.0, 'resource_efficiency': 0.0}
2025-07-29 03:41:55 - AutoML.ComparativeEarlyStopping - INFO -   Final score: 0.322
2025-07-29 03:41:55 - AutoML.ComparativeEarlyStopping - INFO -   Decision: CONTINUE
2025-07-29 03:41:55 - AutoML.Trainer - INFO - Epoch 15/33 - Train Acc: 0.7138, Val Acc: 0.7668, Val Loss: 0.8820, Time: 76.3s
2025-07-29 03:43:16 - AutoML.ComparativeEarlyStopping - INFO - Early stopping evaluation for mobilenetv3_small_100:
2025-07-29 03:43:16 - AutoML.ComparativeEarlyStopping - INFO -   Decision scores: {'statistical_significance': 0.5, 'performance_gap': 0.4903708987161193, 'learning_trend': 0.0, 'resource_efficiency': 0.0}
2025-07-29 03:43:16 - AutoML.ComparativeEarlyStopping - INFO -   Final score: 0.298
2025-07-29 03:43:16 - AutoML.ComparativeEarlyStopping - INFO -   Decision: CONTINUE
2025-07-29 03:44:25 - AutoML.ComparativeEarlyStopping - INFO - Early stopping evaluation for mobilenetv3_small_100:
2025-07-29 03:44:25 - AutoML.ComparativeEarlyStopping - INFO -   Decision scores: {'statistical_significance': 0.5, 'performance_gap': 0.6151925820256767, 'learning_trend': 0.0, 'resource_efficiency': 0.0}
2025-07-29 03:44:25 - AutoML.ComparativeEarlyStopping - INFO -   Final score: 0.329
2025-07-29 03:44:25 - AutoML.ComparativeEarlyStopping - INFO -   Decision: CONTINUE
2025-07-29 03:45:34 - AutoML.ComparativeEarlyStopping - INFO - Early stopping evaluation for mobilenetv3_small_100:
2025-07-29 03:45:34 - AutoML.ComparativeEarlyStopping - INFO -   Decision scores: {'statistical_significance': 0.5, 'performance_gap': 0.5646695197337126, 'learning_trend': 0.0, 'resource_efficiency': 0.0}
2025-07-29 03:45:34 - AutoML.ComparativeEarlyStopping - INFO -   Final score: 0.316
2025-07-29 03:45:34 - AutoML.ComparativeEarlyStopping - INFO -   Decision: CONTINUE
2025-07-29 03:46:45 - AutoML.ComparativeEarlyStopping - INFO - Early stopping evaluation for mobilenetv3_small_100:
2025-07-29 03:46:45 - AutoML.ComparativeEarlyStopping - INFO -   Decision scores: {'statistical_significance': 0.5, 'performance_gap': 0.5765572990965264, 'learning_trend': 0.0, 'resource_efficiency': 0.0}
2025-07-29 03:46:45 - AutoML.ComparativeEarlyStopping - INFO -   Final score: 0.319
2025-07-29 03:46:45 - AutoML.ComparativeEarlyStopping - INFO -   Decision: CONTINUE
2025-07-29 03:47:56 - AutoML.ComparativeEarlyStopping - INFO - Early stopping evaluation for mobilenetv3_small_100:
2025-07-29 03:47:56 - AutoML.ComparativeEarlyStopping - INFO -   Decision scores: {'statistical_significance': 0.5, 'performance_gap': 0.3685211602472649, 'learning_trend': 0.0, 'resource_efficiency': 0.0}
2025-07-29 03:47:56 - AutoML.ComparativeEarlyStopping - INFO -   Final score: 0.267
2025-07-29 03:47:56 - AutoML.ComparativeEarlyStopping - INFO -   Decision: CONTINUE
2025-07-29 03:47:56 - AutoML.Trainer - INFO - Epoch 20/33 - Train Acc: 0.7211, Val Acc: 0.7846, Val Loss: 0.9115, Time: 70.5s
2025-07-29 03:49:05 - AutoML.ComparativeEarlyStopping - INFO - Early stopping evaluation for mobilenetv3_small_100:
2025-07-29 03:49:05 - AutoML.ComparativeEarlyStopping - INFO -   Decision scores: {'statistical_significance': 0.5, 'performance_gap': 0.3863528292914864, 'learning_trend': 0.0, 'resource_efficiency': 0.0}
2025-07-29 03:49:05 - AutoML.ComparativeEarlyStopping - INFO -   Final score: 0.272
2025-07-29 03:49:05 - AutoML.ComparativeEarlyStopping - INFO -   Decision: CONTINUE
2025-07-29 03:50:13 - AutoML.ComparativeEarlyStopping - INFO - Early stopping evaluation for mobilenetv3_small_100:
2025-07-29 03:50:13 - AutoML.ComparativeEarlyStopping - INFO -   Decision scores: {'statistical_significance': 0.5, 'performance_gap': 0.35663338088444824, 'learning_trend': 0.0, 'resource_efficiency': 0.0}
2025-07-29 03:50:13 - AutoML.ComparativeEarlyStopping - INFO -   Final score: 0.264
2025-07-29 03:50:13 - AutoML.ComparativeEarlyStopping - INFO -   Decision: CONTINUE
2025-07-29 03:51:24 - AutoML.ComparativeEarlyStopping - INFO - Early stopping evaluation for mobilenetv3_small_100:
2025-07-29 03:51:24 - AutoML.ComparativeEarlyStopping - INFO -   Decision scores: {'statistical_significance': 0.5, 'performance_gap': 0.3833808844507819, 'learning_trend': 0.0, 'resource_efficiency': 0.0}
2025-07-29 03:51:24 - AutoML.ComparativeEarlyStopping - INFO -   Final score: 0.271
2025-07-29 03:51:24 - AutoML.ComparativeEarlyStopping - INFO -   Decision: CONTINUE
2025-07-29 03:52:34 - AutoML.ComparativeEarlyStopping - INFO - Early stopping evaluation for mobilenetv3_small_100:
2025-07-29 03:52:34 - AutoML.ComparativeEarlyStopping - INFO -   Decision scores: {'statistical_significance': 0.5, 'performance_gap': 0.34474560152163436, 'learning_trend': 0.0, 'resource_efficiency': 0.0}
2025-07-29 03:52:34 - AutoML.ComparativeEarlyStopping - INFO -   Final score: 0.261
2025-07-29 03:52:34 - AutoML.ComparativeEarlyStopping - INFO -   Decision: CONTINUE
2025-07-29 03:53:44 - AutoML.ComparativeEarlyStopping - INFO - Early stopping evaluation for mobilenetv3_small_100:
2025-07-29 03:53:44 - AutoML.ComparativeEarlyStopping - INFO -   Decision scores: {'statistical_significance': 0.5, 'performance_gap': 0.2466714217784105, 'learning_trend': 0.0, 'resource_efficiency': 0.0}
2025-07-29 03:53:44 - AutoML.ComparativeEarlyStopping - INFO -   Final score: 0.237
2025-07-29 03:53:44 - AutoML.ComparativeEarlyStopping - INFO -   Decision: CONTINUE
2025-07-29 03:53:44 - AutoML.Trainer - INFO - Epoch 25/33 - Train Acc: 0.7216, Val Acc: 0.7825, Val Loss: 0.8715, Time: 70.0s
2025-07-29 03:54:54 - AutoML.ComparativeEarlyStopping - INFO - Early stopping evaluation for mobilenetv3_small_100:
2025-07-29 03:54:54 - AutoML.ComparativeEarlyStopping - INFO -   Decision scores: {'statistical_significance': 0.5, 'performance_gap': 0.21398002853066922, 'learning_trend': 0.0, 'resource_efficiency': 0.0}
2025-07-29 03:54:54 - AutoML.ComparativeEarlyStopping - INFO -   Final score: 0.228
2025-07-29 03:54:54 - AutoML.ComparativeEarlyStopping - INFO -   Decision: CONTINUE
2025-07-29 03:56:04 - AutoML.ComparativeEarlyStopping - INFO - Early stopping evaluation for mobilenetv3_small_100:
2025-07-29 03:56:04 - AutoML.ComparativeEarlyStopping - INFO -   Decision scores: {'statistical_significance': 0.5, 'performance_gap': 0.23775558725629975, 'learning_trend': 0.0, 'resource_efficiency': 0.0}
2025-07-29 03:56:04 - AutoML.ComparativeEarlyStopping - INFO -   Final score: 0.234
2025-07-29 03:56:04 - AutoML.ComparativeEarlyStopping - INFO -   Decision: CONTINUE
2025-07-29 03:57:13 - AutoML.ComparativeEarlyStopping - INFO - Early stopping evaluation for mobilenetv3_small_100:
2025-07-29 03:57:13 - AutoML.ComparativeEarlyStopping - INFO -   Decision scores: {'statistical_significance': 0.5, 'performance_gap': 0.2674750356633365, 'learning_trend': 0.0, 'resource_efficiency': 0.0}
2025-07-29 03:57:13 - AutoML.ComparativeEarlyStopping - INFO -   Final score: 0.242
2025-07-29 03:57:13 - AutoML.ComparativeEarlyStopping - INFO -   Decision: CONTINUE
2025-07-29 03:58:22 - AutoML.ComparativeEarlyStopping - INFO - Early stopping evaluation for mobilenetv3_small_100:
2025-07-29 03:58:22 - AutoML.ComparativeEarlyStopping - INFO -   Decision scores: {'statistical_significance': 0.5, 'performance_gap': 0.3001664289110778, 'learning_trend': 0.0, 'resource_efficiency': 0.0}
2025-07-29 03:58:22 - AutoML.ComparativeEarlyStopping - INFO -   Final score: 0.250
2025-07-29 03:58:22 - AutoML.ComparativeEarlyStopping - INFO -   Decision: CONTINUE
2025-07-29 03:59:34 - AutoML.ComparativeEarlyStopping - INFO - Early stopping evaluation for mobilenetv3_small_100:
2025-07-29 03:59:34 - AutoML.ComparativeEarlyStopping - INFO -   Decision scores: {'statistical_significance': 0.5, 'performance_gap': 0.28827864954826393, 'learning_trend': 0.0, 'resource_efficiency': 0.0}
2025-07-29 03:59:34 - AutoML.ComparativeEarlyStopping - INFO -   Final score: 0.247
2025-07-29 03:59:34 - AutoML.ComparativeEarlyStopping - INFO -   Decision: CONTINUE
2025-07-29 03:59:34 - AutoML.Trainer - INFO - Epoch 30/33 - Train Acc: 0.7284, Val Acc: 0.7810, Val Loss: 0.8706, Time: 71.2s
2025-07-29 04:00:44 - AutoML.ComparativeEarlyStopping - INFO - Early stopping evaluation for mobilenetv3_small_100:
2025-07-29 04:00:44 - AutoML.ComparativeEarlyStopping - INFO -   Decision scores: {'statistical_significance': 0.5, 'performance_gap': 0.25261531145981675, 'learning_trend': 0.0, 'resource_efficiency': 0.0}
2025-07-29 04:00:44 - AutoML.ComparativeEarlyStopping - INFO -   Final score: 0.238
2025-07-29 04:00:44 - AutoML.ComparativeEarlyStopping - INFO -   Decision: CONTINUE
2025-07-29 04:01:53 - AutoML.ComparativeEarlyStopping - INFO - Early stopping evaluation for mobilenetv3_small_100:
2025-07-29 04:01:53 - AutoML.ComparativeEarlyStopping - INFO -   Decision scores: {'statistical_significance': 0.5, 'performance_gap': 0.25558725630052265, 'learning_trend': 0.5, 'resource_efficiency': 0.0}
2025-07-29 04:01:53 - AutoML.ComparativeEarlyStopping - INFO -   Final score: 0.364
2025-07-29 04:01:53 - AutoML.ComparativeEarlyStopping - INFO -   Decision: CONTINUE
2025-07-29 04:03:04 - AutoML.ComparativeEarlyStopping - INFO - Early stopping evaluation for mobilenetv3_small_100:
2025-07-29 04:03:04 - AutoML.ComparativeEarlyStopping - INFO -   Decision scores: {'statistical_significance': 0.5, 'performance_gap': 0.25558725630052265, 'learning_trend': 0.5, 'resource_efficiency': 0.0}
2025-07-29 04:03:04 - AutoML.ComparativeEarlyStopping - INFO -   Final score: 0.364
2025-07-29 04:03:04 - AutoML.ComparativeEarlyStopping - INFO -   Decision: CONTINUE
2025-07-29 04:03:04 - AutoML.Trainer - INFO - Epoch 33/33 - Train Acc: 0.7329, Val Acc: 0.7810, Val Loss: 0.8708, Time: 71.4s
2025-07-29 04:03:04 - AutoML.Trainer - INFO - Training completed for mobilenetv3_small_100
2025-07-29 04:03:04 - AutoML.Trainer - INFO - Best validation accuracy: 0.7860
2025-07-29 04:03:04 - AutoML.Trainer - INFO - Total training time: 2327.6s
2025-07-29 04:03:04 - AutoML.Trainer - INFO - Average epoch time: 70.5s
2025-07-29 04:03:04 - AutoML.Trainer - INFO - Evaluating hyperparameters for mobilenetv3_small_100: {'learning_rate': 2.5288777892812396e-05, 'optimizer': 'rmsprop', 'weight_decay': 7.01059803509563e-05, 'batch_size': 8, 'dropout_rate': 0.1286922088071148, 'pretrained': True, 'lr_scheduler': 'step', 'max_epochs': 35}
2025-07-29 04:03:04 - AutoML.ModelFactory - INFO - Creating mobilenetv3_small_100 (pretrained=True, dropout=0.1286922088071148)
2025-07-29 04:03:04 - AutoML - INFO -  Starting: mobilenetv3_small_100 creation
2025-07-29 04:03:05 - AutoML.ModelFactory - INFO - mobilenetv3_small_100 created successfully:
2025-07-29 04:03:05 - AutoML.ModelFactory - INFO -   Parameters: 1,525,031
2025-07-29 04:03:05 - AutoML.ModelFactory - INFO -   Trainable: 1,525,031
2025-07-29 04:03:05 - AutoML.ModelFactory - INFO -   Model size: 5.82 MB
2025-07-29 04:03:05 - AutoML - INFO -  mobilenetv3_small_100 creation completed in 0.25 seconds
2025-07-29 04:03:16 - AutoML.Trainer - INFO - Total classes in dataset: 7
2025-07-29 04:03:16 - AutoML.Trainer - INFO - Classes found in sample: 6
2025-07-29 04:03:16 - AutoML.Trainer - INFO - Sample size: 80 labels
2025-07-29 04:03:16 - AutoML.Trainer - INFO - Class distribution (sample): {0: 1, 1: 4, 2: 7, 3: 1, 4: 7, 5: 60}
2025-07-29 04:03:16 - AutoML.Trainer - INFO - Class weights tensor shape: torch.Size([7])
2025-07-29 04:03:16 - AutoML.Trainer - INFO - Sample class weights range: [0.2222, 13.3333]
2025-07-29 04:03:16 - AutoML.Trainer - INFO - Mean weight for missing classes: 5.6720
2025-07-29 04:08:58 - AutoML.ComparativeEarlyStopping - INFO - Early stopping evaluation for mobilenetv3_small_100:
2025-07-29 04:08:58 - AutoML.ComparativeEarlyStopping - INFO -   Decision scores: {'statistical_significance': 0.5, 'performance_gap': 1.0, 'learning_trend': 0.0, 'resource_efficiency': 0.0}
2025-07-29 04:08:58 - AutoML.ComparativeEarlyStopping - INFO -   Final score: 0.425
2025-07-29 04:08:58 - AutoML.ComparativeEarlyStopping - INFO -   Decision: CONTINUE
2025-07-29 04:08:58 - AutoML.Trainer - INFO - Epoch 5/35 - Train Acc: 0.6170, Val Acc: 0.7147, Val Loss: 0.9810, Time: 68.5s
2025-07-29 04:10:07 - AutoML.ComparativeEarlyStopping - INFO - Early stopping evaluation for mobilenetv3_small_100:
2025-07-29 04:10:07 - AutoML.ComparativeEarlyStopping - INFO -   Decision scores: {'statistical_significance': 0.5, 'performance_gap': 1.0, 'learning_trend': 0.0, 'resource_efficiency': 0.0}
2025-07-29 04:10:07 - AutoML.ComparativeEarlyStopping - INFO -   Final score: 0.425
2025-07-29 04:10:07 - AutoML.ComparativeEarlyStopping - INFO -   Decision: CONTINUE
2025-07-29 04:11:18 - AutoML.ComparativeEarlyStopping - INFO - Early stopping evaluation for mobilenetv3_small_100:
2025-07-29 04:11:18 - AutoML.ComparativeEarlyStopping - INFO -   Decision scores: {'statistical_significance': 0.5, 'performance_gap': 1.0, 'learning_trend': 0.0, 'resource_efficiency': 0.0}
2025-07-29 04:11:18 - AutoML.ComparativeEarlyStopping - INFO -   Final score: 0.425
2025-07-29 04:11:18 - AutoML.ComparativeEarlyStopping - INFO -   Decision: CONTINUE
2025-07-29 04:12:25 - AutoML.ComparativeEarlyStopping - INFO - Early stopping evaluation for mobilenetv3_small_100:
2025-07-29 04:12:25 - AutoML.ComparativeEarlyStopping - INFO -   Decision scores: {'statistical_significance': 0.5, 'performance_gap': 0.915359010936756, 'learning_trend': 0.0, 'resource_efficiency': 0.0}
2025-07-29 04:12:25 - AutoML.ComparativeEarlyStopping - INFO -   Final score: 0.404
2025-07-29 04:12:25 - AutoML.ComparativeEarlyStopping - INFO -   Decision: CONTINUE
2025-07-29 04:13:34 - AutoML.ComparativeEarlyStopping - INFO - Early stopping evaluation for mobilenetv3_small_100:
2025-07-29 04:13:34 - AutoML.ComparativeEarlyStopping - INFO -   Decision scores: {'statistical_significance': 0.5, 'performance_gap': 0.8202567760342352, 'learning_trend': 0.0, 'resource_efficiency': 0.0}
2025-07-29 04:13:34 - AutoML.ComparativeEarlyStopping - INFO -   Final score: 0.380
2025-07-29 04:13:34 - AutoML.ComparativeEarlyStopping - INFO -   Decision: CONTINUE
2025-07-29 04:14:43 - AutoML.ComparativeEarlyStopping - INFO - Early stopping evaluation for mobilenetv3_small_100:
2025-07-29 04:14:43 - AutoML.ComparativeEarlyStopping - INFO -   Decision scores: {'statistical_significance': 0.5, 'performance_gap': 0.748930099857345, 'learning_trend': 0.0, 'resource_efficiency': 0.0}
2025-07-29 04:14:43 - AutoML.ComparativeEarlyStopping - INFO -   Final score: 0.362
2025-07-29 04:14:43 - AutoML.ComparativeEarlyStopping - INFO -   Decision: CONTINUE
2025-07-29 04:14:43 - AutoML.Trainer - INFO - Epoch 10/35 - Train Acc: 0.6587, Val Acc: 0.7097, Val Loss: 0.9755, Time: 69.3s
2025-07-29 04:15:53 - AutoML.ComparativeEarlyStopping - INFO - Early stopping evaluation for mobilenetv3_small_100:
2025-07-29 04:15:53 - AutoML.ComparativeEarlyStopping - INFO -   Decision scores: {'statistical_significance': 0.5, 'performance_gap': 0.7162387066096038, 'learning_trend': 0.0, 'resource_efficiency': 0.0}
2025-07-29 04:15:53 - AutoML.ComparativeEarlyStopping - INFO -   Final score: 0.354
2025-07-29 04:15:53 - AutoML.ComparativeEarlyStopping - INFO -   Decision: CONTINUE
2025-07-29 04:17:01 - AutoML.ComparativeEarlyStopping - INFO - Early stopping evaluation for mobilenetv3_small_100:
2025-07-29 04:17:01 - AutoML.ComparativeEarlyStopping - INFO -   Decision scores: {'statistical_significance': 0.5, 'performance_gap': 0.6805753685211593, 'learning_trend': 0.0, 'resource_efficiency': 0.0}
2025-07-29 04:17:01 - AutoML.ComparativeEarlyStopping - INFO -   Final score: 0.345
2025-07-29 04:17:01 - AutoML.ComparativeEarlyStopping - INFO -   Decision: CONTINUE
2025-07-29 04:18:11 - AutoML.ComparativeEarlyStopping - INFO - Early stopping evaluation for mobilenetv3_small_100:
2025-07-29 04:18:11 - AutoML.ComparativeEarlyStopping - INFO -   Decision scores: {'statistical_significance': 0.5, 'performance_gap': 0.5527817403708973, 'learning_trend': 0.0, 'resource_efficiency': 0.0}
2025-07-29 04:18:11 - AutoML.ComparativeEarlyStopping - INFO -   Final score: 0.313
2025-07-29 04:18:11 - AutoML.ComparativeEarlyStopping - INFO -   Decision: CONTINUE
2025-07-29 04:19:21 - AutoML.ComparativeEarlyStopping - INFO - Early stopping evaluation for mobilenetv3_small_100:
2025-07-29 04:19:21 - AutoML.ComparativeEarlyStopping - INFO -   Decision scores: {'statistical_significance': 0.5, 'performance_gap': 0.49928673323823003, 'learning_trend': 0.0, 'resource_efficiency': 0.0}
2025-07-29 04:19:21 - AutoML.ComparativeEarlyStopping - INFO -   Final score: 0.300
2025-07-29 04:19:21 - AutoML.ComparativeEarlyStopping - INFO -   Decision: CONTINUE
2025-07-29 04:20:33 - AutoML.ComparativeEarlyStopping - INFO - Early stopping evaluation for mobilenetv3_small_100:
2025-07-29 04:20:33 - AutoML.ComparativeEarlyStopping - INFO -   Decision scores: {'statistical_significance': 0.5, 'performance_gap': 0.472539229671895, 'learning_trend': 0.0, 'resource_efficiency': 0.0}
2025-07-29 04:20:33 - AutoML.ComparativeEarlyStopping - INFO -   Final score: 0.293
2025-07-29 04:20:33 - AutoML.ComparativeEarlyStopping - INFO -   Decision: CONTINUE
2025-07-29 04:20:33 - AutoML.Trainer - INFO - Epoch 15/35 - Train Acc: 0.7238, Val Acc: 0.7789, Val Loss: 0.8257, Time: 71.3s
2025-07-29 04:21:42 - AutoML.ComparativeEarlyStopping - INFO - Early stopping evaluation for mobilenetv3_small_100:
2025-07-29 04:21:42 - AutoML.ComparativeEarlyStopping - INFO -   Decision scores: {'statistical_significance': 0.5, 'performance_gap': 0.29422253922967156, 'learning_trend': 0.0, 'resource_efficiency': 0.0}
2025-07-29 04:21:42 - AutoML.ComparativeEarlyStopping - INFO -   Final score: 0.249
2025-07-29 04:21:42 - AutoML.ComparativeEarlyStopping - INFO -   Decision: CONTINUE
2025-07-29 04:22:54 - AutoML.ComparativeEarlyStopping - INFO - Early stopping evaluation for mobilenetv3_small_100:
2025-07-29 04:22:54 - AutoML.ComparativeEarlyStopping - INFO -   Decision scores: {'statistical_significance': 0.5, 'performance_gap': 0.28827864954826393, 'learning_trend': 0.0, 'resource_efficiency': 0.0}
2025-07-29 04:22:54 - AutoML.ComparativeEarlyStopping - INFO -   Final score: 0.247
2025-07-29 04:22:54 - AutoML.ComparativeEarlyStopping - INFO -   Decision: CONTINUE
2025-07-29 04:24:04 - AutoML.ComparativeEarlyStopping - INFO - Early stopping evaluation for mobilenetv3_small_100:
2025-07-29 04:24:04 - AutoML.ComparativeEarlyStopping - INFO -   Decision scores: {'statistical_significance': 0.5, 'performance_gap': 0.2645030908226334, 'learning_trend': 0.0, 'resource_efficiency': 0.0}
2025-07-29 04:24:04 - AutoML.ComparativeEarlyStopping - INFO -   Final score: 0.241
2025-07-29 04:24:04 - AutoML.ComparativeEarlyStopping - INFO -   Decision: CONTINUE
2025-07-29 04:25:12 - AutoML.ComparativeEarlyStopping - INFO - Early stopping evaluation for mobilenetv3_small_100:
2025-07-29 04:25:12 - AutoML.ComparativeEarlyStopping - INFO -   Decision scores: {'statistical_significance': 0.5, 'performance_gap': 0.2615311459819303, 'learning_trend': 0.0, 'resource_efficiency': 0.0}
2025-07-29 04:25:12 - AutoML.ComparativeEarlyStopping - INFO -   Final score: 0.240
2025-07-29 04:25:12 - AutoML.ComparativeEarlyStopping - INFO -   Decision: CONTINUE
2025-07-29 04:26:20 - AutoML.ComparativeEarlyStopping - INFO - Early stopping evaluation for mobilenetv3_small_100:
2025-07-29 04:26:20 - AutoML.ComparativeEarlyStopping - INFO -   Decision scores: {'statistical_significance': 0.5, 'performance_gap': 0.20506419400855846, 'learning_trend': 0.0, 'resource_efficiency': 0.0}
2025-07-29 04:26:20 - AutoML.ComparativeEarlyStopping - INFO -   Final score: 0.226
2025-07-29 04:26:20 - AutoML.ComparativeEarlyStopping - INFO -   Decision: CONTINUE
2025-07-29 04:26:20 - AutoML.Trainer - INFO - Epoch 20/35 - Train Acc: 0.7227, Val Acc: 0.7860, Val Loss: 0.7717, Time: 68.0s
2025-07-29 04:27:33 - AutoML.ComparativeEarlyStopping - INFO - Early stopping evaluation for mobilenetv3_small_100:
2025-07-29 04:27:33 - AutoML.ComparativeEarlyStopping - INFO -   Decision scores: {'statistical_significance': 0.5, 'performance_gap': 0.2110080836899647, 'learning_trend': 0.0, 'resource_efficiency': 0.0}
2025-07-29 04:27:33 - AutoML.ComparativeEarlyStopping - INFO -   Final score: 0.228
2025-07-29 04:27:33 - AutoML.ComparativeEarlyStopping - INFO -   Decision: CONTINUE
2025-07-29 04:28:43 - AutoML.ComparativeEarlyStopping - INFO - Early stopping evaluation for mobilenetv3_small_100:
2025-07-29 04:28:43 - AutoML.ComparativeEarlyStopping - INFO -   Decision scores: {'statistical_significance': 0.5, 'performance_gap': 0.1931764146457418, 'learning_trend': 0.0, 'resource_efficiency': 0.0}
2025-07-29 04:28:43 - AutoML.ComparativeEarlyStopping - INFO -   Final score: 0.223
2025-07-29 04:28:43 - AutoML.ComparativeEarlyStopping - INFO -   Decision: CONTINUE
2025-07-29 04:29:51 - AutoML.ComparativeEarlyStopping - INFO - Early stopping evaluation for mobilenetv3_small_100:
2025-07-29 04:29:51 - AutoML.ComparativeEarlyStopping - INFO -   Decision scores: {'statistical_significance': 0.5, 'performance_gap': 0.21398002853066922, 'learning_trend': 0.0, 'resource_efficiency': 0.0}
2025-07-29 04:29:51 - AutoML.ComparativeEarlyStopping - INFO -   Final score: 0.228
2025-07-29 04:29:51 - AutoML.ComparativeEarlyStopping - INFO -   Decision: CONTINUE
2025-07-29 04:31:01 - AutoML.ComparativeEarlyStopping - INFO - Early stopping evaluation for mobilenetv3_small_100:
2025-07-29 04:31:01 - AutoML.ComparativeEarlyStopping - INFO -   Decision scores: {'statistical_significance': 0.5, 'performance_gap': 0.18128863528292793, 'learning_trend': 0.0, 'resource_efficiency': 0.0}
2025-07-29 04:31:01 - AutoML.ComparativeEarlyStopping - INFO -   Final score: 0.220
2025-07-29 04:31:01 - AutoML.ComparativeEarlyStopping - INFO -   Decision: CONTINUE
2025-07-29 04:32:11 - AutoML.ComparativeEarlyStopping - INFO - Early stopping evaluation for mobilenetv3_small_100:
2025-07-29 04:32:11 - AutoML.ComparativeEarlyStopping - INFO -   Decision scores: {'statistical_significance': 0.5, 'performance_gap': 0.18128863528292793, 'learning_trend': 0.0, 'resource_efficiency': 0.0}
2025-07-29 04:32:11 - AutoML.ComparativeEarlyStopping - INFO -   Final score: 0.220
2025-07-29 04:32:11 - AutoML.ComparativeEarlyStopping - INFO -   Decision: CONTINUE
2025-07-29 04:32:11 - AutoML.Trainer - INFO - Epoch 25/35 - Train Acc: 0.7231, Val Acc: 0.7882, Val Loss: 0.7850, Time: 69.7s
2025-07-29 04:33:20 - AutoML.ComparativeEarlyStopping - INFO - Early stopping evaluation for mobilenetv3_small_100:
2025-07-29 04:33:20 - AutoML.ComparativeEarlyStopping - INFO -   Decision scores: {'statistical_significance': 0.5, 'performance_gap': 0.20209224916785395, 'learning_trend': 0.0, 'resource_efficiency': 0.0}
2025-07-29 04:33:20 - AutoML.ComparativeEarlyStopping - INFO -   Final score: 0.226
2025-07-29 04:33:20 - AutoML.ComparativeEarlyStopping - INFO -   Decision: CONTINUE
2025-07-29 04:34:31 - AutoML.ComparativeEarlyStopping - INFO - Early stopping evaluation for mobilenetv3_small_100:
2025-07-29 04:34:31 - AutoML.ComparativeEarlyStopping - INFO -   Decision scores: {'statistical_significance': 0.5, 'performance_gap': 0.24072753209700287, 'learning_trend': 0.5, 'resource_efficiency': 0.0}
2025-07-29 04:34:31 - AutoML.ComparativeEarlyStopping - INFO -   Final score: 0.360
2025-07-29 04:34:31 - AutoML.ComparativeEarlyStopping - INFO -   Decision: CONTINUE
2025-07-29 04:35:44 - AutoML.ComparativeEarlyStopping - INFO - Early stopping evaluation for mobilenetv3_small_100:
2025-07-29 04:35:44 - AutoML.ComparativeEarlyStopping - INFO -   Decision scores: {'statistical_significance': 0.5, 'performance_gap': 0.264503090822632, 'learning_trend': 0.5, 'resource_efficiency': 0.0}
2025-07-29 04:35:44 - AutoML.ComparativeEarlyStopping - INFO -   Final score: 0.366
2025-07-29 04:35:44 - AutoML.ComparativeEarlyStopping - INFO -   Decision: CONTINUE
2025-07-29 04:36:52 - AutoML.ComparativeEarlyStopping - INFO - Early stopping evaluation for mobilenetv3_small_100:
2025-07-29 04:36:52 - AutoML.ComparativeEarlyStopping - INFO -   Decision scores: {'statistical_significance': 0.5, 'performance_gap': 0.22289586305277997, 'learning_trend': 0.5, 'resource_efficiency': 0.0}
2025-07-29 04:36:52 - AutoML.ComparativeEarlyStopping - INFO -   Final score: 0.356
2025-07-29 04:36:52 - AutoML.ComparativeEarlyStopping - INFO -   Decision: CONTINUE
2025-07-29 04:38:01 - AutoML.ComparativeEarlyStopping - INFO - Early stopping evaluation for mobilenetv3_small_100:
2025-07-29 04:38:01 - AutoML.ComparativeEarlyStopping - INFO -   Decision scores: {'statistical_significance': 0.5, 'performance_gap': 0.21695197337137234, 'learning_trend': 0.5, 'resource_efficiency': 0.0}
2025-07-29 04:38:01 - AutoML.ComparativeEarlyStopping - INFO -   Final score: 0.354
2025-07-29 04:38:01 - AutoML.ComparativeEarlyStopping - INFO -   Decision: CONTINUE
2025-07-29 04:38:01 - AutoML.Trainer - INFO - Epoch 30/35 - Train Acc: 0.7266, Val Acc: 0.7832, Val Loss: 0.7978, Time: 68.9s
2025-07-29 04:39:10 - AutoML.ComparativeEarlyStopping - INFO - Early stopping evaluation for mobilenetv3_small_100:
2025-07-29 04:39:10 - AutoML.ComparativeEarlyStopping - INFO -   Decision scores: {'statistical_significance': 0.5, 'performance_gap': 0.23181169757489212, 'learning_trend': 0.5, 'resource_efficiency': 0.0}
2025-07-29 04:39:10 - AutoML.ComparativeEarlyStopping - INFO -   Final score: 0.358
2025-07-29 04:39:10 - AutoML.ComparativeEarlyStopping - INFO -   Decision: CONTINUE
2025-07-29 04:40:18 - AutoML.ComparativeEarlyStopping - INFO - Early stopping evaluation for mobilenetv3_small_100:
2025-07-29 04:40:18 - AutoML.ComparativeEarlyStopping - INFO -   Decision scores: {'statistical_significance': 0.5, 'performance_gap': 0.21398002853066922, 'learning_trend': 0.3, 'resource_efficiency': 0.0}
2025-07-29 04:40:18 - AutoML.ComparativeEarlyStopping - INFO -   Final score: 0.303
2025-07-29 04:40:18 - AutoML.ComparativeEarlyStopping - INFO -   Decision: CONTINUE
2025-07-29 04:41:28 - AutoML.ComparativeEarlyStopping - INFO - Early stopping evaluation for mobilenetv3_small_100:
2025-07-29 04:41:28 - AutoML.ComparativeEarlyStopping - INFO -   Decision scores: {'statistical_significance': 0.5, 'performance_gap': 0.20209224916785395, 'learning_trend': 0.3, 'resource_efficiency': 0.0}
2025-07-29 04:41:28 - AutoML.ComparativeEarlyStopping - INFO -   Final score: 0.301
2025-07-29 04:41:28 - AutoML.ComparativeEarlyStopping - INFO -   Decision: CONTINUE
2025-07-29 04:42:37 - AutoML.ComparativeEarlyStopping - INFO - Early stopping evaluation for mobilenetv3_small_100:
2025-07-29 04:42:37 - AutoML.ComparativeEarlyStopping - INFO -   Decision scores: {'statistical_significance': 0.5, 'performance_gap': 0.16345696623870642, 'learning_trend': 0.0, 'resource_efficiency': 0.0}
2025-07-29 04:42:37 - AutoML.ComparativeEarlyStopping - INFO -   Final score: 0.216
2025-07-29 04:42:37 - AutoML.ComparativeEarlyStopping - INFO -   Decision: CONTINUE
2025-07-29 04:43:46 - AutoML.ComparativeEarlyStopping - INFO - Early stopping evaluation for mobilenetv3_small_100:
2025-07-29 04:43:46 - AutoML.ComparativeEarlyStopping - INFO -   Decision scores: {'statistical_significance': 0.5, 'performance_gap': 0.1931764146457418, 'learning_trend': 0.0, 'resource_efficiency': 0.0}
2025-07-29 04:43:46 - AutoML.ComparativeEarlyStopping - INFO -   Final score: 0.223
2025-07-29 04:43:46 - AutoML.ComparativeEarlyStopping - INFO -   Decision: CONTINUE
2025-07-29 04:43:46 - AutoML.Trainer - INFO - Epoch 35/35 - Train Acc: 0.7348, Val Acc: 0.7832, Val Loss: 0.7738, Time: 69.5s
2025-07-29 04:43:46 - AutoML.Trainer - INFO - Training completed for mobilenetv3_small_100
2025-07-29 04:43:46 - AutoML.Trainer - INFO - Best validation accuracy: 0.7910
2025-07-29 04:43:46 - AutoML.Trainer - INFO - Total training time: 2430.1s
2025-07-29 04:43:46 - AutoML.Trainer - INFO - Average epoch time: 69.4s
2025-07-29 04:43:46 - AutoML.Trainer - INFO - Evaluating hyperparameters for mobilenetv3_small_100: {'learning_rate': 1.684997298028541e-05, 'optimizer': 'adamw', 'weight_decay': 0.005475230425621457, 'batch_size': 8, 'dropout_rate': 0.14937978210987243, 'pretrained': True, 'lr_scheduler': 'step', 'max_epochs': 27}
2025-07-29 04:43:46 - AutoML.ModelFactory - INFO - Creating mobilenetv3_small_100 (pretrained=True, dropout=0.14937978210987243)
2025-07-29 04:43:46 - AutoML - INFO -  Starting: mobilenetv3_small_100 creation
2025-07-29 04:43:46 - AutoML.ModelFactory - INFO - mobilenetv3_small_100 created successfully:
2025-07-29 04:43:46 - AutoML.ModelFactory - INFO -   Parameters: 1,525,031
2025-07-29 04:43:46 - AutoML.ModelFactory - INFO -   Trainable: 1,525,031
2025-07-29 04:43:46 - AutoML.ModelFactory - INFO -   Model size: 5.82 MB
2025-07-29 04:43:46 - AutoML - INFO -  mobilenetv3_small_100 creation completed in 0.22 seconds
2025-07-29 04:43:58 - AutoML.Trainer - INFO - Total classes in dataset: 7
2025-07-29 04:43:58 - AutoML.Trainer - INFO - Classes found in sample: 7
2025-07-29 04:43:58 - AutoML.Trainer - INFO - Sample size: 80 labels
2025-07-29 04:43:58 - AutoML.Trainer - INFO - Class distribution (sample): {0: 3, 1: 1, 2: 9, 3: 2, 4: 7, 5: 55, 6: 3}
2025-07-29 04:43:58 - AutoML.Trainer - INFO - Class weights tensor shape: torch.Size([7])
2025-07-29 04:43:58 - AutoML.Trainer - INFO - Sample class weights range: [0.2078, 11.4286]
2025-07-29 04:43:58 - AutoML.Trainer - INFO - Mean weight for missing classes: 3.9817
2025-07-29 04:49:40 - AutoML.ComparativeEarlyStopping - INFO - Early stopping evaluation for mobilenetv3_small_100:
2025-07-29 04:49:40 - AutoML.ComparativeEarlyStopping - INFO -   Decision scores: {'statistical_significance': 0.5, 'performance_gap': 1.0, 'learning_trend': 0.0, 'resource_efficiency': 0.0}
2025-07-29 04:49:40 - AutoML.ComparativeEarlyStopping - INFO -   Final score: 0.425
2025-07-29 04:49:40 - AutoML.ComparativeEarlyStopping - INFO -   Decision: CONTINUE
2025-07-29 04:49:40 - AutoML.Trainer - INFO - Epoch 5/27 - Train Acc: 0.6114, Val Acc: 0.7575, Val Loss: 1.0737, Time: 68.9s
2025-07-29 04:50:50 - AutoML.ComparativeEarlyStopping - INFO - Early stopping evaluation for mobilenetv3_small_100:
2025-07-29 04:50:50 - AutoML.ComparativeEarlyStopping - INFO -   Decision scores: {'statistical_significance': 0.5, 'performance_gap': 1.0, 'learning_trend': 0.0, 'resource_efficiency': 0.0}
2025-07-29 04:50:50 - AutoML.ComparativeEarlyStopping - INFO -   Final score: 0.425
2025-07-29 04:50:50 - AutoML.ComparativeEarlyStopping - INFO -   Decision: CONTINUE
2025-07-29 04:51:59 - AutoML.ComparativeEarlyStopping - INFO - Early stopping evaluation for mobilenetv3_small_100:
2025-07-29 04:51:59 - AutoML.ComparativeEarlyStopping - INFO -   Decision scores: {'statistical_significance': 0.5, 'performance_gap': 0.5795292439372324, 'learning_trend': 0.0, 'resource_efficiency': 0.0}
2025-07-29 04:51:59 - AutoML.ComparativeEarlyStopping - INFO -   Final score: 0.320
2025-07-29 04:51:59 - AutoML.ComparativeEarlyStopping - INFO -   Decision: CONTINUE
2025-07-29 04:53:08 - AutoML.ComparativeEarlyStopping - INFO - Early stopping evaluation for mobilenetv3_small_100:
2025-07-29 04:53:08 - AutoML.ComparativeEarlyStopping - INFO -   Decision scores: {'statistical_significance': 0.5, 'performance_gap': 0.6300523062291952, 'learning_trend': 0.0, 'resource_efficiency': 0.0}
2025-07-29 04:53:08 - AutoML.ComparativeEarlyStopping - INFO -   Final score: 0.333
2025-07-29 04:53:08 - AutoML.ComparativeEarlyStopping - INFO -   Decision: CONTINUE
2025-07-29 04:54:17 - AutoML.ComparativeEarlyStopping - INFO - Early stopping evaluation for mobilenetv3_small_100:
2025-07-29 04:54:17 - AutoML.ComparativeEarlyStopping - INFO -   Decision scores: {'statistical_significance': 0.5, 'performance_gap': 0.46659533999048874, 'learning_trend': 0.0, 'resource_efficiency': 0.0}
2025-07-29 04:54:17 - AutoML.ComparativeEarlyStopping - INFO -   Final score: 0.292
2025-07-29 04:54:17 - AutoML.ComparativeEarlyStopping - INFO -   Decision: CONTINUE
2025-07-29 04:55:26 - AutoML.ComparativeEarlyStopping - INFO - Early stopping evaluation for mobilenetv3_small_100:
2025-07-29 04:55:26 - AutoML.ComparativeEarlyStopping - INFO -   Decision scores: {'statistical_significance': 0.5, 'performance_gap': 0.4755111745125995, 'learning_trend': 0.0, 'resource_efficiency': 0.0}
2025-07-29 04:55:26 - AutoML.ComparativeEarlyStopping - INFO -   Final score: 0.294
2025-07-29 04:55:26 - AutoML.ComparativeEarlyStopping - INFO -   Decision: CONTINUE
2025-07-29 04:55:26 - AutoML.Trainer - INFO - Epoch 10/27 - Train Acc: 0.6566, Val Acc: 0.7660, Val Loss: 0.9770, Time: 68.4s
2025-07-29 04:56:35 - AutoML.ComparativeEarlyStopping - INFO - Early stopping evaluation for mobilenetv3_small_100:
2025-07-29 04:56:35 - AutoML.ComparativeEarlyStopping - INFO -   Decision scores: {'statistical_significance': 0.5, 'performance_gap': 0.46659533999048874, 'learning_trend': 0.0, 'resource_efficiency': 0.0}
2025-07-29 04:56:35 - AutoML.ComparativeEarlyStopping - INFO -   Final score: 0.292
2025-07-29 04:56:35 - AutoML.ComparativeEarlyStopping - INFO -   Decision: CONTINUE
2025-07-29 04:57:44 - AutoML.ComparativeEarlyStopping - INFO - Early stopping evaluation for mobilenetv3_small_100:
2025-07-29 04:57:44 - AutoML.ComparativeEarlyStopping - INFO -   Decision scores: {'statistical_significance': 0.5, 'performance_gap': 0.5706134094151188, 'learning_trend': 0.0, 'resource_efficiency': 0.0}
2025-07-29 04:57:44 - AutoML.ComparativeEarlyStopping - INFO -   Final score: 0.318
2025-07-29 04:57:44 - AutoML.ComparativeEarlyStopping - INFO -   Decision: CONTINUE
2025-07-29 04:58:56 - AutoML.ComparativeEarlyStopping - INFO - Early stopping evaluation for mobilenetv3_small_100:
2025-07-29 04:58:56 - AutoML.ComparativeEarlyStopping - INFO -   Decision scores: {'statistical_significance': 0.5, 'performance_gap': 0.5616975748930081, 'learning_trend': 0.0, 'resource_efficiency': 0.0}
2025-07-29 04:58:56 - AutoML.ComparativeEarlyStopping - INFO -   Final score: 0.315
2025-07-29 04:58:56 - AutoML.ComparativeEarlyStopping - INFO -   Decision: CONTINUE
2025-07-29 05:00:03 - AutoML.ComparativeEarlyStopping - INFO - Early stopping evaluation for mobilenetv3_small_100:
2025-07-29 05:00:03 - AutoML.ComparativeEarlyStopping - INFO -   Decision scores: {'statistical_significance': 0.5, 'performance_gap': 0.48442700903471164, 'learning_trend': 0.0, 'resource_efficiency': 0.0}
2025-07-29 05:00:03 - AutoML.ComparativeEarlyStopping - INFO -   Final score: 0.296
2025-07-29 05:00:03 - AutoML.ComparativeEarlyStopping - INFO -   Decision: CONTINUE
2025-07-29 05:01:14 - AutoML.ComparativeEarlyStopping - INFO - Early stopping evaluation for mobilenetv3_small_100:
2025-07-29 05:01:14 - AutoML.ComparativeEarlyStopping - INFO -   Decision scores: {'statistical_significance': 0.5, 'performance_gap': 0.4368758915834506, 'learning_trend': 0.0, 'resource_efficiency': 0.0}
2025-07-29 05:01:14 - AutoML.ComparativeEarlyStopping - INFO -   Final score: 0.284
2025-07-29 05:01:14 - AutoML.ComparativeEarlyStopping - INFO -   Decision: CONTINUE
2025-07-29 05:01:14 - AutoML.Trainer - INFO - Epoch 15/27 - Train Acc: 0.7001, Val Acc: 0.7646, Val Loss: 0.7895, Time: 70.7s
2025-07-29 05:02:23 - AutoML.ComparativeEarlyStopping - INFO - Early stopping evaluation for mobilenetv3_small_100:
2025-07-29 05:02:23 - AutoML.ComparativeEarlyStopping - INFO -   Decision scores: {'statistical_significance': 0.5, 'performance_gap': 0.41904422253922907, 'learning_trend': 0.0, 'resource_efficiency': 0.0}
2025-07-29 05:02:23 - AutoML.ComparativeEarlyStopping - INFO -   Final score: 0.280
2025-07-29 05:02:23 - AutoML.ComparativeEarlyStopping - INFO -   Decision: CONTINUE
2025-07-29 05:03:33 - AutoML.ComparativeEarlyStopping - INFO - Early stopping evaluation for mobilenetv3_small_100:
2025-07-29 05:03:33 - AutoML.ComparativeEarlyStopping - INFO -   Decision scores: {'statistical_significance': 0.5, 'performance_gap': 0.3922967189728954, 'learning_trend': 0.0, 'resource_efficiency': 0.0}
2025-07-29 05:03:33 - AutoML.ComparativeEarlyStopping - INFO -   Final score: 0.273
2025-07-29 05:03:33 - AutoML.ComparativeEarlyStopping - INFO -   Decision: CONTINUE
2025-07-29 05:04:43 - AutoML.ComparativeEarlyStopping - INFO - Early stopping evaluation for mobilenetv3_small_100:
2025-07-29 05:04:43 - AutoML.ComparativeEarlyStopping - INFO -   Decision scores: {'statistical_significance': 0.5, 'performance_gap': 0.3833808844507819, 'learning_trend': 0.0, 'resource_efficiency': 0.0}
2025-07-29 05:04:43 - AutoML.ComparativeEarlyStopping - INFO -   Final score: 0.271
2025-07-29 05:04:43 - AutoML.ComparativeEarlyStopping - INFO -   Decision: CONTINUE
2025-07-29 05:05:53 - AutoML.ComparativeEarlyStopping - INFO - Early stopping evaluation for mobilenetv3_small_100:
2025-07-29 05:05:53 - AutoML.ComparativeEarlyStopping - INFO -   Decision scores: {'statistical_significance': 0.5, 'performance_gap': 0.39526866381359854, 'learning_trend': 0.0, 'resource_efficiency': 0.0}
2025-07-29 05:05:53 - AutoML.ComparativeEarlyStopping - INFO -   Final score: 0.274
2025-07-29 05:05:53 - AutoML.ComparativeEarlyStopping - INFO -   Decision: CONTINUE
2025-07-29 05:07:03 - AutoML.ComparativeEarlyStopping - INFO - Early stopping evaluation for mobilenetv3_small_100:
2025-07-29 05:07:03 - AutoML.ComparativeEarlyStopping - INFO -   Decision scores: {'statistical_significance': 0.0, 'performance_gap': 0.3863528292914864, 'learning_trend': 0.0, 'resource_efficiency': 0.0}
2025-07-29 05:07:03 - AutoML.ComparativeEarlyStopping - INFO -   Final score: 0.097
2025-07-29 05:07:03 - AutoML.ComparativeEarlyStopping - INFO -   Decision: CONTINUE
2025-07-29 05:07:03 - AutoML.Trainer - INFO - Epoch 20/27 - Train Acc: 0.7079, Val Acc: 0.7746, Val Loss: 0.7772, Time: 70.3s
2025-07-29 05:08:13 - AutoML.ComparativeEarlyStopping - INFO - Early stopping evaluation for mobilenetv3_small_100:
2025-07-29 05:08:13 - AutoML.ComparativeEarlyStopping - INFO -   Decision scores: {'statistical_significance': 0.0, 'performance_gap': 0.2585592011412244, 'learning_trend': 0.0, 'resource_efficiency': 0.0}
2025-07-29 05:08:13 - AutoML.ComparativeEarlyStopping - INFO -   Final score: 0.065
2025-07-29 05:08:13 - AutoML.ComparativeEarlyStopping - INFO -   Decision: CONTINUE
2025-07-29 05:09:24 - AutoML.ComparativeEarlyStopping - INFO - Early stopping evaluation for mobilenetv3_small_100:
2025-07-29 05:09:24 - AutoML.ComparativeEarlyStopping - INFO -   Decision scores: {'statistical_significance': 0.0, 'performance_gap': 0.23478364241559524, 'learning_trend': 0.0, 'resource_efficiency': 0.0}
2025-07-29 05:09:24 - AutoML.ComparativeEarlyStopping - INFO -   Final score: 0.059
2025-07-29 05:09:24 - AutoML.ComparativeEarlyStopping - INFO -   Decision: CONTINUE
2025-07-29 05:10:31 - AutoML.ComparativeEarlyStopping - INFO - Early stopping evaluation for mobilenetv3_small_100:
2025-07-29 05:10:31 - AutoML.ComparativeEarlyStopping - INFO -   Decision scores: {'statistical_significance': 0.0, 'performance_gap': 0.23478364241559524, 'learning_trend': 0.0, 'resource_efficiency': 0.0}
2025-07-29 05:10:31 - AutoML.ComparativeEarlyStopping - INFO -   Final score: 0.059
2025-07-29 05:10:31 - AutoML.ComparativeEarlyStopping - INFO -   Decision: CONTINUE
2025-07-29 05:11:40 - AutoML.ComparativeEarlyStopping - INFO - Early stopping evaluation for mobilenetv3_small_100:
2025-07-29 05:11:40 - AutoML.ComparativeEarlyStopping - INFO -   Decision scores: {'statistical_significance': 0.0, 'performance_gap': 0.3120542082738931, 'learning_trend': 0.0, 'resource_efficiency': 0.0}
2025-07-29 05:11:40 - AutoML.ComparativeEarlyStopping - INFO -   Final score: 0.078
2025-07-29 05:11:40 - AutoML.ComparativeEarlyStopping - INFO -   Decision: CONTINUE
2025-07-29 05:12:50 - AutoML.ComparativeEarlyStopping - INFO - Early stopping evaluation for mobilenetv3_small_100:
2025-07-29 05:12:50 - AutoML.ComparativeEarlyStopping - INFO -   Decision scores: {'statistical_significance': 0.0, 'performance_gap': 0.32988587731811597, 'learning_trend': 0.0, 'resource_efficiency': 0.0}
2025-07-29 05:12:50 - AutoML.ComparativeEarlyStopping - INFO -   Final score: 0.082
2025-07-29 05:12:50 - AutoML.ComparativeEarlyStopping - INFO -   Decision: CONTINUE
2025-07-29 05:12:50 - AutoML.Trainer - INFO - Epoch 25/27 - Train Acc: 0.7044, Val Acc: 0.7710, Val Loss: 0.7704, Time: 69.4s
2025-07-29 05:14:01 - AutoML.ComparativeEarlyStopping - INFO - Early stopping evaluation for mobilenetv3_small_100:
2025-07-29 05:14:01 - AutoML.ComparativeEarlyStopping - INFO -   Decision scores: {'statistical_significance': 0.0, 'performance_gap': 0.30611031859248544, 'learning_trend': 0.0, 'resource_efficiency': 0.0}
2025-07-29 05:14:01 - AutoML.ComparativeEarlyStopping - INFO -   Final score: 0.077
2025-07-29 05:14:01 - AutoML.ComparativeEarlyStopping - INFO -   Decision: CONTINUE
2025-07-29 05:15:11 - AutoML.ComparativeEarlyStopping - INFO - Early stopping evaluation for mobilenetv3_small_100:
2025-07-29 05:15:11 - AutoML.ComparativeEarlyStopping - INFO -   Decision scores: {'statistical_significance': 0.0, 'performance_gap': 0.29125059438896567, 'learning_trend': 0.0, 'resource_efficiency': 0.0}
2025-07-29 05:15:11 - AutoML.ComparativeEarlyStopping - INFO -   Final score: 0.073
2025-07-29 05:15:11 - AutoML.ComparativeEarlyStopping - INFO -   Decision: CONTINUE
2025-07-29 05:15:11 - AutoML.Trainer - INFO - Epoch 27/27 - Train Acc: 0.7167, Val Acc: 0.7825, Val Loss: 0.7867, Time: 69.6s
2025-07-29 05:15:11 - AutoML.Trainer - INFO - Training completed for mobilenetv3_small_100
2025-07-29 05:15:11 - AutoML.Trainer - INFO - Best validation accuracy: 0.7974
2025-07-29 05:15:11 - AutoML.Trainer - INFO - Total training time: 1872.7s
2025-07-29 05:15:11 - AutoML.Trainer - INFO - Average epoch time: 69.4s
2025-07-29 05:15:11 - AutoML.Trainer - INFO - Evaluating hyperparameters for mobilenetv3_small_100: {'learning_rate': 4.312982540354709e-05, 'optimizer': 'rmsprop', 'weight_decay': 0.003598696714750098, 'batch_size': 32, 'dropout_rate': 0.1307101253749628, 'pretrained': True, 'lr_scheduler': 'plateau', 'max_epochs': 26}
2025-07-29 05:15:11 - AutoML.ModelFactory - INFO - Creating mobilenetv3_small_100 (pretrained=True, dropout=0.1307101253749628)
2025-07-29 05:15:11 - AutoML - INFO -  Starting: mobilenetv3_small_100 creation
2025-07-29 05:15:11 - AutoML.ModelFactory - INFO - mobilenetv3_small_100 created successfully:
2025-07-29 05:15:11 - AutoML.ModelFactory - INFO -   Parameters: 1,525,031
2025-07-29 05:15:11 - AutoML.ModelFactory - INFO -   Trainable: 1,525,031
2025-07-29 05:15:11 - AutoML.ModelFactory - INFO -   Model size: 5.82 MB
2025-07-29 05:15:11 - AutoML - INFO -  mobilenetv3_small_100 creation completed in 0.22 seconds
2025-07-29 05:15:22 - AutoML.Trainer - INFO - Total classes in dataset: 7
2025-07-29 05:15:22 - AutoML.Trainer - INFO - Classes found in sample: 7
2025-07-29 05:15:22 - AutoML.Trainer - INFO - Sample size: 80 labels
2025-07-29 05:15:22 - AutoML.Trainer - INFO - Class distribution (sample): {0: 3, 1: 3, 2: 15, 3: 1, 4: 12, 5: 45, 6: 1}
2025-07-29 05:15:22 - AutoML.Trainer - INFO - Class weights tensor shape: torch.Size([7])
2025-07-29 05:15:22 - AutoML.Trainer - INFO - Sample class weights range: [0.2540, 11.4286]
2025-07-29 05:15:22 - AutoML.Trainer - INFO - Mean weight for missing classes: 4.6349
2025-07-29 05:21:09 - AutoML.ComparativeEarlyStopping - INFO - Early stopping evaluation for mobilenetv3_small_100:
2025-07-29 05:21:09 - AutoML.ComparativeEarlyStopping - INFO -   Decision scores: {'statistical_significance': 0.0, 'performance_gap': 1.0, 'learning_trend': 0.0, 'resource_efficiency': 0.0}
2025-07-29 05:21:09 - AutoML.ComparativeEarlyStopping - INFO -   Final score: 0.250
2025-07-29 05:21:09 - AutoML.ComparativeEarlyStopping - INFO -   Decision: CONTINUE
2025-07-29 05:21:09 - AutoML.Trainer - INFO - Epoch 5/26 - Train Acc: 0.6528, Val Acc: 0.7083, Val Loss: 1.1737, Time: 73.6s
2025-07-29 05:22:18 - AutoML.ComparativeEarlyStopping - INFO - Early stopping evaluation for mobilenetv3_small_100:
2025-07-29 05:22:18 - AutoML.ComparativeEarlyStopping - INFO -   Decision scores: {'statistical_significance': 0.0, 'performance_gap': 0.8796956728483102, 'learning_trend': 0.0, 'resource_efficiency': 0.0}
2025-07-29 05:22:18 - AutoML.ComparativeEarlyStopping - INFO -   Final score: 0.220
2025-07-29 05:22:18 - AutoML.ComparativeEarlyStopping - INFO -   Decision: CONTINUE
2025-07-29 05:23:28 - AutoML.ComparativeEarlyStopping - INFO - Early stopping evaluation for mobilenetv3_small_100:
2025-07-29 05:23:28 - AutoML.ComparativeEarlyStopping - INFO -   Decision scores: {'statistical_significance': 0.5, 'performance_gap': 0.8202567760342366, 'learning_trend': 0.0, 'resource_efficiency': 0.0}
2025-07-29 05:23:28 - AutoML.ComparativeEarlyStopping - INFO -   Final score: 0.380
2025-07-29 05:23:28 - AutoML.ComparativeEarlyStopping - INFO -   Decision: CONTINUE
2025-07-29 05:24:39 - AutoML.ComparativeEarlyStopping - INFO - Early stopping evaluation for mobilenetv3_small_100:
2025-07-29 05:24:39 - AutoML.ComparativeEarlyStopping - INFO -   Decision scores: {'statistical_significance': 0.5, 'performance_gap': 0.6538278649548257, 'learning_trend': 0.0, 'resource_efficiency': 0.0}
2025-07-29 05:24:39 - AutoML.ComparativeEarlyStopping - INFO -   Final score: 0.338
2025-07-29 05:24:39 - AutoML.ComparativeEarlyStopping - INFO -   Decision: CONTINUE
2025-07-29 05:25:48 - AutoML.ComparativeEarlyStopping - INFO - Early stopping evaluation for mobilenetv3_small_100:
2025-07-29 05:25:48 - AutoML.ComparativeEarlyStopping - INFO -   Decision scores: {'statistical_significance': 0.5, 'performance_gap': 0.5884450784593431, 'learning_trend': 0.0, 'resource_efficiency': 0.0}
2025-07-29 05:25:48 - AutoML.ComparativeEarlyStopping - INFO -   Final score: 0.322
2025-07-29 05:25:48 - AutoML.ComparativeEarlyStopping - INFO -   Decision: CONTINUE
2025-07-29 05:26:56 - AutoML.ComparativeEarlyStopping - INFO - Early stopping evaluation for mobilenetv3_small_100:
2025-07-29 05:26:56 - AutoML.ComparativeEarlyStopping - INFO -   Decision scores: {'statistical_significance': 0.5, 'performance_gap': 0.7132667617689006, 'learning_trend': 0.0, 'resource_efficiency': 0.0}
2025-07-29 05:26:56 - AutoML.ComparativeEarlyStopping - INFO -   Final score: 0.353
2025-07-29 05:26:56 - AutoML.ComparativeEarlyStopping - INFO -   Decision: CONTINUE
2025-07-29 05:26:56 - AutoML.Trainer - INFO - Epoch 10/26 - Train Acc: 0.7024, Val Acc: 0.7204, Val Loss: 0.9762, Time: 67.9s
2025-07-29 05:28:06 - AutoML.ComparativeEarlyStopping - INFO - Early stopping evaluation for mobilenetv3_small_100:
2025-07-29 05:28:06 - AutoML.ComparativeEarlyStopping - INFO -   Decision scores: {'statistical_significance': 0.5, 'performance_gap': 0.6924631478839732, 'learning_trend': 0.0, 'resource_efficiency': 0.0}
2025-07-29 05:28:06 - AutoML.ComparativeEarlyStopping - INFO -   Final score: 0.348
2025-07-29 05:28:06 - AutoML.ComparativeEarlyStopping - INFO -   Decision: CONTINUE
2025-07-29 05:29:15 - AutoML.ComparativeEarlyStopping - INFO - Early stopping evaluation for mobilenetv3_small_100:
2025-07-29 05:29:15 - AutoML.ComparativeEarlyStopping - INFO -   Decision scores: {'statistical_significance': 0.5, 'performance_gap': 0.6241084165477861, 'learning_trend': 0.0, 'resource_efficiency': 0.0}
2025-07-29 05:29:15 - AutoML.ComparativeEarlyStopping - INFO -   Final score: 0.331
2025-07-29 05:29:15 - AutoML.ComparativeEarlyStopping - INFO -   Decision: CONTINUE
2025-07-29 05:30:25 - AutoML.ComparativeEarlyStopping - INFO - Early stopping evaluation for mobilenetv3_small_100:
2025-07-29 05:30:25 - AutoML.ComparativeEarlyStopping - INFO -   Decision scores: {'statistical_significance': 0.5, 'performance_gap': 0.5349500713266744, 'learning_trend': 0.0, 'resource_efficiency': 0.0}
2025-07-29 05:30:25 - AutoML.ComparativeEarlyStopping - INFO -   Final score: 0.309
2025-07-29 05:30:25 - AutoML.ComparativeEarlyStopping - INFO -   Decision: CONTINUE
2025-07-29 05:31:34 - AutoML.ComparativeEarlyStopping - INFO - Early stopping evaluation for mobilenetv3_small_100:
2025-07-29 05:31:34 - AutoML.ComparativeEarlyStopping - INFO -   Decision scores: {'statistical_significance': 0.5, 'performance_gap': 0.4220161673799308, 'learning_trend': 0.0, 'resource_efficiency': 0.0}
2025-07-29 05:31:34 - AutoML.ComparativeEarlyStopping - INFO -   Final score: 0.281
2025-07-29 05:31:34 - AutoML.ComparativeEarlyStopping - INFO -   Decision: CONTINUE
2025-07-29 05:32:43 - AutoML.ComparativeEarlyStopping - INFO - Early stopping evaluation for mobilenetv3_small_100:
2025-07-29 05:32:43 - AutoML.ComparativeEarlyStopping - INFO -   Decision scores: {'statistical_significance': 0.5, 'performance_gap': 0.41904422253922907, 'learning_trend': 0.0, 'resource_efficiency': 0.0}
2025-07-29 05:32:43 - AutoML.ComparativeEarlyStopping - INFO -   Final score: 0.280
2025-07-29 05:32:43 - AutoML.ComparativeEarlyStopping - INFO -   Decision: CONTINUE
2025-07-29 05:32:43 - AutoML.Trainer - INFO - Epoch 15/26 - Train Acc: 0.7252, Val Acc: 0.7810, Val Loss: 0.9075, Time: 68.9s
2025-07-29 05:33:55 - AutoML.ComparativeEarlyStopping - INFO - Early stopping evaluation for mobilenetv3_small_100:
2025-07-29 05:33:55 - AutoML.ComparativeEarlyStopping - INFO -   Decision scores: {'statistical_significance': 0.5, 'performance_gap': 0.3150261531145962, 'learning_trend': 0.0, 'resource_efficiency': 0.0}
2025-07-29 05:33:55 - AutoML.ComparativeEarlyStopping - INFO -   Final score: 0.254
2025-07-29 05:33:55 - AutoML.ComparativeEarlyStopping - INFO -   Decision: CONTINUE
2025-07-29 05:35:04 - AutoML.ComparativeEarlyStopping - INFO - Early stopping evaluation for mobilenetv3_small_100:
2025-07-29 05:35:04 - AutoML.ComparativeEarlyStopping - INFO -   Decision scores: {'statistical_significance': 0.5, 'performance_gap': 0.5943889681407494, 'learning_trend': 0.0, 'resource_efficiency': 0.0}
2025-07-29 05:35:04 - AutoML.ComparativeEarlyStopping - INFO -   Final score: 0.324
2025-07-29 05:35:04 - AutoML.ComparativeEarlyStopping - INFO -   Decision: CONTINUE
2025-07-29 05:36:14 - AutoML.ComparativeEarlyStopping - INFO - Early stopping evaluation for mobilenetv3_small_100:
2025-07-29 05:36:14 - AutoML.ComparativeEarlyStopping - INFO -   Decision scores: {'statistical_significance': 0.5, 'performance_gap': 0.6508559201141212, 'learning_trend': 0.0, 'resource_efficiency': 0.0}
2025-07-29 05:36:14 - AutoML.ComparativeEarlyStopping - INFO -   Final score: 0.338
2025-07-29 05:36:14 - AutoML.ComparativeEarlyStopping - INFO -   Decision: CONTINUE
2025-07-29 05:37:25 - AutoML.ComparativeEarlyStopping - INFO - Early stopping evaluation for mobilenetv3_small_100:
2025-07-29 05:37:25 - AutoML.ComparativeEarlyStopping - INFO -   Decision scores: {'statistical_significance': 0.5, 'performance_gap': 0.7013789824060868, 'learning_trend': 0.0, 'resource_efficiency': 0.0}
2025-07-29 05:37:25 - AutoML.ComparativeEarlyStopping - INFO -   Final score: 0.350
2025-07-29 05:37:25 - AutoML.ComparativeEarlyStopping - INFO -   Decision: CONTINUE
2025-07-29 05:38:34 - AutoML.ComparativeEarlyStopping - INFO - Early stopping evaluation for mobilenetv3_small_100:
2025-07-29 05:38:34 - AutoML.ComparativeEarlyStopping - INFO -   Decision scores: {'statistical_significance': 0.5, 'performance_gap': 0.5022586780789331, 'learning_trend': 0.5, 'resource_efficiency': 0.0}
2025-07-29 05:38:34 - AutoML.ComparativeEarlyStopping - INFO -   Final score: 0.426
2025-07-29 05:38:34 - AutoML.ComparativeEarlyStopping - INFO -   Decision: CONTINUE
2025-07-29 05:38:34 - AutoML.Trainer - INFO - Epoch 20/26 - Train Acc: 0.7373, Val Acc: 0.7611, Val Loss: 0.8459, Time: 69.1s
2025-07-29 05:39:45 - AutoML.ComparativeEarlyStopping - INFO - Early stopping evaluation for mobilenetv3_small_100:
2025-07-29 05:39:45 - AutoML.ComparativeEarlyStopping - INFO -   Decision scores: {'statistical_significance': 0.5, 'performance_gap': 0.43093200190204295, 'learning_trend': 0.5, 'resource_efficiency': 0.0}
2025-07-29 05:39:45 - AutoML.ComparativeEarlyStopping - INFO -   Final score: 0.408
2025-07-29 05:39:45 - AutoML.ComparativeEarlyStopping - INFO -   Decision: CONTINUE
2025-07-29 05:40:52 - AutoML.ComparativeEarlyStopping - INFO - Early stopping evaluation for mobilenetv3_small_100:
2025-07-29 05:40:52 - AutoML.ComparativeEarlyStopping - INFO -   Decision scores: {'statistical_significance': 0.5, 'performance_gap': 0.34474560152163436, 'learning_trend': 0.0, 'resource_efficiency': 0.0}
2025-07-29 05:40:52 - AutoML.ComparativeEarlyStopping - INFO -   Final score: 0.261
2025-07-29 05:40:52 - AutoML.ComparativeEarlyStopping - INFO -   Decision: CONTINUE
2025-07-29 05:42:00 - AutoML.ComparativeEarlyStopping - INFO - Early stopping evaluation for mobilenetv3_small_100:
2025-07-29 05:42:00 - AutoML.ComparativeEarlyStopping - INFO -   Decision scores: {'statistical_significance': 0.5, 'performance_gap': 0.29422253922967156, 'learning_trend': 0.0, 'resource_efficiency': 0.0}
2025-07-29 05:42:00 - AutoML.ComparativeEarlyStopping - INFO -   Final score: 0.249
2025-07-29 05:42:00 - AutoML.ComparativeEarlyStopping - INFO -   Decision: CONTINUE
2025-07-29 05:43:10 - AutoML.ComparativeEarlyStopping - INFO - Early stopping evaluation for mobilenetv3_small_100:
2025-07-29 05:43:10 - AutoML.ComparativeEarlyStopping - INFO -   Decision scores: {'statistical_significance': 0.5, 'performance_gap': 0.2853067047075608, 'learning_trend': 0.0, 'resource_efficiency': 0.0}
2025-07-29 05:43:10 - AutoML.ComparativeEarlyStopping - INFO -   Final score: 0.246
2025-07-29 05:43:10 - AutoML.ComparativeEarlyStopping - INFO -   Decision: CONTINUE
2025-07-29 05:44:19 - AutoML.ComparativeEarlyStopping - INFO - Early stopping evaluation for mobilenetv3_small_100:
2025-07-29 05:44:19 - AutoML.ComparativeEarlyStopping - INFO -   Decision scores: {'statistical_significance': 0.5, 'performance_gap': 0.25558725630052126, 'learning_trend': 0.0, 'resource_efficiency': 0.0}
2025-07-29 05:44:19 - AutoML.ComparativeEarlyStopping - INFO -   Final score: 0.239
2025-07-29 05:44:19 - AutoML.ComparativeEarlyStopping - INFO -   Decision: CONTINUE
2025-07-29 05:44:19 - AutoML.Trainer - INFO - Epoch 25/26 - Train Acc: 0.7726, Val Acc: 0.7825, Val Loss: 0.8429, Time: 69.0s
2025-07-29 05:45:28 - AutoML.ComparativeEarlyStopping - INFO - Early stopping evaluation for mobilenetv3_small_100:
2025-07-29 05:45:28 - AutoML.ComparativeEarlyStopping - INFO -   Decision scores: {'statistical_significance': 0.5, 'performance_gap': 0.19020446980504008, 'learning_trend': 0.0, 'resource_efficiency': 0.0}
2025-07-29 05:45:28 - AutoML.ComparativeEarlyStopping - INFO -   Final score: 0.223
2025-07-29 05:45:28 - AutoML.ComparativeEarlyStopping - INFO -   Decision: CONTINUE
2025-07-29 05:45:28 - AutoML.Trainer - INFO - Epoch 26/26 - Train Acc: 0.7701, Val Acc: 0.7889, Val Loss: 0.9045, Time: 69.8s
2025-07-29 05:45:28 - AutoML.Trainer - INFO - Training completed for mobilenetv3_small_100
2025-07-29 05:45:28 - AutoML.Trainer - INFO - Best validation accuracy: 0.7889
2025-07-29 05:45:28 - AutoML.Trainer - INFO - Total training time: 1806.3s
2025-07-29 05:45:28 - AutoML.Trainer - INFO - Average epoch time: 69.5s
2025-07-29 05:45:28 - AutoML.HPO.successive_halving - INFO - Successive halving round: 7 candidates, resource: 0.40
2025-07-29 05:45:28 - AutoML.Trainer - INFO - Evaluating hyperparameters for mobilenetv3_small_100: {'learning_rate': 3.175269801726249e-05, 'optimizer': 'rmsprop', 'weight_decay': 0.00018413563870723357, 'batch_size': 16, 'dropout_rate': 0.28501381229403283, 'pretrained': True, 'lr_scheduler': 'plateau', 'max_epochs': 32}
2025-07-29 05:45:28 - AutoML.ModelFactory - INFO - Creating mobilenetv3_small_100 (pretrained=True, dropout=0.28501381229403283)
2025-07-29 05:45:28 - AutoML - INFO -  Starting: mobilenetv3_small_100 creation
2025-07-29 05:45:29 - AutoML.ModelFactory - INFO - mobilenetv3_small_100 created successfully:
2025-07-29 05:45:29 - AutoML.ModelFactory - INFO -   Parameters: 1,525,031
2025-07-29 05:45:29 - AutoML.ModelFactory - INFO -   Trainable: 1,525,031
2025-07-29 05:45:29 - AutoML.ModelFactory - INFO -   Model size: 5.82 MB
2025-07-29 05:45:29 - AutoML - INFO -  mobilenetv3_small_100 creation completed in 0.55 seconds
2025-07-29 05:45:40 - AutoML.Trainer - INFO - Total classes in dataset: 7
2025-07-29 05:45:40 - AutoML.Trainer - INFO - Classes found in sample: 7
2025-07-29 05:45:40 - AutoML.Trainer - INFO - Sample size: 80 labels
2025-07-29 05:45:40 - AutoML.Trainer - INFO - Class distribution (sample): {0: 4, 1: 9, 2: 7, 3: 1, 4: 3, 5: 54, 6: 2}
2025-07-29 05:45:40 - AutoML.Trainer - INFO - Class weights tensor shape: torch.Size([7])
2025-07-29 05:45:40 - AutoML.Trainer - INFO - Sample class weights range: [0.2116, 11.4286]
2025-07-29 05:45:40 - AutoML.Trainer - INFO - Mean weight for missing classes: 3.8462
2025-07-29 05:51:28 - AutoML.ComparativeEarlyStopping - INFO - Early stopping evaluation for mobilenetv3_small_100:
2025-07-29 05:51:28 - AutoML.ComparativeEarlyStopping - INFO -   Decision scores: {'statistical_significance': 0.5, 'performance_gap': 1.0, 'learning_trend': 0.0, 'resource_efficiency': 0.0}
2025-07-29 05:51:28 - AutoML.ComparativeEarlyStopping - INFO -   Final score: 0.425
2025-07-29 05:51:28 - AutoML.ComparativeEarlyStopping - INFO -   Decision: CONTINUE
2025-07-29 05:51:28 - AutoML.Trainer - INFO - Epoch 5/32 - Train Acc: 0.5562, Val Acc: 0.6755, Val Loss: 1.0853, Time: 70.6s
2025-07-29 05:52:38 - AutoML.ComparativeEarlyStopping - INFO - Early stopping evaluation for mobilenetv3_small_100:
2025-07-29 05:52:38 - AutoML.ComparativeEarlyStopping - INFO -   Decision scores: {'statistical_significance': 0.5, 'performance_gap': 1.0, 'learning_trend': 0.0, 'resource_efficiency': 0.0}
2025-07-29 05:52:38 - AutoML.ComparativeEarlyStopping - INFO -   Final score: 0.425
2025-07-29 05:52:38 - AutoML.ComparativeEarlyStopping - INFO -   Decision: CONTINUE
2025-07-29 05:53:48 - AutoML.ComparativeEarlyStopping - INFO - Early stopping evaluation for mobilenetv3_small_100:
2025-07-29 05:53:48 - AutoML.ComparativeEarlyStopping - INFO -   Decision scores: {'statistical_significance': 0.5, 'performance_gap': 1.0, 'learning_trend': 0.0, 'resource_efficiency': 0.0}
2025-07-29 05:53:48 - AutoML.ComparativeEarlyStopping - INFO -   Final score: 0.425
2025-07-29 05:53:48 - AutoML.ComparativeEarlyStopping - INFO -   Decision: CONTINUE
2025-07-29 05:54:58 - AutoML.ComparativeEarlyStopping - INFO - Early stopping evaluation for mobilenetv3_small_100:
2025-07-29 05:54:58 - AutoML.ComparativeEarlyStopping - INFO -   Decision scores: {'statistical_significance': 0.5, 'performance_gap': 1.0, 'learning_trend': 0.0, 'resource_efficiency': 0.0}
2025-07-29 05:54:58 - AutoML.ComparativeEarlyStopping - INFO -   Final score: 0.425
2025-07-29 05:54:58 - AutoML.ComparativeEarlyStopping - INFO -   Decision: CONTINUE
2025-07-29 05:56:08 - AutoML.ComparativeEarlyStopping - INFO - Early stopping evaluation for mobilenetv3_small_100:
2025-07-29 05:56:08 - AutoML.ComparativeEarlyStopping - INFO -   Decision scores: {'statistical_significance': 0.5, 'performance_gap': 1.0, 'learning_trend': 0.0, 'resource_efficiency': 0.0}
2025-07-29 05:56:08 - AutoML.ComparativeEarlyStopping - INFO -   Final score: 0.425
2025-07-29 05:56:08 - AutoML.ComparativeEarlyStopping - INFO -   Decision: CONTINUE
2025-07-29 05:57:16 - AutoML.ComparativeEarlyStopping - INFO - Early stopping evaluation for mobilenetv3_small_100:
2025-07-29 05:57:16 - AutoML.ComparativeEarlyStopping - INFO -   Decision scores: {'statistical_significance': 0.5, 'performance_gap': 1.0, 'learning_trend': 0.0, 'resource_efficiency': 0.0}
2025-07-29 05:57:16 - AutoML.ComparativeEarlyStopping - INFO -   Final score: 0.425
2025-07-29 05:57:16 - AutoML.ComparativeEarlyStopping - INFO -   Decision: CONTINUE
2025-07-29 05:57:16 - AutoML.Trainer - INFO - Epoch 10/32 - Train Acc: 0.6323, Val Acc: 0.7233, Val Loss: 0.9741, Time: 68.5s
2025-07-29 05:58:26 - AutoML.ComparativeEarlyStopping - INFO - Early stopping evaluation for mobilenetv3_small_100:
2025-07-29 05:58:26 - AutoML.ComparativeEarlyStopping - INFO -   Decision scores: {'statistical_significance': 0.5, 'performance_gap': 1.0, 'learning_trend': 0.0, 'resource_efficiency': 0.0}
2025-07-29 05:58:26 - AutoML.ComparativeEarlyStopping - INFO -   Final score: 0.425
2025-07-29 05:58:26 - AutoML.ComparativeEarlyStopping - INFO -   Decision: CONTINUE
2025-07-29 05:59:36 - AutoML.ComparativeEarlyStopping - INFO - Early stopping evaluation for mobilenetv3_small_100:
2025-07-29 05:59:36 - AutoML.ComparativeEarlyStopping - INFO -   Decision scores: {'statistical_significance': 0.5, 'performance_gap': 1.0, 'learning_trend': 0.0, 'resource_efficiency': 0.0}
2025-07-29 05:59:36 - AutoML.ComparativeEarlyStopping - INFO -   Final score: 0.425
2025-07-29 05:59:36 - AutoML.ComparativeEarlyStopping - INFO -   Decision: CONTINUE
2025-07-29 06:00:46 - AutoML.ComparativeEarlyStopping - INFO - Early stopping evaluation for mobilenetv3_small_100:
2025-07-29 06:00:46 - AutoML.ComparativeEarlyStopping - INFO -   Decision scores: {'statistical_significance': 0.5, 'performance_gap': 0.8945553970518285, 'learning_trend': 0.0, 'resource_efficiency': 0.0}
2025-07-29 06:00:46 - AutoML.ComparativeEarlyStopping - INFO -   Final score: 0.399
2025-07-29 06:00:46 - AutoML.ComparativeEarlyStopping - INFO -   Decision: CONTINUE
2025-07-29 06:01:54 - AutoML.ComparativeEarlyStopping - INFO - Early stopping evaluation for mobilenetv3_small_100:
2025-07-29 06:01:54 - AutoML.ComparativeEarlyStopping - INFO -   Decision scores: {'statistical_significance': 0.5, 'performance_gap': 1.0, 'learning_trend': 0.0, 'resource_efficiency': 0.0}
2025-07-29 06:01:54 - AutoML.ComparativeEarlyStopping - INFO -   Final score: 0.425
2025-07-29 06:01:54 - AutoML.ComparativeEarlyStopping - INFO -   Decision: CONTINUE
2025-07-29 06:03:05 - AutoML.ComparativeEarlyStopping - INFO - Early stopping evaluation for mobilenetv3_small_100:
2025-07-29 06:03:05 - AutoML.ComparativeEarlyStopping - INFO -   Decision scores: {'statistical_significance': 0.5, 'performance_gap': 1.0, 'learning_trend': 0.0, 'resource_efficiency': 0.0}
2025-07-29 06:03:05 - AutoML.ComparativeEarlyStopping - INFO -   Final score: 0.425
2025-07-29 06:03:05 - AutoML.ComparativeEarlyStopping - INFO -   Decision: CONTINUE
2025-07-29 06:03:05 - AutoML.Trainer - INFO - Epoch 15/32 - Train Acc: 0.6833, Val Acc: 0.6976, Val Loss: 0.9020, Time: 70.4s
2025-07-29 06:04:15 - AutoML.ComparativeEarlyStopping - INFO - Early stopping evaluation for mobilenetv3_small_100:
2025-07-29 06:04:15 - AutoML.ComparativeEarlyStopping - INFO -   Decision scores: {'statistical_significance': 0.5, 'performance_gap': 1.0, 'learning_trend': 0.0, 'resource_efficiency': 0.0}
2025-07-29 06:04:15 - AutoML.ComparativeEarlyStopping - INFO -   Final score: 0.425
2025-07-29 06:04:15 - AutoML.ComparativeEarlyStopping - INFO -   Decision: CONTINUE
2025-07-29 06:05:23 - AutoML.ComparativeEarlyStopping - INFO - Early stopping evaluation for mobilenetv3_small_100:
2025-07-29 06:05:23 - AutoML.ComparativeEarlyStopping - INFO -   Decision scores: {'statistical_significance': 0.5, 'performance_gap': 0.9539942938659035, 'learning_trend': 0.0, 'resource_efficiency': 0.0}
2025-07-29 06:05:23 - AutoML.ComparativeEarlyStopping - INFO -   Final score: 0.413
2025-07-29 06:05:23 - AutoML.ComparativeEarlyStopping - INFO -   Decision: CONTINUE
2025-07-29 06:06:32 - AutoML.ComparativeEarlyStopping - INFO - Early stopping evaluation for mobilenetv3_small_100:
2025-07-29 06:06:32 - AutoML.ComparativeEarlyStopping - INFO -   Decision scores: {'statistical_significance': 0.5, 'performance_gap': 0.6122206371849737, 'learning_trend': 0.0, 'resource_efficiency': 0.0}
2025-07-29 06:06:32 - AutoML.ComparativeEarlyStopping - INFO -   Final score: 0.328
2025-07-29 06:06:32 - AutoML.ComparativeEarlyStopping - INFO -   Decision: CONTINUE
2025-07-29 06:07:43 - AutoML.ComparativeEarlyStopping - INFO - Early stopping evaluation for mobilenetv3_small_100:
2025-07-29 06:07:43 - AutoML.ComparativeEarlyStopping - INFO -   Decision scores: {'statistical_significance': 0.5, 'performance_gap': 0.5765572990965264, 'learning_trend': 0.0, 'resource_efficiency': 0.0}
2025-07-29 06:07:43 - AutoML.ComparativeEarlyStopping - INFO -   Final score: 0.319
2025-07-29 06:07:43 - AutoML.ComparativeEarlyStopping - INFO -   Decision: CONTINUE
2025-07-29 06:08:51 - AutoML.ComparativeEarlyStopping - INFO - Early stopping evaluation for mobilenetv3_small_100:
2025-07-29 06:08:51 - AutoML.ComparativeEarlyStopping - INFO -   Decision scores: {'statistical_significance': 0.5, 'performance_gap': 0.25261531145981675, 'learning_trend': 0.0, 'resource_efficiency': 0.0}
2025-07-29 06:08:51 - AutoML.ComparativeEarlyStopping - INFO -   Final score: 0.238
2025-07-29 06:08:51 - AutoML.ComparativeEarlyStopping - INFO -   Decision: CONTINUE
2025-07-29 06:08:51 - AutoML.Trainer - INFO - Epoch 20/32 - Train Acc: 0.7138, Val Acc: 0.7889, Val Loss: 0.9905, Time: 68.9s
2025-07-29 06:10:01 - AutoML.ComparativeEarlyStopping - INFO - Early stopping evaluation for mobilenetv3_small_100:
2025-07-29 06:10:01 - AutoML.ComparativeEarlyStopping - INFO -   Decision scores: {'statistical_significance': 0.5, 'performance_gap': 0.22289586305278136, 'learning_trend': 0.0, 'resource_efficiency': 0.0}
2025-07-29 06:10:01 - AutoML.ComparativeEarlyStopping - INFO -   Final score: 0.231
2025-07-29 06:10:01 - AutoML.ComparativeEarlyStopping - INFO -   Decision: CONTINUE
2025-07-29 06:11:10 - AutoML.ComparativeEarlyStopping - INFO - Early stopping evaluation for mobilenetv3_small_100:
2025-07-29 06:11:10 - AutoML.ComparativeEarlyStopping - INFO -   Decision scores: {'statistical_significance': 0.5, 'performance_gap': 0.23478364241559524, 'learning_trend': 0.0, 'resource_efficiency': 0.0}
2025-07-29 06:11:10 - AutoML.ComparativeEarlyStopping - INFO -   Final score: 0.234
2025-07-29 06:11:10 - AutoML.ComparativeEarlyStopping - INFO -   Decision: CONTINUE
2025-07-29 06:12:21 - AutoML.ComparativeEarlyStopping - INFO - Early stopping evaluation for mobilenetv3_small_100:
2025-07-29 06:12:21 - AutoML.ComparativeEarlyStopping - INFO -   Decision scores: {'statistical_significance': 0.5, 'performance_gap': 0.3001664289110778, 'learning_trend': 0.0, 'resource_efficiency': 0.0}
2025-07-29 06:12:21 - AutoML.ComparativeEarlyStopping - INFO -   Final score: 0.250
2025-07-29 06:12:21 - AutoML.ComparativeEarlyStopping - INFO -   Decision: CONTINUE
2025-07-29 06:13:30 - AutoML.ComparativeEarlyStopping - INFO - Early stopping evaluation for mobilenetv3_small_100:
2025-07-29 06:13:30 - AutoML.ComparativeEarlyStopping - INFO -   Decision scores: {'statistical_significance': 0.5, 'performance_gap': 0.6181645268663799, 'learning_trend': 0.0, 'resource_efficiency': 0.0}
2025-07-29 06:13:30 - AutoML.ComparativeEarlyStopping - INFO -   Final score: 0.330
2025-07-29 06:13:30 - AutoML.ComparativeEarlyStopping - INFO -   Decision: CONTINUE
2025-07-29 06:14:41 - AutoML.ComparativeEarlyStopping - INFO - Early stopping evaluation for mobilenetv3_small_100:
2025-07-29 06:14:41 - AutoML.ComparativeEarlyStopping - INFO -   Decision scores: {'statistical_significance': 0.5, 'performance_gap': 0.6924631478839732, 'learning_trend': 0.5, 'resource_efficiency': 0.0}
2025-07-29 06:14:41 - AutoML.ComparativeEarlyStopping - INFO -   Final score: 0.473
2025-07-29 06:14:41 - AutoML.ComparativeEarlyStopping - INFO -   Decision: CONTINUE
2025-07-29 06:14:41 - AutoML.Trainer - INFO - Epoch 25/32 - Train Acc: 0.7192, Val Acc: 0.7539, Val Loss: 0.8316, Time: 70.4s
2025-07-29 06:15:53 - AutoML.ComparativeEarlyStopping - INFO - Early stopping evaluation for mobilenetv3_small_100:
2025-07-29 06:15:53 - AutoML.ComparativeEarlyStopping - INFO -   Decision scores: {'statistical_significance': 0.5, 'performance_gap': 0.835116500237755, 'learning_trend': 0.5, 'resource_efficiency': 0.0}
2025-07-29 06:15:53 - AutoML.ComparativeEarlyStopping - INFO -   Final score: 0.509
2025-07-29 06:15:53 - AutoML.ComparativeEarlyStopping - INFO -   Decision: CONTINUE
2025-07-29 06:17:01 - AutoML.ComparativeEarlyStopping - INFO - Early stopping evaluation for mobilenetv3_small_100:
2025-07-29 06:17:01 - AutoML.ComparativeEarlyStopping - INFO -   Decision scores: {'statistical_significance': 0.5, 'performance_gap': 0.4279600570613398, 'learning_trend': 0.5, 'resource_efficiency': 0.0}
2025-07-29 06:17:01 - AutoML.ComparativeEarlyStopping - INFO -   Final score: 0.407
2025-07-29 06:17:01 - AutoML.ComparativeEarlyStopping - INFO -   Decision: CONTINUE
2025-07-29 06:18:09 - AutoML.ComparativeEarlyStopping - INFO - Early stopping evaluation for mobilenetv3_small_100:
2025-07-29 06:18:09 - AutoML.ComparativeEarlyStopping - INFO -   Decision scores: {'statistical_significance': 0.5, 'performance_gap': 0.3893247741321909, 'learning_trend': 0.5, 'resource_efficiency': 0.0}
2025-07-29 06:18:09 - AutoML.ComparativeEarlyStopping - INFO -   Final score: 0.397
2025-07-29 06:18:09 - AutoML.ComparativeEarlyStopping - INFO -   Decision: CONTINUE
2025-07-29 06:19:19 - AutoML.ComparativeEarlyStopping - INFO - Early stopping evaluation for mobilenetv3_small_100:
2025-07-29 06:19:19 - AutoML.ComparativeEarlyStopping - INFO -   Decision scores: {'statistical_significance': 0.5, 'performance_gap': 0.16048502139800191, 'learning_trend': 0.3, 'resource_efficiency': 0.0}
2025-07-29 06:19:19 - AutoML.ComparativeEarlyStopping - INFO -   Final score: 0.290
2025-07-29 06:19:19 - AutoML.ComparativeEarlyStopping - INFO -   Decision: CONTINUE
2025-07-29 06:20:30 - AutoML.ComparativeEarlyStopping - INFO - Early stopping evaluation for mobilenetv3_small_100:
2025-07-29 06:20:30 - AutoML.ComparativeEarlyStopping - INFO -   Decision scores: {'statistical_significance': 0.5, 'performance_gap': 0.15156918687588977, 'learning_trend': 0.0, 'resource_efficiency': 0.0}
2025-07-29 06:20:30 - AutoML.ComparativeEarlyStopping - INFO -   Final score: 0.213
2025-07-29 06:20:30 - AutoML.ComparativeEarlyStopping - INFO -   Decision: CONTINUE
2025-07-29 06:20:30 - AutoML.Trainer - INFO - Epoch 30/32 - Train Acc: 0.7359, Val Acc: 0.8103, Val Loss: 0.8746, Time: 70.6s
2025-07-29 06:21:42 - AutoML.ComparativeEarlyStopping - INFO - Early stopping evaluation for mobilenetv3_small_100:
2025-07-29 06:21:42 - AutoML.ComparativeEarlyStopping - INFO -   Decision scores: {'statistical_significance': 0.5, 'performance_gap': 0.0, 'learning_trend': 0.0, 'resource_efficiency': 0.0}
2025-07-29 06:21:42 - AutoML.ComparativeEarlyStopping - INFO -   Final score: 0.175
2025-07-29 06:21:42 - AutoML.ComparativeEarlyStopping - INFO -   Decision: CONTINUE
2025-07-29 06:22:52 - AutoML.ComparativeEarlyStopping - INFO - Early stopping evaluation for mobilenetv3_small_100:
2025-07-29 06:22:52 - AutoML.ComparativeEarlyStopping - INFO -   Decision scores: {'statistical_significance': 0.5, 'performance_gap': 0.0, 'learning_trend': 0.0, 'resource_efficiency': 0.0}
2025-07-29 06:22:52 - AutoML.ComparativeEarlyStopping - INFO -   Final score: 0.175
2025-07-29 06:22:52 - AutoML.ComparativeEarlyStopping - INFO -   Decision: CONTINUE
2025-07-29 06:22:52 - AutoML.Trainer - INFO - Epoch 32/32 - Train Acc: 0.7281, Val Acc: 0.8010, Val Loss: 0.7997, Time: 69.6s
2025-07-29 06:22:52 - AutoML.Trainer - INFO - Training completed for mobilenetv3_small_100
2025-07-29 06:22:52 - AutoML.Trainer - INFO - Best validation accuracy: 0.8103
2025-07-29 06:22:52 - AutoML.Trainer - INFO - Total training time: 2231.2s
2025-07-29 06:22:52 - AutoML.Trainer - INFO - Average epoch time: 69.7s
2025-07-29 06:22:52 - AutoML.Trainer - INFO - Evaluating hyperparameters for mobilenetv3_small_100: {'learning_rate': 6.376965725337132e-05, 'optimizer': 'adamw', 'weight_decay': 0.00014081516936381686, 'batch_size': 32, 'dropout_rate': 0.11354540932368759, 'pretrained': True, 'lr_scheduler': 'cosine', 'max_epochs': 35}
2025-07-29 06:22:52 - AutoML.ModelFactory - INFO - Creating mobilenetv3_small_100 (pretrained=True, dropout=0.11354540932368759)
2025-07-29 06:22:52 - AutoML - INFO -  Starting: mobilenetv3_small_100 creation
2025-07-29 06:22:52 - AutoML.ModelFactory - INFO - mobilenetv3_small_100 created successfully:
2025-07-29 06:22:52 - AutoML.ModelFactory - INFO -   Parameters: 1,525,031
2025-07-29 06:22:52 - AutoML.ModelFactory - INFO -   Trainable: 1,525,031
2025-07-29 06:22:52 - AutoML.ModelFactory - INFO -   Model size: 5.82 MB
2025-07-29 06:22:52 - AutoML - INFO -  mobilenetv3_small_100 creation completed in 0.24 seconds
2025-07-29 06:23:03 - AutoML.Trainer - INFO - Total classes in dataset: 7
2025-07-29 06:23:03 - AutoML.Trainer - INFO - Classes found in sample: 7
2025-07-29 06:23:03 - AutoML.Trainer - INFO - Sample size: 80 labels
2025-07-29 06:23:03 - AutoML.Trainer - INFO - Class distribution (sample): {0: 1, 1: 5, 2: 11, 3: 1, 4: 9, 5: 52, 6: 1}
2025-07-29 06:23:03 - AutoML.Trainer - INFO - Class weights tensor shape: torch.Size([7])
2025-07-29 06:23:03 - AutoML.Trainer - INFO - Sample class weights range: [0.2198, 11.4286]
2025-07-29 06:23:03 - AutoML.Trainer - INFO - Mean weight for missing classes: 5.5857
2025-07-29 06:28:46 - AutoML.ComparativeEarlyStopping - INFO - Early stopping evaluation for mobilenetv3_small_100:
2025-07-29 06:28:46 - AutoML.ComparativeEarlyStopping - INFO -   Decision scores: {'statistical_significance': 0.5, 'performance_gap': 1.0, 'learning_trend': 0.0, 'resource_efficiency': 0.0}
2025-07-29 06:28:46 - AutoML.ComparativeEarlyStopping - INFO -   Final score: 0.425
2025-07-29 06:28:46 - AutoML.ComparativeEarlyStopping - INFO -   Decision: CONTINUE
2025-07-29 06:28:46 - AutoML.Trainer - INFO - Epoch 5/35 - Train Acc: 0.6300, Val Acc: 0.7126, Val Loss: 1.0763, Time: 67.6s
2025-07-29 06:29:54 - AutoML.ComparativeEarlyStopping - INFO - Early stopping evaluation for mobilenetv3_small_100:
2025-07-29 06:29:54 - AutoML.ComparativeEarlyStopping - INFO -   Decision scores: {'statistical_significance': 0.5, 'performance_gap': 1.0, 'learning_trend': 0.0, 'resource_efficiency': 0.0}
2025-07-29 06:29:54 - AutoML.ComparativeEarlyStopping - INFO -   Final score: 0.425
2025-07-29 06:29:54 - AutoML.ComparativeEarlyStopping - INFO -   Decision: CONTINUE
2025-07-29 06:31:06 - AutoML.ComparativeEarlyStopping - INFO - Early stopping evaluation for mobilenetv3_small_100:
2025-07-29 06:31:06 - AutoML.ComparativeEarlyStopping - INFO -   Decision scores: {'statistical_significance': 0.5, 'performance_gap': 1.0, 'learning_trend': 0.0, 'resource_efficiency': 0.0}
2025-07-29 06:31:06 - AutoML.ComparativeEarlyStopping - INFO -   Final score: 0.425
2025-07-29 06:31:06 - AutoML.ComparativeEarlyStopping - INFO -   Decision: CONTINUE
2025-07-29 06:32:16 - AutoML.ComparativeEarlyStopping - INFO - Early stopping evaluation for mobilenetv3_small_100:
2025-07-29 06:32:16 - AutoML.ComparativeEarlyStopping - INFO -   Decision scores: {'statistical_significance': 0.5, 'performance_gap': 1.0, 'learning_trend': 0.0, 'resource_efficiency': 0.0}
2025-07-29 06:32:16 - AutoML.ComparativeEarlyStopping - INFO -   Final score: 0.425
2025-07-29 06:32:16 - AutoML.ComparativeEarlyStopping - INFO -   Decision: CONTINUE
2025-07-29 06:33:27 - AutoML.ComparativeEarlyStopping - INFO - Early stopping evaluation for mobilenetv3_small_100:
2025-07-29 06:33:27 - AutoML.ComparativeEarlyStopping - INFO -   Decision scores: {'statistical_significance': 0.5, 'performance_gap': 0.7013789824060868, 'learning_trend': 0.0, 'resource_efficiency': 0.0}
2025-07-29 06:33:27 - AutoML.ComparativeEarlyStopping - INFO -   Final score: 0.350
2025-07-29 06:33:27 - AutoML.ComparativeEarlyStopping - INFO -   Decision: CONTINUE
2025-07-29 06:34:36 - AutoML.ComparativeEarlyStopping - INFO - Early stopping evaluation for mobilenetv3_small_100:
2025-07-29 06:34:36 - AutoML.ComparativeEarlyStopping - INFO -   Decision scores: {'statistical_significance': 0.5, 'performance_gap': 1.0, 'learning_trend': 0.0, 'resource_efficiency': 0.0}
2025-07-29 06:34:36 - AutoML.ComparativeEarlyStopping - INFO -   Final score: 0.425
2025-07-29 06:34:36 - AutoML.ComparativeEarlyStopping - INFO -   Decision: CONTINUE
2025-07-29 06:34:36 - AutoML.Trainer - INFO - Epoch 10/35 - Train Acc: 0.6794, Val Acc: 0.6690, Val Loss: 1.0151, Time: 69.7s
2025-07-29 06:35:46 - AutoML.ComparativeEarlyStopping - INFO - Early stopping evaluation for mobilenetv3_small_100:
2025-07-29 06:35:46 - AutoML.ComparativeEarlyStopping - INFO -   Decision scores: {'statistical_significance': 0.5, 'performance_gap': 0.9866856871136448, 'learning_trend': 0.0, 'resource_efficiency': 0.0}
2025-07-29 06:35:46 - AutoML.ComparativeEarlyStopping - INFO -   Final score: 0.422
2025-07-29 06:35:46 - AutoML.ComparativeEarlyStopping - INFO -   Decision: CONTINUE
2025-07-29 06:36:55 - AutoML.ComparativeEarlyStopping - INFO - Early stopping evaluation for mobilenetv3_small_100:
2025-07-29 06:36:55 - AutoML.ComparativeEarlyStopping - INFO -   Decision scores: {'statistical_significance': 0.5, 'performance_gap': 1.0, 'learning_trend': 0.0, 'resource_efficiency': 0.0}
2025-07-29 06:36:55 - AutoML.ComparativeEarlyStopping - INFO -   Final score: 0.425
2025-07-29 06:36:55 - AutoML.ComparativeEarlyStopping - INFO -   Decision: CONTINUE
2025-07-29 06:38:05 - AutoML.ComparativeEarlyStopping - INFO - Early stopping evaluation for mobilenetv3_small_100:
2025-07-29 06:38:05 - AutoML.ComparativeEarlyStopping - INFO -   Decision scores: {'statistical_significance': 0.5, 'performance_gap': 0.7905373276271971, 'learning_trend': 0.0, 'resource_efficiency': 0.0}
2025-07-29 06:38:05 - AutoML.ComparativeEarlyStopping - INFO -   Final score: 0.373
2025-07-29 06:38:05 - AutoML.ComparativeEarlyStopping - INFO -   Decision: CONTINUE
2025-07-29 06:39:16 - AutoML.ComparativeEarlyStopping - INFO - Early stopping evaluation for mobilenetv3_small_100:
2025-07-29 06:39:16 - AutoML.ComparativeEarlyStopping - INFO -   Decision scores: {'statistical_significance': 0.5, 'performance_gap': 0.8529481692819765, 'learning_trend': 0.0, 'resource_efficiency': 0.0}
2025-07-29 06:39:16 - AutoML.ComparativeEarlyStopping - INFO -   Final score: 0.388
2025-07-29 06:39:16 - AutoML.ComparativeEarlyStopping - INFO -   Decision: CONTINUE
2025-07-29 06:40:26 - AutoML.ComparativeEarlyStopping - INFO - Early stopping evaluation for mobilenetv3_small_100:
2025-07-29 06:40:26 - AutoML.ComparativeEarlyStopping - INFO -   Decision scores: {'statistical_significance': 0.5, 'performance_gap': 0.4903708987161193, 'learning_trend': 0.0, 'resource_efficiency': 0.0}
2025-07-29 06:40:26 - AutoML.ComparativeEarlyStopping - INFO -   Final score: 0.298
2025-07-29 06:40:26 - AutoML.ComparativeEarlyStopping - INFO -   Decision: CONTINUE
2025-07-29 06:40:26 - AutoML.Trainer - INFO - Epoch 15/35 - Train Acc: 0.7222, Val Acc: 0.7867, Val Loss: 0.9749, Time: 69.8s
2025-07-29 06:41:35 - AutoML.ComparativeEarlyStopping - INFO - Early stopping evaluation for mobilenetv3_small_100:
2025-07-29 06:41:35 - AutoML.ComparativeEarlyStopping - INFO -   Decision scores: {'statistical_significance': 0.5, 'performance_gap': 0.514146457441747, 'learning_trend': 0.0, 'resource_efficiency': 0.0}
2025-07-29 06:41:35 - AutoML.ComparativeEarlyStopping - INFO -   Final score: 0.304
2025-07-29 06:41:35 - AutoML.ComparativeEarlyStopping - INFO -   Decision: CONTINUE
2025-07-29 06:42:45 - AutoML.ComparativeEarlyStopping - INFO - Early stopping evaluation for mobilenetv3_small_100:
2025-07-29 06:42:45 - AutoML.ComparativeEarlyStopping - INFO -   Decision scores: {'statistical_significance': 0.5, 'performance_gap': 0.23775558725629975, 'learning_trend': 0.0, 'resource_efficiency': 0.0}
2025-07-29 06:42:45 - AutoML.ComparativeEarlyStopping - INFO -   Final score: 0.234
2025-07-29 06:42:45 - AutoML.ComparativeEarlyStopping - INFO -   Decision: CONTINUE
2025-07-29 06:43:54 - AutoML.ComparativeEarlyStopping - INFO - Early stopping evaluation for mobilenetv3_small_100:
2025-07-29 06:43:54 - AutoML.ComparativeEarlyStopping - INFO -   Decision scores: {'statistical_significance': 0.5, 'performance_gap': 0.14265335235377902, 'learning_trend': 0.0, 'resource_efficiency': 0.0}
2025-07-29 06:43:54 - AutoML.ComparativeEarlyStopping - INFO -   Final score: 0.211
2025-07-29 06:43:54 - AutoML.ComparativeEarlyStopping - INFO -   Decision: CONTINUE
2025-07-29 06:45:03 - AutoML.ComparativeEarlyStopping - INFO - Early stopping evaluation for mobilenetv3_small_100:
2025-07-29 06:45:03 - AutoML.ComparativeEarlyStopping - INFO -   Decision scores: {'statistical_significance': 0.5, 'performance_gap': 0.14562529719448214, 'learning_trend': 0.0, 'resource_efficiency': 0.0}
2025-07-29 06:45:03 - AutoML.ComparativeEarlyStopping - INFO -   Final score: 0.211
2025-07-29 06:45:03 - AutoML.ComparativeEarlyStopping - INFO -   Decision: CONTINUE
2025-07-29 06:46:13 - AutoML.ComparativeEarlyStopping - INFO - Early stopping evaluation for mobilenetv3_small_100:
2025-07-29 06:46:13 - AutoML.ComparativeEarlyStopping - INFO -   Decision scores: {'statistical_significance': 0.5, 'performance_gap': 0.23775558725629697, 'learning_trend': 0.0, 'resource_efficiency': 0.0}
2025-07-29 06:46:13 - AutoML.ComparativeEarlyStopping - INFO -   Final score: 0.234
2025-07-29 06:46:13 - AutoML.ComparativeEarlyStopping - INFO -   Decision: CONTINUE
2025-07-29 06:46:13 - AutoML.Trainer - INFO - Epoch 20/35 - Train Acc: 0.7557, Val Acc: 0.7725, Val Loss: 0.8164, Time: 70.5s
2025-07-29 06:47:24 - AutoML.ComparativeEarlyStopping - INFO - Early stopping evaluation for mobilenetv3_small_100:
2025-07-29 06:47:24 - AutoML.ComparativeEarlyStopping - INFO -   Decision scores: {'statistical_significance': 0.5, 'performance_gap': 0.30611031859248544, 'learning_trend': 0.0, 'resource_efficiency': 0.0}
2025-07-29 06:47:24 - AutoML.ComparativeEarlyStopping - INFO -   Final score: 0.252
2025-07-29 06:47:24 - AutoML.ComparativeEarlyStopping - INFO -   Decision: CONTINUE
2025-07-29 06:48:35 - AutoML.ComparativeEarlyStopping - INFO - Early stopping evaluation for mobilenetv3_small_100:
2025-07-29 06:48:35 - AutoML.ComparativeEarlyStopping - INFO -   Decision scores: {'statistical_significance': 0.5, 'performance_gap': 0.2110080836899647, 'learning_trend': 0.0, 'resource_efficiency': 0.0}
2025-07-29 06:48:35 - AutoML.ComparativeEarlyStopping - INFO -   Final score: 0.228
2025-07-29 06:48:35 - AutoML.ComparativeEarlyStopping - INFO -   Decision: CONTINUE
2025-07-29 06:49:44 - AutoML.ComparativeEarlyStopping - INFO - Early stopping evaluation for mobilenetv3_small_100:
2025-07-29 06:49:44 - AutoML.ComparativeEarlyStopping - INFO -   Decision scores: {'statistical_significance': 0.5, 'performance_gap': 0.18723252496433695, 'learning_trend': 0.0, 'resource_efficiency': 0.0}
2025-07-29 06:49:44 - AutoML.ComparativeEarlyStopping - INFO -   Final score: 0.222
2025-07-29 06:49:44 - AutoML.ComparativeEarlyStopping - INFO -   Decision: CONTINUE
2025-07-29 06:50:53 - AutoML.ComparativeEarlyStopping - INFO - Early stopping evaluation for mobilenetv3_small_100:
2025-07-29 06:50:53 - AutoML.ComparativeEarlyStopping - INFO -   Decision scores: {'statistical_significance': 0.5, 'performance_gap': 0.20506419400855846, 'learning_trend': 0.0, 'resource_efficiency': 0.0}
2025-07-29 06:50:53 - AutoML.ComparativeEarlyStopping - INFO -   Final score: 0.226
2025-07-29 06:50:53 - AutoML.ComparativeEarlyStopping - INFO -   Decision: CONTINUE
2025-07-29 06:52:05 - AutoML.ComparativeEarlyStopping - INFO - Early stopping evaluation for mobilenetv3_small_100:
2025-07-29 06:52:05 - AutoML.ComparativeEarlyStopping - INFO -   Decision scores: {'statistical_significance': 0.5, 'performance_gap': 0.14265335235377902, 'learning_trend': 0.0, 'resource_efficiency': 0.0}
2025-07-29 06:52:05 - AutoML.ComparativeEarlyStopping - INFO -   Final score: 0.211
2025-07-29 06:52:05 - AutoML.ComparativeEarlyStopping - INFO -   Decision: CONTINUE
2025-07-29 06:52:05 - AutoML.Trainer - INFO - Epoch 25/35 - Train Acc: 0.7817, Val Acc: 0.8024, Val Loss: 0.8299, Time: 71.2s
2025-07-29 06:53:13 - AutoML.ComparativeEarlyStopping - INFO - Early stopping evaluation for mobilenetv3_small_100:
2025-07-29 06:53:13 - AutoML.ComparativeEarlyStopping - INFO -   Decision scores: {'statistical_significance': 0.5, 'performance_gap': 0.07429862101759332, 'learning_trend': 0.0, 'resource_efficiency': 0.0}
2025-07-29 06:53:13 - AutoML.ComparativeEarlyStopping - INFO -   Final score: 0.194
2025-07-29 06:53:13 - AutoML.ComparativeEarlyStopping - INFO -   Decision: CONTINUE
2025-07-29 06:54:23 - AutoML.ComparativeEarlyStopping - INFO - Early stopping evaluation for mobilenetv3_small_100:
2025-07-29 06:54:23 - AutoML.ComparativeEarlyStopping - INFO -   Decision scores: {'statistical_significance': 0.5, 'performance_gap': 0.008915834522110755, 'learning_trend': 0.0, 'resource_efficiency': 0.0}
2025-07-29 06:54:23 - AutoML.ComparativeEarlyStopping - INFO -   Final score: 0.177
2025-07-29 06:54:23 - AutoML.ComparativeEarlyStopping - INFO -   Decision: CONTINUE
2025-07-29 06:55:34 - AutoML.ComparativeEarlyStopping - INFO - Early stopping evaluation for mobilenetv3_small_100:
2025-07-29 06:55:34 - AutoML.ComparativeEarlyStopping - INFO -   Decision scores: {'statistical_significance': 0.5, 'performance_gap': 0.047551117451258285, 'learning_trend': 0.0, 'resource_efficiency': 0.0}
2025-07-29 06:55:34 - AutoML.ComparativeEarlyStopping - INFO -   Final score: 0.187
2025-07-29 06:55:34 - AutoML.ComparativeEarlyStopping - INFO -   Decision: CONTINUE
2025-07-29 06:56:45 - AutoML.ComparativeEarlyStopping - INFO - Early stopping evaluation for mobilenetv3_small_100:
2025-07-29 06:56:45 - AutoML.ComparativeEarlyStopping - INFO -   Decision scores: {'statistical_significance': 0.5, 'performance_gap': 0.05943889681407494, 'learning_trend': 0.0, 'resource_efficiency': 0.0}
2025-07-29 06:56:45 - AutoML.ComparativeEarlyStopping - INFO -   Final score: 0.190
2025-07-29 06:56:45 - AutoML.ComparativeEarlyStopping - INFO -   Decision: CONTINUE
2025-07-29 06:57:54 - AutoML.ComparativeEarlyStopping - INFO - Early stopping evaluation for mobilenetv3_small_100:
2025-07-29 06:57:54 - AutoML.ComparativeEarlyStopping - INFO -   Decision scores: {'statistical_significance': 0.5, 'performance_gap': 0.06835473133618569, 'learning_trend': 0.0, 'resource_efficiency': 0.0}
2025-07-29 06:57:54 - AutoML.ComparativeEarlyStopping - INFO -   Final score: 0.192
2025-07-29 06:57:54 - AutoML.ComparativeEarlyStopping - INFO -   Decision: CONTINUE
2025-07-29 06:57:54 - AutoML.Trainer - INFO - Epoch 30/35 - Train Acc: 0.7971, Val Acc: 0.8024, Val Loss: 0.8168, Time: 69.2s
2025-07-29 06:59:03 - AutoML.ComparativeEarlyStopping - INFO - Early stopping evaluation for mobilenetv3_small_100:
2025-07-29 06:59:03 - AutoML.ComparativeEarlyStopping - INFO -   Decision scores: {'statistical_significance': 0.5, 'performance_gap': 0.014859724203517, 'learning_trend': 0.0, 'resource_efficiency': 0.0}
2025-07-29 06:59:03 - AutoML.ComparativeEarlyStopping - INFO -   Final score: 0.179
2025-07-29 06:59:03 - AutoML.ComparativeEarlyStopping - INFO -   Decision: CONTINUE
2025-07-29 07:00:16 - AutoML.ComparativeEarlyStopping - INFO - Early stopping evaluation for mobilenetv3_small_100:
2025-07-29 07:00:16 - AutoML.ComparativeEarlyStopping - INFO -   Decision scores: {'statistical_significance': 0.5, 'performance_gap': 0.014859724203517, 'learning_trend': 0.0, 'resource_efficiency': 0.0}
2025-07-29 07:00:16 - AutoML.ComparativeEarlyStopping - INFO -   Final score: 0.179
2025-07-29 07:00:16 - AutoML.ComparativeEarlyStopping - INFO -   Decision: CONTINUE
2025-07-29 07:01:29 - AutoML.ComparativeEarlyStopping - INFO - Early stopping evaluation for mobilenetv3_small_100:
2025-07-29 07:01:29 - AutoML.ComparativeEarlyStopping - INFO -   Decision scores: {'statistical_significance': 0.5, 'performance_gap': 0.0, 'learning_trend': 0.0, 'resource_efficiency': 0.0}
2025-07-29 07:01:29 - AutoML.ComparativeEarlyStopping - INFO -   Final score: 0.175
2025-07-29 07:01:29 - AutoML.ComparativeEarlyStopping - INFO -   Decision: CONTINUE
2025-07-29 07:02:40 - AutoML.ComparativeEarlyStopping - INFO - Early stopping evaluation for mobilenetv3_small_100:
2025-07-29 07:02:40 - AutoML.ComparativeEarlyStopping - INFO -   Decision scores: {'statistical_significance': 0.5, 'performance_gap': 0.0, 'learning_trend': 0.0, 'resource_efficiency': 0.0}
2025-07-29 07:02:40 - AutoML.ComparativeEarlyStopping - INFO -   Final score: 0.175
2025-07-29 07:02:40 - AutoML.ComparativeEarlyStopping - INFO -   Decision: CONTINUE
2025-07-29 07:03:52 - AutoML.ComparativeEarlyStopping - INFO - Early stopping evaluation for mobilenetv3_small_100:
2025-07-29 07:03:52 - AutoML.ComparativeEarlyStopping - INFO -   Decision scores: {'statistical_significance': 0.5, 'performance_gap': 0.0, 'learning_trend': 0.0, 'resource_efficiency': 0.0}
2025-07-29 07:03:52 - AutoML.ComparativeEarlyStopping - INFO -   Final score: 0.175
2025-07-29 07:03:52 - AutoML.ComparativeEarlyStopping - INFO -   Decision: CONTINUE
2025-07-29 07:03:52 - AutoML.Trainer - INFO - Epoch 35/35 - Train Acc: 0.8238, Val Acc: 0.8074, Val Loss: 0.8307, Time: 71.7s
2025-07-29 07:03:52 - AutoML.Trainer - INFO - Training completed for mobilenetv3_small_100
2025-07-29 07:03:52 - AutoML.Trainer - INFO - Best validation accuracy: 0.8096
2025-07-29 07:03:52 - AutoML.Trainer - INFO - Total training time: 2448.9s
2025-07-29 07:03:52 - AutoML.Trainer - INFO - Average epoch time: 70.0s
2025-07-29 07:03:52 - AutoML.Trainer - INFO - Evaluating hyperparameters for mobilenetv3_small_100: {'learning_rate': 4.9248586860380096e-05, 'optimizer': 'adamw', 'weight_decay': 9.937567155482717e-05, 'batch_size': 8, 'dropout_rate': 0.3654423841091953, 'pretrained': True, 'lr_scheduler': 'cosine', 'max_epochs': 24}
2025-07-29 07:03:52 - AutoML.ModelFactory - INFO - Creating mobilenetv3_small_100 (pretrained=True, dropout=0.3654423841091953)
2025-07-29 07:03:52 - AutoML - INFO -  Starting: mobilenetv3_small_100 creation
2025-07-29 07:03:52 - AutoML.ModelFactory - INFO - mobilenetv3_small_100 created successfully:
2025-07-29 07:03:52 - AutoML.ModelFactory - INFO -   Parameters: 1,525,031
2025-07-29 07:03:52 - AutoML.ModelFactory - INFO -   Trainable: 1,525,031
2025-07-29 07:03:52 - AutoML.ModelFactory - INFO -   Model size: 5.82 MB
2025-07-29 07:03:52 - AutoML - INFO -  mobilenetv3_small_100 creation completed in 0.20 seconds
2025-07-29 07:04:03 - AutoML.Trainer - INFO - Total classes in dataset: 7
2025-07-29 07:04:03 - AutoML.Trainer - INFO - Classes found in sample: 7
2025-07-29 07:04:03 - AutoML.Trainer - INFO - Sample size: 80 labels
2025-07-29 07:04:03 - AutoML.Trainer - INFO - Class distribution (sample): {0: 3, 1: 1, 2: 8, 3: 1, 4: 11, 5: 54, 6: 2}
2025-07-29 07:04:03 - AutoML.Trainer - INFO - Class weights tensor shape: torch.Size([7])
2025-07-29 07:04:03 - AutoML.Trainer - INFO - Sample class weights range: [0.2116, 11.4286]
2025-07-29 07:04:03 - AutoML.Trainer - INFO - Mean weight for missing classes: 5.0086
2025-07-29 07:09:54 - AutoML.ComparativeEarlyStopping - INFO - Early stopping evaluation for mobilenetv3_small_100:
2025-07-29 07:09:54 - AutoML.ComparativeEarlyStopping - INFO -   Decision scores: {'statistical_significance': 0.5, 'performance_gap': 1.0, 'learning_trend': 0.0, 'resource_efficiency': 0.0}
2025-07-29 07:09:54 - AutoML.ComparativeEarlyStopping - INFO -   Final score: 0.425
2025-07-29 07:09:54 - AutoML.ComparativeEarlyStopping - INFO -   Decision: CONTINUE
2025-07-29 07:09:54 - AutoML.Trainer - INFO - Epoch 5/24 - Train Acc: 0.5836, Val Acc: 0.7154, Val Loss: 1.0830, Time: 71.6s
2025-07-29 07:11:05 - AutoML.ComparativeEarlyStopping - INFO - Early stopping evaluation for mobilenetv3_small_100:
2025-07-29 07:11:05 - AutoML.ComparativeEarlyStopping - INFO -   Decision scores: {'statistical_significance': 0.5, 'performance_gap': 1.0, 'learning_trend': 0.0, 'resource_efficiency': 0.0}
2025-07-29 07:11:05 - AutoML.ComparativeEarlyStopping - INFO -   Final score: 0.425
2025-07-29 07:11:05 - AutoML.ComparativeEarlyStopping - INFO -   Decision: CONTINUE
2025-07-29 07:12:16 - AutoML.ComparativeEarlyStopping - INFO - Early stopping evaluation for mobilenetv3_small_100:
2025-07-29 07:12:16 - AutoML.ComparativeEarlyStopping - INFO -   Decision scores: {'statistical_significance': 0.5, 'performance_gap': 1.0, 'learning_trend': 0.0, 'resource_efficiency': 0.0}
2025-07-29 07:12:16 - AutoML.ComparativeEarlyStopping - INFO -   Final score: 0.425
2025-07-29 07:12:16 - AutoML.ComparativeEarlyStopping - INFO -   Decision: CONTINUE
2025-07-29 07:13:26 - AutoML.ComparativeEarlyStopping - INFO - Early stopping evaluation for mobilenetv3_small_100:
2025-07-29 07:13:26 - AutoML.ComparativeEarlyStopping - INFO -   Decision scores: {'statistical_significance': 0.5, 'performance_gap': 1.0, 'learning_trend': 0.0, 'resource_efficiency': 0.0}
2025-07-29 07:13:26 - AutoML.ComparativeEarlyStopping - INFO -   Final score: 0.425
2025-07-29 07:13:26 - AutoML.ComparativeEarlyStopping - INFO -   Decision: CONTINUE
2025-07-29 07:14:35 - AutoML.ComparativeEarlyStopping - INFO - Early stopping evaluation for mobilenetv3_small_100:
2025-07-29 07:14:35 - AutoML.ComparativeEarlyStopping - INFO -   Decision scores: {'statistical_significance': 0.5, 'performance_gap': 0.8172848311935321, 'learning_trend': 0.0, 'resource_efficiency': 0.0}
2025-07-29 07:14:35 - AutoML.ComparativeEarlyStopping - INFO -   Final score: 0.379
2025-07-29 07:14:35 - AutoML.ComparativeEarlyStopping - INFO -   Decision: CONTINUE
2025-07-29 07:15:45 - AutoML.ComparativeEarlyStopping - INFO - Early stopping evaluation for mobilenetv3_small_100:
2025-07-29 07:15:45 - AutoML.ComparativeEarlyStopping - INFO -   Decision scores: {'statistical_significance': 0.5, 'performance_gap': 0.5973609129814539, 'learning_trend': 0.0, 'resource_efficiency': 0.0}
2025-07-29 07:15:45 - AutoML.ComparativeEarlyStopping - INFO -   Final score: 0.324
2025-07-29 07:15:45 - AutoML.ComparativeEarlyStopping - INFO -   Decision: CONTINUE
2025-07-29 07:15:45 - AutoML.Trainer - INFO - Epoch 10/24 - Train Acc: 0.6717, Val Acc: 0.7518, Val Loss: 0.9293, Time: 69.6s
2025-07-29 07:16:55 - AutoML.ComparativeEarlyStopping - INFO - Early stopping evaluation for mobilenetv3_small_100:
2025-07-29 07:16:55 - AutoML.ComparativeEarlyStopping - INFO -   Decision scores: {'statistical_significance': 0.5, 'performance_gap': 0.7845934379457908, 'learning_trend': 0.0, 'resource_efficiency': 0.0}
2025-07-29 07:16:55 - AutoML.ComparativeEarlyStopping - INFO -   Final score: 0.371
2025-07-29 07:16:55 - AutoML.ComparativeEarlyStopping - INFO -   Decision: CONTINUE
2025-07-29 07:18:04 - AutoML.ComparativeEarlyStopping - INFO - Early stopping evaluation for mobilenetv3_small_100:
2025-07-29 07:18:04 - AutoML.ComparativeEarlyStopping - INFO -   Decision scores: {'statistical_significance': 0.5, 'performance_gap': 0.701378982406084, 'learning_trend': 0.0, 'resource_efficiency': 0.0}
2025-07-29 07:18:04 - AutoML.ComparativeEarlyStopping - INFO -   Final score: 0.350
2025-07-29 07:18:04 - AutoML.ComparativeEarlyStopping - INFO -   Decision: CONTINUE
2025-07-29 07:19:14 - AutoML.ComparativeEarlyStopping - INFO - Early stopping evaluation for mobilenetv3_small_100:
2025-07-29 07:19:14 - AutoML.ComparativeEarlyStopping - INFO -   Decision scores: {'statistical_significance': 0.5, 'performance_gap': 0.5527817403708973, 'learning_trend': 0.0, 'resource_efficiency': 0.0}
2025-07-29 07:19:14 - AutoML.ComparativeEarlyStopping - INFO -   Final score: 0.313
2025-07-29 07:19:14 - AutoML.ComparativeEarlyStopping - INFO -   Decision: CONTINUE
2025-07-29 07:20:24 - AutoML.ComparativeEarlyStopping - INFO - Early stopping evaluation for mobilenetv3_small_100:
2025-07-29 07:20:24 - AutoML.ComparativeEarlyStopping - INFO -   Decision scores: {'statistical_significance': 0.5, 'performance_gap': 0.3179980979553021, 'learning_trend': 0.0, 'resource_efficiency': 0.0}
2025-07-29 07:20:24 - AutoML.ComparativeEarlyStopping - INFO -   Final score: 0.254
2025-07-29 07:20:24 - AutoML.ComparativeEarlyStopping - INFO -   Decision: CONTINUE
2025-07-29 07:21:38 - AutoML.ComparativeEarlyStopping - INFO - Early stopping evaluation for mobilenetv3_small_100:
2025-07-29 07:21:38 - AutoML.ComparativeEarlyStopping - INFO -   Decision scores: {'statistical_significance': 0.5, 'performance_gap': 0.30908226343318856, 'learning_trend': 0.0, 'resource_efficiency': 0.0}
2025-07-29 07:21:38 - AutoML.ComparativeEarlyStopping - INFO -   Final score: 0.252
2025-07-29 07:21:38 - AutoML.ComparativeEarlyStopping - INFO -   Decision: CONTINUE
2025-07-29 07:21:38 - AutoML.Trainer - INFO - Epoch 15/24 - Train Acc: 0.7202, Val Acc: 0.7939, Val Loss: 0.8616, Time: 74.0s
2025-07-29 07:22:48 - AutoML.ComparativeEarlyStopping - INFO - Early stopping evaluation for mobilenetv3_small_100:
2025-07-29 07:22:48 - AutoML.ComparativeEarlyStopping - INFO -   Decision scores: {'statistical_significance': 0.5, 'performance_gap': 0.39526866381359854, 'learning_trend': 0.0, 'resource_efficiency': 0.0}
2025-07-29 07:22:48 - AutoML.ComparativeEarlyStopping - INFO -   Final score: 0.274
2025-07-29 07:22:48 - AutoML.ComparativeEarlyStopping - INFO -   Decision: CONTINUE
2025-07-29 07:23:58 - AutoML.ComparativeEarlyStopping - INFO - Early stopping evaluation for mobilenetv3_small_100:
2025-07-29 07:23:58 - AutoML.ComparativeEarlyStopping - INFO -   Decision scores: {'statistical_significance': 0.5, 'performance_gap': 0.3031383737517823, 'learning_trend': 0.0, 'resource_efficiency': 0.0}
2025-07-29 07:23:58 - AutoML.ComparativeEarlyStopping - INFO -   Final score: 0.251
2025-07-29 07:23:58 - AutoML.ComparativeEarlyStopping - INFO -   Decision: CONTINUE
2025-07-29 07:25:06 - AutoML.ComparativeEarlyStopping - INFO - Early stopping evaluation for mobilenetv3_small_100:
2025-07-29 07:25:06 - AutoML.ComparativeEarlyStopping - INFO -   Decision scores: {'statistical_significance': 0.5, 'performance_gap': 0.2823347598668549, 'learning_trend': 0.0, 'resource_efficiency': 0.0}
2025-07-29 07:25:06 - AutoML.ComparativeEarlyStopping - INFO -   Final score: 0.246
2025-07-29 07:25:06 - AutoML.ComparativeEarlyStopping - INFO -   Decision: CONTINUE
2025-07-29 07:26:15 - AutoML.ComparativeEarlyStopping - INFO - Early stopping evaluation for mobilenetv3_small_100:
2025-07-29 07:26:15 - AutoML.ComparativeEarlyStopping - INFO -   Decision scores: {'statistical_significance': 0.5, 'performance_gap': 0.24072753209700287, 'learning_trend': 0.0, 'resource_efficiency': 0.0}
2025-07-29 07:26:15 - AutoML.ComparativeEarlyStopping - INFO -   Final score: 0.235
2025-07-29 07:26:15 - AutoML.ComparativeEarlyStopping - INFO -   Decision: CONTINUE
2025-07-29 07:27:25 - AutoML.ComparativeEarlyStopping - INFO - Early stopping evaluation for mobilenetv3_small_100:
2025-07-29 07:27:25 - AutoML.ComparativeEarlyStopping - INFO -   Decision scores: {'statistical_significance': 0.5, 'performance_gap': 0.07727056585829645, 'learning_trend': 0.0, 'resource_efficiency': 0.0}
2025-07-29 07:27:25 - AutoML.ComparativeEarlyStopping - INFO -   Final score: 0.194
2025-07-29 07:27:25 - AutoML.ComparativeEarlyStopping - INFO -   Decision: CONTINUE
2025-07-29 07:27:25 - AutoML.Trainer - INFO - Epoch 20/24 - Train Acc: 0.7496, Val Acc: 0.8096, Val Loss: 0.8119, Time: 69.9s
2025-07-29 07:28:35 - AutoML.ComparativeEarlyStopping - INFO - Early stopping evaluation for mobilenetv3_small_100:
2025-07-29 07:28:35 - AutoML.ComparativeEarlyStopping - INFO -   Decision scores: {'statistical_significance': 0.5, 'performance_gap': 0.1040180694246301, 'learning_trend': 0.0, 'resource_efficiency': 0.0}
2025-07-29 07:28:35 - AutoML.ComparativeEarlyStopping - INFO -   Final score: 0.201
2025-07-29 07:28:35 - AutoML.ComparativeEarlyStopping - INFO -   Decision: CONTINUE
2025-07-29 07:29:45 - AutoML.ComparativeEarlyStopping - INFO - Early stopping evaluation for mobilenetv3_small_100:
2025-07-29 07:29:45 - AutoML.ComparativeEarlyStopping - INFO -   Decision scores: {'statistical_significance': 0.5, 'performance_gap': 0.0, 'learning_trend': 0.0, 'resource_efficiency': 0.0}
2025-07-29 07:29:45 - AutoML.ComparativeEarlyStopping - INFO -   Final score: 0.175
2025-07-29 07:29:45 - AutoML.ComparativeEarlyStopping - INFO -   Decision: CONTINUE
2025-07-29 07:30:54 - AutoML.ComparativeEarlyStopping - INFO - Early stopping evaluation for mobilenetv3_small_100:
2025-07-29 07:30:54 - AutoML.ComparativeEarlyStopping - INFO -   Decision scores: {'statistical_significance': 0.5, 'performance_gap': 0.03863528292914753, 'learning_trend': 0.0, 'resource_efficiency': 0.0}
2025-07-29 07:30:54 - AutoML.ComparativeEarlyStopping - INFO -   Final score: 0.185
2025-07-29 07:30:54 - AutoML.ComparativeEarlyStopping - INFO -   Decision: CONTINUE
2025-07-29 07:32:06 - AutoML.ComparativeEarlyStopping - INFO - Early stopping evaluation for mobilenetv3_small_100:
2025-07-29 07:32:06 - AutoML.ComparativeEarlyStopping - INFO -   Decision scores: {'statistical_significance': 0.5, 'performance_gap': 0.023775558725627755, 'learning_trend': 0.0, 'resource_efficiency': 0.0}
2025-07-29 07:32:06 - AutoML.ComparativeEarlyStopping - INFO -   Final score: 0.181
2025-07-29 07:32:06 - AutoML.ComparativeEarlyStopping - INFO -   Decision: CONTINUE
2025-07-29 07:32:06 - AutoML.Trainer - INFO - Epoch 24/24 - Train Acc: 0.7607, Val Acc: 0.7960, Val Loss: 0.7767, Time: 71.3s
2025-07-29 07:32:06 - AutoML.Trainer - INFO - Training completed for mobilenetv3_small_100
2025-07-29 07:32:06 - AutoML.Trainer - INFO - Best validation accuracy: 0.8096
2025-07-29 07:32:06 - AutoML.Trainer - INFO - Total training time: 1682.5s
2025-07-29 07:32:06 - AutoML.Trainer - INFO - Average epoch time: 70.1s
2025-07-29 07:32:06 - AutoML.Trainer - INFO - Evaluating hyperparameters for mobilenetv3_small_100: {'learning_rate': 1.684997298028541e-05, 'optimizer': 'adamw', 'weight_decay': 0.005475230425621457, 'batch_size': 8, 'dropout_rate': 0.14937978210987243, 'pretrained': True, 'lr_scheduler': 'step', 'max_epochs': 27}
2025-07-29 07:32:06 - AutoML.ModelFactory - INFO - Creating mobilenetv3_small_100 (pretrained=True, dropout=0.14937978210987243)
2025-07-29 07:32:06 - AutoML - INFO -  Starting: mobilenetv3_small_100 creation
2025-07-29 07:32:06 - AutoML.ModelFactory - INFO - mobilenetv3_small_100 created successfully:
2025-07-29 07:32:06 - AutoML.ModelFactory - INFO -   Parameters: 1,525,031
2025-07-29 07:32:06 - AutoML.ModelFactory - INFO -   Trainable: 1,525,031
2025-07-29 07:32:06 - AutoML.ModelFactory - INFO -   Model size: 5.82 MB
2025-07-29 07:32:06 - AutoML - INFO -  mobilenetv3_small_100 creation completed in 0.24 seconds
2025-07-29 07:32:17 - AutoML.Trainer - INFO - Total classes in dataset: 7
2025-07-29 07:32:17 - AutoML.Trainer - INFO - Classes found in sample: 6
2025-07-29 07:32:17 - AutoML.Trainer - INFO - Sample size: 80 labels
2025-07-29 07:32:17 - AutoML.Trainer - INFO - Class distribution (sample): {0: 2, 1: 2, 2: 7, 4: 11, 5: 56, 6: 2}
2025-07-29 07:32:17 - AutoML.Trainer - INFO - Class weights tensor shape: torch.Size([7])
2025-07-29 07:32:17 - AutoML.Trainer - INFO - Sample class weights range: [0.2381, 6.6667]
2025-07-29 07:32:17 - AutoML.Trainer - INFO - Mean weight for missing classes: 3.8925
2025-07-29 07:38:09 - AutoML.ComparativeEarlyStopping - INFO - Early stopping evaluation for mobilenetv3_small_100:
2025-07-29 07:38:09 - AutoML.ComparativeEarlyStopping - INFO -   Decision scores: {'statistical_significance': 0.5, 'performance_gap': 1.0, 'learning_trend': 0.0, 'resource_efficiency': 0.0}
2025-07-29 07:38:09 - AutoML.ComparativeEarlyStopping - INFO -   Final score: 0.425
2025-07-29 07:38:09 - AutoML.ComparativeEarlyStopping - INFO -   Decision: CONTINUE
2025-07-29 07:38:09 - AutoML.Trainer - INFO - Epoch 5/27 - Train Acc: 0.6086, Val Acc: 0.7054, Val Loss: 0.9830, Time: 69.4s
2025-07-29 07:39:20 - AutoML.ComparativeEarlyStopping - INFO - Early stopping evaluation for mobilenetv3_small_100:
2025-07-29 07:39:20 - AutoML.ComparativeEarlyStopping - INFO -   Decision scores: {'statistical_significance': 0.5, 'performance_gap': 1.0, 'learning_trend': 0.0, 'resource_efficiency': 0.0}
2025-07-29 07:39:20 - AutoML.ComparativeEarlyStopping - INFO -   Final score: 0.425
2025-07-29 07:39:20 - AutoML.ComparativeEarlyStopping - INFO -   Decision: CONTINUE
2025-07-29 07:40:31 - AutoML.ComparativeEarlyStopping - INFO - Early stopping evaluation for mobilenetv3_small_100:
2025-07-29 07:40:31 - AutoML.ComparativeEarlyStopping - INFO -   Decision scores: {'statistical_significance': 0.5, 'performance_gap': 1.0, 'learning_trend': 0.0, 'resource_efficiency': 0.0}
2025-07-29 07:40:31 - AutoML.ComparativeEarlyStopping - INFO -   Final score: 0.425
2025-07-29 07:40:31 - AutoML.ComparativeEarlyStopping - INFO -   Decision: CONTINUE
2025-07-29 07:41:41 - AutoML.ComparativeEarlyStopping - INFO - Early stopping evaluation for mobilenetv3_small_100:
2025-07-29 07:41:41 - AutoML.ComparativeEarlyStopping - INFO -   Decision scores: {'statistical_significance': 0.5, 'performance_gap': 1.0, 'learning_trend': 0.0, 'resource_efficiency': 0.0}
2025-07-29 07:41:41 - AutoML.ComparativeEarlyStopping - INFO -   Final score: 0.425
2025-07-29 07:41:41 - AutoML.ComparativeEarlyStopping - INFO -   Decision: CONTINUE
2025-07-29 07:42:51 - AutoML.ComparativeEarlyStopping - INFO - Early stopping evaluation for mobilenetv3_small_100:
2025-07-29 07:42:51 - AutoML.ComparativeEarlyStopping - INFO -   Decision scores: {'statistical_significance': 0.5, 'performance_gap': 0.9094151212553483, 'learning_trend': 0.0, 'resource_efficiency': 0.0}
2025-07-29 07:42:51 - AutoML.ComparativeEarlyStopping - INFO -   Final score: 0.402
2025-07-29 07:42:51 - AutoML.ComparativeEarlyStopping - INFO -   Decision: CONTINUE
2025-07-29 07:44:02 - AutoML.ComparativeEarlyStopping - INFO - Early stopping evaluation for mobilenetv3_small_100:
2025-07-29 07:44:02 - AutoML.ComparativeEarlyStopping - INFO -   Decision scores: {'statistical_significance': 0.5, 'performance_gap': 0.6954350927246777, 'learning_trend': 0.0, 'resource_efficiency': 0.0}
2025-07-29 07:44:02 - AutoML.ComparativeEarlyStopping - INFO -   Final score: 0.349
2025-07-29 07:44:02 - AutoML.ComparativeEarlyStopping - INFO -   Decision: CONTINUE
2025-07-29 07:44:02 - AutoML.Trainer - INFO - Epoch 10/27 - Train Acc: 0.6662, Val Acc: 0.7447, Val Loss: 0.9589, Time: 71.1s
2025-07-29 07:45:11 - AutoML.ComparativeEarlyStopping - INFO - Early stopping evaluation for mobilenetv3_small_100:
2025-07-29 07:45:11 - AutoML.ComparativeEarlyStopping - INFO -   Decision scores: {'statistical_significance': 0.5, 'performance_gap': 0.6241084165477875, 'learning_trend': 0.0, 'resource_efficiency': 0.0}
2025-07-29 07:45:11 - AutoML.ComparativeEarlyStopping - INFO -   Final score: 0.331
2025-07-29 07:45:11 - AutoML.ComparativeEarlyStopping - INFO -   Decision: CONTINUE
2025-07-29 07:46:20 - AutoML.ComparativeEarlyStopping - INFO - Early stopping evaluation for mobilenetv3_small_100:
2025-07-29 07:46:20 - AutoML.ComparativeEarlyStopping - INFO -   Decision scores: {'statistical_significance': 0.5, 'performance_gap': 0.5557536852116018, 'learning_trend': 0.0, 'resource_efficiency': 0.0}
2025-07-29 07:46:20 - AutoML.ComparativeEarlyStopping - INFO -   Final score: 0.314
2025-07-29 07:46:20 - AutoML.ComparativeEarlyStopping - INFO -   Decision: CONTINUE
2025-07-29 07:47:32 - AutoML.ComparativeEarlyStopping - INFO - Early stopping evaluation for mobilenetv3_small_100:
2025-07-29 07:47:32 - AutoML.ComparativeEarlyStopping - INFO -   Decision scores: {'statistical_significance': 0.5, 'performance_gap': 0.45173561578697036, 'learning_trend': 0.0, 'resource_efficiency': 0.0}
2025-07-29 07:47:32 - AutoML.ComparativeEarlyStopping - INFO -   Final score: 0.288
2025-07-29 07:47:32 - AutoML.ComparativeEarlyStopping - INFO -   Decision: CONTINUE
2025-07-29 07:48:42 - AutoML.ComparativeEarlyStopping - INFO - Early stopping evaluation for mobilenetv3_small_100:
2025-07-29 07:48:42 - AutoML.ComparativeEarlyStopping - INFO -   Decision scores: {'statistical_significance': 0.5, 'performance_gap': 0.3566333808844496, 'learning_trend': 0.0, 'resource_efficiency': 0.0}
2025-07-29 07:48:42 - AutoML.ComparativeEarlyStopping - INFO -   Final score: 0.264
2025-07-29 07:48:42 - AutoML.ComparativeEarlyStopping - INFO -   Decision: CONTINUE
2025-07-29 07:49:53 - AutoML.ComparativeEarlyStopping - INFO - Early stopping evaluation for mobilenetv3_small_100:
2025-07-29 07:49:53 - AutoML.ComparativeEarlyStopping - INFO -   Decision scores: {'statistical_significance': 0.5, 'performance_gap': 0.371493105087968, 'learning_trend': 0.0, 'resource_efficiency': 0.0}
2025-07-29 07:49:53 - AutoML.ComparativeEarlyStopping - INFO -   Final score: 0.268
2025-07-29 07:49:53 - AutoML.ComparativeEarlyStopping - INFO -   Decision: CONTINUE
2025-07-29 07:49:53 - AutoML.Trainer - INFO - Epoch 15/27 - Train Acc: 0.7024, Val Acc: 0.7732, Val Loss: 0.8301, Time: 70.9s
2025-07-29 07:51:02 - AutoML.ComparativeEarlyStopping - INFO - Early stopping evaluation for mobilenetv3_small_100:
2025-07-29 07:51:02 - AutoML.ComparativeEarlyStopping - INFO -   Decision scores: {'statistical_significance': 0.5, 'performance_gap': 0.3388017118402267, 'learning_trend': 0.0, 'resource_efficiency': 0.0}
2025-07-29 07:51:02 - AutoML.ComparativeEarlyStopping - INFO -   Final score: 0.260
2025-07-29 07:51:02 - AutoML.ComparativeEarlyStopping - INFO -   Decision: CONTINUE
2025-07-29 07:52:12 - AutoML.ComparativeEarlyStopping - INFO - Early stopping evaluation for mobilenetv3_small_100:
2025-07-29 07:52:12 - AutoML.ComparativeEarlyStopping - INFO -   Decision scores: {'statistical_significance': 0.5, 'performance_gap': 0.28827864954826393, 'learning_trend': 0.0, 'resource_efficiency': 0.0}
2025-07-29 07:52:12 - AutoML.ComparativeEarlyStopping - INFO -   Final score: 0.247
2025-07-29 07:52:12 - AutoML.ComparativeEarlyStopping - INFO -   Decision: CONTINUE
2025-07-29 07:53:22 - AutoML.ComparativeEarlyStopping - INFO - Early stopping evaluation for mobilenetv3_small_100:
2025-07-29 07:53:22 - AutoML.ComparativeEarlyStopping - INFO -   Decision scores: {'statistical_significance': 0.5, 'performance_gap': 0.2763908701854473, 'learning_trend': 0.0, 'resource_efficiency': 0.0}
2025-07-29 07:53:22 - AutoML.ComparativeEarlyStopping - INFO -   Final score: 0.244
2025-07-29 07:53:22 - AutoML.ComparativeEarlyStopping - INFO -   Decision: CONTINUE
2025-07-29 07:54:33 - AutoML.ComparativeEarlyStopping - INFO - Early stopping evaluation for mobilenetv3_small_100:
2025-07-29 07:54:33 - AutoML.ComparativeEarlyStopping - INFO -   Decision scores: {'statistical_significance': 0.5, 'performance_gap': 0.28827864954826254, 'learning_trend': 0.0, 'resource_efficiency': 0.0}
2025-07-29 07:54:33 - AutoML.ComparativeEarlyStopping - INFO -   Final score: 0.247
2025-07-29 07:54:33 - AutoML.ComparativeEarlyStopping - INFO -   Decision: CONTINUE
2025-07-29 07:55:42 - AutoML.ComparativeEarlyStopping - INFO - Early stopping evaluation for mobilenetv3_small_100:
2025-07-29 07:55:42 - AutoML.ComparativeEarlyStopping - INFO -   Decision scores: {'statistical_significance': 0.5, 'performance_gap': 0.3388017118402267, 'learning_trend': 0.0, 'resource_efficiency': 0.0}
2025-07-29 07:55:42 - AutoML.ComparativeEarlyStopping - INFO -   Final score: 0.260
2025-07-29 07:55:42 - AutoML.ComparativeEarlyStopping - INFO -   Decision: CONTINUE
2025-07-29 07:55:42 - AutoML.Trainer - INFO - Epoch 20/27 - Train Acc: 0.7175, Val Acc: 0.7718, Val Loss: 0.8151, Time: 68.9s
2025-07-29 07:56:51 - AutoML.ComparativeEarlyStopping - INFO - Early stopping evaluation for mobilenetv3_small_100:
2025-07-29 07:56:51 - AutoML.ComparativeEarlyStopping - INFO -   Decision scores: {'statistical_significance': 0.5, 'performance_gap': 0.3685211602472649, 'learning_trend': 0.5, 'resource_efficiency': 0.0}
2025-07-29 07:56:51 - AutoML.ComparativeEarlyStopping - INFO -   Final score: 0.392
2025-07-29 07:56:51 - AutoML.ComparativeEarlyStopping - INFO -   Decision: CONTINUE
2025-07-29 07:58:01 - AutoML.ComparativeEarlyStopping - INFO - Early stopping evaluation for mobilenetv3_small_100:
2025-07-29 07:58:01 - AutoML.ComparativeEarlyStopping - INFO -   Decision scores: {'statistical_significance': 0.5, 'performance_gap': 0.39824060865430166, 'learning_trend': 0.5, 'resource_efficiency': 0.0}
2025-07-29 07:58:01 - AutoML.ComparativeEarlyStopping - INFO -   Final score: 0.400
2025-07-29 07:58:01 - AutoML.ComparativeEarlyStopping - INFO -   Decision: CONTINUE
2025-07-29 07:59:12 - AutoML.ComparativeEarlyStopping - INFO - Early stopping evaluation for mobilenetv3_small_100:
2025-07-29 07:59:12 - AutoML.ComparativeEarlyStopping - INFO -   Decision scores: {'statistical_significance': 0.5, 'performance_gap': 0.39526866381359715, 'learning_trend': 0.5, 'resource_efficiency': 0.0}
2025-07-29 07:59:12 - AutoML.ComparativeEarlyStopping - INFO -   Final score: 0.399
2025-07-29 07:59:12 - AutoML.ComparativeEarlyStopping - INFO -   Decision: CONTINUE
2025-07-29 08:00:22 - AutoML.ComparativeEarlyStopping - INFO - Early stopping evaluation for mobilenetv3_small_100:
2025-07-29 08:00:22 - AutoML.ComparativeEarlyStopping - INFO -   Decision scores: {'statistical_significance': 0.5, 'performance_gap': 0.39824060865430166, 'learning_trend': 0.5, 'resource_efficiency': 0.0}
2025-07-29 08:00:22 - AutoML.ComparativeEarlyStopping - INFO -   Final score: 0.400
2025-07-29 08:00:22 - AutoML.ComparativeEarlyStopping - INFO -   Decision: CONTINUE
2025-07-29 08:01:40 - AutoML.ComparativeEarlyStopping - INFO - Early stopping evaluation for mobilenetv3_small_100:
2025-07-29 08:01:40 - AutoML.ComparativeEarlyStopping - INFO -   Decision scores: {'statistical_significance': 0.5, 'performance_gap': 0.38338088445078466, 'learning_trend': 0.5, 'resource_efficiency': 0.0}
2025-07-29 08:01:40 - AutoML.ComparativeEarlyStopping - INFO -   Final score: 0.396
2025-07-29 08:01:40 - AutoML.ComparativeEarlyStopping - INFO -   Decision: CONTINUE
2025-07-29 08:01:40 - AutoML.Trainer - INFO - Epoch 25/27 - Train Acc: 0.7136, Val Acc: 0.7710, Val Loss: 0.8080, Time: 78.5s
2025-07-29 08:02:49 - AutoML.ComparativeEarlyStopping - INFO - Early stopping evaluation for mobilenetv3_small_100:
2025-07-29 08:02:49 - AutoML.ComparativeEarlyStopping - INFO -   Decision scores: {'statistical_significance': 0.5, 'performance_gap': 0.39526866381359854, 'learning_trend': 0.5, 'resource_efficiency': 0.0}
2025-07-29 08:02:49 - AutoML.ComparativeEarlyStopping - INFO -   Final score: 0.399
2025-07-29 08:02:49 - AutoML.ComparativeEarlyStopping - INFO -   Decision: CONTINUE
2025-07-29 08:03:59 - AutoML.ComparativeEarlyStopping - INFO - Early stopping evaluation for mobilenetv3_small_100:
2025-07-29 08:03:59 - AutoML.ComparativeEarlyStopping - INFO -   Decision scores: {'statistical_significance': 0.5, 'performance_gap': 0.3922967189728954, 'learning_trend': 0.5, 'resource_efficiency': 0.0}
2025-07-29 08:03:59 - AutoML.ComparativeEarlyStopping - INFO -   Final score: 0.398
2025-07-29 08:03:59 - AutoML.ComparativeEarlyStopping - INFO -   Decision: CONTINUE
2025-07-29 08:03:59 - AutoML.Trainer - INFO - Epoch 27/27 - Train Acc: 0.7302, Val Acc: 0.7689, Val Loss: 0.8127, Time: 70.5s
2025-07-29 08:03:59 - AutoML.Trainer - INFO - Training completed for mobilenetv3_small_100
2025-07-29 08:03:59 - AutoML.Trainer - INFO - Best validation accuracy: 0.7839
2025-07-29 08:03:59 - AutoML.Trainer - INFO - Total training time: 1902.3s
2025-07-29 08:03:59 - AutoML.Trainer - INFO - Average epoch time: 70.5s
2025-07-29 08:03:59 - AutoML.Trainer - INFO - Evaluating hyperparameters for mobilenetv3_small_100: {'learning_rate': 6.434033002318488e-05, 'optimizer': 'adam', 'weight_decay': 0.007921782116522018, 'batch_size': 16, 'dropout_rate': 0.2693919573688606, 'pretrained': True, 'lr_scheduler': 'cosine', 'max_epochs': 29}
2025-07-29 08:03:59 - AutoML.ModelFactory - INFO - Creating mobilenetv3_small_100 (pretrained=True, dropout=0.2693919573688606)
2025-07-29 08:03:59 - AutoML - INFO -  Starting: mobilenetv3_small_100 creation
2025-07-29 08:04:00 - AutoML.ModelFactory - INFO - mobilenetv3_small_100 created successfully:
2025-07-29 08:04:00 - AutoML.ModelFactory - INFO -   Parameters: 1,525,031
2025-07-29 08:04:00 - AutoML.ModelFactory - INFO -   Trainable: 1,525,031
2025-07-29 08:04:00 - AutoML.ModelFactory - INFO -   Model size: 5.82 MB
2025-07-29 08:04:00 - AutoML - INFO -  mobilenetv3_small_100 creation completed in 0.24 seconds
2025-07-29 08:04:12 - AutoML.Trainer - INFO - Total classes in dataset: 7
2025-07-29 08:04:12 - AutoML.Trainer - INFO - Classes found in sample: 7
2025-07-29 08:04:12 - AutoML.Trainer - INFO - Sample size: 80 labels
2025-07-29 08:04:12 - AutoML.Trainer - INFO - Class distribution (sample): {0: 4, 1: 2, 2: 10, 3: 1, 4: 12, 5: 49, 6: 2}
2025-07-29 08:04:12 - AutoML.Trainer - INFO - Class weights tensor shape: torch.Size([7])
2025-07-29 08:04:12 - AutoML.Trainer - INFO - Sample class weights range: [0.2332, 11.4286]
2025-07-29 08:04:12 - AutoML.Trainer - INFO - Mean weight for missing classes: 4.0061
2025-07-29 08:10:01 - AutoML.ComparativeEarlyStopping - INFO - Early stopping evaluation for mobilenetv3_small_100:
2025-07-29 08:10:01 - AutoML.ComparativeEarlyStopping - INFO -   Decision scores: {'statistical_significance': 0.5, 'performance_gap': 0.9866856871136448, 'learning_trend': 0.0, 'resource_efficiency': 0.0}
2025-07-29 08:10:01 - AutoML.ComparativeEarlyStopping - INFO -   Final score: 0.422
2025-07-29 08:10:01 - AutoML.ComparativeEarlyStopping - INFO -   Decision: CONTINUE
2025-07-29 08:10:01 - AutoML.Trainer - INFO - Epoch 5/29 - Train Acc: 0.6255, Val Acc: 0.7318, Val Loss: 1.0391, Time: 68.7s
2025-07-29 08:11:11 - AutoML.ComparativeEarlyStopping - INFO - Early stopping evaluation for mobilenetv3_small_100:
2025-07-29 08:11:11 - AutoML.ComparativeEarlyStopping - INFO -   Decision scores: {'statistical_significance': 0.5, 'performance_gap': 0.9034712315739407, 'learning_trend': 0.0, 'resource_efficiency': 0.0}
2025-07-29 08:11:11 - AutoML.ComparativeEarlyStopping - INFO -   Final score: 0.401
2025-07-29 08:11:11 - AutoML.ComparativeEarlyStopping - INFO -   Decision: CONTINUE
2025-07-29 08:12:20 - AutoML.ComparativeEarlyStopping - INFO - Early stopping evaluation for mobilenetv3_small_100:
2025-07-29 08:12:20 - AutoML.ComparativeEarlyStopping - INFO -   Decision scores: {'statistical_significance': 0.5, 'performance_gap': 0.9004992867332375, 'learning_trend': 0.0, 'resource_efficiency': 0.0}
2025-07-29 08:12:20 - AutoML.ComparativeEarlyStopping - INFO -   Final score: 0.400
2025-07-29 08:12:20 - AutoML.ComparativeEarlyStopping - INFO -   Decision: CONTINUE
2025-07-29 08:13:41 - AutoML.ComparativeEarlyStopping - INFO - Early stopping evaluation for mobilenetv3_small_100:
2025-07-29 08:13:41 - AutoML.ComparativeEarlyStopping - INFO -   Decision scores: {'statistical_significance': 0.5, 'performance_gap': 0.8707798383261994, 'learning_trend': 0.0, 'resource_efficiency': 0.0}
2025-07-29 08:13:41 - AutoML.ComparativeEarlyStopping - INFO -   Final score: 0.393
2025-07-29 08:13:41 - AutoML.ComparativeEarlyStopping - INFO -   Decision: CONTINUE
2025-07-29 08:14:49 - AutoML.ComparativeEarlyStopping - INFO - Early stopping evaluation for mobilenetv3_small_100:
2025-07-29 08:14:49 - AutoML.ComparativeEarlyStopping - INFO -   Decision scores: {'statistical_significance': 0.5, 'performance_gap': 0.9123870660960515, 'learning_trend': 0.0, 'resource_efficiency': 0.0}
2025-07-29 08:14:49 - AutoML.ComparativeEarlyStopping - INFO -   Final score: 0.403
2025-07-29 08:14:49 - AutoML.ComparativeEarlyStopping - INFO -   Decision: CONTINUE
2025-07-29 08:16:00 - AutoML.ComparativeEarlyStopping - INFO - Early stopping evaluation for mobilenetv3_small_100:
2025-07-29 08:16:00 - AutoML.ComparativeEarlyStopping - INFO -   Decision scores: {'statistical_significance': 0.5, 'performance_gap': 0.7994531621493078, 'learning_trend': 0.0, 'resource_efficiency': 0.0}
2025-07-29 08:16:00 - AutoML.ComparativeEarlyStopping - INFO -   Final score: 0.375
2025-07-29 08:16:00 - AutoML.ComparativeEarlyStopping - INFO -   Decision: CONTINUE
2025-07-29 08:16:00 - AutoML.Trainer - INFO - Epoch 10/29 - Train Acc: 0.6696, Val Acc: 0.7439, Val Loss: 0.9795, Time: 70.8s
2025-07-29 08:17:10 - AutoML.ComparativeEarlyStopping - INFO - Early stopping evaluation for mobilenetv3_small_100:
2025-07-29 08:17:10 - AutoML.ComparativeEarlyStopping - INFO -   Decision scores: {'statistical_significance': 0.5, 'performance_gap': 0.8588920589633842, 'learning_trend': 0.0, 'resource_efficiency': 0.0}
2025-07-29 08:17:10 - AutoML.ComparativeEarlyStopping - INFO -   Final score: 0.390
2025-07-29 08:17:10 - AutoML.ComparativeEarlyStopping - INFO -   Decision: CONTINUE
2025-07-29 08:18:19 - AutoML.ComparativeEarlyStopping - INFO - Early stopping evaluation for mobilenetv3_small_100:
2025-07-29 08:18:19 - AutoML.ComparativeEarlyStopping - INFO -   Decision scores: {'statistical_significance': 0.5, 'performance_gap': 0.7845934379457908, 'learning_trend': 0.0, 'resource_efficiency': 0.0}
2025-07-29 08:18:19 - AutoML.ComparativeEarlyStopping - INFO -   Final score: 0.371
2025-07-29 08:18:19 - AutoML.ComparativeEarlyStopping - INFO -   Decision: CONTINUE
2025-07-29 08:19:30 - AutoML.ComparativeEarlyStopping - INFO - Early stopping evaluation for mobilenetv3_small_100:
2025-07-29 08:19:30 - AutoML.ComparativeEarlyStopping - INFO -   Decision scores: {'statistical_significance': 0.5, 'performance_gap': 0.7370423204945311, 'learning_trend': 0.0, 'resource_efficiency': 0.0}
2025-07-29 08:19:30 - AutoML.ComparativeEarlyStopping - INFO -   Final score: 0.359
2025-07-29 08:19:30 - AutoML.ComparativeEarlyStopping - INFO -   Decision: CONTINUE
2025-07-29 08:20:40 - AutoML.ComparativeEarlyStopping - INFO - Early stopping evaluation for mobilenetv3_small_100:
2025-07-29 08:20:40 - AutoML.ComparativeEarlyStopping - INFO -   Decision scores: {'statistical_significance': 0.5, 'performance_gap': 0.6954350927246791, 'learning_trend': 0.0, 'resource_efficiency': 0.0}
2025-07-29 08:20:40 - AutoML.ComparativeEarlyStopping - INFO -   Final score: 0.349
2025-07-29 08:20:40 - AutoML.ComparativeEarlyStopping - INFO -   Decision: CONTINUE
2025-07-29 08:21:52 - AutoML.ComparativeEarlyStopping - INFO - Early stopping evaluation for mobilenetv3_small_100:
2025-07-29 08:21:52 - AutoML.ComparativeEarlyStopping - INFO -   Decision scores: {'statistical_significance': 0.5, 'performance_gap': 0.686519258202567, 'learning_trend': 0.0, 'resource_efficiency': 0.0}
2025-07-29 08:21:52 - AutoML.ComparativeEarlyStopping - INFO -   Final score: 0.347
2025-07-29 08:21:52 - AutoML.ComparativeEarlyStopping - INFO -   Decision: CONTINUE
2025-07-29 08:21:52 - AutoML.Trainer - INFO - Epoch 15/29 - Train Acc: 0.6979, Val Acc: 0.7489, Val Loss: 0.9266, Time: 71.7s
2025-07-29 08:23:05 - AutoML.ComparativeEarlyStopping - INFO - Early stopping evaluation for mobilenetv3_small_100:
2025-07-29 08:23:05 - AutoML.ComparativeEarlyStopping - INFO -   Decision scores: {'statistical_significance': 0.5, 'performance_gap': 0.6805753685211593, 'learning_trend': 0.0, 'resource_efficiency': 0.0}
2025-07-29 08:23:05 - AutoML.ComparativeEarlyStopping - INFO -   Final score: 0.345
2025-07-29 08:23:05 - AutoML.ComparativeEarlyStopping - INFO -   Decision: CONTINUE
2025-07-29 08:24:16 - AutoML.ComparativeEarlyStopping - INFO - Early stopping evaluation for mobilenetv3_small_100:
2025-07-29 08:24:16 - AutoML.ComparativeEarlyStopping - INFO -   Decision scores: {'statistical_significance': 0.5, 'performance_gap': 0.6062767475035646, 'learning_trend': 0.0, 'resource_efficiency': 0.0}
2025-07-29 08:24:16 - AutoML.ComparativeEarlyStopping - INFO -   Final score: 0.327
2025-07-29 08:24:16 - AutoML.ComparativeEarlyStopping - INFO -   Decision: CONTINUE
2025-07-29 08:25:24 - AutoML.ComparativeEarlyStopping - INFO - Early stopping evaluation for mobilenetv3_small_100:
2025-07-29 08:25:24 - AutoML.ComparativeEarlyStopping - INFO -   Decision scores: {'statistical_significance': 0.5, 'performance_gap': 0.5587256300523049, 'learning_trend': 0.0, 'resource_efficiency': 0.0}
2025-07-29 08:25:24 - AutoML.ComparativeEarlyStopping - INFO -   Final score: 0.315
2025-07-29 08:25:24 - AutoML.ComparativeEarlyStopping - INFO -   Decision: CONTINUE
2025-07-29 08:26:34 - AutoML.ComparativeEarlyStopping - INFO - Early stopping evaluation for mobilenetv3_small_100:
2025-07-29 08:26:34 - AutoML.ComparativeEarlyStopping - INFO -   Decision scores: {'statistical_significance': 0.5, 'performance_gap': 0.5319781264859713, 'learning_trend': 0.0, 'resource_efficiency': 0.0}
2025-07-29 08:26:34 - AutoML.ComparativeEarlyStopping - INFO -   Final score: 0.308
2025-07-29 08:26:34 - AutoML.ComparativeEarlyStopping - INFO -   Decision: CONTINUE
2025-07-29 08:27:43 - AutoML.ComparativeEarlyStopping - INFO - Early stopping evaluation for mobilenetv3_small_100:
2025-07-29 08:27:43 - AutoML.ComparativeEarlyStopping - INFO -   Decision scores: {'statistical_significance': 0.5, 'performance_gap': 0.46362339514978423, 'learning_trend': 0.0, 'resource_efficiency': 0.0}
2025-07-29 08:27:43 - AutoML.ComparativeEarlyStopping - INFO -   Final score: 0.291
2025-07-29 08:27:43 - AutoML.ComparativeEarlyStopping - INFO -   Decision: CONTINUE
2025-07-29 08:27:43 - AutoML.Trainer - INFO - Epoch 20/29 - Train Acc: 0.7414, Val Acc: 0.7689, Val Loss: 0.8847, Time: 69.4s
2025-07-29 08:28:53 - AutoML.ComparativeEarlyStopping - INFO - Early stopping evaluation for mobilenetv3_small_100:
2025-07-29 08:28:53 - AutoML.ComparativeEarlyStopping - INFO -   Decision scores: {'statistical_significance': 0.5, 'performance_gap': 0.43390394674274746, 'learning_trend': 0.0, 'resource_efficiency': 0.0}
2025-07-29 08:28:53 - AutoML.ComparativeEarlyStopping - INFO -   Final score: 0.283
2025-07-29 08:28:53 - AutoML.ComparativeEarlyStopping - INFO -   Decision: CONTINUE
2025-07-29 08:30:03 - AutoML.ComparativeEarlyStopping - INFO - Early stopping evaluation for mobilenetv3_small_100:
2025-07-29 08:30:03 - AutoML.ComparativeEarlyStopping - INFO -   Decision scores: {'statistical_significance': 0.5, 'performance_gap': 0.39526866381359715, 'learning_trend': 0.0, 'resource_efficiency': 0.0}
2025-07-29 08:30:03 - AutoML.ComparativeEarlyStopping - INFO -   Final score: 0.274
2025-07-29 08:30:03 - AutoML.ComparativeEarlyStopping - INFO -   Decision: CONTINUE
2025-07-29 08:31:14 - AutoML.ComparativeEarlyStopping - INFO - Early stopping evaluation for mobilenetv3_small_100:
2025-07-29 08:31:14 - AutoML.ComparativeEarlyStopping - INFO -   Decision scores: {'statistical_significance': 0.5, 'performance_gap': 0.38338088445078466, 'learning_trend': 0.0, 'resource_efficiency': 0.0}
2025-07-29 08:31:14 - AutoML.ComparativeEarlyStopping - INFO -   Final score: 0.271
2025-07-29 08:31:14 - AutoML.ComparativeEarlyStopping - INFO -   Decision: CONTINUE
2025-07-29 08:32:24 - AutoML.ComparativeEarlyStopping - INFO - Early stopping evaluation for mobilenetv3_small_100:
2025-07-29 08:32:24 - AutoML.ComparativeEarlyStopping - INFO -   Decision scores: {'statistical_significance': 0.5, 'performance_gap': 0.32394198763670695, 'learning_trend': 0.0, 'resource_efficiency': 0.0}
2025-07-29 08:32:24 - AutoML.ComparativeEarlyStopping - INFO -   Final score: 0.256
2025-07-29 08:32:24 - AutoML.ComparativeEarlyStopping - INFO -   Decision: CONTINUE
2025-07-29 08:33:35 - AutoML.ComparativeEarlyStopping - INFO - Early stopping evaluation for mobilenetv3_small_100:
2025-07-29 08:33:35 - AutoML.ComparativeEarlyStopping - INFO -   Decision scores: {'statistical_significance': 0.5, 'performance_gap': 0.3001664289110778, 'learning_trend': 0.0, 'resource_efficiency': 0.0}
2025-07-29 08:33:35 - AutoML.ComparativeEarlyStopping - INFO -   Final score: 0.250
2025-07-29 08:33:35 - AutoML.ComparativeEarlyStopping - INFO -   Decision: CONTINUE
2025-07-29 08:33:35 - AutoML.Trainer - INFO - Epoch 25/29 - Train Acc: 0.7625, Val Acc: 0.7782, Val Loss: 0.8489, Time: 70.8s
2025-07-29 08:34:45 - AutoML.ComparativeEarlyStopping - INFO - Early stopping evaluation for mobilenetv3_small_100:
2025-07-29 08:34:45 - AutoML.ComparativeEarlyStopping - INFO -   Decision scores: {'statistical_significance': 0.5, 'performance_gap': 0.2823347598668549, 'learning_trend': 0.0, 'resource_efficiency': 0.0}
2025-07-29 08:34:45 - AutoML.ComparativeEarlyStopping - INFO -   Final score: 0.246
2025-07-29 08:34:45 - AutoML.ComparativeEarlyStopping - INFO -   Decision: CONTINUE
2025-07-29 08:35:56 - AutoML.ComparativeEarlyStopping - INFO - Early stopping evaluation for mobilenetv3_small_100:
2025-07-29 08:35:56 - AutoML.ComparativeEarlyStopping - INFO -   Decision scores: {'statistical_significance': 0.5, 'performance_gap': 0.32394198763670834, 'learning_trend': 0.0, 'resource_efficiency': 0.0}
2025-07-29 08:35:56 - AutoML.ComparativeEarlyStopping - INFO -   Final score: 0.256
2025-07-29 08:35:56 - AutoML.ComparativeEarlyStopping - INFO -   Decision: CONTINUE
2025-07-29 08:37:07 - AutoML.ComparativeEarlyStopping - INFO - Early stopping evaluation for mobilenetv3_small_100:
2025-07-29 08:37:07 - AutoML.ComparativeEarlyStopping - INFO -   Decision scores: {'statistical_significance': 0.5, 'performance_gap': 0.3358297669995236, 'learning_trend': 0.0, 'resource_efficiency': 0.0}
2025-07-29 08:37:07 - AutoML.ComparativeEarlyStopping - INFO -   Final score: 0.259
2025-07-29 08:37:07 - AutoML.ComparativeEarlyStopping - INFO -   Decision: CONTINUE
2025-07-29 08:38:18 - AutoML.ComparativeEarlyStopping - INFO - Early stopping evaluation for mobilenetv3_small_100:
2025-07-29 08:38:18 - AutoML.ComparativeEarlyStopping - INFO -   Decision scores: {'statistical_significance': 0.5, 'performance_gap': 0.3506894912030406, 'learning_trend': 0.0, 'resource_efficiency': 0.0}
2025-07-29 08:38:18 - AutoML.ComparativeEarlyStopping - INFO -   Final score: 0.263
2025-07-29 08:38:18 - AutoML.ComparativeEarlyStopping - INFO -   Decision: CONTINUE
2025-07-29 08:38:18 - AutoML.Trainer - INFO - Epoch 29/29 - Train Acc: 0.7646, Val Acc: 0.7725, Val Loss: 0.8327, Time: 70.7s
2025-07-29 08:38:18 - AutoML.Trainer - INFO - Training completed for mobilenetv3_small_100
2025-07-29 08:38:18 - AutoML.Trainer - INFO - Best validation accuracy: 0.7817
2025-07-29 08:38:18 - AutoML.Trainer - INFO - Total training time: 2046.3s
2025-07-29 08:38:18 - AutoML.Trainer - INFO - Average epoch time: 70.6s
2025-07-29 08:38:18 - AutoML.Trainer - INFO - Evaluating hyperparameters for mobilenetv3_small_100: {'learning_rate': 2.5288777892812396e-05, 'optimizer': 'rmsprop', 'weight_decay': 7.01059803509563e-05, 'batch_size': 8, 'dropout_rate': 0.1286922088071148, 'pretrained': True, 'lr_scheduler': 'step', 'max_epochs': 35}
2025-07-29 08:38:18 - AutoML.ModelFactory - INFO - Creating mobilenetv3_small_100 (pretrained=True, dropout=0.1286922088071148)
2025-07-29 08:38:18 - AutoML - INFO -  Starting: mobilenetv3_small_100 creation
2025-07-29 08:38:18 - AutoML.ModelFactory - INFO - mobilenetv3_small_100 created successfully:
2025-07-29 08:38:18 - AutoML.ModelFactory - INFO -   Parameters: 1,525,031
2025-07-29 08:38:18 - AutoML.ModelFactory - INFO -   Trainable: 1,525,031
2025-07-29 08:38:18 - AutoML.ModelFactory - INFO -   Model size: 5.82 MB
2025-07-29 08:38:18 - AutoML - INFO -  mobilenetv3_small_100 creation completed in 0.22 seconds
2025-07-29 08:38:29 - AutoML.Trainer - INFO - Total classes in dataset: 7
2025-07-29 08:38:29 - AutoML.Trainer - INFO - Classes found in sample: 6
2025-07-29 08:38:29 - AutoML.Trainer - INFO - Sample size: 80 labels
2025-07-29 08:38:29 - AutoML.Trainer - INFO - Class distribution (sample): {0: 2, 1: 3, 2: 10, 3: 2, 4: 7, 5: 56}
2025-07-29 08:38:29 - AutoML.Trainer - INFO - Class weights tensor shape: torch.Size([7])
2025-07-29 08:38:29 - AutoML.Trainer - INFO - Sample class weights range: [0.2381, 6.6667]
2025-07-29 08:38:29 - AutoML.Trainer - INFO - Mean weight for missing classes: 3.5423
2025-07-29 08:44:16 - AutoML.ComparativeEarlyStopping - INFO - Early stopping evaluation for mobilenetv3_small_100:
2025-07-29 08:44:16 - AutoML.ComparativeEarlyStopping - INFO -   Decision scores: {'statistical_significance': 0.5, 'performance_gap': 1.0, 'learning_trend': 0.0, 'resource_efficiency': 0.0}
2025-07-29 08:44:16 - AutoML.ComparativeEarlyStopping - INFO -   Final score: 0.425
2025-07-29 08:44:16 - AutoML.ComparativeEarlyStopping - INFO -   Decision: CONTINUE
2025-07-29 08:44:16 - AutoML.Trainer - INFO - Epoch 5/35 - Train Acc: 0.6357, Val Acc: 0.7211, Val Loss: 0.9571, Time: 70.1s
2025-07-29 08:45:25 - AutoML.ComparativeEarlyStopping - INFO - Early stopping evaluation for mobilenetv3_small_100:
2025-07-29 08:45:25 - AutoML.ComparativeEarlyStopping - INFO -   Decision scores: {'statistical_significance': 0.5, 'performance_gap': 0.7935092724679029, 'learning_trend': 0.0, 'resource_efficiency': 0.0}
2025-07-29 08:45:25 - AutoML.ComparativeEarlyStopping - INFO -   Final score: 0.373
2025-07-29 08:45:25 - AutoML.ComparativeEarlyStopping - INFO -   Decision: CONTINUE
2025-07-29 08:46:36 - AutoML.ComparativeEarlyStopping - INFO - Early stopping evaluation for mobilenetv3_small_100:
2025-07-29 08:46:36 - AutoML.ComparativeEarlyStopping - INFO -   Decision scores: {'statistical_significance': 0.5, 'performance_gap': 0.7667617689015666, 'learning_trend': 0.0, 'resource_efficiency': 0.0}
2025-07-29 08:46:36 - AutoML.ComparativeEarlyStopping - INFO -   Final score: 0.367
2025-07-29 08:46:36 - AutoML.ComparativeEarlyStopping - INFO -   Decision: CONTINUE
2025-07-29 08:47:48 - AutoML.ComparativeEarlyStopping - INFO - Early stopping evaluation for mobilenetv3_small_100:
2025-07-29 08:47:48 - AutoML.ComparativeEarlyStopping - INFO -   Decision scores: {'statistical_significance': 0.5, 'performance_gap': 0.7608178792201603, 'learning_trend': 0.0, 'resource_efficiency': 0.0}
2025-07-29 08:47:48 - AutoML.ComparativeEarlyStopping - INFO -   Final score: 0.365
2025-07-29 08:47:48 - AutoML.ComparativeEarlyStopping - INFO -   Decision: CONTINUE
2025-07-29 08:48:59 - AutoML.ComparativeEarlyStopping - INFO - Early stopping evaluation for mobilenetv3_small_100:
2025-07-29 08:48:59 - AutoML.ComparativeEarlyStopping - INFO -   Decision scores: {'statistical_significance': 0.5, 'performance_gap': 0.8053970518307154, 'learning_trend': 0.0, 'resource_efficiency': 0.0}
2025-07-29 08:48:59 - AutoML.ComparativeEarlyStopping - INFO -   Final score: 0.376
2025-07-29 08:48:59 - AutoML.ComparativeEarlyStopping - INFO -   Decision: CONTINUE
2025-07-29 08:50:10 - AutoML.ComparativeEarlyStopping - INFO - Early stopping evaluation for mobilenetv3_small_100:
2025-07-29 08:50:10 - AutoML.ComparativeEarlyStopping - INFO -   Decision scores: {'statistical_significance': 0.5, 'performance_gap': 0.7816214931050849, 'learning_trend': 0.0, 'resource_efficiency': 0.0}
2025-07-29 08:50:10 - AutoML.ComparativeEarlyStopping - INFO -   Final score: 0.370
2025-07-29 08:50:10 - AutoML.ComparativeEarlyStopping - INFO -   Decision: CONTINUE
2025-07-29 08:50:10 - AutoML.Trainer - INFO - Epoch 10/35 - Train Acc: 0.6694, Val Acc: 0.7418, Val Loss: 0.8980, Time: 71.0s
2025-07-29 08:51:22 - AutoML.ComparativeEarlyStopping - INFO - Early stopping evaluation for mobilenetv3_small_100:
2025-07-29 08:51:22 - AutoML.ComparativeEarlyStopping - INFO -   Decision scores: {'statistical_significance': 0.5, 'performance_gap': 0.6033048026628629, 'learning_trend': 0.0, 'resource_efficiency': 0.0}
2025-07-29 08:51:22 - AutoML.ComparativeEarlyStopping - INFO -   Final score: 0.326
2025-07-29 08:51:22 - AutoML.ComparativeEarlyStopping - INFO -   Decision: CONTINUE
2025-07-29 08:52:32 - AutoML.ComparativeEarlyStopping - INFO - Early stopping evaluation for mobilenetv3_small_100:
2025-07-29 08:52:32 - AutoML.ComparativeEarlyStopping - INFO -   Decision scores: {'statistical_significance': 0.5, 'performance_gap': 0.5082025677603408, 'learning_trend': 0.0, 'resource_efficiency': 0.0}
2025-07-29 08:52:32 - AutoML.ComparativeEarlyStopping - INFO -   Final score: 0.302
2025-07-29 08:52:32 - AutoML.ComparativeEarlyStopping - INFO -   Decision: CONTINUE
2025-07-29 08:53:44 - AutoML.ComparativeEarlyStopping - INFO - Early stopping evaluation for mobilenetv3_small_100:
2025-07-29 08:53:44 - AutoML.ComparativeEarlyStopping - INFO -   Decision scores: {'statistical_significance': 0.5, 'performance_gap': 0.35960532572515413, 'learning_trend': 0.0, 'resource_efficiency': 0.0}
2025-07-29 08:53:44 - AutoML.ComparativeEarlyStopping - INFO -   Final score: 0.265
2025-07-29 08:53:44 - AutoML.ComparativeEarlyStopping - INFO -   Decision: CONTINUE
2025-07-29 08:54:53 - AutoML.ComparativeEarlyStopping - INFO - Early stopping evaluation for mobilenetv3_small_100:
2025-07-29 08:54:53 - AutoML.ComparativeEarlyStopping - INFO -   Decision scores: {'statistical_significance': 0.5, 'performance_gap': 0.4012125534950062, 'learning_trend': 0.0, 'resource_efficiency': 0.0}
2025-07-29 08:54:53 - AutoML.ComparativeEarlyStopping - INFO -   Final score: 0.275
2025-07-29 08:54:53 - AutoML.ComparativeEarlyStopping - INFO -   Decision: CONTINUE
2025-07-29 08:56:03 - AutoML.ComparativeEarlyStopping - INFO - Early stopping evaluation for mobilenetv3_small_100:
2025-07-29 08:56:03 - AutoML.ComparativeEarlyStopping - INFO -   Decision scores: {'statistical_significance': 0.5, 'performance_gap': 0.3744650499286739, 'learning_trend': 0.0, 'resource_efficiency': 0.0}
2025-07-29 08:56:03 - AutoML.ComparativeEarlyStopping - INFO -   Final score: 0.269
2025-07-29 08:56:03 - AutoML.ComparativeEarlyStopping - INFO -   Decision: CONTINUE
2025-07-29 08:56:03 - AutoML.Trainer - INFO - Epoch 15/35 - Train Acc: 0.7218, Val Acc: 0.7810, Val Loss: 0.9037, Time: 70.0s
2025-07-29 08:57:13 - AutoML.ComparativeEarlyStopping - INFO - Early stopping evaluation for mobilenetv3_small_100:
2025-07-29 08:57:13 - AutoML.ComparativeEarlyStopping - INFO -   Decision scores: {'statistical_significance': 0.5, 'performance_gap': 0.3922967189728954, 'learning_trend': 0.0, 'resource_efficiency': 0.0}
2025-07-29 08:57:13 - AutoML.ComparativeEarlyStopping - INFO -   Final score: 0.273
2025-07-29 08:57:13 - AutoML.ComparativeEarlyStopping - INFO -   Decision: CONTINUE
2025-07-29 08:58:23 - AutoML.ComparativeEarlyStopping - INFO - Early stopping evaluation for mobilenetv3_small_100:
2025-07-29 08:58:23 - AutoML.ComparativeEarlyStopping - INFO -   Decision scores: {'statistical_significance': 0.5, 'performance_gap': 0.457679505468378, 'learning_trend': 0.0, 'resource_efficiency': 0.0}
2025-07-29 08:58:23 - AutoML.ComparativeEarlyStopping - INFO -   Final score: 0.289
2025-07-29 08:58:23 - AutoML.ComparativeEarlyStopping - INFO -   Decision: CONTINUE
2025-07-29 08:59:33 - AutoML.ComparativeEarlyStopping - INFO - Early stopping evaluation for mobilenetv3_small_100:
2025-07-29 08:59:33 - AutoML.ComparativeEarlyStopping - INFO -   Decision scores: {'statistical_significance': 0.5, 'performance_gap': 0.457679505468378, 'learning_trend': 0.0, 'resource_efficiency': 0.0}
2025-07-29 08:59:33 - AutoML.ComparativeEarlyStopping - INFO -   Final score: 0.289
2025-07-29 08:59:33 - AutoML.ComparativeEarlyStopping - INFO -   Decision: CONTINUE
2025-07-29 09:00:43 - AutoML.ComparativeEarlyStopping - INFO - Early stopping evaluation for mobilenetv3_small_100:
2025-07-29 09:00:43 - AutoML.ComparativeEarlyStopping - INFO -   Decision scores: {'statistical_significance': 0.5, 'performance_gap': 0.46659533999048874, 'learning_trend': 0.0, 'resource_efficiency': 0.0}
2025-07-29 09:00:43 - AutoML.ComparativeEarlyStopping - INFO -   Final score: 0.292
2025-07-29 09:00:43 - AutoML.ComparativeEarlyStopping - INFO -   Decision: CONTINUE
2025-07-29 09:01:54 - AutoML.ComparativeEarlyStopping - INFO - Early stopping evaluation for mobilenetv3_small_100:
2025-07-29 09:01:54 - AutoML.ComparativeEarlyStopping - INFO -   Decision scores: {'statistical_significance': 0.5, 'performance_gap': 0.27341892534474416, 'learning_trend': 0.0, 'resource_efficiency': 0.0}
2025-07-29 09:01:54 - AutoML.ComparativeEarlyStopping - INFO -   Final score: 0.243
2025-07-29 09:01:54 - AutoML.ComparativeEarlyStopping - INFO -   Decision: CONTINUE
2025-07-29 09:01:54 - AutoML.Trainer - INFO - Epoch 20/35 - Train Acc: 0.7347, Val Acc: 0.7860, Val Loss: 0.8768, Time: 71.4s
2025-07-29 09:03:07 - AutoML.ComparativeEarlyStopping - INFO - Early stopping evaluation for mobilenetv3_small_100:
2025-07-29 09:03:07 - AutoML.ComparativeEarlyStopping - INFO -   Decision scores: {'statistical_significance': 0.5, 'performance_gap': 0.2615311459819303, 'learning_trend': 0.0, 'resource_efficiency': 0.0}
2025-07-29 09:03:07 - AutoML.ComparativeEarlyStopping - INFO -   Final score: 0.240
2025-07-29 09:03:07 - AutoML.ComparativeEarlyStopping - INFO -   Decision: CONTINUE
2025-07-29 09:04:16 - AutoML.ComparativeEarlyStopping - INFO - Early stopping evaluation for mobilenetv3_small_100:
2025-07-29 09:04:16 - AutoML.ComparativeEarlyStopping - INFO -   Decision scores: {'statistical_significance': 0.5, 'performance_gap': 0.2080361388492616, 'learning_trend': 0.0, 'resource_efficiency': 0.0}
2025-07-29 09:04:16 - AutoML.ComparativeEarlyStopping - INFO -   Final score: 0.227
2025-07-29 09:04:16 - AutoML.ComparativeEarlyStopping - INFO -   Decision: CONTINUE
2025-07-29 09:05:25 - AutoML.ComparativeEarlyStopping - INFO - Early stopping evaluation for mobilenetv3_small_100:
2025-07-29 09:05:25 - AutoML.ComparativeEarlyStopping - INFO -   Decision scores: {'statistical_significance': 0.5, 'performance_gap': 0.24072753209700287, 'learning_trend': 0.0, 'resource_efficiency': 0.0}
2025-07-29 09:05:25 - AutoML.ComparativeEarlyStopping - INFO -   Final score: 0.235
2025-07-29 09:05:25 - AutoML.ComparativeEarlyStopping - INFO -   Decision: CONTINUE
2025-07-29 09:06:37 - AutoML.ComparativeEarlyStopping - INFO - Early stopping evaluation for mobilenetv3_small_100:
2025-07-29 09:06:37 - AutoML.ComparativeEarlyStopping - INFO -   Decision scores: {'statistical_significance': 0.5, 'performance_gap': 0.25558725630052265, 'learning_trend': 0.0, 'resource_efficiency': 0.0}
2025-07-29 09:06:37 - AutoML.ComparativeEarlyStopping - INFO -   Final score: 0.239
2025-07-29 09:06:37 - AutoML.ComparativeEarlyStopping - INFO -   Decision: CONTINUE
2025-07-29 09:07:47 - AutoML.ComparativeEarlyStopping - INFO - Early stopping evaluation for mobilenetv3_small_100:
2025-07-29 09:07:47 - AutoML.ComparativeEarlyStopping - INFO -   Decision scores: {'statistical_significance': 0.5, 'performance_gap': 0.28827864954826254, 'learning_trend': 0.0, 'resource_efficiency': 0.0}
2025-07-29 09:07:47 - AutoML.ComparativeEarlyStopping - INFO -   Final score: 0.247
2025-07-29 09:07:47 - AutoML.ComparativeEarlyStopping - INFO -   Decision: CONTINUE
2025-07-29 09:07:47 - AutoML.Trainer - INFO - Epoch 25/35 - Train Acc: 0.7411, Val Acc: 0.7760, Val Loss: 0.8951, Time: 70.0s
2025-07-29 09:09:01 - AutoML.ComparativeEarlyStopping - INFO - Early stopping evaluation for mobilenetv3_small_100:
2025-07-29 09:09:01 - AutoML.ComparativeEarlyStopping - INFO -   Decision scores: {'statistical_significance': 0.5, 'performance_gap': 0.2823347598668549, 'learning_trend': 0.0, 'resource_efficiency': 0.0}
2025-07-29 09:09:01 - AutoML.ComparativeEarlyStopping - INFO -   Final score: 0.246
2025-07-29 09:09:01 - AutoML.ComparativeEarlyStopping - INFO -   Decision: CONTINUE
2025-07-29 09:10:12 - AutoML.ComparativeEarlyStopping - INFO - Early stopping evaluation for mobilenetv3_small_100:
2025-07-29 09:10:12 - AutoML.ComparativeEarlyStopping - INFO -   Decision scores: {'statistical_significance': 0.5, 'performance_gap': 0.32988587731811597, 'learning_trend': 0.5, 'resource_efficiency': 0.0}
2025-07-29 09:10:12 - AutoML.ComparativeEarlyStopping - INFO -   Final score: 0.382
2025-07-29 09:10:12 - AutoML.ComparativeEarlyStopping - INFO -   Decision: CONTINUE
2025-07-29 09:11:24 - AutoML.ComparativeEarlyStopping - INFO - Early stopping evaluation for mobilenetv3_small_100:
2025-07-29 09:11:24 - AutoML.ComparativeEarlyStopping - INFO -   Decision scores: {'statistical_significance': 0.5, 'performance_gap': 0.2853067047075608, 'learning_trend': 0.5, 'resource_efficiency': 0.0}
2025-07-29 09:11:24 - AutoML.ComparativeEarlyStopping - INFO -   Final score: 0.371
2025-07-29 09:11:24 - AutoML.ComparativeEarlyStopping - INFO -   Decision: CONTINUE
2025-07-29 09:12:34 - AutoML.ComparativeEarlyStopping - INFO - Early stopping evaluation for mobilenetv3_small_100:
2025-07-29 09:12:34 - AutoML.ComparativeEarlyStopping - INFO -   Decision scores: {'statistical_significance': 0.5, 'performance_gap': 0.3001664289110778, 'learning_trend': 0.5, 'resource_efficiency': 0.0}
2025-07-29 09:12:34 - AutoML.ComparativeEarlyStopping - INFO -   Final score: 0.375
2025-07-29 09:12:34 - AutoML.ComparativeEarlyStopping - INFO -   Decision: CONTINUE
2025-07-29 09:13:43 - AutoML.ComparativeEarlyStopping - INFO - Early stopping evaluation for mobilenetv3_small_100:
2025-07-29 09:13:43 - AutoML.ComparativeEarlyStopping - INFO -   Decision scores: {'statistical_significance': 0.5, 'performance_gap': 0.24964336661911501, 'learning_trend': 0.5, 'resource_efficiency': 0.0}
2025-07-29 09:13:43 - AutoML.ComparativeEarlyStopping - INFO -   Final score: 0.362
2025-07-29 09:13:43 - AutoML.ComparativeEarlyStopping - INFO -   Decision: CONTINUE
2025-07-29 09:13:43 - AutoML.Trainer - INFO - Epoch 30/35 - Train Acc: 0.7379, Val Acc: 0.7810, Val Loss: 0.8589, Time: 69.4s
2025-07-29 09:14:55 - AutoML.ComparativeEarlyStopping - INFO - Early stopping evaluation for mobilenetv3_small_100:
2025-07-29 09:14:55 - AutoML.ComparativeEarlyStopping - INFO -   Decision scores: {'statistical_significance': 0.5, 'performance_gap': 0.2823347598668549, 'learning_trend': 0.5, 'resource_efficiency': 0.0}
2025-07-29 09:14:55 - AutoML.ComparativeEarlyStopping - INFO -   Final score: 0.371
2025-07-29 09:14:55 - AutoML.ComparativeEarlyStopping - INFO -   Decision: CONTINUE
2025-07-29 09:16:07 - AutoML.ComparativeEarlyStopping - INFO - Early stopping evaluation for mobilenetv3_small_100:
2025-07-29 09:16:07 - AutoML.ComparativeEarlyStopping - INFO -   Decision scores: {'statistical_significance': 0.5, 'performance_gap': 0.27044698050404103, 'learning_trend': 0.0, 'resource_efficiency': 0.0}
2025-07-29 09:16:07 - AutoML.ComparativeEarlyStopping - INFO -   Final score: 0.243
2025-07-29 09:16:07 - AutoML.ComparativeEarlyStopping - INFO -   Decision: CONTINUE
2025-07-29 09:17:17 - AutoML.ComparativeEarlyStopping - INFO - Early stopping evaluation for mobilenetv3_small_100:
2025-07-29 09:17:17 - AutoML.ComparativeEarlyStopping - INFO -   Decision scores: {'statistical_significance': 0.5, 'performance_gap': 0.2793628150261518, 'learning_trend': 0.0, 'resource_efficiency': 0.0}
2025-07-29 09:17:17 - AutoML.ComparativeEarlyStopping - INFO -   Final score: 0.245
2025-07-29 09:17:17 - AutoML.ComparativeEarlyStopping - INFO -   Decision: CONTINUE
2025-07-29 09:18:28 - AutoML.ComparativeEarlyStopping - INFO - Early stopping evaluation for mobilenetv3_small_100:
2025-07-29 09:18:28 - AutoML.ComparativeEarlyStopping - INFO -   Decision scores: {'statistical_significance': 0.5, 'performance_gap': 0.27341892534474416, 'learning_trend': 0.0, 'resource_efficiency': 0.0}
2025-07-29 09:18:28 - AutoML.ComparativeEarlyStopping - INFO -   Final score: 0.243
2025-07-29 09:18:28 - AutoML.ComparativeEarlyStopping - INFO -   Decision: CONTINUE
2025-07-29 09:19:37 - AutoML.ComparativeEarlyStopping - INFO - Early stopping evaluation for mobilenetv3_small_100:
2025-07-29 09:19:37 - AutoML.ComparativeEarlyStopping - INFO -   Decision scores: {'statistical_significance': 0.5, 'performance_gap': 0.23775558725629975, 'learning_trend': 0.0, 'resource_efficiency': 0.0}
2025-07-29 09:19:37 - AutoML.ComparativeEarlyStopping - INFO -   Final score: 0.234
2025-07-29 09:19:37 - AutoML.ComparativeEarlyStopping - INFO -   Decision: CONTINUE
2025-07-29 09:19:37 - AutoML.Trainer - INFO - Epoch 35/35 - Train Acc: 0.7429, Val Acc: 0.7874, Val Loss: 0.8459, Time: 69.0s
2025-07-29 09:19:37 - AutoML.Trainer - INFO - Training completed for mobilenetv3_small_100
2025-07-29 09:19:37 - AutoML.Trainer - INFO - Best validation accuracy: 0.7874
2025-07-29 09:19:37 - AutoML.Trainer - INFO - Total training time: 2467.7s
2025-07-29 09:19:37 - AutoML.Trainer - INFO - Average epoch time: 70.5s
2025-07-29 09:19:37 - AutoML.Trainer - INFO - Evaluating hyperparameters for mobilenetv3_small_100: {'learning_rate': 1.3372504054110025e-05, 'optimizer': 'rmsprop', 'weight_decay': 1.8038860102976477e-05, 'batch_size': 8, 'dropout_rate': 0.2554031294128294, 'pretrained': True, 'lr_scheduler': 'cosine', 'max_epochs': 21}
2025-07-29 09:19:37 - AutoML.ModelFactory - INFO - Creating mobilenetv3_small_100 (pretrained=True, dropout=0.2554031294128294)
2025-07-29 09:19:37 - AutoML - INFO -  Starting: mobilenetv3_small_100 creation
2025-07-29 09:19:37 - AutoML.ModelFactory - INFO - mobilenetv3_small_100 created successfully:
2025-07-29 09:19:37 - AutoML.ModelFactory - INFO -   Parameters: 1,525,031
2025-07-29 09:19:37 - AutoML.ModelFactory - INFO -   Trainable: 1,525,031
2025-07-29 09:19:37 - AutoML.ModelFactory - INFO -   Model size: 5.82 MB
2025-07-29 09:19:37 - AutoML - INFO -  mobilenetv3_small_100 creation completed in 0.19 seconds
2025-07-29 09:19:51 - AutoML.Trainer - INFO - Total classes in dataset: 7
2025-07-29 09:19:51 - AutoML.Trainer - INFO - Classes found in sample: 7
2025-07-29 09:19:51 - AutoML.Trainer - INFO - Sample size: 80 labels
2025-07-29 09:19:51 - AutoML.Trainer - INFO - Class distribution (sample): {0: 2, 1: 6, 2: 9, 3: 2, 4: 7, 5: 53, 6: 1}
2025-07-29 09:19:51 - AutoML.Trainer - INFO - Class weights tensor shape: torch.Size([7])
2025-07-29 09:19:51 - AutoML.Trainer - INFO - Sample class weights range: [0.2156, 11.4286]
2025-07-29 09:19:51 - AutoML.Trainer - INFO - Mean weight for missing classes: 3.9829
2025-07-29 09:25:29 - AutoML.ComparativeEarlyStopping - INFO - Early stopping evaluation for mobilenetv3_small_100:
2025-07-29 09:25:29 - AutoML.ComparativeEarlyStopping - INFO -   Decision scores: {'statistical_significance': 0.5, 'performance_gap': 1.0, 'learning_trend': 0.0, 'resource_efficiency': 0.0}
2025-07-29 09:25:29 - AutoML.ComparativeEarlyStopping - INFO -   Final score: 0.425
2025-07-29 09:25:29 - AutoML.ComparativeEarlyStopping - INFO -   Decision: CONTINUE
2025-07-29 09:25:29 - AutoML.Trainer - INFO - Epoch 5/21 - Train Acc: 0.5867, Val Acc: 0.7225, Val Loss: 1.0369, Time: 66.2s
2025-07-29 09:26:34 - AutoML.ComparativeEarlyStopping - INFO - Early stopping evaluation for mobilenetv3_small_100:
2025-07-29 09:26:34 - AutoML.ComparativeEarlyStopping - INFO -   Decision scores: {'statistical_significance': 0.5, 'performance_gap': 0.9004992867332362, 'learning_trend': 0.0, 'resource_efficiency': 0.0}
2025-07-29 09:26:34 - AutoML.ComparativeEarlyStopping - INFO -   Final score: 0.400
2025-07-29 09:26:34 - AutoML.ComparativeEarlyStopping - INFO -   Decision: CONTINUE
2025-07-29 09:27:39 - AutoML.ComparativeEarlyStopping - INFO - Early stopping evaluation for mobilenetv3_small_100:
2025-07-29 09:27:39 - AutoML.ComparativeEarlyStopping - INFO -   Decision scores: {'statistical_significance': 0.5, 'performance_gap': 0.9510223490252003, 'learning_trend': 0.0, 'resource_efficiency': 0.0}
2025-07-29 09:27:39 - AutoML.ComparativeEarlyStopping - INFO -   Final score: 0.413
2025-07-29 09:27:39 - AutoML.ComparativeEarlyStopping - INFO -   Decision: CONTINUE
2025-07-29 09:28:44 - AutoML.ComparativeEarlyStopping - INFO - Early stopping evaluation for mobilenetv3_small_100:
2025-07-29 09:28:44 - AutoML.ComparativeEarlyStopping - INFO -   Decision scores: {'statistical_significance': 0.5, 'performance_gap': 0.8945553970518285, 'learning_trend': 0.0, 'resource_efficiency': 0.0}
2025-07-29 09:28:44 - AutoML.ComparativeEarlyStopping - INFO -   Final score: 0.399
2025-07-29 09:28:44 - AutoML.ComparativeEarlyStopping - INFO -   Decision: CONTINUE
2025-07-29 09:29:53 - AutoML.ComparativeEarlyStopping - INFO - Early stopping evaluation for mobilenetv3_small_100:
2025-07-29 09:29:53 - AutoML.ComparativeEarlyStopping - INFO -   Decision scores: {'statistical_significance': 0.5, 'performance_gap': 1.0, 'learning_trend': 0.0, 'resource_efficiency': 0.0}
2025-07-29 09:29:53 - AutoML.ComparativeEarlyStopping - INFO -   Final score: 0.425
2025-07-29 09:29:53 - AutoML.ComparativeEarlyStopping - INFO -   Decision: CONTINUE
2025-07-29 09:31:01 - AutoML.ComparativeEarlyStopping - INFO - Early stopping evaluation for mobilenetv3_small_100:
2025-07-29 09:31:01 - AutoML.ComparativeEarlyStopping - INFO -   Decision scores: {'statistical_significance': 0.5, 'performance_gap': 0.7756776034236773, 'learning_trend': 0.0, 'resource_efficiency': 0.0}
2025-07-29 09:31:01 - AutoML.ComparativeEarlyStopping - INFO -   Final score: 0.369
2025-07-29 09:31:01 - AutoML.ComparativeEarlyStopping - INFO -   Decision: CONTINUE
2025-07-29 09:31:01 - AutoML.Trainer - INFO - Epoch 10/21 - Train Acc: 0.6405, Val Acc: 0.7668, Val Loss: 1.0110, Time: 68.2s
2025-07-29 09:32:06 - AutoML.ComparativeEarlyStopping - INFO - Early stopping evaluation for mobilenetv3_small_100:
2025-07-29 09:32:06 - AutoML.ComparativeEarlyStopping - INFO -   Decision scores: {'statistical_significance': 0.5, 'performance_gap': 0.7489300998573436, 'learning_trend': 0.0, 'resource_efficiency': 0.0}
2025-07-29 09:32:06 - AutoML.ComparativeEarlyStopping - INFO -   Final score: 0.362
2025-07-29 09:32:06 - AutoML.ComparativeEarlyStopping - INFO -   Decision: CONTINUE
2025-07-29 09:33:11 - AutoML.ComparativeEarlyStopping - INFO - Early stopping evaluation for mobilenetv3_small_100:
2025-07-29 09:33:11 - AutoML.ComparativeEarlyStopping - INFO -   Decision scores: {'statistical_significance': 0.5, 'performance_gap': 0.5706134094151216, 'learning_trend': 0.0, 'resource_efficiency': 0.0}
2025-07-29 09:33:11 - AutoML.ComparativeEarlyStopping - INFO -   Final score: 0.318
2025-07-29 09:33:11 - AutoML.ComparativeEarlyStopping - INFO -   Decision: CONTINUE
2025-07-29 09:34:16 - AutoML.ComparativeEarlyStopping - INFO - Early stopping evaluation for mobilenetv3_small_100:
2025-07-29 09:34:16 - AutoML.ComparativeEarlyStopping - INFO -   Decision scores: {'statistical_significance': 0.5, 'performance_gap': 0.5557536852116018, 'learning_trend': 0.0, 'resource_efficiency': 0.0}
2025-07-29 09:34:16 - AutoML.ComparativeEarlyStopping - INFO -   Final score: 0.314
2025-07-29 09:34:16 - AutoML.ComparativeEarlyStopping - INFO -   Decision: CONTINUE
2025-07-29 09:35:21 - AutoML.ComparativeEarlyStopping - INFO - Early stopping evaluation for mobilenetv3_small_100:
2025-07-29 09:35:21 - AutoML.ComparativeEarlyStopping - INFO -   Decision scores: {'statistical_significance': 0.5, 'performance_gap': 0.6211364717070844, 'learning_trend': 0.0, 'resource_efficiency': 0.0}
2025-07-29 09:35:21 - AutoML.ComparativeEarlyStopping - INFO -   Final score: 0.330
2025-07-29 09:35:21 - AutoML.ComparativeEarlyStopping - INFO -   Decision: CONTINUE
2025-07-29 09:36:48 - AutoML.ComparativeEarlyStopping - INFO - Early stopping evaluation for mobilenetv3_small_100:
2025-07-29 09:36:48 - AutoML.ComparativeEarlyStopping - INFO -   Decision scores: {'statistical_significance': 0.5, 'performance_gap': 0.6686875891583427, 'learning_trend': 0.0, 'resource_efficiency': 0.0}
2025-07-29 09:36:48 - AutoML.ComparativeEarlyStopping - INFO -   Final score: 0.342
2025-07-29 09:36:48 - AutoML.ComparativeEarlyStopping - INFO -   Decision: CONTINUE
2025-07-29 09:36:48 - AutoML.Trainer - INFO - Epoch 15/21 - Train Acc: 0.6731, Val Acc: 0.7461, Val Loss: 0.8517, Time: 86.5s
2025-07-29 09:38:12 - AutoML.ComparativeEarlyStopping - INFO - Early stopping evaluation for mobilenetv3_small_100:
2025-07-29 09:38:12 - AutoML.ComparativeEarlyStopping - INFO -   Decision scores: {'statistical_significance': 0.5, 'performance_gap': 0.6746314788397517, 'learning_trend': 0.0, 'resource_efficiency': 0.0}
2025-07-29 09:38:12 - AutoML.ComparativeEarlyStopping - INFO -   Final score: 0.344
2025-07-29 09:38:12 - AutoML.ComparativeEarlyStopping - INFO -   Decision: CONTINUE
2025-07-29 09:39:31 - AutoML.ComparativeEarlyStopping - INFO - Early stopping evaluation for mobilenetv3_small_100:
2025-07-29 09:39:31 - AutoML.ComparativeEarlyStopping - INFO -   Decision scores: {'statistical_significance': 0.5, 'performance_gap': 0.5587256300523049, 'learning_trend': 0.0, 'resource_efficiency': 0.0}
2025-07-29 09:39:31 - AutoML.ComparativeEarlyStopping - INFO -   Final score: 0.315
2025-07-29 09:39:31 - AutoML.ComparativeEarlyStopping - INFO -   Decision: CONTINUE
2025-07-29 09:40:49 - AutoML.ComparativeEarlyStopping - INFO - Early stopping evaluation for mobilenetv3_small_100:
2025-07-29 09:40:49 - AutoML.ComparativeEarlyStopping - INFO -   Decision scores: {'statistical_significance': 0.5, 'performance_gap': 0.4428197812648582, 'learning_trend': 0.0, 'resource_efficiency': 0.0}
2025-07-29 09:40:49 - AutoML.ComparativeEarlyStopping - INFO -   Final score: 0.286
2025-07-29 09:40:49 - AutoML.ComparativeEarlyStopping - INFO -   Decision: CONTINUE
2025-07-29 09:42:06 - AutoML.ComparativeEarlyStopping - INFO - Early stopping evaluation for mobilenetv3_small_100:
2025-07-29 09:42:06 - AutoML.ComparativeEarlyStopping - INFO -   Decision scores: {'statistical_significance': 0.5, 'performance_gap': 0.4249881122206367, 'learning_trend': 0.0, 'resource_efficiency': 0.0}
2025-07-29 09:42:06 - AutoML.ComparativeEarlyStopping - INFO -   Final score: 0.281
2025-07-29 09:42:06 - AutoML.ComparativeEarlyStopping - INFO -   Decision: CONTINUE
2025-07-29 09:43:24 - AutoML.ComparativeEarlyStopping - INFO - Early stopping evaluation for mobilenetv3_small_100:
2025-07-29 09:43:24 - AutoML.ComparativeEarlyStopping - INFO -   Decision scores: {'statistical_significance': 0.5, 'performance_gap': 0.37743699476937564, 'learning_trend': 0.0, 'resource_efficiency': 0.0}
2025-07-29 09:43:24 - AutoML.ComparativeEarlyStopping - INFO -   Final score: 0.269
2025-07-29 09:43:24 - AutoML.ComparativeEarlyStopping - INFO -   Decision: CONTINUE
2025-07-29 09:43:24 - AutoML.Trainer - INFO - Epoch 20/21 - Train Acc: 0.6953, Val Acc: 0.7660, Val Loss: 0.8536, Time: 78.4s
2025-07-29 09:44:43 - AutoML.ComparativeEarlyStopping - INFO - Early stopping evaluation for mobilenetv3_small_100:
2025-07-29 09:44:43 - AutoML.ComparativeEarlyStopping - INFO -   Decision scores: {'statistical_significance': 0.5, 'performance_gap': 0.3536614360437465, 'learning_trend': 0.0, 'resource_efficiency': 0.0}
2025-07-29 09:44:43 - AutoML.ComparativeEarlyStopping - INFO -   Final score: 0.263
2025-07-29 09:44:43 - AutoML.ComparativeEarlyStopping - INFO -   Decision: CONTINUE
2025-07-29 09:44:43 - AutoML.Trainer - INFO - Epoch 21/21 - Train Acc: 0.7029, Val Acc: 0.7796, Val Loss: 0.8611, Time: 79.0s
2025-07-29 09:44:43 - AutoML.Trainer - INFO - Training completed for mobilenetv3_small_100
2025-07-29 09:44:43 - AutoML.Trainer - INFO - Best validation accuracy: 0.7796
2025-07-29 09:44:43 - AutoML.Trainer - INFO - Total training time: 1492.7s
2025-07-29 09:44:43 - AutoML.Trainer - INFO - Average epoch time: 71.1s
2025-07-29 09:44:43 - AutoML.HPO.successive_halving - INFO - Successive halving round: 3 candidates, resource: 0.80
2025-07-29 09:44:43 - AutoML.Trainer - INFO - Evaluating hyperparameters for mobilenetv3_small_100: {'learning_rate': 3.175269801726249e-05, 'optimizer': 'rmsprop', 'weight_decay': 0.00018413563870723357, 'batch_size': 16, 'dropout_rate': 0.28501381229403283, 'pretrained': True, 'lr_scheduler': 'plateau', 'max_epochs': 32}
2025-07-29 09:44:43 - AutoML.ModelFactory - INFO - Creating mobilenetv3_small_100 (pretrained=True, dropout=0.28501381229403283)
2025-07-29 09:44:43 - AutoML - INFO -  Starting: mobilenetv3_small_100 creation
2025-07-29 09:44:44 - AutoML.ModelFactory - INFO - mobilenetv3_small_100 created successfully:
2025-07-29 09:44:44 - AutoML.ModelFactory - INFO -   Parameters: 1,525,031
2025-07-29 09:44:44 - AutoML.ModelFactory - INFO -   Trainable: 1,525,031
2025-07-29 09:44:44 - AutoML.ModelFactory - INFO -   Model size: 5.82 MB
2025-07-29 09:44:44 - AutoML - INFO -  mobilenetv3_small_100 creation completed in 0.24 seconds
2025-07-29 09:44:58 - AutoML.Trainer - INFO - Total classes in dataset: 7
2025-07-29 09:44:58 - AutoML.Trainer - INFO - Classes found in sample: 7
2025-07-29 09:44:58 - AutoML.Trainer - INFO - Sample size: 80 labels
2025-07-29 09:44:58 - AutoML.Trainer - INFO - Class distribution (sample): {0: 3, 1: 6, 2: 9, 3: 2, 4: 6, 5: 53, 6: 1}
2025-07-29 09:44:58 - AutoML.Trainer - INFO - Class weights tensor shape: torch.Size([7])
2025-07-29 09:44:58 - AutoML.Trainer - INFO - Sample class weights range: [0.2156, 11.4286]
2025-07-29 09:44:58 - AutoML.Trainer - INFO - Mean weight for missing classes: 3.7496
2025-07-29 09:51:36 - AutoML.ComparativeEarlyStopping - INFO - Early stopping evaluation for mobilenetv3_small_100:
2025-07-29 09:51:36 - AutoML.ComparativeEarlyStopping - INFO -   Decision scores: {'statistical_significance': 0.5, 'performance_gap': 1.0, 'learning_trend': 0.0, 'resource_efficiency': 0.0}
2025-07-29 09:51:36 - AutoML.ComparativeEarlyStopping - INFO -   Final score: 0.425
2025-07-29 09:51:36 - AutoML.ComparativeEarlyStopping - INFO -   Decision: CONTINUE
2025-07-29 09:51:36 - AutoML.Trainer - INFO - Epoch 5/32 - Train Acc: 0.6034, Val Acc: 0.6847, Val Loss: 1.0655, Time: 79.4s
2025-07-29 09:52:55 - AutoML.ComparativeEarlyStopping - INFO - Early stopping evaluation for mobilenetv3_small_100:
2025-07-29 09:52:55 - AutoML.ComparativeEarlyStopping - INFO -   Decision scores: {'statistical_significance': 0.5, 'performance_gap': 1.0, 'learning_trend': 0.0, 'resource_efficiency': 0.0}
2025-07-29 09:52:55 - AutoML.ComparativeEarlyStopping - INFO -   Final score: 0.425
2025-07-29 09:52:55 - AutoML.ComparativeEarlyStopping - INFO -   Decision: CONTINUE
2025-07-29 09:54:14 - AutoML.ComparativeEarlyStopping - INFO - Early stopping evaluation for mobilenetv3_small_100:
2025-07-29 09:54:14 - AutoML.ComparativeEarlyStopping - INFO -   Decision scores: {'statistical_significance': 0.5, 'performance_gap': 1.0, 'learning_trend': 0.0, 'resource_efficiency': 0.0}
2025-07-29 09:54:14 - AutoML.ComparativeEarlyStopping - INFO -   Final score: 0.425
2025-07-29 09:54:14 - AutoML.ComparativeEarlyStopping - INFO -   Decision: CONTINUE
2025-07-29 09:55:29 - AutoML.ComparativeEarlyStopping - INFO - Early stopping evaluation for mobilenetv3_small_100:
2025-07-29 09:55:29 - AutoML.ComparativeEarlyStopping - INFO -   Decision scores: {'statistical_significance': 0.5, 'performance_gap': 1.0, 'learning_trend': 0.0, 'resource_efficiency': 0.0}
2025-07-29 09:55:29 - AutoML.ComparativeEarlyStopping - INFO -   Final score: 0.425
2025-07-29 09:55:29 - AutoML.ComparativeEarlyStopping - INFO -   Decision: CONTINUE
2025-07-29 09:56:49 - AutoML.ComparativeEarlyStopping - INFO - Early stopping evaluation for mobilenetv3_small_100:
2025-07-29 09:56:49 - AutoML.ComparativeEarlyStopping - INFO -   Decision scores: {'statistical_significance': 0.5, 'performance_gap': 1.0, 'learning_trend': 0.0, 'resource_efficiency': 0.0}
2025-07-29 09:56:49 - AutoML.ComparativeEarlyStopping - INFO -   Final score: 0.425
2025-07-29 09:56:49 - AutoML.ComparativeEarlyStopping - INFO -   Decision: CONTINUE
2025-07-29 09:58:49 - AutoML.ComparativeEarlyStopping - INFO - Early stopping evaluation for mobilenetv3_small_100:
2025-07-29 09:58:49 - AutoML.ComparativeEarlyStopping - INFO -   Decision scores: {'statistical_significance': 0.5, 'performance_gap': 1.0, 'learning_trend': 0.0, 'resource_efficiency': 0.0}
2025-07-29 09:58:49 - AutoML.ComparativeEarlyStopping - INFO -   Final score: 0.425
2025-07-29 09:58:49 - AutoML.ComparativeEarlyStopping - INFO -   Decision: CONTINUE
2025-07-29 09:58:49 - AutoML.Trainer - INFO - Epoch 10/32 - Train Acc: 0.6585, Val Acc: 0.6626, Val Loss: 0.9466, Time: 120.7s
2025-07-29 10:01:01 - AutoML.ComparativeEarlyStopping - INFO - Early stopping evaluation for mobilenetv3_small_100:
2025-07-29 10:01:01 - AutoML.ComparativeEarlyStopping - INFO -   Decision scores: {'statistical_significance': 0.5, 'performance_gap': 1.0, 'learning_trend': 0.0, 'resource_efficiency': 0.08336136545317208}
2025-07-29 10:01:01 - AutoML.ComparativeEarlyStopping - INFO -   Final score: 0.438
2025-07-29 10:01:01 - AutoML.ComparativeEarlyStopping - INFO -   Decision: CONTINUE
2025-07-29 10:03:16 - AutoML.ComparativeEarlyStopping - INFO - Early stopping evaluation for mobilenetv3_small_100:
2025-07-29 10:03:16 - AutoML.ComparativeEarlyStopping - INFO -   Decision scores: {'statistical_significance': 0.5, 'performance_gap': 1.0, 'learning_trend': 0.0, 'resource_efficiency': 0.19613183035599413}
2025-07-29 10:03:16 - AutoML.ComparativeEarlyStopping - INFO -   Final score: 0.454
2025-07-29 10:03:16 - AutoML.ComparativeEarlyStopping - INFO -   Decision: CONTINUE
2025-07-29 10:05:22 - AutoML.ComparativeEarlyStopping - INFO - Early stopping evaluation for mobilenetv3_small_100:
2025-07-29 10:05:22 - AutoML.ComparativeEarlyStopping - INFO -   Decision scores: {'statistical_significance': 0.5, 'performance_gap': 0.9658820732287188, 'learning_trend': 0.0, 'resource_efficiency': 0.16951228841451838}
2025-07-29 10:05:22 - AutoML.ComparativeEarlyStopping - INFO -   Final score: 0.442
2025-07-29 10:05:22 - AutoML.ComparativeEarlyStopping - INFO -   Decision: CONTINUE
2025-07-29 10:07:30 - AutoML.ComparativeEarlyStopping - INFO - Early stopping evaluation for mobilenetv3_small_100:
2025-07-29 10:07:30 - AutoML.ComparativeEarlyStopping - INFO -   Decision scores: {'statistical_significance': 0.5, 'performance_gap': 0.7162387066096038, 'learning_trend': 0.0, 'resource_efficiency': 0.1373264810457554}
2025-07-29 10:07:30 - AutoML.ComparativeEarlyStopping - INFO -   Final score: 0.375
2025-07-29 10:07:30 - AutoML.ComparativeEarlyStopping - INFO -   Decision: CONTINUE
2025-07-29 10:09:36 - AutoML.ComparativeEarlyStopping - INFO - Early stopping evaluation for mobilenetv3_small_100:
2025-07-29 10:09:36 - AutoML.ComparativeEarlyStopping - INFO -   Decision scores: {'statistical_significance': 0.5, 'performance_gap': 0.514146457441747, 'learning_trend': 0.0, 'resource_efficiency': 0.09992733656669928}
2025-07-29 10:09:36 - AutoML.ComparativeEarlyStopping - INFO -   Final score: 0.319
2025-07-29 10:09:36 - AutoML.ComparativeEarlyStopping - INFO -   Decision: CONTINUE
2025-07-29 10:09:36 - AutoML.Trainer - INFO - Epoch 15/32 - Train Acc: 0.6783, Val Acc: 0.7732, Val Loss: 1.0420, Time: 126.4s
2025-07-29 10:11:36 - AutoML.ComparativeEarlyStopping - INFO - Early stopping evaluation for mobilenetv3_small_100:
2025-07-29 10:11:36 - AutoML.ComparativeEarlyStopping - INFO -   Decision scores: {'statistical_significance': 0.5, 'performance_gap': 0.4755111745125995, 'learning_trend': 0.0, 'resource_efficiency': 0.08069178210378203}
2025-07-29 10:11:36 - AutoML.ComparativeEarlyStopping - INFO -   Final score: 0.306
2025-07-29 10:11:36 - AutoML.ComparativeEarlyStopping - INFO -   Decision: CONTINUE
2025-07-29 10:13:40 - AutoML.ComparativeEarlyStopping - INFO - Early stopping evaluation for mobilenetv3_small_100:
2025-07-29 10:13:40 - AutoML.ComparativeEarlyStopping - INFO -   Decision scores: {'statistical_significance': 0.5, 'performance_gap': 0.4041844983357093, 'learning_trend': 0.0, 'resource_efficiency': 0.06440171160377584}
2025-07-29 10:13:40 - AutoML.ComparativeEarlyStopping - INFO -   Final score: 0.286
2025-07-29 10:13:40 - AutoML.ComparativeEarlyStopping - INFO -   Decision: CONTINUE
2025-07-29 10:15:46 - AutoML.ComparativeEarlyStopping - INFO - Early stopping evaluation for mobilenetv3_small_100:
2025-07-29 10:15:46 - AutoML.ComparativeEarlyStopping - INFO -   Decision scores: {'statistical_significance': 0.5, 'performance_gap': 0.5260342368045636, 'learning_trend': 0.0, 'resource_efficiency': 0.07606601346816144}
2025-07-29 10:15:46 - AutoML.ComparativeEarlyStopping - INFO -   Final score: 0.318
2025-07-29 10:15:46 - AutoML.ComparativeEarlyStopping - INFO -   Decision: CONTINUE
2025-07-29 10:17:50 - AutoML.ComparativeEarlyStopping - INFO - Early stopping evaluation for mobilenetv3_small_100:
2025-07-29 10:17:50 - AutoML.ComparativeEarlyStopping - INFO -   Decision scores: {'statistical_significance': 0.5, 'performance_gap': 0.6241084165477875, 'learning_trend': 0.0, 'resource_efficiency': 0.09719249707501942}
2025-07-29 10:17:50 - AutoML.ComparativeEarlyStopping - INFO -   Final score: 0.346
2025-07-29 10:17:50 - AutoML.ComparativeEarlyStopping - INFO -   Decision: CONTINUE
2025-07-29 10:19:55 - AutoML.ComparativeEarlyStopping - INFO - Early stopping evaluation for mobilenetv3_small_100:
2025-07-29 10:19:55 - AutoML.ComparativeEarlyStopping - INFO -   Decision scores: {'statistical_significance': 0.5, 'performance_gap': 0.4903708987161193, 'learning_trend': 0.0, 'resource_efficiency': 0.08528202552764341}
2025-07-29 10:19:55 - AutoML.ComparativeEarlyStopping - INFO -   Final score: 0.310
2025-07-29 10:19:55 - AutoML.ComparativeEarlyStopping - INFO -   Decision: CONTINUE
2025-07-29 10:19:55 - AutoML.Trainer - INFO - Epoch 20/32 - Train Acc: 0.7097, Val Acc: 0.7953, Val Loss: 0.8528, Time: 124.3s
2025-07-29 10:22:00 - AutoML.ComparativeEarlyStopping - INFO - Early stopping evaluation for mobilenetv3_small_100:
2025-07-29 10:22:00 - AutoML.ComparativeEarlyStopping - INFO -   Decision scores: {'statistical_significance': 0.5, 'performance_gap': 0.28530670470755803, 'learning_trend': 0.0, 'resource_efficiency': 0.06329730588191063}
2025-07-29 10:22:00 - AutoML.ComparativeEarlyStopping - INFO -   Final score: 0.256
2025-07-29 10:22:00 - AutoML.ComparativeEarlyStopping - INFO -   Decision: CONTINUE
2025-07-29 10:24:10 - AutoML.ComparativeEarlyStopping - INFO - Early stopping evaluation for mobilenetv3_small_100:
2025-07-29 10:24:10 - AutoML.ComparativeEarlyStopping - INFO -   Decision scores: {'statistical_significance': 0.5, 'performance_gap': 0.30908226343318856, 'learning_trend': 0.0, 'resource_efficiency': 0.07905596471976939}
2025-07-29 10:24:10 - AutoML.ComparativeEarlyStopping - INFO -   Final score: 0.264
2025-07-29 10:24:10 - AutoML.ComparativeEarlyStopping - INFO -   Decision: CONTINUE
2025-07-29 10:26:19 - AutoML.ComparativeEarlyStopping - INFO - Early stopping evaluation for mobilenetv3_small_100:
2025-07-29 10:26:19 - AutoML.ComparativeEarlyStopping - INFO -   Decision scores: {'statistical_significance': 0.5, 'performance_gap': 0.7727056585829756, 'learning_trend': 0.5, 'resource_efficiency': 0.13449609593836387}
2025-07-29 10:26:19 - AutoML.ComparativeEarlyStopping - INFO -   Final score: 0.513
2025-07-29 10:26:19 - AutoML.ComparativeEarlyStopping - INFO -   Decision: CONTINUE
2025-07-29 10:28:23 - AutoML.ComparativeEarlyStopping - INFO - Early stopping evaluation for mobilenetv3_small_100:
2025-07-29 10:28:23 - AutoML.ComparativeEarlyStopping - INFO -   Decision scores: {'statistical_significance': 0.5, 'performance_gap': 0.7964812173086061, 'learning_trend': 0.5, 'resource_efficiency': 0.13416369838823494}
2025-07-29 10:28:23 - AutoML.ComparativeEarlyStopping - INFO -   Final score: 0.519
2025-07-29 10:28:23 - AutoML.ComparativeEarlyStopping - INFO -   Decision: CONTINUE
2025-07-29 10:30:31 - AutoML.ComparativeEarlyStopping - INFO - Early stopping evaluation for mobilenetv3_small_100:
2025-07-29 10:30:31 - AutoML.ComparativeEarlyStopping - INFO -   Decision scores: {'statistical_significance': 0.5, 'performance_gap': 0.9837137422729431, 'learning_trend': 0.5, 'resource_efficiency': 0.14609409534120044}
2025-07-29 10:30:31 - AutoML.ComparativeEarlyStopping - INFO -   Final score: 0.568
2025-07-29 10:30:31 - AutoML.ComparativeEarlyStopping - INFO -   Decision: CONTINUE
2025-07-29 10:30:31 - AutoML.Trainer - INFO - Epoch 25/32 - Train Acc: 0.7373, Val Acc: 0.6961, Val Loss: 0.9154, Time: 127.3s
2025-07-29 10:31:46 - AutoML.ComparativeEarlyStopping - INFO - Early stopping evaluation for mobilenetv3_small_100:
2025-07-29 10:31:46 - AutoML.ComparativeEarlyStopping - INFO -   Decision scores: {'statistical_significance': 0.5, 'performance_gap': 0.9064431764146452, 'learning_trend': 0.5, 'resource_efficiency': 0.0}
2025-07-29 10:31:46 - AutoML.ComparativeEarlyStopping - INFO -   Final score: 0.527
2025-07-29 10:31:46 - AutoML.ComparativeEarlyStopping - INFO -   Decision: CONTINUE
2025-07-29 10:32:56 - AutoML.ComparativeEarlyStopping - INFO - Early stopping evaluation for mobilenetv3_small_100:
2025-07-29 10:32:56 - AutoML.ComparativeEarlyStopping - INFO -   Decision scores: {'statistical_significance': 0.5, 'performance_gap': 0.8975273418925317, 'learning_trend': 0.5, 'resource_efficiency': 0.0}
2025-07-29 10:32:56 - AutoML.ComparativeEarlyStopping - INFO -   Final score: 0.524
2025-07-29 10:32:56 - AutoML.ComparativeEarlyStopping - INFO -   Decision: CONTINUE
2025-07-29 10:34:10 - AutoML.ComparativeEarlyStopping - INFO - Early stopping evaluation for mobilenetv3_small_100:
2025-07-29 10:34:10 - AutoML.ComparativeEarlyStopping - INFO -   Decision scores: {'statistical_significance': 0.5, 'performance_gap': 0.4933428435568224, 'learning_trend': 0.5, 'resource_efficiency': 0.0}
2025-07-29 10:34:10 - AutoML.ComparativeEarlyStopping - INFO -   Final score: 0.423
2025-07-29 10:34:10 - AutoML.ComparativeEarlyStopping - INFO -   Decision: CONTINUE
2025-07-29 10:35:20 - AutoML.ComparativeEarlyStopping - INFO - Early stopping evaluation for mobilenetv3_small_100:
2025-07-29 10:35:20 - AutoML.ComparativeEarlyStopping - INFO -   Decision scores: {'statistical_significance': 0.5, 'performance_gap': 0.23181169757489073, 'learning_trend': 0.5, 'resource_efficiency': 0.0}
2025-07-29 10:35:20 - AutoML.ComparativeEarlyStopping - INFO -   Final score: 0.358
2025-07-29 10:35:20 - AutoML.ComparativeEarlyStopping - INFO -   Decision: CONTINUE
2025-07-29 10:36:29 - AutoML.ComparativeEarlyStopping - INFO - Early stopping evaluation for mobilenetv3_small_100:
2025-07-29 10:36:29 - AutoML.ComparativeEarlyStopping - INFO -   Decision scores: {'statistical_significance': 0.5, 'performance_gap': 0.3388017118402267, 'learning_trend': 0.0, 'resource_efficiency': 0.0}
2025-07-29 10:36:29 - AutoML.ComparativeEarlyStopping - INFO -   Final score: 0.260
2025-07-29 10:36:29 - AutoML.ComparativeEarlyStopping - INFO -   Decision: CONTINUE
2025-07-29 10:36:29 - AutoML.Trainer - INFO - Epoch 30/32 - Train Acc: 0.7471, Val Acc: 0.7639, Val Loss: 0.8286, Time: 69.0s
2025-07-29 10:38:07 - AutoML.ComparativeEarlyStopping - INFO - Early stopping evaluation for mobilenetv3_small_100:
2025-07-29 10:38:07 - AutoML.ComparativeEarlyStopping - INFO -   Decision scores: {'statistical_significance': 0.5, 'performance_gap': 0.3685211602472649, 'learning_trend': 0.0, 'resource_efficiency': 0.0}
2025-07-29 10:38:07 - AutoML.ComparativeEarlyStopping - INFO -   Final score: 0.267
2025-07-29 10:38:07 - AutoML.ComparativeEarlyStopping - INFO -   Decision: CONTINUE
2025-07-29 10:40:01 - AutoML.ComparativeEarlyStopping - INFO - Early stopping evaluation for mobilenetv3_small_100:
2025-07-29 10:40:01 - AutoML.ComparativeEarlyStopping - INFO -   Decision scores: {'statistical_significance': 0.5, 'performance_gap': 0.20209224916785395, 'learning_trend': 0.0, 'resource_efficiency': 0.0}
2025-07-29 10:40:01 - AutoML.ComparativeEarlyStopping - INFO -   Final score: 0.226
2025-07-29 10:40:01 - AutoML.ComparativeEarlyStopping - INFO -   Decision: CONTINUE
2025-07-29 10:40:01 - AutoML.Trainer - INFO - Epoch 32/32 - Train Acc: 0.7718, Val Acc: 0.8053, Val Loss: 0.8508, Time: 114.3s
2025-07-29 10:40:01 - AutoML.Trainer - INFO - Training completed for mobilenetv3_small_100
2025-07-29 10:40:01 - AutoML.Trainer - INFO - Best validation accuracy: 0.8053
2025-07-29 10:40:01 - AutoML.Trainer - INFO - Total training time: 3303.7s
2025-07-29 10:40:01 - AutoML.Trainer - INFO - Average epoch time: 103.2s
2025-07-29 10:40:01 - AutoML.Trainer - INFO - Evaluating hyperparameters for mobilenetv3_small_100: {'learning_rate': 6.376965725337132e-05, 'optimizer': 'adamw', 'weight_decay': 0.00014081516936381686, 'batch_size': 32, 'dropout_rate': 0.11354540932368759, 'pretrained': True, 'lr_scheduler': 'cosine', 'max_epochs': 35}
2025-07-29 10:40:01 - AutoML.ModelFactory - INFO - Creating mobilenetv3_small_100 (pretrained=True, dropout=0.11354540932368759)
2025-07-29 10:40:01 - AutoML - INFO -  Starting: mobilenetv3_small_100 creation
2025-07-29 10:40:02 - AutoML.ModelFactory - INFO - mobilenetv3_small_100 created successfully:
2025-07-29 10:40:02 - AutoML.ModelFactory - INFO -   Parameters: 1,525,031
2025-07-29 10:40:02 - AutoML.ModelFactory - INFO -   Trainable: 1,525,031
2025-07-29 10:40:02 - AutoML.ModelFactory - INFO -   Model size: 5.82 MB
2025-07-29 10:40:02 - AutoML - INFO -  mobilenetv3_small_100 creation completed in 0.38 seconds
2025-07-29 10:40:16 - AutoML.Trainer - INFO - Total classes in dataset: 7
2025-07-29 10:40:16 - AutoML.Trainer - INFO - Classes found in sample: 7
2025-07-29 10:40:16 - AutoML.Trainer - INFO - Sample size: 80 labels
2025-07-29 10:40:16 - AutoML.Trainer - INFO - Class distribution (sample): {0: 5, 1: 6, 2: 8, 3: 1, 4: 11, 5: 46, 6: 3}
2025-07-29 10:40:16 - AutoML.Trainer - INFO - Class weights tensor shape: torch.Size([7])
2025-07-29 10:40:16 - AutoML.Trainer - INFO - Sample class weights range: [0.2484, 11.4286]
2025-07-29 10:40:16 - AutoML.Trainer - INFO - Mean weight for missing classes: 3.1635
2025-07-29 10:51:10 - AutoML.ComparativeEarlyStopping - INFO - Early stopping evaluation for mobilenetv3_small_100:
2025-07-29 10:51:10 - AutoML.ComparativeEarlyStopping - INFO -   Decision scores: {'statistical_significance': 0.5, 'performance_gap': 1.0, 'learning_trend': 0.0, 'resource_efficiency': 0.1889456240101729}
2025-07-29 10:51:10 - AutoML.ComparativeEarlyStopping - INFO -   Final score: 0.453
2025-07-29 10:51:10 - AutoML.ComparativeEarlyStopping - INFO -   Decision: CONTINUE
2025-07-29 10:51:10 - AutoML.Trainer - INFO - Epoch 5/35 - Train Acc: 0.6558, Val Acc: 0.6976, Val Loss: 0.9831, Time: 129.0s
2025-07-29 10:53:20 - AutoML.ComparativeEarlyStopping - INFO - Early stopping evaluation for mobilenetv3_small_100:
2025-07-29 10:53:20 - AutoML.ComparativeEarlyStopping - INFO -   Decision scores: {'statistical_significance': 0.5, 'performance_gap': 1.0, 'learning_trend': 0.0, 'resource_efficiency': 0.1763739718522559}
2025-07-29 10:53:20 - AutoML.ComparativeEarlyStopping - INFO -   Final score: 0.451
2025-07-29 10:53:20 - AutoML.ComparativeEarlyStopping - INFO -   Decision: CONTINUE
2025-07-29 10:55:33 - AutoML.ComparativeEarlyStopping - INFO - Early stopping evaluation for mobilenetv3_small_100:
2025-07-29 10:55:33 - AutoML.ComparativeEarlyStopping - INFO -   Decision scores: {'statistical_significance': 0.5, 'performance_gap': 0.9272467902995698, 'learning_trend': 0.0, 'resource_efficiency': 0.16632067447690002}
2025-07-29 10:55:33 - AutoML.ComparativeEarlyStopping - INFO -   Final score: 0.432
2025-07-29 10:55:33 - AutoML.ComparativeEarlyStopping - INFO -   Decision: CONTINUE
2025-07-29 10:57:50 - AutoML.ComparativeEarlyStopping - INFO - Early stopping evaluation for mobilenetv3_small_100:
2025-07-29 10:57:50 - AutoML.ComparativeEarlyStopping - INFO -   Decision scores: {'statistical_significance': 0.5, 'performance_gap': 0.68949120304327, 'learning_trend': 0.0, 'resource_efficiency': 0.16103224725726517}
2025-07-29 10:57:50 - AutoML.ComparativeEarlyStopping - INFO -   Final score: 0.372
2025-07-29 10:57:50 - AutoML.ComparativeEarlyStopping - INFO -   Decision: CONTINUE
2025-07-29 10:59:59 - AutoML.ComparativeEarlyStopping - INFO - Early stopping evaluation for mobilenetv3_small_100:
2025-07-29 10:59:59 - AutoML.ComparativeEarlyStopping - INFO -   Decision scores: {'statistical_significance': 0.5, 'performance_gap': 0.7221825962910113, 'learning_trend': 0.0, 'resource_efficiency': 0.16023403934849267}
2025-07-29 10:59:59 - AutoML.ComparativeEarlyStopping - INFO -   Final score: 0.380
2025-07-29 10:59:59 - AutoML.ComparativeEarlyStopping - INFO -   Decision: CONTINUE
2025-07-29 11:01:37 - AutoML.ComparativeEarlyStopping - INFO - Early stopping evaluation for mobilenetv3_small_100:
2025-07-29 11:01:37 - AutoML.ComparativeEarlyStopping - INFO -   Decision scores: {'statistical_significance': 0.5, 'performance_gap': 0.6270803613884907, 'learning_trend': 0.0, 'resource_efficiency': 0.0697538873900676}
2025-07-29 11:01:37 - AutoML.ComparativeEarlyStopping - INFO -   Final score: 0.342
2025-07-29 11:01:37 - AutoML.ComparativeEarlyStopping - INFO -   Decision: CONTINUE
2025-07-29 11:01:37 - AutoML.Trainer - INFO - Epoch 10/35 - Train Acc: 0.6944, Val Acc: 0.7660, Val Loss: 1.0987, Time: 98.0s
2025-07-29 11:02:55 - AutoML.ComparativeEarlyStopping - INFO - Early stopping evaluation for mobilenetv3_small_100:
2025-07-29 11:02:55 - AutoML.ComparativeEarlyStopping - INFO -   Decision scores: {'statistical_significance': 0.5, 'performance_gap': 0.686519258202567, 'learning_trend': 0.0, 'resource_efficiency': 0.0}
2025-07-29 11:02:55 - AutoML.ComparativeEarlyStopping - INFO -   Final score: 0.347
2025-07-29 11:02:55 - AutoML.ComparativeEarlyStopping - INFO -   Decision: CONTINUE
2025-07-29 11:04:09 - AutoML.ComparativeEarlyStopping - INFO - Early stopping evaluation for mobilenetv3_small_100:
2025-07-29 11:04:09 - AutoML.ComparativeEarlyStopping - INFO -   Decision scores: {'statistical_significance': 0.5, 'performance_gap': 0.5616975748930081, 'learning_trend': 0.0, 'resource_efficiency': 0.0}
2025-07-29 11:04:09 - AutoML.ComparativeEarlyStopping - INFO -   Final score: 0.315
2025-07-29 11:04:09 - AutoML.ComparativeEarlyStopping - INFO -   Decision: CONTINUE
2025-07-29 11:05:19 - AutoML.ComparativeEarlyStopping - INFO - Early stopping evaluation for mobilenetv3_small_100:
2025-07-29 11:05:19 - AutoML.ComparativeEarlyStopping - INFO -   Decision scores: {'statistical_significance': 0.5, 'performance_gap': 0.5646695197337139, 'learning_trend': 0.0, 'resource_efficiency': 0.0}
2025-07-29 11:05:19 - AutoML.ComparativeEarlyStopping - INFO -   Final score: 0.316
2025-07-29 11:05:19 - AutoML.ComparativeEarlyStopping - INFO -   Decision: CONTINUE
2025-07-29 11:06:30 - AutoML.ComparativeEarlyStopping - INFO - Early stopping evaluation for mobilenetv3_small_100:
2025-07-29 11:06:30 - AutoML.ComparativeEarlyStopping - INFO -   Decision scores: {'statistical_significance': 0.5, 'performance_gap': 0.37743699476937564, 'learning_trend': 0.0, 'resource_efficiency': 0.0}
2025-07-29 11:06:30 - AutoML.ComparativeEarlyStopping - INFO -   Final score: 0.269
2025-07-29 11:06:30 - AutoML.ComparativeEarlyStopping - INFO -   Decision: CONTINUE
2025-07-29 11:07:41 - AutoML.ComparativeEarlyStopping - INFO - Early stopping evaluation for mobilenetv3_small_100:
2025-07-29 11:07:41 - AutoML.ComparativeEarlyStopping - INFO -   Decision scores: {'statistical_significance': 0.5, 'performance_gap': 0.2763908701854473, 'learning_trend': 0.0, 'resource_efficiency': 0.0}
2025-07-29 11:07:41 - AutoML.ComparativeEarlyStopping - INFO -   Final score: 0.244
2025-07-29 11:07:41 - AutoML.ComparativeEarlyStopping - INFO -   Decision: CONTINUE
2025-07-29 11:07:41 - AutoML.Trainer - INFO - Epoch 15/35 - Train Acc: 0.7418, Val Acc: 0.7867, Val Loss: 0.8610, Time: 70.7s
2025-07-29 11:08:53 - AutoML.ComparativeEarlyStopping - INFO - Early stopping evaluation for mobilenetv3_small_100:
2025-07-29 11:08:53 - AutoML.ComparativeEarlyStopping - INFO -   Decision scores: {'statistical_significance': 0.5, 'performance_gap': 0.23478364241559524, 'learning_trend': 0.0, 'resource_efficiency': 0.0}
2025-07-29 11:08:53 - AutoML.ComparativeEarlyStopping - INFO -   Final score: 0.234
2025-07-29 11:08:53 - AutoML.ComparativeEarlyStopping - INFO -   Decision: CONTINUE
2025-07-29 11:10:22 - AutoML.ComparativeEarlyStopping - INFO - Early stopping evaluation for mobilenetv3_small_100:
2025-07-29 11:10:22 - AutoML.ComparativeEarlyStopping - INFO -   Decision scores: {'statistical_significance': 0.5, 'performance_gap': 0.28827864954826393, 'learning_trend': 0.0, 'resource_efficiency': 0.0}
2025-07-29 11:10:22 - AutoML.ComparativeEarlyStopping - INFO -   Final score: 0.247
2025-07-29 11:10:22 - AutoML.ComparativeEarlyStopping - INFO -   Decision: CONTINUE
2025-07-29 11:11:27 - AutoML.ComparativeEarlyStopping - INFO - Early stopping evaluation for mobilenetv3_small_100:
2025-07-29 11:11:27 - AutoML.ComparativeEarlyStopping - INFO -   Decision scores: {'statistical_significance': 0.5, 'performance_gap': 0.28827864954826393, 'learning_trend': 0.0, 'resource_efficiency': 0.0}
2025-07-29 11:11:27 - AutoML.ComparativeEarlyStopping - INFO -   Final score: 0.247
2025-07-29 11:11:27 - AutoML.ComparativeEarlyStopping - INFO -   Decision: CONTINUE
2025-07-29 11:12:33 - AutoML.ComparativeEarlyStopping - INFO - Early stopping evaluation for mobilenetv3_small_100:
2025-07-29 11:12:33 - AutoML.ComparativeEarlyStopping - INFO -   Decision scores: {'statistical_significance': 0.5, 'performance_gap': 0.19912030432714944, 'learning_trend': 0.0, 'resource_efficiency': 0.0}
2025-07-29 11:12:33 - AutoML.ComparativeEarlyStopping - INFO -   Final score: 0.225
2025-07-29 11:12:33 - AutoML.ComparativeEarlyStopping - INFO -   Decision: CONTINUE
2025-07-29 11:13:40 - AutoML.ComparativeEarlyStopping - INFO - Early stopping evaluation for mobilenetv3_small_100:
2025-07-29 11:13:40 - AutoML.ComparativeEarlyStopping - INFO -   Decision scores: {'statistical_significance': 0.5, 'performance_gap': 0.17831669044222342, 'learning_trend': 0.0, 'resource_efficiency': 0.0}
2025-07-29 11:13:40 - AutoML.ComparativeEarlyStopping - INFO -   Final score: 0.220
2025-07-29 11:13:40 - AutoML.ComparativeEarlyStopping - INFO -   Decision: CONTINUE
2025-07-29 11:13:40 - AutoML.Trainer - INFO - Epoch 20/35 - Train Acc: 0.7796, Val Acc: 0.7775, Val Loss: 0.7472, Time: 67.1s
2025-07-29 11:14:51 - AutoML.ComparativeEarlyStopping - INFO - Early stopping evaluation for mobilenetv3_small_100:
2025-07-29 11:14:51 - AutoML.ComparativeEarlyStopping - INFO -   Decision scores: {'statistical_significance': 0.5, 'performance_gap': 0.19020446980504008, 'learning_trend': 0.0, 'resource_efficiency': 0.0}
2025-07-29 11:14:51 - AutoML.ComparativeEarlyStopping - INFO -   Final score: 0.223
2025-07-29 11:14:51 - AutoML.ComparativeEarlyStopping - INFO -   Decision: CONTINUE
2025-07-29 11:16:05 - AutoML.ComparativeEarlyStopping - INFO - Early stopping evaluation for mobilenetv3_small_100:
2025-07-29 11:16:05 - AutoML.ComparativeEarlyStopping - INFO -   Decision scores: {'statistical_significance': 0.5, 'performance_gap': 0.2763908701854473, 'learning_trend': 0.0, 'resource_efficiency': 0.0}
2025-07-29 11:16:05 - AutoML.ComparativeEarlyStopping - INFO -   Final score: 0.244
2025-07-29 11:16:05 - AutoML.ComparativeEarlyStopping - INFO -   Decision: CONTINUE
2025-07-29 11:17:20 - AutoML.ComparativeEarlyStopping - INFO - Early stopping evaluation for mobilenetv3_small_100:
2025-07-29 11:17:20 - AutoML.ComparativeEarlyStopping - INFO -   Decision scores: {'statistical_significance': 0.5, 'performance_gap': 0.14265335235377902, 'learning_trend': 0.0, 'resource_efficiency': 0.0}
2025-07-29 11:17:20 - AutoML.ComparativeEarlyStopping - INFO -   Final score: 0.211
2025-07-29 11:17:20 - AutoML.ComparativeEarlyStopping - INFO -   Decision: CONTINUE
2025-07-29 11:18:33 - AutoML.ComparativeEarlyStopping - INFO - Early stopping evaluation for mobilenetv3_small_100:
2025-07-29 11:18:33 - AutoML.ComparativeEarlyStopping - INFO -   Decision scores: {'statistical_significance': 0.5, 'performance_gap': 0.029719448407035387, 'learning_trend': 0.0, 'resource_efficiency': 0.0}
2025-07-29 11:18:33 - AutoML.ComparativeEarlyStopping - INFO -   Final score: 0.182
2025-07-29 11:18:33 - AutoML.ComparativeEarlyStopping - INFO -   Decision: CONTINUE
2025-07-29 11:19:48 - AutoML.ComparativeEarlyStopping - INFO - Early stopping evaluation for mobilenetv3_small_100:
2025-07-29 11:19:48 - AutoML.ComparativeEarlyStopping - INFO -   Decision scores: {'statistical_significance': 0.5, 'performance_gap': 0.0, 'learning_trend': 0.0, 'resource_efficiency': 0.0}
2025-07-29 11:19:48 - AutoML.ComparativeEarlyStopping - INFO -   Final score: 0.175
2025-07-29 11:19:48 - AutoML.ComparativeEarlyStopping - INFO -   Decision: CONTINUE
2025-07-29 11:19:48 - AutoML.Trainer - INFO - Epoch 25/35 - Train Acc: 0.8047, Val Acc: 0.8053, Val Loss: 0.7306, Time: 74.9s
2025-07-29 11:21:03 - AutoML.ComparativeEarlyStopping - INFO - Early stopping evaluation for mobilenetv3_small_100:
2025-07-29 11:21:03 - AutoML.ComparativeEarlyStopping - INFO -   Decision scores: {'statistical_significance': 0.5, 'performance_gap': 0.0, 'learning_trend': 0.0, 'resource_efficiency': 0.0}
2025-07-29 11:21:03 - AutoML.ComparativeEarlyStopping - INFO -   Final score: 0.175
2025-07-29 11:21:03 - AutoML.ComparativeEarlyStopping - INFO -   Decision: CONTINUE
2025-07-29 11:22:16 - AutoML.ComparativeEarlyStopping - INFO - Early stopping evaluation for mobilenetv3_small_100:
2025-07-29 11:22:16 - AutoML.ComparativeEarlyStopping - INFO -   Decision scores: {'statistical_significance': 0.5, 'performance_gap': 0.0, 'learning_trend': 0.0, 'resource_efficiency': 0.0}
2025-07-29 11:22:16 - AutoML.ComparativeEarlyStopping - INFO -   Final score: 0.175
2025-07-29 11:22:16 - AutoML.ComparativeEarlyStopping - INFO -   Decision: CONTINUE
2025-07-29 11:23:31 - AutoML.ComparativeEarlyStopping - INFO - Early stopping evaluation for mobilenetv3_small_100:
2025-07-29 11:23:31 - AutoML.ComparativeEarlyStopping - INFO -   Decision scores: {'statistical_significance': 0.5, 'performance_gap': 0.0, 'learning_trend': 0.0, 'resource_efficiency': 0.0}
2025-07-29 11:23:31 - AutoML.ComparativeEarlyStopping - INFO -   Final score: 0.175
2025-07-29 11:23:31 - AutoML.ComparativeEarlyStopping - INFO -   Decision: CONTINUE
2025-07-29 11:24:46 - AutoML.ComparativeEarlyStopping - INFO - Early stopping evaluation for mobilenetv3_small_100:
2025-07-29 11:24:46 - AutoML.ComparativeEarlyStopping - INFO -   Decision scores: {'statistical_significance': 0.5, 'performance_gap': 0.0, 'learning_trend': 0.0, 'resource_efficiency': 0.0}
2025-07-29 11:24:46 - AutoML.ComparativeEarlyStopping - INFO -   Final score: 0.175
2025-07-29 11:24:46 - AutoML.ComparativeEarlyStopping - INFO -   Decision: CONTINUE
2025-07-29 11:26:00 - AutoML.ComparativeEarlyStopping - INFO - Early stopping evaluation for mobilenetv3_small_100:
2025-07-29 11:26:00 - AutoML.ComparativeEarlyStopping - INFO -   Decision scores: {'statistical_significance': 0.5, 'performance_gap': 0.0, 'learning_trend': 0.0, 'resource_efficiency': 0.0}
2025-07-29 11:26:00 - AutoML.ComparativeEarlyStopping - INFO -   Final score: 0.175
2025-07-29 11:26:00 - AutoML.ComparativeEarlyStopping - INFO -   Decision: CONTINUE
2025-07-29 11:26:00 - AutoML.Trainer - INFO - Epoch 30/35 - Train Acc: 0.8226, Val Acc: 0.8195, Val Loss: 0.7606, Time: 73.6s
2025-07-29 11:27:15 - AutoML.ComparativeEarlyStopping - INFO - Early stopping evaluation for mobilenetv3_small_100:
2025-07-29 11:27:15 - AutoML.ComparativeEarlyStopping - INFO -   Decision scores: {'statistical_significance': 0.5, 'performance_gap': 0.0, 'learning_trend': 0.0, 'resource_efficiency': 0.0}
2025-07-29 11:27:15 - AutoML.ComparativeEarlyStopping - INFO -   Final score: 0.175
2025-07-29 11:27:15 - AutoML.ComparativeEarlyStopping - INFO -   Decision: CONTINUE
2025-07-29 11:28:29 - AutoML.ComparativeEarlyStopping - INFO - Early stopping evaluation for mobilenetv3_small_100:
2025-07-29 11:28:29 - AutoML.ComparativeEarlyStopping - INFO -   Decision scores: {'statistical_significance': 0.5, 'performance_gap': 0.0, 'learning_trend': 0.0, 'resource_efficiency': 0.0}
2025-07-29 11:28:29 - AutoML.ComparativeEarlyStopping - INFO -   Final score: 0.175
2025-07-29 11:28:29 - AutoML.ComparativeEarlyStopping - INFO -   Decision: CONTINUE
2025-07-29 11:29:42 - AutoML.ComparativeEarlyStopping - INFO - Early stopping evaluation for mobilenetv3_small_100:
2025-07-29 11:29:42 - AutoML.ComparativeEarlyStopping - INFO -   Decision scores: {'statistical_significance': 0.5, 'performance_gap': 0.0, 'learning_trend': 0.0, 'resource_efficiency': 0.0}
2025-07-29 11:29:42 - AutoML.ComparativeEarlyStopping - INFO -   Final score: 0.175
2025-07-29 11:29:42 - AutoML.ComparativeEarlyStopping - INFO -   Decision: CONTINUE
2025-07-29 11:30:54 - AutoML.ComparativeEarlyStopping - INFO - Early stopping evaluation for mobilenetv3_small_100:
2025-07-29 11:30:54 - AutoML.ComparativeEarlyStopping - INFO -   Decision scores: {'statistical_significance': 0.5, 'performance_gap': 0.0, 'learning_trend': 0.0, 'resource_efficiency': 0.0}
2025-07-29 11:30:54 - AutoML.ComparativeEarlyStopping - INFO -   Final score: 0.175
2025-07-29 11:30:54 - AutoML.ComparativeEarlyStopping - INFO -   Decision: CONTINUE
2025-07-29 11:32:08 - AutoML.ComparativeEarlyStopping - INFO - Early stopping evaluation for mobilenetv3_small_100:
2025-07-29 11:32:08 - AutoML.ComparativeEarlyStopping - INFO -   Decision scores: {'statistical_significance': 0.5, 'performance_gap': 0.0, 'learning_trend': 0.0, 'resource_efficiency': 0.0}
2025-07-29 11:32:08 - AutoML.ComparativeEarlyStopping - INFO -   Final score: 0.175
2025-07-29 11:32:08 - AutoML.ComparativeEarlyStopping - INFO -   Decision: CONTINUE
2025-07-29 11:32:08 - AutoML.Trainer - INFO - Epoch 35/35 - Train Acc: 0.8335, Val Acc: 0.8224, Val Loss: 0.7653, Time: 73.5s
2025-07-29 11:32:08 - AutoML.Trainer - INFO - Training completed for mobilenetv3_small_100
2025-07-29 11:32:08 - AutoML.Trainer - INFO - Best validation accuracy: 0.8252
2025-07-29 11:32:08 - AutoML.Trainer - INFO - Total training time: 3111.8s
2025-07-29 11:32:08 - AutoML.Trainer - INFO - Average epoch time: 88.9s
2025-07-29 11:32:08 - AutoML.Trainer - INFO - Evaluating hyperparameters for mobilenetv3_small_100: {'learning_rate': 4.9248586860380096e-05, 'optimizer': 'adamw', 'weight_decay': 9.937567155482717e-05, 'batch_size': 8, 'dropout_rate': 0.3654423841091953, 'pretrained': True, 'lr_scheduler': 'cosine', 'max_epochs': 24}
2025-07-29 11:32:08 - AutoML.ModelFactory - INFO - Creating mobilenetv3_small_100 (pretrained=True, dropout=0.3654423841091953)
2025-07-29 11:32:08 - AutoML - INFO -  Starting: mobilenetv3_small_100 creation
2025-07-29 11:32:08 - AutoML.ModelFactory - INFO - mobilenetv3_small_100 created successfully:
2025-07-29 11:32:08 - AutoML.ModelFactory - INFO -   Parameters: 1,525,031
2025-07-29 11:32:08 - AutoML.ModelFactory - INFO -   Trainable: 1,525,031
2025-07-29 11:32:08 - AutoML.ModelFactory - INFO -   Model size: 5.82 MB
2025-07-29 11:32:08 - AutoML - INFO -  mobilenetv3_small_100 creation completed in 0.22 seconds
2025-07-29 11:32:19 - AutoML.Trainer - INFO - Total classes in dataset: 7
2025-07-29 11:32:19 - AutoML.Trainer - INFO - Classes found in sample: 7
2025-07-29 11:32:19 - AutoML.Trainer - INFO - Sample size: 80 labels
2025-07-29 11:32:19 - AutoML.Trainer - INFO - Class distribution (sample): {0: 1, 1: 3, 2: 7, 3: 2, 4: 10, 5: 56, 6: 1}
2025-07-29 11:32:19 - AutoML.Trainer - INFO - Class weights tensor shape: torch.Size([7])
2025-07-29 11:32:19 - AutoML.Trainer - INFO - Sample class weights range: [0.2041, 11.4286]
2025-07-29 11:32:19 - AutoML.Trainer - INFO - Mean weight for missing classes: 5.0515
2025-07-29 11:38:25 - AutoML.ComparativeEarlyStopping - INFO - Early stopping evaluation for mobilenetv3_small_100:
2025-07-29 11:38:25 - AutoML.ComparativeEarlyStopping - INFO -   Decision scores: {'statistical_significance': 0.5, 'performance_gap': 1.0, 'learning_trend': 0.0, 'resource_efficiency': 0.0}
2025-07-29 11:38:25 - AutoML.ComparativeEarlyStopping - INFO -   Final score: 0.425
2025-07-29 11:38:25 - AutoML.ComparativeEarlyStopping - INFO -   Decision: CONTINUE
2025-07-29 11:38:25 - AutoML.Trainer - INFO - Epoch 5/24 - Train Acc: 0.5858, Val Acc: 0.6769, Val Loss: 1.1658, Time: 72.6s
2025-07-29 11:39:40 - AutoML.ComparativeEarlyStopping - INFO - Early stopping evaluation for mobilenetv3_small_100:
2025-07-29 11:39:40 - AutoML.ComparativeEarlyStopping - INFO -   Decision scores: {'statistical_significance': 0.5, 'performance_gap': 1.0, 'learning_trend': 0.0, 'resource_efficiency': 0.0}
2025-07-29 11:39:40 - AutoML.ComparativeEarlyStopping - INFO -   Final score: 0.425
2025-07-29 11:39:40 - AutoML.ComparativeEarlyStopping - INFO -   Decision: CONTINUE
2025-07-29 11:40:52 - AutoML.ComparativeEarlyStopping - INFO - Early stopping evaluation for mobilenetv3_small_100:
2025-07-29 11:40:52 - AutoML.ComparativeEarlyStopping - INFO -   Decision scores: {'statistical_significance': 0.5, 'performance_gap': 1.0, 'learning_trend': 0.0, 'resource_efficiency': 0.0}
2025-07-29 11:40:52 - AutoML.ComparativeEarlyStopping - INFO -   Final score: 0.425
2025-07-29 11:40:52 - AutoML.ComparativeEarlyStopping - INFO -   Decision: CONTINUE
2025-07-29 11:42:10 - AutoML.ComparativeEarlyStopping - INFO - Early stopping evaluation for mobilenetv3_small_100:
2025-07-29 11:42:10 - AutoML.ComparativeEarlyStopping - INFO -   Decision scores: {'statistical_significance': 0.5, 'performance_gap': 0.7489300998573436, 'learning_trend': 0.0, 'resource_efficiency': 0.0}
2025-07-29 11:42:10 - AutoML.ComparativeEarlyStopping - INFO -   Final score: 0.362
2025-07-29 11:42:10 - AutoML.ComparativeEarlyStopping - INFO -   Decision: CONTINUE
2025-07-29 11:43:23 - AutoML.ComparativeEarlyStopping - INFO - Early stopping evaluation for mobilenetv3_small_100:
2025-07-29 11:43:23 - AutoML.ComparativeEarlyStopping - INFO -   Decision scores: {'statistical_significance': 0.5, 'performance_gap': 0.7578459343794558, 'learning_trend': 0.0, 'resource_efficiency': 0.0}
2025-07-29 11:43:23 - AutoML.ComparativeEarlyStopping - INFO -   Final score: 0.364
2025-07-29 11:43:23 - AutoML.ComparativeEarlyStopping - INFO -   Decision: CONTINUE
2025-07-29 11:44:38 - AutoML.ComparativeEarlyStopping - INFO - Early stopping evaluation for mobilenetv3_small_100:
2025-07-29 11:44:38 - AutoML.ComparativeEarlyStopping - INFO -   Decision scores: {'statistical_significance': 0.5, 'performance_gap': 0.7043509272467885, 'learning_trend': 0.0, 'resource_efficiency': 0.0}
2025-07-29 11:44:38 - AutoML.ComparativeEarlyStopping - INFO -   Final score: 0.351
2025-07-29 11:44:38 - AutoML.ComparativeEarlyStopping - INFO -   Decision: CONTINUE
2025-07-29 11:44:38 - AutoML.Trainer - INFO - Epoch 10/24 - Train Acc: 0.6507, Val Acc: 0.7197, Val Loss: 1.1092, Time: 74.9s
2025-07-29 11:45:52 - AutoML.ComparativeEarlyStopping - INFO - Early stopping evaluation for mobilenetv3_small_100:
2025-07-29 11:45:52 - AutoML.ComparativeEarlyStopping - INFO -   Decision scores: {'statistical_significance': 0.5, 'performance_gap': 0.7816214931050863, 'learning_trend': 0.0, 'resource_efficiency': 0.0}
2025-07-29 11:45:52 - AutoML.ComparativeEarlyStopping - INFO -   Final score: 0.370
2025-07-29 11:45:52 - AutoML.ComparativeEarlyStopping - INFO -   Decision: CONTINUE
2025-07-29 11:47:07 - AutoML.ComparativeEarlyStopping - INFO - Early stopping evaluation for mobilenetv3_small_100:
2025-07-29 11:47:07 - AutoML.ComparativeEarlyStopping - INFO -   Decision scores: {'statistical_significance': 0.5, 'performance_gap': 0.7192106514503083, 'learning_trend': 0.0, 'resource_efficiency': 0.0}
2025-07-29 11:47:07 - AutoML.ComparativeEarlyStopping - INFO -   Final score: 0.355
2025-07-29 11:47:07 - AutoML.ComparativeEarlyStopping - INFO -   Decision: CONTINUE
2025-07-29 11:48:21 - AutoML.ComparativeEarlyStopping - INFO - Early stopping evaluation for mobilenetv3_small_100:
2025-07-29 11:48:21 - AutoML.ComparativeEarlyStopping - INFO -   Decision scores: {'statistical_significance': 0.5, 'performance_gap': 0.6567998097955288, 'learning_trend': 0.0, 'resource_efficiency': 0.0}
2025-07-29 11:48:21 - AutoML.ComparativeEarlyStopping - INFO -   Final score: 0.339
2025-07-29 11:48:21 - AutoML.ComparativeEarlyStopping - INFO -   Decision: CONTINUE
2025-07-29 11:49:35 - AutoML.ComparativeEarlyStopping - INFO - Early stopping evaluation for mobilenetv3_small_100:
2025-07-29 11:49:35 - AutoML.ComparativeEarlyStopping - INFO -   Decision scores: {'statistical_significance': 0.5, 'performance_gap': 0.7578459343794558, 'learning_trend': 0.0, 'resource_efficiency': 0.0}
2025-07-29 11:49:35 - AutoML.ComparativeEarlyStopping - INFO -   Final score: 0.364
2025-07-29 11:49:35 - AutoML.ComparativeEarlyStopping - INFO -   Decision: CONTINUE
2025-07-29 11:50:48 - AutoML.ComparativeEarlyStopping - INFO - Early stopping evaluation for mobilenetv3_small_100:
2025-07-29 11:50:48 - AutoML.ComparativeEarlyStopping - INFO -   Decision scores: {'statistical_significance': 0.5, 'performance_gap': 0.7697337137422711, 'learning_trend': 0.0, 'resource_efficiency': 0.0}
2025-07-29 11:50:48 - AutoML.ComparativeEarlyStopping - INFO -   Final score: 0.367
2025-07-29 11:50:48 - AutoML.ComparativeEarlyStopping - INFO -   Decision: CONTINUE
2025-07-29 11:50:48 - AutoML.Trainer - INFO - Epoch 15/24 - Train Acc: 0.7044, Val Acc: 0.7689, Val Loss: 0.8309, Time: 73.2s
2025-07-29 11:52:05 - AutoML.ComparativeEarlyStopping - INFO - Early stopping evaluation for mobilenetv3_small_100:
2025-07-29 11:52:05 - AutoML.ComparativeEarlyStopping - INFO -   Decision scores: {'statistical_significance': 0.5, 'performance_gap': 0.7429862101759388, 'learning_trend': 0.0, 'resource_efficiency': 0.0}
2025-07-29 11:52:05 - AutoML.ComparativeEarlyStopping - INFO -   Final score: 0.361
2025-07-29 11:52:05 - AutoML.ComparativeEarlyStopping - INFO -   Decision: CONTINUE
2025-07-29 11:53:19 - AutoML.ComparativeEarlyStopping - INFO - Early stopping evaluation for mobilenetv3_small_100:
2025-07-29 11:53:19 - AutoML.ComparativeEarlyStopping - INFO -   Decision scores: {'statistical_significance': 0.5, 'performance_gap': 0.3922967189728954, 'learning_trend': 0.0, 'resource_efficiency': 0.0}
2025-07-29 11:53:19 - AutoML.ComparativeEarlyStopping - INFO -   Final score: 0.273
2025-07-29 11:53:19 - AutoML.ComparativeEarlyStopping - INFO -   Decision: CONTINUE
2025-07-29 11:54:32 - AutoML.ComparativeEarlyStopping - INFO - Early stopping evaluation for mobilenetv3_small_100:
2025-07-29 11:54:32 - AutoML.ComparativeEarlyStopping - INFO -   Decision scores: {'statistical_significance': 0.5, 'performance_gap': 0.4368758915834506, 'learning_trend': 0.0, 'resource_efficiency': 0.0}
2025-07-29 11:54:32 - AutoML.ComparativeEarlyStopping - INFO -   Final score: 0.284
2025-07-29 11:54:32 - AutoML.ComparativeEarlyStopping - INFO -   Decision: CONTINUE
2025-07-29 11:55:46 - AutoML.ComparativeEarlyStopping - INFO - Early stopping evaluation for mobilenetv3_small_100:
2025-07-29 11:55:46 - AutoML.ComparativeEarlyStopping - INFO -   Decision scores: {'statistical_significance': 0.5, 'performance_gap': 0.25261531145981675, 'learning_trend': 0.0, 'resource_efficiency': 0.0}
2025-07-29 11:55:46 - AutoML.ComparativeEarlyStopping - INFO -   Final score: 0.238
2025-07-29 11:55:46 - AutoML.ComparativeEarlyStopping - INFO -   Decision: CONTINUE
2025-07-29 11:56:59 - AutoML.ComparativeEarlyStopping - INFO - Early stopping evaluation for mobilenetv3_small_100:
2025-07-29 11:56:59 - AutoML.ComparativeEarlyStopping - INFO -   Decision scores: {'statistical_significance': 0.5, 'performance_gap': 0.2763908701854473, 'learning_trend': 0.0, 'resource_efficiency': 0.0}
2025-07-29 11:56:59 - AutoML.ComparativeEarlyStopping - INFO -   Final score: 0.244
2025-07-29 11:56:59 - AutoML.ComparativeEarlyStopping - INFO -   Decision: CONTINUE
2025-07-29 11:56:59 - AutoML.Trainer - INFO - Epoch 20/24 - Train Acc: 0.7420, Val Acc: 0.7939, Val Loss: 0.8235, Time: 73.7s
2025-07-29 11:58:14 - AutoML.ComparativeEarlyStopping - INFO - Early stopping evaluation for mobilenetv3_small_100:
2025-07-29 11:58:14 - AutoML.ComparativeEarlyStopping - INFO -   Decision scores: {'statistical_significance': 0.5, 'performance_gap': 0.1396814075130759, 'learning_trend': 0.0, 'resource_efficiency': 0.0}
2025-07-29 11:58:14 - AutoML.ComparativeEarlyStopping - INFO -   Final score: 0.210
2025-07-29 11:58:14 - AutoML.ComparativeEarlyStopping - INFO -   Decision: CONTINUE
2025-07-29 11:59:29 - AutoML.ComparativeEarlyStopping - INFO - Early stopping evaluation for mobilenetv3_small_100:
2025-07-29 11:59:29 - AutoML.ComparativeEarlyStopping - INFO -   Decision scores: {'statistical_significance': 0.5, 'performance_gap': 0.12482168330955751, 'learning_trend': 0.0, 'resource_efficiency': 0.0}
2025-07-29 11:59:29 - AutoML.ComparativeEarlyStopping - INFO -   Final score: 0.206
2025-07-29 11:59:29 - AutoML.ComparativeEarlyStopping - INFO -   Decision: CONTINUE
2025-07-29 12:00:46 - AutoML.ComparativeEarlyStopping - INFO - Early stopping evaluation for mobilenetv3_small_100:
2025-07-29 12:00:46 - AutoML.ComparativeEarlyStopping - INFO -   Decision scores: {'statistical_significance': 0.5, 'performance_gap': 0.08618640038040859, 'learning_trend': 0.0, 'resource_efficiency': 0.0}
2025-07-29 12:00:46 - AutoML.ComparativeEarlyStopping - INFO -   Final score: 0.197
2025-07-29 12:00:46 - AutoML.ComparativeEarlyStopping - INFO -   Decision: CONTINUE
2025-07-29 12:02:09 - AutoML.ComparativeEarlyStopping - INFO - Early stopping evaluation for mobilenetv3_small_100:
2025-07-29 12:02:09 - AutoML.ComparativeEarlyStopping - INFO -   Decision scores: {'statistical_significance': 0.5, 'performance_gap': 0.06538278649548257, 'learning_trend': 0.0, 'resource_efficiency': 0.0}
2025-07-29 12:02:09 - AutoML.ComparativeEarlyStopping - INFO -   Final score: 0.191
2025-07-29 12:02:09 - AutoML.ComparativeEarlyStopping - INFO -   Decision: CONTINUE
2025-07-29 12:02:09 - AutoML.Trainer - INFO - Epoch 24/24 - Train Acc: 0.7518, Val Acc: 0.7960, Val Loss: 0.8061, Time: 82.7s
2025-07-29 12:02:09 - AutoML.Trainer - INFO - Training completed for mobilenetv3_small_100
2025-07-29 12:02:09 - AutoML.Trainer - INFO - Best validation accuracy: 0.8031
2025-07-29 12:02:09 - AutoML.Trainer - INFO - Total training time: 1789.7s
2025-07-29 12:02:09 - AutoML.Trainer - INFO - Average epoch time: 74.6s
2025-07-29 12:02:09 - AutoML.Trainer - INFO - Evaluating hyperparameters for mobilenetv3_small_100: {'learning_rate': 6.376965725337132e-05, 'optimizer': 'adamw', 'weight_decay': 0.00014081516936381686, 'batch_size': 32, 'dropout_rate': 0.11354540932368759, 'pretrained': True, 'lr_scheduler': 'cosine', 'max_epochs': 35}
2025-07-29 12:02:09 - AutoML.ModelFactory - INFO - Creating mobilenetv3_small_100 (pretrained=True, dropout=0.11354540932368759)
2025-07-29 12:02:09 - AutoML - INFO -  Starting: mobilenetv3_small_100 creation
2025-07-29 12:02:10 - AutoML.ModelFactory - INFO - mobilenetv3_small_100 created successfully:
2025-07-29 12:02:10 - AutoML.ModelFactory - INFO -   Parameters: 1,525,031
2025-07-29 12:02:10 - AutoML.ModelFactory - INFO -   Trainable: 1,525,031
2025-07-29 12:02:10 - AutoML.ModelFactory - INFO -   Model size: 5.82 MB
2025-07-29 12:02:10 - AutoML - INFO -  mobilenetv3_small_100 creation completed in 0.51 seconds
2025-07-29 12:02:23 - AutoML.Trainer - INFO - Total classes in dataset: 7
2025-07-29 12:02:23 - AutoML.Trainer - INFO - Classes found in sample: 7
2025-07-29 12:02:23 - AutoML.Trainer - INFO - Sample size: 80 labels
2025-07-29 12:02:23 - AutoML.Trainer - INFO - Class distribution (sample): {0: 1, 1: 3, 2: 3, 3: 3, 4: 10, 5: 59, 6: 1}
2025-07-29 12:02:23 - AutoML.Trainer - INFO - Class weights tensor shape: torch.Size([7])
2025-07-29 12:02:23 - AutoML.Trainer - INFO - Sample class weights range: [0.1937, 11.4286]
2025-07-29 12:02:23 - AutoML.Trainer - INFO - Mean weight for missing classes: 5.0889
2025-07-29 12:08:31 - AutoML.ComparativeEarlyStopping - INFO - Early stopping evaluation for mobilenetv3_small_100:
2025-07-29 12:08:31 - AutoML.ComparativeEarlyStopping - INFO -   Decision scores: {'statistical_significance': 0.5, 'performance_gap': 1.0, 'learning_trend': 0.0, 'resource_efficiency': 0.0}
2025-07-29 12:08:31 - AutoML.ComparativeEarlyStopping - INFO -   Final score: 0.425
2025-07-29 12:08:31 - AutoML.ComparativeEarlyStopping - INFO -   Decision: CONTINUE
2025-07-29 12:08:31 - AutoML.Trainer - INFO - Epoch 5/35 - Train Acc: 0.5970, Val Acc: 0.7297, Val Loss: 1.3632, Time: 77.7s
2025-07-29 12:09:40 - AutoML.ComparativeEarlyStopping - INFO - Early stopping evaluation for mobilenetv3_small_100:
2025-07-29 12:09:40 - AutoML.ComparativeEarlyStopping - INFO -   Decision scores: {'statistical_significance': 0.5, 'performance_gap': 1.0, 'learning_trend': 0.0, 'resource_efficiency': 0.0}
2025-07-29 12:09:40 - AutoML.ComparativeEarlyStopping - INFO -   Final score: 0.425
2025-07-29 12:09:40 - AutoML.ComparativeEarlyStopping - INFO -   Decision: CONTINUE
2025-07-29 12:10:51 - AutoML.ComparativeEarlyStopping - INFO - Early stopping evaluation for mobilenetv3_small_100:
2025-07-29 12:10:51 - AutoML.ComparativeEarlyStopping - INFO -   Decision scores: {'statistical_significance': 0.5, 'performance_gap': 0.918330955777459, 'learning_trend': 0.0, 'resource_efficiency': 0.0}
2025-07-29 12:10:51 - AutoML.ComparativeEarlyStopping - INFO -   Final score: 0.405
2025-07-29 12:10:51 - AutoML.ComparativeEarlyStopping - INFO -   Decision: CONTINUE
2025-07-29 12:12:07 - AutoML.ComparativeEarlyStopping - INFO - Early stopping evaluation for mobilenetv3_small_100:
2025-07-29 12:12:07 - AutoML.ComparativeEarlyStopping - INFO -   Decision scores: {'statistical_significance': 0.5, 'performance_gap': 0.8470042796005689, 'learning_trend': 0.0, 'resource_efficiency': 0.0}
2025-07-29 12:12:07 - AutoML.ComparativeEarlyStopping - INFO -   Final score: 0.387
2025-07-29 12:12:07 - AutoML.ComparativeEarlyStopping - INFO -   Decision: CONTINUE
2025-07-29 12:13:16 - AutoML.ComparativeEarlyStopping - INFO - Early stopping evaluation for mobilenetv3_small_100:
2025-07-29 12:13:16 - AutoML.ComparativeEarlyStopping - INFO -   Decision scores: {'statistical_significance': 0.5, 'performance_gap': 0.9658820732287201, 'learning_trend': 0.0, 'resource_efficiency': 0.0}
2025-07-29 12:13:16 - AutoML.ComparativeEarlyStopping - INFO -   Final score: 0.416
2025-07-29 12:13:16 - AutoML.ComparativeEarlyStopping - INFO -   Decision: CONTINUE
2025-07-29 12:14:33 - AutoML.ComparativeEarlyStopping - INFO - Early stopping evaluation for mobilenetv3_small_100:
2025-07-29 12:14:33 - AutoML.ComparativeEarlyStopping - INFO -   Decision scores: {'statistical_significance': 0.5, 'performance_gap': 0.647883975273418, 'learning_trend': 0.0, 'resource_efficiency': 0.0}
2025-07-29 12:14:33 - AutoML.ComparativeEarlyStopping - INFO -   Final score: 0.337
2025-07-29 12:14:33 - AutoML.ComparativeEarlyStopping - INFO -   Decision: CONTINUE
2025-07-29 12:14:33 - AutoML.Trainer - INFO - Epoch 10/35 - Train Acc: 0.6512, Val Acc: 0.7760, Val Loss: 0.9916, Time: 77.1s
2025-07-29 12:15:41 - AutoML.ComparativeEarlyStopping - INFO - Early stopping evaluation for mobilenetv3_small_100:
2025-07-29 12:15:41 - AutoML.ComparativeEarlyStopping - INFO -   Decision scores: {'statistical_significance': 0.5, 'performance_gap': 0.7519020446980496, 'learning_trend': 0.0, 'resource_efficiency': 0.0}
2025-07-29 12:15:41 - AutoML.ComparativeEarlyStopping - INFO -   Final score: 0.363
2025-07-29 12:15:41 - AutoML.ComparativeEarlyStopping - INFO -   Decision: CONTINUE
2025-07-29 12:16:45 - AutoML.ComparativeEarlyStopping - INFO - Early stopping evaluation for mobilenetv3_small_100:
2025-07-29 12:16:45 - AutoML.ComparativeEarlyStopping - INFO -   Decision scores: {'statistical_significance': 0.5, 'performance_gap': 0.7221825962910113, 'learning_trend': 0.0, 'resource_efficiency': 0.0}
2025-07-29 12:16:45 - AutoML.ComparativeEarlyStopping - INFO -   Final score: 0.356
2025-07-29 12:16:45 - AutoML.ComparativeEarlyStopping - INFO -   Decision: CONTINUE
2025-07-29 12:17:52 - AutoML.ComparativeEarlyStopping - INFO - Early stopping evaluation for mobilenetv3_small_100:
2025-07-29 12:17:52 - AutoML.ComparativeEarlyStopping - INFO -   Decision scores: {'statistical_significance': 0.5, 'performance_gap': 0.7727056585829756, 'learning_trend': 0.0, 'resource_efficiency': 0.0}
2025-07-29 12:17:52 - AutoML.ComparativeEarlyStopping - INFO -   Final score: 0.368
2025-07-29 12:17:52 - AutoML.ComparativeEarlyStopping - INFO -   Decision: CONTINUE
2025-07-29 12:18:59 - AutoML.ComparativeEarlyStopping - INFO - Early stopping evaluation for mobilenetv3_small_100:
2025-07-29 12:18:59 - AutoML.ComparativeEarlyStopping - INFO -   Decision scores: {'statistical_significance': 0.5, 'performance_gap': 0.8915834522111254, 'learning_trend': 0.5, 'resource_efficiency': 0.0}
2025-07-29 12:18:59 - AutoML.ComparativeEarlyStopping - INFO -   Final score: 0.523
2025-07-29 12:18:59 - AutoML.ComparativeEarlyStopping - INFO -   Decision: CONTINUE
2025-07-29 12:20:05 - AutoML.ComparativeEarlyStopping - INFO - Early stopping evaluation for mobilenetv3_small_100:
2025-07-29 12:20:05 - AutoML.ComparativeEarlyStopping - INFO -   Decision scores: {'statistical_significance': 0.5, 'performance_gap': 0.6954350927246777, 'learning_trend': 0.0, 'resource_efficiency': 0.0}
2025-07-29 12:20:05 - AutoML.ComparativeEarlyStopping - INFO -   Final score: 0.349
2025-07-29 12:20:05 - AutoML.ComparativeEarlyStopping - INFO -   Decision: CONTINUE
2025-07-29 12:20:05 - AutoML.Trainer - INFO - Epoch 15/35 - Train Acc: 0.7001, Val Acc: 0.7796, Val Loss: 0.9636, Time: 66.1s
2025-07-29 12:21:18 - AutoML.ComparativeEarlyStopping - INFO - Early stopping evaluation for mobilenetv3_small_100:
2025-07-29 12:21:18 - AutoML.ComparativeEarlyStopping - INFO -   Decision scores: {'statistical_significance': 0.5, 'performance_gap': 0.6716595339990472, 'learning_trend': 0.0, 'resource_efficiency': 0.0}
2025-07-29 12:21:18 - AutoML.ComparativeEarlyStopping - INFO -   Final score: 0.343
2025-07-29 12:21:18 - AutoML.ComparativeEarlyStopping - INFO -   Decision: CONTINUE
2025-07-29 12:22:32 - AutoML.ComparativeEarlyStopping - INFO - Early stopping evaluation for mobilenetv3_small_100:
2025-07-29 12:22:32 - AutoML.ComparativeEarlyStopping - INFO -   Decision scores: {'statistical_significance': 0.5, 'performance_gap': 0.4249881122206367, 'learning_trend': 0.0, 'resource_efficiency': 0.0}
2025-07-29 12:22:32 - AutoML.ComparativeEarlyStopping - INFO -   Final score: 0.281
2025-07-29 12:22:32 - AutoML.ComparativeEarlyStopping - INFO -   Decision: CONTINUE
2025-07-29 12:23:45 - AutoML.ComparativeEarlyStopping - INFO - Early stopping evaluation for mobilenetv3_small_100:
2025-07-29 12:23:45 - AutoML.ComparativeEarlyStopping - INFO -   Decision scores: {'statistical_significance': 0.5, 'performance_gap': 0.5973609129814539, 'learning_trend': 0.0, 'resource_efficiency': 0.0}
2025-07-29 12:23:45 - AutoML.ComparativeEarlyStopping - INFO -   Final score: 0.324
2025-07-29 12:23:45 - AutoML.ComparativeEarlyStopping - INFO -   Decision: CONTINUE
2025-07-29 12:25:02 - AutoML.ComparativeEarlyStopping - INFO - Early stopping evaluation for mobilenetv3_small_100:
2025-07-29 12:25:02 - AutoML.ComparativeEarlyStopping - INFO -   Decision scores: {'statistical_significance': 0.5, 'performance_gap': 0.5082025677603408, 'learning_trend': 0.0, 'resource_efficiency': 0.0}
2025-07-29 12:25:02 - AutoML.ComparativeEarlyStopping - INFO -   Final score: 0.302
2025-07-29 12:25:02 - AutoML.ComparativeEarlyStopping - INFO -   Decision: CONTINUE
2025-07-29 12:26:21 - AutoML.ComparativeEarlyStopping - INFO - Early stopping evaluation for mobilenetv3_small_100:
2025-07-29 12:26:21 - AutoML.ComparativeEarlyStopping - INFO -   Decision scores: {'statistical_significance': 0.5, 'performance_gap': 0.5052306229196363, 'learning_trend': 0.0, 'resource_efficiency': 0.0}
2025-07-29 12:26:21 - AutoML.ComparativeEarlyStopping - INFO -   Final score: 0.301
2025-07-29 12:26:21 - AutoML.ComparativeEarlyStopping - INFO -   Decision: CONTINUE
2025-07-29 12:26:21 - AutoML.Trainer - INFO - Epoch 20/35 - Train Acc: 0.7357, Val Acc: 0.7532, Val Loss: 0.8770, Time: 78.3s
2025-07-29 12:27:35 - AutoML.ComparativeEarlyStopping - INFO - Early stopping evaluation for mobilenetv3_small_100:
2025-07-29 12:27:35 - AutoML.ComparativeEarlyStopping - INFO -   Decision scores: {'statistical_significance': 0.5, 'performance_gap': 0.3863528292914864, 'learning_trend': 0.0, 'resource_efficiency': 0.0}
2025-07-29 12:27:35 - AutoML.ComparativeEarlyStopping - INFO -   Final score: 0.272
2025-07-29 12:27:35 - AutoML.ComparativeEarlyStopping - INFO -   Decision: CONTINUE
2025-07-29 12:28:48 - AutoML.ComparativeEarlyStopping - INFO - Early stopping evaluation for mobilenetv3_small_100:
2025-07-29 12:28:48 - AutoML.ComparativeEarlyStopping - INFO -   Decision scores: {'statistical_significance': 0.5, 'performance_gap': 0.41310033285782005, 'learning_trend': 0.0, 'resource_efficiency': 0.0}
2025-07-29 12:28:48 - AutoML.ComparativeEarlyStopping - INFO -   Final score: 0.278
2025-07-29 12:28:48 - AutoML.ComparativeEarlyStopping - INFO -   Decision: CONTINUE
2025-07-29 12:30:00 - AutoML.ComparativeEarlyStopping - INFO - Early stopping evaluation for mobilenetv3_small_100:
2025-07-29 12:30:00 - AutoML.ComparativeEarlyStopping - INFO -   Decision scores: {'statistical_significance': 0.5, 'performance_gap': 0.19614835948644493, 'learning_trend': 0.0, 'resource_efficiency': 0.0}
2025-07-29 12:30:00 - AutoML.ComparativeEarlyStopping - INFO -   Final score: 0.224
2025-07-29 12:30:00 - AutoML.ComparativeEarlyStopping - INFO -   Decision: CONTINUE
2025-07-29 12:31:12 - AutoML.ComparativeEarlyStopping - INFO - Early stopping evaluation for mobilenetv3_small_100:
2025-07-29 12:31:12 - AutoML.ComparativeEarlyStopping - INFO -   Decision scores: {'statistical_significance': 0.5, 'performance_gap': 0.07727056585829645, 'learning_trend': 0.0, 'resource_efficiency': 0.0}
2025-07-29 12:31:12 - AutoML.ComparativeEarlyStopping - INFO -   Final score: 0.194
2025-07-29 12:31:12 - AutoML.ComparativeEarlyStopping - INFO -   Decision: CONTINUE
2025-07-29 12:32:26 - AutoML.ComparativeEarlyStopping - INFO - Early stopping evaluation for mobilenetv3_small_100:
2025-07-29 12:32:26 - AutoML.ComparativeEarlyStopping - INFO -   Decision scores: {'statistical_significance': 0.5, 'performance_gap': 0.0, 'learning_trend': 0.0, 'resource_efficiency': 0.0}
2025-07-29 12:32:26 - AutoML.ComparativeEarlyStopping - INFO -   Final score: 0.175
2025-07-29 12:32:26 - AutoML.ComparativeEarlyStopping - INFO -   Decision: CONTINUE
2025-07-29 12:32:26 - AutoML.Trainer - INFO - Epoch 25/35 - Train Acc: 0.7669, Val Acc: 0.8167, Val Loss: 0.8777, Time: 73.6s
2025-07-29 12:33:39 - AutoML.ComparativeEarlyStopping - INFO - Early stopping evaluation for mobilenetv3_small_100:
2025-07-29 12:33:39 - AutoML.ComparativeEarlyStopping - INFO -   Decision scores: {'statistical_significance': 0.5, 'performance_gap': 0.0, 'learning_trend': 0.0, 'resource_efficiency': 0.0}
2025-07-29 12:33:39 - AutoML.ComparativeEarlyStopping - INFO -   Final score: 0.175
2025-07-29 12:33:39 - AutoML.ComparativeEarlyStopping - INFO -   Decision: CONTINUE
2025-07-29 12:34:53 - AutoML.ComparativeEarlyStopping - INFO - Early stopping evaluation for mobilenetv3_small_100:
2025-07-29 12:34:53 - AutoML.ComparativeEarlyStopping - INFO -   Decision scores: {'statistical_significance': 0.5, 'performance_gap': 0.01783166904422151, 'learning_trend': 0.0, 'resource_efficiency': 0.0}
2025-07-29 12:34:53 - AutoML.ComparativeEarlyStopping - INFO -   Final score: 0.179
2025-07-29 12:34:53 - AutoML.ComparativeEarlyStopping - INFO -   Decision: CONTINUE
2025-07-29 12:36:07 - AutoML.ComparativeEarlyStopping - INFO - Early stopping evaluation for mobilenetv3_small_100:
2025-07-29 12:36:07 - AutoML.ComparativeEarlyStopping - INFO -   Decision scores: {'statistical_significance': 0.5, 'performance_gap': 0.05646695197336904, 'learning_trend': 0.0, 'resource_efficiency': 0.0}
2025-07-29 12:36:07 - AutoML.ComparativeEarlyStopping - INFO -   Final score: 0.189
2025-07-29 12:36:07 - AutoML.ComparativeEarlyStopping - INFO -   Decision: CONTINUE
2025-07-29 12:37:19 - AutoML.ComparativeEarlyStopping - INFO - Early stopping evaluation for mobilenetv3_small_100:
2025-07-29 12:37:19 - AutoML.ComparativeEarlyStopping - INFO -   Decision scores: {'statistical_significance': 0.5, 'performance_gap': 0.04457917261055516, 'learning_trend': 0.0, 'resource_efficiency': 0.0}
2025-07-29 12:37:19 - AutoML.ComparativeEarlyStopping - INFO -   Final score: 0.186
2025-07-29 12:37:19 - AutoML.ComparativeEarlyStopping - INFO -   Decision: CONTINUE
2025-07-29 12:38:32 - AutoML.ComparativeEarlyStopping - INFO - Early stopping evaluation for mobilenetv3_small_100:
2025-07-29 12:38:32 - AutoML.ComparativeEarlyStopping - INFO -   Decision scores: {'statistical_significance': 0.5, 'performance_gap': 0.0, 'learning_trend': 0.0, 'resource_efficiency': 0.0}
2025-07-29 12:38:32 - AutoML.ComparativeEarlyStopping - INFO -   Final score: 0.175
2025-07-29 12:38:32 - AutoML.ComparativeEarlyStopping - INFO -   Decision: CONTINUE
2025-07-29 12:38:32 - AutoML.Trainer - INFO - Epoch 30/35 - Train Acc: 0.7867, Val Acc: 0.8003, Val Loss: 0.8272, Time: 72.8s
2025-07-29 12:39:46 - AutoML.ComparativeEarlyStopping - INFO - Early stopping evaluation for mobilenetv3_small_100:
2025-07-29 12:39:46 - AutoML.ComparativeEarlyStopping - INFO -   Decision scores: {'statistical_significance': 0.5, 'performance_gap': 0.0, 'learning_trend': 0.0, 'resource_efficiency': 0.0}
2025-07-29 12:39:46 - AutoML.ComparativeEarlyStopping - INFO -   Final score: 0.175
2025-07-29 12:39:46 - AutoML.ComparativeEarlyStopping - INFO -   Decision: CONTINUE
2025-07-29 12:40:56 - AutoML.ComparativeEarlyStopping - INFO - Early stopping evaluation for mobilenetv3_small_100:
2025-07-29 12:40:56 - AutoML.ComparativeEarlyStopping - INFO -   Decision scores: {'statistical_significance': 0.5, 'performance_gap': 0.0, 'learning_trend': 0.0, 'resource_efficiency': 0.0}
2025-07-29 12:40:56 - AutoML.ComparativeEarlyStopping - INFO -   Final score: 0.175
2025-07-29 12:40:56 - AutoML.ComparativeEarlyStopping - INFO -   Decision: CONTINUE
2025-07-29 12:42:08 - AutoML.ComparativeEarlyStopping - INFO - Early stopping evaluation for mobilenetv3_small_100:
2025-07-29 12:42:08 - AutoML.ComparativeEarlyStopping - INFO -   Decision scores: {'statistical_significance': 0.5, 'performance_gap': 0.0, 'learning_trend': 0.0, 'resource_efficiency': 0.0}
2025-07-29 12:42:08 - AutoML.ComparativeEarlyStopping - INFO -   Final score: 0.175
2025-07-29 12:42:08 - AutoML.ComparativeEarlyStopping - INFO -   Decision: CONTINUE
2025-07-29 12:43:26 - AutoML.ComparativeEarlyStopping - INFO - Early stopping evaluation for mobilenetv3_small_100:
2025-07-29 12:43:26 - AutoML.ComparativeEarlyStopping - INFO -   Decision scores: {'statistical_significance': 0.5, 'performance_gap': 0.0, 'learning_trend': 0.0, 'resource_efficiency': 0.0}
2025-07-29 12:43:26 - AutoML.ComparativeEarlyStopping - INFO -   Final score: 0.175
2025-07-29 12:43:26 - AutoML.ComparativeEarlyStopping - INFO -   Decision: CONTINUE
2025-07-29 12:44:38 - AutoML.ComparativeEarlyStopping - INFO - Early stopping evaluation for mobilenetv3_small_100:
2025-07-29 12:44:38 - AutoML.ComparativeEarlyStopping - INFO -   Decision scores: {'statistical_significance': 0.5, 'performance_gap': 0.0, 'learning_trend': 0.0, 'resource_efficiency': 0.0}
2025-07-29 12:44:38 - AutoML.ComparativeEarlyStopping - INFO -   Final score: 0.175
2025-07-29 12:44:38 - AutoML.ComparativeEarlyStopping - INFO -   Decision: CONTINUE
2025-07-29 12:44:38 - AutoML.Trainer - INFO - Epoch 35/35 - Train Acc: 0.7915, Val Acc: 0.8138, Val Loss: 0.8711, Time: 72.3s
2025-07-29 12:44:38 - AutoML.Trainer - INFO - Training completed for mobilenetv3_small_100
2025-07-29 12:44:38 - AutoML.Trainer - INFO - Best validation accuracy: 0.8167
2025-07-29 12:44:38 - AutoML.Trainer - INFO - Total training time: 2535.0s
2025-07-29 12:44:38 - AutoML.Trainer - INFO - Average epoch time: 72.4s
2025-07-29 12:44:38 - AutoML.MetaHPOSelector - INFO -  HPO completed for mobilenetv3_small_100 in 50349.6s
2025-07-29 12:44:38 - AutoML.MetaHPOSelector - INFO -    Best score: 0.8167 (25 trials)
2025-07-29 12:44:38 - AutoML.Pipeline - INFO - HPO completed for mobilenetv3_small_100:
2025-07-29 12:44:38 - AutoML.Pipeline - INFO -   Best score: 0.8167
2025-07-29 12:44:38 - AutoML.Pipeline - INFO -   Best params: {'learning_rate': 6.376965725337132e-05, 'optimizer': 'adamw', 'weight_decay': 0.00014081516936381686, 'batch_size': 32, 'dropout_rate': 0.11354540932368759, 'pretrained': True, 'lr_scheduler': 'cosine', 'max_epochs': 35}
2025-07-29 12:44:38 - AutoML.Pipeline - INFO -   Method used: successive_halving
2025-07-29 12:44:38 - AutoML.Pipeline - INFO -   Trials completed: 25
2025-07-29 12:44:38 - AutoML.ComparativeEarlyStopping - INFO - Early stopping evaluation for mobilenetv3_small_100:
2025-07-29 12:44:38 - AutoML.ComparativeEarlyStopping - INFO -   Decision scores: {'statistical_significance': 0.5, 'performance_gap': 0.0, 'learning_trend': 0.0, 'resource_efficiency': 0.0}
2025-07-29 12:44:38 - AutoML.ComparativeEarlyStopping - INFO -   Final score: 0.175
2025-07-29 12:44:38 - AutoML.ComparativeEarlyStopping - INFO -   Decision: CONTINUE
2025-07-29 12:44:38 - AutoML - INFO -  Architecture search completed in 26.69 hours
2025-07-29 12:44:38 - AutoML.Pipeline - INFO - === Phase 4: Final Training ===
2025-07-29 12:44:38 - AutoML - INFO -  Starting: Final training
2025-07-29 12:44:38 - AutoML.BudgetManager - INFO - Final training allocation for mobilenetv3_small_100: 0.00h (weight: 0.36)
2025-07-29 12:44:38 - AutoML.BudgetManager - INFO - Final training allocation for efficientnet_b0: 0.00h (weight: 0.35)
2025-07-29 12:44:38 - AutoML.BudgetManager - INFO - Final training allocation for resnet18: 0.00h (weight: 0.29)
2025-07-29 12:44:38 - AutoML.BudgetManager - INFO - Starting final training phase:
2025-07-29 12:44:38 - AutoML.BudgetManager - INFO -   Selected architectures: ['mobilenetv3_small_100', 'efficientnet_b0', 'resnet18']
2025-07-29 12:44:38 - AutoML.BudgetManager - INFO -   Remaining time: 0.00h
2025-07-29 12:44:38 - AutoML.Pipeline - INFO - Final training candidates: ['mobilenetv3_small_100', 'efficientnet_b0', 'resnet18']
2025-07-29 12:44:38 - AutoML.Pipeline - INFO - Final training for mobilenetv3_small_100
2025-07-29 12:44:38 - AutoML.Trainer - INFO - Training final model: mobilenetv3_small_100
2025-07-29 12:44:38 - AutoML.Trainer - INFO - Best hyperparameters: {'learning_rate': 6.376965725337132e-05, 'optimizer': 'adamw', 'weight_decay': 0.00014081516936381686, 'batch_size': 32, 'dropout_rate': 0.11354540932368759, 'pretrained': True, 'lr_scheduler': 'cosine', 'max_epochs': 35, 'final_epochs': 100}
2025-07-29 12:44:38 - AutoML.ModelFactory - INFO - Creating mobilenetv3_small_100 (pretrained=True, dropout=0.11354540932368759)
2025-07-29 12:44:38 - AutoML - INFO -  Starting: mobilenetv3_small_100 creation
2025-07-29 12:44:38 - AutoML.ModelFactory - INFO - mobilenetv3_small_100 created successfully:
2025-07-29 12:44:38 - AutoML.ModelFactory - INFO -   Parameters: 1,525,031
2025-07-29 12:44:38 - AutoML.ModelFactory - INFO -   Trainable: 1,525,031
2025-07-29 12:44:38 - AutoML.ModelFactory - INFO -   Model size: 5.82 MB
2025-07-29 12:44:38 - AutoML - INFO -  mobilenetv3_small_100 creation completed in 0.24 seconds
2025-07-29 12:44:38 - AutoML.Trainer - INFO - Training for 100 epochs...
2025-07-29 12:56:16 - AutoML.Trainer - INFO - Epoch 10/100 - Train Acc: 0.7568, Val Acc: 0.7846, Best Val Acc: 0.7967
2025-07-29 13:07:37 - AutoML.Trainer - INFO - Epoch 20/100 - Train Acc: 0.8051, Val Acc: 0.8160, Best Val Acc: 0.8245
2025-07-29 13:19:23 - AutoML.Trainer - INFO - Epoch 30/100 - Train Acc: 0.8561, Val Acc: 0.8324, Best Val Acc: 0.8359
2025-07-29 13:32:13 - AutoML.Trainer - INFO - Epoch 40/100 - Train Acc: 0.8714, Val Acc: 0.8359, Best Val Acc: 0.8359
2025-07-29 13:44:06 - AutoML.Trainer - INFO - Epoch 50/100 - Train Acc: 0.8509, Val Acc: 0.8452, Best Val Acc: 0.8452
2025-07-29 13:55:58 - AutoML.Trainer - INFO - Epoch 60/100 - Train Acc: 0.8338, Val Acc: 0.8138, Best Val Acc: 0.8452
2025-07-29 14:07:52 - AutoML.Trainer - INFO - Epoch 70/100 - Train Acc: 0.8427, Val Acc: 0.8110, Best Val Acc: 0.8452
2025-07-29 14:19:56 - AutoML.Trainer - INFO - Epoch 80/100 - Train Acc: 0.8698, Val Acc: 0.8302, Best Val Acc: 0.8452
2025-07-29 14:34:29 - AutoML.Trainer - INFO - Epoch 90/100 - Train Acc: 0.9087, Val Acc: 0.8324, Best Val Acc: 0.8452
2025-07-29 14:48:10 - AutoML.Trainer - INFO - Epoch 100/100 - Train Acc: 0.9331, Val Acc: 0.8495, Best Val Acc: 0.8531
2025-07-29 14:48:10 - AutoML.Trainer - INFO - Evaluating model on test set...
2025-07-29 14:48:22 - AutoML - INFO -  Final training completed in 2.06 hours
2025-07-29 14:48:22 - AutoML.Pipeline - ERROR - Pipeline failed: "nll_loss_forward_reduce_cuda_kernel_2d_index" not implemented for 'Double'
2025-07-29 14:48:22 - AutoML - ERROR -  Pipeline failed: "nll_loss_forward_reduce_cuda_kernel_2d_index" not implemented for 'Double'
