label,image_file_name
9,000000.jpg
0,000001.jpg
0,000002.jpg
3,000003.jpg
0,000004.jpg
2,000005.jpg
7,000006.jpg
2,000007.jpg
5,000008.jpg
5,000009.jpg
0,000010.jpg
9,000011.jpg
5,000012.jpg
5,000013.jpg
7,000014.jpg
9,000015.jpg
1,000016.jpg
0,000017.jpg
6,000018.jpg
4,000019.jpg
3,000020.jpg
1,000021.jpg
4,000022.jpg
8,000023.jpg
4,000024.jpg
3,000025.jpg
0,000026.jpg
2,000027.jpg
4,000028.jpg
4,000029.jpg
5,000030.jpg
3,000031.jpg
6,000032.jpg
6,000033.jpg
0,000034.jpg
8,000035.jpg
5,000036.jpg
2,000037.jpg
1,000038.jpg
6,000039.jpg
6,000040.jpg
7,000041.jpg
9,000042.jpg
5,000043.jpg
9,000044.jpg
2,000045.jpg
7,000046.jpg
3,000047.jpg
0,000048.jpg
3,000049.jpg
3,000050.jpg
3,000051.jpg
7,000052.jpg
2,000053.jpg
2,000054.jpg
6,000055.jpg
6,000056.jpg
8,000057.jpg
3,000058.jpg
3,000059.jpg
5,000060.jpg
0,000061.jpg
5,000062.jpg
5,000063.jpg
0,000064.jpg
2,000065.jpg
0,000066.jpg
0,000067.jpg
4,000068.jpg
1,000069.jpg
3,000070.jpg
1,000071.jpg
6,000072.jpg
3,000073.jpg
1,000074.jpg
4,000075.jpg
4,000076.jpg
6,000077.jpg
1,000078.jpg
9,000079.jpg
1,000080.jpg
3,000081.jpg
5,000082.jpg
7,000083.jpg
9,000084.jpg
7,000085.jpg
1,000086.jpg
7,000087.jpg
9,000088.jpg
9,000089.jpg
9,000090.jpg
3,000091.jpg
2,000092.jpg
9,000093.jpg
3,000094.jpg
6,000095.jpg
4,000096.jpg
1,000097.jpg
1,000098.jpg
8,000099.jpg
8,000100.jpg
0,000101.jpg
1,000102.jpg
1,000103.jpg
6,000104.jpg
8,000105.jpg
1,000106.jpg
9,000107.jpg
7,000108.jpg
8,000109.jpg
8,000110.jpg
9,000111.jpg
6,000112.jpg
6,000113.jpg
3,000114.jpg
1,000115.jpg
5,000116.jpg
4,000117.jpg
6,000118.jpg
7,000119.jpg
5,000120.jpg
5,000121.jpg
9,000122.jpg
2,000123.jpg
2,000124.jpg
2,000125.jpg
7,000126.jpg
6,000127.jpg
4,000128.jpg
1,000129.jpg
8,000130.jpg
7,000131.jpg
7,000132.jpg
5,000133.jpg
4,000134.jpg
2,000135.jpg
9,000136.jpg
1,000137.jpg
7,000138.jpg
4,000139.jpg
6,000140.jpg
9,000141.jpg
7,000142.jpg
1,000143.jpg
8,000144.jpg
7,000145.jpg
1,000146.jpg
2,000147.jpg
8,000148.jpg
0,000149.jpg
9,000150.jpg
1,000151.jpg
8,000152.jpg
7,000153.jpg
0,000154.jpg
5,000155.jpg
8,000156.jpg
6,000157.jpg
7,000158.jpg
2,000159.jpg
0,000160.jpg
8,000161.jpg
7,000162.jpg
1,000163.jpg
6,000164.jpg
2,000165.jpg
1,000166.jpg
9,000167.jpg
6,000168.jpg
0,000169.jpg
1,000170.jpg
0,000171.jpg
5,000172.jpg
5,000173.jpg
1,000174.jpg
7,000175.jpg
0,000176.jpg
5,000177.jpg
8,000178.jpg
4,000179.jpg
0,000180.jpg
4,000181.jpg
0,000182.jpg
6,000183.jpg
6,000184.jpg
4,000185.jpg
0,000186.jpg
0,000187.jpg
4,000188.jpg
7,000189.jpg
3,000190.jpg
0,000191.jpg
5,000192.jpg
8,000193.jpg
4,000194.jpg
1,000195.jpg
1,000196.jpg
2,000197.jpg
9,000198.jpg
2,000199.jpg
8,000200.jpg
5,000201.jpg
0,000202.jpg
6,000203.jpg
3,000204.jpg
4,000205.jpg
6,000206.jpg
0,000207.jpg
9,000208.jpg
1,000209.jpg
7,000210.jpg
3,000211.jpg
8,000212.jpg
5,000213.jpg
8,000214.jpg
3,000215.jpg
8,000216.jpg
5,000217.jpg
2,000218.jpg
0,000219.jpg
8,000220.jpg
7,000221.jpg
0,000222.jpg
3,000223.jpg
5,000224.jpg
0,000225.jpg
6,000226.jpg
5,000227.jpg
2,000228.jpg
7,000229.jpg
5,000230.jpg
2,000231.jpg
6,000232.jpg
8,000233.jpg
2,000234.jpg
6,000235.jpg
8,000236.jpg
0,000237.jpg
4,000238.jpg
4,000239.jpg
4,000240.jpg
4,000241.jpg
4,000242.jpg
1,000243.jpg
5,000244.jpg
6,000245.jpg
5,000246.jpg
3,000247.jpg
3,000248.jpg
7,000249.jpg
3,000250.jpg
3,000251.jpg
6,000252.jpg
2,000253.jpg
8,000254.jpg
4,000255.jpg
6,000256.jpg
5,000257.jpg
9,000258.jpg
3,000259.jpg
2,000260.jpg
3,000261.jpg
2,000262.jpg
4,000263.jpg
4,000264.jpg
8,000265.jpg
2,000266.jpg
5,000267.jpg
3,000268.jpg
0,000269.jpg
7,000270.jpg
2,000271.jpg
0,000272.jpg
2,000273.jpg
5,000274.jpg
7,000275.jpg
2,000276.jpg
3,000277.jpg
1,000278.jpg
7,000279.jpg
6,000280.jpg
2,000281.jpg
9,000282.jpg
1,000283.jpg
9,000284.jpg
1,000285.jpg
1,000286.jpg
8,000287.jpg
7,000288.jpg
8,000289.jpg
4,000290.jpg
2,000291.jpg
6,000292.jpg
6,000293.jpg
7,000294.jpg
9,000295.jpg
4,000296.jpg
6,000297.jpg
1,000298.jpg
9,000299.jpg
5,000300.jpg
6,000301.jpg
0,000302.jpg
5,000303.jpg
0,000304.jpg
1,000305.jpg
6,000306.jpg
1,000307.jpg
1,000308.jpg
6,000309.jpg
7,000310.jpg
4,000311.jpg
4,000312.jpg
8,000313.jpg
6,000314.jpg
4,000315.jpg
6,000316.jpg
9,000317.jpg
3,000318.jpg
7,000319.jpg
5,000320.jpg
0,000321.jpg
8,000322.jpg
3,000323.jpg
4,000324.jpg
0,000325.jpg
3,000326.jpg
3,000327.jpg
2,000328.jpg
0,000329.jpg
1,000330.jpg
0,000331.jpg
3,000332.jpg
8,000333.jpg
3,000334.jpg
9,000335.jpg
1,000336.jpg
9,000337.jpg
0,000338.jpg
4,000339.jpg
7,000340.jpg
7,000341.jpg
8,000342.jpg
5,000343.jpg
6,000344.jpg
5,000345.jpg
6,000346.jpg
8,000347.jpg
2,000348.jpg
5,000349.jpg
2,000350.jpg
3,000351.jpg
1,000352.jpg
6,000353.jpg
0,000354.jpg
7,000355.jpg
8,000356.jpg
7,000357.jpg
8,000358.jpg
1,000359.jpg
9,000360.jpg
6,000361.jpg
4,000362.jpg
5,000363.jpg
7,000364.jpg
1,000365.jpg
7,000366.jpg
6,000367.jpg
6,000368.jpg
7,000369.jpg
3,000370.jpg
5,000371.jpg
8,000372.jpg
7,000373.jpg
3,000374.jpg
3,000375.jpg
9,000376.jpg
0,000377.jpg
3,000378.jpg
1,000379.jpg
6,000380.jpg
4,000381.jpg
7,000382.jpg
0,000383.jpg
5,000384.jpg
1,000385.jpg
5,000386.jpg
4,000387.jpg
4,000388.jpg
5,000389.jpg
9,000390.jpg
1,000391.jpg
0,000392.jpg
5,000393.jpg
8,000394.jpg
3,000395.jpg
4,000396.jpg
4,000397.jpg
2,000398.jpg
4,000399.jpg
2,000400.jpg
5,000401.jpg
6,000402.jpg
7,000403.jpg
2,000404.jpg
2,000405.jpg
5,000406.jpg
3,000407.jpg
8,000408.jpg
8,000409.jpg
6,000410.jpg
8,000411.jpg
4,000412.jpg
4,000413.jpg
1,000414.jpg
0,000415.jpg
2,000416.jpg
7,000417.jpg
1,000418.jpg
1,000419.jpg
8,000420.jpg
8,000421.jpg
2,000422.jpg
7,000423.jpg
9,000424.jpg
7,000425.jpg
4,000426.jpg
1,000427.jpg
2,000428.jpg
0,000429.jpg
8,000430.jpg
9,000431.jpg
1,000432.jpg
4,000433.jpg
9,000434.jpg
5,000435.jpg
6,000436.jpg
7,000437.jpg
0,000438.jpg
3,000439.jpg
2,000440.jpg
0,000441.jpg
4,000442.jpg
1,000443.jpg
0,000444.jpg
0,000445.jpg
8,000446.jpg
7,000447.jpg
0,000448.jpg
2,000449.jpg
9,000450.jpg
9,000451.jpg
1,000452.jpg
3,000453.jpg
8,000454.jpg
3,000455.jpg
1,000456.jpg
4,000457.jpg
8,000458.jpg
5,000459.jpg
1,000460.jpg
8,000461.jpg
2,000462.jpg
4,000463.jpg
4,000464.jpg
9,000465.jpg
5,000466.jpg
5,000467.jpg
4,000468.jpg
5,000469.jpg
6,000470.jpg
3,000471.jpg
7,000472.jpg
4,000473.jpg
9,000474.jpg
5,000475.jpg
8,000476.jpg
9,000477.jpg
3,000478.jpg
9,000479.jpg
6,000480.jpg
4,000481.jpg
7,000482.jpg
2,000483.jpg
2,000484.jpg
6,000485.jpg
4,000486.jpg
8,000487.jpg
3,000488.jpg
0,000489.jpg
2,000490.jpg
8,000491.jpg
9,000492.jpg
0,000493.jpg
8,000494.jpg
6,000495.jpg
3,000496.jpg
9,000497.jpg
1,000498.jpg
6,000499.jpg
3,000500.jpg
2,000501.jpg
6,000502.jpg
1,000503.jpg
0,000504.jpg
2,000505.jpg
6,000506.jpg
2,000507.jpg
3,000508.jpg
3,000509.jpg
9,000510.jpg
1,000511.jpg
7,000512.jpg
9,000513.jpg
1,000514.jpg
1,000515.jpg
0,000516.jpg
1,000517.jpg
7,000518.jpg
0,000519.jpg
8,000520.jpg
5,000521.jpg
0,000522.jpg
6,000523.jpg
0,000524.jpg
1,000525.jpg
6,000526.jpg
6,000527.jpg
8,000528.jpg
7,000529.jpg
0,000530.jpg
9,000531.jpg
9,000532.jpg
9,000533.jpg
7,000534.jpg
4,000535.jpg
3,000536.jpg
9,000537.jpg
5,000538.jpg
9,000539.jpg
1,000540.jpg
4,000541.jpg
1,000542.jpg
6,000543.jpg
2,000544.jpg
2,000545.jpg
2,000546.jpg
7,000547.jpg
7,000548.jpg
6,000549.jpg
3,000550.jpg
7,000551.jpg
5,000552.jpg
8,000553.jpg
6,000554.jpg
4,000555.jpg
8,000556.jpg
4,000557.jpg
7,000558.jpg
8,000559.jpg
6,000560.jpg
5,000561.jpg
9,000562.jpg
9,000563.jpg
0,000564.jpg
0,000565.jpg
2,000566.jpg
4,000567.jpg
3,000568.jpg
7,000569.jpg
9,000570.jpg
3,000571.jpg
1,000572.jpg
9,000573.jpg
2,000574.jpg
7,000575.jpg
5,000576.jpg
5,000577.jpg
4,000578.jpg
8,000579.jpg
2,000580.jpg
7,000581.jpg
8,000582.jpg
1,000583.jpg
2,000584.jpg
6,000585.jpg
6,000586.jpg
8,000587.jpg
1,000588.jpg
9,000589.jpg
6,000590.jpg
0,000591.jpg
0,000592.jpg
5,000593.jpg
9,000594.jpg
3,000595.jpg
3,000596.jpg
7,000597.jpg
6,000598.jpg
1,000599.jpg
0,000600.jpg
0,000601.jpg
6,000602.jpg
4,000603.jpg
7,000604.jpg
5,000605.jpg
9,000606.jpg
7,000607.jpg
9,000608.jpg
3,000609.jpg
8,000610.jpg
8,000611.jpg
4,000612.jpg
8,000613.jpg
5,000614.jpg
4,000615.jpg
2,000616.jpg
2,000617.jpg
7,000618.jpg
7,000619.jpg
5,000620.jpg
8,000621.jpg
4,000622.jpg
6,000623.jpg
9,000624.jpg
4,000625.jpg
3,000626.jpg
7,000627.jpg
8,000628.jpg
7,000629.jpg
8,000630.jpg
3,000631.jpg
7,000632.jpg
8,000633.jpg
4,000634.jpg
7,000635.jpg
7,000636.jpg
2,000637.jpg
2,000638.jpg
0,000639.jpg
0,000640.jpg
0,000641.jpg
3,000642.jpg
9,000643.jpg
1,000644.jpg
0,000645.jpg
9,000646.jpg
8,000647.jpg
4,000648.jpg
3,000649.jpg
9,000650.jpg
9,000651.jpg
9,000652.jpg
8,000653.jpg
8,000654.jpg
5,000655.jpg
4,000656.jpg
5,000657.jpg
4,000658.jpg
9,000659.jpg
8,000660.jpg
8,000661.jpg
0,000662.jpg
9,000663.jpg
2,000664.jpg
0,000665.jpg
7,000666.jpg
3,000667.jpg
7,000668.jpg
9,000669.jpg
3,000670.jpg
8,000671.jpg
4,000672.jpg
3,000673.jpg
7,000674.jpg
8,000675.jpg
1,000676.jpg
4,000677.jpg
0,000678.jpg
7,000679.jpg
9,000680.jpg
8,000681.jpg
5,000682.jpg
5,000683.jpg
2,000684.jpg
1,000685.jpg
3,000686.jpg
4,000687.jpg
6,000688.jpg
7,000689.jpg
7,000690.jpg
5,000691.jpg
9,000692.jpg
9,000693.jpg
7,000694.jpg
8,000695.jpg
2,000696.jpg
7,000697.jpg
4,000698.jpg
7,000699.jpg
0,000700.jpg
3,000701.jpg
5,000702.jpg
1,000703.jpg
1,000704.jpg
5,000705.jpg
5,000706.jpg
2,000707.jpg
8,000708.jpg
3,000709.jpg
5,000710.jpg
9,000711.jpg
0,000712.jpg
7,000713.jpg
3,000714.jpg
0,000715.jpg
0,000716.jpg
7,000717.jpg
1,000718.jpg
9,000719.jpg
4,000720.jpg
8,000721.jpg
9,000722.jpg
1,000723.jpg
8,000724.jpg
3,000725.jpg
4,000726.jpg
7,000727.jpg
7,000728.jpg
7,000729.jpg
1,000730.jpg
4,000731.jpg
0,000732.jpg
4,000733.jpg
5,000734.jpg
8,000735.jpg
8,000736.jpg
6,000737.jpg
5,000738.jpg
7,000739.jpg
1,000740.jpg
0,000741.jpg
2,000742.jpg
4,000743.jpg
9,000744.jpg
0,000745.jpg
9,000746.jpg
8,000747.jpg
6,000748.jpg
2,000749.jpg
8,000750.jpg
1,000751.jpg
4,000752.jpg
1,000753.jpg
1,000754.jpg
2,000755.jpg
3,000756.jpg
3,000757.jpg
8,000758.jpg
9,000759.jpg
5,000760.jpg
1,000761.jpg
6,000762.jpg
4,000763.jpg
5,000764.jpg
9,000765.jpg
6,000766.jpg
2,000767.jpg
8,000768.jpg
8,000769.jpg
7,000770.jpg
0,000771.jpg
1,000772.jpg
6,000773.jpg
5,000774.jpg
5,000775.jpg
6,000776.jpg
5,000777.jpg
4,000778.jpg
6,000779.jpg
0,000780.jpg
6,000781.jpg
1,000782.jpg
1,000783.jpg
5,000784.jpg
7,000785.jpg
6,000786.jpg
5,000787.jpg
4,000788.jpg
0,000789.jpg
6,000790.jpg
0,000791.jpg
7,000792.jpg
2,000793.jpg
8,000794.jpg
9,000795.jpg
1,000796.jpg
6,000797.jpg
7,000798.jpg
1,000799.jpg
9,000800.jpg
8,000801.jpg
3,000802.jpg
5,000803.jpg
7,000804.jpg
1,000805.jpg
1,000806.jpg
9,000807.jpg
0,000808.jpg
6,000809.jpg
4,000810.jpg
8,000811.jpg
0,000812.jpg
9,000813.jpg
5,000814.jpg
0,000815.jpg
0,000816.jpg
1,000817.jpg
8,000818.jpg
7,000819.jpg
6,000820.jpg
7,000821.jpg
9,000822.jpg
0,000823.jpg
3,000824.jpg
0,000825.jpg
1,000826.jpg
3,000827.jpg
8,000828.jpg
0,000829.jpg
0,000830.jpg
1,000831.jpg
7,000832.jpg
4,000833.jpg
7,000834.jpg
3,000835.jpg
7,000836.jpg
0,000837.jpg
6,000838.jpg
0,000839.jpg
2,000840.jpg
3,000841.jpg
4,000842.jpg
5,000843.jpg
9,000844.jpg
5,000845.jpg
2,000846.jpg
8,000847.jpg
7,000848.jpg
0,000849.jpg
1,000850.jpg
4,000851.jpg
1,000852.jpg
8,000853.jpg
3,000854.jpg
2,000855.jpg
7,000856.jpg
5,000857.jpg
0,000858.jpg
9,000859.jpg
6,000860.jpg
6,000861.jpg
9,000862.jpg
3,000863.jpg
1,000864.jpg
1,000865.jpg
9,000866.jpg
9,000867.jpg
3,000868.jpg
9,000869.jpg
7,000870.jpg
3,000871.jpg
1,000872.jpg
9,000873.jpg
1,000874.jpg
6,000875.jpg
3,000876.jpg
0,000877.jpg
4,000878.jpg
8,000879.jpg
0,000880.jpg
6,000881.jpg
6,000882.jpg
2,000883.jpg
9,000884.jpg
1,000885.jpg
9,000886.jpg
8,000887.jpg
3,000888.jpg
4,000889.jpg
7,000890.jpg
2,000891.jpg
0,000892.jpg
0,000893.jpg
8,000894.jpg
6,000895.jpg
9,000896.jpg
1,000897.jpg
2,000898.jpg
5,000899.jpg
2,000900.jpg
8,000901.jpg
5,000902.jpg
6,000903.jpg
7,000904.jpg
0,000905.jpg
6,000906.jpg
8,000907.jpg
7,000908.jpg
1,000909.jpg
0,000910.jpg
3,000911.jpg
4,000912.jpg
7,000913.jpg
5,000914.jpg
2,000915.jpg
5,000916.jpg
1,000917.jpg
1,000918.jpg
5,000919.jpg
7,000920.jpg
5,000921.jpg
1,000922.jpg
4,000923.jpg
9,000924.jpg
6,000925.jpg
7,000926.jpg
5,000927.jpg
7,000928.jpg
3,000929.jpg
8,000930.jpg
2,000931.jpg
9,000932.jpg
4,000933.jpg
2,000934.jpg
5,000935.jpg
5,000936.jpg
7,000937.jpg
4,000938.jpg
2,000939.jpg
6,000940.jpg
9,000941.jpg
0,000942.jpg
5,000943.jpg
3,000944.jpg
6,000945.jpg
9,000946.jpg
5,000947.jpg
3,000948.jpg
6,000949.jpg
0,000950.jpg
3,000951.jpg
5,000952.jpg
7,000953.jpg
1,000954.jpg
2,000955.jpg
5,000956.jpg
7,000957.jpg
8,000958.jpg
1,000959.jpg
6,000960.jpg
3,000961.jpg
9,000962.jpg
7,000963.jpg
7,000964.jpg
0,000965.jpg
4,000966.jpg
0,000967.jpg
8,000968.jpg
7,000969.jpg
6,000970.jpg
9,000971.jpg
0,000972.jpg
2,000973.jpg
7,000974.jpg
6,000975.jpg
0,000976.jpg
4,000977.jpg
7,000978.jpg
4,000979.jpg
1,000980.jpg
2,000981.jpg
6,000982.jpg
7,000983.jpg
8,000984.jpg
2,000985.jpg
5,000986.jpg
6,000987.jpg
0,000988.jpg
2,000989.jpg
9,000990.jpg
8,000991.jpg
5,000992.jpg
4,000993.jpg
5,000994.jpg
7,000995.jpg
3,000996.jpg
3,000997.jpg
9,000998.jpg
8,000999.jpg
1,001000.jpg
2,001001.jpg
2,001002.jpg
6,001003.jpg
1,001004.jpg
0,001005.jpg
5,001006.jpg
5,001007.jpg
9,001008.jpg
6,001009.jpg
8,001010.jpg
3,001011.jpg
5,001012.jpg
0,001013.jpg
6,001014.jpg
8,001015.jpg
1,001016.jpg
1,001017.jpg
9,001018.jpg
1,001019.jpg
1,001020.jpg
4,001021.jpg
2,001022.jpg
7,001023.jpg
1,001024.jpg
5,001025.jpg
3,001026.jpg
4,001027.jpg
9,001028.jpg
7,001029.jpg
8,001030.jpg
0,001031.jpg
4,001032.jpg
8,001033.jpg
9,001034.jpg
1,001035.jpg
9,001036.jpg
3,001037.jpg
3,001038.jpg
3,001039.jpg
9,001040.jpg
0,001041.jpg
9,001042.jpg
1,001043.jpg
2,001044.jpg
5,001045.jpg
4,001046.jpg
2,001047.jpg
8,001048.jpg
3,001049.jpg
8,001050.jpg
9,001051.jpg
1,001052.jpg
3,001053.jpg
2,001054.jpg
7,001055.jpg
0,001056.jpg
4,001057.jpg
5,001058.jpg
8,001059.jpg
9,001060.jpg
2,001061.jpg
9,001062.jpg
3,001063.jpg
3,001064.jpg
8,001065.jpg
1,001066.jpg
7,001067.jpg
2,001068.jpg
7,001069.jpg
2,001070.jpg
0,001071.jpg
2,001072.jpg
0,001073.jpg
6,001074.jpg
7,001075.jpg
5,001076.jpg
3,001077.jpg
6,001078.jpg
9,001079.jpg
1,001080.jpg
2,001081.jpg
5,001082.jpg
8,001083.jpg
0,001084.jpg
5,001085.jpg
9,001086.jpg
6,001087.jpg
9,001088.jpg
9,001089.jpg
4,001090.jpg
6,001091.jpg
6,001092.jpg
3,001093.jpg
9,001094.jpg
8,001095.jpg
6,001096.jpg
1,001097.jpg
0,001098.jpg
4,001099.jpg
2,001100.jpg
6,001101.jpg
1,001102.jpg
0,001103.jpg
0,001104.jpg
7,001105.jpg
7,001106.jpg
2,001107.jpg
3,001108.jpg
2,001109.jpg
0,001110.jpg
5,001111.jpg
6,001112.jpg
4,001113.jpg
9,001114.jpg
3,001115.jpg
6,001116.jpg
8,001117.jpg
8,001118.jpg
6,001119.jpg
3,001120.jpg
8,001121.jpg
2,001122.jpg
7,001123.jpg
2,001124.jpg
4,001125.jpg
7,001126.jpg
9,001127.jpg
2,001128.jpg
3,001129.jpg
3,001130.jpg
9,001131.jpg
1,001132.jpg
6,001133.jpg
3,001134.jpg
8,001135.jpg
7,001136.jpg
2,001137.jpg
7,001138.jpg
1,001139.jpg
4,001140.jpg
1,001141.jpg
6,001142.jpg
2,001143.jpg
6,001144.jpg
8,001145.jpg
1,001146.jpg
6,001147.jpg
5,001148.jpg
9,001149.jpg
3,001150.jpg
7,001151.jpg
4,001152.jpg
5,001153.jpg
5,001154.jpg
0,001155.jpg
6,001156.jpg
3,001157.jpg
0,001158.jpg
8,001159.jpg
4,001160.jpg
1,001161.jpg
9,001162.jpg
9,001163.jpg
7,001164.jpg
6,001165.jpg
8,001166.jpg
1,001167.jpg
7,001168.jpg
0,001169.jpg
0,001170.jpg
1,001171.jpg
6,001172.jpg
9,001173.jpg
2,001174.jpg
4,001175.jpg
2,001176.jpg
4,001177.jpg
2,001178.jpg
7,001179.jpg
5,001180.jpg
3,001181.jpg
6,001182.jpg
8,001183.jpg
4,001184.jpg
9,001185.jpg
7,001186.jpg
5,001187.jpg
2,001188.jpg
8,001189.jpg
3,001190.jpg
5,001191.jpg
1,001192.jpg
4,001193.jpg
3,001194.jpg
7,001195.jpg
7,001196.jpg
2,001197.jpg
1,001198.jpg
1,001199.jpg
6,001200.jpg
8,001201.jpg
0,001202.jpg
1,001203.jpg
7,001204.jpg
9,001205.jpg
2,001206.jpg
4,001207.jpg
5,001208.jpg
7,001209.jpg
2,001210.jpg
1,001211.jpg
7,001212.jpg
7,001213.jpg
2,001214.jpg
2,001215.jpg
6,001216.jpg
5,001217.jpg
0,001218.jpg
8,001219.jpg
7,001220.jpg
8,001221.jpg
5,001222.jpg
5,001223.jpg
7,001224.jpg
1,001225.jpg
3,001226.jpg
5,001227.jpg
0,001228.jpg
2,001229.jpg
2,001230.jpg
8,001231.jpg
9,001232.jpg
6,001233.jpg
8,001234.jpg
5,001235.jpg
6,001236.jpg
9,001237.jpg
5,001238.jpg
7,001239.jpg
7,001240.jpg
9,001241.jpg
4,001242.jpg
1,001243.jpg
2,001244.jpg
2,001245.jpg
4,001246.jpg
7,001247.jpg
8,001248.jpg
3,001249.jpg
5,001250.jpg
6,001251.jpg
2,001252.jpg
6,001253.jpg
0,001254.jpg
9,001255.jpg
9,001256.jpg
2,001257.jpg
9,001258.jpg
5,001259.jpg
2,001260.jpg
2,001261.jpg
4,001262.jpg
2,001263.jpg
0,001264.jpg
7,001265.jpg
6,001266.jpg
2,001267.jpg
4,001268.jpg
5,001269.jpg
3,001270.jpg
4,001271.jpg
4,001272.jpg
4,001273.jpg
1,001274.jpg
2,001275.jpg
1,001276.jpg
6,001277.jpg
8,001278.jpg
2,001279.jpg
3,001280.jpg
5,001281.jpg
7,001282.jpg
4,001283.jpg
3,001284.jpg
5,001285.jpg
1,001286.jpg
6,001287.jpg
0,001288.jpg
5,001289.jpg
3,001290.jpg
3,001291.jpg
2,001292.jpg
4,001293.jpg
9,001294.jpg
1,001295.jpg
8,001296.jpg
7,001297.jpg
5,001298.jpg
9,001299.jpg
4,001300.jpg
0,001301.jpg
7,001302.jpg
0,001303.jpg
3,001304.jpg
9,001305.jpg
2,001306.jpg
5,001307.jpg
0,001308.jpg
7,001309.jpg
5,001310.jpg
0,001311.jpg
4,001312.jpg
5,001313.jpg
5,001314.jpg
3,001315.jpg
4,001316.jpg
8,001317.jpg
4,001318.jpg
2,001319.jpg
4,001320.jpg
9,001321.jpg
1,001322.jpg
8,001323.jpg
4,001324.jpg
0,001325.jpg
3,001326.jpg
0,001327.jpg
4,001328.jpg
0,001329.jpg
4,001330.jpg
9,001331.jpg
1,001332.jpg
8,001333.jpg
8,001334.jpg
1,001335.jpg
9,001336.jpg
5,001337.jpg
4,001338.jpg
5,001339.jpg
4,001340.jpg
9,001341.jpg
4,001342.jpg
6,001343.jpg
5,001344.jpg
2,001345.jpg
6,001346.jpg
5,001347.jpg
1,001348.jpg
7,001349.jpg
6,001350.jpg
8,001351.jpg
3,001352.jpg
6,001353.jpg
6,001354.jpg
4,001355.jpg
3,001356.jpg
8,001357.jpg
2,001358.jpg
5,001359.jpg
8,001360.jpg
3,001361.jpg
5,001362.jpg
4,001363.jpg
1,001364.jpg
1,001365.jpg
6,001366.jpg
3,001367.jpg
5,001368.jpg
3,001369.jpg
9,001370.jpg
2,001371.jpg
2,001372.jpg
6,001373.jpg
8,001374.jpg
6,001375.jpg
8,001376.jpg
8,001377.jpg
3,001378.jpg
2,001379.jpg
2,001380.jpg
8,001381.jpg
8,001382.jpg
7,001383.jpg
4,001384.jpg
9,001385.jpg
2,001386.jpg
1,001387.jpg
6,001388.jpg
2,001389.jpg
0,001390.jpg
6,001391.jpg
7,001392.jpg
2,001393.jpg
1,001394.jpg
4,001395.jpg
0,001396.jpg
1,001397.jpg
3,001398.jpg
1,001399.jpg
3,001400.jpg
8,001401.jpg
7,001402.jpg
5,001403.jpg
2,001404.jpg
4,001405.jpg
3,001406.jpg
5,001407.jpg
4,001408.jpg
2,001409.jpg
0,001410.jpg
7,001411.jpg
1,001412.jpg
8,001413.jpg
7,001414.jpg
6,001415.jpg
9,001416.jpg
9,001417.jpg
6,001418.jpg
6,001419.jpg
0,001420.jpg
4,001421.jpg
7,001422.jpg
4,001423.jpg
0,001424.jpg
4,001425.jpg
5,001426.jpg
5,001427.jpg
2,001428.jpg
5,001429.jpg
0,001430.jpg
5,001431.jpg
4,001432.jpg
2,001433.jpg
5,001434.jpg
3,001435.jpg
8,001436.jpg
7,001437.jpg
6,001438.jpg
5,001439.jpg
2,001440.jpg
7,001441.jpg
2,001442.jpg
5,001443.jpg
9,001444.jpg
3,001445.jpg
7,001446.jpg
7,001447.jpg
1,001448.jpg
3,001449.jpg
3,001450.jpg
7,001451.jpg
2,001452.jpg
7,001453.jpg
4,001454.jpg
5,001455.jpg
2,001456.jpg
5,001457.jpg
5,001458.jpg
3,001459.jpg
0,001460.jpg
3,001461.jpg
3,001462.jpg
1,001463.jpg
4,001464.jpg
9,001465.jpg
5,001466.jpg
9,001467.jpg
8,001468.jpg
3,001469.jpg
4,001470.jpg
6,001471.jpg
6,001472.jpg
0,001473.jpg
7,001474.jpg
8,001475.jpg
5,001476.jpg
7,001477.jpg
7,001478.jpg
0,001479.jpg
9,001480.jpg
3,001481.jpg
1,001482.jpg
3,001483.jpg
4,001484.jpg
8,001485.jpg
9,001486.jpg
5,001487.jpg
8,001488.jpg
0,001489.jpg
5,001490.jpg
7,001491.jpg
2,001492.jpg
3,001493.jpg
6,001494.jpg
6,001495.jpg
3,001496.jpg
5,001497.jpg
2,001498.jpg
1,001499.jpg
1,001500.jpg
7,001501.jpg
1,001502.jpg
0,001503.jpg
1,001504.jpg
7,001505.jpg
3,001506.jpg
9,001507.jpg
1,001508.jpg
1,001509.jpg
3,001510.jpg
3,001511.jpg
6,001512.jpg
1,001513.jpg
1,001514.jpg
2,001515.jpg
0,001516.jpg
7,001517.jpg
1,001518.jpg
9,001519.jpg
6,001520.jpg
6,001521.jpg
5,001522.jpg
8,001523.jpg
8,001524.jpg
0,001525.jpg
0,001526.jpg
8,001527.jpg
9,001528.jpg
9,001529.jpg
4,001530.jpg
9,001531.jpg
8,001532.jpg
2,001533.jpg
1,001534.jpg
1,001535.jpg
0,001536.jpg
4,001537.jpg
5,001538.jpg
7,001539.jpg
8,001540.jpg
1,001541.jpg
3,001542.jpg
6,001543.jpg
3,001544.jpg
2,001545.jpg
9,001546.jpg
0,001547.jpg
1,001548.jpg
3,001549.jpg
8,001550.jpg
4,001551.jpg
9,001552.jpg
7,001553.jpg
1,001554.jpg
9,001555.jpg
9,001556.jpg
3,001557.jpg
1,001558.jpg
3,001559.jpg
0,001560.jpg
3,001561.jpg
6,001562.jpg
9,001563.jpg
9,001564.jpg
1,001565.jpg
1,001566.jpg
5,001567.jpg
2,001568.jpg
1,001569.jpg
7,001570.jpg
9,001571.jpg
5,001572.jpg
9,001573.jpg
1,001574.jpg
5,001575.jpg
9,001576.jpg
4,001577.jpg
8,001578.jpg
7,001579.jpg
7,001580.jpg
0,001581.jpg
7,001582.jpg
8,001583.jpg
9,001584.jpg
6,001585.jpg
2,001586.jpg
7,001587.jpg
2,001588.jpg
0,001589.jpg
0,001590.jpg
9,001591.jpg
4,001592.jpg
6,001593.jpg
2,001594.jpg
2,001595.jpg
8,001596.jpg
2,001597.jpg
7,001598.jpg
0,001599.jpg
3,001600.jpg
4,001601.jpg
6,001602.jpg
0,001603.jpg
2,001604.jpg
1,001605.jpg
2,001606.jpg
8,001607.jpg
0,001608.jpg
7,001609.jpg
3,001610.jpg
3,001611.jpg
8,001612.jpg
9,001613.jpg
8,001614.jpg
2,001615.jpg
9,001616.jpg
4,001617.jpg
8,001618.jpg
6,001619.jpg
3,001620.jpg
7,001621.jpg
0,001622.jpg
5,001623.jpg
8,001624.jpg
1,001625.jpg
6,001626.jpg
7,001627.jpg
8,001628.jpg
2,001629.jpg
8,001630.jpg
1,001631.jpg
7,001632.jpg
2,001633.jpg
0,001634.jpg
8,001635.jpg
3,001636.jpg
9,001637.jpg
1,001638.jpg
9,001639.jpg
0,001640.jpg
2,001641.jpg
6,001642.jpg
1,001643.jpg
8,001644.jpg
6,001645.jpg
5,001646.jpg
0,001647.jpg
4,001648.jpg
2,001649.jpg
2,001650.jpg
2,001651.jpg
2,001652.jpg
3,001653.jpg
3,001654.jpg
4,001655.jpg
1,001656.jpg
9,001657.jpg
5,001658.jpg
9,001659.jpg
4,001660.jpg
6,001661.jpg
8,001662.jpg
9,001663.jpg
3,001664.jpg
1,001665.jpg
2,001666.jpg
3,001667.jpg
9,001668.jpg
8,001669.jpg
1,001670.jpg
5,001671.jpg
1,001672.jpg
8,001673.jpg
3,001674.jpg
4,001675.jpg
1,001676.jpg
1,001677.jpg
7,001678.jpg
4,001679.jpg
1,001680.jpg
0,001681.jpg
0,001682.jpg
3,001683.jpg
6,001684.jpg
9,001685.jpg
1,001686.jpg
6,001687.jpg
8,001688.jpg
4,001689.jpg
7,001690.jpg
4,001691.jpg
5,001692.jpg
3,001693.jpg
4,001694.jpg
3,001695.jpg
7,001696.jpg
7,001697.jpg
0,001698.jpg
6,001699.jpg
9,001700.jpg
7,001701.jpg
2,001702.jpg
1,001703.jpg
3,001704.jpg
9,001705.jpg
1,001706.jpg
0,001707.jpg
1,001708.jpg
8,001709.jpg
1,001710.jpg
9,001711.jpg
8,001712.jpg
9,001713.jpg
3,001714.jpg
4,001715.jpg
1,001716.jpg
4,001717.jpg
6,001718.jpg
9,001719.jpg
7,001720.jpg
2,001721.jpg
6,001722.jpg
4,001723.jpg
1,001724.jpg
6,001725.jpg
9,001726.jpg
0,001727.jpg
5,001728.jpg
4,001729.jpg
7,001730.jpg
0,001731.jpg
6,001732.jpg
5,001733.jpg
5,001734.jpg
7,001735.jpg
7,001736.jpg
0,001737.jpg
9,001738.jpg
6,001739.jpg
9,001740.jpg
5,001741.jpg
8,001742.jpg
1,001743.jpg
3,001744.jpg
6,001745.jpg
7,001746.jpg
9,001747.jpg
0,001748.jpg
3,001749.jpg
5,001750.jpg
1,001751.jpg
2,001752.jpg
1,001753.jpg
7,001754.jpg
3,001755.jpg
6,001756.jpg
4,001757.jpg
9,001758.jpg
8,001759.jpg
2,001760.jpg
1,001761.jpg
3,001762.jpg
8,001763.jpg
3,001764.jpg
4,001765.jpg
3,001766.jpg
4,001767.jpg
9,001768.jpg
5,001769.jpg
4,001770.jpg
5,001771.jpg
3,001772.jpg
1,001773.jpg
8,001774.jpg
7,001775.jpg
8,001776.jpg
9,001777.jpg
2,001778.jpg
6,001779.jpg
4,001780.jpg
5,001781.jpg
7,001782.jpg
5,001783.jpg
4,001784.jpg
1,001785.jpg
5,001786.jpg
3,001787.jpg
8,001788.jpg
2,001789.jpg
6,001790.jpg
0,001791.jpg
5,001792.jpg
2,001793.jpg
6,001794.jpg
5,001795.jpg
6,001796.jpg
3,001797.jpg
5,001798.jpg
2,001799.jpg
0,001800.jpg
5,001801.jpg
1,001802.jpg
3,001803.jpg
2,001804.jpg
1,001805.jpg
8,001806.jpg
9,001807.jpg
2,001808.jpg
0,001809.jpg
4,001810.jpg
7,001811.jpg
3,001812.jpg
6,001813.jpg
2,001814.jpg
0,001815.jpg
7,001816.jpg
8,001817.jpg
6,001818.jpg
9,001819.jpg
2,001820.jpg
0,001821.jpg
1,001822.jpg
2,001823.jpg
4,001824.jpg
3,001825.jpg
7,001826.jpg
3,001827.jpg
4,001828.jpg
8,001829.jpg
6,001830.jpg
7,001831.jpg
5,001832.jpg
9,001833.jpg
2,001834.jpg
5,001835.jpg
6,001836.jpg
0,001837.jpg
4,001838.jpg
9,001839.jpg
6,001840.jpg
5,001841.jpg
9,001842.jpg
0,001843.jpg
9,001844.jpg
8,001845.jpg
0,001846.jpg
9,001847.jpg
5,001848.jpg
6,001849.jpg
0,001850.jpg
2,001851.jpg
9,001852.jpg
4,001853.jpg
2,001854.jpg
0,001855.jpg
2,001856.jpg
5,001857.jpg
1,001858.jpg
8,001859.jpg
9,001860.jpg
0,001861.jpg
6,001862.jpg
6,001863.jpg
2,001864.jpg
2,001865.jpg
1,001866.jpg
9,001867.jpg
7,001868.jpg
7,001869.jpg
7,001870.jpg
1,001871.jpg
7,001872.jpg
8,001873.jpg
8,001874.jpg
8,001875.jpg
4,001876.jpg
0,001877.jpg
1,001878.jpg
1,001879.jpg
5,001880.jpg
2,001881.jpg
2,001882.jpg
5,001883.jpg
0,001884.jpg
4,001885.jpg
5,001886.jpg
5,001887.jpg
1,001888.jpg
9,001889.jpg
1,001890.jpg
7,001891.jpg
2,001892.jpg
7,001893.jpg
3,001894.jpg
0,001895.jpg
7,001896.jpg
0,001897.jpg
9,001898.jpg
7,001899.jpg
5,001900.jpg
1,001901.jpg
3,001902.jpg
5,001903.jpg
6,001904.jpg
5,001905.jpg
4,001906.jpg
0,001907.jpg
7,001908.jpg
8,001909.jpg
4,001910.jpg
9,001911.jpg
0,001912.jpg
2,001913.jpg
3,001914.jpg
1,001915.jpg
7,001916.jpg
4,001917.jpg
2,001918.jpg
9,001919.jpg
9,001920.jpg
3,001921.jpg
1,001922.jpg
2,001923.jpg
7,001924.jpg
5,001925.jpg
9,001926.jpg
8,001927.jpg
2,001928.jpg
0,001929.jpg
7,001930.jpg
2,001931.jpg
6,001932.jpg
2,001933.jpg
4,001934.jpg
6,001935.jpg
5,001936.jpg
3,001937.jpg
6,001938.jpg
4,001939.jpg
4,001940.jpg
7,001941.jpg
0,001942.jpg
9,001943.jpg
7,001944.jpg
3,001945.jpg
2,001946.jpg
5,001947.jpg
3,001948.jpg
3,001949.jpg
0,001950.jpg
2,001951.jpg
6,001952.jpg
2,001953.jpg
7,001954.jpg
8,001955.jpg
0,001956.jpg
8,001957.jpg
1,001958.jpg
6,001959.jpg
7,001960.jpg
3,001961.jpg
8,001962.jpg
2,001963.jpg
8,001964.jpg
1,001965.jpg
7,001966.jpg
4,001967.jpg
2,001968.jpg
6,001969.jpg
1,001970.jpg
0,001971.jpg
8,001972.jpg
1,001973.jpg
3,001974.jpg
1,001975.jpg
6,001976.jpg
1,001977.jpg
6,001978.jpg
6,001979.jpg
8,001980.jpg
4,001981.jpg
8,001982.jpg
3,001983.jpg
5,001984.jpg
1,001985.jpg
9,001986.jpg
3,001987.jpg
8,001988.jpg
0,001989.jpg
5,001990.jpg
8,001991.jpg
6,001992.jpg
1,001993.jpg
2,001994.jpg
7,001995.jpg
1,001996.jpg
3,001997.jpg
5,001998.jpg
8,001999.jpg
4,002000.jpg
7,002001.jpg
1,002002.jpg
7,002003.jpg
3,002004.jpg
8,002005.jpg
9,002006.jpg
4,002007.jpg
2,002008.jpg
3,002009.jpg
8,002010.jpg
3,002011.jpg
6,002012.jpg
8,002013.jpg
9,002014.jpg
6,002015.jpg
2,002016.jpg
4,002017.jpg
2,002018.jpg
8,002019.jpg
1,002020.jpg
6,002021.jpg
7,002022.jpg
1,002023.jpg
8,002024.jpg
2,002025.jpg
3,002026.jpg
0,002027.jpg
1,002028.jpg
7,002029.jpg
5,002030.jpg
1,002031.jpg
9,002032.jpg
4,002033.jpg
3,002034.jpg
1,002035.jpg
3,002036.jpg
6,002037.jpg
9,002038.jpg
4,002039.jpg
6,002040.jpg
0,002041.jpg
5,002042.jpg
1,002043.jpg
4,002044.jpg
4,002045.jpg
9,002046.jpg
7,002047.jpg
4,002048.jpg
0,002049.jpg
4,002050.jpg
3,002051.jpg
0,002052.jpg
4,002053.jpg
8,002054.jpg
5,002055.jpg
9,002056.jpg
5,002057.jpg
0,002058.jpg
3,002059.jpg
0,002060.jpg
2,002061.jpg
0,002062.jpg
8,002063.jpg
9,002064.jpg
2,002065.jpg
1,002066.jpg
3,002067.jpg
9,002068.jpg
4,002069.jpg
0,002070.jpg
1,002071.jpg
5,002072.jpg
9,002073.jpg
2,002074.jpg
7,002075.jpg
1,002076.jpg
2,002077.jpg
6,002078.jpg
6,002079.jpg
4,002080.jpg
1,002081.jpg
4,002082.jpg
6,002083.jpg
4,002084.jpg
6,002085.jpg
2,002086.jpg
3,002087.jpg
2,002088.jpg
8,002089.jpg
7,002090.jpg
9,002091.jpg
5,002092.jpg
5,002093.jpg
7,002094.jpg
8,002095.jpg
8,002096.jpg
3,002097.jpg
4,002098.jpg
0,002099.jpg
1,002100.jpg
7,002101.jpg
4,002102.jpg
3,002103.jpg
3,002104.jpg
0,002105.jpg
6,002106.jpg
9,002107.jpg
2,002108.jpg
2,002109.jpg
4,002110.jpg
7,002111.jpg
6,002112.jpg
3,002113.jpg
8,002114.jpg
6,002115.jpg
2,002116.jpg
1,002117.jpg
0,002118.jpg
9,002119.jpg
4,002120.jpg
0,002121.jpg
6,002122.jpg
7,002123.jpg
1,002124.jpg
1,002125.jpg
3,002126.jpg
0,002127.jpg
1,002128.jpg
8,002129.jpg
7,002130.jpg
6,002131.jpg
3,002132.jpg
0,002133.jpg
5,002134.jpg
5,002135.jpg
3,002136.jpg
3,002137.jpg
0,002138.jpg
8,002139.jpg
4,002140.jpg
3,002141.jpg
5,002142.jpg
5,002143.jpg
6,002144.jpg
1,002145.jpg
4,002146.jpg
5,002147.jpg
7,002148.jpg
2,002149.jpg
1,002150.jpg
5,002151.jpg
5,002152.jpg
3,002153.jpg
2,002154.jpg
0,002155.jpg
9,002156.jpg
5,002157.jpg
4,002158.jpg
0,002159.jpg
9,002160.jpg
3,002161.jpg
4,002162.jpg
0,002163.jpg
4,002164.jpg
3,002165.jpg
3,002166.jpg
0,002167.jpg
2,002168.jpg
7,002169.jpg
2,002170.jpg
1,002171.jpg
2,002172.jpg
2,002173.jpg
6,002174.jpg
2,002175.jpg
1,002176.jpg
1,002177.jpg
5,002178.jpg
9,002179.jpg
0,002180.jpg
3,002181.jpg
4,002182.jpg
1,002183.jpg
1,002184.jpg
7,002185.jpg
1,002186.jpg
4,002187.jpg
7,002188.jpg
0,002189.jpg
0,002190.jpg
9,002191.jpg
2,002192.jpg
3,002193.jpg
7,002194.jpg
6,002195.jpg
8,002196.jpg
9,002197.jpg
0,002198.jpg
6,002199.jpg
1,002200.jpg
2,002201.jpg
6,002202.jpg
8,002203.jpg
7,002204.jpg
8,002205.jpg
4,002206.jpg
8,002207.jpg
1,002208.jpg
7,002209.jpg
3,002210.jpg
2,002211.jpg
1,002212.jpg
0,002213.jpg
6,002214.jpg
6,002215.jpg
3,002216.jpg
3,002217.jpg
9,002218.jpg
1,002219.jpg
8,002220.jpg
8,002221.jpg
6,002222.jpg
2,002223.jpg
9,002224.jpg
4,002225.jpg
5,002226.jpg
5,002227.jpg
8,002228.jpg
1,002229.jpg
7,002230.jpg
3,002231.jpg
7,002232.jpg
4,002233.jpg
7,002234.jpg
8,002235.jpg
6,002236.jpg
1,002237.jpg
0,002238.jpg
2,002239.jpg
4,002240.jpg
4,002241.jpg
4,002242.jpg
6,002243.jpg
8,002244.jpg
1,002245.jpg
2,002246.jpg
1,002247.jpg
6,002248.jpg
8,002249.jpg
1,002250.jpg
3,002251.jpg
9,002252.jpg
1,002253.jpg
1,002254.jpg
3,002255.jpg
6,002256.jpg
3,002257.jpg
7,002258.jpg
2,002259.jpg
6,002260.jpg
9,002261.jpg
7,002262.jpg
4,002263.jpg
4,002264.jpg
1,002265.jpg
0,002266.jpg
6,002267.jpg
8,002268.jpg
7,002269.jpg
3,002270.jpg
1,002271.jpg
6,002272.jpg
8,002273.jpg
8,002274.jpg
3,002275.jpg
2,002276.jpg
8,002277.jpg
7,002278.jpg
4,002279.jpg
7,002280.jpg
5,002281.jpg
9,002282.jpg
7,002283.jpg
7,002284.jpg
3,002285.jpg
0,002286.jpg
3,002287.jpg
9,002288.jpg
0,002289.jpg
1,002290.jpg
8,002291.jpg
9,002292.jpg
1,002293.jpg
4,002294.jpg
3,002295.jpg
1,002296.jpg
5,002297.jpg
8,002298.jpg
3,002299.jpg
0,002300.jpg
4,002301.jpg
9,002302.jpg
0,002303.jpg
6,002304.jpg
6,002305.jpg
9,002306.jpg
0,002307.jpg
3,002308.jpg
5,002309.jpg
0,002310.jpg
4,002311.jpg
3,002312.jpg
2,002313.jpg
1,002314.jpg
0,002315.jpg
6,002316.jpg
7,002317.jpg
0,002318.jpg
6,002319.jpg
9,002320.jpg
7,002321.jpg
9,002322.jpg
5,002323.jpg
9,002324.jpg
1,002325.jpg
9,002326.jpg
5,002327.jpg
5,002328.jpg
2,002329.jpg
6,002330.jpg
1,002331.jpg
2,002332.jpg
4,002333.jpg
0,002334.jpg
5,002335.jpg
3,002336.jpg
3,002337.jpg
9,002338.jpg
4,002339.jpg
2,002340.jpg
5,002341.jpg
5,002342.jpg
1,002343.jpg
1,002344.jpg
5,002345.jpg
5,002346.jpg
3,002347.jpg
4,002348.jpg
3,002349.jpg
0,002350.jpg
4,002351.jpg
6,002352.jpg
3,002353.jpg
2,002354.jpg
7,002355.jpg
9,002356.jpg
7,002357.jpg
3,002358.jpg
3,002359.jpg
3,002360.jpg
4,002361.jpg
5,002362.jpg
0,002363.jpg
8,002364.jpg
9,002365.jpg
4,002366.jpg
0,002367.jpg
8,002368.jpg
5,002369.jpg
1,002370.jpg
2,002371.jpg
0,002372.jpg
1,002373.jpg
0,002374.jpg
5,002375.jpg
7,002376.jpg
1,002377.jpg
7,002378.jpg
8,002379.jpg
7,002380.jpg
1,002381.jpg
5,002382.jpg
7,002383.jpg
2,002384.jpg
7,002385.jpg
1,002386.jpg
1,002387.jpg
8,002388.jpg
0,002389.jpg
5,002390.jpg
4,002391.jpg
5,002392.jpg
8,002393.jpg
6,002394.jpg
4,002395.jpg
4,002396.jpg
2,002397.jpg
5,002398.jpg
2,002399.jpg
6,002400.jpg
8,002401.jpg
0,002402.jpg
4,002403.jpg
3,002404.jpg
3,002405.jpg
5,002406.jpg
4,002407.jpg
3,002408.jpg
6,002409.jpg
0,002410.jpg
9,002411.jpg
8,002412.jpg
3,002413.jpg
2,002414.jpg
3,002415.jpg
3,002416.jpg
2,002417.jpg
7,002418.jpg
4,002419.jpg
0,002420.jpg
1,002421.jpg
5,002422.jpg
0,002423.jpg
8,002424.jpg
4,002425.jpg
0,002426.jpg
5,002427.jpg
0,002428.jpg
2,002429.jpg
8,002430.jpg
0,002431.jpg
5,002432.jpg
6,002433.jpg
2,002434.jpg
9,002435.jpg
4,002436.jpg
0,002437.jpg
1,002438.jpg
0,002439.jpg
2,002440.jpg
2,002441.jpg
9,002442.jpg
1,002443.jpg
3,002444.jpg
7,002445.jpg
6,002446.jpg
4,002447.jpg
5,002448.jpg
9,002449.jpg
7,002450.jpg
4,002451.jpg
5,002452.jpg
6,002453.jpg
2,002454.jpg
8,002455.jpg
3,002456.jpg
3,002457.jpg
5,002458.jpg
0,002459.jpg
5,002460.jpg
7,002461.jpg
4,002462.jpg
7,002463.jpg
4,002464.jpg
9,002465.jpg
6,002466.jpg
6,002467.jpg
6,002468.jpg
7,002469.jpg
1,002470.jpg
0,002471.jpg
1,002472.jpg
8,002473.jpg
0,002474.jpg
8,002475.jpg
2,002476.jpg
7,002477.jpg
3,002478.jpg
0,002479.jpg
3,002480.jpg
5,002481.jpg
5,002482.jpg
2,002483.jpg
5,002484.jpg
4,002485.jpg
5,002486.jpg
8,002487.jpg
2,002488.jpg
3,002489.jpg
4,002490.jpg
9,002491.jpg
6,002492.jpg
4,002493.jpg
5,002494.jpg
4,002495.jpg
6,002496.jpg
5,002497.jpg
8,002498.jpg
3,002499.jpg
3,002500.jpg
4,002501.jpg
8,002502.jpg
4,002503.jpg
4,002504.jpg
2,002505.jpg
8,002506.jpg
6,002507.jpg
7,002508.jpg
7,002509.jpg
8,002510.jpg
6,002511.jpg
5,002512.jpg
4,002513.jpg
7,002514.jpg
7,002515.jpg
5,002516.jpg
3,002517.jpg
1,002518.jpg
4,002519.jpg
4,002520.jpg
8,002521.jpg
5,002522.jpg
0,002523.jpg
3,002524.jpg
5,002525.jpg
0,002526.jpg
9,002527.jpg
1,002528.jpg
4,002529.jpg
9,002530.jpg
9,002531.jpg
1,002532.jpg
5,002533.jpg
4,002534.jpg
5,002535.jpg
9,002536.jpg
8,002537.jpg
3,002538.jpg
4,002539.jpg
1,002540.jpg
8,002541.jpg
1,002542.jpg
3,002543.jpg
7,002544.jpg
4,002545.jpg
9,002546.jpg
5,002547.jpg
2,002548.jpg
5,002549.jpg
4,002550.jpg
5,002551.jpg
9,002552.jpg
9,002553.jpg
8,002554.jpg
9,002555.jpg
9,002556.jpg
1,002557.jpg
4,002558.jpg
9,002559.jpg
6,002560.jpg
5,002561.jpg
2,002562.jpg
2,002563.jpg
1,002564.jpg
8,002565.jpg
7,002566.jpg
7,002567.jpg
4,002568.jpg
1,002569.jpg
7,002570.jpg
7,002571.jpg
2,002572.jpg
3,002573.jpg
5,002574.jpg
2,002575.jpg
3,002576.jpg
5,002577.jpg
8,002578.jpg
6,002579.jpg
7,002580.jpg
4,002581.jpg
0,002582.jpg
4,002583.jpg
2,002584.jpg
3,002585.jpg
2,002586.jpg
7,002587.jpg
9,002588.jpg
8,002589.jpg
1,002590.jpg
5,002591.jpg
1,002592.jpg
8,002593.jpg
0,002594.jpg
2,002595.jpg
3,002596.jpg
5,002597.jpg
8,002598.jpg
4,002599.jpg
6,002600.jpg
0,002601.jpg
8,002602.jpg
3,002603.jpg
4,002604.jpg
9,002605.jpg
7,002606.jpg
1,002607.jpg
7,002608.jpg
9,002609.jpg
8,002610.jpg
6,002611.jpg
7,002612.jpg
4,002613.jpg
5,002614.jpg
0,002615.jpg
9,002616.jpg
1,002617.jpg
2,002618.jpg
6,002619.jpg
2,002620.jpg
0,002621.jpg
8,002622.jpg
3,002623.jpg
2,002624.jpg
3,002625.jpg
3,002626.jpg
7,002627.jpg
4,002628.jpg
4,002629.jpg
2,002630.jpg
7,002631.jpg
5,002632.jpg
5,002633.jpg
7,002634.jpg
6,002635.jpg
1,002636.jpg
9,002637.jpg
4,002638.jpg
0,002639.jpg
4,002640.jpg
7,002641.jpg
1,002642.jpg
9,002643.jpg
4,002644.jpg
3,002645.jpg
6,002646.jpg
1,002647.jpg
7,002648.jpg
2,002649.jpg
6,002650.jpg
1,002651.jpg
4,002652.jpg
9,002653.jpg
0,002654.jpg
6,002655.jpg
8,002656.jpg
2,002657.jpg
6,002658.jpg
8,002659.jpg
6,002660.jpg
3,002661.jpg
5,002662.jpg
6,002663.jpg
1,002664.jpg
7,002665.jpg
5,002666.jpg
9,002667.jpg
3,002668.jpg
1,002669.jpg
1,002670.jpg
9,002671.jpg
6,002672.jpg
7,002673.jpg
5,002674.jpg
9,002675.jpg
1,002676.jpg
4,002677.jpg
2,002678.jpg
8,002679.jpg
4,002680.jpg
5,002681.jpg
1,002682.jpg
1,002683.jpg
1,002684.jpg
4,002685.jpg
7,002686.jpg
2,002687.jpg
9,002688.jpg
9,002689.jpg
7,002690.jpg
1,002691.jpg
9,002692.jpg
4,002693.jpg
3,002694.jpg
0,002695.jpg
8,002696.jpg
1,002697.jpg
0,002698.jpg
8,002699.jpg
6,002700.jpg
1,002701.jpg
2,002702.jpg
8,002703.jpg
3,002704.jpg
4,002705.jpg
5,002706.jpg
0,002707.jpg
6,002708.jpg
4,002709.jpg
8,002710.jpg
5,002711.jpg
0,002712.jpg
6,002713.jpg
4,002714.jpg
4,002715.jpg
6,002716.jpg
3,002717.jpg
3,002718.jpg
6,002719.jpg
1,002720.jpg
5,002721.jpg
9,002722.jpg
3,002723.jpg
9,002724.jpg
4,002725.jpg
8,002726.jpg
9,002727.jpg
3,002728.jpg
6,002729.jpg
0,002730.jpg
3,002731.jpg
2,002732.jpg
2,002733.jpg
1,002734.jpg
5,002735.jpg
8,002736.jpg
7,002737.jpg
8,002738.jpg
5,002739.jpg
9,002740.jpg
0,002741.jpg
9,002742.jpg
4,002743.jpg
3,002744.jpg
0,002745.jpg
5,002746.jpg
9,002747.jpg
6,002748.jpg
3,002749.jpg
1,002750.jpg
7,002751.jpg
3,002752.jpg
0,002753.jpg
2,002754.jpg
3,002755.jpg
3,002756.jpg
6,002757.jpg
9,002758.jpg
0,002759.jpg
8,002760.jpg
8,002761.jpg
8,002762.jpg
8,002763.jpg
1,002764.jpg
3,002765.jpg
7,002766.jpg
7,002767.jpg
8,002768.jpg
7,002769.jpg
2,002770.jpg
7,002771.jpg
0,002772.jpg
4,002773.jpg
6,002774.jpg
6,002775.jpg
3,002776.jpg
8,002777.jpg
5,002778.jpg
1,002779.jpg
8,002780.jpg
1,002781.jpg
8,002782.jpg
2,002783.jpg
9,002784.jpg
4,002785.jpg
2,002786.jpg
4,002787.jpg
6,002788.jpg
1,002789.jpg
5,002790.jpg
7,002791.jpg
8,002792.jpg
9,002793.jpg
8,002794.jpg
0,002795.jpg
5,002796.jpg
1,002797.jpg
6,002798.jpg
1,002799.jpg
3,002800.jpg
8,002801.jpg
4,002802.jpg
3,002803.jpg
9,002804.jpg
5,002805.jpg
6,002806.jpg
5,002807.jpg
1,002808.jpg
0,002809.jpg
7,002810.jpg
6,002811.jpg
2,002812.jpg
3,002813.jpg
6,002814.jpg
9,002815.jpg
4,002816.jpg
3,002817.jpg
9,002818.jpg
5,002819.jpg
3,002820.jpg
3,002821.jpg
4,002822.jpg
7,002823.jpg
7,002824.jpg
6,002825.jpg
7,002826.jpg
2,002827.jpg
7,002828.jpg
3,002829.jpg
2,002830.jpg
3,002831.jpg
0,002832.jpg
0,002833.jpg
9,002834.jpg
7,002835.jpg
9,002836.jpg
8,002837.jpg
9,002838.jpg
6,002839.jpg
8,002840.jpg
7,002841.jpg
4,002842.jpg
6,002843.jpg
9,002844.jpg
3,002845.jpg
9,002846.jpg
6,002847.jpg
3,002848.jpg
1,002849.jpg
6,002850.jpg
9,002851.jpg
9,002852.jpg
3,002853.jpg
9,002854.jpg
6,002855.jpg
2,002856.jpg
9,002857.jpg
5,002858.jpg
4,002859.jpg
4,002860.jpg
3,002861.jpg
6,002862.jpg
6,002863.jpg
7,002864.jpg
3,002865.jpg
3,002866.jpg
3,002867.jpg
7,002868.jpg
7,002869.jpg
6,002870.jpg
6,002871.jpg
5,002872.jpg
8,002873.jpg
1,002874.jpg
0,002875.jpg
2,002876.jpg
1,002877.jpg
5,002878.jpg
5,002879.jpg
4,002880.jpg
5,002881.jpg
7,002882.jpg
8,002883.jpg
1,002884.jpg
4,002885.jpg
4,002886.jpg
0,002887.jpg
2,002888.jpg
6,002889.jpg
9,002890.jpg
3,002891.jpg
1,002892.jpg
6,002893.jpg
6,002894.jpg
7,002895.jpg
0,002896.jpg
9,002897.jpg
4,002898.jpg
9,002899.jpg
6,002900.jpg
7,002901.jpg
6,002902.jpg
7,002903.jpg
7,002904.jpg
2,002905.jpg
7,002906.jpg
9,002907.jpg
5,002908.jpg
2,002909.jpg
5,002910.jpg
0,002911.jpg
2,002912.jpg
2,002913.jpg
3,002914.jpg
5,002915.jpg
4,002916.jpg
3,002917.jpg
3,002918.jpg
1,002919.jpg
6,002920.jpg
9,002921.jpg
5,002922.jpg
3,002923.jpg
4,002924.jpg
7,002925.jpg
7,002926.jpg
3,002927.jpg
6,002928.jpg
2,002929.jpg
4,002930.jpg
7,002931.jpg
5,002932.jpg
1,002933.jpg
6,002934.jpg
4,002935.jpg
4,002936.jpg
3,002937.jpg
0,002938.jpg
4,002939.jpg
6,002940.jpg
4,002941.jpg
6,002942.jpg
2,002943.jpg
0,002944.jpg
4,002945.jpg
8,002946.jpg
9,002947.jpg
7,002948.jpg
1,002949.jpg
4,002950.jpg
6,002951.jpg
5,002952.jpg
6,002953.jpg
4,002954.jpg
2,002955.jpg
5,002956.jpg
7,002957.jpg
2,002958.jpg
3,002959.jpg
0,002960.jpg
3,002961.jpg
0,002962.jpg
2,002963.jpg
6,002964.jpg
2,002965.jpg
3,002966.jpg
3,002967.jpg
9,002968.jpg
1,002969.jpg
9,002970.jpg
8,002971.jpg
9,002972.jpg
1,002973.jpg
1,002974.jpg
0,002975.jpg
8,002976.jpg
6,002977.jpg
6,002978.jpg
9,002979.jpg
6,002980.jpg
1,002981.jpg
9,002982.jpg
4,002983.jpg
0,002984.jpg
6,002985.jpg
8,002986.jpg
6,002987.jpg
5,002988.jpg
1,002989.jpg
5,002990.jpg
7,002991.jpg
5,002992.jpg
8,002993.jpg
0,002994.jpg
8,002995.jpg
5,002996.jpg
2,002997.jpg
9,002998.jpg
5,002999.jpg
6,003000.jpg
3,003001.jpg
2,003002.jpg
9,003003.jpg
2,003004.jpg
8,003005.jpg
6,003006.jpg
3,003007.jpg
1,003008.jpg
0,003009.jpg
2,003010.jpg
9,003011.jpg
3,003012.jpg
5,003013.jpg
5,003014.jpg
7,003015.jpg
4,003016.jpg
2,003017.jpg
3,003018.jpg
3,003019.jpg
3,003020.jpg
5,003021.jpg
9,003022.jpg
4,003023.jpg
6,003024.jpg
5,003025.jpg
7,003026.jpg
4,003027.jpg
6,003028.jpg
4,003029.jpg
5,003030.jpg
1,003031.jpg
7,003032.jpg
2,003033.jpg
5,003034.jpg
1,003035.jpg
4,003036.jpg
6,003037.jpg
9,003038.jpg
2,003039.jpg
1,003040.jpg
0,003041.jpg
6,003042.jpg
6,003043.jpg
7,003044.jpg
9,003045.jpg
1,003046.jpg
9,003047.jpg
0,003048.jpg
5,003049.jpg
0,003050.jpg
3,003051.jpg
8,003052.jpg
4,003053.jpg
4,003054.jpg
7,003055.jpg
8,003056.jpg
3,003057.jpg
7,003058.jpg
1,003059.jpg
1,003060.jpg
5,003061.jpg
1,003062.jpg
2,003063.jpg
0,003064.jpg
8,003065.jpg
1,003066.jpg
3,003067.jpg
7,003068.jpg
4,003069.jpg
0,003070.jpg
1,003071.jpg
0,003072.jpg
3,003073.jpg
2,003074.jpg
3,003075.jpg
0,003076.jpg
6,003077.jpg
0,003078.jpg
0,003079.jpg
8,003080.jpg
8,003081.jpg
9,003082.jpg
1,003083.jpg
7,003084.jpg
1,003085.jpg
0,003086.jpg
6,003087.jpg
5,003088.jpg
0,003089.jpg
0,003090.jpg
2,003091.jpg
9,003092.jpg
3,003093.jpg
4,003094.jpg
5,003095.jpg
9,003096.jpg
2,003097.jpg
3,003098.jpg
5,003099.jpg
1,003100.jpg
8,003101.jpg
1,003102.jpg
8,003103.jpg
4,003104.jpg
2,003105.jpg
1,003106.jpg
9,003107.jpg
8,003108.jpg
1,003109.jpg
5,003110.jpg
2,003111.jpg
5,003112.jpg
2,003113.jpg
9,003114.jpg
5,003115.jpg
4,003116.jpg
3,003117.jpg
7,003118.jpg
2,003119.jpg
3,003120.jpg
9,003121.jpg
7,003122.jpg
7,003123.jpg
2,003124.jpg
1,003125.jpg
1,003126.jpg
5,003127.jpg
0,003128.jpg
5,003129.jpg
0,003130.jpg
8,003131.jpg
6,003132.jpg
1,003133.jpg
7,003134.jpg
7,003135.jpg
1,003136.jpg
0,003137.jpg
5,003138.jpg
9,003139.jpg
2,003140.jpg
8,003141.jpg
4,003142.jpg
2,003143.jpg
2,003144.jpg
4,003145.jpg
7,003146.jpg
1,003147.jpg
4,003148.jpg
5,003149.jpg
8,003150.jpg
2,003151.jpg
5,003152.jpg
9,003153.jpg
0,003154.jpg
0,003155.jpg
5,003156.jpg
6,003157.jpg
9,003158.jpg
1,003159.jpg
5,003160.jpg
9,003161.jpg
4,003162.jpg
4,003163.jpg
9,003164.jpg
9,003165.jpg
2,003166.jpg
2,003167.jpg
4,003168.jpg
1,003169.jpg
6,003170.jpg
4,003171.jpg
7,003172.jpg
3,003173.jpg
2,003174.jpg
6,003175.jpg
7,003176.jpg
3,003177.jpg
7,003178.jpg
7,003179.jpg
2,003180.jpg
9,003181.jpg
4,003182.jpg
1,003183.jpg
3,003184.jpg
8,003185.jpg
4,003186.jpg
7,003187.jpg
4,003188.jpg
9,003189.jpg
8,003190.jpg
6,003191.jpg
8,003192.jpg
7,003193.jpg
4,003194.jpg
9,003195.jpg
3,003196.jpg
0,003197.jpg
9,003198.jpg
3,003199.jpg
3,003200.jpg
7,003201.jpg
6,003202.jpg
5,003203.jpg
6,003204.jpg
0,003205.jpg
7,003206.jpg
3,003207.jpg
2,003208.jpg
8,003209.jpg
5,003210.jpg
7,003211.jpg
1,003212.jpg
7,003213.jpg
2,003214.jpg
5,003215.jpg
7,003216.jpg
1,003217.jpg
2,003218.jpg
0,003219.jpg
1,003220.jpg
0,003221.jpg
3,003222.jpg
1,003223.jpg
4,003224.jpg
6,003225.jpg
2,003226.jpg
0,003227.jpg
3,003228.jpg
3,003229.jpg
5,003230.jpg
5,003231.jpg
9,003232.jpg
0,003233.jpg
6,003234.jpg
8,003235.jpg
3,003236.jpg
0,003237.jpg
6,003238.jpg
7,003239.jpg
6,003240.jpg
6,003241.jpg
0,003242.jpg
1,003243.jpg
5,003244.jpg
9,003245.jpg
1,003246.jpg
7,003247.jpg
7,003248.jpg
2,003249.jpg
4,003250.jpg
6,003251.jpg
1,003252.jpg
3,003253.jpg
6,003254.jpg
2,003255.jpg
1,003256.jpg
4,003257.jpg
9,003258.jpg
6,003259.jpg
5,003260.jpg
5,003261.jpg
3,003262.jpg
9,003263.jpg
6,003264.jpg
2,003265.jpg
2,003266.jpg
6,003267.jpg
9,003268.jpg
9,003269.jpg
6,003270.jpg
2,003271.jpg
8,003272.jpg
5,003273.jpg
5,003274.jpg
9,003275.jpg
4,003276.jpg
2,003277.jpg
8,003278.jpg
1,003279.jpg
7,003280.jpg
3,003281.jpg
7,003282.jpg
8,003283.jpg
1,003284.jpg
7,003285.jpg
3,003286.jpg
9,003287.jpg
2,003288.jpg
4,003289.jpg
9,003290.jpg
4,003291.jpg
1,003292.jpg
6,003293.jpg
6,003294.jpg
1,003295.jpg
5,003296.jpg
9,003297.jpg
6,003298.jpg
5,003299.jpg
5,003300.jpg
8,003301.jpg
4,003302.jpg
5,003303.jpg
9,003304.jpg
0,003305.jpg
1,003306.jpg
6,003307.jpg
5,003308.jpg
1,003309.jpg
1,003310.jpg
3,003311.jpg
3,003312.jpg
2,003313.jpg
4,003314.jpg
8,003315.jpg
3,003316.jpg
7,003317.jpg
4,003318.jpg
8,003319.jpg
8,003320.jpg
9,003321.jpg
4,003322.jpg
5,003323.jpg
9,003324.jpg
0,003325.jpg
0,003326.jpg
9,003327.jpg
8,003328.jpg
1,003329.jpg
7,003330.jpg
6,003331.jpg
1,003332.jpg
0,003333.jpg
4,003334.jpg
3,003335.jpg
6,003336.jpg
7,003337.jpg
4,003338.jpg
4,003339.jpg
0,003340.jpg
1,003341.jpg
8,003342.jpg
8,003343.jpg
1,003344.jpg
0,003345.jpg
9,003346.jpg
8,003347.jpg
7,003348.jpg
7,003349.jpg
6,003350.jpg
7,003351.jpg
9,003352.jpg
5,003353.jpg
1,003354.jpg
3,003355.jpg
6,003356.jpg
6,003357.jpg
0,003358.jpg
8,003359.jpg
7,003360.jpg
6,003361.jpg
4,003362.jpg
3,003363.jpg
5,003364.jpg
3,003365.jpg
6,003366.jpg
5,003367.jpg
1,003368.jpg
1,003369.jpg
2,003370.jpg
6,003371.jpg
7,003372.jpg
0,003373.jpg
2,003374.jpg
0,003375.jpg
2,003376.jpg
4,003377.jpg
3,003378.jpg
0,003379.jpg
4,003380.jpg
9,003381.jpg
1,003382.jpg
8,003383.jpg
7,003384.jpg
5,003385.jpg
5,003386.jpg
8,003387.jpg
2,003388.jpg
4,003389.jpg
2,003390.jpg
2,003391.jpg
5,003392.jpg
7,003393.jpg
1,003394.jpg
4,003395.jpg
2,003396.jpg
8,003397.jpg
6,003398.jpg
1,003399.jpg
1,003400.jpg
6,003401.jpg
5,003402.jpg
1,003403.jpg
2,003404.jpg
0,003405.jpg
5,003406.jpg
7,003407.jpg
1,003408.jpg
9,003409.jpg
8,003410.jpg
3,003411.jpg
9,003412.jpg
6,003413.jpg
3,003414.jpg
2,003415.jpg
0,003416.jpg
5,003417.jpg
9,003418.jpg
2,003419.jpg
5,003420.jpg
1,003421.jpg
1,003422.jpg
5,003423.jpg
6,003424.jpg
6,003425.jpg
3,003426.jpg
2,003427.jpg
6,003428.jpg
9,003429.jpg
8,003430.jpg
7,003431.jpg
0,003432.jpg
4,003433.jpg
7,003434.jpg
8,003435.jpg
1,003436.jpg
3,003437.jpg
9,003438.jpg
6,003439.jpg
0,003440.jpg
6,003441.jpg
3,003442.jpg
8,003443.jpg
9,003444.jpg
4,003445.jpg
7,003446.jpg
6,003447.jpg
5,003448.jpg
9,003449.jpg
3,003450.jpg
2,003451.jpg
8,003452.jpg
6,003453.jpg
6,003454.jpg
8,003455.jpg
6,003456.jpg
8,003457.jpg
7,003458.jpg
4,003459.jpg
9,003460.jpg
4,003461.jpg
1,003462.jpg
8,003463.jpg
9,003464.jpg
3,003465.jpg
4,003466.jpg
8,003467.jpg
2,003468.jpg
3,003469.jpg
0,003470.jpg
7,003471.jpg
0,003472.jpg
1,003473.jpg
7,003474.jpg
1,003475.jpg
3,003476.jpg
3,003477.jpg
9,003478.jpg
7,003479.jpg
6,003480.jpg
7,003481.jpg
9,003482.jpg
9,003483.jpg
2,003484.jpg
0,003485.jpg
5,003486.jpg
3,003487.jpg
9,003488.jpg
3,003489.jpg
5,003490.jpg
8,003491.jpg
6,003492.jpg
3,003493.jpg
7,003494.jpg
6,003495.jpg
3,003496.jpg
1,003497.jpg
9,003498.jpg
0,003499.jpg
7,003500.jpg
2,003501.jpg
2,003502.jpg
9,003503.jpg
1,003504.jpg
8,003505.jpg
9,003506.jpg
1,003507.jpg
3,003508.jpg
2,003509.jpg
2,003510.jpg
9,003511.jpg
0,003512.jpg
3,003513.jpg
8,003514.jpg
7,003515.jpg
1,003516.jpg
7,003517.jpg
2,003518.jpg
2,003519.jpg
9,003520.jpg
1,003521.jpg
5,003522.jpg
8,003523.jpg
0,003524.jpg
2,003525.jpg
2,003526.jpg
8,003527.jpg
3,003528.jpg
6,003529.jpg
6,003530.jpg
5,003531.jpg
1,003532.jpg
6,003533.jpg
0,003534.jpg
3,003535.jpg
8,003536.jpg
9,003537.jpg
8,003538.jpg
9,003539.jpg
3,003540.jpg
9,003541.jpg
2,003542.jpg
0,003543.jpg
8,003544.jpg
5,003545.jpg
8,003546.jpg
4,003547.jpg
0,003548.jpg
3,003549.jpg
7,003550.jpg
5,003551.jpg
4,003552.jpg
0,003553.jpg
6,003554.jpg
7,003555.jpg
1,003556.jpg
7,003557.jpg
2,003558.jpg
9,003559.jpg
0,003560.jpg
1,003561.jpg
5,003562.jpg
7,003563.jpg
0,003564.jpg
3,003565.jpg
2,003566.jpg
9,003567.jpg
3,003568.jpg
7,003569.jpg
2,003570.jpg
8,003571.jpg
4,003572.jpg
5,003573.jpg
1,003574.jpg
2,003575.jpg
6,003576.jpg
4,003577.jpg
1,003578.jpg
1,003579.jpg
8,003580.jpg
6,003581.jpg
7,003582.jpg
7,003583.jpg
9,003584.jpg
6,003585.jpg
7,003586.jpg
1,003587.jpg
4,003588.jpg
6,003589.jpg
4,003590.jpg
4,003591.jpg
0,003592.jpg
9,003593.jpg
8,003594.jpg
2,003595.jpg
1,003596.jpg
3,003597.jpg
2,003598.jpg
9,003599.jpg
6,003600.jpg
8,003601.jpg
2,003602.jpg
8,003603.jpg
3,003604.jpg
1,003605.jpg
6,003606.jpg
4,003607.jpg
4,003608.jpg
3,003609.jpg
2,003610.jpg
2,003611.jpg
7,003612.jpg
1,003613.jpg
7,003614.jpg
6,003615.jpg
1,003616.jpg
0,003617.jpg
4,003618.jpg
7,003619.jpg
0,003620.jpg
8,003621.jpg
1,003622.jpg
9,003623.jpg
4,003624.jpg
2,003625.jpg
6,003626.jpg
5,003627.jpg
2,003628.jpg
9,003629.jpg
3,003630.jpg
9,003631.jpg
9,003632.jpg
8,003633.jpg
4,003634.jpg
7,003635.jpg
5,003636.jpg
0,003637.jpg
7,003638.jpg
6,003639.jpg
9,003640.jpg
8,003641.jpg
6,003642.jpg
9,003643.jpg
0,003644.jpg
6,003645.jpg
1,003646.jpg
9,003647.jpg
6,003648.jpg
7,003649.jpg
6,003650.jpg
7,003651.jpg
9,003652.jpg
2,003653.jpg
6,003654.jpg
0,003655.jpg
6,003656.jpg
6,003657.jpg
3,003658.jpg
4,003659.jpg
4,003660.jpg
4,003661.jpg
7,003662.jpg
4,003663.jpg
8,003664.jpg
5,003665.jpg
7,003666.jpg
0,003667.jpg
4,003668.jpg
7,003669.jpg
8,003670.jpg
2,003671.jpg
9,003672.jpg
5,003673.jpg
0,003674.jpg
5,003675.jpg
9,003676.jpg
1,003677.jpg
3,003678.jpg
0,003679.jpg
8,003680.jpg
9,003681.jpg
5,003682.jpg
4,003683.jpg
1,003684.jpg
2,003685.jpg
0,003686.jpg
7,003687.jpg
1,003688.jpg
3,003689.jpg
9,003690.jpg
7,003691.jpg
9,003692.jpg
1,003693.jpg
2,003694.jpg
4,003695.jpg
3,003696.jpg
6,003697.jpg
4,003698.jpg
2,003699.jpg
8,003700.jpg
1,003701.jpg
5,003702.jpg
5,003703.jpg
2,003704.jpg
5,003705.jpg
2,003706.jpg
4,003707.jpg
7,003708.jpg
5,003709.jpg
2,003710.jpg
0,003711.jpg
3,003712.jpg
7,003713.jpg
9,003714.jpg
5,003715.jpg
1,003716.jpg
0,003717.jpg
8,003718.jpg
2,003719.jpg
5,003720.jpg
4,003721.jpg
4,003722.jpg
7,003723.jpg
1,003724.jpg
6,003725.jpg
7,003726.jpg
4,003727.jpg
6,003728.jpg
1,003729.jpg
2,003730.jpg
6,003731.jpg
5,003732.jpg
7,003733.jpg
3,003734.jpg
1,003735.jpg
2,003736.jpg
3,003737.jpg
1,003738.jpg
3,003739.jpg
8,003740.jpg
0,003741.jpg
5,003742.jpg
0,003743.jpg
8,003744.jpg
0,003745.jpg
1,003746.jpg
6,003747.jpg
8,003748.jpg
2,003749.jpg
2,003750.jpg
4,003751.jpg
9,003752.jpg
9,003753.jpg
4,003754.jpg
6,003755.jpg
2,003756.jpg
2,003757.jpg
5,003758.jpg
0,003759.jpg
9,003760.jpg
0,003761.jpg
6,003762.jpg
9,003763.jpg
4,003764.jpg
2,003765.jpg
9,003766.jpg
0,003767.jpg
8,003768.jpg
7,003769.jpg
3,003770.jpg
7,003771.jpg
8,003772.jpg
5,003773.jpg
2,003774.jpg
9,003775.jpg
6,003776.jpg
0,003777.jpg
3,003778.jpg
8,003779.jpg
9,003780.jpg
8,003781.jpg
2,003782.jpg
7,003783.jpg
4,003784.jpg
8,003785.jpg
6,003786.jpg
2,003787.jpg
9,003788.jpg
1,003789.jpg
4,003790.jpg
0,003791.jpg
1,003792.jpg
2,003793.jpg
5,003794.jpg
5,003795.jpg
4,003796.jpg
2,003797.jpg
4,003798.jpg
1,003799.jpg
5,003800.jpg
3,003801.jpg
9,003802.jpg
7,003803.jpg
4,003804.jpg
2,003805.jpg
6,003806.jpg
4,003807.jpg
6,003808.jpg
9,003809.jpg
7,003810.jpg
3,003811.jpg
3,003812.jpg
8,003813.jpg
9,003814.jpg
0,003815.jpg
8,003816.jpg
4,003817.jpg
9,003818.jpg
7,003819.jpg
5,003820.jpg
3,003821.jpg
8,003822.jpg
3,003823.jpg
6,003824.jpg
7,003825.jpg
7,003826.jpg
7,003827.jpg
2,003828.jpg
0,003829.jpg
1,003830.jpg
5,003831.jpg
0,003832.jpg
2,003833.jpg
8,003834.jpg
4,003835.jpg
7,003836.jpg
9,003837.jpg
8,003838.jpg
8,003839.jpg
7,003840.jpg
2,003841.jpg
3,003842.jpg
7,003843.jpg
1,003844.jpg
9,003845.jpg
8,003846.jpg
3,003847.jpg
7,003848.jpg
6,003849.jpg
8,003850.jpg
8,003851.jpg
8,003852.jpg
2,003853.jpg
9,003854.jpg
1,003855.jpg
2,003856.jpg
5,003857.jpg
2,003858.jpg
4,003859.jpg
2,003860.jpg
1,003861.jpg
1,003862.jpg
8,003863.jpg
0,003864.jpg
0,003865.jpg
4,003866.jpg
7,003867.jpg
9,003868.jpg
3,003869.jpg
3,003870.jpg
6,003871.jpg
5,003872.jpg
7,003873.jpg
0,003874.jpg
6,003875.jpg
6,003876.jpg
1,003877.jpg
1,003878.jpg
8,003879.jpg
2,003880.jpg
3,003881.jpg
2,003882.jpg
1,003883.jpg
2,003884.jpg
4,003885.jpg
7,003886.jpg
6,003887.jpg
4,003888.jpg
3,003889.jpg
1,003890.jpg
1,003891.jpg
6,003892.jpg
4,003893.jpg
8,003894.jpg
8,003895.jpg
5,003896.jpg
3,003897.jpg
1,003898.jpg
1,003899.jpg
3,003900.jpg
8,003901.jpg
2,003902.jpg
0,003903.jpg
2,003904.jpg
1,003905.jpg
0,003906.jpg
4,003907.jpg
7,003908.jpg
8,003909.jpg
1,003910.jpg
0,003911.jpg
2,003912.jpg
3,003913.jpg
2,003914.jpg
0,003915.jpg
5,003916.jpg
2,003917.jpg
1,003918.jpg
3,003919.jpg
7,003920.jpg
9,003921.jpg
0,003922.jpg
2,003923.jpg
3,003924.jpg
6,003925.jpg
8,003926.jpg
4,003927.jpg
2,003928.jpg
3,003929.jpg
1,003930.jpg
4,003931.jpg
8,003932.jpg
5,003933.jpg
7,003934.jpg
1,003935.jpg
1,003936.jpg
2,003937.jpg
6,003938.jpg
1,003939.jpg
1,003940.jpg
1,003941.jpg
6,003942.jpg
4,003943.jpg
6,003944.jpg
6,003945.jpg
6,003946.jpg
2,003947.jpg
0,003948.jpg
3,003949.jpg
2,003950.jpg
6,003951.jpg
0,003952.jpg
1,003953.jpg
3,003954.jpg
4,003955.jpg
3,003956.jpg
5,003957.jpg
9,003958.jpg
7,003959.jpg
7,003960.jpg
5,003961.jpg
8,003962.jpg
8,003963.jpg
0,003964.jpg
2,003965.jpg
0,003966.jpg
5,003967.jpg
0,003968.jpg
3,003969.jpg
3,003970.jpg
7,003971.jpg
6,003972.jpg
1,003973.jpg
2,003974.jpg
1,003975.jpg
9,003976.jpg
5,003977.jpg
2,003978.jpg
9,003979.jpg
0,003980.jpg
5,003981.jpg
3,003982.jpg
8,003983.jpg
8,003984.jpg
5,003985.jpg
4,003986.jpg
6,003987.jpg
4,003988.jpg
5,003989.jpg
1,003990.jpg
0,003991.jpg
0,003992.jpg
6,003993.jpg
5,003994.jpg
1,003995.jpg
1,003996.jpg
9,003997.jpg
1,003998.jpg
1,003999.jpg
8,004000.jpg
4,004001.jpg
3,004002.jpg
3,004003.jpg
1,004004.jpg
2,004005.jpg
5,004006.jpg
1,004007.jpg
9,004008.jpg
2,004009.jpg
7,004010.jpg
9,004011.jpg
0,004012.jpg
7,004013.jpg
5,004014.jpg
6,004015.jpg
4,004016.jpg
3,004017.jpg
5,004018.jpg
8,004019.jpg
2,004020.jpg
7,004021.jpg
9,004022.jpg
6,004023.jpg
4,004024.jpg
3,004025.jpg
4,004026.jpg
6,004027.jpg
6,004028.jpg
3,004029.jpg
2,004030.jpg
6,004031.jpg
2,004032.jpg
6,004033.jpg
6,004034.jpg
9,004035.jpg
8,004036.jpg
4,004037.jpg
6,004038.jpg
9,004039.jpg
1,004040.jpg
3,004041.jpg
7,004042.jpg
5,004043.jpg
1,004044.jpg
8,004045.jpg
6,004046.jpg
1,004047.jpg
0,004048.jpg
1,004049.jpg
7,004050.jpg
6,004051.jpg
0,004052.jpg
1,004053.jpg
9,004054.jpg
3,004055.jpg
1,004056.jpg
0,004057.jpg
8,004058.jpg
3,004059.jpg
3,004060.jpg
0,004061.jpg
8,004062.jpg
9,004063.jpg
2,004064.jpg
1,004065.jpg
1,004066.jpg
2,004067.jpg
8,004068.jpg
2,004069.jpg
5,004070.jpg
9,004071.jpg
8,004072.jpg
5,004073.jpg
5,004074.jpg
4,004075.jpg
8,004076.jpg
7,004077.jpg
6,004078.jpg
8,004079.jpg
1,004080.jpg
7,004081.jpg
1,004082.jpg
4,004083.jpg
2,004084.jpg
0,004085.jpg
5,004086.jpg
4,004087.jpg
5,004088.jpg
4,004089.jpg
5,004090.jpg
4,004091.jpg
3,004092.jpg
1,004093.jpg
6,004094.jpg
6,004095.jpg
8,004096.jpg
7,004097.jpg
5,004098.jpg
3,004099.jpg
1,004100.jpg
0,004101.jpg
8,004102.jpg
1,004103.jpg
8,004104.jpg
7,004105.jpg
1,004106.jpg
9,004107.jpg
1,004108.jpg
9,004109.jpg
1,004110.jpg
7,004111.jpg
7,004112.jpg
3,004113.jpg
3,004114.jpg
1,004115.jpg
3,004116.jpg
0,004117.jpg
3,004118.jpg
8,004119.jpg
7,004120.jpg
7,004121.jpg
7,004122.jpg
5,004123.jpg
1,004124.jpg
0,004125.jpg
7,004126.jpg
9,004127.jpg
3,004128.jpg
0,004129.jpg
5,004130.jpg
6,004131.jpg
7,004132.jpg
5,004133.jpg
0,004134.jpg
3,004135.jpg
8,004136.jpg
8,004137.jpg
0,004138.jpg
8,004139.jpg
5,004140.jpg
9,004141.jpg
7,004142.jpg
5,004143.jpg
3,004144.jpg
9,004145.jpg
7,004146.jpg
2,004147.jpg
9,004148.jpg
3,004149.jpg
6,004150.jpg
1,004151.jpg
4,004152.jpg
5,004153.jpg
7,004154.jpg
5,004155.jpg
1,004156.jpg
6,004157.jpg
6,004158.jpg
1,004159.jpg
9,004160.jpg
1,004161.jpg
3,004162.jpg
1,004163.jpg
8,004164.jpg
3,004165.jpg
4,004166.jpg
7,004167.jpg
2,004168.jpg
2,004169.jpg
4,004170.jpg
6,004171.jpg
1,004172.jpg
7,004173.jpg
7,004174.jpg
8,004175.jpg
6,004176.jpg
0,004177.jpg
8,004178.jpg
6,004179.jpg
7,004180.jpg
5,004181.jpg
9,004182.jpg
7,004183.jpg
8,004184.jpg
3,004185.jpg
1,004186.jpg
9,004187.jpg
3,004188.jpg
4,004189.jpg
8,004190.jpg
8,004191.jpg
3,004192.jpg
5,004193.jpg
5,004194.jpg
8,004195.jpg
4,004196.jpg
4,004197.jpg
7,004198.jpg
5,004199.jpg
8,004200.jpg
5,004201.jpg
3,004202.jpg
7,004203.jpg
5,004204.jpg
7,004205.jpg
5,004206.jpg
8,004207.jpg
6,004208.jpg
9,004209.jpg
0,004210.jpg
1,004211.jpg
9,004212.jpg
2,004213.jpg
7,004214.jpg
8,004215.jpg
2,004216.jpg
7,004217.jpg
1,004218.jpg
6,004219.jpg
6,004220.jpg
3,004221.jpg
1,004222.jpg
5,004223.jpg
0,004224.jpg
6,004225.jpg
0,004226.jpg
1,004227.jpg
2,004228.jpg
8,004229.jpg
6,004230.jpg
7,004231.jpg
6,004232.jpg
4,004233.jpg
0,004234.jpg
9,004235.jpg
4,004236.jpg
7,004237.jpg
0,004238.jpg
2,004239.jpg
0,004240.jpg
8,004241.jpg
1,004242.jpg
2,004243.jpg
2,004244.jpg
3,004245.jpg
4,004246.jpg
4,004247.jpg
5,004248.jpg
9,004249.jpg
1,004250.jpg
6,004251.jpg
4,004252.jpg
4,004253.jpg
4,004254.jpg
3,004255.jpg
5,004256.jpg
6,004257.jpg
8,004258.jpg
7,004259.jpg
8,004260.jpg
0,004261.jpg
1,004262.jpg
9,004263.jpg
4,004264.jpg
4,004265.jpg
1,004266.jpg
1,004267.jpg
5,004268.jpg
9,004269.jpg
8,004270.jpg
5,004271.jpg
4,004272.jpg
7,004273.jpg
0,004274.jpg
1,004275.jpg
7,004276.jpg
8,004277.jpg
2,004278.jpg
4,004279.jpg
4,004280.jpg
9,004281.jpg
5,004282.jpg
0,004283.jpg
1,004284.jpg
5,004285.jpg
9,004286.jpg
2,004287.jpg
2,004288.jpg
1,004289.jpg
6,004290.jpg
2,004291.jpg
4,004292.jpg
2,004293.jpg
6,004294.jpg
2,004295.jpg
7,004296.jpg
5,004297.jpg
7,004298.jpg
5,004299.jpg
1,004300.jpg
1,004301.jpg
5,004302.jpg
5,004303.jpg
9,004304.jpg
1,004305.jpg
9,004306.jpg
2,004307.jpg
8,004308.jpg
9,004309.jpg
2,004310.jpg
5,004311.jpg
3,004312.jpg
8,004313.jpg
4,004314.jpg
5,004315.jpg
2,004316.jpg
2,004317.jpg
8,004318.jpg
7,004319.jpg
3,004320.jpg
6,004321.jpg
0,004322.jpg
2,004323.jpg
1,004324.jpg
0,004325.jpg
9,004326.jpg
2,004327.jpg
4,004328.jpg
7,004329.jpg
0,004330.jpg
6,004331.jpg
6,004332.jpg
3,004333.jpg
5,004334.jpg
8,004335.jpg
1,004336.jpg
6,004337.jpg
6,004338.jpg
5,004339.jpg
0,004340.jpg
4,004341.jpg
4,004342.jpg
4,004343.jpg
9,004344.jpg
1,004345.jpg
7,004346.jpg
9,004347.jpg
8,004348.jpg
1,004349.jpg
1,004350.jpg
6,004351.jpg
7,004352.jpg
6,004353.jpg
8,004354.jpg
2,004355.jpg
9,004356.jpg
3,004357.jpg
5,004358.jpg
7,004359.jpg
6,004360.jpg
9,004361.jpg
1,004362.jpg
0,004363.jpg
8,004364.jpg
3,004365.jpg
1,004366.jpg
2,004367.jpg
7,004368.jpg
5,004369.jpg
4,004370.jpg
9,004371.jpg
4,004372.jpg
9,004373.jpg
8,004374.jpg
2,004375.jpg
8,004376.jpg
9,004377.jpg
7,004378.jpg
7,004379.jpg
0,004380.jpg
5,004381.jpg
6,004382.jpg
2,004383.jpg
4,004384.jpg
9,004385.jpg
5,004386.jpg
8,004387.jpg
0,004388.jpg
0,004389.jpg
0,004390.jpg
2,004391.jpg
1,004392.jpg
9,004393.jpg
8,004394.jpg
7,004395.jpg
2,004396.jpg
9,004397.jpg
6,004398.jpg
1,004399.jpg
5,004400.jpg
3,004401.jpg
4,004402.jpg
9,004403.jpg
6,004404.jpg
2,004405.jpg
5,004406.jpg
0,004407.jpg
8,004408.jpg
4,004409.jpg
5,004410.jpg
8,004411.jpg
7,004412.jpg
4,004413.jpg
2,004414.jpg
2,004415.jpg
6,004416.jpg
8,004417.jpg
4,004418.jpg
9,004419.jpg
4,004420.jpg
2,004421.jpg
6,004422.jpg
1,004423.jpg
0,004424.jpg
1,004425.jpg
1,004426.jpg
9,004427.jpg
0,004428.jpg
8,004429.jpg
6,004430.jpg
1,004431.jpg
7,004432.jpg
7,004433.jpg
1,004434.jpg
3,004435.jpg
8,004436.jpg
9,004437.jpg
3,004438.jpg
9,004439.jpg
5,004440.jpg
3,004441.jpg
9,004442.jpg
2,004443.jpg
3,004444.jpg
2,004445.jpg
5,004446.jpg
5,004447.jpg
9,004448.jpg
4,004449.jpg
2,004450.jpg
6,004451.jpg
8,004452.jpg
5,004453.jpg
7,004454.jpg
0,004455.jpg
2,004456.jpg
7,004457.jpg
5,004458.jpg
5,004459.jpg
4,004460.jpg
0,004461.jpg
2,004462.jpg
3,004463.jpg
6,004464.jpg
4,004465.jpg
2,004466.jpg
4,004467.jpg
6,004468.jpg
8,004469.jpg
5,004470.jpg
9,004471.jpg
8,004472.jpg
6,004473.jpg
2,004474.jpg
9,004475.jpg
7,004476.jpg
3,004477.jpg
6,004478.jpg
7,004479.jpg
2,004480.jpg
3,004481.jpg
1,004482.jpg
6,004483.jpg
8,004484.jpg
9,004485.jpg
2,004486.jpg
2,004487.jpg
7,004488.jpg
4,004489.jpg
9,004490.jpg
2,004491.jpg
0,004492.jpg
3,004493.jpg
2,004494.jpg
8,004495.jpg
5,004496.jpg
6,004497.jpg
2,004498.jpg
0,004499.jpg
2,004500.jpg
4,004501.jpg
5,004502.jpg
5,004503.jpg
3,004504.jpg
4,004505.jpg
6,004506.jpg
0,004507.jpg
7,004508.jpg
2,004509.jpg
4,004510.jpg
0,004511.jpg
7,004512.jpg
2,004513.jpg
4,004514.jpg
6,004515.jpg
8,004516.jpg
6,004517.jpg
9,004518.jpg
8,004519.jpg
8,004520.jpg
8,004521.jpg
2,004522.jpg
9,004523.jpg
2,004524.jpg
3,004525.jpg
9,004526.jpg
4,004527.jpg
9,004528.jpg
5,004529.jpg
8,004530.jpg
6,004531.jpg
8,004532.jpg
9,004533.jpg
1,004534.jpg
3,004535.jpg
8,004536.jpg
5,004537.jpg
4,004538.jpg
8,004539.jpg
1,004540.jpg
8,004541.jpg
9,004542.jpg
6,004543.jpg
0,004544.jpg
4,004545.jpg
0,004546.jpg
1,004547.jpg
1,004548.jpg
7,004549.jpg
2,004550.jpg
7,004551.jpg
5,004552.jpg
1,004553.jpg
4,004554.jpg
3,004555.jpg
2,004556.jpg
5,004557.jpg
0,004558.jpg
9,004559.jpg
9,004560.jpg
7,004561.jpg
9,004562.jpg
4,004563.jpg
5,004564.jpg
3,004565.jpg
7,004566.jpg
1,004567.jpg
4,004568.jpg
2,004569.jpg
4,004570.jpg
7,004571.jpg
7,004572.jpg
8,004573.jpg
4,004574.jpg
0,004575.jpg
3,004576.jpg
1,004577.jpg
9,004578.jpg
5,004579.jpg
5,004580.jpg
0,004581.jpg
6,004582.jpg
2,004583.jpg
7,004584.jpg
0,004585.jpg
9,004586.jpg
4,004587.jpg
7,004588.jpg
4,004589.jpg
3,004590.jpg
8,004591.jpg
8,004592.jpg
7,004593.jpg
5,004594.jpg
4,004595.jpg
8,004596.jpg
7,004597.jpg
6,004598.jpg
2,004599.jpg
5,004600.jpg
5,004601.jpg
5,004602.jpg
1,004603.jpg
5,004604.jpg
9,004605.jpg
7,004606.jpg
1,004607.jpg
9,004608.jpg
1,004609.jpg
2,004610.jpg
0,004611.jpg
9,004612.jpg
7,004613.jpg
8,004614.jpg
6,004615.jpg
9,004616.jpg
1,004617.jpg
2,004618.jpg
3,004619.jpg
8,004620.jpg
0,004621.jpg
8,004622.jpg
8,004623.jpg
6,004624.jpg
5,004625.jpg
7,004626.jpg
7,004627.jpg
4,004628.jpg
1,004629.jpg
8,004630.jpg
8,004631.jpg
1,004632.jpg
7,004633.jpg
0,004634.jpg
3,004635.jpg
3,004636.jpg
3,004637.jpg
6,004638.jpg
3,004639.jpg
2,004640.jpg
4,004641.jpg
1,004642.jpg
9,004643.jpg
9,004644.jpg
1,004645.jpg
3,004646.jpg
5,004647.jpg
0,004648.jpg
2,004649.jpg
7,004650.jpg
2,004651.jpg
3,004652.jpg
7,004653.jpg
1,004654.jpg
2,004655.jpg
9,004656.jpg
2,004657.jpg
1,004658.jpg
4,004659.jpg
3,004660.jpg
9,004661.jpg
6,004662.jpg
1,004663.jpg
1,004664.jpg
9,004665.jpg
9,004666.jpg
9,004667.jpg
4,004668.jpg
1,004669.jpg
1,004670.jpg
3,004671.jpg
9,004672.jpg
8,004673.jpg
1,004674.jpg
5,004675.jpg
2,004676.jpg
2,004677.jpg
2,004678.jpg
8,004679.jpg
0,004680.jpg
0,004681.jpg
1,004682.jpg
8,004683.jpg
0,004684.jpg
0,004685.jpg
7,004686.jpg
1,004687.jpg
5,004688.jpg
8,004689.jpg
4,004690.jpg
0,004691.jpg
8,004692.jpg
2,004693.jpg
5,004694.jpg
0,004695.jpg
6,004696.jpg
1,004697.jpg
3,004698.jpg
6,004699.jpg
4,004700.jpg
5,004701.jpg
6,004702.jpg
0,004703.jpg
0,004704.jpg
8,004705.jpg
3,004706.jpg
5,004707.jpg
7,004708.jpg
4,004709.jpg
6,004710.jpg
9,004711.jpg
0,004712.jpg
9,004713.jpg
8,004714.jpg
6,004715.jpg
8,004716.jpg
1,004717.jpg
0,004718.jpg
3,004719.jpg
2,004720.jpg
7,004721.jpg
8,004722.jpg
7,004723.jpg
0,004724.jpg
7,004725.jpg
1,004726.jpg
3,004727.jpg
8,004728.jpg
9,004729.jpg
3,004730.jpg
1,004731.jpg
2,004732.jpg
3,004733.jpg
8,004734.jpg
5,004735.jpg
2,004736.jpg
5,004737.jpg
4,004738.jpg
3,004739.jpg
3,004740.jpg
9,004741.jpg
6,004742.jpg
0,004743.jpg
2,004744.jpg
4,004745.jpg
9,004746.jpg
3,004747.jpg
5,004748.jpg
9,004749.jpg
6,004750.jpg
1,004751.jpg
8,004752.jpg
1,004753.jpg
5,004754.jpg
8,004755.jpg
7,004756.jpg
4,004757.jpg
2,004758.jpg
2,004759.jpg
7,004760.jpg
9,004761.jpg
6,004762.jpg
1,004763.jpg
4,004764.jpg
5,004765.jpg
0,004766.jpg
1,004767.jpg
2,004768.jpg
1,004769.jpg
4,004770.jpg
1,004771.jpg
2,004772.jpg
6,004773.jpg
8,004774.jpg
9,004775.jpg
6,004776.jpg
1,004777.jpg
6,004778.jpg
8,004779.jpg
3,004780.jpg
3,004781.jpg
9,004782.jpg
8,004783.jpg
0,004784.jpg
3,004785.jpg
1,004786.jpg
6,004787.jpg
8,004788.jpg
2,004789.jpg
3,004790.jpg
4,004791.jpg
5,004792.jpg
6,004793.jpg
9,004794.jpg
6,004795.jpg
0,004796.jpg
3,004797.jpg
8,004798.jpg
7,004799.jpg
7,004800.jpg
3,004801.jpg
9,004802.jpg
9,004803.jpg
5,004804.jpg
1,004805.jpg
8,004806.jpg
4,004807.jpg
2,004808.jpg
9,004809.jpg
3,004810.jpg
3,004811.jpg
5,004812.jpg
3,004813.jpg
6,004814.jpg
5,004815.jpg
8,004816.jpg
0,004817.jpg
0,004818.jpg
7,004819.jpg
8,004820.jpg
0,004821.jpg
2,004822.jpg
2,004823.jpg
5,004824.jpg
5,004825.jpg
7,004826.jpg
9,004827.jpg
4,004828.jpg
8,004829.jpg
3,004830.jpg
2,004831.jpg
9,004832.jpg
3,004833.jpg
8,004834.jpg
0,004835.jpg
4,004836.jpg
7,004837.jpg
8,004838.jpg
0,004839.jpg
9,004840.jpg
4,004841.jpg
5,004842.jpg
7,004843.jpg
9,004844.jpg
3,004845.jpg
4,004846.jpg
0,004847.jpg
6,004848.jpg
3,004849.jpg
1,004850.jpg
2,004851.jpg
9,004852.jpg
0,004853.jpg
9,004854.jpg
1,004855.jpg
5,004856.jpg
7,004857.jpg
4,004858.jpg
6,004859.jpg
7,004860.jpg
5,004861.jpg
0,004862.jpg
8,004863.jpg
1,004864.jpg
4,004865.jpg
4,004866.jpg
3,004867.jpg
0,004868.jpg
8,004869.jpg
5,004870.jpg
0,004871.jpg
1,004872.jpg
5,004873.jpg
7,004874.jpg
1,004875.jpg
7,004876.jpg
7,004877.jpg
4,004878.jpg
0,004879.jpg
2,004880.jpg
1,004881.jpg
6,004882.jpg
9,004883.jpg
0,004884.jpg
9,004885.jpg
8,004886.jpg
7,004887.jpg
2,004888.jpg
0,004889.jpg
5,004890.jpg
4,004891.jpg
6,004892.jpg
6,004893.jpg
1,004894.jpg
3,004895.jpg
5,004896.jpg
9,004897.jpg
4,004898.jpg
7,004899.jpg
9,004900.jpg
7,004901.jpg
8,004902.jpg
6,004903.jpg
1,004904.jpg
1,004905.jpg
3,004906.jpg
2,004907.jpg
2,004908.jpg
3,004909.jpg
8,004910.jpg
8,004911.jpg
1,004912.jpg
4,004913.jpg
9,004914.jpg
3,004915.jpg
3,004916.jpg
8,004917.jpg
9,004918.jpg
7,004919.jpg
3,004920.jpg
4,004921.jpg
6,004922.jpg
9,004923.jpg
4,004924.jpg
7,004925.jpg
9,004926.jpg
2,004927.jpg
1,004928.jpg
4,004929.jpg
6,004930.jpg
5,004931.jpg
0,004932.jpg
3,004933.jpg
8,004934.jpg
6,004935.jpg
1,004936.jpg
9,004937.jpg
2,004938.jpg
1,004939.jpg
1,004940.jpg
5,004941.jpg
9,004942.jpg
8,004943.jpg
6,004944.jpg
9,004945.jpg
0,004946.jpg
0,004947.jpg
4,004948.jpg
9,004949.jpg
4,004950.jpg
1,004951.jpg
6,004952.jpg
9,004953.jpg
5,004954.jpg
3,004955.jpg
8,004956.jpg
0,004957.jpg
5,004958.jpg
2,004959.jpg
0,004960.jpg
5,004961.jpg
1,004962.jpg
7,004963.jpg
3,004964.jpg
6,004965.jpg
2,004966.jpg
2,004967.jpg
9,004968.jpg
9,004969.jpg
5,004970.jpg
0,004971.jpg
7,004972.jpg
4,004973.jpg
9,004974.jpg
6,004975.jpg
5,004976.jpg
7,004977.jpg
3,004978.jpg
1,004979.jpg
1,004980.jpg
8,004981.jpg
1,004982.jpg
1,004983.jpg
2,004984.jpg
2,004985.jpg
9,004986.jpg
1,004987.jpg
2,004988.jpg
8,004989.jpg
9,004990.jpg
6,004991.jpg
1,004992.jpg
9,004993.jpg
6,004994.jpg
7,004995.jpg
6,004996.jpg
5,004997.jpg
8,004998.jpg
3,004999.jpg
4,005000.jpg
0,005001.jpg
7,005002.jpg
9,005003.jpg
9,005004.jpg
9,005005.jpg
4,005006.jpg
4,005007.jpg
3,005008.jpg
4,005009.jpg
0,005010.jpg
1,005011.jpg
8,005012.jpg
6,005013.jpg
3,005014.jpg
6,005015.jpg
4,005016.jpg
3,005017.jpg
2,005018.jpg
8,005019.jpg
7,005020.jpg
3,005021.jpg
4,005022.jpg
7,005023.jpg
1,005024.jpg
3,005025.jpg
4,005026.jpg
2,005027.jpg
0,005028.jpg
8,005029.jpg
5,005030.jpg
5,005031.jpg
9,005032.jpg
1,005033.jpg
5,005034.jpg
3,005035.jpg
5,005036.jpg
9,005037.jpg
0,005038.jpg
3,005039.jpg
9,005040.jpg
6,005041.jpg
4,005042.jpg
2,005043.jpg
9,005044.jpg
0,005045.jpg
8,005046.jpg
3,005047.jpg
3,005048.jpg
2,005049.jpg
2,005050.jpg
0,005051.jpg
8,005052.jpg
3,005053.jpg
6,005054.jpg
6,005055.jpg
1,005056.jpg
9,005057.jpg
1,005058.jpg
0,005059.jpg
3,005060.jpg
1,005061.jpg
7,005062.jpg
8,005063.jpg
9,005064.jpg
5,005065.jpg
4,005066.jpg
5,005067.jpg
6,005068.jpg
3,005069.jpg
0,005070.jpg
7,005071.jpg
9,005072.jpg
8,005073.jpg
0,005074.jpg
3,005075.jpg
2,005076.jpg
6,005077.jpg
2,005078.jpg
5,005079.jpg
8,005080.jpg
2,005081.jpg
3,005082.jpg
9,005083.jpg
5,005084.jpg
2,005085.jpg
8,005086.jpg
1,005087.jpg
3,005088.jpg
7,005089.jpg
1,005090.jpg
7,005091.jpg
5,005092.jpg
5,005093.jpg
0,005094.jpg
1,005095.jpg
5,005096.jpg
1,005097.jpg
8,005098.jpg
0,005099.jpg
2,005100.jpg
7,005101.jpg
1,005102.jpg
7,005103.jpg
8,005104.jpg
3,005105.jpg
4,005106.jpg
1,005107.jpg
3,005108.jpg
8,005109.jpg
2,005110.jpg
2,005111.jpg
5,005112.jpg
1,005113.jpg
0,005114.jpg
9,005115.jpg
2,005116.jpg
8,005117.jpg
6,005118.jpg
0,005119.jpg
3,005120.jpg
3,005121.jpg
9,005122.jpg
6,005123.jpg
5,005124.jpg
3,005125.jpg
7,005126.jpg
3,005127.jpg
8,005128.jpg
9,005129.jpg
2,005130.jpg
9,005131.jpg
4,005132.jpg
8,005133.jpg
5,005134.jpg
6,005135.jpg
2,005136.jpg
0,005137.jpg
0,005138.jpg
2,005139.jpg
6,005140.jpg
0,005141.jpg
7,005142.jpg
5,005143.jpg
6,005144.jpg
8,005145.jpg
6,005146.jpg
6,005147.jpg
3,005148.jpg
3,005149.jpg
2,005150.jpg
2,005151.jpg
6,005152.jpg
2,005153.jpg
6,005154.jpg
9,005155.jpg
3,005156.jpg
5,005157.jpg
2,005158.jpg
4,005159.jpg
8,005160.jpg
2,005161.jpg
1,005162.jpg
1,005163.jpg
8,005164.jpg
6,005165.jpg
5,005166.jpg
6,005167.jpg
9,005168.jpg
9,005169.jpg
6,005170.jpg
4,005171.jpg
3,005172.jpg
1,005173.jpg
3,005174.jpg
0,005175.jpg
6,005176.jpg
9,005177.jpg
0,005178.jpg
3,005179.jpg
5,005180.jpg
9,005181.jpg
2,005182.jpg
7,005183.jpg
7,005184.jpg
2,005185.jpg
8,005186.jpg
3,005187.jpg
1,005188.jpg
6,005189.jpg
1,005190.jpg
8,005191.jpg
1,005192.jpg
3,005193.jpg
2,005194.jpg
4,005195.jpg
0,005196.jpg
7,005197.jpg
9,005198.jpg
3,005199.jpg
0,005200.jpg
8,005201.jpg
0,005202.jpg
4,005203.jpg
1,005204.jpg
5,005205.jpg
2,005206.jpg
8,005207.jpg
8,005208.jpg
5,005209.jpg
3,005210.jpg
4,005211.jpg
3,005212.jpg
5,005213.jpg
2,005214.jpg
2,005215.jpg
8,005216.jpg
1,005217.jpg
9,005218.jpg
6,005219.jpg
7,005220.jpg
1,005221.jpg
6,005222.jpg
9,005223.jpg
7,005224.jpg
7,005225.jpg
4,005226.jpg
6,005227.jpg
5,005228.jpg
6,005229.jpg
2,005230.jpg
5,005231.jpg
5,005232.jpg
8,005233.jpg
7,005234.jpg
0,005235.jpg
1,005236.jpg
9,005237.jpg
7,005238.jpg
5,005239.jpg
8,005240.jpg
9,005241.jpg
9,005242.jpg
4,005243.jpg
6,005244.jpg
6,005245.jpg
5,005246.jpg
0,005247.jpg
8,005248.jpg
9,005249.jpg
4,005250.jpg
4,005251.jpg
3,005252.jpg
5,005253.jpg
0,005254.jpg
4,005255.jpg
9,005256.jpg
4,005257.jpg
8,005258.jpg
3,005259.jpg
8,005260.jpg
7,005261.jpg
6,005262.jpg
2,005263.jpg
9,005264.jpg
0,005265.jpg
0,005266.jpg
3,005267.jpg
0,005268.jpg
8,005269.jpg
4,005270.jpg
5,005271.jpg
0,005272.jpg
1,005273.jpg
9,005274.jpg
3,005275.jpg
7,005276.jpg
3,005277.jpg
9,005278.jpg
1,005279.jpg
3,005280.jpg
4,005281.jpg
7,005282.jpg
4,005283.jpg
6,005284.jpg
8,005285.jpg
9,005286.jpg
8,005287.jpg
7,005288.jpg
4,005289.jpg
0,005290.jpg
6,005291.jpg
7,005292.jpg
7,005293.jpg
4,005294.jpg
2,005295.jpg
8,005296.jpg
2,005297.jpg
0,005298.jpg
4,005299.jpg
3,005300.jpg
6,005301.jpg
7,005302.jpg
5,005303.jpg
7,005304.jpg
7,005305.jpg
5,005306.jpg
1,005307.jpg
2,005308.jpg
0,005309.jpg
7,005310.jpg
2,005311.jpg
9,005312.jpg
4,005313.jpg
2,005314.jpg
5,005315.jpg
4,005316.jpg
9,005317.jpg
6,005318.jpg
6,005319.jpg
0,005320.jpg
4,005321.jpg
6,005322.jpg
6,005323.jpg
2,005324.jpg
9,005325.jpg
9,005326.jpg
9,005327.jpg
3,005328.jpg
0,005329.jpg
3,005330.jpg
4,005331.jpg
4,005332.jpg
5,005333.jpg
5,005334.jpg
5,005335.jpg
7,005336.jpg
8,005337.jpg
7,005338.jpg
3,005339.jpg
3,005340.jpg
7,005341.jpg
8,005342.jpg
7,005343.jpg
3,005344.jpg
7,005345.jpg
4,005346.jpg
6,005347.jpg
1,005348.jpg
7,005349.jpg
9,005350.jpg
1,005351.jpg
2,005352.jpg
0,005353.jpg
2,005354.jpg
4,005355.jpg
1,005356.jpg
0,005357.jpg
0,005358.jpg
4,005359.jpg
2,005360.jpg
9,005361.jpg
2,005362.jpg
5,005363.jpg
2,005364.jpg
0,005365.jpg
8,005366.jpg
8,005367.jpg
0,005368.jpg
8,005369.jpg
1,005370.jpg
2,005371.jpg
2,005372.jpg
3,005373.jpg
0,005374.jpg
9,005375.jpg
6,005376.jpg
5,005377.jpg
9,005378.jpg
8,005379.jpg
3,005380.jpg
3,005381.jpg
4,005382.jpg
5,005383.jpg
2,005384.jpg
5,005385.jpg
1,005386.jpg
9,005387.jpg
5,005388.jpg
4,005389.jpg
2,005390.jpg
5,005391.jpg
9,005392.jpg
2,005393.jpg
4,005394.jpg
3,005395.jpg
1,005396.jpg
0,005397.jpg
4,005398.jpg
4,005399.jpg
0,005400.jpg
0,005401.jpg
0,005402.jpg
3,005403.jpg
6,005404.jpg
1,005405.jpg
7,005406.jpg
2,005407.jpg
1,005408.jpg
6,005409.jpg
8,005410.jpg
1,005411.jpg
0,005412.jpg
2,005413.jpg
5,005414.jpg
6,005415.jpg
6,005416.jpg
2,005417.jpg
4,005418.jpg
5,005419.jpg
4,005420.jpg
9,005421.jpg
3,005422.jpg
2,005423.jpg
9,005424.jpg
6,005425.jpg
4,005426.jpg
9,005427.jpg
3,005428.jpg
5,005429.jpg
2,005430.jpg
9,005431.jpg
2,005432.jpg
0,005433.jpg
8,005434.jpg
7,005435.jpg
5,005436.jpg
7,005437.jpg
3,005438.jpg
0,005439.jpg
5,005440.jpg
1,005441.jpg
6,005442.jpg
5,005443.jpg
0,005444.jpg
6,005445.jpg
9,005446.jpg
3,005447.jpg
3,005448.jpg
2,005449.jpg
1,005450.jpg
9,005451.jpg
7,005452.jpg
6,005453.jpg
9,005454.jpg
8,005455.jpg
7,005456.jpg
0,005457.jpg
3,005458.jpg
0,005459.jpg
8,005460.jpg
3,005461.jpg
4,005462.jpg
6,005463.jpg
5,005464.jpg
0,005465.jpg
9,005466.jpg
4,005467.jpg
7,005468.jpg
2,005469.jpg
4,005470.jpg
9,005471.jpg
6,005472.jpg
0,005473.jpg
3,005474.jpg
5,005475.jpg
2,005476.jpg
0,005477.jpg
9,005478.jpg
1,005479.jpg
0,005480.jpg
5,005481.jpg
2,005482.jpg
9,005483.jpg
3,005484.jpg
0,005485.jpg
2,005486.jpg
8,005487.jpg
8,005488.jpg
7,005489.jpg
0,005490.jpg
6,005491.jpg
2,005492.jpg
2,005493.jpg
0,005494.jpg
3,005495.jpg
4,005496.jpg
5,005497.jpg
2,005498.jpg
4,005499.jpg
7,005500.jpg
4,005501.jpg
9,005502.jpg
8,005503.jpg
5,005504.jpg
6,005505.jpg
2,005506.jpg
2,005507.jpg
4,005508.jpg
7,005509.jpg
1,005510.jpg
0,005511.jpg
1,005512.jpg
0,005513.jpg
8,005514.jpg
4,005515.jpg
8,005516.jpg
3,005517.jpg
2,005518.jpg
1,005519.jpg
7,005520.jpg
9,005521.jpg
7,005522.jpg
7,005523.jpg
6,005524.jpg
1,005525.jpg
4,005526.jpg
8,005527.jpg
6,005528.jpg
7,005529.jpg
4,005530.jpg
3,005531.jpg
6,005532.jpg
3,005533.jpg
0,005534.jpg
8,005535.jpg
7,005536.jpg
3,005537.jpg
3,005538.jpg
9,005539.jpg
8,005540.jpg
5,005541.jpg
3,005542.jpg
1,005543.jpg
1,005544.jpg
0,005545.jpg
0,005546.jpg
4,005547.jpg
8,005548.jpg
9,005549.jpg
0,005550.jpg
3,005551.jpg
1,005552.jpg
4,005553.jpg
2,005554.jpg
8,005555.jpg
1,005556.jpg
4,005557.jpg
5,005558.jpg
9,005559.jpg
1,005560.jpg
0,005561.jpg
7,005562.jpg
0,005563.jpg
6,005564.jpg
3,005565.jpg
7,005566.jpg
7,005567.jpg
4,005568.jpg
8,005569.jpg
3,005570.jpg
7,005571.jpg
6,005572.jpg
2,005573.jpg
8,005574.jpg
5,005575.jpg
3,005576.jpg
9,005577.jpg
6,005578.jpg
5,005579.jpg
3,005580.jpg
5,005581.jpg
7,005582.jpg
8,005583.jpg
4,005584.jpg
0,005585.jpg
3,005586.jpg
8,005587.jpg
1,005588.jpg
9,005589.jpg
6,005590.jpg
5,005591.jpg
9,005592.jpg
2,005593.jpg
7,005594.jpg
4,005595.jpg
1,005596.jpg
7,005597.jpg
6,005598.jpg
1,005599.jpg
9,005600.jpg
9,005601.jpg
7,005602.jpg
8,005603.jpg
0,005604.jpg
1,005605.jpg
3,005606.jpg
9,005607.jpg
6,005608.jpg
3,005609.jpg
3,005610.jpg
1,005611.jpg
8,005612.jpg
7,005613.jpg
2,005614.jpg
8,005615.jpg
5,005616.jpg
0,005617.jpg
4,005618.jpg
8,005619.jpg
7,005620.jpg
5,005621.jpg
6,005622.jpg
5,005623.jpg
4,005624.jpg
8,005625.jpg
6,005626.jpg
8,005627.jpg
0,005628.jpg
8,005629.jpg
6,005630.jpg
8,005631.jpg
9,005632.jpg
7,005633.jpg
9,005634.jpg
2,005635.jpg
5,005636.jpg
1,005637.jpg
9,005638.jpg
6,005639.jpg
1,005640.jpg
1,005641.jpg
7,005642.jpg
8,005643.jpg
6,005644.jpg
8,005645.jpg
7,005646.jpg
8,005647.jpg
3,005648.jpg
6,005649.jpg
7,005650.jpg
3,005651.jpg
2,005652.jpg
9,005653.jpg
9,005654.jpg
7,005655.jpg
7,005656.jpg
1,005657.jpg
3,005658.jpg
1,005659.jpg
5,005660.jpg
1,005661.jpg
0,005662.jpg
2,005663.jpg
4,005664.jpg
5,005665.jpg
5,005666.jpg
7,005667.jpg
6,005668.jpg
5,005669.jpg
2,005670.jpg
5,005671.jpg
2,005672.jpg
8,005673.jpg
1,005674.jpg
3,005675.jpg
7,005676.jpg
7,005677.jpg
8,005678.jpg
6,005679.jpg
9,005680.jpg
5,005681.jpg
5,005682.jpg
0,005683.jpg
6,005684.jpg
6,005685.jpg
1,005686.jpg
2,005687.jpg
3,005688.jpg
7,005689.jpg
5,005690.jpg
1,005691.jpg
6,005692.jpg
7,005693.jpg
7,005694.jpg
3,005695.jpg
2,005696.jpg
5,005697.jpg
2,005698.jpg
8,005699.jpg
8,005700.jpg
1,005701.jpg
0,005702.jpg
0,005703.jpg
8,005704.jpg
6,005705.jpg
3,005706.jpg
4,005707.jpg
7,005708.jpg
1,005709.jpg
9,005710.jpg
5,005711.jpg
6,005712.jpg
7,005713.jpg
6,005714.jpg
2,005715.jpg
2,005716.jpg
2,005717.jpg
7,005718.jpg
8,005719.jpg
9,005720.jpg
7,005721.jpg
1,005722.jpg
1,005723.jpg
1,005724.jpg
4,005725.jpg
0,005726.jpg
7,005727.jpg
0,005728.jpg
7,005729.jpg
5,005730.jpg
9,005731.jpg
6,005732.jpg
0,005733.jpg
9,005734.jpg
4,005735.jpg
2,005736.jpg
0,005737.jpg
4,005738.jpg
6,005739.jpg
2,005740.jpg
7,005741.jpg
4,005742.jpg
0,005743.jpg
7,005744.jpg
0,005745.jpg
7,005746.jpg
4,005747.jpg
6,005748.jpg
5,005749.jpg
8,005750.jpg
0,005751.jpg
5,005752.jpg
3,005753.jpg
9,005754.jpg
4,005755.jpg
7,005756.jpg
4,005757.jpg
0,005758.jpg
4,005759.jpg
7,005760.jpg
3,005761.jpg
1,005762.jpg
8,005763.jpg
6,005764.jpg
2,005765.jpg
5,005766.jpg
6,005767.jpg
3,005768.jpg
3,005769.jpg
2,005770.jpg
5,005771.jpg
4,005772.jpg
2,005773.jpg
0,005774.jpg
4,005775.jpg
8,005776.jpg
8,005777.jpg
7,005778.jpg
6,005779.jpg
8,005780.jpg
5,005781.jpg
7,005782.jpg
4,005783.jpg
3,005784.jpg
0,005785.jpg
7,005786.jpg
9,005787.jpg
4,005788.jpg
5,005789.jpg
6,005790.jpg
6,005791.jpg
0,005792.jpg
3,005793.jpg
8,005794.jpg
6,005795.jpg
5,005796.jpg
4,005797.jpg
6,005798.jpg
8,005799.jpg
7,005800.jpg
1,005801.jpg
0,005802.jpg
0,005803.jpg
6,005804.jpg
7,005805.jpg
2,005806.jpg
1,005807.jpg
4,005808.jpg
3,005809.jpg
7,005810.jpg
9,005811.jpg
0,005812.jpg
1,005813.jpg
5,005814.jpg
2,005815.jpg
5,005816.jpg
3,005817.jpg
3,005818.jpg
5,005819.jpg
5,005820.jpg
0,005821.jpg
1,005822.jpg
7,005823.jpg
9,005824.jpg
7,005825.jpg
5,005826.jpg
2,005827.jpg
1,005828.jpg
6,005829.jpg
1,005830.jpg
1,005831.jpg
4,005832.jpg
6,005833.jpg
9,005834.jpg
6,005835.jpg
6,005836.jpg
2,005837.jpg
0,005838.jpg
8,005839.jpg
4,005840.jpg
3,005841.jpg
2,005842.jpg
2,005843.jpg
9,005844.jpg
3,005845.jpg
7,005846.jpg
7,005847.jpg
7,005848.jpg
8,005849.jpg
1,005850.jpg
3,005851.jpg
9,005852.jpg
6,005853.jpg
4,005854.jpg
9,005855.jpg
9,005856.jpg
7,005857.jpg
5,005858.jpg
7,005859.jpg
5,005860.jpg
6,005861.jpg
9,005862.jpg
0,005863.jpg
2,005864.jpg
3,005865.jpg
8,005866.jpg
9,005867.jpg
3,005868.jpg
3,005869.jpg
0,005870.jpg
2,005871.jpg
2,005872.jpg
5,005873.jpg
3,005874.jpg
2,005875.jpg
4,005876.jpg
3,005877.jpg
3,005878.jpg
4,005879.jpg
7,005880.jpg
5,005881.jpg
9,005882.jpg
4,005883.jpg
5,005884.jpg
7,005885.jpg
0,005886.jpg
8,005887.jpg
3,005888.jpg
0,005889.jpg
1,005890.jpg
9,005891.jpg
3,005892.jpg
8,005893.jpg
0,005894.jpg
2,005895.jpg
9,005896.jpg
5,005897.jpg
5,005898.jpg
9,005899.jpg
8,005900.jpg
1,005901.jpg
4,005902.jpg
7,005903.jpg
1,005904.jpg
5,005905.jpg
3,005906.jpg
9,005907.jpg
6,005908.jpg
1,005909.jpg
3,005910.jpg
2,005911.jpg
3,005912.jpg
4,005913.jpg
0,005914.jpg
7,005915.jpg
5,005916.jpg
2,005917.jpg
0,005918.jpg
3,005919.jpg
8,005920.jpg
8,005921.jpg
1,005922.jpg
3,005923.jpg
4,005924.jpg
6,005925.jpg
4,005926.jpg
1,005927.jpg
8,005928.jpg
3,005929.jpg
9,005930.jpg
6,005931.jpg
8,005932.jpg
0,005933.jpg
5,005934.jpg
4,005935.jpg
2,005936.jpg
8,005937.jpg
7,005938.jpg
1,005939.jpg
5,005940.jpg
7,005941.jpg
8,005942.jpg
5,005943.jpg
1,005944.jpg
5,005945.jpg
6,005946.jpg
0,005947.jpg
4,005948.jpg
7,005949.jpg
3,005950.jpg
5,005951.jpg
8,005952.jpg
9,005953.jpg
2,005954.jpg
2,005955.jpg
5,005956.jpg
8,005957.jpg
4,005958.jpg
9,005959.jpg
3,005960.jpg
6,005961.jpg
2,005962.jpg
6,005963.jpg
0,005964.jpg
3,005965.jpg
7,005966.jpg
2,005967.jpg
4,005968.jpg
3,005969.jpg
2,005970.jpg
0,005971.jpg
8,005972.jpg
1,005973.jpg
8,005974.jpg
2,005975.jpg
1,005976.jpg
1,005977.jpg
4,005978.jpg
4,005979.jpg
6,005980.jpg
4,005981.jpg
7,005982.jpg
2,005983.jpg
1,005984.jpg
4,005985.jpg
9,005986.jpg
8,005987.jpg
2,005988.jpg
8,005989.jpg
0,005990.jpg
0,005991.jpg
9,005992.jpg
5,005993.jpg
0,005994.jpg
5,005995.jpg
8,005996.jpg
6,005997.jpg
7,005998.jpg
0,005999.jpg
8,006000.jpg
6,006001.jpg
4,006002.jpg
4,006003.jpg
6,006004.jpg
5,006005.jpg
5,006006.jpg
8,006007.jpg
7,006008.jpg
3,006009.jpg
1,006010.jpg
7,006011.jpg
5,006012.jpg
0,006013.jpg
2,006014.jpg
1,006015.jpg
3,006016.jpg
4,006017.jpg
1,006018.jpg
5,006019.jpg
9,006020.jpg
6,006021.jpg
9,006022.jpg
1,006023.jpg
1,006024.jpg
4,006025.jpg
5,006026.jpg
5,006027.jpg
3,006028.jpg
3,006029.jpg
1,006030.jpg
1,006031.jpg
9,006032.jpg
9,006033.jpg
3,006034.jpg
1,006035.jpg
9,006036.jpg
3,006037.jpg
4,006038.jpg
4,006039.jpg
1,006040.jpg
9,006041.jpg
3,006042.jpg
1,006043.jpg
0,006044.jpg
8,006045.jpg
6,006046.jpg
6,006047.jpg
9,006048.jpg
8,006049.jpg
1,006050.jpg
2,006051.jpg
3,006052.jpg
2,006053.jpg
0,006054.jpg
4,006055.jpg
6,006056.jpg
5,006057.jpg
2,006058.jpg
2,006059.jpg
4,006060.jpg
6,006061.jpg
0,006062.jpg
6,006063.jpg
1,006064.jpg
8,006065.jpg
3,006066.jpg
9,006067.jpg
3,006068.jpg
8,006069.jpg
3,006070.jpg
2,006071.jpg
6,006072.jpg
5,006073.jpg
9,006074.jpg
1,006075.jpg
9,006076.jpg
3,006077.jpg
0,006078.jpg
4,006079.jpg
8,006080.jpg
1,006081.jpg
6,006082.jpg
0,006083.jpg
1,006084.jpg
0,006085.jpg
3,006086.jpg
2,006087.jpg
6,006088.jpg
4,006089.jpg
6,006090.jpg
5,006091.jpg
8,006092.jpg
2,006093.jpg
3,006094.jpg
6,006095.jpg
4,006096.jpg
7,006097.jpg
7,006098.jpg
8,006099.jpg
8,006100.jpg
8,006101.jpg
1,006102.jpg
3,006103.jpg
9,006104.jpg
5,006105.jpg
0,006106.jpg
1,006107.jpg
3,006108.jpg
1,006109.jpg
6,006110.jpg
2,006111.jpg
8,006112.jpg
7,006113.jpg
2,006114.jpg
9,006115.jpg
8,006116.jpg
8,006117.jpg
8,006118.jpg
9,006119.jpg
6,006120.jpg
8,006121.jpg
9,006122.jpg
1,006123.jpg
4,006124.jpg
8,006125.jpg
6,006126.jpg
5,006127.jpg
6,006128.jpg
3,006129.jpg
9,006130.jpg
8,006131.jpg
1,006132.jpg
3,006133.jpg
4,006134.jpg
7,006135.jpg
3,006136.jpg
7,006137.jpg
1,006138.jpg
6,006139.jpg
3,006140.jpg
3,006141.jpg
8,006142.jpg
5,006143.jpg
8,006144.jpg
1,006145.jpg
5,006146.jpg
7,006147.jpg
4,006148.jpg
2,006149.jpg
6,006150.jpg
2,006151.jpg
1,006152.jpg
0,006153.jpg
9,006154.jpg
2,006155.jpg
9,006156.jpg
2,006157.jpg
8,006158.jpg
4,006159.jpg
9,006160.jpg
8,006161.jpg
9,006162.jpg
3,006163.jpg
7,006164.jpg
0,006165.jpg
9,006166.jpg
2,006167.jpg
1,006168.jpg
2,006169.jpg
7,006170.jpg
7,006171.jpg
6,006172.jpg
8,006173.jpg
1,006174.jpg
0,006175.jpg
9,006176.jpg
7,006177.jpg
5,006178.jpg
1,006179.jpg
7,006180.jpg
8,006181.jpg
3,006182.jpg
6,006183.jpg
5,006184.jpg
1,006185.jpg
0,006186.jpg
3,006187.jpg
0,006188.jpg
3,006189.jpg
1,006190.jpg
0,006191.jpg
2,006192.jpg
1,006193.jpg
2,006194.jpg
1,006195.jpg
1,006196.jpg
2,006197.jpg
9,006198.jpg
8,006199.jpg
1,006200.jpg
1,006201.jpg
0,006202.jpg
6,006203.jpg
3,006204.jpg
4,006205.jpg
3,006206.jpg
0,006207.jpg
5,006208.jpg
5,006209.jpg
1,006210.jpg
6,006211.jpg
5,006212.jpg
1,006213.jpg
8,006214.jpg
6,006215.jpg
5,006216.jpg
0,006217.jpg
6,006218.jpg
6,006219.jpg
8,006220.jpg
6,006221.jpg
7,006222.jpg
0,006223.jpg
8,006224.jpg
2,006225.jpg
9,006226.jpg
3,006227.jpg
7,006228.jpg
3,006229.jpg
4,006230.jpg
2,006231.jpg
5,006232.jpg
7,006233.jpg
6,006234.jpg
2,006235.jpg
1,006236.jpg
7,006237.jpg
1,006238.jpg
0,006239.jpg
3,006240.jpg
8,006241.jpg
4,006242.jpg
1,006243.jpg
0,006244.jpg
5,006245.jpg
6,006246.jpg
9,006247.jpg
4,006248.jpg
5,006249.jpg
5,006250.jpg
0,006251.jpg
4,006252.jpg
0,006253.jpg
1,006254.jpg
3,006255.jpg
3,006256.jpg
1,006257.jpg
3,006258.jpg
4,006259.jpg
9,006260.jpg
4,006261.jpg
5,006262.jpg
3,006263.jpg
8,006264.jpg
8,006265.jpg
4,006266.jpg
2,006267.jpg
2,006268.jpg
8,006269.jpg
4,006270.jpg
2,006271.jpg
8,006272.jpg
5,006273.jpg
7,006274.jpg
6,006275.jpg
8,006276.jpg
2,006277.jpg
9,006278.jpg
7,006279.jpg
2,006280.jpg
6,006281.jpg
3,006282.jpg
2,006283.jpg
0,006284.jpg
5,006285.jpg
5,006286.jpg
1,006287.jpg
4,006288.jpg
8,006289.jpg
0,006290.jpg
6,006291.jpg
7,006292.jpg
2,006293.jpg
7,006294.jpg
3,006295.jpg
1,006296.jpg
1,006297.jpg
0,006298.jpg
4,006299.jpg
4,006300.jpg
2,006301.jpg
6,006302.jpg
3,006303.jpg
8,006304.jpg
3,006305.jpg
6,006306.jpg
3,006307.jpg
3,006308.jpg
0,006309.jpg
0,006310.jpg
0,006311.jpg
3,006312.jpg
5,006313.jpg
7,006314.jpg
2,006315.jpg
0,006316.jpg
8,006317.jpg
1,006318.jpg
7,006319.jpg
9,006320.jpg
2,006321.jpg
0,006322.jpg
2,006323.jpg
5,006324.jpg
1,006325.jpg
1,006326.jpg
4,006327.jpg
3,006328.jpg
7,006329.jpg
1,006330.jpg
7,006331.jpg
7,006332.jpg
5,006333.jpg
7,006334.jpg
3,006335.jpg
9,006336.jpg
3,006337.jpg
7,006338.jpg
9,006339.jpg
7,006340.jpg
7,006341.jpg
4,006342.jpg
0,006343.jpg
8,006344.jpg
8,006345.jpg
1,006346.jpg
1,006347.jpg
8,006348.jpg
4,006349.jpg
2,006350.jpg
2,006351.jpg
7,006352.jpg
1,006353.jpg
2,006354.jpg
6,006355.jpg
7,006356.jpg
2,006357.jpg
8,006358.jpg
4,006359.jpg
4,006360.jpg
0,006361.jpg
4,006362.jpg
3,006363.jpg
3,006364.jpg
9,006365.jpg
0,006366.jpg
8,006367.jpg
2,006368.jpg
3,006369.jpg
8,006370.jpg
3,006371.jpg
7,006372.jpg
0,006373.jpg
7,006374.jpg
3,006375.jpg
0,006376.jpg
6,006377.jpg
6,006378.jpg
9,006379.jpg
9,006380.jpg
2,006381.jpg
6,006382.jpg
5,006383.jpg
3,006384.jpg
6,006385.jpg
7,006386.jpg
1,006387.jpg
9,006388.jpg
8,006389.jpg
0,006390.jpg
8,006391.jpg
6,006392.jpg
8,006393.jpg
7,006394.jpg
0,006395.jpg
2,006396.jpg
1,006397.jpg
0,006398.jpg
5,006399.jpg
0,006400.jpg
4,006401.jpg
6,006402.jpg
8,006403.jpg
2,006404.jpg
7,006405.jpg
2,006406.jpg
9,006407.jpg
7,006408.jpg
9,006409.jpg
0,006410.jpg
8,006411.jpg
5,006412.jpg
3,006413.jpg
6,006414.jpg
6,006415.jpg
5,006416.jpg
0,006417.jpg
5,006418.jpg
0,006419.jpg
6,006420.jpg
0,006421.jpg
9,006422.jpg
6,006423.jpg
1,006424.jpg
1,006425.jpg
3,006426.jpg
2,006427.jpg
3,006428.jpg
4,006429.jpg
7,006430.jpg
2,006431.jpg
8,006432.jpg
3,006433.jpg
0,006434.jpg
2,006435.jpg
3,006436.jpg
6,006437.jpg
5,006438.jpg
6,006439.jpg
9,006440.jpg
9,006441.jpg
5,006442.jpg
7,006443.jpg
3,006444.jpg
4,006445.jpg
0,006446.jpg
3,006447.jpg
1,006448.jpg
6,006449.jpg
8,006450.jpg
2,006451.jpg
3,006452.jpg
8,006453.jpg
9,006454.jpg
9,006455.jpg
8,006456.jpg
5,006457.jpg
4,006458.jpg
5,006459.jpg
3,006460.jpg
0,006461.jpg
7,006462.jpg
5,006463.jpg
2,006464.jpg
3,006465.jpg
6,006466.jpg
8,006467.jpg
1,006468.jpg
8,006469.jpg
0,006470.jpg
6,006471.jpg
6,006472.jpg
0,006473.jpg
6,006474.jpg
2,006475.jpg
3,006476.jpg
8,006477.jpg
8,006478.jpg
7,006479.jpg
6,006480.jpg
2,006481.jpg
0,006482.jpg
4,006483.jpg
9,006484.jpg
9,006485.jpg
2,006486.jpg
5,006487.jpg
0,006488.jpg
8,006489.jpg
4,006490.jpg
4,006491.jpg
6,006492.jpg
2,006493.jpg
2,006494.jpg
5,006495.jpg
6,006496.jpg
1,006497.jpg
4,006498.jpg
3,006499.jpg
7,006500.jpg
1,006501.jpg
0,006502.jpg
7,006503.jpg
1,006504.jpg
9,006505.jpg
3,006506.jpg
5,006507.jpg
6,006508.jpg
8,006509.jpg
7,006510.jpg
9,006511.jpg
8,006512.jpg
3,006513.jpg
5,006514.jpg
2,006515.jpg
5,006516.jpg
5,006517.jpg
2,006518.jpg
9,006519.jpg
1,006520.jpg
1,006521.jpg
9,006522.jpg
7,006523.jpg
3,006524.jpg
5,006525.jpg
6,006526.jpg
0,006527.jpg
9,006528.jpg
2,006529.jpg
0,006530.jpg
5,006531.jpg
5,006532.jpg
2,006533.jpg
8,006534.jpg
6,006535.jpg
3,006536.jpg
3,006537.jpg
8,006538.jpg
3,006539.jpg
8,006540.jpg
4,006541.jpg
7,006542.jpg
7,006543.jpg
0,006544.jpg
8,006545.jpg
2,006546.jpg
4,006547.jpg
9,006548.jpg
1,006549.jpg
1,006550.jpg
2,006551.jpg
1,006552.jpg
5,006553.jpg
5,006554.jpg
6,006555.jpg
7,006556.jpg
7,006557.jpg
3,006558.jpg
4,006559.jpg
4,006560.jpg
8,006561.jpg
8,006562.jpg
0,006563.jpg
8,006564.jpg
8,006565.jpg
7,006566.jpg
8,006567.jpg
9,006568.jpg
4,006569.jpg
1,006570.jpg
4,006571.jpg
0,006572.jpg
9,006573.jpg
0,006574.jpg
3,006575.jpg
0,006576.jpg
3,006577.jpg
4,006578.jpg
5,006579.jpg
1,006580.jpg
7,006581.jpg
5,006582.jpg
5,006583.jpg
3,006584.jpg
9,006585.jpg
1,006586.jpg
5,006587.jpg
1,006588.jpg
3,006589.jpg
4,006590.jpg
5,006591.jpg
0,006592.jpg
4,006593.jpg
4,006594.jpg
0,006595.jpg
2,006596.jpg
4,006597.jpg
2,006598.jpg
5,006599.jpg
1,006600.jpg
8,006601.jpg
0,006602.jpg
6,006603.jpg
4,006604.jpg
5,006605.jpg
1,006606.jpg
7,006607.jpg
1,006608.jpg
7,006609.jpg
9,006610.jpg
4,006611.jpg
9,006612.jpg
0,006613.jpg
1,006614.jpg
4,006615.jpg
8,006616.jpg
1,006617.jpg
9,006618.jpg
4,006619.jpg
2,006620.jpg
6,006621.jpg
6,006622.jpg
0,006623.jpg
2,006624.jpg
6,006625.jpg
9,006626.jpg
7,006627.jpg
7,006628.jpg
9,006629.jpg
4,006630.jpg
8,006631.jpg
6,006632.jpg
5,006633.jpg
8,006634.jpg
9,006635.jpg
5,006636.jpg
9,006637.jpg
6,006638.jpg
0,006639.jpg
3,006640.jpg
5,006641.jpg
1,006642.jpg
6,006643.jpg
1,006644.jpg
2,006645.jpg
2,006646.jpg
7,006647.jpg
7,006648.jpg
3,006649.jpg
4,006650.jpg
5,006651.jpg
9,006652.jpg
0,006653.jpg
2,006654.jpg
6,006655.jpg
4,006656.jpg
6,006657.jpg
2,006658.jpg
9,006659.jpg
0,006660.jpg
5,006661.jpg
2,006662.jpg
0,006663.jpg
6,006664.jpg
4,006665.jpg
1,006666.jpg
9,006667.jpg
1,006668.jpg
7,006669.jpg
6,006670.jpg
5,006671.jpg
2,006672.jpg
1,006673.jpg
6,006674.jpg
1,006675.jpg
7,006676.jpg
9,006677.jpg
0,006678.jpg
2,006679.jpg
5,006680.jpg
5,006681.jpg
8,006682.jpg
8,006683.jpg
3,006684.jpg
9,006685.jpg
0,006686.jpg
1,006687.jpg
2,006688.jpg
8,006689.jpg
7,006690.jpg
1,006691.jpg
9,006692.jpg
1,006693.jpg
7,006694.jpg
3,006695.jpg
8,006696.jpg
9,006697.jpg
7,006698.jpg
5,006699.jpg
9,006700.jpg
6,006701.jpg
6,006702.jpg
3,006703.jpg
3,006704.jpg
9,006705.jpg
6,006706.jpg
5,006707.jpg
9,006708.jpg
2,006709.jpg
4,006710.jpg
3,006711.jpg
8,006712.jpg
6,006713.jpg
8,006714.jpg
9,006715.jpg
8,006716.jpg
0,006717.jpg
2,006718.jpg
8,006719.jpg
9,006720.jpg
6,006721.jpg
2,006722.jpg
4,006723.jpg
3,006724.jpg
2,006725.jpg
9,006726.jpg
5,006727.jpg
0,006728.jpg
9,006729.jpg
2,006730.jpg
5,006731.jpg
0,006732.jpg
0,006733.jpg
1,006734.jpg
5,006735.jpg
3,006736.jpg
0,006737.jpg
7,006738.jpg
4,006739.jpg
9,006740.jpg
6,006741.jpg
3,006742.jpg
3,006743.jpg
0,006744.jpg
9,006745.jpg
0,006746.jpg
0,006747.jpg
1,006748.jpg
9,006749.jpg
4,006750.jpg
0,006751.jpg
5,006752.jpg
0,006753.jpg
3,006754.jpg
3,006755.jpg
9,006756.jpg
0,006757.jpg
8,006758.jpg
3,006759.jpg
6,006760.jpg
6,006761.jpg
2,006762.jpg
9,006763.jpg
2,006764.jpg
2,006765.jpg
4,006766.jpg
7,006767.jpg
7,006768.jpg
4,006769.jpg
9,006770.jpg
5,006771.jpg
5,006772.jpg
4,006773.jpg
5,006774.jpg
3,006775.jpg
6,006776.jpg
1,006777.jpg
5,006778.jpg
4,006779.jpg
5,006780.jpg
6,006781.jpg
2,006782.jpg
2,006783.jpg
6,006784.jpg
9,006785.jpg
5,006786.jpg
0,006787.jpg
1,006788.jpg
7,006789.jpg
9,006790.jpg
7,006791.jpg
2,006792.jpg
6,006793.jpg
4,006794.jpg
5,006795.jpg
9,006796.jpg
1,006797.jpg
9,006798.jpg
3,006799.jpg
8,006800.jpg
5,006801.jpg
2,006802.jpg
4,006803.jpg
9,006804.jpg
3,006805.jpg
4,006806.jpg
9,006807.jpg
0,006808.jpg
9,006809.jpg
1,006810.jpg
5,006811.jpg
3,006812.jpg
8,006813.jpg
8,006814.jpg
1,006815.jpg
6,006816.jpg
7,006817.jpg
9,006818.jpg
5,006819.jpg
4,006820.jpg
3,006821.jpg
0,006822.jpg
7,006823.jpg
0,006824.jpg
7,006825.jpg
1,006826.jpg
8,006827.jpg
1,006828.jpg
0,006829.jpg
9,006830.jpg
8,006831.jpg
5,006832.jpg
2,006833.jpg
9,006834.jpg
7,006835.jpg
0,006836.jpg
1,006837.jpg
2,006838.jpg
4,006839.jpg
9,006840.jpg
4,006841.jpg
9,006842.jpg
5,006843.jpg
5,006844.jpg
1,006845.jpg
5,006846.jpg
4,006847.jpg
2,006848.jpg
2,006849.jpg
1,006850.jpg
7,006851.jpg
2,006852.jpg
7,006853.jpg
3,006854.jpg
3,006855.jpg
8,006856.jpg
9,006857.jpg
9,006858.jpg
7,006859.jpg
6,006860.jpg
6,006861.jpg
8,006862.jpg
7,006863.jpg
5,006864.jpg
0,006865.jpg
6,006866.jpg
4,006867.jpg
2,006868.jpg
1,006869.jpg
9,006870.jpg
7,006871.jpg
4,006872.jpg
8,006873.jpg
2,006874.jpg
5,006875.jpg
7,006876.jpg
9,006877.jpg
6,006878.jpg
5,006879.jpg
2,006880.jpg
2,006881.jpg
3,006882.jpg
4,006883.jpg
4,006884.jpg
1,006885.jpg
5,006886.jpg
9,006887.jpg
2,006888.jpg
2,006889.jpg
1,006890.jpg
7,006891.jpg
0,006892.jpg
4,006893.jpg
7,006894.jpg
2,006895.jpg
5,006896.jpg
3,006897.jpg
6,006898.jpg
4,006899.jpg
5,006900.jpg
2,006901.jpg
8,006902.jpg
9,006903.jpg
1,006904.jpg
2,006905.jpg
1,006906.jpg
2,006907.jpg
5,006908.jpg
8,006909.jpg
2,006910.jpg
5,006911.jpg
3,006912.jpg
8,006913.jpg
5,006914.jpg
9,006915.jpg
7,006916.jpg
1,006917.jpg
0,006918.jpg
8,006919.jpg
8,006920.jpg
6,006921.jpg
1,006922.jpg
1,006923.jpg
4,006924.jpg
9,006925.jpg
1,006926.jpg
3,006927.jpg
5,006928.jpg
5,006929.jpg
4,006930.jpg
5,006931.jpg
7,006932.jpg
6,006933.jpg
4,006934.jpg
6,006935.jpg
5,006936.jpg
9,006937.jpg
2,006938.jpg
6,006939.jpg
3,006940.jpg
4,006941.jpg
6,006942.jpg
6,006943.jpg
1,006944.jpg
8,006945.jpg
3,006946.jpg
3,006947.jpg
9,006948.jpg
3,006949.jpg
9,006950.jpg
1,006951.jpg
7,006952.jpg
4,006953.jpg
5,006954.jpg
6,006955.jpg
0,006956.jpg
9,006957.jpg
1,006958.jpg
1,006959.jpg
2,006960.jpg
2,006961.jpg
1,006962.jpg
7,006963.jpg
8,006964.jpg
3,006965.jpg
8,006966.jpg
3,006967.jpg
3,006968.jpg
0,006969.jpg
6,006970.jpg
9,006971.jpg
8,006972.jpg
6,006973.jpg
1,006974.jpg
7,006975.jpg
2,006976.jpg
8,006977.jpg
3,006978.jpg
8,006979.jpg
1,006980.jpg
5,006981.jpg
0,006982.jpg
6,006983.jpg
5,006984.jpg
6,006985.jpg
1,006986.jpg
7,006987.jpg
5,006988.jpg
8,006989.jpg
8,006990.jpg
9,006991.jpg
7,006992.jpg
7,006993.jpg
9,006994.jpg
5,006995.jpg
9,006996.jpg
4,006997.jpg
5,006998.jpg
3,006999.jpg
9,007000.jpg
0,007001.jpg
5,007002.jpg
8,007003.jpg
1,007004.jpg
0,007005.jpg
8,007006.jpg
6,007007.jpg
7,007008.jpg
5,007009.jpg
0,007010.jpg
4,007011.jpg
0,007012.jpg
9,007013.jpg
0,007014.jpg
6,007015.jpg
6,007016.jpg
4,007017.jpg
1,007018.jpg
6,007019.jpg
1,007020.jpg
5,007021.jpg
0,007022.jpg
4,007023.jpg
4,007024.jpg
2,007025.jpg
2,007026.jpg
5,007027.jpg
5,007028.jpg
9,007029.jpg
3,007030.jpg
4,007031.jpg
4,007032.jpg
7,007033.jpg
4,007034.jpg
2,007035.jpg
7,007036.jpg
7,007037.jpg
1,007038.jpg
8,007039.jpg
7,007040.jpg
6,007041.jpg
4,007042.jpg
3,007043.jpg
1,007044.jpg
7,007045.jpg
6,007046.jpg
2,007047.jpg
2,007048.jpg
4,007049.jpg
1,007050.jpg
5,007051.jpg
7,007052.jpg
1,007053.jpg
3,007054.jpg
6,007055.jpg
1,007056.jpg
7,007057.jpg
1,007058.jpg
3,007059.jpg
7,007060.jpg
0,007061.jpg
3,007062.jpg
7,007063.jpg
0,007064.jpg
7,007065.jpg
5,007066.jpg
1,007067.jpg
9,007068.jpg
1,007069.jpg
1,007070.jpg
0,007071.jpg
7,007072.jpg
8,007073.jpg
5,007074.jpg
9,007075.jpg
9,007076.jpg
4,007077.jpg
0,007078.jpg
4,007079.jpg
7,007080.jpg
8,007081.jpg
8,007082.jpg
8,007083.jpg
1,007084.jpg
6,007085.jpg
0,007086.jpg
6,007087.jpg
7,007088.jpg
1,007089.jpg
4,007090.jpg
7,007091.jpg
7,007092.jpg
8,007093.jpg
6,007094.jpg
9,007095.jpg
1,007096.jpg
6,007097.jpg
2,007098.jpg
3,007099.jpg
3,007100.jpg
1,007101.jpg
9,007102.jpg
6,007103.jpg
2,007104.jpg
3,007105.jpg
1,007106.jpg
5,007107.jpg
2,007108.jpg
5,007109.jpg
9,007110.jpg
6,007111.jpg
3,007112.jpg
9,007113.jpg
5,007114.jpg
5,007115.jpg
0,007116.jpg
3,007117.jpg
7,007118.jpg
2,007119.jpg
7,007120.jpg
6,007121.jpg
5,007122.jpg
6,007123.jpg
9,007124.jpg
0,007125.jpg
7,007126.jpg
1,007127.jpg
9,007128.jpg
0,007129.jpg
0,007130.jpg
2,007131.jpg
2,007132.jpg
7,007133.jpg
9,007134.jpg
1,007135.jpg
1,007136.jpg
3,007137.jpg
9,007138.jpg
7,007139.jpg
5,007140.jpg
3,007141.jpg
6,007142.jpg
6,007143.jpg
2,007144.jpg
0,007145.jpg
8,007146.jpg
2,007147.jpg
7,007148.jpg
7,007149.jpg
3,007150.jpg
8,007151.jpg
1,007152.jpg
8,007153.jpg
5,007154.jpg
9,007155.jpg
9,007156.jpg
2,007157.jpg
1,007158.jpg
3,007159.jpg
3,007160.jpg
5,007161.jpg
6,007162.jpg
9,007163.jpg
1,007164.jpg
6,007165.jpg
4,007166.jpg
9,007167.jpg
4,007168.jpg
3,007169.jpg
4,007170.jpg
9,007171.jpg
7,007172.jpg
0,007173.jpg
1,007174.jpg
0,007175.jpg
4,007176.jpg
8,007177.jpg
9,007178.jpg
8,007179.jpg
5,007180.jpg
6,007181.jpg
1,007182.jpg
4,007183.jpg
3,007184.jpg
7,007185.jpg
1,007186.jpg
7,007187.jpg
6,007188.jpg
7,007189.jpg
6,007190.jpg
6,007191.jpg
8,007192.jpg
3,007193.jpg
7,007194.jpg
8,007195.jpg
8,007196.jpg
9,007197.jpg
2,007198.jpg
0,007199.jpg
0,007200.jpg
0,007201.jpg
0,007202.jpg
8,007203.jpg
7,007204.jpg
0,007205.jpg
9,007206.jpg
6,007207.jpg
6,007208.jpg
6,007209.jpg
6,007210.jpg
6,007211.jpg
5,007212.jpg
9,007213.jpg
7,007214.jpg
7,007215.jpg
6,007216.jpg
1,007217.jpg
1,007218.jpg
2,007219.jpg
0,007220.jpg
8,007221.jpg
7,007222.jpg
0,007223.jpg
5,007224.jpg
4,007225.jpg
8,007226.jpg
5,007227.jpg
2,007228.jpg
9,007229.jpg
8,007230.jpg
6,007231.jpg
3,007232.jpg
6,007233.jpg
5,007234.jpg
5,007235.jpg
7,007236.jpg
8,007237.jpg
8,007238.jpg
3,007239.jpg
4,007240.jpg
3,007241.jpg
0,007242.jpg
2,007243.jpg
8,007244.jpg
8,007245.jpg
2,007246.jpg
7,007247.jpg
1,007248.jpg
4,007249.jpg
7,007250.jpg
1,007251.jpg
1,007252.jpg
5,007253.jpg
9,007254.jpg
6,007255.jpg
7,007256.jpg
3,007257.jpg
1,007258.jpg
6,007259.jpg
8,007260.jpg
0,007261.jpg
7,007262.jpg
0,007263.jpg
6,007264.jpg
0,007265.jpg
9,007266.jpg
6,007267.jpg
7,007268.jpg
7,007269.jpg
3,007270.jpg
4,007271.jpg
9,007272.jpg
4,007273.jpg
9,007274.jpg
4,007275.jpg
0,007276.jpg
6,007277.jpg
2,007278.jpg
1,007279.jpg
2,007280.jpg
5,007281.jpg
2,007282.jpg
7,007283.jpg
6,007284.jpg
2,007285.jpg
5,007286.jpg
9,007287.jpg
8,007288.jpg
0,007289.jpg
0,007290.jpg
4,007291.jpg
7,007292.jpg
0,007293.jpg
2,007294.jpg
6,007295.jpg
1,007296.jpg
2,007297.jpg
3,007298.jpg
0,007299.jpg
5,007300.jpg
8,007301.jpg
5,007302.jpg
0,007303.jpg
3,007304.jpg
6,007305.jpg
0,007306.jpg
9,007307.jpg
6,007308.jpg
6,007309.jpg
1,007310.jpg
2,007311.jpg
8,007312.jpg
8,007313.jpg
7,007314.jpg
5,007315.jpg
5,007316.jpg
7,007317.jpg
7,007318.jpg
7,007319.jpg
0,007320.jpg
0,007321.jpg
3,007322.jpg
8,007323.jpg
4,007324.jpg
5,007325.jpg
2,007326.jpg
5,007327.jpg
7,007328.jpg
7,007329.jpg
5,007330.jpg
7,007331.jpg
9,007332.jpg
3,007333.jpg
0,007334.jpg
7,007335.jpg
0,007336.jpg
5,007337.jpg
8,007338.jpg
2,007339.jpg
5,007340.jpg
5,007341.jpg
4,007342.jpg
0,007343.jpg
6,007344.jpg
6,007345.jpg
8,007346.jpg
2,007347.jpg
6,007348.jpg
7,007349.jpg
3,007350.jpg
2,007351.jpg
7,007352.jpg
9,007353.jpg
8,007354.jpg
3,007355.jpg
1,007356.jpg
6,007357.jpg
7,007358.jpg
4,007359.jpg
0,007360.jpg
8,007361.jpg
4,007362.jpg
9,007363.jpg
2,007364.jpg
8,007365.jpg
6,007366.jpg
6,007367.jpg
8,007368.jpg
9,007369.jpg
8,007370.jpg
3,007371.jpg
2,007372.jpg
7,007373.jpg
0,007374.jpg
3,007375.jpg
0,007376.jpg
1,007377.jpg
8,007378.jpg
2,007379.jpg
9,007380.jpg
2,007381.jpg
0,007382.jpg
6,007383.jpg
5,007384.jpg
6,007385.jpg
3,007386.jpg
9,007387.jpg
7,007388.jpg
6,007389.jpg
0,007390.jpg
7,007391.jpg
5,007392.jpg
6,007393.jpg
4,007394.jpg
0,007395.jpg
9,007396.jpg
6,007397.jpg
3,007398.jpg
5,007399.jpg
6,007400.jpg
3,007401.jpg
5,007402.jpg
0,007403.jpg
5,007404.jpg
4,007405.jpg
2,007406.jpg
9,007407.jpg
7,007408.jpg
2,007409.jpg
1,007410.jpg
6,007411.jpg
7,007412.jpg
3,007413.jpg
3,007414.jpg
9,007415.jpg
0,007416.jpg
6,007417.jpg
1,007418.jpg
6,007419.jpg
8,007420.jpg
2,007421.jpg
6,007422.jpg
6,007423.jpg
4,007424.jpg
2,007425.jpg
0,007426.jpg
2,007427.jpg
4,007428.jpg
7,007429.jpg
6,007430.jpg
4,007431.jpg
6,007432.jpg
1,007433.jpg
5,007434.jpg
4,007435.jpg
7,007436.jpg
1,007437.jpg
1,007438.jpg
2,007439.jpg
2,007440.jpg
3,007441.jpg
3,007442.jpg
8,007443.jpg
0,007444.jpg
8,007445.jpg
3,007446.jpg
5,007447.jpg
4,007448.jpg
7,007449.jpg
0,007450.jpg
1,007451.jpg
5,007452.jpg
5,007453.jpg
3,007454.jpg
9,007455.jpg
3,007456.jpg
0,007457.jpg
1,007458.jpg
2,007459.jpg
3,007460.jpg
1,007461.jpg
8,007462.jpg
4,007463.jpg
3,007464.jpg
0,007465.jpg
2,007466.jpg
8,007467.jpg
9,007468.jpg
8,007469.jpg
6,007470.jpg
1,007471.jpg
6,007472.jpg
3,007473.jpg
5,007474.jpg
6,007475.jpg
5,007476.jpg
7,007477.jpg
7,007478.jpg
9,007479.jpg
1,007480.jpg
2,007481.jpg
7,007482.jpg
2,007483.jpg
0,007484.jpg
1,007485.jpg
1,007486.jpg
2,007487.jpg
1,007488.jpg
5,007489.jpg
6,007490.jpg
1,007491.jpg
7,007492.jpg
9,007493.jpg
8,007494.jpg
4,007495.jpg
9,007496.jpg
1,007497.jpg
9,007498.jpg
0,007499.jpg
9,007500.jpg
7,007501.jpg
3,007502.jpg
2,007503.jpg
9,007504.jpg
2,007505.jpg
7,007506.jpg
3,007507.jpg
6,007508.jpg
5,007509.jpg
4,007510.jpg
1,007511.jpg
6,007512.jpg
0,007513.jpg
6,007514.jpg
3,007515.jpg
2,007516.jpg
4,007517.jpg
8,007518.jpg
1,007519.jpg
4,007520.jpg
4,007521.jpg
2,007522.jpg
2,007523.jpg
2,007524.jpg
6,007525.jpg
4,007526.jpg
8,007527.jpg
7,007528.jpg
4,007529.jpg
5,007530.jpg
2,007531.jpg
8,007532.jpg
2,007533.jpg
0,007534.jpg
9,007535.jpg
1,007536.jpg
2,007537.jpg
3,007538.jpg
5,007539.jpg
1,007540.jpg
0,007541.jpg
1,007542.jpg
2,007543.jpg
9,007544.jpg
6,007545.jpg
8,007546.jpg
3,007547.jpg
4,007548.jpg
8,007549.jpg
6,007550.jpg
0,007551.jpg
5,007552.jpg
7,007553.jpg
3,007554.jpg
7,007555.jpg
6,007556.jpg
3,007557.jpg
5,007558.jpg
8,007559.jpg
1,007560.jpg
9,007561.jpg
3,007562.jpg
3,007563.jpg
6,007564.jpg
8,007565.jpg
7,007566.jpg
0,007567.jpg
1,007568.jpg
2,007569.jpg
2,007570.jpg
8,007571.jpg
5,007572.jpg
5,007573.jpg
2,007574.jpg
4,007575.jpg
4,007576.jpg
8,007577.jpg
1,007578.jpg
2,007579.jpg
9,007580.jpg
9,007581.jpg
2,007582.jpg
6,007583.jpg
4,007584.jpg
6,007585.jpg
1,007586.jpg
9,007587.jpg
3,007588.jpg
7,007589.jpg
2,007590.jpg
1,007591.jpg
1,007592.jpg
0,007593.jpg
5,007594.jpg
8,007595.jpg
7,007596.jpg
2,007597.jpg
4,007598.jpg
9,007599.jpg
0,007600.jpg
0,007601.jpg
0,007602.jpg
6,007603.jpg
6,007604.jpg
8,007605.jpg
0,007606.jpg
3,007607.jpg
6,007608.jpg
6,007609.jpg
3,007610.jpg
2,007611.jpg
5,007612.jpg
6,007613.jpg
8,007614.jpg
9,007615.jpg
0,007616.jpg
3,007617.jpg
2,007618.jpg
2,007619.jpg
3,007620.jpg
7,007621.jpg
1,007622.jpg
5,007623.jpg
1,007624.jpg
5,007625.jpg
5,007626.jpg
4,007627.jpg
4,007628.jpg
2,007629.jpg
9,007630.jpg
9,007631.jpg
4,007632.jpg
7,007633.jpg
8,007634.jpg
7,007635.jpg
6,007636.jpg
4,007637.jpg
8,007638.jpg
9,007639.jpg
0,007640.jpg
8,007641.jpg
7,007642.jpg
5,007643.jpg
9,007644.jpg
6,007645.jpg
5,007646.jpg
2,007647.jpg
6,007648.jpg
6,007649.jpg
7,007650.jpg
0,007651.jpg
1,007652.jpg
0,007653.jpg
2,007654.jpg
0,007655.jpg
2,007656.jpg
7,007657.jpg
9,007658.jpg
4,007659.jpg
4,007660.jpg
6,007661.jpg
8,007662.jpg
4,007663.jpg
4,007664.jpg
7,007665.jpg
2,007666.jpg
0,007667.jpg
5,007668.jpg
3,007669.jpg
2,007670.jpg
7,007671.jpg
1,007672.jpg
5,007673.jpg
3,007674.jpg
1,007675.jpg
4,007676.jpg
6,007677.jpg
9,007678.jpg
6,007679.jpg
0,007680.jpg
2,007681.jpg
9,007682.jpg
6,007683.jpg
8,007684.jpg
8,007685.jpg
9,007686.jpg
8,007687.jpg
5,007688.jpg
3,007689.jpg
1,007690.jpg
3,007691.jpg
9,007692.jpg
1,007693.jpg
0,007694.jpg
9,007695.jpg
8,007696.jpg
8,007697.jpg
4,007698.jpg
7,007699.jpg
9,007700.jpg
6,007701.jpg
8,007702.jpg
9,007703.jpg
6,007704.jpg
8,007705.jpg
7,007706.jpg
4,007707.jpg
2,007708.jpg
6,007709.jpg
2,007710.jpg
1,007711.jpg
1,007712.jpg
4,007713.jpg
3,007714.jpg
9,007715.jpg
5,007716.jpg
8,007717.jpg
9,007718.jpg
8,007719.jpg
5,007720.jpg
6,007721.jpg
9,007722.jpg
1,007723.jpg
7,007724.jpg
0,007725.jpg
7,007726.jpg
1,007727.jpg
3,007728.jpg
3,007729.jpg
3,007730.jpg
7,007731.jpg
7,007732.jpg
9,007733.jpg
0,007734.jpg
6,007735.jpg
5,007736.jpg
0,007737.jpg
8,007738.jpg
5,007739.jpg
4,007740.jpg
8,007741.jpg
4,007742.jpg
6,007743.jpg
4,007744.jpg
2,007745.jpg
5,007746.jpg
5,007747.jpg
6,007748.jpg
1,007749.jpg
9,007750.jpg
6,007751.jpg
4,007752.jpg
5,007753.jpg
3,007754.jpg
4,007755.jpg
4,007756.jpg
8,007757.jpg
8,007758.jpg
7,007759.jpg
9,007760.jpg
5,007761.jpg
2,007762.jpg
3,007763.jpg
2,007764.jpg
2,007765.jpg
4,007766.jpg
3,007767.jpg
0,007768.jpg
9,007769.jpg
6,007770.jpg
7,007771.jpg
3,007772.jpg
4,007773.jpg
7,007774.jpg
1,007775.jpg
7,007776.jpg
5,007777.jpg
8,007778.jpg
1,007779.jpg
1,007780.jpg
0,007781.jpg
3,007782.jpg
0,007783.jpg
8,007784.jpg
4,007785.jpg
1,007786.jpg
8,007787.jpg
5,007788.jpg
7,007789.jpg
3,007790.jpg
2,007791.jpg
4,007792.jpg
4,007793.jpg
4,007794.jpg
4,007795.jpg
7,007796.jpg
9,007797.jpg
3,007798.jpg
8,007799.jpg
0,007800.jpg
7,007801.jpg
4,007802.jpg
0,007803.jpg
7,007804.jpg
7,007805.jpg
5,007806.jpg
6,007807.jpg
1,007808.jpg
8,007809.jpg
2,007810.jpg
3,007811.jpg
7,007812.jpg
4,007813.jpg
0,007814.jpg
8,007815.jpg
6,007816.jpg
1,007817.jpg
9,007818.jpg
4,007819.jpg
1,007820.jpg
5,007821.jpg
9,007822.jpg
1,007823.jpg
2,007824.jpg
1,007825.jpg
6,007826.jpg
4,007827.jpg
7,007828.jpg
5,007829.jpg
6,007830.jpg
1,007831.jpg
1,007832.jpg
1,007833.jpg
8,007834.jpg
3,007835.jpg
9,007836.jpg
2,007837.jpg
1,007838.jpg
9,007839.jpg
8,007840.jpg
6,007841.jpg
8,007842.jpg
4,007843.jpg
8,007844.jpg
2,007845.jpg
1,007846.jpg
5,007847.jpg
0,007848.jpg
4,007849.jpg
7,007850.jpg
2,007851.jpg
3,007852.jpg
9,007853.jpg
2,007854.jpg
8,007855.jpg
1,007856.jpg
3,007857.jpg
9,007858.jpg
8,007859.jpg
3,007860.jpg
7,007861.jpg
9,007862.jpg
7,007863.jpg
2,007864.jpg
0,007865.jpg
8,007866.jpg
2,007867.jpg
1,007868.jpg
6,007869.jpg
8,007870.jpg
4,007871.jpg
2,007872.jpg
2,007873.jpg
3,007874.jpg
4,007875.jpg
5,007876.jpg
5,007877.jpg
4,007878.jpg
8,007879.jpg
3,007880.jpg
3,007881.jpg
2,007882.jpg
2,007883.jpg
7,007884.jpg
4,007885.jpg
8,007886.jpg
6,007887.jpg
6,007888.jpg
7,007889.jpg
2,007890.jpg
1,007891.jpg
7,007892.jpg
1,007893.jpg
5,007894.jpg
8,007895.jpg
1,007896.jpg
3,007897.jpg
6,007898.jpg
6,007899.jpg
1,007900.jpg
0,007901.jpg
3,007902.jpg
6,007903.jpg
7,007904.jpg
9,007905.jpg
6,007906.jpg
7,007907.jpg
2,007908.jpg
6,007909.jpg
5,007910.jpg
5,007911.jpg
1,007912.jpg
8,007913.jpg
1,007914.jpg
3,007915.jpg
3,007916.jpg
4,007917.jpg
9,007918.jpg
4,007919.jpg
7,007920.jpg
1,007921.jpg
9,007922.jpg
4,007923.jpg
1,007924.jpg
9,007925.jpg
6,007926.jpg
7,007927.jpg
6,007928.jpg
6,007929.jpg
2,007930.jpg
1,007931.jpg
4,007932.jpg
8,007933.jpg
7,007934.jpg
9,007935.jpg
9,007936.jpg
7,007937.jpg
5,007938.jpg
0,007939.jpg
1,007940.jpg
0,007941.jpg
1,007942.jpg
9,007943.jpg
0,007944.jpg
5,007945.jpg
6,007946.jpg
8,007947.jpg
9,007948.jpg
5,007949.jpg
2,007950.jpg
9,007951.jpg
4,007952.jpg
5,007953.jpg
9,007954.jpg
5,007955.jpg
0,007956.jpg
8,007957.jpg
0,007958.jpg
1,007959.jpg
4,007960.jpg
0,007961.jpg
8,007962.jpg
7,007963.jpg
5,007964.jpg
4,007965.jpg
5,007966.jpg
8,007967.jpg
4,007968.jpg
6,007969.jpg
8,007970.jpg
5,007971.jpg
2,007972.jpg
3,007973.jpg
5,007974.jpg
0,007975.jpg
6,007976.jpg
1,007977.jpg
2,007978.jpg
0,007979.jpg
0,007980.jpg
8,007981.jpg
5,007982.jpg
9,007983.jpg
7,007984.jpg
6,007985.jpg
8,007986.jpg
7,007987.jpg
2,007988.jpg
5,007989.jpg
7,007990.jpg
5,007991.jpg
3,007992.jpg
1,007993.jpg
6,007994.jpg
4,007995.jpg
5,007996.jpg
1,007997.jpg
9,007998.jpg
3,007999.jpg
5,008000.jpg
9,008001.jpg
5,008002.jpg
4,008003.jpg
9,008004.jpg
3,008005.jpg
2,008006.jpg
3,008007.jpg
6,008008.jpg
7,008009.jpg
8,008010.jpg
6,008011.jpg
2,008012.jpg
8,008013.jpg
8,008014.jpg
4,008015.jpg
9,008016.jpg
8,008017.jpg
4,008018.jpg
6,008019.jpg
4,008020.jpg
4,008021.jpg
3,008022.jpg
2,008023.jpg
6,008024.jpg
3,008025.jpg
7,008026.jpg
2,008027.jpg
9,008028.jpg
9,008029.jpg
0,008030.jpg
4,008031.jpg
4,008032.jpg
3,008033.jpg
3,008034.jpg
6,008035.jpg
6,008036.jpg
6,008037.jpg
1,008038.jpg
7,008039.jpg
6,008040.jpg
6,008041.jpg
3,008042.jpg
6,008043.jpg
3,008044.jpg
3,008045.jpg
9,008046.jpg
3,008047.jpg
5,008048.jpg
6,008049.jpg
7,008050.jpg
0,008051.jpg
3,008052.jpg
7,008053.jpg
8,008054.jpg
3,008055.jpg
0,008056.jpg
0,008057.jpg
3,008058.jpg
8,008059.jpg
0,008060.jpg
5,008061.jpg
5,008062.jpg
0,008063.jpg
9,008064.jpg
5,008065.jpg
8,008066.jpg
9,008067.jpg
4,008068.jpg
9,008069.jpg
0,008070.jpg
8,008071.jpg
2,008072.jpg
1,008073.jpg
3,008074.jpg
1,008075.jpg
1,008076.jpg
6,008077.jpg
0,008078.jpg
8,008079.jpg
8,008080.jpg
1,008081.jpg
8,008082.jpg
9,008083.jpg
9,008084.jpg
4,008085.jpg
6,008086.jpg
1,008087.jpg
0,008088.jpg
6,008089.jpg
8,008090.jpg
4,008091.jpg
2,008092.jpg
4,008093.jpg
8,008094.jpg
9,008095.jpg
6,008096.jpg
3,008097.jpg
8,008098.jpg
9,008099.jpg
5,008100.jpg
7,008101.jpg
3,008102.jpg
1,008103.jpg
0,008104.jpg
0,008105.jpg
5,008106.jpg
5,008107.jpg
0,008108.jpg
7,008109.jpg
4,008110.jpg
7,008111.jpg
3,008112.jpg
6,008113.jpg
7,008114.jpg
9,008115.jpg
8,008116.jpg
8,008117.jpg
7,008118.jpg
9,008119.jpg
9,008120.jpg
7,008121.jpg
3,008122.jpg
9,008123.jpg
3,008124.jpg
5,008125.jpg
9,008126.jpg
6,008127.jpg
9,008128.jpg
1,008129.jpg
5,008130.jpg
6,008131.jpg
6,008132.jpg
2,008133.jpg
3,008134.jpg
1,008135.jpg
0,008136.jpg
4,008137.jpg
3,008138.jpg
9,008139.jpg
5,008140.jpg
0,008141.jpg
4,008142.jpg
5,008143.jpg
6,008144.jpg
8,008145.jpg
2,008146.jpg
8,008147.jpg
9,008148.jpg
5,008149.jpg
6,008150.jpg
5,008151.jpg
1,008152.jpg
2,008153.jpg
4,008154.jpg
7,008155.jpg
2,008156.jpg
7,008157.jpg
0,008158.jpg
4,008159.jpg
4,008160.jpg
9,008161.jpg
1,008162.jpg
6,008163.jpg
2,008164.jpg
4,008165.jpg
4,008166.jpg
4,008167.jpg
2,008168.jpg
9,008169.jpg
4,008170.jpg
5,008171.jpg
4,008172.jpg
2,008173.jpg
5,008174.jpg
3,008175.jpg
1,008176.jpg
2,008177.jpg
5,008178.jpg
2,008179.jpg
4,008180.jpg
8,008181.jpg
7,008182.jpg
8,008183.jpg
6,008184.jpg
5,008185.jpg
3,008186.jpg
5,008187.jpg
7,008188.jpg
8,008189.jpg
7,008190.jpg
6,008191.jpg
6,008192.jpg
5,008193.jpg
5,008194.jpg
0,008195.jpg
2,008196.jpg
0,008197.jpg
7,008198.jpg
8,008199.jpg
7,008200.jpg
7,008201.jpg
5,008202.jpg
6,008203.jpg
0,008204.jpg
7,008205.jpg
7,008206.jpg
9,008207.jpg
3,008208.jpg
6,008209.jpg
9,008210.jpg
2,008211.jpg
5,008212.jpg
8,008213.jpg
9,008214.jpg
6,008215.jpg
7,008216.jpg
0,008217.jpg
7,008218.jpg
1,008219.jpg
2,008220.jpg
2,008221.jpg
3,008222.jpg
8,008223.jpg
6,008224.jpg
4,008225.jpg
6,008226.jpg
0,008227.jpg
3,008228.jpg
5,008229.jpg
5,008230.jpg
9,008231.jpg
8,008232.jpg
6,008233.jpg
7,008234.jpg
2,008235.jpg
5,008236.jpg
2,008237.jpg
2,008238.jpg
4,008239.jpg
0,008240.jpg
9,008241.jpg
2,008242.jpg
7,008243.jpg
3,008244.jpg
0,008245.jpg
2,008246.jpg
6,008247.jpg
4,008248.jpg
5,008249.jpg
9,008250.jpg
6,008251.jpg
6,008252.jpg
3,008253.jpg
8,008254.jpg
4,008255.jpg
7,008256.jpg
4,008257.jpg
4,008258.jpg
0,008259.jpg
8,008260.jpg
3,008261.jpg
9,008262.jpg
0,008263.jpg
9,008264.jpg
4,008265.jpg
6,008266.jpg
7,008267.jpg
9,008268.jpg
4,008269.jpg
2,008270.jpg
2,008271.jpg
7,008272.jpg
0,008273.jpg
8,008274.jpg
9,008275.jpg
3,008276.jpg
2,008277.jpg
8,008278.jpg
8,008279.jpg
2,008280.jpg
0,008281.jpg
9,008282.jpg
2,008283.jpg
6,008284.jpg
4,008285.jpg
1,008286.jpg
4,008287.jpg
5,008288.jpg
4,008289.jpg
3,008290.jpg
3,008291.jpg
7,008292.jpg
9,008293.jpg
5,008294.jpg
3,008295.jpg
0,008296.jpg
1,008297.jpg
6,008298.jpg
8,008299.jpg
2,008300.jpg
8,008301.jpg
6,008302.jpg
5,008303.jpg
9,008304.jpg
4,008305.jpg
7,008306.jpg
8,008307.jpg
3,008308.jpg
9,008309.jpg
6,008310.jpg
7,008311.jpg
1,008312.jpg
8,008313.jpg
0,008314.jpg
1,008315.jpg
2,008316.jpg
3,008317.jpg
1,008318.jpg
2,008319.jpg
4,008320.jpg
5,008321.jpg
6,008322.jpg
9,008323.jpg
4,008324.jpg
4,008325.jpg
7,008326.jpg
6,008327.jpg
9,008328.jpg
8,008329.jpg
6,008330.jpg
9,008331.jpg
3,008332.jpg
0,008333.jpg
2,008334.jpg
2,008335.jpg
2,008336.jpg
7,008337.jpg
2,008338.jpg
4,008339.jpg
3,008340.jpg
7,008341.jpg
9,008342.jpg
8,008343.jpg
5,008344.jpg
4,008345.jpg
3,008346.jpg
2,008347.jpg
8,008348.jpg
2,008349.jpg
9,008350.jpg
4,008351.jpg
3,008352.jpg
9,008353.jpg
8,008354.jpg
8,008355.jpg
6,008356.jpg
2,008357.jpg
7,008358.jpg
9,008359.jpg
8,008360.jpg
3,008361.jpg
1,008362.jpg
0,008363.jpg
2,008364.jpg
8,008365.jpg
5,008366.jpg
4,008367.jpg
4,008368.jpg
1,008369.jpg
0,008370.jpg
9,008371.jpg
2,008372.jpg
6,008373.jpg
8,008374.jpg
6,008375.jpg
5,008376.jpg
3,008377.jpg
3,008378.jpg
0,008379.jpg
6,008380.jpg
7,008381.jpg
8,008382.jpg
1,008383.jpg
0,008384.jpg
9,008385.jpg
1,008386.jpg
2,008387.jpg
8,008388.jpg
6,008389.jpg
3,008390.jpg
6,008391.jpg
7,008392.jpg
6,008393.jpg
2,008394.jpg
3,008395.jpg
8,008396.jpg
6,008397.jpg
9,008398.jpg
8,008399.jpg
2,008400.jpg
9,008401.jpg
2,008402.jpg
8,008403.jpg
6,008404.jpg
2,008405.jpg
6,008406.jpg
4,008407.jpg
1,008408.jpg
5,008409.jpg
6,008410.jpg
9,008411.jpg
5,008412.jpg
4,008413.jpg
2,008414.jpg
2,008415.jpg
2,008416.jpg
0,008417.jpg
7,008418.jpg
5,008419.jpg
2,008420.jpg
3,008421.jpg
9,008422.jpg
8,008423.jpg
7,008424.jpg
9,008425.jpg
0,008426.jpg
0,008427.jpg
0,008428.jpg
7,008429.jpg
8,008430.jpg
7,008431.jpg
1,008432.jpg
3,008433.jpg
5,008434.jpg
1,008435.jpg
6,008436.jpg
8,008437.jpg
8,008438.jpg
9,008439.jpg
4,008440.jpg
6,008441.jpg
2,008442.jpg
3,008443.jpg
9,008444.jpg
6,008445.jpg
5,008446.jpg
7,008447.jpg
4,008448.jpg
1,008449.jpg
3,008450.jpg
0,008451.jpg
1,008452.jpg
3,008453.jpg
8,008454.jpg
0,008455.jpg
5,008456.jpg
5,008457.jpg
8,008458.jpg
1,008459.jpg
2,008460.jpg
7,008461.jpg
7,008462.jpg
5,008463.jpg
9,008464.jpg
2,008465.jpg
7,008466.jpg
0,008467.jpg
1,008468.jpg
8,008469.jpg
9,008470.jpg
6,008471.jpg
6,008472.jpg
7,008473.jpg
1,008474.jpg
6,008475.jpg
1,008476.jpg
7,008477.jpg
0,008478.jpg
2,008479.jpg
4,008480.jpg
4,008481.jpg
5,008482.jpg
4,008483.jpg
1,008484.jpg
0,008485.jpg
5,008486.jpg
0,008487.jpg
8,008488.jpg
7,008489.jpg
4,008490.jpg
0,008491.jpg
3,008492.jpg
3,008493.jpg
8,008494.jpg
0,008495.jpg
2,008496.jpg
5,008497.jpg
7,008498.jpg
9,008499.jpg
1,008500.jpg
7,008501.jpg
1,008502.jpg
3,008503.jpg
0,008504.jpg
7,008505.jpg
8,008506.jpg
4,008507.jpg
8,008508.jpg
3,008509.jpg
7,008510.jpg
2,008511.jpg
8,008512.jpg
4,008513.jpg
0,008514.jpg
4,008515.jpg
9,008516.jpg
8,008517.jpg
4,008518.jpg
9,008519.jpg
6,008520.jpg
1,008521.jpg
0,008522.jpg
2,008523.jpg
1,008524.jpg
4,008525.jpg
4,008526.jpg
1,008527.jpg
3,008528.jpg
4,008529.jpg
8,008530.jpg
9,008531.jpg
1,008532.jpg
9,008533.jpg
4,008534.jpg
7,008535.jpg
5,008536.jpg
3,008537.jpg
8,008538.jpg
5,008539.jpg
6,008540.jpg
5,008541.jpg
6,008542.jpg
5,008543.jpg
0,008544.jpg
6,008545.jpg
7,008546.jpg
8,008547.jpg
7,008548.jpg
9,008549.jpg
4,008550.jpg
5,008551.jpg
3,008552.jpg
2,008553.jpg
3,008554.jpg
7,008555.jpg
1,008556.jpg
2,008557.jpg
2,008558.jpg
7,008559.jpg
4,008560.jpg
8,008561.jpg
3,008562.jpg
9,008563.jpg
2,008564.jpg
2,008565.jpg
4,008566.jpg
6,008567.jpg
5,008568.jpg
4,008569.jpg
7,008570.jpg
9,008571.jpg
2,008572.jpg
1,008573.jpg
0,008574.jpg
1,008575.jpg
2,008576.jpg
3,008577.jpg
6,008578.jpg
5,008579.jpg
4,008580.jpg
8,008581.jpg
8,008582.jpg
8,008583.jpg
1,008584.jpg
3,008585.jpg
1,008586.jpg
2,008587.jpg
2,008588.jpg
4,008589.jpg
0,008590.jpg
6,008591.jpg
7,008592.jpg
2,008593.jpg
5,008594.jpg
3,008595.jpg
2,008596.jpg
1,008597.jpg
9,008598.jpg
9,008599.jpg
0,008600.jpg
0,008601.jpg
4,008602.jpg
2,008603.jpg
9,008604.jpg
8,008605.jpg
8,008606.jpg
3,008607.jpg
8,008608.jpg
7,008609.jpg
1,008610.jpg
7,008611.jpg
6,008612.jpg
5,008613.jpg
6,008614.jpg
5,008615.jpg
9,008616.jpg
9,008617.jpg
6,008618.jpg
8,008619.jpg
1,008620.jpg
4,008621.jpg
2,008622.jpg
7,008623.jpg
4,008624.jpg
4,008625.jpg
1,008626.jpg
5,008627.jpg
5,008628.jpg
3,008629.jpg
6,008630.jpg
1,008631.jpg
8,008632.jpg
9,008633.jpg
1,008634.jpg
2,008635.jpg
6,008636.jpg
0,008637.jpg
7,008638.jpg
6,008639.jpg
4,008640.jpg
2,008641.jpg
4,008642.jpg
8,008643.jpg
4,008644.jpg
1,008645.jpg
8,008646.jpg
3,008647.jpg
0,008648.jpg
3,008649.jpg
6,008650.jpg
9,008651.jpg
6,008652.jpg
4,008653.jpg
4,008654.jpg
1,008655.jpg
1,008656.jpg
6,008657.jpg
3,008658.jpg
2,008659.jpg
4,008660.jpg
7,008661.jpg
2,008662.jpg
1,008663.jpg
8,008664.jpg
2,008665.jpg
4,008666.jpg
3,008667.jpg
6,008668.jpg
4,008669.jpg
8,008670.jpg
2,008671.jpg
0,008672.jpg
7,008673.jpg
4,008674.jpg
6,008675.jpg
9,008676.jpg
7,008677.jpg
4,008678.jpg
9,008679.jpg
9,008680.jpg
3,008681.jpg
8,008682.jpg
4,008683.jpg
7,008684.jpg
3,008685.jpg
1,008686.jpg
9,008687.jpg
4,008688.jpg
0,008689.jpg
9,008690.jpg
4,008691.jpg
0,008692.jpg
2,008693.jpg
0,008694.jpg
8,008695.jpg
7,008696.jpg
0,008697.jpg
7,008698.jpg
0,008699.jpg
6,008700.jpg
0,008701.jpg
3,008702.jpg
6,008703.jpg
6,008704.jpg
4,008705.jpg
6,008706.jpg
5,008707.jpg
4,008708.jpg
6,008709.jpg
8,008710.jpg
3,008711.jpg
1,008712.jpg
3,008713.jpg
3,008714.jpg
5,008715.jpg
0,008716.jpg
6,008717.jpg
0,008718.jpg
3,008719.jpg
9,008720.jpg
9,008721.jpg
8,008722.jpg
9,008723.jpg
1,008724.jpg
2,008725.jpg
8,008726.jpg
7,008727.jpg
4,008728.jpg
0,008729.jpg
5,008730.jpg
9,008731.jpg
3,008732.jpg
0,008733.jpg
3,008734.jpg
6,008735.jpg
2,008736.jpg
7,008737.jpg
1,008738.jpg
7,008739.jpg
7,008740.jpg
7,008741.jpg
9,008742.jpg
0,008743.jpg
2,008744.jpg
8,008745.jpg
4,008746.jpg
4,008747.jpg
9,008748.jpg
1,008749.jpg
6,008750.jpg
2,008751.jpg
7,008752.jpg
7,008753.jpg
7,008754.jpg
2,008755.jpg
0,008756.jpg
0,008757.jpg
8,008758.jpg
7,008759.jpg
3,008760.jpg
9,008761.jpg
4,008762.jpg
2,008763.jpg
2,008764.jpg
5,008765.jpg
4,008766.jpg
8,008767.jpg
3,008768.jpg
2,008769.jpg
6,008770.jpg
7,008771.jpg
3,008772.jpg
2,008773.jpg
7,008774.jpg
2,008775.jpg
9,008776.jpg
1,008777.jpg
5,008778.jpg
6,008779.jpg
0,008780.jpg
0,008781.jpg
3,008782.jpg
9,008783.jpg
3,008784.jpg
5,008785.jpg
8,008786.jpg
4,008787.jpg
3,008788.jpg
0,008789.jpg
0,008790.jpg
4,008791.jpg
1,008792.jpg
4,008793.jpg
7,008794.jpg
6,008795.jpg
9,008796.jpg
2,008797.jpg
2,008798.jpg
9,008799.jpg
5,008800.jpg
1,008801.jpg
3,008802.jpg
7,008803.jpg
4,008804.jpg
0,008805.jpg
6,008806.jpg
6,008807.jpg
1,008808.jpg
5,008809.jpg
9,008810.jpg
2,008811.jpg
6,008812.jpg
4,008813.jpg
5,008814.jpg
5,008815.jpg
9,008816.jpg
3,008817.jpg
7,008818.jpg
5,008819.jpg
3,008820.jpg
7,008821.jpg
0,008822.jpg
0,008823.jpg
9,008824.jpg
8,008825.jpg
5,008826.jpg
3,008827.jpg
2,008828.jpg
5,008829.jpg
8,008830.jpg
4,008831.jpg
2,008832.jpg
7,008833.jpg
5,008834.jpg
7,008835.jpg
8,008836.jpg
8,008837.jpg
0,008838.jpg
5,008839.jpg
0,008840.jpg
2,008841.jpg
5,008842.jpg
3,008843.jpg
6,008844.jpg
1,008845.jpg
3,008846.jpg
9,008847.jpg
7,008848.jpg
9,008849.jpg
0,008850.jpg
4,008851.jpg
7,008852.jpg
4,008853.jpg
1,008854.jpg
5,008855.jpg
4,008856.jpg
6,008857.jpg
4,008858.jpg
3,008859.jpg
6,008860.jpg
4,008861.jpg
6,008862.jpg
2,008863.jpg
3,008864.jpg
0,008865.jpg
1,008866.jpg
0,008867.jpg
1,008868.jpg
6,008869.jpg
5,008870.jpg
0,008871.jpg
4,008872.jpg
1,008873.jpg
7,008874.jpg
9,008875.jpg
4,008876.jpg
5,008877.jpg
8,008878.jpg
6,008879.jpg
7,008880.jpg
3,008881.jpg
8,008882.jpg
5,008883.jpg
4,008884.jpg
0,008885.jpg
6,008886.jpg
7,008887.jpg
6,008888.jpg
9,008889.jpg
8,008890.jpg
8,008891.jpg
5,008892.jpg
7,008893.jpg
7,008894.jpg
8,008895.jpg
0,008896.jpg
9,008897.jpg
6,008898.jpg
1,008899.jpg
0,008900.jpg
1,008901.jpg
2,008902.jpg
1,008903.jpg
7,008904.jpg
6,008905.jpg
5,008906.jpg
9,008907.jpg
6,008908.jpg
2,008909.jpg
6,008910.jpg
6,008911.jpg
6,008912.jpg
2,008913.jpg
5,008914.jpg
3,008915.jpg
8,008916.jpg
4,008917.jpg
3,008918.jpg
0,008919.jpg
9,008920.jpg
1,008921.jpg
2,008922.jpg
0,008923.jpg
0,008924.jpg
4,008925.jpg
7,008926.jpg
3,008927.jpg
4,008928.jpg
4,008929.jpg
4,008930.jpg
9,008931.jpg
4,008932.jpg
6,008933.jpg
9,008934.jpg
2,008935.jpg
4,008936.jpg
4,008937.jpg
7,008938.jpg
3,008939.jpg
3,008940.jpg
1,008941.jpg
7,008942.jpg
2,008943.jpg
9,008944.jpg
0,008945.jpg
5,008946.jpg
9,008947.jpg
6,008948.jpg
7,008949.jpg
8,008950.jpg
0,008951.jpg
1,008952.jpg
9,008953.jpg
8,008954.jpg
4,008955.jpg
9,008956.jpg
5,008957.jpg
5,008958.jpg
3,008959.jpg
8,008960.jpg
9,008961.jpg
6,008962.jpg
9,008963.jpg
4,008964.jpg
1,008965.jpg
1,008966.jpg
3,008967.jpg
7,008968.jpg
8,008969.jpg
3,008970.jpg
9,008971.jpg
2,008972.jpg
2,008973.jpg
5,008974.jpg
6,008975.jpg
5,008976.jpg
0,008977.jpg
6,008978.jpg
4,008979.jpg
1,008980.jpg
8,008981.jpg
0,008982.jpg
7,008983.jpg
9,008984.jpg
8,008985.jpg
3,008986.jpg
2,008987.jpg
4,008988.jpg
5,008989.jpg
0,008990.jpg
8,008991.jpg
6,008992.jpg
4,008993.jpg
1,008994.jpg
3,008995.jpg
7,008996.jpg
8,008997.jpg
0,008998.jpg
7,008999.jpg
3,009000.jpg
3,009001.jpg
6,009002.jpg
0,009003.jpg
7,009004.jpg
1,009005.jpg
6,009006.jpg
0,009007.jpg
4,009008.jpg
1,009009.jpg
4,009010.jpg
1,009011.jpg
7,009012.jpg
2,009013.jpg
2,009014.jpg
4,009015.jpg
0,009016.jpg
7,009017.jpg
8,009018.jpg
0,009019.jpg
1,009020.jpg
9,009021.jpg
5,009022.jpg
5,009023.jpg
6,009024.jpg
4,009025.jpg
8,009026.jpg
0,009027.jpg
2,009028.jpg
9,009029.jpg
5,009030.jpg
7,009031.jpg
7,009032.jpg
4,009033.jpg
3,009034.jpg
8,009035.jpg
3,009036.jpg
6,009037.jpg
9,009038.jpg
6,009039.jpg
9,009040.jpg
0,009041.jpg
6,009042.jpg
9,009043.jpg
4,009044.jpg
0,009045.jpg
6,009046.jpg
3,009047.jpg
5,009048.jpg
0,009049.jpg
1,009050.jpg
3,009051.jpg
2,009052.jpg
3,009053.jpg
8,009054.jpg
9,009055.jpg
7,009056.jpg
5,009057.jpg
4,009058.jpg
6,009059.jpg
7,009060.jpg
1,009061.jpg
8,009062.jpg
1,009063.jpg
6,009064.jpg
9,009065.jpg
4,009066.jpg
5,009067.jpg
0,009068.jpg
9,009069.jpg
1,009070.jpg
5,009071.jpg
4,009072.jpg
2,009073.jpg
4,009074.jpg
2,009075.jpg
2,009076.jpg
3,009077.jpg
1,009078.jpg
1,009079.jpg
8,009080.jpg
5,009081.jpg
6,009082.jpg
2,009083.jpg
9,009084.jpg
8,009085.jpg
5,009086.jpg
2,009087.jpg
2,009088.jpg
6,009089.jpg
1,009090.jpg
6,009091.jpg
3,009092.jpg
3,009093.jpg
9,009094.jpg
5,009095.jpg
8,009096.jpg
7,009097.jpg
0,009098.jpg
8,009099.jpg
8,009100.jpg
3,009101.jpg
0,009102.jpg
9,009103.jpg
5,009104.jpg
1,009105.jpg
6,009106.jpg
8,009107.jpg
6,009108.jpg
8,009109.jpg
6,009110.jpg
9,009111.jpg
6,009112.jpg
1,009113.jpg
8,009114.jpg
4,009115.jpg
2,009116.jpg
5,009117.jpg
1,009118.jpg
2,009119.jpg
5,009120.jpg
4,009121.jpg
2,009122.jpg
9,009123.jpg
9,009124.jpg
5,009125.jpg
7,009126.jpg
0,009127.jpg
4,009128.jpg
0,009129.jpg
1,009130.jpg
0,009131.jpg
2,009132.jpg
3,009133.jpg
0,009134.jpg
6,009135.jpg
5,009136.jpg
1,009137.jpg
5,009138.jpg
5,009139.jpg
7,009140.jpg
9,009141.jpg
0,009142.jpg
8,009143.jpg
2,009144.jpg
9,009145.jpg
3,009146.jpg
3,009147.jpg
9,009148.jpg
5,009149.jpg
3,009150.jpg
8,009151.jpg
2,009152.jpg
1,009153.jpg
7,009154.jpg
3,009155.jpg
3,009156.jpg
0,009157.jpg
8,009158.jpg
9,009159.jpg
0,009160.jpg
7,009161.jpg
4,009162.jpg
3,009163.jpg
7,009164.jpg
3,009165.jpg
2,009166.jpg
8,009167.jpg
9,009168.jpg
3,009169.jpg
2,009170.jpg
2,009171.jpg
5,009172.jpg
5,009173.jpg
1,009174.jpg
7,009175.jpg
9,009176.jpg
1,009177.jpg
6,009178.jpg
5,009179.jpg
4,009180.jpg
1,009181.jpg
1,009182.jpg
3,009183.jpg
8,009184.jpg
3,009185.jpg
9,009186.jpg
8,009187.jpg
6,009188.jpg
9,009189.jpg
7,009190.jpg
7,009191.jpg
8,009192.jpg
4,009193.jpg
4,009194.jpg
5,009195.jpg
0,009196.jpg
0,009197.jpg
8,009198.jpg
2,009199.jpg
6,009200.jpg
5,009201.jpg
3,009202.jpg
8,009203.jpg
2,009204.jpg
0,009205.jpg
6,009206.jpg
3,009207.jpg
0,009208.jpg
4,009209.jpg
9,009210.jpg
9,009211.jpg
0,009212.jpg
1,009213.jpg
9,009214.jpg
6,009215.jpg
9,009216.jpg
7,009217.jpg
7,009218.jpg
9,009219.jpg
7,009220.jpg
0,009221.jpg
3,009222.jpg
4,009223.jpg
6,009224.jpg
6,009225.jpg
2,009226.jpg
8,009227.jpg
9,009228.jpg
0,009229.jpg
5,009230.jpg
1,009231.jpg
3,009232.jpg
0,009233.jpg
4,009234.jpg
4,009235.jpg
7,009236.jpg
4,009237.jpg
5,009238.jpg
4,009239.jpg
7,009240.jpg
4,009241.jpg
8,009242.jpg
4,009243.jpg
1,009244.jpg
3,009245.jpg
7,009246.jpg
8,009247.jpg
0,009248.jpg
0,009249.jpg
3,009250.jpg
8,009251.jpg
4,009252.jpg
5,009253.jpg
6,009254.jpg
9,009255.jpg
1,009256.jpg
0,009257.jpg
7,009258.jpg
9,009259.jpg
6,009260.jpg
3,009261.jpg
2,009262.jpg
3,009263.jpg
2,009264.jpg
8,009265.jpg
6,009266.jpg
2,009267.jpg
1,009268.jpg
6,009269.jpg
1,009270.jpg
1,009271.jpg
2,009272.jpg
1,009273.jpg
6,009274.jpg
9,009275.jpg
6,009276.jpg
1,009277.jpg
6,009278.jpg
5,009279.jpg
8,009280.jpg
6,009281.jpg
7,009282.jpg
3,009283.jpg
7,009284.jpg
6,009285.jpg
0,009286.jpg
5,009287.jpg
7,009288.jpg
1,009289.jpg
5,009290.jpg
3,009291.jpg
9,009292.jpg
9,009293.jpg
0,009294.jpg
9,009295.jpg
3,009296.jpg
3,009297.jpg
9,009298.jpg
5,009299.jpg
6,009300.jpg
8,009301.jpg
5,009302.jpg
7,009303.jpg
0,009304.jpg
2,009305.jpg
3,009306.jpg
7,009307.jpg
0,009308.jpg
2,009309.jpg
4,009310.jpg
7,009311.jpg
8,009312.jpg
8,009313.jpg
2,009314.jpg
5,009315.jpg
0,009316.jpg
9,009317.jpg
4,009318.jpg
1,009319.jpg
4,009320.jpg
0,009321.jpg
1,009322.jpg
4,009323.jpg
1,009324.jpg
0,009325.jpg
8,009326.jpg
6,009327.jpg
2,009328.jpg
3,009329.jpg
1,009330.jpg
7,009331.jpg
9,009332.jpg
1,009333.jpg
0,009334.jpg
9,009335.jpg
0,009336.jpg
9,009337.jpg
2,009338.jpg
7,009339.jpg
0,009340.jpg
5,009341.jpg
7,009342.jpg
0,009343.jpg
4,009344.jpg
0,009345.jpg
2,009346.jpg
6,009347.jpg
8,009348.jpg
0,009349.jpg
5,009350.jpg
8,009351.jpg
4,009352.jpg
4,009353.jpg
2,009354.jpg
1,009355.jpg
7,009356.jpg
3,009357.jpg
8,009358.jpg
1,009359.jpg
7,009360.jpg
4,009361.jpg
4,009362.jpg
6,009363.jpg
5,009364.jpg
4,009365.jpg
4,009366.jpg
2,009367.jpg
5,009368.jpg
4,009369.jpg
6,009370.jpg
7,009371.jpg
1,009372.jpg
0,009373.jpg
0,009374.jpg
2,009375.jpg
8,009376.jpg
2,009377.jpg
3,009378.jpg
4,009379.jpg
9,009380.jpg
4,009381.jpg
8,009382.jpg
4,009383.jpg
9,009384.jpg
8,009385.jpg
5,009386.jpg
3,009387.jpg
6,009388.jpg
7,009389.jpg
7,009390.jpg
3,009391.jpg
9,009392.jpg
0,009393.jpg
2,009394.jpg
2,009395.jpg
7,009396.jpg
2,009397.jpg
9,009398.jpg
1,009399.jpg
3,009400.jpg
1,009401.jpg
2,009402.jpg
0,009403.jpg
7,009404.jpg
2,009405.jpg
3,009406.jpg
5,009407.jpg
2,009408.jpg
5,009409.jpg
0,009410.jpg
5,009411.jpg
8,009412.jpg
6,009413.jpg
1,009414.jpg
5,009415.jpg
7,009416.jpg
8,009417.jpg
7,009418.jpg
6,009419.jpg
4,009420.jpg
3,009421.jpg
8,009422.jpg
3,009423.jpg
4,009424.jpg
6,009425.jpg
5,009426.jpg
7,009427.jpg
7,009428.jpg
8,009429.jpg
6,009430.jpg
3,009431.jpg
8,009432.jpg
5,009433.jpg
0,009434.jpg
5,009435.jpg
2,009436.jpg
0,009437.jpg
5,009438.jpg
7,009439.jpg
5,009440.jpg
4,009441.jpg
9,009442.jpg
7,009443.jpg
0,009444.jpg
3,009445.jpg
9,009446.jpg
2,009447.jpg
0,009448.jpg
7,009449.jpg
2,009450.jpg
7,009451.jpg
2,009452.jpg
3,009453.jpg
1,009454.jpg
6,009455.jpg
1,009456.jpg
4,009457.jpg
9,009458.jpg
2,009459.jpg
2,009460.jpg
8,009461.jpg
3,009462.jpg
6,009463.jpg
0,009464.jpg
7,009465.jpg
8,009466.jpg
7,009467.jpg
0,009468.jpg
8,009469.jpg
7,009470.jpg
5,009471.jpg
6,009472.jpg
1,009473.jpg
9,009474.jpg
5,009475.jpg
5,009476.jpg
7,009477.jpg
6,009478.jpg
5,009479.jpg
2,009480.jpg
4,009481.jpg
9,009482.jpg
8,009483.jpg
2,009484.jpg
3,009485.jpg
1,009486.jpg
0,009487.jpg
6,009488.jpg
2,009489.jpg
6,009490.jpg
2,009491.jpg
1,009492.jpg
6,009493.jpg
5,009494.jpg
2,009495.jpg
7,009496.jpg
0,009497.jpg
9,009498.jpg
5,009499.jpg
5,009500.jpg
9,009501.jpg
6,009502.jpg
2,009503.jpg
9,009504.jpg
3,009505.jpg
7,009506.jpg
3,009507.jpg
5,009508.jpg
8,009509.jpg
5,009510.jpg
5,009511.jpg
5,009512.jpg
3,009513.jpg
2,009514.jpg
5,009515.jpg
0,009516.jpg
7,009517.jpg
1,009518.jpg
0,009519.jpg
9,009520.jpg
7,009521.jpg
3,009522.jpg
0,009523.jpg
1,009524.jpg
4,009525.jpg
4,009526.jpg
1,009527.jpg
7,009528.jpg
7,009529.jpg
0,009530.jpg
8,009531.jpg
6,009532.jpg
2,009533.jpg
0,009534.jpg
7,009535.jpg
6,009536.jpg
8,009537.jpg
8,009538.jpg
6,009539.jpg
4,009540.jpg
0,009541.jpg
7,009542.jpg
5,009543.jpg
4,009544.jpg
2,009545.jpg
3,009546.jpg
2,009547.jpg
7,009548.jpg
0,009549.jpg
3,009550.jpg
8,009551.jpg
2,009552.jpg
2,009553.jpg
9,009554.jpg
9,009555.jpg
2,009556.jpg
3,009557.jpg
8,009558.jpg
3,009559.jpg
4,009560.jpg
7,009561.jpg
2,009562.jpg
2,009563.jpg
5,009564.jpg
3,009565.jpg
2,009566.jpg
7,009567.jpg
4,009568.jpg
8,009569.jpg
2,009570.jpg
0,009571.jpg
4,009572.jpg
4,009573.jpg
5,009574.jpg
9,009575.jpg
5,009576.jpg
5,009577.jpg
8,009578.jpg
0,009579.jpg
9,009580.jpg
7,009581.jpg
4,009582.jpg
1,009583.jpg
1,009584.jpg
2,009585.jpg
9,009586.jpg
3,009587.jpg
4,009588.jpg
7,009589.jpg
7,009590.jpg
5,009591.jpg
8,009592.jpg
4,009593.jpg
2,009594.jpg
1,009595.jpg
1,009596.jpg
6,009597.jpg
5,009598.jpg
8,009599.jpg
9,009600.jpg
6,009601.jpg
3,009602.jpg
0,009603.jpg
7,009604.jpg
2,009605.jpg
3,009606.jpg
4,009607.jpg
6,009608.jpg
7,009609.jpg
4,009610.jpg
2,009611.jpg
8,009612.jpg
7,009613.jpg
4,009614.jpg
4,009615.jpg
6,009616.jpg
9,009617.jpg
1,009618.jpg
1,009619.jpg
7,009620.jpg
6,009621.jpg
1,009622.jpg
6,009623.jpg
3,009624.jpg
3,009625.jpg
6,009626.jpg
1,009627.jpg
0,009628.jpg
8,009629.jpg
9,009630.jpg
3,009631.jpg
7,009632.jpg
7,009633.jpg
4,009634.jpg
9,009635.jpg
7,009636.jpg
3,009637.jpg
4,009638.jpg
3,009639.jpg
4,009640.jpg
8,009641.jpg
8,009642.jpg
9,009643.jpg
5,009644.jpg
4,009645.jpg
3,009646.jpg
4,009647.jpg
1,009648.jpg
6,009649.jpg
8,009650.jpg
2,009651.jpg
6,009652.jpg
8,009653.jpg
8,009654.jpg
1,009655.jpg
6,009656.jpg
0,009657.jpg
7,009658.jpg
0,009659.jpg
6,009660.jpg
2,009661.jpg
2,009662.jpg
8,009663.jpg
2,009664.jpg
2,009665.jpg
6,009666.jpg
3,009667.jpg
1,009668.jpg
9,009669.jpg
6,009670.jpg
9,009671.jpg
6,009672.jpg
8,009673.jpg
2,009674.jpg
3,009675.jpg
5,009676.jpg
5,009677.jpg
4,009678.jpg
7,009679.jpg
3,009680.jpg
9,009681.jpg
2,009682.jpg
7,009683.jpg
0,009684.jpg
0,009685.jpg
7,009686.jpg
4,009687.jpg
6,009688.jpg
8,009689.jpg
9,009690.jpg
1,009691.jpg
4,009692.jpg
3,009693.jpg
7,009694.jpg
7,009695.jpg
0,009696.jpg
5,009697.jpg
9,009698.jpg
7,009699.jpg
5,009700.jpg
9,009701.jpg
9,009702.jpg
3,009703.jpg
1,009704.jpg
7,009705.jpg
0,009706.jpg
2,009707.jpg
1,009708.jpg
7,009709.jpg
6,009710.jpg
6,009711.jpg
1,009712.jpg
6,009713.jpg
7,009714.jpg
0,009715.jpg
3,009716.jpg
8,009717.jpg
4,009718.jpg
8,009719.jpg
7,009720.jpg
2,009721.jpg
3,009722.jpg
4,009723.jpg
6,009724.jpg
8,009725.jpg
9,009726.jpg
3,009727.jpg
5,009728.jpg
4,009729.jpg
1,009730.jpg
7,009731.jpg
8,009732.jpg
0,009733.jpg
4,009734.jpg
7,009735.jpg
7,009736.jpg
6,009737.jpg
4,009738.jpg
2,009739.jpg
4,009740.jpg
8,009741.jpg
0,009742.jpg
8,009743.jpg
1,009744.jpg
0,009745.jpg
5,009746.jpg
9,009747.jpg
3,009748.jpg
9,009749.jpg
5,009750.jpg
8,009751.jpg
5,009752.jpg
6,009753.jpg
4,009754.jpg
5,009755.jpg
2,009756.jpg
5,009757.jpg
8,009758.jpg
3,009759.jpg
9,009760.jpg
1,009761.jpg
8,009762.jpg
3,009763.jpg
6,009764.jpg
2,009765.jpg
6,009766.jpg
0,009767.jpg
9,009768.jpg
0,009769.jpg
7,009770.jpg
8,009771.jpg
9,009772.jpg
0,009773.jpg
3,009774.jpg
0,009775.jpg
7,009776.jpg
7,009777.jpg
0,009778.jpg
1,009779.jpg
3,009780.jpg
2,009781.jpg
3,009782.jpg
4,009783.jpg
9,009784.jpg
5,009785.jpg
4,009786.jpg
8,009787.jpg
8,009788.jpg
1,009789.jpg
9,009790.jpg
8,009791.jpg
0,009792.jpg
4,009793.jpg
2,009794.jpg
4,009795.jpg
6,009796.jpg
3,009797.jpg
6,009798.jpg
2,009799.jpg
4,009800.jpg
9,009801.jpg
5,009802.jpg
1,009803.jpg
8,009804.jpg
0,009805.jpg
3,009806.jpg
6,009807.jpg
1,009808.jpg
3,009809.jpg
2,009810.jpg
6,009811.jpg
2,009812.jpg
9,009813.jpg
7,009814.jpg
4,009815.jpg
2,009816.jpg
2,009817.jpg
0,009818.jpg
3,009819.jpg
2,009820.jpg
8,009821.jpg
5,009822.jpg
4,009823.jpg
5,009824.jpg
5,009825.jpg
6,009826.jpg
1,009827.jpg
3,009828.jpg
8,009829.jpg
1,009830.jpg
4,009831.jpg
3,009832.jpg
5,009833.jpg
5,009834.jpg
6,009835.jpg
6,009836.jpg
9,009837.jpg
5,009838.jpg
3,009839.jpg
1,009840.jpg
0,009841.jpg
2,009842.jpg
8,009843.jpg
3,009844.jpg
7,009845.jpg
1,009846.jpg
3,009847.jpg
4,009848.jpg
6,009849.jpg
7,009850.jpg
0,009851.jpg
2,009852.jpg
6,009853.jpg
1,009854.jpg
3,009855.jpg
7,009856.jpg
3,009857.jpg
1,009858.jpg
1,009859.jpg
6,009860.jpg
0,009861.jpg
5,009862.jpg
5,009863.jpg
1,009864.jpg
0,009865.jpg
5,009866.jpg
5,009867.jpg
0,009868.jpg
9,009869.jpg
5,009870.jpg
5,009871.jpg
7,009872.jpg
0,009873.jpg
7,009874.jpg
1,009875.jpg
6,009876.jpg
3,009877.jpg
3,009878.jpg
8,009879.jpg
5,009880.jpg
0,009881.jpg
0,009882.jpg
3,009883.jpg
8,009884.jpg
8,009885.jpg
0,009886.jpg
3,009887.jpg
5,009888.jpg
5,009889.jpg
0,009890.jpg
2,009891.jpg
4,009892.jpg
2,009893.jpg
2,009894.jpg
0,009895.jpg
4,009896.jpg
5,009897.jpg
3,009898.jpg
9,009899.jpg
4,009900.jpg
1,009901.jpg
2,009902.jpg
4,009903.jpg
7,009904.jpg
6,009905.jpg
7,009906.jpg
2,009907.jpg
9,009908.jpg
3,009909.jpg
0,009910.jpg
8,009911.jpg
1,009912.jpg
2,009913.jpg
9,009914.jpg
8,009915.jpg
9,009916.jpg
0,009917.jpg
3,009918.jpg
6,009919.jpg
3,009920.jpg
5,009921.jpg
9,009922.jpg
5,009923.jpg
8,009924.jpg
9,009925.jpg
3,009926.jpg
8,009927.jpg
1,009928.jpg
4,009929.jpg
0,009930.jpg
8,009931.jpg
2,009932.jpg
1,009933.jpg
4,009934.jpg
5,009935.jpg
9,009936.jpg
3,009937.jpg
6,009938.jpg
6,009939.jpg
6,009940.jpg
7,009941.jpg
2,009942.jpg
8,009943.jpg
5,009944.jpg
7,009945.jpg
2,009946.jpg
5,009947.jpg
3,009948.jpg
8,009949.jpg
6,009950.jpg
3,009951.jpg
2,009952.jpg
1,009953.jpg
6,009954.jpg
2,009955.jpg
6,009956.jpg
3,009957.jpg
3,009958.jpg
1,009959.jpg
6,009960.jpg
4,009961.jpg
5,009962.jpg
3,009963.jpg
6,009964.jpg
9,009965.jpg
5,009966.jpg
2,009967.jpg
2,009968.jpg
0,009969.jpg
6,009970.jpg
5,009971.jpg
6,009972.jpg
4,009973.jpg
1,009974.jpg
7,009975.jpg
5,009976.jpg
1,009977.jpg
6,009978.jpg
5,009979.jpg
9,009980.jpg
0,009981.jpg
8,009982.jpg
3,009983.jpg
5,009984.jpg
3,009985.jpg
5,009986.jpg
3,009987.jpg
1,009988.jpg
3,009989.jpg
7,009990.jpg
9,009991.jpg
9,009992.jpg
4,009993.jpg
4,009994.jpg
7,009995.jpg
5,009996.jpg
0,009997.jpg
6,009998.jpg
6,009999.jpg
8,010000.jpg
7,010001.jpg
6,010002.jpg
8,010003.jpg
7,010004.jpg
7,010005.jpg
2,010006.jpg
0,010007.jpg
5,010008.jpg
3,010009.jpg
5,010010.jpg
5,010011.jpg
1,010012.jpg
3,010013.jpg
9,010014.jpg
4,010015.jpg
1,010016.jpg
9,010017.jpg
3,010018.jpg
2,010019.jpg
8,010020.jpg
2,010021.jpg
9,010022.jpg
3,010023.jpg
4,010024.jpg
5,010025.jpg
1,010026.jpg
0,010027.jpg
3,010028.jpg
2,010029.jpg
8,010030.jpg
5,010031.jpg
3,010032.jpg
8,010033.jpg
2,010034.jpg
2,010035.jpg
9,010036.jpg
7,010037.jpg
7,010038.jpg
9,010039.jpg
9,010040.jpg
1,010041.jpg
2,010042.jpg
6,010043.jpg
7,010044.jpg
6,010045.jpg
6,010046.jpg
6,010047.jpg
6,010048.jpg
7,010049.jpg
3,010050.jpg
7,010051.jpg
8,010052.jpg
5,010053.jpg
9,010054.jpg
5,010055.jpg
9,010056.jpg
1,010057.jpg
5,010058.jpg
9,010059.jpg
8,010060.jpg
3,010061.jpg
6,010062.jpg
1,010063.jpg
1,010064.jpg
0,010065.jpg
3,010066.jpg
3,010067.jpg
1,010068.jpg
2,010069.jpg
9,010070.jpg
8,010071.jpg
9,010072.jpg
5,010073.jpg
1,010074.jpg
0,010075.jpg
6,010076.jpg
2,010077.jpg
3,010078.jpg
0,010079.jpg
0,010080.jpg
8,010081.jpg
8,010082.jpg
5,010083.jpg
7,010084.jpg
3,010085.jpg
6,010086.jpg
9,010087.jpg
7,010088.jpg
3,010089.jpg
6,010090.jpg
4,010091.jpg
8,010092.jpg
5,010093.jpg
0,010094.jpg
8,010095.jpg
3,010096.jpg
6,010097.jpg
7,010098.jpg
1,010099.jpg
5,010100.jpg
1,010101.jpg
7,010102.jpg
6,010103.jpg
4,010104.jpg
1,010105.jpg
6,010106.jpg
9,010107.jpg
8,010108.jpg
1,010109.jpg
1,010110.jpg
7,010111.jpg
7,010112.jpg
0,010113.jpg
7,010114.jpg
4,010115.jpg
9,010116.jpg
4,010117.jpg
2,010118.jpg
9,010119.jpg
9,010120.jpg
9,010121.jpg
6,010122.jpg
5,010123.jpg
2,010124.jpg
3,010125.jpg
5,010126.jpg
6,010127.jpg
5,010128.jpg
1,010129.jpg
9,010130.jpg
6,010131.jpg
1,010132.jpg
5,010133.jpg
6,010134.jpg
9,010135.jpg
3,010136.jpg
5,010137.jpg
3,010138.jpg
5,010139.jpg
3,010140.jpg
2,010141.jpg
7,010142.jpg
0,010143.jpg
9,010144.jpg
1,010145.jpg
1,010146.jpg
2,010147.jpg
1,010148.jpg
3,010149.jpg
6,010150.jpg
4,010151.jpg
8,010152.jpg
4,010153.jpg
1,010154.jpg
3,010155.jpg
2,010156.jpg
6,010157.jpg
2,010158.jpg
0,010159.jpg
9,010160.jpg
5,010161.jpg
8,010162.jpg
6,010163.jpg
5,010164.jpg
5,010165.jpg
6,010166.jpg
8,010167.jpg
0,010168.jpg
8,010169.jpg
3,010170.jpg
9,010171.jpg
6,010172.jpg
9,010173.jpg
8,010174.jpg
3,010175.jpg
2,010176.jpg
5,010177.jpg
8,010178.jpg
3,010179.jpg
9,010180.jpg
0,010181.jpg
9,010182.jpg
9,010183.jpg
8,010184.jpg
1,010185.jpg
3,010186.jpg
8,010187.jpg
4,010188.jpg
9,010189.jpg
9,010190.jpg
0,010191.jpg
3,010192.jpg
0,010193.jpg
0,010194.jpg
6,010195.jpg
7,010196.jpg
8,010197.jpg
6,010198.jpg
6,010199.jpg
4,010200.jpg
6,010201.jpg
3,010202.jpg
9,010203.jpg
0,010204.jpg
4,010205.jpg
6,010206.jpg
7,010207.jpg
2,010208.jpg
5,010209.jpg
6,010210.jpg
2,010211.jpg
9,010212.jpg
7,010213.jpg
0,010214.jpg
2,010215.jpg
2,010216.jpg
3,010217.jpg
8,010218.jpg
4,010219.jpg
7,010220.jpg
6,010221.jpg
8,010222.jpg
7,010223.jpg
3,010224.jpg
6,010225.jpg
2,010226.jpg
1,010227.jpg
3,010228.jpg
7,010229.jpg
0,010230.jpg
4,010231.jpg
7,010232.jpg
7,010233.jpg
5,010234.jpg
9,010235.jpg
4,010236.jpg
9,010237.jpg
4,010238.jpg
7,010239.jpg
1,010240.jpg
5,010241.jpg
4,010242.jpg
6,010243.jpg
2,010244.jpg
7,010245.jpg
1,010246.jpg
6,010247.jpg
1,010248.jpg
4,010249.jpg
5,010250.jpg
5,010251.jpg
8,010252.jpg
2,010253.jpg
9,010254.jpg
9,010255.jpg
9,010256.jpg
4,010257.jpg
7,010258.jpg
7,010259.jpg
5,010260.jpg
2,010261.jpg
0,010262.jpg
9,010263.jpg
1,010264.jpg
5,010265.jpg
0,010266.jpg
4,010267.jpg
9,010268.jpg
6,010269.jpg
8,010270.jpg
8,010271.jpg
3,010272.jpg
3,010273.jpg
6,010274.jpg
2,010275.jpg
6,010276.jpg
4,010277.jpg
5,010278.jpg
8,010279.jpg
0,010280.jpg
5,010281.jpg
2,010282.jpg
3,010283.jpg
4,010284.jpg
9,010285.jpg
2,010286.jpg
8,010287.jpg
5,010288.jpg
7,010289.jpg
4,010290.jpg
4,010291.jpg
0,010292.jpg
5,010293.jpg
3,010294.jpg
5,010295.jpg
3,010296.jpg
5,010297.jpg
3,010298.jpg
0,010299.jpg
0,010300.jpg
4,010301.jpg
5,010302.jpg
0,010303.jpg
1,010304.jpg
7,010305.jpg
6,010306.jpg
7,010307.jpg
9,010308.jpg
0,010309.jpg
8,010310.jpg
1,010311.jpg
4,010312.jpg
9,010313.jpg
0,010314.jpg
6,010315.jpg
9,010316.jpg
8,010317.jpg
8,010318.jpg
9,010319.jpg
2,010320.jpg
9,010321.jpg
3,010322.jpg
4,010323.jpg
2,010324.jpg
2,010325.jpg
5,010326.jpg
9,010327.jpg
9,010328.jpg
4,010329.jpg
1,010330.jpg
9,010331.jpg
4,010332.jpg
4,010333.jpg
5,010334.jpg
1,010335.jpg
9,010336.jpg
2,010337.jpg
6,010338.jpg
1,010339.jpg
2,010340.jpg
5,010341.jpg
7,010342.jpg
3,010343.jpg
9,010344.jpg
9,010345.jpg
2,010346.jpg
2,010347.jpg
7,010348.jpg
1,010349.jpg
5,010350.jpg
0,010351.jpg
9,010352.jpg
6,010353.jpg
6,010354.jpg
4,010355.jpg
5,010356.jpg
4,010357.jpg
4,010358.jpg
1,010359.jpg
1,010360.jpg
6,010361.jpg
8,010362.jpg
0,010363.jpg
7,010364.jpg
9,010365.jpg
2,010366.jpg
3,010367.jpg
0,010368.jpg
8,010369.jpg
7,010370.jpg
3,010371.jpg
2,010372.jpg
2,010373.jpg
5,010374.jpg
3,010375.jpg
5,010376.jpg
5,010377.jpg
0,010378.jpg
8,010379.jpg
1,010380.jpg
4,010381.jpg
5,010382.jpg
1,010383.jpg
8,010384.jpg
6,010385.jpg
1,010386.jpg
1,010387.jpg
0,010388.jpg
1,010389.jpg
5,010390.jpg
1,010391.jpg
9,010392.jpg
5,010393.jpg
9,010394.jpg
1,010395.jpg
0,010396.jpg
4,010397.jpg
9,010398.jpg
5,010399.jpg
9,010400.jpg
2,010401.jpg
6,010402.jpg
3,010403.jpg
7,010404.jpg
7,010405.jpg
3,010406.jpg
7,010407.jpg
2,010408.jpg
8,010409.jpg
1,010410.jpg
5,010411.jpg
0,010412.jpg
2,010413.jpg
8,010414.jpg
3,010415.jpg
6,010416.jpg
6,010417.jpg
1,010418.jpg
0,010419.jpg
8,010420.jpg
1,010421.jpg
3,010422.jpg
5,010423.jpg
5,010424.jpg
1,010425.jpg
4,010426.jpg
8,010427.jpg
9,010428.jpg
3,010429.jpg
0,010430.jpg
3,010431.jpg
3,010432.jpg
5,010433.jpg
6,010434.jpg
4,010435.jpg
6,010436.jpg
1,010437.jpg
3,010438.jpg
0,010439.jpg
0,010440.jpg
7,010441.jpg
5,010442.jpg
2,010443.jpg
9,010444.jpg
2,010445.jpg
8,010446.jpg
0,010447.jpg
4,010448.jpg
2,010449.jpg
2,010450.jpg
0,010451.jpg
7,010452.jpg
9,010453.jpg
7,010454.jpg
7,010455.jpg
6,010456.jpg
4,010457.jpg
0,010458.jpg
3,010459.jpg
3,010460.jpg
6,010461.jpg
2,010462.jpg
0,010463.jpg
4,010464.jpg
5,010465.jpg
8,010466.jpg
1,010467.jpg
3,010468.jpg
5,010469.jpg
9,010470.jpg
6,010471.jpg
6,010472.jpg
0,010473.jpg
6,010474.jpg
5,010475.jpg
8,010476.jpg
8,010477.jpg
4,010478.jpg
7,010479.jpg
6,010480.jpg
2,010481.jpg
7,010482.jpg
3,010483.jpg
4,010484.jpg
1,010485.jpg
5,010486.jpg
8,010487.jpg
5,010488.jpg
5,010489.jpg
2,010490.jpg
8,010491.jpg
3,010492.jpg
3,010493.jpg
0,010494.jpg
7,010495.jpg
8,010496.jpg
4,010497.jpg
1,010498.jpg
4,010499.jpg
3,010500.jpg
1,010501.jpg
3,010502.jpg
8,010503.jpg
1,010504.jpg
9,010505.jpg
3,010506.jpg
4,010507.jpg
9,010508.jpg
8,010509.jpg
0,010510.jpg
6,010511.jpg
1,010512.jpg
1,010513.jpg
4,010514.jpg
4,010515.jpg
5,010516.jpg
3,010517.jpg
2,010518.jpg
4,010519.jpg
0,010520.jpg
7,010521.jpg
9,010522.jpg
2,010523.jpg
4,010524.jpg
9,010525.jpg
9,010526.jpg
9,010527.jpg
0,010528.jpg
7,010529.jpg
1,010530.jpg
3,010531.jpg
7,010532.jpg
4,010533.jpg
3,010534.jpg
4,010535.jpg
3,010536.jpg
1,010537.jpg
3,010538.jpg
5,010539.jpg
1,010540.jpg
9,010541.jpg
1,010542.jpg
7,010543.jpg
3,010544.jpg
3,010545.jpg
8,010546.jpg
3,010547.jpg
8,010548.jpg
4,010549.jpg
9,010550.jpg
1,010551.jpg
0,010552.jpg
1,010553.jpg
2,010554.jpg
5,010555.jpg
3,010556.jpg
9,010557.jpg
7,010558.jpg
4,010559.jpg
6,010560.jpg
0,010561.jpg
0,010562.jpg
2,010563.jpg
2,010564.jpg
3,010565.jpg
1,010566.jpg
3,010567.jpg
0,010568.jpg
1,010569.jpg
2,010570.jpg
9,010571.jpg
7,010572.jpg
1,010573.jpg
0,010574.jpg
5,010575.jpg
1,010576.jpg
9,010577.jpg
1,010578.jpg
3,010579.jpg
5,010580.jpg
8,010581.jpg
7,010582.jpg
4,010583.jpg
8,010584.jpg
4,010585.jpg
5,010586.jpg
6,010587.jpg
3,010588.jpg
7,010589.jpg
5,010590.jpg
7,010591.jpg
3,010592.jpg
8,010593.jpg
1,010594.jpg
4,010595.jpg
7,010596.jpg
5,010597.jpg
2,010598.jpg
0,010599.jpg
4,010600.jpg
2,010601.jpg
8,010602.jpg
7,010603.jpg
7,010604.jpg
4,010605.jpg
9,010606.jpg
2,010607.jpg
3,010608.jpg
6,010609.jpg
9,010610.jpg
6,010611.jpg
7,010612.jpg
3,010613.jpg
5,010614.jpg
2,010615.jpg
9,010616.jpg
9,010617.jpg
2,010618.jpg
6,010619.jpg
0,010620.jpg
6,010621.jpg
6,010622.jpg
4,010623.jpg
7,010624.jpg
3,010625.jpg
5,010626.jpg
7,010627.jpg
2,010628.jpg
0,010629.jpg
0,010630.jpg
6,010631.jpg
9,010632.jpg
6,010633.jpg
1,010634.jpg
3,010635.jpg
0,010636.jpg
4,010637.jpg
2,010638.jpg
1,010639.jpg
3,010640.jpg
4,010641.jpg
9,010642.jpg
5,010643.jpg
9,010644.jpg
4,010645.jpg
8,010646.jpg
0,010647.jpg
5,010648.jpg
8,010649.jpg
8,010650.jpg
0,010651.jpg
4,010652.jpg
6,010653.jpg
2,010654.jpg
0,010655.jpg
4,010656.jpg
7,010657.jpg
8,010658.jpg
8,010659.jpg
4,010660.jpg
7,010661.jpg
7,010662.jpg
4,010663.jpg
5,010664.jpg
5,010665.jpg
4,010666.jpg
1,010667.jpg
7,010668.jpg
9,010669.jpg
4,010670.jpg
1,010671.jpg
8,010672.jpg
5,010673.jpg
3,010674.jpg
3,010675.jpg
0,010676.jpg
5,010677.jpg
7,010678.jpg
9,010679.jpg
7,010680.jpg
1,010681.jpg
0,010682.jpg
2,010683.jpg
6,010684.jpg
5,010685.jpg
2,010686.jpg
5,010687.jpg
9,010688.jpg
9,010689.jpg
2,010690.jpg
1,010691.jpg
9,010692.jpg
5,010693.jpg
6,010694.jpg
8,010695.jpg
2,010696.jpg
5,010697.jpg
5,010698.jpg
0,010699.jpg
3,010700.jpg
6,010701.jpg
4,010702.jpg
0,010703.jpg
1,010704.jpg
6,010705.jpg
2,010706.jpg
5,010707.jpg
5,010708.jpg
7,010709.jpg
7,010710.jpg
6,010711.jpg
8,010712.jpg
2,010713.jpg
6,010714.jpg
7,010715.jpg
1,010716.jpg
7,010717.jpg
9,010718.jpg
2,010719.jpg
9,010720.jpg
3,010721.jpg
8,010722.jpg
8,010723.jpg
8,010724.jpg
0,010725.jpg
9,010726.jpg
0,010727.jpg
6,010728.jpg
3,010729.jpg
1,010730.jpg
1,010731.jpg
9,010732.jpg
6,010733.jpg
9,010734.jpg
2,010735.jpg
9,010736.jpg
5,010737.jpg
9,010738.jpg
9,010739.jpg
9,010740.jpg
2,010741.jpg
8,010742.jpg
3,010743.jpg
6,010744.jpg
8,010745.jpg
6,010746.jpg
5,010747.jpg
8,010748.jpg
9,010749.jpg
5,010750.jpg
6,010751.jpg
3,010752.jpg
7,010753.jpg
8,010754.jpg
7,010755.jpg
5,010756.jpg
8,010757.jpg
7,010758.jpg
6,010759.jpg
3,010760.jpg
7,010761.jpg
2,010762.jpg
9,010763.jpg
8,010764.jpg
0,010765.jpg
2,010766.jpg
1,010767.jpg
0,010768.jpg
6,010769.jpg
1,010770.jpg
6,010771.jpg
5,010772.jpg
6,010773.jpg
4,010774.jpg
2,010775.jpg
8,010776.jpg
1,010777.jpg
9,010778.jpg
2,010779.jpg
9,010780.jpg
5,010781.jpg
6,010782.jpg
4,010783.jpg
8,010784.jpg
2,010785.jpg
3,010786.jpg
9,010787.jpg
4,010788.jpg
3,010789.jpg
3,010790.jpg
9,010791.jpg
0,010792.jpg
1,010793.jpg
5,010794.jpg
6,010795.jpg
4,010796.jpg
6,010797.jpg
5,010798.jpg
3,010799.jpg
3,010800.jpg
6,010801.jpg
7,010802.jpg
9,010803.jpg
7,010804.jpg
1,010805.jpg
3,010806.jpg
7,010807.jpg
8,010808.jpg
4,010809.jpg
8,010810.jpg
4,010811.jpg
3,010812.jpg
6,010813.jpg
6,010814.jpg
4,010815.jpg
4,010816.jpg
3,010817.jpg
2,010818.jpg
4,010819.jpg
4,010820.jpg
9,010821.jpg
7,010822.jpg
5,010823.jpg
9,010824.jpg
9,010825.jpg
3,010826.jpg
0,010827.jpg
2,010828.jpg
6,010829.jpg
7,010830.jpg
6,010831.jpg
8,010832.jpg
0,010833.jpg
2,010834.jpg
2,010835.jpg
9,010836.jpg
6,010837.jpg
0,010838.jpg
1,010839.jpg
9,010840.jpg
3,010841.jpg
3,010842.jpg
9,010843.jpg
0,010844.jpg
9,010845.jpg
1,010846.jpg
4,010847.jpg
5,010848.jpg
4,010849.jpg
4,010850.jpg
9,010851.jpg
7,010852.jpg
8,010853.jpg
7,010854.jpg
5,010855.jpg
0,010856.jpg
4,010857.jpg
4,010858.jpg
8,010859.jpg
8,010860.jpg
5,010861.jpg
7,010862.jpg
4,010863.jpg
8,010864.jpg
9,010865.jpg
3,010866.jpg
9,010867.jpg
4,010868.jpg
6,010869.jpg
7,010870.jpg
8,010871.jpg
9,010872.jpg
0,010873.jpg
5,010874.jpg
6,010875.jpg
2,010876.jpg
2,010877.jpg
3,010878.jpg
5,010879.jpg
4,010880.jpg
4,010881.jpg
3,010882.jpg
7,010883.jpg
8,010884.jpg
2,010885.jpg
5,010886.jpg
6,010887.jpg
6,010888.jpg
1,010889.jpg
8,010890.jpg
7,010891.jpg
2,010892.jpg
4,010893.jpg
2,010894.jpg
8,010895.jpg
4,010896.jpg
0,010897.jpg
2,010898.jpg
2,010899.jpg
7,010900.jpg
4,010901.jpg
0,010902.jpg
9,010903.jpg
9,010904.jpg
1,010905.jpg
3,010906.jpg
5,010907.jpg
4,010908.jpg
7,010909.jpg
3,010910.jpg
8,010911.jpg
5,010912.jpg
3,010913.jpg
6,010914.jpg
9,010915.jpg
6,010916.jpg
1,010917.jpg
9,010918.jpg
7,010919.jpg
0,010920.jpg
4,010921.jpg
0,010922.jpg
8,010923.jpg
2,010924.jpg
7,010925.jpg
6,010926.jpg
6,010927.jpg
0,010928.jpg
4,010929.jpg
8,010930.jpg
6,010931.jpg
2,010932.jpg
5,010933.jpg
8,010934.jpg
4,010935.jpg
7,010936.jpg
0,010937.jpg
8,010938.jpg
2,010939.jpg
3,010940.jpg
8,010941.jpg
8,010942.jpg
3,010943.jpg
6,010944.jpg
4,010945.jpg
2,010946.jpg
5,010947.jpg
0,010948.jpg
0,010949.jpg
5,010950.jpg
1,010951.jpg
9,010952.jpg
8,010953.jpg
5,010954.jpg
8,010955.jpg
8,010956.jpg
7,010957.jpg
3,010958.jpg
5,010959.jpg
9,010960.jpg
8,010961.jpg
2,010962.jpg
1,010963.jpg
9,010964.jpg
2,010965.jpg
3,010966.jpg
4,010967.jpg
8,010968.jpg
3,010969.jpg
6,010970.jpg
8,010971.jpg
0,010972.jpg
7,010973.jpg
3,010974.jpg
6,010975.jpg
6,010976.jpg
7,010977.jpg
3,010978.jpg
8,010979.jpg
1,010980.jpg
0,010981.jpg
1,010982.jpg
4,010983.jpg
0,010984.jpg
2,010985.jpg
0,010986.jpg
8,010987.jpg
8,010988.jpg
7,010989.jpg
8,010990.jpg
6,010991.jpg
5,010992.jpg
6,010993.jpg
9,010994.jpg
6,010995.jpg
9,010996.jpg
2,010997.jpg
5,010998.jpg
5,010999.jpg
8,011000.jpg
2,011001.jpg
2,011002.jpg
0,011003.jpg
4,011004.jpg
4,011005.jpg
5,011006.jpg
6,011007.jpg
1,011008.jpg
1,011009.jpg
6,011010.jpg
5,011011.jpg
7,011012.jpg
9,011013.jpg
8,011014.jpg
2,011015.jpg
0,011016.jpg
5,011017.jpg
9,011018.jpg
6,011019.jpg
9,011020.jpg
0,011021.jpg
6,011022.jpg
8,011023.jpg
1,011024.jpg
1,011025.jpg
5,011026.jpg
0,011027.jpg
5,011028.jpg
2,011029.jpg
5,011030.jpg
0,011031.jpg
0,011032.jpg
9,011033.jpg
5,011034.jpg
1,011035.jpg
0,011036.jpg
2,011037.jpg
6,011038.jpg
7,011039.jpg
7,011040.jpg
9,011041.jpg
4,011042.jpg
1,011043.jpg
0,011044.jpg
1,011045.jpg
0,011046.jpg
9,011047.jpg
9,011048.jpg
1,011049.jpg
6,011050.jpg
2,011051.jpg
8,011052.jpg
1,011053.jpg
4,011054.jpg
2,011055.jpg
9,011056.jpg
8,011057.jpg
0,011058.jpg
9,011059.jpg
0,011060.jpg
6,011061.jpg
5,011062.jpg
6,011063.jpg
4,011064.jpg
5,011065.jpg
7,011066.jpg
3,011067.jpg
3,011068.jpg
5,011069.jpg
9,011070.jpg
8,011071.jpg
6,011072.jpg
1,011073.jpg
6,011074.jpg
9,011075.jpg
5,011076.jpg
3,011077.jpg
8,011078.jpg
8,011079.jpg
1,011080.jpg
6,011081.jpg
9,011082.jpg
5,011083.jpg
1,011084.jpg
4,011085.jpg
6,011086.jpg
4,011087.jpg
1,011088.jpg
4,011089.jpg
3,011090.jpg
8,011091.jpg
7,011092.jpg
6,011093.jpg
5,011094.jpg
1,011095.jpg
8,011096.jpg
5,011097.jpg
8,011098.jpg
3,011099.jpg
7,011100.jpg
9,011101.jpg
2,011102.jpg
7,011103.jpg
6,011104.jpg
7,011105.jpg
1,011106.jpg
8,011107.jpg
4,011108.jpg
1,011109.jpg
4,011110.jpg
4,011111.jpg
2,011112.jpg
1,011113.jpg
9,011114.jpg
7,011115.jpg
2,011116.jpg
8,011117.jpg
9,011118.jpg
9,011119.jpg
3,011120.jpg
9,011121.jpg
3,011122.jpg
1,011123.jpg
2,011124.jpg
9,011125.jpg
2,011126.jpg
4,011127.jpg
7,011128.jpg
5,011129.jpg
2,011130.jpg
0,011131.jpg
8,011132.jpg
2,011133.jpg
4,011134.jpg
6,011135.jpg
3,011136.jpg
3,011137.jpg
1,011138.jpg
6,011139.jpg
6,011140.jpg
8,011141.jpg
7,011142.jpg
9,011143.jpg
5,011144.jpg
5,011145.jpg
9,011146.jpg
8,011147.jpg
7,011148.jpg
4,011149.jpg
2,011150.jpg
8,011151.jpg
6,011152.jpg
9,011153.jpg
6,011154.jpg
5,011155.jpg
6,011156.jpg
7,011157.jpg
7,011158.jpg
6,011159.jpg
1,011160.jpg
1,011161.jpg
9,011162.jpg
4,011163.jpg
6,011164.jpg
0,011165.jpg
3,011166.jpg
2,011167.jpg
7,011168.jpg
8,011169.jpg
2,011170.jpg
3,011171.jpg
4,011172.jpg
9,011173.jpg
8,011174.jpg
1,011175.jpg
0,011176.jpg
8,011177.jpg
8,011178.jpg
0,011179.jpg
1,011180.jpg
0,011181.jpg
3,011182.jpg
4,011183.jpg
1,011184.jpg
7,011185.jpg
9,011186.jpg
0,011187.jpg
7,011188.jpg
1,011189.jpg
1,011190.jpg
4,011191.jpg
4,011192.jpg
9,011193.jpg
2,011194.jpg
5,011195.jpg
7,011196.jpg
2,011197.jpg
5,011198.jpg
4,011199.jpg
8,011200.jpg
4,011201.jpg
6,011202.jpg
7,011203.jpg
8,011204.jpg
8,011205.jpg
4,011206.jpg
4,011207.jpg
4,011208.jpg
6,011209.jpg
5,011210.jpg
3,011211.jpg
9,011212.jpg
7,011213.jpg
4,011214.jpg
9,011215.jpg
3,011216.jpg
1,011217.jpg
1,011218.jpg
0,011219.jpg
7,011220.jpg
1,011221.jpg
9,011222.jpg
4,011223.jpg
3,011224.jpg
2,011225.jpg
3,011226.jpg
6,011227.jpg
0,011228.jpg
7,011229.jpg
8,011230.jpg
0,011231.jpg
3,011232.jpg
5,011233.jpg
5,011234.jpg
9,011235.jpg
8,011236.jpg
8,011237.jpg
9,011238.jpg
9,011239.jpg
8,011240.jpg
2,011241.jpg
6,011242.jpg
8,011243.jpg
1,011244.jpg
9,011245.jpg
4,011246.jpg
6,011247.jpg
3,011248.jpg
2,011249.jpg
7,011250.jpg
8,011251.jpg
6,011252.jpg
1,011253.jpg
8,011254.jpg
7,011255.jpg
0,011256.jpg
8,011257.jpg
5,011258.jpg
6,011259.jpg
6,011260.jpg
9,011261.jpg
9,011262.jpg
5,011263.jpg
3,011264.jpg
6,011265.jpg
8,011266.jpg
0,011267.jpg
1,011268.jpg
1,011269.jpg
4,011270.jpg
5,011271.jpg
9,011272.jpg
8,011273.jpg
2,011274.jpg
3,011275.jpg
0,011276.jpg
4,011277.jpg
7,011278.jpg
5,011279.jpg
0,011280.jpg
9,011281.jpg
7,011282.jpg
7,011283.jpg
3,011284.jpg
9,011285.jpg
9,011286.jpg
6,011287.jpg
2,011288.jpg
0,011289.jpg
4,011290.jpg
3,011291.jpg
0,011292.jpg
7,011293.jpg
6,011294.jpg
6,011295.jpg
7,011296.jpg
6,011297.jpg
1,011298.jpg
6,011299.jpg
4,011300.jpg
3,011301.jpg
5,011302.jpg
6,011303.jpg
4,011304.jpg
9,011305.jpg
2,011306.jpg
9,011307.jpg
1,011308.jpg
6,011309.jpg
2,011310.jpg
4,011311.jpg
5,011312.jpg
6,011313.jpg
0,011314.jpg
5,011315.jpg
8,011316.jpg
1,011317.jpg
5,011318.jpg
5,011319.jpg
9,011320.jpg
9,011321.jpg
9,011322.jpg
5,011323.jpg
1,011324.jpg
4,011325.jpg
7,011326.jpg
0,011327.jpg
3,011328.jpg
1,011329.jpg
1,011330.jpg
3,011331.jpg
0,011332.jpg
9,011333.jpg
8,011334.jpg
3,011335.jpg
4,011336.jpg
3,011337.jpg
1,011338.jpg
1,011339.jpg
0,011340.jpg
5,011341.jpg
6,011342.jpg
3,011343.jpg
1,011344.jpg
7,011345.jpg
5,011346.jpg
1,011347.jpg
8,011348.jpg
3,011349.jpg
3,011350.jpg
9,011351.jpg
5,011352.jpg
2,011353.jpg
8,011354.jpg
8,011355.jpg
2,011356.jpg
5,011357.jpg
1,011358.jpg
4,011359.jpg
2,011360.jpg
5,011361.jpg
8,011362.jpg
1,011363.jpg
2,011364.jpg
4,011365.jpg
8,011366.jpg
8,011367.jpg
5,011368.jpg
9,011369.jpg
2,011370.jpg
4,011371.jpg
6,011372.jpg
0,011373.jpg
2,011374.jpg
4,011375.jpg
3,011376.jpg
5,011377.jpg
4,011378.jpg
7,011379.jpg
9,011380.jpg
4,011381.jpg
0,011382.jpg
2,011383.jpg
2,011384.jpg
8,011385.jpg
7,011386.jpg
4,011387.jpg
6,011388.jpg
1,011389.jpg
8,011390.jpg
1,011391.jpg
6,011392.jpg
8,011393.jpg
6,011394.jpg
3,011395.jpg
8,011396.jpg
2,011397.jpg
7,011398.jpg
1,011399.jpg
9,011400.jpg
7,011401.jpg
0,011402.jpg
1,011403.jpg
8,011404.jpg
3,011405.jpg
4,011406.jpg
5,011407.jpg
4,011408.jpg
2,011409.jpg
1,011410.jpg
1,011411.jpg
1,011412.jpg
2,011413.jpg
9,011414.jpg
1,011415.jpg
0,011416.jpg
6,011417.jpg
1,011418.jpg
3,011419.jpg
0,011420.jpg
8,011421.jpg
0,011422.jpg
5,011423.jpg
7,011424.jpg
3,011425.jpg
6,011426.jpg
7,011427.jpg
5,011428.jpg
1,011429.jpg
2,011430.jpg
6,011431.jpg
9,011432.jpg
5,011433.jpg
3,011434.jpg
6,011435.jpg
3,011436.jpg
7,011437.jpg
6,011438.jpg
2,011439.jpg
5,011440.jpg
6,011441.jpg
0,011442.jpg
0,011443.jpg
6,011444.jpg
9,011445.jpg
5,011446.jpg
0,011447.jpg
0,011448.jpg
6,011449.jpg
2,011450.jpg
3,011451.jpg
2,011452.jpg
4,011453.jpg
3,011454.jpg
7,011455.jpg
5,011456.jpg
5,011457.jpg
0,011458.jpg
9,011459.jpg
0,011460.jpg
4,011461.jpg
2,011462.jpg
6,011463.jpg
7,011464.jpg
9,011465.jpg
7,011466.jpg
9,011467.jpg
7,011468.jpg
6,011469.jpg
5,011470.jpg
5,011471.jpg
6,011472.jpg
8,011473.jpg
5,011474.jpg
0,011475.jpg
4,011476.jpg
7,011477.jpg
0,011478.jpg
9,011479.jpg
6,011480.jpg
1,011481.jpg
7,011482.jpg
2,011483.jpg
3,011484.jpg
1,011485.jpg
1,011486.jpg
9,011487.jpg
0,011488.jpg
8,011489.jpg
5,011490.jpg
7,011491.jpg
8,011492.jpg
1,011493.jpg
1,011494.jpg
3,011495.jpg
6,011496.jpg
7,011497.jpg
4,011498.jpg
4,011499.jpg
4,011500.jpg
2,011501.jpg
3,011502.jpg
7,011503.jpg
5,011504.jpg
1,011505.jpg
8,011506.jpg
8,011507.jpg
1,011508.jpg
5,011509.jpg
5,011510.jpg
0,011511.jpg
7,011512.jpg
6,011513.jpg
6,011514.jpg
7,011515.jpg
6,011516.jpg
0,011517.jpg
0,011518.jpg
4,011519.jpg
3,011520.jpg
5,011521.jpg
0,011522.jpg
2,011523.jpg
8,011524.jpg
7,011525.jpg
4,011526.jpg
6,011527.jpg
5,011528.jpg
8,011529.jpg
0,011530.jpg
8,011531.jpg
9,011532.jpg
3,011533.jpg
0,011534.jpg
3,011535.jpg
0,011536.jpg
0,011537.jpg
4,011538.jpg
5,011539.jpg
9,011540.jpg
3,011541.jpg
5,011542.jpg
2,011543.jpg
6,011544.jpg
7,011545.jpg
3,011546.jpg
3,011547.jpg
1,011548.jpg
3,011549.jpg
0,011550.jpg
4,011551.jpg
4,011552.jpg
1,011553.jpg
6,011554.jpg
4,011555.jpg
9,011556.jpg
9,011557.jpg
5,011558.jpg
3,011559.jpg
3,011560.jpg
6,011561.jpg
9,011562.jpg
5,011563.jpg
9,011564.jpg
8,011565.jpg
9,011566.jpg
0,011567.jpg
4,011568.jpg
8,011569.jpg
8,011570.jpg
1,011571.jpg
6,011572.jpg
8,011573.jpg
4,011574.jpg
4,011575.jpg
3,011576.jpg
8,011577.jpg
3,011578.jpg
8,011579.jpg
3,011580.jpg
3,011581.jpg
1,011582.jpg
2,011583.jpg
3,011584.jpg
6,011585.jpg
1,011586.jpg
8,011587.jpg
5,011588.jpg
2,011589.jpg
4,011590.jpg
9,011591.jpg
2,011592.jpg
9,011593.jpg
5,011594.jpg
8,011595.jpg
0,011596.jpg
7,011597.jpg
2,011598.jpg
9,011599.jpg
5,011600.jpg
3,011601.jpg
5,011602.jpg
3,011603.jpg
4,011604.jpg
5,011605.jpg
8,011606.jpg
1,011607.jpg
2,011608.jpg
9,011609.jpg
6,011610.jpg
0,011611.jpg
4,011612.jpg
2,011613.jpg
9,011614.jpg
2,011615.jpg
2,011616.jpg
4,011617.jpg
0,011618.jpg
6,011619.jpg
4,011620.jpg
1,011621.jpg
1,011622.jpg
1,011623.jpg
6,011624.jpg
6,011625.jpg
0,011626.jpg
8,011627.jpg
5,011628.jpg
9,011629.jpg
3,011630.jpg
6,011631.jpg
9,011632.jpg
6,011633.jpg
1,011634.jpg
1,011635.jpg
8,011636.jpg
9,011637.jpg
1,011638.jpg
8,011639.jpg
4,011640.jpg
5,011641.jpg
2,011642.jpg
4,011643.jpg
4,011644.jpg
6,011645.jpg
1,011646.jpg
5,011647.jpg
5,011648.jpg
1,011649.jpg
2,011650.jpg
6,011651.jpg
8,011652.jpg
2,011653.jpg
6,011654.jpg
4,011655.jpg
5,011656.jpg
3,011657.jpg
9,011658.jpg
2,011659.jpg
3,011660.jpg
6,011661.jpg
5,011662.jpg
3,011663.jpg
0,011664.jpg
8,011665.jpg
7,011666.jpg
5,011667.jpg
9,011668.jpg
8,011669.jpg
4,011670.jpg
1,011671.jpg
9,011672.jpg
7,011673.jpg
6,011674.jpg
1,011675.jpg
5,011676.jpg
2,011677.jpg
3,011678.jpg
9,011679.jpg
5,011680.jpg
2,011681.jpg
5,011682.jpg
0,011683.jpg
6,011684.jpg
3,011685.jpg
1,011686.jpg
0,011687.jpg
7,011688.jpg
0,011689.jpg
5,011690.jpg
5,011691.jpg
3,011692.jpg
8,011693.jpg
4,011694.jpg
6,011695.jpg
0,011696.jpg
6,011697.jpg
6,011698.jpg
9,011699.jpg
2,011700.jpg
1,011701.jpg
1,011702.jpg
3,011703.jpg
4,011704.jpg
4,011705.jpg
8,011706.jpg
3,011707.jpg
5,011708.jpg
8,011709.jpg
2,011710.jpg
8,011711.jpg
4,011712.jpg
4,011713.jpg
4,011714.jpg
2,011715.jpg
8,011716.jpg
1,011717.jpg
0,011718.jpg
6,011719.jpg
7,011720.jpg
8,011721.jpg
5,011722.jpg
2,011723.jpg
9,011724.jpg
5,011725.jpg
8,011726.jpg
9,011727.jpg
8,011728.jpg
5,011729.jpg
2,011730.jpg
4,011731.jpg
3,011732.jpg
0,011733.jpg
8,011734.jpg
6,011735.jpg
0,011736.jpg
9,011737.jpg
6,011738.jpg
0,011739.jpg
1,011740.jpg
2,011741.jpg
3,011742.jpg
9,011743.jpg
0,011744.jpg
7,011745.jpg
2,011746.jpg
0,011747.jpg
2,011748.jpg
6,011749.jpg
6,011750.jpg
1,011751.jpg
0,011752.jpg
9,011753.jpg
1,011754.jpg
4,011755.jpg
1,011756.jpg
8,011757.jpg
2,011758.jpg
8,011759.jpg
8,011760.jpg
4,011761.jpg
4,011762.jpg
7,011763.jpg
6,011764.jpg
1,011765.jpg
8,011766.jpg
2,011767.jpg
9,011768.jpg
4,011769.jpg
2,011770.jpg
0,011771.jpg
9,011772.jpg
9,011773.jpg
4,011774.jpg
2,011775.jpg
8,011776.jpg
3,011777.jpg
6,011778.jpg
0,011779.jpg
0,011780.jpg
7,011781.jpg
9,011782.jpg
5,011783.jpg
9,011784.jpg
8,011785.jpg
7,011786.jpg
5,011787.jpg
7,011788.jpg
0,011789.jpg
4,011790.jpg
3,011791.jpg
7,011792.jpg
8,011793.jpg
8,011794.jpg
0,011795.jpg
6,011796.jpg
0,011797.jpg
9,011798.jpg
8,011799.jpg
7,011800.jpg
1,011801.jpg
5,011802.jpg
9,011803.jpg
1,011804.jpg
2,011805.jpg
1,011806.jpg
5,011807.jpg
5,011808.jpg
8,011809.jpg
7,011810.jpg
2,011811.jpg
3,011812.jpg
3,011813.jpg
2,011814.jpg
2,011815.jpg
1,011816.jpg
4,011817.jpg
8,011818.jpg
9,011819.jpg
6,011820.jpg
0,011821.jpg
7,011822.jpg
6,011823.jpg
2,011824.jpg
4,011825.jpg
3,011826.jpg
9,011827.jpg
4,011828.jpg
1,011829.jpg
9,011830.jpg
1,011831.jpg
3,011832.jpg
2,011833.jpg
5,011834.jpg
7,011835.jpg
6,011836.jpg
0,011837.jpg
3,011838.jpg
6,011839.jpg
0,011840.jpg
9,011841.jpg
4,011842.jpg
9,011843.jpg
2,011844.jpg
4,011845.jpg
8,011846.jpg
6,011847.jpg
0,011848.jpg
9,011849.jpg
8,011850.jpg
4,011851.jpg
4,011852.jpg
4,011853.jpg
1,011854.jpg
9,011855.jpg
1,011856.jpg
8,011857.jpg
4,011858.jpg
9,011859.jpg
5,011860.jpg
3,011861.jpg
1,011862.jpg
0,011863.jpg
7,011864.jpg
6,011865.jpg
0,011866.jpg
2,011867.jpg
2,011868.jpg
6,011869.jpg
6,011870.jpg
4,011871.jpg
9,011872.jpg
6,011873.jpg
4,011874.jpg
4,011875.jpg
7,011876.jpg
6,011877.jpg
0,011878.jpg
7,011879.jpg
3,011880.jpg
6,011881.jpg
8,011882.jpg
9,011883.jpg
0,011884.jpg
2,011885.jpg
6,011886.jpg
1,011887.jpg
5,011888.jpg
2,011889.jpg
1,011890.jpg
1,011891.jpg
4,011892.jpg
2,011893.jpg
5,011894.jpg
9,011895.jpg
1,011896.jpg
6,011897.jpg
9,011898.jpg
5,011899.jpg
4,011900.jpg
6,011901.jpg
4,011902.jpg
5,011903.jpg
5,011904.jpg
5,011905.jpg
2,011906.jpg
4,011907.jpg
4,011908.jpg
2,011909.jpg
5,011910.jpg
4,011911.jpg
5,011912.jpg
9,011913.jpg
7,011914.jpg
2,011915.jpg
0,011916.jpg
8,011917.jpg
9,011918.jpg
3,011919.jpg
9,011920.jpg
9,011921.jpg
9,011922.jpg
6,011923.jpg
5,011924.jpg
1,011925.jpg
8,011926.jpg
6,011927.jpg
6,011928.jpg
8,011929.jpg
3,011930.jpg
5,011931.jpg
6,011932.jpg
8,011933.jpg
4,011934.jpg
5,011935.jpg
6,011936.jpg
0,011937.jpg
3,011938.jpg
6,011939.jpg
4,011940.jpg
0,011941.jpg
0,011942.jpg
7,011943.jpg
5,011944.jpg
4,011945.jpg
7,011946.jpg
0,011947.jpg
6,011948.jpg
8,011949.jpg
2,011950.jpg
6,011951.jpg
9,011952.jpg
3,011953.jpg
5,011954.jpg
6,011955.jpg
8,011956.jpg
2,011957.jpg
5,011958.jpg
8,011959.jpg
3,011960.jpg
1,011961.jpg
2,011962.jpg
9,011963.jpg
1,011964.jpg
6,011965.jpg
5,011966.jpg
2,011967.jpg
6,011968.jpg
0,011969.jpg
4,011970.jpg
9,011971.jpg
7,011972.jpg
7,011973.jpg
5,011974.jpg
5,011975.jpg
1,011976.jpg
6,011977.jpg
6,011978.jpg
3,011979.jpg
6,011980.jpg
0,011981.jpg
4,011982.jpg
4,011983.jpg
7,011984.jpg
7,011985.jpg
3,011986.jpg
4,011987.jpg
9,011988.jpg
5,011989.jpg
6,011990.jpg
6,011991.jpg
8,011992.jpg
4,011993.jpg
9,011994.jpg
5,011995.jpg
0,011996.jpg
9,011997.jpg
4,011998.jpg
4,011999.jpg
6,012000.jpg
4,012001.jpg
1,012002.jpg
0,012003.jpg
0,012004.jpg
5,012005.jpg
7,012006.jpg
5,012007.jpg
4,012008.jpg
0,012009.jpg
3,012010.jpg
2,012011.jpg
6,012012.jpg
2,012013.jpg
1,012014.jpg
2,012015.jpg
6,012016.jpg
4,012017.jpg
0,012018.jpg
5,012019.jpg
2,012020.jpg
8,012021.jpg
5,012022.jpg
2,012023.jpg
5,012024.jpg
6,012025.jpg
5,012026.jpg
1,012027.jpg
6,012028.jpg
1,012029.jpg
9,012030.jpg
9,012031.jpg
8,012032.jpg
7,012033.jpg
2,012034.jpg
6,012035.jpg
0,012036.jpg
5,012037.jpg
1,012038.jpg
1,012039.jpg
2,012040.jpg
4,012041.jpg
3,012042.jpg
5,012043.jpg
2,012044.jpg
8,012045.jpg
5,012046.jpg
2,012047.jpg
6,012048.jpg
9,012049.jpg
8,012050.jpg
5,012051.jpg
6,012052.jpg
1,012053.jpg
7,012054.jpg
1,012055.jpg
0,012056.jpg
5,012057.jpg
3,012058.jpg
4,012059.jpg
7,012060.jpg
5,012061.jpg
9,012062.jpg
1,012063.jpg
6,012064.jpg
1,012065.jpg
4,012066.jpg
2,012067.jpg
2,012068.jpg
4,012069.jpg
5,012070.jpg
3,012071.jpg
4,012072.jpg
2,012073.jpg
0,012074.jpg
2,012075.jpg
0,012076.jpg
9,012077.jpg
5,012078.jpg
0,012079.jpg
0,012080.jpg
0,012081.jpg
3,012082.jpg
0,012083.jpg
7,012084.jpg
5,012085.jpg
4,012086.jpg
5,012087.jpg
8,012088.jpg
1,012089.jpg
6,012090.jpg
5,012091.jpg
4,012092.jpg
4,012093.jpg
6,012094.jpg
6,012095.jpg
1,012096.jpg
6,012097.jpg
6,012098.jpg
1,012099.jpg
1,012100.jpg
2,012101.jpg
4,012102.jpg
9,012103.jpg
1,012104.jpg
8,012105.jpg
7,012106.jpg
9,012107.jpg
0,012108.jpg
6,012109.jpg
2,012110.jpg
8,012111.jpg
4,012112.jpg
8,012113.jpg
9,012114.jpg
1,012115.jpg
0,012116.jpg
0,012117.jpg
1,012118.jpg
6,012119.jpg
2,012120.jpg
1,012121.jpg
6,012122.jpg
8,012123.jpg
2,012124.jpg
6,012125.jpg
7,012126.jpg
6,012127.jpg
5,012128.jpg
6,012129.jpg
2,012130.jpg
9,012131.jpg
6,012132.jpg
5,012133.jpg
4,012134.jpg
5,012135.jpg
6,012136.jpg
2,012137.jpg
2,012138.jpg
1,012139.jpg
5,012140.jpg
0,012141.jpg
2,012142.jpg
4,012143.jpg
3,012144.jpg
5,012145.jpg
3,012146.jpg
2,012147.jpg
3,012148.jpg
5,012149.jpg
3,012150.jpg
0,012151.jpg
0,012152.jpg
6,012153.jpg
6,012154.jpg
9,012155.jpg
6,012156.jpg
9,012157.jpg
9,012158.jpg
8,012159.jpg
4,012160.jpg
8,012161.jpg
0,012162.jpg
8,012163.jpg
2,012164.jpg
4,012165.jpg
5,012166.jpg
9,012167.jpg
5,012168.jpg
0,012169.jpg
5,012170.jpg
8,012171.jpg
1,012172.jpg
6,012173.jpg
2,012174.jpg
6,012175.jpg
4,012176.jpg
3,012177.jpg
5,012178.jpg
1,012179.jpg
7,012180.jpg
1,012181.jpg
7,012182.jpg
0,012183.jpg
7,012184.jpg
0,012185.jpg
1,012186.jpg
7,012187.jpg
2,012188.jpg
8,012189.jpg
0,012190.jpg
4,012191.jpg
6,012192.jpg
6,012193.jpg
7,012194.jpg
2,012195.jpg
4,012196.jpg
5,012197.jpg
5,012198.jpg
2,012199.jpg
4,012200.jpg
8,012201.jpg
7,012202.jpg
9,012203.jpg
6,012204.jpg
0,012205.jpg
9,012206.jpg
3,012207.jpg
4,012208.jpg
1,012209.jpg
4,012210.jpg
8,012211.jpg
8,012212.jpg
8,012213.jpg
3,012214.jpg
9,012215.jpg
3,012216.jpg
4,012217.jpg
8,012218.jpg
0,012219.jpg
9,012220.jpg
4,012221.jpg
4,012222.jpg
1,012223.jpg
0,012224.jpg
4,012225.jpg
7,012226.jpg
1,012227.jpg
6,012228.jpg
4,012229.jpg
7,012230.jpg
6,012231.jpg
6,012232.jpg
9,012233.jpg
2,012234.jpg
5,012235.jpg
2,012236.jpg
0,012237.jpg
7,012238.jpg
9,012239.jpg
0,012240.jpg
5,012241.jpg
2,012242.jpg
4,012243.jpg
5,012244.jpg
8,012245.jpg
1,012246.jpg
6,012247.jpg
1,012248.jpg
3,012249.jpg
0,012250.jpg
2,012251.jpg
6,012252.jpg
0,012253.jpg
1,012254.jpg
2,012255.jpg
4,012256.jpg
8,012257.jpg
8,012258.jpg
1,012259.jpg
8,012260.jpg
7,012261.jpg
1,012262.jpg
5,012263.jpg
6,012264.jpg
6,012265.jpg
5,012266.jpg
5,012267.jpg
0,012268.jpg
3,012269.jpg
3,012270.jpg
8,012271.jpg
0,012272.jpg
4,012273.jpg
1,012274.jpg
0,012275.jpg
7,012276.jpg
0,012277.jpg
2,012278.jpg
2,012279.jpg
5,012280.jpg
4,012281.jpg
1,012282.jpg
2,012283.jpg
9,012284.jpg
7,012285.jpg
8,012286.jpg
0,012287.jpg
1,012288.jpg
9,012289.jpg
7,012290.jpg
9,012291.jpg
6,012292.jpg
9,012293.jpg
6,012294.jpg
2,012295.jpg
5,012296.jpg
8,012297.jpg
7,012298.jpg
2,012299.jpg
2,012300.jpg
4,012301.jpg
8,012302.jpg
3,012303.jpg
5,012304.jpg
7,012305.jpg
5,012306.jpg
1,012307.jpg
6,012308.jpg
5,012309.jpg
7,012310.jpg
0,012311.jpg
2,012312.jpg
7,012313.jpg
5,012314.jpg
2,012315.jpg
7,012316.jpg
7,012317.jpg
9,012318.jpg
9,012319.jpg
7,012320.jpg
1,012321.jpg
9,012322.jpg
3,012323.jpg
3,012324.jpg
9,012325.jpg
9,012326.jpg
5,012327.jpg
2,012328.jpg
1,012329.jpg
6,012330.jpg
0,012331.jpg
7,012332.jpg
2,012333.jpg
9,012334.jpg
1,012335.jpg
4,012336.jpg
0,012337.jpg
9,012338.jpg
5,012339.jpg
6,012340.jpg
1,012341.jpg
1,012342.jpg
8,012343.jpg
0,012344.jpg
8,012345.jpg
1,012346.jpg
9,012347.jpg
7,012348.jpg
0,012349.jpg
4,012350.jpg
3,012351.jpg
5,012352.jpg
3,012353.jpg
3,012354.jpg
1,012355.jpg
3,012356.jpg
4,012357.jpg
3,012358.jpg
9,012359.jpg
6,012360.jpg
6,012361.jpg
7,012362.jpg
7,012363.jpg
4,012364.jpg
2,012365.jpg
2,012366.jpg
8,012367.jpg
9,012368.jpg
0,012369.jpg
2,012370.jpg
6,012371.jpg
7,012372.jpg
2,012373.jpg
2,012374.jpg
7,012375.jpg
1,012376.jpg
2,012377.jpg
5,012378.jpg
0,012379.jpg
9,012380.jpg
2,012381.jpg
2,012382.jpg
0,012383.jpg
3,012384.jpg
0,012385.jpg
4,012386.jpg
8,012387.jpg
3,012388.jpg
2,012389.jpg
7,012390.jpg
0,012391.jpg
4,012392.jpg
0,012393.jpg
9,012394.jpg
4,012395.jpg
7,012396.jpg
0,012397.jpg
8,012398.jpg
4,012399.jpg
3,012400.jpg
7,012401.jpg
6,012402.jpg
5,012403.jpg
0,012404.jpg
3,012405.jpg
2,012406.jpg
6,012407.jpg
6,012408.jpg
9,012409.jpg
0,012410.jpg
8,012411.jpg
2,012412.jpg
7,012413.jpg
3,012414.jpg
7,012415.jpg
8,012416.jpg
9,012417.jpg
2,012418.jpg
2,012419.jpg
7,012420.jpg
8,012421.jpg
1,012422.jpg
3,012423.jpg
2,012424.jpg
4,012425.jpg
8,012426.jpg
6,012427.jpg
4,012428.jpg
8,012429.jpg
5,012430.jpg
0,012431.jpg
5,012432.jpg
4,012433.jpg
6,012434.jpg
4,012435.jpg
2,012436.jpg
8,012437.jpg
4,012438.jpg
5,012439.jpg
2,012440.jpg
1,012441.jpg
9,012442.jpg
6,012443.jpg
0,012444.jpg
3,012445.jpg
1,012446.jpg
9,012447.jpg
8,012448.jpg
1,012449.jpg
5,012450.jpg
9,012451.jpg
2,012452.jpg
1,012453.jpg
0,012454.jpg
5,012455.jpg
7,012456.jpg
1,012457.jpg
9,012458.jpg
7,012459.jpg
6,012460.jpg
4,012461.jpg
6,012462.jpg
4,012463.jpg
1,012464.jpg
7,012465.jpg
0,012466.jpg
0,012467.jpg
3,012468.jpg
3,012469.jpg
6,012470.jpg
6,012471.jpg
1,012472.jpg
0,012473.jpg
3,012474.jpg
4,012475.jpg
3,012476.jpg
5,012477.jpg
0,012478.jpg
5,012479.jpg
1,012480.jpg
1,012481.jpg
0,012482.jpg
7,012483.jpg
6,012484.jpg
9,012485.jpg
1,012486.jpg
0,012487.jpg
7,012488.jpg
0,012489.jpg
6,012490.jpg
4,012491.jpg
1,012492.jpg
2,012493.jpg
0,012494.jpg
2,012495.jpg
1,012496.jpg
0,012497.jpg
1,012498.jpg
6,012499.jpg
8,012500.jpg
3,012501.jpg
0,012502.jpg
6,012503.jpg
6,012504.jpg
8,012505.jpg
7,012506.jpg
8,012507.jpg
5,012508.jpg
9,012509.jpg
3,012510.jpg
8,012511.jpg
4,012512.jpg
3,012513.jpg
0,012514.jpg
9,012515.jpg
1,012516.jpg
6,012517.jpg
9,012518.jpg
3,012519.jpg
7,012520.jpg
6,012521.jpg
3,012522.jpg
8,012523.jpg
4,012524.jpg
8,012525.jpg
1,012526.jpg
4,012527.jpg
5,012528.jpg
7,012529.jpg
4,012530.jpg
1,012531.jpg
0,012532.jpg
5,012533.jpg
4,012534.jpg
5,012535.jpg
5,012536.jpg
7,012537.jpg
9,012538.jpg
1,012539.jpg
0,012540.jpg
7,012541.jpg
4,012542.jpg
6,012543.jpg
1,012544.jpg
5,012545.jpg
5,012546.jpg
3,012547.jpg
1,012548.jpg
8,012549.jpg
0,012550.jpg
1,012551.jpg
5,012552.jpg
8,012553.jpg
4,012554.jpg
3,012555.jpg
3,012556.jpg
6,012557.jpg
1,012558.jpg
0,012559.jpg
0,012560.jpg
8,012561.jpg
3,012562.jpg
8,012563.jpg
7,012564.jpg
0,012565.jpg
9,012566.jpg
3,012567.jpg
0,012568.jpg
7,012569.jpg
1,012570.jpg
9,012571.jpg
3,012572.jpg
4,012573.jpg
0,012574.jpg
1,012575.jpg
8,012576.jpg
9,012577.jpg
4,012578.jpg
6,012579.jpg
2,012580.jpg
5,012581.jpg
1,012582.jpg
2,012583.jpg
4,012584.jpg
0,012585.jpg
4,012586.jpg
2,012587.jpg
3,012588.jpg
2,012589.jpg
1,012590.jpg
6,012591.jpg
3,012592.jpg
1,012593.jpg
1,012594.jpg
4,012595.jpg
4,012596.jpg
9,012597.jpg
8,012598.jpg
8,012599.jpg
5,012600.jpg
8,012601.jpg
5,012602.jpg
5,012603.jpg
4,012604.jpg
8,012605.jpg
4,012606.jpg
5,012607.jpg
3,012608.jpg
1,012609.jpg
8,012610.jpg
6,012611.jpg
3,012612.jpg
0,012613.jpg
3,012614.jpg
1,012615.jpg
2,012616.jpg
8,012617.jpg
8,012618.jpg
6,012619.jpg
1,012620.jpg
3,012621.jpg
1,012622.jpg
8,012623.jpg
2,012624.jpg
7,012625.jpg
6,012626.jpg
1,012627.jpg
8,012628.jpg
1,012629.jpg
0,012630.jpg
2,012631.jpg
5,012632.jpg
6,012633.jpg
0,012634.jpg
2,012635.jpg
6,012636.jpg
2,012637.jpg
3,012638.jpg
2,012639.jpg
6,012640.jpg
8,012641.jpg
2,012642.jpg
7,012643.jpg
1,012644.jpg
8,012645.jpg
7,012646.jpg
9,012647.jpg
4,012648.jpg
1,012649.jpg
7,012650.jpg
3,012651.jpg
5,012652.jpg
2,012653.jpg
0,012654.jpg
2,012655.jpg
0,012656.jpg
2,012657.jpg
9,012658.jpg
9,012659.jpg
8,012660.jpg
4,012661.jpg
4,012662.jpg
3,012663.jpg
1,012664.jpg
4,012665.jpg
8,012666.jpg
0,012667.jpg
2,012668.jpg
3,012669.jpg
9,012670.jpg
8,012671.jpg
1,012672.jpg
3,012673.jpg
1,012674.jpg
9,012675.jpg
7,012676.jpg
0,012677.jpg
6,012678.jpg
0,012679.jpg
1,012680.jpg
0,012681.jpg
4,012682.jpg
0,012683.jpg
6,012684.jpg
6,012685.jpg
4,012686.jpg
8,012687.jpg
1,012688.jpg
8,012689.jpg
7,012690.jpg
0,012691.jpg
0,012692.jpg
0,012693.jpg
7,012694.jpg
3,012695.jpg
5,012696.jpg
0,012697.jpg
2,012698.jpg
4,012699.jpg
2,012700.jpg
9,012701.jpg
0,012702.jpg
7,012703.jpg
8,012704.jpg
9,012705.jpg
4,012706.jpg
4,012707.jpg
6,012708.jpg
4,012709.jpg
1,012710.jpg
9,012711.jpg
9,012712.jpg
4,012713.jpg
5,012714.jpg
7,012715.jpg
6,012716.jpg
3,012717.jpg
9,012718.jpg
3,012719.jpg
6,012720.jpg
1,012721.jpg
4,012722.jpg
5,012723.jpg
5,012724.jpg
8,012725.jpg
9,012726.jpg
3,012727.jpg
9,012728.jpg
6,012729.jpg
4,012730.jpg
8,012731.jpg
2,012732.jpg
7,012733.jpg
5,012734.jpg
1,012735.jpg
4,012736.jpg
6,012737.jpg
1,012738.jpg
3,012739.jpg
4,012740.jpg
8,012741.jpg
6,012742.jpg
6,012743.jpg
3,012744.jpg
6,012745.jpg
8,012746.jpg
1,012747.jpg
5,012748.jpg
4,012749.jpg
1,012750.jpg
7,012751.jpg
7,012752.jpg
5,012753.jpg
0,012754.jpg
1,012755.jpg
1,012756.jpg
5,012757.jpg
4,012758.jpg
3,012759.jpg
1,012760.jpg
8,012761.jpg
6,012762.jpg
5,012763.jpg
2,012764.jpg
0,012765.jpg
9,012766.jpg
1,012767.jpg
7,012768.jpg
2,012769.jpg
1,012770.jpg
8,012771.jpg
1,012772.jpg
7,012773.jpg
0,012774.jpg
0,012775.jpg
4,012776.jpg
7,012777.jpg
0,012778.jpg
4,012779.jpg
1,012780.jpg
2,012781.jpg
4,012782.jpg
7,012783.jpg
9,012784.jpg
3,012785.jpg
0,012786.jpg
6,012787.jpg
5,012788.jpg
1,012789.jpg
4,012790.jpg
3,012791.jpg
6,012792.jpg
4,012793.jpg
1,012794.jpg
6,012795.jpg
7,012796.jpg
3,012797.jpg
9,012798.jpg
6,012799.jpg
5,012800.jpg
5,012801.jpg
0,012802.jpg
6,012803.jpg
8,012804.jpg
7,012805.jpg
9,012806.jpg
8,012807.jpg
6,012808.jpg
0,012809.jpg
6,012810.jpg
3,012811.jpg
7,012812.jpg
9,012813.jpg
3,012814.jpg
7,012815.jpg
0,012816.jpg
2,012817.jpg
4,012818.jpg
1,012819.jpg
6,012820.jpg
3,012821.jpg
9,012822.jpg
8,012823.jpg
2,012824.jpg
6,012825.jpg
1,012826.jpg
3,012827.jpg
5,012828.jpg
6,012829.jpg
0,012830.jpg
2,012831.jpg
4,012832.jpg
4,012833.jpg
3,012834.jpg
8,012835.jpg
9,012836.jpg
5,012837.jpg
5,012838.jpg
2,012839.jpg
3,012840.jpg
4,012841.jpg
0,012842.jpg
3,012843.jpg
2,012844.jpg
7,012845.jpg
1,012846.jpg
6,012847.jpg
8,012848.jpg
4,012849.jpg
9,012850.jpg
5,012851.jpg
1,012852.jpg
3,012853.jpg
3,012854.jpg
4,012855.jpg
0,012856.jpg
5,012857.jpg
9,012858.jpg
8,012859.jpg
1,012860.jpg
6,012861.jpg
9,012862.jpg
3,012863.jpg
8,012864.jpg
4,012865.jpg
1,012866.jpg
3,012867.jpg
3,012868.jpg
2,012869.jpg
7,012870.jpg
8,012871.jpg
7,012872.jpg
6,012873.jpg
7,012874.jpg
2,012875.jpg
5,012876.jpg
0,012877.jpg
9,012878.jpg
3,012879.jpg
5,012880.jpg
4,012881.jpg
2,012882.jpg
5,012883.jpg
6,012884.jpg
1,012885.jpg
9,012886.jpg
0,012887.jpg
7,012888.jpg
8,012889.jpg
9,012890.jpg
5,012891.jpg
4,012892.jpg
0,012893.jpg
9,012894.jpg
4,012895.jpg
0,012896.jpg
9,012897.jpg
2,012898.jpg
5,012899.jpg
9,012900.jpg
3,012901.jpg
9,012902.jpg
3,012903.jpg
1,012904.jpg
1,012905.jpg
8,012906.jpg
4,012907.jpg
8,012908.jpg
5,012909.jpg
8,012910.jpg
4,012911.jpg
7,012912.jpg
8,012913.jpg
9,012914.jpg
6,012915.jpg
2,012916.jpg
1,012917.jpg
9,012918.jpg
5,012919.jpg
0,012920.jpg
6,012921.jpg
3,012922.jpg
4,012923.jpg
5,012924.jpg
0,012925.jpg
4,012926.jpg
3,012927.jpg
9,012928.jpg
0,012929.jpg
3,012930.jpg
1,012931.jpg
8,012932.jpg
7,012933.jpg
9,012934.jpg
1,012935.jpg
2,012936.jpg
0,012937.jpg
1,012938.jpg
5,012939.jpg
1,012940.jpg
4,012941.jpg
6,012942.jpg
0,012943.jpg
3,012944.jpg
7,012945.jpg
3,012946.jpg
6,012947.jpg
4,012948.jpg
9,012949.jpg
7,012950.jpg
9,012951.jpg
6,012952.jpg
9,012953.jpg
0,012954.jpg
4,012955.jpg
8,012956.jpg
2,012957.jpg
9,012958.jpg
5,012959.jpg
3,012960.jpg
1,012961.jpg
7,012962.jpg
4,012963.jpg
4,012964.jpg
3,012965.jpg
3,012966.jpg
6,012967.jpg
6,012968.jpg
5,012969.jpg
7,012970.jpg
0,012971.jpg
3,012972.jpg
7,012973.jpg
4,012974.jpg
6,012975.jpg
7,012976.jpg
8,012977.jpg
3,012978.jpg
0,012979.jpg
3,012980.jpg
4,012981.jpg
8,012982.jpg
6,012983.jpg
2,012984.jpg
4,012985.jpg
5,012986.jpg
2,012987.jpg
6,012988.jpg
1,012989.jpg
0,012990.jpg
7,012991.jpg
9,012992.jpg
2,012993.jpg
3,012994.jpg
5,012995.jpg
2,012996.jpg
3,012997.jpg
3,012998.jpg
8,012999.jpg
9,013000.jpg
7,013001.jpg
6,013002.jpg
5,013003.jpg
6,013004.jpg
0,013005.jpg
2,013006.jpg
1,013007.jpg
0,013008.jpg
1,013009.jpg
0,013010.jpg
8,013011.jpg
7,013012.jpg
7,013013.jpg
1,013014.jpg
4,013015.jpg
5,013016.jpg
3,013017.jpg
6,013018.jpg
0,013019.jpg
5,013020.jpg
8,013021.jpg
8,013022.jpg
7,013023.jpg
5,013024.jpg
8,013025.jpg
6,013026.jpg
4,013027.jpg
0,013028.jpg
9,013029.jpg
7,013030.jpg
5,013031.jpg
4,013032.jpg
1,013033.jpg
7,013034.jpg
8,013035.jpg
6,013036.jpg
8,013037.jpg
1,013038.jpg
4,013039.jpg
9,013040.jpg
6,013041.jpg
7,013042.jpg
5,013043.jpg
1,013044.jpg
2,013045.jpg
7,013046.jpg
6,013047.jpg
1,013048.jpg
3,013049.jpg
3,013050.jpg
9,013051.jpg
1,013052.jpg
8,013053.jpg
3,013054.jpg
0,013055.jpg
9,013056.jpg
2,013057.jpg
1,013058.jpg
6,013059.jpg
2,013060.jpg
9,013061.jpg
7,013062.jpg
1,013063.jpg
2,013064.jpg
0,013065.jpg
0,013066.jpg
5,013067.jpg
9,013068.jpg
9,013069.jpg
1,013070.jpg
8,013071.jpg
2,013072.jpg
2,013073.jpg
4,013074.jpg
3,013075.jpg
8,013076.jpg
1,013077.jpg
2,013078.jpg
1,013079.jpg
1,013080.jpg
5,013081.jpg
0,013082.jpg
5,013083.jpg
6,013084.jpg
2,013085.jpg
1,013086.jpg
0,013087.jpg
5,013088.jpg
4,013089.jpg
6,013090.jpg
1,013091.jpg
6,013092.jpg
2,013093.jpg
1,013094.jpg
9,013095.jpg
1,013096.jpg
5,013097.jpg
3,013098.jpg
0,013099.jpg
2,013100.jpg
1,013101.jpg
0,013102.jpg
0,013103.jpg
4,013104.jpg
7,013105.jpg
2,013106.jpg
9,013107.jpg
5,013108.jpg
9,013109.jpg
0,013110.jpg
1,013111.jpg
5,013112.jpg
1,013113.jpg
6,013114.jpg
5,013115.jpg
9,013116.jpg
1,013117.jpg
4,013118.jpg
5,013119.jpg
9,013120.jpg
0,013121.jpg
5,013122.jpg
1,013123.jpg
3,013124.jpg
5,013125.jpg
5,013126.jpg
7,013127.jpg
6,013128.jpg
6,013129.jpg
9,013130.jpg
7,013131.jpg
6,013132.jpg
3,013133.jpg
4,013134.jpg
2,013135.jpg
6,013136.jpg
0,013137.jpg
6,013138.jpg
1,013139.jpg
4,013140.jpg
7,013141.jpg
8,013142.jpg
8,013143.jpg
1,013144.jpg
6,013145.jpg
8,013146.jpg
4,013147.jpg
6,013148.jpg
6,013149.jpg
1,013150.jpg
0,013151.jpg
9,013152.jpg
8,013153.jpg
1,013154.jpg
0,013155.jpg
5,013156.jpg
1,013157.jpg
1,013158.jpg
7,013159.jpg
3,013160.jpg
3,013161.jpg
7,013162.jpg
6,013163.jpg
8,013164.jpg
6,013165.jpg
8,013166.jpg
9,013167.jpg
5,013168.jpg
9,013169.jpg
9,013170.jpg
9,013171.jpg
4,013172.jpg
7,013173.jpg
2,013174.jpg
7,013175.jpg
0,013176.jpg
4,013177.jpg
4,013178.jpg
8,013179.jpg
9,013180.jpg
9,013181.jpg
5,013182.jpg
8,013183.jpg
7,013184.jpg
0,013185.jpg
8,013186.jpg
4,013187.jpg
5,013188.jpg
3,013189.jpg
3,013190.jpg
0,013191.jpg
1,013192.jpg
4,013193.jpg
5,013194.jpg
4,013195.jpg
6,013196.jpg
0,013197.jpg
7,013198.jpg
1,013199.jpg
6,013200.jpg
9,013201.jpg
2,013202.jpg
4,013203.jpg
0,013204.jpg
2,013205.jpg
7,013206.jpg
8,013207.jpg
7,013208.jpg
7,013209.jpg
8,013210.jpg
7,013211.jpg
8,013212.jpg
1,013213.jpg
9,013214.jpg
3,013215.jpg
3,013216.jpg
4,013217.jpg
5,013218.jpg
2,013219.jpg
7,013220.jpg
7,013221.jpg
3,013222.jpg
7,013223.jpg
1,013224.jpg
2,013225.jpg
1,013226.jpg
6,013227.jpg
7,013228.jpg
9,013229.jpg
5,013230.jpg
2,013231.jpg
1,013232.jpg
6,013233.jpg
6,013234.jpg
8,013235.jpg
9,013236.jpg
4,013237.jpg
1,013238.jpg
5,013239.jpg
0,013240.jpg
8,013241.jpg
0,013242.jpg
8,013243.jpg
8,013244.jpg
3,013245.jpg
7,013246.jpg
8,013247.jpg
3,013248.jpg
1,013249.jpg
3,013250.jpg
5,013251.jpg
7,013252.jpg
5,013253.jpg
1,013254.jpg
8,013255.jpg
9,013256.jpg
1,013257.jpg
7,013258.jpg
3,013259.jpg
3,013260.jpg
5,013261.jpg
1,013262.jpg
3,013263.jpg
1,013264.jpg
6,013265.jpg
3,013266.jpg
3,013267.jpg
2,013268.jpg
2,013269.jpg
8,013270.jpg
5,013271.jpg
3,013272.jpg
4,013273.jpg
0,013274.jpg
3,013275.jpg
3,013276.jpg
0,013277.jpg
6,013278.jpg
7,013279.jpg
3,013280.jpg
7,013281.jpg
6,013282.jpg
9,013283.jpg
8,013284.jpg
8,013285.jpg
5,013286.jpg
2,013287.jpg
0,013288.jpg
6,013289.jpg
7,013290.jpg
8,013291.jpg
2,013292.jpg
3,013293.jpg
1,013294.jpg
1,013295.jpg
6,013296.jpg
2,013297.jpg
2,013298.jpg
0,013299.jpg
8,013300.jpg
7,013301.jpg
0,013302.jpg
1,013303.jpg
3,013304.jpg
3,013305.jpg
2,013306.jpg
9,013307.jpg
4,013308.jpg
1,013309.jpg
2,013310.jpg
1,013311.jpg
7,013312.jpg
7,013313.jpg
9,013314.jpg
9,013315.jpg
7,013316.jpg
3,013317.jpg
8,013318.jpg
0,013319.jpg
2,013320.jpg
8,013321.jpg
4,013322.jpg
0,013323.jpg
1,013324.jpg
1,013325.jpg
7,013326.jpg
9,013327.jpg
4,013328.jpg
5,013329.jpg
3,013330.jpg
8,013331.jpg
0,013332.jpg
5,013333.jpg
7,013334.jpg
2,013335.jpg
1,013336.jpg
5,013337.jpg
9,013338.jpg
3,013339.jpg
9,013340.jpg
8,013341.jpg
8,013342.jpg
8,013343.jpg
2,013344.jpg
9,013345.jpg
2,013346.jpg
7,013347.jpg
1,013348.jpg
7,013349.jpg
4,013350.jpg
7,013351.jpg
3,013352.jpg
8,013353.jpg
0,013354.jpg
1,013355.jpg
1,013356.jpg
3,013357.jpg
0,013358.jpg
0,013359.jpg
0,013360.jpg
0,013361.jpg
9,013362.jpg
4,013363.jpg
0,013364.jpg
6,013365.jpg
7,013366.jpg
7,013367.jpg
3,013368.jpg
6,013369.jpg
7,013370.jpg
2,013371.jpg
4,013372.jpg
8,013373.jpg
8,013374.jpg
5,013375.jpg
3,013376.jpg
8,013377.jpg
7,013378.jpg
4,013379.jpg
6,013380.jpg
8,013381.jpg
1,013382.jpg
7,013383.jpg
0,013384.jpg
3,013385.jpg
6,013386.jpg
2,013387.jpg
0,013388.jpg
6,013389.jpg
1,013390.jpg
3,013391.jpg
2,013392.jpg
3,013393.jpg
3,013394.jpg
7,013395.jpg
4,013396.jpg
1,013397.jpg
7,013398.jpg
0,013399.jpg
0,013400.jpg
6,013401.jpg
0,013402.jpg
6,013403.jpg
7,013404.jpg
7,013405.jpg
9,013406.jpg
5,013407.jpg
3,013408.jpg
1,013409.jpg
1,013410.jpg
3,013411.jpg
2,013412.jpg
8,013413.jpg
1,013414.jpg
5,013415.jpg
8,013416.jpg
6,013417.jpg
5,013418.jpg
6,013419.jpg
8,013420.jpg
3,013421.jpg
2,013422.jpg
3,013423.jpg
5,013424.jpg
7,013425.jpg
1,013426.jpg
7,013427.jpg
4,013428.jpg
4,013429.jpg
7,013430.jpg
4,013431.jpg
0,013432.jpg
7,013433.jpg
9,013434.jpg
5,013435.jpg
7,013436.jpg
2,013437.jpg
9,013438.jpg
4,013439.jpg
4,013440.jpg
9,013441.jpg
5,013442.jpg
7,013443.jpg
5,013444.jpg
9,013445.jpg
1,013446.jpg
5,013447.jpg
0,013448.jpg
0,013449.jpg
3,013450.jpg
6,013451.jpg
3,013452.jpg
2,013453.jpg
0,013454.jpg
5,013455.jpg
3,013456.jpg
8,013457.jpg
8,013458.jpg
6,013459.jpg
7,013460.jpg
6,013461.jpg
2,013462.jpg
1,013463.jpg
6,013464.jpg
2,013465.jpg
8,013466.jpg
2,013467.jpg
8,013468.jpg
9,013469.jpg
1,013470.jpg
4,013471.jpg
2,013472.jpg
3,013473.jpg
4,013474.jpg
1,013475.jpg
8,013476.jpg
3,013477.jpg
2,013478.jpg
2,013479.jpg
6,013480.jpg
5,013481.jpg
7,013482.jpg
9,013483.jpg
2,013484.jpg
8,013485.jpg
8,013486.jpg
8,013487.jpg
1,013488.jpg
7,013489.jpg
8,013490.jpg
9,013491.jpg
4,013492.jpg
5,013493.jpg
3,013494.jpg
1,013495.jpg
0,013496.jpg
6,013497.jpg
5,013498.jpg
0,013499.jpg
1,013500.jpg
0,013501.jpg
2,013502.jpg
5,013503.jpg
6,013504.jpg
4,013505.jpg
8,013506.jpg
3,013507.jpg
6,013508.jpg
7,013509.jpg
7,013510.jpg
1,013511.jpg
8,013512.jpg
9,013513.jpg
2,013514.jpg
7,013515.jpg
8,013516.jpg
5,013517.jpg
8,013518.jpg
9,013519.jpg
2,013520.jpg
5,013521.jpg
9,013522.jpg
6,013523.jpg
3,013524.jpg
7,013525.jpg
8,013526.jpg
9,013527.jpg
1,013528.jpg
3,013529.jpg
0,013530.jpg
2,013531.jpg
0,013532.jpg
8,013533.jpg
1,013534.jpg
0,013535.jpg
5,013536.jpg
4,013537.jpg
9,013538.jpg
3,013539.jpg
1,013540.jpg
1,013541.jpg
6,013542.jpg
7,013543.jpg
0,013544.jpg
3,013545.jpg
0,013546.jpg
9,013547.jpg
9,013548.jpg
6,013549.jpg
2,013550.jpg
6,013551.jpg
8,013552.jpg
0,013553.jpg
7,013554.jpg
4,013555.jpg
4,013556.jpg
8,013557.jpg
4,013558.jpg
4,013559.jpg
9,013560.jpg
6,013561.jpg
2,013562.jpg
8,013563.jpg
4,013564.jpg
8,013565.jpg
9,013566.jpg
6,013567.jpg
0,013568.jpg
3,013569.jpg
4,013570.jpg
1,013571.jpg
7,013572.jpg
2,013573.jpg
6,013574.jpg
3,013575.jpg
5,013576.jpg
2,013577.jpg
2,013578.jpg
5,013579.jpg
9,013580.jpg
2,013581.jpg
2,013582.jpg
4,013583.jpg
7,013584.jpg
9,013585.jpg
1,013586.jpg
9,013587.jpg
6,013588.jpg
3,013589.jpg
4,013590.jpg
8,013591.jpg
8,013592.jpg
7,013593.jpg
0,013594.jpg
7,013595.jpg
9,013596.jpg
7,013597.jpg
3,013598.jpg
4,013599.jpg
3,013600.jpg
4,013601.jpg
0,013602.jpg
2,013603.jpg
2,013604.jpg
9,013605.jpg
9,013606.jpg
4,013607.jpg
3,013608.jpg
5,013609.jpg
1,013610.jpg
5,013611.jpg
5,013612.jpg
4,013613.jpg
7,013614.jpg
3,013615.jpg
7,013616.jpg
1,013617.jpg
6,013618.jpg
2,013619.jpg
2,013620.jpg
6,013621.jpg
6,013622.jpg
9,013623.jpg
7,013624.jpg
9,013625.jpg
1,013626.jpg
6,013627.jpg
2,013628.jpg
4,013629.jpg
8,013630.jpg
0,013631.jpg
6,013632.jpg
9,013633.jpg
9,013634.jpg
2,013635.jpg
3,013636.jpg
1,013637.jpg
3,013638.jpg
3,013639.jpg
2,013640.jpg
5,013641.jpg
0,013642.jpg
7,013643.jpg
5,013644.jpg
4,013645.jpg
9,013646.jpg
9,013647.jpg
8,013648.jpg
6,013649.jpg
7,013650.jpg
9,013651.jpg
0,013652.jpg
8,013653.jpg
8,013654.jpg
2,013655.jpg
3,013656.jpg
9,013657.jpg
4,013658.jpg
4,013659.jpg
8,013660.jpg
2,013661.jpg
2,013662.jpg
3,013663.jpg
9,013664.jpg
9,013665.jpg
5,013666.jpg
9,013667.jpg
4,013668.jpg
5,013669.jpg
5,013670.jpg
0,013671.jpg
9,013672.jpg
3,013673.jpg
0,013674.jpg
1,013675.jpg
3,013676.jpg
8,013677.jpg
9,013678.jpg
0,013679.jpg
4,013680.jpg
2,013681.jpg
7,013682.jpg
6,013683.jpg
9,013684.jpg
1,013685.jpg
1,013686.jpg
6,013687.jpg
3,013688.jpg
9,013689.jpg
6,013690.jpg
9,013691.jpg
1,013692.jpg
8,013693.jpg
6,013694.jpg
6,013695.jpg
6,013696.jpg
7,013697.jpg
9,013698.jpg
9,013699.jpg
9,013700.jpg
8,013701.jpg
6,013702.jpg
8,013703.jpg
4,013704.jpg
3,013705.jpg
0,013706.jpg
8,013707.jpg
6,013708.jpg
7,013709.jpg
3,013710.jpg
2,013711.jpg
7,013712.jpg
9,013713.jpg
5,013714.jpg
1,013715.jpg
1,013716.jpg
3,013717.jpg
7,013718.jpg
0,013719.jpg
7,013720.jpg
0,013721.jpg
3,013722.jpg
0,013723.jpg
8,013724.jpg
5,013725.jpg
6,013726.jpg
8,013727.jpg
7,013728.jpg
8,013729.jpg
1,013730.jpg
1,013731.jpg
7,013732.jpg
9,013733.jpg
8,013734.jpg
3,013735.jpg
5,013736.jpg
5,013737.jpg
4,013738.jpg
4,013739.jpg
3,013740.jpg
3,013741.jpg
6,013742.jpg
8,013743.jpg
9,013744.jpg
6,013745.jpg
7,013746.jpg
2,013747.jpg
9,013748.jpg
0,013749.jpg
3,013750.jpg
4,013751.jpg
8,013752.jpg
5,013753.jpg
5,013754.jpg
7,013755.jpg
7,013756.jpg
8,013757.jpg
1,013758.jpg
8,013759.jpg
6,013760.jpg
5,013761.jpg
2,013762.jpg
7,013763.jpg
8,013764.jpg
3,013765.jpg
4,013766.jpg
1,013767.jpg
3,013768.jpg
4,013769.jpg
4,013770.jpg
8,013771.jpg
5,013772.jpg
1,013773.jpg
4,013774.jpg
4,013775.jpg
7,013776.jpg
6,013777.jpg
5,013778.jpg
0,013779.jpg
1,013780.jpg
8,013781.jpg
5,013782.jpg
4,013783.jpg
7,013784.jpg
9,013785.jpg
4,013786.jpg
6,013787.jpg
1,013788.jpg
2,013789.jpg
9,013790.jpg
6,013791.jpg
6,013792.jpg
8,013793.jpg
4,013794.jpg
7,013795.jpg
2,013796.jpg
9,013797.jpg
4,013798.jpg
7,013799.jpg
4,013800.jpg
1,013801.jpg
5,013802.jpg
6,013803.jpg
0,013804.jpg
5,013805.jpg
0,013806.jpg
9,013807.jpg
9,013808.jpg
6,013809.jpg
8,013810.jpg
9,013811.jpg
3,013812.jpg
3,013813.jpg
5,013814.jpg
9,013815.jpg
3,013816.jpg
9,013817.jpg
9,013818.jpg
1,013819.jpg
9,013820.jpg
2,013821.jpg
3,013822.jpg
7,013823.jpg
1,013824.jpg
6,013825.jpg
5,013826.jpg
8,013827.jpg
8,013828.jpg
5,013829.jpg
8,013830.jpg
1,013831.jpg
9,013832.jpg
4,013833.jpg
7,013834.jpg
0,013835.jpg
4,013836.jpg
6,013837.jpg
8,013838.jpg
6,013839.jpg
5,013840.jpg
9,013841.jpg
0,013842.jpg
4,013843.jpg
4,013844.jpg
4,013845.jpg
2,013846.jpg
5,013847.jpg
9,013848.jpg
9,013849.jpg
5,013850.jpg
6,013851.jpg
5,013852.jpg
9,013853.jpg
9,013854.jpg
9,013855.jpg
0,013856.jpg
9,013857.jpg
8,013858.jpg
5,013859.jpg
7,013860.jpg
9,013861.jpg
5,013862.jpg
7,013863.jpg
3,013864.jpg
4,013865.jpg
4,013866.jpg
8,013867.jpg
4,013868.jpg
7,013869.jpg
9,013870.jpg
6,013871.jpg
0,013872.jpg
5,013873.jpg
7,013874.jpg
2,013875.jpg
9,013876.jpg
4,013877.jpg
9,013878.jpg
0,013879.jpg
5,013880.jpg
6,013881.jpg
6,013882.jpg
1,013883.jpg
7,013884.jpg
4,013885.jpg
7,013886.jpg
8,013887.jpg
8,013888.jpg
8,013889.jpg
1,013890.jpg
0,013891.jpg
2,013892.jpg
9,013893.jpg
8,013894.jpg
2,013895.jpg
2,013896.jpg
3,013897.jpg
2,013898.jpg
5,013899.jpg
3,013900.jpg
4,013901.jpg
0,013902.jpg
4,013903.jpg
7,013904.jpg
0,013905.jpg
1,013906.jpg
8,013907.jpg
8,013908.jpg
5,013909.jpg
3,013910.jpg
9,013911.jpg
6,013912.jpg
9,013913.jpg
5,013914.jpg
0,013915.jpg
9,013916.jpg
2,013917.jpg
0,013918.jpg
2,013919.jpg
9,013920.jpg
0,013921.jpg
9,013922.jpg
9,013923.jpg
7,013924.jpg
6,013925.jpg
1,013926.jpg
1,013927.jpg
3,013928.jpg
2,013929.jpg
5,013930.jpg
2,013931.jpg
0,013932.jpg
0,013933.jpg
1,013934.jpg
7,013935.jpg
8,013936.jpg
9,013937.jpg
8,013938.jpg
4,013939.jpg
7,013940.jpg
4,013941.jpg
8,013942.jpg
1,013943.jpg
3,013944.jpg
5,013945.jpg
2,013946.jpg
6,013947.jpg
0,013948.jpg
9,013949.jpg
0,013950.jpg
1,013951.jpg
0,013952.jpg
7,013953.jpg
2,013954.jpg
2,013955.jpg
6,013956.jpg
3,013957.jpg
6,013958.jpg
8,013959.jpg
1,013960.jpg
2,013961.jpg
7,013962.jpg
0,013963.jpg
6,013964.jpg
4,013965.jpg
4,013966.jpg
7,013967.jpg
4,013968.jpg
3,013969.jpg
8,013970.jpg
4,013971.jpg
6,013972.jpg
4,013973.jpg
5,013974.jpg
2,013975.jpg
9,013976.jpg
3,013977.jpg
2,013978.jpg
8,013979.jpg
5,013980.jpg
3,013981.jpg
3,013982.jpg
7,013983.jpg
0,013984.jpg
5,013985.jpg
9,013986.jpg
6,013987.jpg
1,013988.jpg
7,013989.jpg
6,013990.jpg
9,013991.jpg
8,013992.jpg
3,013993.jpg
1,013994.jpg
2,013995.jpg
5,013996.jpg
7,013997.jpg
4,013998.jpg
2,013999.jpg
0,014000.jpg
9,014001.jpg
2,014002.jpg
3,014003.jpg
1,014004.jpg
3,014005.jpg
6,014006.jpg
7,014007.jpg
5,014008.jpg
5,014009.jpg
3,014010.jpg
6,014011.jpg
0,014012.jpg
1,014013.jpg
9,014014.jpg
6,014015.jpg
4,014016.jpg
9,014017.jpg
2,014018.jpg
5,014019.jpg
4,014020.jpg
5,014021.jpg
7,014022.jpg
7,014023.jpg
6,014024.jpg
4,014025.jpg
6,014026.jpg
2,014027.jpg
0,014028.jpg
3,014029.jpg
6,014030.jpg
4,014031.jpg
5,014032.jpg
9,014033.jpg
1,014034.jpg
4,014035.jpg
4,014036.jpg
3,014037.jpg
7,014038.jpg
3,014039.jpg
8,014040.jpg
5,014041.jpg
7,014042.jpg
0,014043.jpg
9,014044.jpg
4,014045.jpg
8,014046.jpg
9,014047.jpg
9,014048.jpg
0,014049.jpg
1,014050.jpg
4,014051.jpg
0,014052.jpg
9,014053.jpg
1,014054.jpg
2,014055.jpg
2,014056.jpg
4,014057.jpg
7,014058.jpg
5,014059.jpg
2,014060.jpg
7,014061.jpg
5,014062.jpg
9,014063.jpg
3,014064.jpg
6,014065.jpg
7,014066.jpg
6,014067.jpg
8,014068.jpg
3,014069.jpg
4,014070.jpg
5,014071.jpg
3,014072.jpg
9,014073.jpg
4,014074.jpg
5,014075.jpg
5,014076.jpg
0,014077.jpg
3,014078.jpg
7,014079.jpg
6,014080.jpg
0,014081.jpg
7,014082.jpg
1,014083.jpg
1,014084.jpg
8,014085.jpg
4,014086.jpg
5,014087.jpg
8,014088.jpg
0,014089.jpg
8,014090.jpg
2,014091.jpg
1,014092.jpg
1,014093.jpg
1,014094.jpg
1,014095.jpg
4,014096.jpg
6,014097.jpg
5,014098.jpg
2,014099.jpg
5,014100.jpg
5,014101.jpg
8,014102.jpg
5,014103.jpg
6,014104.jpg
2,014105.jpg
6,014106.jpg
3,014107.jpg
2,014108.jpg
9,014109.jpg
4,014110.jpg
2,014111.jpg
7,014112.jpg
6,014113.jpg
5,014114.jpg
9,014115.jpg
8,014116.jpg
7,014117.jpg
9,014118.jpg
1,014119.jpg
8,014120.jpg
9,014121.jpg
4,014122.jpg
6,014123.jpg
8,014124.jpg
5,014125.jpg
3,014126.jpg
5,014127.jpg
5,014128.jpg
9,014129.jpg
3,014130.jpg
8,014131.jpg
2,014132.jpg
9,014133.jpg
4,014134.jpg
6,014135.jpg
7,014136.jpg
6,014137.jpg
4,014138.jpg
4,014139.jpg
9,014140.jpg
5,014141.jpg
2,014142.jpg
8,014143.jpg
6,014144.jpg
0,014145.jpg
1,014146.jpg
3,014147.jpg
2,014148.jpg
0,014149.jpg
5,014150.jpg
9,014151.jpg
1,014152.jpg
4,014153.jpg
7,014154.jpg
6,014155.jpg
3,014156.jpg
5,014157.jpg
6,014158.jpg
9,014159.jpg
0,014160.jpg
8,014161.jpg
2,014162.jpg
1,014163.jpg
6,014164.jpg
1,014165.jpg
9,014166.jpg
2,014167.jpg
8,014168.jpg
2,014169.jpg
7,014170.jpg
5,014171.jpg
3,014172.jpg
1,014173.jpg
6,014174.jpg
7,014175.jpg
2,014176.jpg
3,014177.jpg
8,014178.jpg
1,014179.jpg
4,014180.jpg
2,014181.jpg
6,014182.jpg
5,014183.jpg
6,014184.jpg
9,014185.jpg
0,014186.jpg
1,014187.jpg
7,014188.jpg
3,014189.jpg
5,014190.jpg
1,014191.jpg
6,014192.jpg
1,014193.jpg
0,014194.jpg
6,014195.jpg
3,014196.jpg
8,014197.jpg
5,014198.jpg
0,014199.jpg
6,014200.jpg
0,014201.jpg
3,014202.jpg
4,014203.jpg
6,014204.jpg
7,014205.jpg
4,014206.jpg
5,014207.jpg
1,014208.jpg
9,014209.jpg
5,014210.jpg
8,014211.jpg
0,014212.jpg
3,014213.jpg
4,014214.jpg
1,014215.jpg
8,014216.jpg
8,014217.jpg
6,014218.jpg
2,014219.jpg
7,014220.jpg
0,014221.jpg
5,014222.jpg
8,014223.jpg
0,014224.jpg
1,014225.jpg
0,014226.jpg
7,014227.jpg
3,014228.jpg
8,014229.jpg
5,014230.jpg
9,014231.jpg
5,014232.jpg
2,014233.jpg
0,014234.jpg
4,014235.jpg
6,014236.jpg
4,014237.jpg
8,014238.jpg
5,014239.jpg
2,014240.jpg
0,014241.jpg
1,014242.jpg
5,014243.jpg
0,014244.jpg
0,014245.jpg
2,014246.jpg
7,014247.jpg
0,014248.jpg
1,014249.jpg
7,014250.jpg
5,014251.jpg
8,014252.jpg
1,014253.jpg
0,014254.jpg
9,014255.jpg
2,014256.jpg
8,014257.jpg
7,014258.jpg
8,014259.jpg
4,014260.jpg
8,014261.jpg
0,014262.jpg
3,014263.jpg
7,014264.jpg
1,014265.jpg
6,014266.jpg
0,014267.jpg
6,014268.jpg
4,014269.jpg
8,014270.jpg
5,014271.jpg
0,014272.jpg
3,014273.jpg
4,014274.jpg
8,014275.jpg
1,014276.jpg
3,014277.jpg
6,014278.jpg
8,014279.jpg
0,014280.jpg
8,014281.jpg
7,014282.jpg
4,014283.jpg
3,014284.jpg
9,014285.jpg
4,014286.jpg
6,014287.jpg
4,014288.jpg
9,014289.jpg
7,014290.jpg
5,014291.jpg
0,014292.jpg
9,014293.jpg
5,014294.jpg
9,014295.jpg
8,014296.jpg
8,014297.jpg
1,014298.jpg
5,014299.jpg
4,014300.jpg
0,014301.jpg
7,014302.jpg
9,014303.jpg
7,014304.jpg
8,014305.jpg
0,014306.jpg
0,014307.jpg
1,014308.jpg
7,014309.jpg
2,014310.jpg
1,014311.jpg
3,014312.jpg
0,014313.jpg
6,014314.jpg
4,014315.jpg
8,014316.jpg
9,014317.jpg
4,014318.jpg
9,014319.jpg
2,014320.jpg
6,014321.jpg
9,014322.jpg
4,014323.jpg
9,014324.jpg
5,014325.jpg
6,014326.jpg
6,014327.jpg
8,014328.jpg
4,014329.jpg
4,014330.jpg
3,014331.jpg
6,014332.jpg
8,014333.jpg
7,014334.jpg
7,014335.jpg
6,014336.jpg
5,014337.jpg
2,014338.jpg
0,014339.jpg
6,014340.jpg
8,014341.jpg
5,014342.jpg
7,014343.jpg
9,014344.jpg
4,014345.jpg
5,014346.jpg
7,014347.jpg
4,014348.jpg
6,014349.jpg
8,014350.jpg
7,014351.jpg
0,014352.jpg
7,014353.jpg
1,014354.jpg
9,014355.jpg
5,014356.jpg
1,014357.jpg
3,014358.jpg
0,014359.jpg
1,014360.jpg
1,014361.jpg
5,014362.jpg
7,014363.jpg
3,014364.jpg
8,014365.jpg
8,014366.jpg
6,014367.jpg
0,014368.jpg
9,014369.jpg
0,014370.jpg
0,014371.jpg
1,014372.jpg
1,014373.jpg
9,014374.jpg
4,014375.jpg
2,014376.jpg
9,014377.jpg
7,014378.jpg
3,014379.jpg
4,014380.jpg
7,014381.jpg
0,014382.jpg
1,014383.jpg
5,014384.jpg
1,014385.jpg
3,014386.jpg
2,014387.jpg
3,014388.jpg
9,014389.jpg
9,014390.jpg
1,014391.jpg
4,014392.jpg
5,014393.jpg
7,014394.jpg
0,014395.jpg
3,014396.jpg
3,014397.jpg
7,014398.jpg
1,014399.jpg
1,014400.jpg
6,014401.jpg
8,014402.jpg
4,014403.jpg
9,014404.jpg
9,014405.jpg
4,014406.jpg
5,014407.jpg
6,014408.jpg
6,014409.jpg
5,014410.jpg
3,014411.jpg
0,014412.jpg
5,014413.jpg
1,014414.jpg
9,014415.jpg
5,014416.jpg
2,014417.jpg
6,014418.jpg
3,014419.jpg
4,014420.jpg
6,014421.jpg
1,014422.jpg
6,014423.jpg
9,014424.jpg
2,014425.jpg
5,014426.jpg
7,014427.jpg
6,014428.jpg
8,014429.jpg
2,014430.jpg
8,014431.jpg
9,014432.jpg
8,014433.jpg
1,014434.jpg
6,014435.jpg
2,014436.jpg
0,014437.jpg
2,014438.jpg
7,014439.jpg
9,014440.jpg
7,014441.jpg
2,014442.jpg
6,014443.jpg
1,014444.jpg
4,014445.jpg
7,014446.jpg
8,014447.jpg
1,014448.jpg
1,014449.jpg
4,014450.jpg
4,014451.jpg
4,014452.jpg
1,014453.jpg
3,014454.jpg
0,014455.jpg
1,014456.jpg
4,014457.jpg
2,014458.jpg
2,014459.jpg
0,014460.jpg
7,014461.jpg
1,014462.jpg
2,014463.jpg
3,014464.jpg
4,014465.jpg
6,014466.jpg
9,014467.jpg
4,014468.jpg
2,014469.jpg
7,014470.jpg
1,014471.jpg
5,014472.jpg
2,014473.jpg
5,014474.jpg
6,014475.jpg
6,014476.jpg
9,014477.jpg
7,014478.jpg
9,014479.jpg
1,014480.jpg
7,014481.jpg
1,014482.jpg
9,014483.jpg
3,014484.jpg
0,014485.jpg
4,014486.jpg
0,014487.jpg
5,014488.jpg
4,014489.jpg
2,014490.jpg
6,014491.jpg
7,014492.jpg
2,014493.jpg
3,014494.jpg
0,014495.jpg
3,014496.jpg
5,014497.jpg
3,014498.jpg
3,014499.jpg
8,014500.jpg
5,014501.jpg
6,014502.jpg
1,014503.jpg
2,014504.jpg
0,014505.jpg
2,014506.jpg
7,014507.jpg
4,014508.jpg
0,014509.jpg
6,014510.jpg
0,014511.jpg
4,014512.jpg
4,014513.jpg
9,014514.jpg
1,014515.jpg
9,014516.jpg
4,014517.jpg
4,014518.jpg
6,014519.jpg
4,014520.jpg
6,014521.jpg
6,014522.jpg
1,014523.jpg
5,014524.jpg
8,014525.jpg
2,014526.jpg
3,014527.jpg
8,014528.jpg
0,014529.jpg
3,014530.jpg
1,014531.jpg
0,014532.jpg
9,014533.jpg
5,014534.jpg
2,014535.jpg
6,014536.jpg
8,014537.jpg
4,014538.jpg
8,014539.jpg
1,014540.jpg
3,014541.jpg
7,014542.jpg
7,014543.jpg
2,014544.jpg
0,014545.jpg
4,014546.jpg
3,014547.jpg
5,014548.jpg
5,014549.jpg
2,014550.jpg
7,014551.jpg
9,014552.jpg
8,014553.jpg
5,014554.jpg
5,014555.jpg
8,014556.jpg
5,014557.jpg
7,014558.jpg
4,014559.jpg
6,014560.jpg
1,014561.jpg
3,014562.jpg
8,014563.jpg
0,014564.jpg
7,014565.jpg
0,014566.jpg
5,014567.jpg
0,014568.jpg
9,014569.jpg
1,014570.jpg
2,014571.jpg
3,014572.jpg
7,014573.jpg
4,014574.jpg
1,014575.jpg
0,014576.jpg
1,014577.jpg
5,014578.jpg
8,014579.jpg
0,014580.jpg
6,014581.jpg
2,014582.jpg
0,014583.jpg
9,014584.jpg
9,014585.jpg
7,014586.jpg
5,014587.jpg
2,014588.jpg
6,014589.jpg
4,014590.jpg
9,014591.jpg
0,014592.jpg
9,014593.jpg
9,014594.jpg
8,014595.jpg
2,014596.jpg
7,014597.jpg
6,014598.jpg
1,014599.jpg
6,014600.jpg
1,014601.jpg
7,014602.jpg
0,014603.jpg
9,014604.jpg
9,014605.jpg
3,014606.jpg
0,014607.jpg
0,014608.jpg
8,014609.jpg
6,014610.jpg
3,014611.jpg
5,014612.jpg
0,014613.jpg
4,014614.jpg
4,014615.jpg
7,014616.jpg
9,014617.jpg
8,014618.jpg
0,014619.jpg
7,014620.jpg
9,014621.jpg
8,014622.jpg
0,014623.jpg
1,014624.jpg
9,014625.jpg
4,014626.jpg
0,014627.jpg
0,014628.jpg
7,014629.jpg
7,014630.jpg
6,014631.jpg
4,014632.jpg
0,014633.jpg
5,014634.jpg
2,014635.jpg
3,014636.jpg
2,014637.jpg
2,014638.jpg
2,014639.jpg
4,014640.jpg
4,014641.jpg
1,014642.jpg
5,014643.jpg
1,014644.jpg
5,014645.jpg
6,014646.jpg
8,014647.jpg
1,014648.jpg
4,014649.jpg
9,014650.jpg
5,014651.jpg
2,014652.jpg
8,014653.jpg
5,014654.jpg
7,014655.jpg
8,014656.jpg
2,014657.jpg
5,014658.jpg
1,014659.jpg
3,014660.jpg
4,014661.jpg
4,014662.jpg
4,014663.jpg
0,014664.jpg
0,014665.jpg
7,014666.jpg
2,014667.jpg
7,014668.jpg
2,014669.jpg
1,014670.jpg
6,014671.jpg
9,014672.jpg
7,014673.jpg
7,014674.jpg
6,014675.jpg
3,014676.jpg
3,014677.jpg
7,014678.jpg
4,014679.jpg
0,014680.jpg
6,014681.jpg
6,014682.jpg
5,014683.jpg
4,014684.jpg
0,014685.jpg
2,014686.jpg
9,014687.jpg
5,014688.jpg
6,014689.jpg
1,014690.jpg
5,014691.jpg
9,014692.jpg
7,014693.jpg
0,014694.jpg
0,014695.jpg
1,014696.jpg
3,014697.jpg
3,014698.jpg
3,014699.jpg
5,014700.jpg
7,014701.jpg
5,014702.jpg
1,014703.jpg
8,014704.jpg
2,014705.jpg
0,014706.jpg
2,014707.jpg
9,014708.jpg
8,014709.jpg
3,014710.jpg
3,014711.jpg
9,014712.jpg
2,014713.jpg
7,014714.jpg
0,014715.jpg
5,014716.jpg
1,014717.jpg
0,014718.jpg
7,014719.jpg
2,014720.jpg
2,014721.jpg
8,014722.jpg
4,014723.jpg
7,014724.jpg
4,014725.jpg
3,014726.jpg
1,014727.jpg
6,014728.jpg
1,014729.jpg
6,014730.jpg
4,014731.jpg
2,014732.jpg
8,014733.jpg
0,014734.jpg
9,014735.jpg
8,014736.jpg
0,014737.jpg
0,014738.jpg
9,014739.jpg
8,014740.jpg
9,014741.jpg
7,014742.jpg
2,014743.jpg
8,014744.jpg
1,014745.jpg
2,014746.jpg
6,014747.jpg
1,014748.jpg
0,014749.jpg
6,014750.jpg
2,014751.jpg
7,014752.jpg
4,014753.jpg
1,014754.jpg
2,014755.jpg
3,014756.jpg
5,014757.jpg
0,014758.jpg
2,014759.jpg
8,014760.jpg
3,014761.jpg
9,014762.jpg
0,014763.jpg
7,014764.jpg
0,014765.jpg
7,014766.jpg
2,014767.jpg
3,014768.jpg
3,014769.jpg
8,014770.jpg
0,014771.jpg
9,014772.jpg
1,014773.jpg
4,014774.jpg
8,014775.jpg
8,014776.jpg
9,014777.jpg
9,014778.jpg
3,014779.jpg
7,014780.jpg
0,014781.jpg
2,014782.jpg
4,014783.jpg
4,014784.jpg
2,014785.jpg
7,014786.jpg
0,014787.jpg
2,014788.jpg
3,014789.jpg
1,014790.jpg
7,014791.jpg
6,014792.jpg
0,014793.jpg
9,014794.jpg
7,014795.jpg
3,014796.jpg
5,014797.jpg
4,014798.jpg
8,014799.jpg
6,014800.jpg
9,014801.jpg
9,014802.jpg
8,014803.jpg
3,014804.jpg
6,014805.jpg
9,014806.jpg
6,014807.jpg
7,014808.jpg
9,014809.jpg
7,014810.jpg
5,014811.jpg
2,014812.jpg
7,014813.jpg
2,014814.jpg
7,014815.jpg
2,014816.jpg
2,014817.jpg
0,014818.jpg
9,014819.jpg
8,014820.jpg
9,014821.jpg
7,014822.jpg
8,014823.jpg
0,014824.jpg
9,014825.jpg
2,014826.jpg
1,014827.jpg
3,014828.jpg
2,014829.jpg
3,014830.jpg
3,014831.jpg
5,014832.jpg
4,014833.jpg
3,014834.jpg
0,014835.jpg
0,014836.jpg
2,014837.jpg
8,014838.jpg
6,014839.jpg
6,014840.jpg
2,014841.jpg
3,014842.jpg
6,014843.jpg
4,014844.jpg
4,014845.jpg
8,014846.jpg
0,014847.jpg
2,014848.jpg
6,014849.jpg
3,014850.jpg
9,014851.jpg
7,014852.jpg
1,014853.jpg
0,014854.jpg
9,014855.jpg
8,014856.jpg
3,014857.jpg
0,014858.jpg
3,014859.jpg
9,014860.jpg
6,014861.jpg
8,014862.jpg
4,014863.jpg
3,014864.jpg
3,014865.jpg
3,014866.jpg
8,014867.jpg
7,014868.jpg
3,014869.jpg
2,014870.jpg
1,014871.jpg
7,014872.jpg
7,014873.jpg
9,014874.jpg
6,014875.jpg
0,014876.jpg
7,014877.jpg
0,014878.jpg
3,014879.jpg
0,014880.jpg
3,014881.jpg
3,014882.jpg
5,014883.jpg
1,014884.jpg
8,014885.jpg
5,014886.jpg
9,014887.jpg
4,014888.jpg
2,014889.jpg
1,014890.jpg
1,014891.jpg
4,014892.jpg
4,014893.jpg
2,014894.jpg
0,014895.jpg
2,014896.jpg
9,014897.jpg
6,014898.jpg
1,014899.jpg
9,014900.jpg
3,014901.jpg
1,014902.jpg
9,014903.jpg
0,014904.jpg
8,014905.jpg
0,014906.jpg
1,014907.jpg
8,014908.jpg
4,014909.jpg
3,014910.jpg
0,014911.jpg
7,014912.jpg
3,014913.jpg
9,014914.jpg
3,014915.jpg
1,014916.jpg
4,014917.jpg
1,014918.jpg
8,014919.jpg
8,014920.jpg
5,014921.jpg
6,014922.jpg
6,014923.jpg
7,014924.jpg
2,014925.jpg
8,014926.jpg
7,014927.jpg
3,014928.jpg
0,014929.jpg
9,014930.jpg
0,014931.jpg
5,014932.jpg
0,014933.jpg
3,014934.jpg
3,014935.jpg
5,014936.jpg
5,014937.jpg
0,014938.jpg
1,014939.jpg
7,014940.jpg
9,014941.jpg
0,014942.jpg
2,014943.jpg
0,014944.jpg
9,014945.jpg
5,014946.jpg
7,014947.jpg
9,014948.jpg
9,014949.jpg
2,014950.jpg
7,014951.jpg
8,014952.jpg
3,014953.jpg
6,014954.jpg
4,014955.jpg
3,014956.jpg
2,014957.jpg
6,014958.jpg
4,014959.jpg
8,014960.jpg
6,014961.jpg
3,014962.jpg
6,014963.jpg
0,014964.jpg
1,014965.jpg
2,014966.jpg
4,014967.jpg
4,014968.jpg
1,014969.jpg
0,014970.jpg
0,014971.jpg
0,014972.jpg
7,014973.jpg
6,014974.jpg
3,014975.jpg
1,014976.jpg
7,014977.jpg
4,014978.jpg
3,014979.jpg
0,014980.jpg
8,014981.jpg
5,014982.jpg
5,014983.jpg
4,014984.jpg
8,014985.jpg
0,014986.jpg
4,014987.jpg
5,014988.jpg
9,014989.jpg
6,014990.jpg
5,014991.jpg
6,014992.jpg
5,014993.jpg
3,014994.jpg
1,014995.jpg
4,014996.jpg
0,014997.jpg
5,014998.jpg
6,014999.jpg
2,015000.jpg
9,015001.jpg
2,015002.jpg
0,015003.jpg
7,015004.jpg
6,015005.jpg
9,015006.jpg
0,015007.jpg
0,015008.jpg
9,015009.jpg
0,015010.jpg
0,015011.jpg
9,015012.jpg
7,015013.jpg
8,015014.jpg
6,015015.jpg
2,015016.jpg
8,015017.jpg
3,015018.jpg
6,015019.jpg
1,015020.jpg
7,015021.jpg
4,015022.jpg
5,015023.jpg
2,015024.jpg
0,015025.jpg
9,015026.jpg
1,015027.jpg
3,015028.jpg
0,015029.jpg
4,015030.jpg
8,015031.jpg
0,015032.jpg
4,015033.jpg
0,015034.jpg
2,015035.jpg
2,015036.jpg
4,015037.jpg
1,015038.jpg
1,015039.jpg
4,015040.jpg
0,015041.jpg
9,015042.jpg
1,015043.jpg
3,015044.jpg
1,015045.jpg
2,015046.jpg
3,015047.jpg
8,015048.jpg
9,015049.jpg
6,015050.jpg
3,015051.jpg
0,015052.jpg
9,015053.jpg
4,015054.jpg
8,015055.jpg
9,015056.jpg
8,015057.jpg
9,015058.jpg
6,015059.jpg
0,015060.jpg
6,015061.jpg
1,015062.jpg
8,015063.jpg
9,015064.jpg
7,015065.jpg
2,015066.jpg
2,015067.jpg
8,015068.jpg
9,015069.jpg
7,015070.jpg
2,015071.jpg
9,015072.jpg
8,015073.jpg
1,015074.jpg
2,015075.jpg
3,015076.jpg
4,015077.jpg
3,015078.jpg
5,015079.jpg
0,015080.jpg
9,015081.jpg
0,015082.jpg
0,015083.jpg
9,015084.jpg
0,015085.jpg
2,015086.jpg
8,015087.jpg
3,015088.jpg
5,015089.jpg
5,015090.jpg
7,015091.jpg
3,015092.jpg
5,015093.jpg
1,015094.jpg
1,015095.jpg
5,015096.jpg
4,015097.jpg
0,015098.jpg
0,015099.jpg
3,015100.jpg
6,015101.jpg
6,015102.jpg
2,015103.jpg
8,015104.jpg
1,015105.jpg
9,015106.jpg
1,015107.jpg
3,015108.jpg
4,015109.jpg
9,015110.jpg
0,015111.jpg
8,015112.jpg
3,015113.jpg
0,015114.jpg
5,015115.jpg
6,015116.jpg
6,015117.jpg
3,015118.jpg
0,015119.jpg
5,015120.jpg
6,015121.jpg
0,015122.jpg
4,015123.jpg
1,015124.jpg
7,015125.jpg
6,015126.jpg
0,015127.jpg
7,015128.jpg
6,015129.jpg
6,015130.jpg
3,015131.jpg
7,015132.jpg
7,015133.jpg
8,015134.jpg
7,015135.jpg
0,015136.jpg
3,015137.jpg
4,015138.jpg
7,015139.jpg
4,015140.jpg
8,015141.jpg
1,015142.jpg
3,015143.jpg
6,015144.jpg
2,015145.jpg
0,015146.jpg
3,015147.jpg
4,015148.jpg
6,015149.jpg
2,015150.jpg
3,015151.jpg
8,015152.jpg
5,015153.jpg
5,015154.jpg
0,015155.jpg
5,015156.jpg
2,015157.jpg
7,015158.jpg
9,015159.jpg
7,015160.jpg
6,015161.jpg
5,015162.jpg
9,015163.jpg
0,015164.jpg
5,015165.jpg
1,015166.jpg
7,015167.jpg
7,015168.jpg
7,015169.jpg
2,015170.jpg
0,015171.jpg
8,015172.jpg
5,015173.jpg
1,015174.jpg
3,015175.jpg
9,015176.jpg
2,015177.jpg
3,015178.jpg
7,015179.jpg
4,015180.jpg
3,015181.jpg
7,015182.jpg
0,015183.jpg
0,015184.jpg
3,015185.jpg
8,015186.jpg
1,015187.jpg
0,015188.jpg
6,015189.jpg
7,015190.jpg
8,015191.jpg
5,015192.jpg
0,015193.jpg
6,015194.jpg
9,015195.jpg
3,015196.jpg
2,015197.jpg
0,015198.jpg
0,015199.jpg
9,015200.jpg
7,015201.jpg
7,015202.jpg
3,015203.jpg
4,015204.jpg
9,015205.jpg
1,015206.jpg
6,015207.jpg
5,015208.jpg
8,015209.jpg
9,015210.jpg
3,015211.jpg
5,015212.jpg
5,015213.jpg
7,015214.jpg
8,015215.jpg
1,015216.jpg
2,015217.jpg
7,015218.jpg
3,015219.jpg
1,015220.jpg
8,015221.jpg
0,015222.jpg
4,015223.jpg
1,015224.jpg
7,015225.jpg
8,015226.jpg
6,015227.jpg
4,015228.jpg
6,015229.jpg
9,015230.jpg
0,015231.jpg
9,015232.jpg
3,015233.jpg
2,015234.jpg
7,015235.jpg
6,015236.jpg
2,015237.jpg
5,015238.jpg
6,015239.jpg
1,015240.jpg
9,015241.jpg
1,015242.jpg
2,015243.jpg
5,015244.jpg
2,015245.jpg
0,015246.jpg
3,015247.jpg
8,015248.jpg
2,015249.jpg
7,015250.jpg
9,015251.jpg
7,015252.jpg
3,015253.jpg
9,015254.jpg
2,015255.jpg
8,015256.jpg
3,015257.jpg
3,015258.jpg
3,015259.jpg
0,015260.jpg
9,015261.jpg
4,015262.jpg
2,015263.jpg
5,015264.jpg
4,015265.jpg
3,015266.jpg
5,015267.jpg
0,015268.jpg
7,015269.jpg
0,015270.jpg
0,015271.jpg
3,015272.jpg
5,015273.jpg
2,015274.jpg
7,015275.jpg
7,015276.jpg
2,015277.jpg
3,015278.jpg
0,015279.jpg
1,015280.jpg
6,015281.jpg
6,015282.jpg
0,015283.jpg
3,015284.jpg
1,015285.jpg
7,015286.jpg
9,015287.jpg
0,015288.jpg
9,015289.jpg
6,015290.jpg
3,015291.jpg
2,015292.jpg
1,015293.jpg
1,015294.jpg
7,015295.jpg
6,015296.jpg
8,015297.jpg
1,015298.jpg
6,015299.jpg
6,015300.jpg
0,015301.jpg
9,015302.jpg
1,015303.jpg
5,015304.jpg
0,015305.jpg
0,015306.jpg
6,015307.jpg
8,015308.jpg
9,015309.jpg
8,015310.jpg
3,015311.jpg
4,015312.jpg
6,015313.jpg
0,015314.jpg
5,015315.jpg
9,015316.jpg
5,015317.jpg
0,015318.jpg
8,015319.jpg
8,015320.jpg
9,015321.jpg
1,015322.jpg
7,015323.jpg
8,015324.jpg
8,015325.jpg
1,015326.jpg
1,015327.jpg
4,015328.jpg
8,015329.jpg
2,015330.jpg
6,015331.jpg
8,015332.jpg
5,015333.jpg
5,015334.jpg
3,015335.jpg
1,015336.jpg
8,015337.jpg
7,015338.jpg
2,015339.jpg
4,015340.jpg
7,015341.jpg
3,015342.jpg
5,015343.jpg
9,015344.jpg
4,015345.jpg
7,015346.jpg
4,015347.jpg
6,015348.jpg
7,015349.jpg
9,015350.jpg
1,015351.jpg
5,015352.jpg
6,015353.jpg
6,015354.jpg
6,015355.jpg
3,015356.jpg
8,015357.jpg
3,015358.jpg
6,015359.jpg
8,015360.jpg
1,015361.jpg
8,015362.jpg
4,015363.jpg
9,015364.jpg
8,015365.jpg
2,015366.jpg
2,015367.jpg
2,015368.jpg
1,015369.jpg
8,015370.jpg
9,015371.jpg
5,015372.jpg
9,015373.jpg
0,015374.jpg
4,015375.jpg
4,015376.jpg
7,015377.jpg
1,015378.jpg
8,015379.jpg
8,015380.jpg
3,015381.jpg
2,015382.jpg
6,015383.jpg
3,015384.jpg
2,015385.jpg
3,015386.jpg
5,015387.jpg
3,015388.jpg
0,015389.jpg
2,015390.jpg
5,015391.jpg
5,015392.jpg
6,015393.jpg
0,015394.jpg
8,015395.jpg
3,015396.jpg
0,015397.jpg
9,015398.jpg
6,015399.jpg
5,015400.jpg
5,015401.jpg
0,015402.jpg
9,015403.jpg
6,015404.jpg
8,015405.jpg
7,015406.jpg
7,015407.jpg
5,015408.jpg
8,015409.jpg
9,015410.jpg
3,015411.jpg
1,015412.jpg
7,015413.jpg
9,015414.jpg
9,015415.jpg
7,015416.jpg
1,015417.jpg
1,015418.jpg
4,015419.jpg
8,015420.jpg
6,015421.jpg
5,015422.jpg
7,015423.jpg
7,015424.jpg
4,015425.jpg
6,015426.jpg
0,015427.jpg
5,015428.jpg
2,015429.jpg
5,015430.jpg
3,015431.jpg
7,015432.jpg
3,015433.jpg
6,015434.jpg
4,015435.jpg
9,015436.jpg
8,015437.jpg
1,015438.jpg
9,015439.jpg
3,015440.jpg
0,015441.jpg
2,015442.jpg
5,015443.jpg
8,015444.jpg
9,015445.jpg
5,015446.jpg
1,015447.jpg
9,015448.jpg
9,015449.jpg
8,015450.jpg
0,015451.jpg
7,015452.jpg
8,015453.jpg
1,015454.jpg
9,015455.jpg
5,015456.jpg
7,015457.jpg
9,015458.jpg
2,015459.jpg
9,015460.jpg
1,015461.jpg
8,015462.jpg
1,015463.jpg
1,015464.jpg
8,015465.jpg
5,015466.jpg
3,015467.jpg
3,015468.jpg
3,015469.jpg
2,015470.jpg
4,015471.jpg
6,015472.jpg
8,015473.jpg
0,015474.jpg
7,015475.jpg
1,015476.jpg
7,015477.jpg
0,015478.jpg
3,015479.jpg
2,015480.jpg
5,015481.jpg
5,015482.jpg
1,015483.jpg
9,015484.jpg
4,015485.jpg
2,015486.jpg
4,015487.jpg
0,015488.jpg
4,015489.jpg
1,015490.jpg
3,015491.jpg
3,015492.jpg
6,015493.jpg
5,015494.jpg
0,015495.jpg
5,015496.jpg
0,015497.jpg
5,015498.jpg
3,015499.jpg
8,015500.jpg
7,015501.jpg
0,015502.jpg
9,015503.jpg
6,015504.jpg
1,015505.jpg
6,015506.jpg
2,015507.jpg
2,015508.jpg
0,015509.jpg
1,015510.jpg
8,015511.jpg
3,015512.jpg
1,015513.jpg
2,015514.jpg
4,015515.jpg
1,015516.jpg
9,015517.jpg
8,015518.jpg
5,015519.jpg
4,015520.jpg
4,015521.jpg
9,015522.jpg
5,015523.jpg
9,015524.jpg
1,015525.jpg
6,015526.jpg
3,015527.jpg
2,015528.jpg
0,015529.jpg
4,015530.jpg
6,015531.jpg
3,015532.jpg
0,015533.jpg
0,015534.jpg
5,015535.jpg
5,015536.jpg
3,015537.jpg
3,015538.jpg
2,015539.jpg
7,015540.jpg
5,015541.jpg
0,015542.jpg
2,015543.jpg
8,015544.jpg
7,015545.jpg
7,015546.jpg
9,015547.jpg
2,015548.jpg
5,015549.jpg
7,015550.jpg
2,015551.jpg
7,015552.jpg
2,015553.jpg
3,015554.jpg
2,015555.jpg
5,015556.jpg
2,015557.jpg
9,015558.jpg
9,015559.jpg
2,015560.jpg
3,015561.jpg
4,015562.jpg
6,015563.jpg
5,015564.jpg
4,015565.jpg
9,015566.jpg
3,015567.jpg
1,015568.jpg
0,015569.jpg
6,015570.jpg
6,015571.jpg
3,015572.jpg
5,015573.jpg
5,015574.jpg
9,015575.jpg
6,015576.jpg
7,015577.jpg
7,015578.jpg
4,015579.jpg
7,015580.jpg
4,015581.jpg
7,015582.jpg
1,015583.jpg
1,015584.jpg
6,015585.jpg
6,015586.jpg
5,015587.jpg
0,015588.jpg
9,015589.jpg
7,015590.jpg
3,015591.jpg
7,015592.jpg
2,015593.jpg
4,015594.jpg
3,015595.jpg
4,015596.jpg
1,015597.jpg
0,015598.jpg
5,015599.jpg
5,015600.jpg
9,015601.jpg
1,015602.jpg
4,015603.jpg
5,015604.jpg
0,015605.jpg
9,015606.jpg
5,015607.jpg
8,015608.jpg
9,015609.jpg
4,015610.jpg
8,015611.jpg
5,015612.jpg
7,015613.jpg
6,015614.jpg
7,015615.jpg
9,015616.jpg
7,015617.jpg
0,015618.jpg
0,015619.jpg
1,015620.jpg
8,015621.jpg
0,015622.jpg
1,015623.jpg
8,015624.jpg
0,015625.jpg
6,015626.jpg
0,015627.jpg
5,015628.jpg
0,015629.jpg
7,015630.jpg
3,015631.jpg
2,015632.jpg
5,015633.jpg
5,015634.jpg
7,015635.jpg
1,015636.jpg
3,015637.jpg
3,015638.jpg
2,015639.jpg
5,015640.jpg
8,015641.jpg
9,015642.jpg
5,015643.jpg
0,015644.jpg
6,015645.jpg
1,015646.jpg
8,015647.jpg
9,015648.jpg
1,015649.jpg
9,015650.jpg
2,015651.jpg
3,015652.jpg
7,015653.jpg
7,015654.jpg
9,015655.jpg
7,015656.jpg
3,015657.jpg
9,015658.jpg
6,015659.jpg
8,015660.jpg
3,015661.jpg
3,015662.jpg
6,015663.jpg
2,015664.jpg
6,015665.jpg
3,015666.jpg
0,015667.jpg
9,015668.jpg
1,015669.jpg
3,015670.jpg
2,015671.jpg
8,015672.jpg
3,015673.jpg
2,015674.jpg
2,015675.jpg
9,015676.jpg
8,015677.jpg
4,015678.jpg
6,015679.jpg
6,015680.jpg
3,015681.jpg
1,015682.jpg
7,015683.jpg
0,015684.jpg
0,015685.jpg
2,015686.jpg
2,015687.jpg
1,015688.jpg
8,015689.jpg
1,015690.jpg
1,015691.jpg
4,015692.jpg
9,015693.jpg
1,015694.jpg
8,015695.jpg
5,015696.jpg
1,015697.jpg
7,015698.jpg
5,015699.jpg
2,015700.jpg
6,015701.jpg
9,015702.jpg
4,015703.jpg
6,015704.jpg
5,015705.jpg
1,015706.jpg
4,015707.jpg
0,015708.jpg
5,015709.jpg
8,015710.jpg
9,015711.jpg
0,015712.jpg
2,015713.jpg
0,015714.jpg
7,015715.jpg
6,015716.jpg
2,015717.jpg
6,015718.jpg
8,015719.jpg
5,015720.jpg
1,015721.jpg
6,015722.jpg
7,015723.jpg
0,015724.jpg
4,015725.jpg
9,015726.jpg
9,015727.jpg
9,015728.jpg
9,015729.jpg
7,015730.jpg
0,015731.jpg
8,015732.jpg
3,015733.jpg
6,015734.jpg
6,015735.jpg
9,015736.jpg
6,015737.jpg
2,015738.jpg
2,015739.jpg
9,015740.jpg
9,015741.jpg
8,015742.jpg
3,015743.jpg
5,015744.jpg
1,015745.jpg
5,015746.jpg
8,015747.jpg
8,015748.jpg
5,015749.jpg
2,015750.jpg
3,015751.jpg
8,015752.jpg
5,015753.jpg
8,015754.jpg
3,015755.jpg
4,015756.jpg
0,015757.jpg
6,015758.jpg
6,015759.jpg
4,015760.jpg
4,015761.jpg
7,015762.jpg
4,015763.jpg
4,015764.jpg
7,015765.jpg
4,015766.jpg
3,015767.jpg
6,015768.jpg
1,015769.jpg
7,015770.jpg
2,015771.jpg
8,015772.jpg
1,015773.jpg
9,015774.jpg
0,015775.jpg
0,015776.jpg
8,015777.jpg
6,015778.jpg
2,015779.jpg
1,015780.jpg
4,015781.jpg
4,015782.jpg
3,015783.jpg
0,015784.jpg
5,015785.jpg
0,015786.jpg
2,015787.jpg
2,015788.jpg
7,015789.jpg
7,015790.jpg
5,015791.jpg
3,015792.jpg
2,015793.jpg
4,015794.jpg
6,015795.jpg
5,015796.jpg
4,015797.jpg
8,015798.jpg
5,015799.jpg
9,015800.jpg
1,015801.jpg
7,015802.jpg
1,015803.jpg
0,015804.jpg
4,015805.jpg
0,015806.jpg
9,015807.jpg
4,015808.jpg
9,015809.jpg
7,015810.jpg
4,015811.jpg
7,015812.jpg
5,015813.jpg
7,015814.jpg
9,015815.jpg
7,015816.jpg
4,015817.jpg
4,015818.jpg
3,015819.jpg
3,015820.jpg
8,015821.jpg
3,015822.jpg
8,015823.jpg
9,015824.jpg
8,015825.jpg
2,015826.jpg
2,015827.jpg
5,015828.jpg
9,015829.jpg
4,015830.jpg
2,015831.jpg
8,015832.jpg
7,015833.jpg
6,015834.jpg
6,015835.jpg
1,015836.jpg
4,015837.jpg
2,015838.jpg
7,015839.jpg
6,015840.jpg
6,015841.jpg
8,015842.jpg
9,015843.jpg
3,015844.jpg
4,015845.jpg
2,015846.jpg
2,015847.jpg
3,015848.jpg
1,015849.jpg
8,015850.jpg
5,015851.jpg
5,015852.jpg
9,015853.jpg
9,015854.jpg
5,015855.jpg
9,015856.jpg
3,015857.jpg
4,015858.jpg
7,015859.jpg
3,015860.jpg
1,015861.jpg
7,015862.jpg
3,015863.jpg
9,015864.jpg
3,015865.jpg
8,015866.jpg
0,015867.jpg
9,015868.jpg
7,015869.jpg
4,015870.jpg
7,015871.jpg
6,015872.jpg
6,015873.jpg
5,015874.jpg
4,015875.jpg
6,015876.jpg
8,015877.jpg
5,015878.jpg
3,015879.jpg
2,015880.jpg
4,015881.jpg
7,015882.jpg
4,015883.jpg
5,015884.jpg
2,015885.jpg
5,015886.jpg
4,015887.jpg
1,015888.jpg
1,015889.jpg
3,015890.jpg
2,015891.jpg
7,015892.jpg
3,015893.jpg
9,015894.jpg
5,015895.jpg
8,015896.jpg
9,015897.jpg
2,015898.jpg
6,015899.jpg
1,015900.jpg
1,015901.jpg
9,015902.jpg
2,015903.jpg
8,015904.jpg
8,015905.jpg
3,015906.jpg
7,015907.jpg
3,015908.jpg
3,015909.jpg
6,015910.jpg
4,015911.jpg
7,015912.jpg
0,015913.jpg
6,015914.jpg
2,015915.jpg
6,015916.jpg
2,015917.jpg
2,015918.jpg
1,015919.jpg
7,015920.jpg
8,015921.jpg
4,015922.jpg
1,015923.jpg
7,015924.jpg
2,015925.jpg
7,015926.jpg
8,015927.jpg
9,015928.jpg
5,015929.jpg
0,015930.jpg
4,015931.jpg
3,015932.jpg
2,015933.jpg
0,015934.jpg
4,015935.jpg
7,015936.jpg
2,015937.jpg
0,015938.jpg
6,015939.jpg
4,015940.jpg
6,015941.jpg
4,015942.jpg
7,015943.jpg
1,015944.jpg
6,015945.jpg
3,015946.jpg
7,015947.jpg
3,015948.jpg
9,015949.jpg
3,015950.jpg
4,015951.jpg
7,015952.jpg
2,015953.jpg
8,015954.jpg
0,015955.jpg
7,015956.jpg
3,015957.jpg
6,015958.jpg
6,015959.jpg
4,015960.jpg
8,015961.jpg
7,015962.jpg
1,015963.jpg
6,015964.jpg
5,015965.jpg
0,015966.jpg
1,015967.jpg
4,015968.jpg
8,015969.jpg
4,015970.jpg
4,015971.jpg
8,015972.jpg
8,015973.jpg
1,015974.jpg
3,015975.jpg
9,015976.jpg
7,015977.jpg
8,015978.jpg
8,015979.jpg
5,015980.jpg
5,015981.jpg
3,015982.jpg
5,015983.jpg
1,015984.jpg
8,015985.jpg
6,015986.jpg
4,015987.jpg
1,015988.jpg
6,015989.jpg
7,015990.jpg
8,015991.jpg
6,015992.jpg
5,015993.jpg
8,015994.jpg
8,015995.jpg
1,015996.jpg
7,015997.jpg
1,015998.jpg
4,015999.jpg
5,016000.jpg
2,016001.jpg
5,016002.jpg
4,016003.jpg
0,016004.jpg
2,016005.jpg
4,016006.jpg
2,016007.jpg
2,016008.jpg
3,016009.jpg
2,016010.jpg
1,016011.jpg
2,016012.jpg
3,016013.jpg
8,016014.jpg
7,016015.jpg
9,016016.jpg
4,016017.jpg
8,016018.jpg
7,016019.jpg
2,016020.jpg
5,016021.jpg
9,016022.jpg
3,016023.jpg
8,016024.jpg
6,016025.jpg
7,016026.jpg
7,016027.jpg
9,016028.jpg
8,016029.jpg
6,016030.jpg
2,016031.jpg
1,016032.jpg
4,016033.jpg
0,016034.jpg
7,016035.jpg
8,016036.jpg
3,016037.jpg
6,016038.jpg
4,016039.jpg
0,016040.jpg
6,016041.jpg
0,016042.jpg
6,016043.jpg
8,016044.jpg
4,016045.jpg
4,016046.jpg
7,016047.jpg
7,016048.jpg
0,016049.jpg
7,016050.jpg
3,016051.jpg
8,016052.jpg
4,016053.jpg
6,016054.jpg
3,016055.jpg
8,016056.jpg
3,016057.jpg
8,016058.jpg
7,016059.jpg
8,016060.jpg
4,016061.jpg
9,016062.jpg
5,016063.jpg
3,016064.jpg
6,016065.jpg
6,016066.jpg
5,016067.jpg
4,016068.jpg
7,016069.jpg
3,016070.jpg
7,016071.jpg
8,016072.jpg
1,016073.jpg
5,016074.jpg
1,016075.jpg
7,016076.jpg
3,016077.jpg
8,016078.jpg
5,016079.jpg
3,016080.jpg
8,016081.jpg
7,016082.jpg
2,016083.jpg
5,016084.jpg
5,016085.jpg
1,016086.jpg
5,016087.jpg
2,016088.jpg
8,016089.jpg
4,016090.jpg
4,016091.jpg
7,016092.jpg
5,016093.jpg
1,016094.jpg
2,016095.jpg
3,016096.jpg
2,016097.jpg
1,016098.jpg
7,016099.jpg
1,016100.jpg
0,016101.jpg
9,016102.jpg
5,016103.jpg
2,016104.jpg
9,016105.jpg
6,016106.jpg
1,016107.jpg
3,016108.jpg
9,016109.jpg
7,016110.jpg
7,016111.jpg
9,016112.jpg
5,016113.jpg
2,016114.jpg
0,016115.jpg
0,016116.jpg
1,016117.jpg
0,016118.jpg
6,016119.jpg
4,016120.jpg
4,016121.jpg
3,016122.jpg
7,016123.jpg
7,016124.jpg
6,016125.jpg
0,016126.jpg
1,016127.jpg
1,016128.jpg
3,016129.jpg
1,016130.jpg
4,016131.jpg
4,016132.jpg
6,016133.jpg
8,016134.jpg
9,016135.jpg
7,016136.jpg
0,016137.jpg
5,016138.jpg
2,016139.jpg
9,016140.jpg
3,016141.jpg
0,016142.jpg
2,016143.jpg
0,016144.jpg
7,016145.jpg
9,016146.jpg
9,016147.jpg
0,016148.jpg
6,016149.jpg
8,016150.jpg
0,016151.jpg
5,016152.jpg
7,016153.jpg
3,016154.jpg
7,016155.jpg
1,016156.jpg
6,016157.jpg
1,016158.jpg
7,016159.jpg
6,016160.jpg
3,016161.jpg
5,016162.jpg
7,016163.jpg
3,016164.jpg
1,016165.jpg
4,016166.jpg
1,016167.jpg
3,016168.jpg
4,016169.jpg
6,016170.jpg
3,016171.jpg
2,016172.jpg
7,016173.jpg
6,016174.jpg
7,016175.jpg
8,016176.jpg
3,016177.jpg
0,016178.jpg
9,016179.jpg
7,016180.jpg
9,016181.jpg
1,016182.jpg
4,016183.jpg
1,016184.jpg
8,016185.jpg
3,016186.jpg
8,016187.jpg
6,016188.jpg
3,016189.jpg
8,016190.jpg
1,016191.jpg
1,016192.jpg
6,016193.jpg
3,016194.jpg
4,016195.jpg
9,016196.jpg
1,016197.jpg
3,016198.jpg
0,016199.jpg
9,016200.jpg
6,016201.jpg
7,016202.jpg
9,016203.jpg
3,016204.jpg
3,016205.jpg
4,016206.jpg
0,016207.jpg
0,016208.jpg
2,016209.jpg
6,016210.jpg
4,016211.jpg
7,016212.jpg
3,016213.jpg
4,016214.jpg
7,016215.jpg
2,016216.jpg
7,016217.jpg
5,016218.jpg
7,016219.jpg
3,016220.jpg
8,016221.jpg
2,016222.jpg
7,016223.jpg
6,016224.jpg
6,016225.jpg
7,016226.jpg
9,016227.jpg
3,016228.jpg
7,016229.jpg
8,016230.jpg
0,016231.jpg
3,016232.jpg
0,016233.jpg
8,016234.jpg
2,016235.jpg
2,016236.jpg
2,016237.jpg
8,016238.jpg
5,016239.jpg
9,016240.jpg
7,016241.jpg
0,016242.jpg
9,016243.jpg
8,016244.jpg
8,016245.jpg
6,016246.jpg
2,016247.jpg
6,016248.jpg
2,016249.jpg
9,016250.jpg
9,016251.jpg
7,016252.jpg
5,016253.jpg
2,016254.jpg
7,016255.jpg
4,016256.jpg
5,016257.jpg
4,016258.jpg
6,016259.jpg
1,016260.jpg
3,016261.jpg
1,016262.jpg
7,016263.jpg
0,016264.jpg
3,016265.jpg
0,016266.jpg
9,016267.jpg
7,016268.jpg
7,016269.jpg
0,016270.jpg
8,016271.jpg
5,016272.jpg
2,016273.jpg
7,016274.jpg
2,016275.jpg
6,016276.jpg
5,016277.jpg
0,016278.jpg
7,016279.jpg
0,016280.jpg
5,016281.jpg
2,016282.jpg
1,016283.jpg
7,016284.jpg
7,016285.jpg
7,016286.jpg
3,016287.jpg
1,016288.jpg
9,016289.jpg
7,016290.jpg
1,016291.jpg
6,016292.jpg
3,016293.jpg
1,016294.jpg
4,016295.jpg
1,016296.jpg
6,016297.jpg
8,016298.jpg
9,016299.jpg
1,016300.jpg
0,016301.jpg
5,016302.jpg
2,016303.jpg
7,016304.jpg
8,016305.jpg
7,016306.jpg
4,016307.jpg
7,016308.jpg
3,016309.jpg
6,016310.jpg
2,016311.jpg
7,016312.jpg
3,016313.jpg
1,016314.jpg
9,016315.jpg
2,016316.jpg
6,016317.jpg
5,016318.jpg
4,016319.jpg
8,016320.jpg
1,016321.jpg
6,016322.jpg
9,016323.jpg
6,016324.jpg
3,016325.jpg
2,016326.jpg
6,016327.jpg
5,016328.jpg
1,016329.jpg
5,016330.jpg
4,016331.jpg
5,016332.jpg
3,016333.jpg
9,016334.jpg
9,016335.jpg
6,016336.jpg
6,016337.jpg
3,016338.jpg
0,016339.jpg
1,016340.jpg
7,016341.jpg
1,016342.jpg
1,016343.jpg
8,016344.jpg
1,016345.jpg
8,016346.jpg
2,016347.jpg
7,016348.jpg
4,016349.jpg
9,016350.jpg
5,016351.jpg
5,016352.jpg
9,016353.jpg
5,016354.jpg
2,016355.jpg
1,016356.jpg
7,016357.jpg
2,016358.jpg
9,016359.jpg
6,016360.jpg
2,016361.jpg
7,016362.jpg
6,016363.jpg
5,016364.jpg
5,016365.jpg
6,016366.jpg
7,016367.jpg
0,016368.jpg
0,016369.jpg
4,016370.jpg
2,016371.jpg
1,016372.jpg
7,016373.jpg
7,016374.jpg
9,016375.jpg
2,016376.jpg
3,016377.jpg
3,016378.jpg
0,016379.jpg
1,016380.jpg
7,016381.jpg
9,016382.jpg
8,016383.jpg
2,016384.jpg
4,016385.jpg
3,016386.jpg
7,016387.jpg
0,016388.jpg
7,016389.jpg
5,016390.jpg
6,016391.jpg
3,016392.jpg
1,016393.jpg
7,016394.jpg
0,016395.jpg
7,016396.jpg
4,016397.jpg
2,016398.jpg
2,016399.jpg
8,016400.jpg
7,016401.jpg
2,016402.jpg
3,016403.jpg
1,016404.jpg
4,016405.jpg
3,016406.jpg
0,016407.jpg
5,016408.jpg
3,016409.jpg
4,016410.jpg
8,016411.jpg
2,016412.jpg
7,016413.jpg
7,016414.jpg
2,016415.jpg
1,016416.jpg
5,016417.jpg
5,016418.jpg
9,016419.jpg
5,016420.jpg
7,016421.jpg
9,016422.jpg
6,016423.jpg
3,016424.jpg
7,016425.jpg
7,016426.jpg
7,016427.jpg
3,016428.jpg
4,016429.jpg
7,016430.jpg
1,016431.jpg
4,016432.jpg
3,016433.jpg
0,016434.jpg
6,016435.jpg
1,016436.jpg
9,016437.jpg
4,016438.jpg
1,016439.jpg
4,016440.jpg
4,016441.jpg
4,016442.jpg
8,016443.jpg
5,016444.jpg
7,016445.jpg
7,016446.jpg
0,016447.jpg
4,016448.jpg
9,016449.jpg
6,016450.jpg
6,016451.jpg
3,016452.jpg
1,016453.jpg
1,016454.jpg
8,016455.jpg
5,016456.jpg
3,016457.jpg
2,016458.jpg
3,016459.jpg
8,016460.jpg
3,016461.jpg
0,016462.jpg
1,016463.jpg
3,016464.jpg
2,016465.jpg
7,016466.jpg
7,016467.jpg
7,016468.jpg
2,016469.jpg
3,016470.jpg
0,016471.jpg
2,016472.jpg
8,016473.jpg
9,016474.jpg
1,016475.jpg
0,016476.jpg
9,016477.jpg
0,016478.jpg
3,016479.jpg
4,016480.jpg
1,016481.jpg
0,016482.jpg
6,016483.jpg
4,016484.jpg
8,016485.jpg
6,016486.jpg
8,016487.jpg
2,016488.jpg
6,016489.jpg
0,016490.jpg
6,016491.jpg
4,016492.jpg
2,016493.jpg
3,016494.jpg
0,016495.jpg
4,016496.jpg
2,016497.jpg
1,016498.jpg
2,016499.jpg
3,016500.jpg
7,016501.jpg
9,016502.jpg
1,016503.jpg
2,016504.jpg
5,016505.jpg
2,016506.jpg
5,016507.jpg
7,016508.jpg
6,016509.jpg
4,016510.jpg
0,016511.jpg
9,016512.jpg
2,016513.jpg
1,016514.jpg
4,016515.jpg
4,016516.jpg
1,016517.jpg
5,016518.jpg
9,016519.jpg
1,016520.jpg
5,016521.jpg
3,016522.jpg
5,016523.jpg
1,016524.jpg
5,016525.jpg
1,016526.jpg
1,016527.jpg
7,016528.jpg
2,016529.jpg
7,016530.jpg
1,016531.jpg
0,016532.jpg
4,016533.jpg
9,016534.jpg
6,016535.jpg
9,016536.jpg
8,016537.jpg
4,016538.jpg
2,016539.jpg
7,016540.jpg
0,016541.jpg
0,016542.jpg
9,016543.jpg
1,016544.jpg
8,016545.jpg
6,016546.jpg
6,016547.jpg
9,016548.jpg
8,016549.jpg
2,016550.jpg
3,016551.jpg
6,016552.jpg
9,016553.jpg
9,016554.jpg
4,016555.jpg
5,016556.jpg
5,016557.jpg
1,016558.jpg
2,016559.jpg
2,016560.jpg
5,016561.jpg
2,016562.jpg
3,016563.jpg
0,016564.jpg
1,016565.jpg
4,016566.jpg
3,016567.jpg
0,016568.jpg
5,016569.jpg
9,016570.jpg
5,016571.jpg
3,016572.jpg
4,016573.jpg
5,016574.jpg
9,016575.jpg
9,016576.jpg
2,016577.jpg
9,016578.jpg
1,016579.jpg
3,016580.jpg
4,016581.jpg
4,016582.jpg
5,016583.jpg
6,016584.jpg
2,016585.jpg
1,016586.jpg
5,016587.jpg
3,016588.jpg
7,016589.jpg
3,016590.jpg
2,016591.jpg
3,016592.jpg
1,016593.jpg
0,016594.jpg
1,016595.jpg
7,016596.jpg
9,016597.jpg
5,016598.jpg
0,016599.jpg
0,016600.jpg
3,016601.jpg
6,016602.jpg
5,016603.jpg
8,016604.jpg
5,016605.jpg
5,016606.jpg
2,016607.jpg
6,016608.jpg
9,016609.jpg
3,016610.jpg
2,016611.jpg
4,016612.jpg
9,016613.jpg
4,016614.jpg
6,016615.jpg
5,016616.jpg
2,016617.jpg
4,016618.jpg
6,016619.jpg
1,016620.jpg
2,016621.jpg
1,016622.jpg
6,016623.jpg
4,016624.jpg
1,016625.jpg
9,016626.jpg
1,016627.jpg
1,016628.jpg
2,016629.jpg
1,016630.jpg
9,016631.jpg
1,016632.jpg
6,016633.jpg
9,016634.jpg
1,016635.jpg
5,016636.jpg
5,016637.jpg
5,016638.jpg
6,016639.jpg
6,016640.jpg
6,016641.jpg
0,016642.jpg
7,016643.jpg
2,016644.jpg
9,016645.jpg
8,016646.jpg
7,016647.jpg
2,016648.jpg
8,016649.jpg
2,016650.jpg
7,016651.jpg
2,016652.jpg
8,016653.jpg
0,016654.jpg
4,016655.jpg
7,016656.jpg
1,016657.jpg
6,016658.jpg
5,016659.jpg
6,016660.jpg
0,016661.jpg
5,016662.jpg
0,016663.jpg
1,016664.jpg
4,016665.jpg
8,016666.jpg
8,016667.jpg
7,016668.jpg
8,016669.jpg
7,016670.jpg
7,016671.jpg
8,016672.jpg
3,016673.jpg
2,016674.jpg
9,016675.jpg
3,016676.jpg
9,016677.jpg
8,016678.jpg
8,016679.jpg
6,016680.jpg
1,016681.jpg
2,016682.jpg
2,016683.jpg
8,016684.jpg
3,016685.jpg
5,016686.jpg
9,016687.jpg
3,016688.jpg
2,016689.jpg
5,016690.jpg
4,016691.jpg
6,016692.jpg
7,016693.jpg
1,016694.jpg
1,016695.jpg
7,016696.jpg
9,016697.jpg
4,016698.jpg
2,016699.jpg
1,016700.jpg
7,016701.jpg
0,016702.jpg
3,016703.jpg
6,016704.jpg
2,016705.jpg
4,016706.jpg
6,016707.jpg
8,016708.jpg
6,016709.jpg
2,016710.jpg
7,016711.jpg
9,016712.jpg
8,016713.jpg
6,016714.jpg
2,016715.jpg
3,016716.jpg
2,016717.jpg
5,016718.jpg
3,016719.jpg
0,016720.jpg
9,016721.jpg
2,016722.jpg
8,016723.jpg
8,016724.jpg
8,016725.jpg
0,016726.jpg
7,016727.jpg
9,016728.jpg
6,016729.jpg
1,016730.jpg
5,016731.jpg
5,016732.jpg
6,016733.jpg
4,016734.jpg
4,016735.jpg
4,016736.jpg
3,016737.jpg
6,016738.jpg
3,016739.jpg
0,016740.jpg
7,016741.jpg
0,016742.jpg
9,016743.jpg
2,016744.jpg
0,016745.jpg
7,016746.jpg
2,016747.jpg
3,016748.jpg
9,016749.jpg
5,016750.jpg
9,016751.jpg
3,016752.jpg
1,016753.jpg
7,016754.jpg
2,016755.jpg
8,016756.jpg
7,016757.jpg
0,016758.jpg
9,016759.jpg
9,016760.jpg
8,016761.jpg
2,016762.jpg
5,016763.jpg
4,016764.jpg
0,016765.jpg
8,016766.jpg
9,016767.jpg
0,016768.jpg
0,016769.jpg
2,016770.jpg
5,016771.jpg
4,016772.jpg
9,016773.jpg
9,016774.jpg
5,016775.jpg
6,016776.jpg
2,016777.jpg
8,016778.jpg
2,016779.jpg
0,016780.jpg
6,016781.jpg
2,016782.jpg
7,016783.jpg
9,016784.jpg
2,016785.jpg
6,016786.jpg
9,016787.jpg
4,016788.jpg
3,016789.jpg
2,016790.jpg
8,016791.jpg
1,016792.jpg
7,016793.jpg
6,016794.jpg
7,016795.jpg
7,016796.jpg
8,016797.jpg
1,016798.jpg
3,016799.jpg
9,016800.jpg
3,016801.jpg
9,016802.jpg
4,016803.jpg
4,016804.jpg
2,016805.jpg
1,016806.jpg
6,016807.jpg
4,016808.jpg
9,016809.jpg
6,016810.jpg
7,016811.jpg
4,016812.jpg
9,016813.jpg
0,016814.jpg
1,016815.jpg
9,016816.jpg
9,016817.jpg
6,016818.jpg
3,016819.jpg
8,016820.jpg
4,016821.jpg
0,016822.jpg
4,016823.jpg
8,016824.jpg
7,016825.jpg
2,016826.jpg
2,016827.jpg
2,016828.jpg
2,016829.jpg
2,016830.jpg
7,016831.jpg
4,016832.jpg
4,016833.jpg
2,016834.jpg
6,016835.jpg
1,016836.jpg
6,016837.jpg
9,016838.jpg
0,016839.jpg
6,016840.jpg
6,016841.jpg
7,016842.jpg
5,016843.jpg
6,016844.jpg
7,016845.jpg
1,016846.jpg
1,016847.jpg
8,016848.jpg
5,016849.jpg
9,016850.jpg
1,016851.jpg
5,016852.jpg
5,016853.jpg
6,016854.jpg
8,016855.jpg
1,016856.jpg
0,016857.jpg
0,016858.jpg
3,016859.jpg
9,016860.jpg
5,016861.jpg
3,016862.jpg
5,016863.jpg
0,016864.jpg
9,016865.jpg
1,016866.jpg
0,016867.jpg
6,016868.jpg
7,016869.jpg
4,016870.jpg
4,016871.jpg
7,016872.jpg
2,016873.jpg
6,016874.jpg
5,016875.jpg
5,016876.jpg
6,016877.jpg
6,016878.jpg
7,016879.jpg
2,016880.jpg
2,016881.jpg
8,016882.jpg
8,016883.jpg
0,016884.jpg
7,016885.jpg
5,016886.jpg
1,016887.jpg
2,016888.jpg
7,016889.jpg
1,016890.jpg
0,016891.jpg
2,016892.jpg
8,016893.jpg
6,016894.jpg
5,016895.jpg
4,016896.jpg
6,016897.jpg
3,016898.jpg
2,016899.jpg
0,016900.jpg
8,016901.jpg
7,016902.jpg
5,016903.jpg
8,016904.jpg
6,016905.jpg
9,016906.jpg
8,016907.jpg
2,016908.jpg
2,016909.jpg
2,016910.jpg
0,016911.jpg
9,016912.jpg
2,016913.jpg
5,016914.jpg
4,016915.jpg
0,016916.jpg
8,016917.jpg
6,016918.jpg
8,016919.jpg
7,016920.jpg
5,016921.jpg
5,016922.jpg
9,016923.jpg
9,016924.jpg
2,016925.jpg
1,016926.jpg
0,016927.jpg
1,016928.jpg
9,016929.jpg
2,016930.jpg
0,016931.jpg
8,016932.jpg
0,016933.jpg
9,016934.jpg
6,016935.jpg
3,016936.jpg
4,016937.jpg
7,016938.jpg
1,016939.jpg
3,016940.jpg
1,016941.jpg
5,016942.jpg
0,016943.jpg
7,016944.jpg
6,016945.jpg
4,016946.jpg
0,016947.jpg
6,016948.jpg
6,016949.jpg
8,016950.jpg
0,016951.jpg
5,016952.jpg
1,016953.jpg
1,016954.jpg
8,016955.jpg
3,016956.jpg
8,016957.jpg
9,016958.jpg
5,016959.jpg
8,016960.jpg
3,016961.jpg
8,016962.jpg
0,016963.jpg
7,016964.jpg
0,016965.jpg
2,016966.jpg
6,016967.jpg
0,016968.jpg
8,016969.jpg
9,016970.jpg
4,016971.jpg
5,016972.jpg
8,016973.jpg
7,016974.jpg
2,016975.jpg
1,016976.jpg
9,016977.jpg
2,016978.jpg
4,016979.jpg
8,016980.jpg
4,016981.jpg
6,016982.jpg
8,016983.jpg
8,016984.jpg
0,016985.jpg
4,016986.jpg
7,016987.jpg
7,016988.jpg
8,016989.jpg
5,016990.jpg
2,016991.jpg
4,016992.jpg
5,016993.jpg
8,016994.jpg
5,016995.jpg
4,016996.jpg
4,016997.jpg
8,016998.jpg
4,016999.jpg
5,017000.jpg
0,017001.jpg
9,017002.jpg
9,017003.jpg
9,017004.jpg
7,017005.jpg
7,017006.jpg
4,017007.jpg
3,017008.jpg
9,017009.jpg
6,017010.jpg
8,017011.jpg
6,017012.jpg
3,017013.jpg
7,017014.jpg
1,017015.jpg
7,017016.jpg
7,017017.jpg
6,017018.jpg
2,017019.jpg
5,017020.jpg
7,017021.jpg
6,017022.jpg
2,017023.jpg
0,017024.jpg
8,017025.jpg
4,017026.jpg
5,017027.jpg
5,017028.jpg
0,017029.jpg
5,017030.jpg
8,017031.jpg
8,017032.jpg
4,017033.jpg
4,017034.jpg
9,017035.jpg
9,017036.jpg
3,017037.jpg
2,017038.jpg
5,017039.jpg
4,017040.jpg
0,017041.jpg
1,017042.jpg
8,017043.jpg
4,017044.jpg
5,017045.jpg
6,017046.jpg
9,017047.jpg
0,017048.jpg
6,017049.jpg
2,017050.jpg
8,017051.jpg
0,017052.jpg
2,017053.jpg
6,017054.jpg
7,017055.jpg
8,017056.jpg
0,017057.jpg
7,017058.jpg
3,017059.jpg
5,017060.jpg
6,017061.jpg
6,017062.jpg
7,017063.jpg
0,017064.jpg
9,017065.jpg
7,017066.jpg
2,017067.jpg
8,017068.jpg
6,017069.jpg
5,017070.jpg
0,017071.jpg
1,017072.jpg
3,017073.jpg
8,017074.jpg
3,017075.jpg
8,017076.jpg
3,017077.jpg
2,017078.jpg
2,017079.jpg
7,017080.jpg
1,017081.jpg
7,017082.jpg
7,017083.jpg
3,017084.jpg
5,017085.jpg
0,017086.jpg
0,017087.jpg
6,017088.jpg
0,017089.jpg
7,017090.jpg
6,017091.jpg
9,017092.jpg
2,017093.jpg
5,017094.jpg
5,017095.jpg
5,017096.jpg
6,017097.jpg
9,017098.jpg
6,017099.jpg
6,017100.jpg
2,017101.jpg
5,017102.jpg
4,017103.jpg
0,017104.jpg
4,017105.jpg
3,017106.jpg
0,017107.jpg
8,017108.jpg
6,017109.jpg
5,017110.jpg
3,017111.jpg
7,017112.jpg
1,017113.jpg
0,017114.jpg
6,017115.jpg
4,017116.jpg
9,017117.jpg
6,017118.jpg
1,017119.jpg
6,017120.jpg
0,017121.jpg
3,017122.jpg
5,017123.jpg
0,017124.jpg
5,017125.jpg
4,017126.jpg
5,017127.jpg
2,017128.jpg
9,017129.jpg
2,017130.jpg
2,017131.jpg
2,017132.jpg
9,017133.jpg
8,017134.jpg
4,017135.jpg
8,017136.jpg
4,017137.jpg
0,017138.jpg
3,017139.jpg
3,017140.jpg
8,017141.jpg
9,017142.jpg
2,017143.jpg
2,017144.jpg
6,017145.jpg
0,017146.jpg
9,017147.jpg
3,017148.jpg
6,017149.jpg
4,017150.jpg
0,017151.jpg
8,017152.jpg
6,017153.jpg
3,017154.jpg
5,017155.jpg
3,017156.jpg
7,017157.jpg
1,017158.jpg
8,017159.jpg
5,017160.jpg
5,017161.jpg
7,017162.jpg
5,017163.jpg
0,017164.jpg
0,017165.jpg
8,017166.jpg
0,017167.jpg
1,017168.jpg
3,017169.jpg
4,017170.jpg
9,017171.jpg
1,017172.jpg
9,017173.jpg
1,017174.jpg
7,017175.jpg
1,017176.jpg
2,017177.jpg
9,017178.jpg
4,017179.jpg
6,017180.jpg
7,017181.jpg
8,017182.jpg
8,017183.jpg
8,017184.jpg
1,017185.jpg
4,017186.jpg
6,017187.jpg
6,017188.jpg
5,017189.jpg
5,017190.jpg
0,017191.jpg
1,017192.jpg
7,017193.jpg
3,017194.jpg
0,017195.jpg
1,017196.jpg
1,017197.jpg
5,017198.jpg
1,017199.jpg
2,017200.jpg
9,017201.jpg
0,017202.jpg
3,017203.jpg
8,017204.jpg
7,017205.jpg
2,017206.jpg
6,017207.jpg
7,017208.jpg
8,017209.jpg
2,017210.jpg
6,017211.jpg
3,017212.jpg
5,017213.jpg
8,017214.jpg
5,017215.jpg
0,017216.jpg
3,017217.jpg
5,017218.jpg
6,017219.jpg
5,017220.jpg
3,017221.jpg
5,017222.jpg
5,017223.jpg
0,017224.jpg
1,017225.jpg
4,017226.jpg
7,017227.jpg
4,017228.jpg
7,017229.jpg
8,017230.jpg
5,017231.jpg
3,017232.jpg
3,017233.jpg
2,017234.jpg
4,017235.jpg
2,017236.jpg
5,017237.jpg
5,017238.jpg
0,017239.jpg
5,017240.jpg
7,017241.jpg
6,017242.jpg
6,017243.jpg
7,017244.jpg
1,017245.jpg
7,017246.jpg
6,017247.jpg
5,017248.jpg
1,017249.jpg
4,017250.jpg
1,017251.jpg
8,017252.jpg
1,017253.jpg
2,017254.jpg
3,017255.jpg
0,017256.jpg
3,017257.jpg
9,017258.jpg
0,017259.jpg
6,017260.jpg
5,017261.jpg
3,017262.jpg
0,017263.jpg
7,017264.jpg
1,017265.jpg
2,017266.jpg
4,017267.jpg
5,017268.jpg
2,017269.jpg
1,017270.jpg
5,017271.jpg
1,017272.jpg
9,017273.jpg
3,017274.jpg
8,017275.jpg
3,017276.jpg
9,017277.jpg
2,017278.jpg
2,017279.jpg
0,017280.jpg
7,017281.jpg
9,017282.jpg
0,017283.jpg
0,017284.jpg
9,017285.jpg
8,017286.jpg
6,017287.jpg
1,017288.jpg
5,017289.jpg
1,017290.jpg
7,017291.jpg
4,017292.jpg
3,017293.jpg
3,017294.jpg
4,017295.jpg
7,017296.jpg
6,017297.jpg
2,017298.jpg
5,017299.jpg
8,017300.jpg
8,017301.jpg
6,017302.jpg
7,017303.jpg
6,017304.jpg
9,017305.jpg
6,017306.jpg
4,017307.jpg
2,017308.jpg
2,017309.jpg
0,017310.jpg
0,017311.jpg
8,017312.jpg
3,017313.jpg
4,017314.jpg
9,017315.jpg
3,017316.jpg
5,017317.jpg
3,017318.jpg
9,017319.jpg
5,017320.jpg
2,017321.jpg
8,017322.jpg
1,017323.jpg
4,017324.jpg
1,017325.jpg
1,017326.jpg
8,017327.jpg
8,017328.jpg
1,017329.jpg
7,017330.jpg
6,017331.jpg
3,017332.jpg
2,017333.jpg
2,017334.jpg
5,017335.jpg
2,017336.jpg
4,017337.jpg
5,017338.jpg
5,017339.jpg
6,017340.jpg
5,017341.jpg
2,017342.jpg
4,017343.jpg
5,017344.jpg
2,017345.jpg
9,017346.jpg
0,017347.jpg
2,017348.jpg
6,017349.jpg
2,017350.jpg
7,017351.jpg
9,017352.jpg
6,017353.jpg
5,017354.jpg
5,017355.jpg
7,017356.jpg
8,017357.jpg
7,017358.jpg
5,017359.jpg
8,017360.jpg
5,017361.jpg
8,017362.jpg
6,017363.jpg
4,017364.jpg
9,017365.jpg
0,017366.jpg
4,017367.jpg
0,017368.jpg
0,017369.jpg
6,017370.jpg
3,017371.jpg
8,017372.jpg
4,017373.jpg
7,017374.jpg
0,017375.jpg
3,017376.jpg
4,017377.jpg
0,017378.jpg
2,017379.jpg
4,017380.jpg
0,017381.jpg
0,017382.jpg
8,017383.jpg
5,017384.jpg
7,017385.jpg
8,017386.jpg
8,017387.jpg
4,017388.jpg
9,017389.jpg
5,017390.jpg
9,017391.jpg
1,017392.jpg
7,017393.jpg
5,017394.jpg
0,017395.jpg
5,017396.jpg
0,017397.jpg
7,017398.jpg
2,017399.jpg
1,017400.jpg
0,017401.jpg
7,017402.jpg
5,017403.jpg
0,017404.jpg
5,017405.jpg
5,017406.jpg
9,017407.jpg
5,017408.jpg
7,017409.jpg
2,017410.jpg
6,017411.jpg
9,017412.jpg
9,017413.jpg
2,017414.jpg
2,017415.jpg
4,017416.jpg
8,017417.jpg
8,017418.jpg
4,017419.jpg
7,017420.jpg
4,017421.jpg
5,017422.jpg
4,017423.jpg
3,017424.jpg
9,017425.jpg
4,017426.jpg
4,017427.jpg
2,017428.jpg
6,017429.jpg
0,017430.jpg
0,017431.jpg
4,017432.jpg
5,017433.jpg
7,017434.jpg
2,017435.jpg
9,017436.jpg
8,017437.jpg
9,017438.jpg
2,017439.jpg
7,017440.jpg
7,017441.jpg
7,017442.jpg
6,017443.jpg
3,017444.jpg
5,017445.jpg
1,017446.jpg
1,017447.jpg
7,017448.jpg
9,017449.jpg
9,017450.jpg
2,017451.jpg
3,017452.jpg
3,017453.jpg
5,017454.jpg
0,017455.jpg
6,017456.jpg
1,017457.jpg
3,017458.jpg
6,017459.jpg
1,017460.jpg
5,017461.jpg
9,017462.jpg
0,017463.jpg
2,017464.jpg
5,017465.jpg
8,017466.jpg
8,017467.jpg
6,017468.jpg
5,017469.jpg
2,017470.jpg
6,017471.jpg
4,017472.jpg
4,017473.jpg
7,017474.jpg
1,017475.jpg
6,017476.jpg
9,017477.jpg
1,017478.jpg
0,017479.jpg
7,017480.jpg
8,017481.jpg
5,017482.jpg
4,017483.jpg
1,017484.jpg
2,017485.jpg
4,017486.jpg
5,017487.jpg
3,017488.jpg
0,017489.jpg
5,017490.jpg
6,017491.jpg
7,017492.jpg
3,017493.jpg
7,017494.jpg
4,017495.jpg
5,017496.jpg
3,017497.jpg
0,017498.jpg
7,017499.jpg
9,017500.jpg
4,017501.jpg
5,017502.jpg
1,017503.jpg
4,017504.jpg
4,017505.jpg
9,017506.jpg
1,017507.jpg
5,017508.jpg
1,017509.jpg
4,017510.jpg
6,017511.jpg
9,017512.jpg
4,017513.jpg
2,017514.jpg
0,017515.jpg
1,017516.jpg
5,017517.jpg
4,017518.jpg
6,017519.jpg
9,017520.jpg
0,017521.jpg
3,017522.jpg
2,017523.jpg
0,017524.jpg
2,017525.jpg
8,017526.jpg
9,017527.jpg
3,017528.jpg
1,017529.jpg
7,017530.jpg
3,017531.jpg
4,017532.jpg
7,017533.jpg
8,017534.jpg
9,017535.jpg
3,017536.jpg
8,017537.jpg
7,017538.jpg
6,017539.jpg
0,017540.jpg
0,017541.jpg
1,017542.jpg
5,017543.jpg
8,017544.jpg
5,017545.jpg
2,017546.jpg
3,017547.jpg
2,017548.jpg
2,017549.jpg
0,017550.jpg
4,017551.jpg
2,017552.jpg
3,017553.jpg
4,017554.jpg
9,017555.jpg
1,017556.jpg
3,017557.jpg
9,017558.jpg
9,017559.jpg
0,017560.jpg
2,017561.jpg
4,017562.jpg
1,017563.jpg
4,017564.jpg
0,017565.jpg
0,017566.jpg
3,017567.jpg
4,017568.jpg
0,017569.jpg
5,017570.jpg
7,017571.jpg
7,017572.jpg
3,017573.jpg
6,017574.jpg
8,017575.jpg
5,017576.jpg
0,017577.jpg
8,017578.jpg
0,017579.jpg
9,017580.jpg
3,017581.jpg
0,017582.jpg
0,017583.jpg
8,017584.jpg
2,017585.jpg
5,017586.jpg
3,017587.jpg
3,017588.jpg
9,017589.jpg
2,017590.jpg
1,017591.jpg
3,017592.jpg
2,017593.jpg
4,017594.jpg
2,017595.jpg
1,017596.jpg
3,017597.jpg
2,017598.jpg
9,017599.jpg
7,017600.jpg
7,017601.jpg
0,017602.jpg
4,017603.jpg
7,017604.jpg
5,017605.jpg
3,017606.jpg
4,017607.jpg
8,017608.jpg
4,017609.jpg
0,017610.jpg
6,017611.jpg
2,017612.jpg
8,017613.jpg
3,017614.jpg
3,017615.jpg
6,017616.jpg
8,017617.jpg
3,017618.jpg
8,017619.jpg
2,017620.jpg
7,017621.jpg
7,017622.jpg
2,017623.jpg
3,017624.jpg
5,017625.jpg
8,017626.jpg
2,017627.jpg
0,017628.jpg
9,017629.jpg
5,017630.jpg
9,017631.jpg
1,017632.jpg
9,017633.jpg
9,017634.jpg
3,017635.jpg
6,017636.jpg
5,017637.jpg
9,017638.jpg
7,017639.jpg
1,017640.jpg
9,017641.jpg
3,017642.jpg
6,017643.jpg
9,017644.jpg
6,017645.jpg
6,017646.jpg
6,017647.jpg
6,017648.jpg
7,017649.jpg
4,017650.jpg
8,017651.jpg
2,017652.jpg
3,017653.jpg
6,017654.jpg
8,017655.jpg
6,017656.jpg
0,017657.jpg
3,017658.jpg
5,017659.jpg
3,017660.jpg
4,017661.jpg
6,017662.jpg
9,017663.jpg
4,017664.jpg
9,017665.jpg
5,017666.jpg
2,017667.jpg
9,017668.jpg
1,017669.jpg
7,017670.jpg
8,017671.jpg
1,017672.jpg
2,017673.jpg
1,017674.jpg
4,017675.jpg
5,017676.jpg
0,017677.jpg
0,017678.jpg
5,017679.jpg
8,017680.jpg
8,017681.jpg
4,017682.jpg
9,017683.jpg
5,017684.jpg
4,017685.jpg
9,017686.jpg
3,017687.jpg
7,017688.jpg
3,017689.jpg
6,017690.jpg
7,017691.jpg
9,017692.jpg
4,017693.jpg
7,017694.jpg
3,017695.jpg
0,017696.jpg
2,017697.jpg
2,017698.jpg
4,017699.jpg
0,017700.jpg
3,017701.jpg
9,017702.jpg
4,017703.jpg
6,017704.jpg
2,017705.jpg
0,017706.jpg
4,017707.jpg
8,017708.jpg
5,017709.jpg
7,017710.jpg
1,017711.jpg
3,017712.jpg
9,017713.jpg
9,017714.jpg
2,017715.jpg
2,017716.jpg
1,017717.jpg
9,017718.jpg
3,017719.jpg
0,017720.jpg
5,017721.jpg
0,017722.jpg
3,017723.jpg
7,017724.jpg
2,017725.jpg
0,017726.jpg
5,017727.jpg
0,017728.jpg
9,017729.jpg
3,017730.jpg
4,017731.jpg
8,017732.jpg
7,017733.jpg
2,017734.jpg
8,017735.jpg
7,017736.jpg
0,017737.jpg
1,017738.jpg
8,017739.jpg
3,017740.jpg
8,017741.jpg
5,017742.jpg
4,017743.jpg
2,017744.jpg
2,017745.jpg
0,017746.jpg
1,017747.jpg
5,017748.jpg
6,017749.jpg
4,017750.jpg
2,017751.jpg
0,017752.jpg
4,017753.jpg
0,017754.jpg
3,017755.jpg
4,017756.jpg
7,017757.jpg
0,017758.jpg
5,017759.jpg
5,017760.jpg
3,017761.jpg
5,017762.jpg
3,017763.jpg
6,017764.jpg
1,017765.jpg
9,017766.jpg
6,017767.jpg
7,017768.jpg
8,017769.jpg
6,017770.jpg
0,017771.jpg
1,017772.jpg
7,017773.jpg
5,017774.jpg
4,017775.jpg
1,017776.jpg
7,017777.jpg
4,017778.jpg
3,017779.jpg
7,017780.jpg
1,017781.jpg
0,017782.jpg
6,017783.jpg
0,017784.jpg
2,017785.jpg
9,017786.jpg
7,017787.jpg
1,017788.jpg
4,017789.jpg
1,017790.jpg
7,017791.jpg
8,017792.jpg
6,017793.jpg
6,017794.jpg
4,017795.jpg
5,017796.jpg
1,017797.jpg
7,017798.jpg
8,017799.jpg
0,017800.jpg
8,017801.jpg
6,017802.jpg
2,017803.jpg
5,017804.jpg
3,017805.jpg
5,017806.jpg
4,017807.jpg
7,017808.jpg
6,017809.jpg
1,017810.jpg
5,017811.jpg
2,017812.jpg
2,017813.jpg
1,017814.jpg
7,017815.jpg
7,017816.jpg
3,017817.jpg
4,017818.jpg
7,017819.jpg
3,017820.jpg
3,017821.jpg
0,017822.jpg
3,017823.jpg
7,017824.jpg
7,017825.jpg
5,017826.jpg
9,017827.jpg
1,017828.jpg
6,017829.jpg
1,017830.jpg
2,017831.jpg
6,017832.jpg
0,017833.jpg
3,017834.jpg
8,017835.jpg
4,017836.jpg
4,017837.jpg
8,017838.jpg
9,017839.jpg
3,017840.jpg
6,017841.jpg
8,017842.jpg
1,017843.jpg
9,017844.jpg
6,017845.jpg
9,017846.jpg
1,017847.jpg
0,017848.jpg
9,017849.jpg
5,017850.jpg
7,017851.jpg
5,017852.jpg
4,017853.jpg
0,017854.jpg
4,017855.jpg
4,017856.jpg
1,017857.jpg
0,017858.jpg
7,017859.jpg
4,017860.jpg
4,017861.jpg
1,017862.jpg
0,017863.jpg
1,017864.jpg
7,017865.jpg
1,017866.jpg
5,017867.jpg
8,017868.jpg
9,017869.jpg
6,017870.jpg
0,017871.jpg
7,017872.jpg
2,017873.jpg
3,017874.jpg
3,017875.jpg
8,017876.jpg
8,017877.jpg
8,017878.jpg
9,017879.jpg
6,017880.jpg
3,017881.jpg
4,017882.jpg
7,017883.jpg
3,017884.jpg
3,017885.jpg
8,017886.jpg
8,017887.jpg
4,017888.jpg
1,017889.jpg
0,017890.jpg
5,017891.jpg
6,017892.jpg
5,017893.jpg
2,017894.jpg
2,017895.jpg
6,017896.jpg
5,017897.jpg
5,017898.jpg
9,017899.jpg
6,017900.jpg
1,017901.jpg
0,017902.jpg
1,017903.jpg
1,017904.jpg
9,017905.jpg
7,017906.jpg
8,017907.jpg
6,017908.jpg
4,017909.jpg
2,017910.jpg
5,017911.jpg
2,017912.jpg
3,017913.jpg
9,017914.jpg
3,017915.jpg
9,017916.jpg
3,017917.jpg
0,017918.jpg
2,017919.jpg
5,017920.jpg
8,017921.jpg
8,017922.jpg
1,017923.jpg
5,017924.jpg
5,017925.jpg
6,017926.jpg
8,017927.jpg
9,017928.jpg
3,017929.jpg
0,017930.jpg
3,017931.jpg
1,017932.jpg
4,017933.jpg
3,017934.jpg
8,017935.jpg
9,017936.jpg
2,017937.jpg
7,017938.jpg
2,017939.jpg
6,017940.jpg
2,017941.jpg
5,017942.jpg
9,017943.jpg
5,017944.jpg
5,017945.jpg
6,017946.jpg
8,017947.jpg
5,017948.jpg
4,017949.jpg
3,017950.jpg
7,017951.jpg
7,017952.jpg
6,017953.jpg
3,017954.jpg
4,017955.jpg
4,017956.jpg
4,017957.jpg
9,017958.jpg
1,017959.jpg
2,017960.jpg
7,017961.jpg
2,017962.jpg
9,017963.jpg
9,017964.jpg
2,017965.jpg
8,017966.jpg
5,017967.jpg
0,017968.jpg
0,017969.jpg
2,017970.jpg
6,017971.jpg
5,017972.jpg
6,017973.jpg
5,017974.jpg
7,017975.jpg
3,017976.jpg
6,017977.jpg
7,017978.jpg
3,017979.jpg
3,017980.jpg
4,017981.jpg
4,017982.jpg
6,017983.jpg
1,017984.jpg
5,017985.jpg
1,017986.jpg
3,017987.jpg
8,017988.jpg
3,017989.jpg
7,017990.jpg
9,017991.jpg
4,017992.jpg
0,017993.jpg
6,017994.jpg
4,017995.jpg
0,017996.jpg
0,017997.jpg
5,017998.jpg
6,017999.jpg
8,018000.jpg
2,018001.jpg
0,018002.jpg
0,018003.jpg
5,018004.jpg
6,018005.jpg
6,018006.jpg
0,018007.jpg
7,018008.jpg
8,018009.jpg
5,018010.jpg
6,018011.jpg
5,018012.jpg
2,018013.jpg
4,018014.jpg
1,018015.jpg
5,018016.jpg
2,018017.jpg
7,018018.jpg
8,018019.jpg
9,018020.jpg
1,018021.jpg
4,018022.jpg
9,018023.jpg
0,018024.jpg
0,018025.jpg
5,018026.jpg
9,018027.jpg
5,018028.jpg
2,018029.jpg
7,018030.jpg
1,018031.jpg
2,018032.jpg
9,018033.jpg
4,018034.jpg
4,018035.jpg
4,018036.jpg
5,018037.jpg
5,018038.jpg
5,018039.jpg
9,018040.jpg
7,018041.jpg
4,018042.jpg
8,018043.jpg
3,018044.jpg
2,018045.jpg
4,018046.jpg
6,018047.jpg
0,018048.jpg
3,018049.jpg
0,018050.jpg
6,018051.jpg
5,018052.jpg
5,018053.jpg
3,018054.jpg
0,018055.jpg
9,018056.jpg
1,018057.jpg
6,018058.jpg
0,018059.jpg
7,018060.jpg
0,018061.jpg
4,018062.jpg
5,018063.jpg
6,018064.jpg
1,018065.jpg
4,018066.jpg
7,018067.jpg
5,018068.jpg
5,018069.jpg
0,018070.jpg
9,018071.jpg
2,018072.jpg
6,018073.jpg
1,018074.jpg
6,018075.jpg
3,018076.jpg
2,018077.jpg
9,018078.jpg
0,018079.jpg
6,018080.jpg
7,018081.jpg
1,018082.jpg
8,018083.jpg
2,018084.jpg
6,018085.jpg
5,018086.jpg
5,018087.jpg
5,018088.jpg
5,018089.jpg
6,018090.jpg
9,018091.jpg
3,018092.jpg
8,018093.jpg
9,018094.jpg
1,018095.jpg
3,018096.jpg
6,018097.jpg
6,018098.jpg
1,018099.jpg
2,018100.jpg
4,018101.jpg
9,018102.jpg
4,018103.jpg
5,018104.jpg
0,018105.jpg
4,018106.jpg
3,018107.jpg
8,018108.jpg
3,018109.jpg
0,018110.jpg
4,018111.jpg
3,018112.jpg
1,018113.jpg
0,018114.jpg
6,018115.jpg
4,018116.jpg
6,018117.jpg
7,018118.jpg
7,018119.jpg
7,018120.jpg
9,018121.jpg
2,018122.jpg
7,018123.jpg
8,018124.jpg
8,018125.jpg
8,018126.jpg
7,018127.jpg
8,018128.jpg
1,018129.jpg
5,018130.jpg
4,018131.jpg
8,018132.jpg
1,018133.jpg
7,018134.jpg
4,018135.jpg
7,018136.jpg
0,018137.jpg
7,018138.jpg
4,018139.jpg
9,018140.jpg
2,018141.jpg
2,018142.jpg
3,018143.jpg
7,018144.jpg
7,018145.jpg
9,018146.jpg
9,018147.jpg
3,018148.jpg
2,018149.jpg
7,018150.jpg
7,018151.jpg
7,018152.jpg
6,018153.jpg
6,018154.jpg
6,018155.jpg
5,018156.jpg
4,018157.jpg
6,018158.jpg
8,018159.jpg
2,018160.jpg
4,018161.jpg
3,018162.jpg
3,018163.jpg
0,018164.jpg
8,018165.jpg
6,018166.jpg
1,018167.jpg
0,018168.jpg
3,018169.jpg
3,018170.jpg
7,018171.jpg
8,018172.jpg
9,018173.jpg
7,018174.jpg
6,018175.jpg
1,018176.jpg
0,018177.jpg
5,018178.jpg
2,018179.jpg
4,018180.jpg
6,018181.jpg
8,018182.jpg
0,018183.jpg
6,018184.jpg
8,018185.jpg
8,018186.jpg
6,018187.jpg
6,018188.jpg
4,018189.jpg
4,018190.jpg
5,018191.jpg
6,018192.jpg
5,018193.jpg
5,018194.jpg
8,018195.jpg
3,018196.jpg
7,018197.jpg
6,018198.jpg
9,018199.jpg
3,018200.jpg
1,018201.jpg
3,018202.jpg
9,018203.jpg
7,018204.jpg
0,018205.jpg
7,018206.jpg
8,018207.jpg
6,018208.jpg
7,018209.jpg
6,018210.jpg
8,018211.jpg
9,018212.jpg
8,018213.jpg
4,018214.jpg
8,018215.jpg
3,018216.jpg
4,018217.jpg
1,018218.jpg
4,018219.jpg
1,018220.jpg
0,018221.jpg
0,018222.jpg
1,018223.jpg
9,018224.jpg
5,018225.jpg
5,018226.jpg
1,018227.jpg
8,018228.jpg
4,018229.jpg
3,018230.jpg
9,018231.jpg
4,018232.jpg
5,018233.jpg
9,018234.jpg
2,018235.jpg
6,018236.jpg
9,018237.jpg
8,018238.jpg
8,018239.jpg
0,018240.jpg
8,018241.jpg
7,018242.jpg
0,018243.jpg
6,018244.jpg
1,018245.jpg
2,018246.jpg
9,018247.jpg
7,018248.jpg
2,018249.jpg
3,018250.jpg
6,018251.jpg
0,018252.jpg
2,018253.jpg
4,018254.jpg
8,018255.jpg
5,018256.jpg
7,018257.jpg
5,018258.jpg
4,018259.jpg
8,018260.jpg
9,018261.jpg
4,018262.jpg
9,018263.jpg
5,018264.jpg
4,018265.jpg
7,018266.jpg
0,018267.jpg
0,018268.jpg
3,018269.jpg
7,018270.jpg
0,018271.jpg
9,018272.jpg
1,018273.jpg
0,018274.jpg
5,018275.jpg
8,018276.jpg
1,018277.jpg
3,018278.jpg
8,018279.jpg
6,018280.jpg
1,018281.jpg
1,018282.jpg
0,018283.jpg
5,018284.jpg
7,018285.jpg
3,018286.jpg
3,018287.jpg
5,018288.jpg
0,018289.jpg
0,018290.jpg
3,018291.jpg
0,018292.jpg
3,018293.jpg
1,018294.jpg
3,018295.jpg
3,018296.jpg
6,018297.jpg
5,018298.jpg
4,018299.jpg
0,018300.jpg
7,018301.jpg
2,018302.jpg
5,018303.jpg
5,018304.jpg
2,018305.jpg
8,018306.jpg
5,018307.jpg
8,018308.jpg
1,018309.jpg
6,018310.jpg
9,018311.jpg
5,018312.jpg
7,018313.jpg
5,018314.jpg
5,018315.jpg
4,018316.jpg
8,018317.jpg
4,018318.jpg
9,018319.jpg
7,018320.jpg
7,018321.jpg
4,018322.jpg
3,018323.jpg
0,018324.jpg
4,018325.jpg
5,018326.jpg
3,018327.jpg
5,018328.jpg
8,018329.jpg
4,018330.jpg
7,018331.jpg
8,018332.jpg
1,018333.jpg
3,018334.jpg
0,018335.jpg
3,018336.jpg
1,018337.jpg
2,018338.jpg
9,018339.jpg
9,018340.jpg
3,018341.jpg
1,018342.jpg
6,018343.jpg
3,018344.jpg
1,018345.jpg
9,018346.jpg
4,018347.jpg
4,018348.jpg
4,018349.jpg
0,018350.jpg
0,018351.jpg
9,018352.jpg
0,018353.jpg
0,018354.jpg
3,018355.jpg
0,018356.jpg
6,018357.jpg
4,018358.jpg
8,018359.jpg
8,018360.jpg
3,018361.jpg
6,018362.jpg
4,018363.jpg
3,018364.jpg
8,018365.jpg
3,018366.jpg
7,018367.jpg
3,018368.jpg
3,018369.jpg
4,018370.jpg
7,018371.jpg
6,018372.jpg
1,018373.jpg
1,018374.jpg
1,018375.jpg
8,018376.jpg
9,018377.jpg
2,018378.jpg
2,018379.jpg
3,018380.jpg
9,018381.jpg
0,018382.jpg
9,018383.jpg
2,018384.jpg
5,018385.jpg
4,018386.jpg
2,018387.jpg
1,018388.jpg
6,018389.jpg
6,018390.jpg
5,018391.jpg
9,018392.jpg
2,018393.jpg
2,018394.jpg
9,018395.jpg
6,018396.jpg
8,018397.jpg
8,018398.jpg
1,018399.jpg
3,018400.jpg
3,018401.jpg
4,018402.jpg
3,018403.jpg
6,018404.jpg
0,018405.jpg
9,018406.jpg
0,018407.jpg
7,018408.jpg
8,018409.jpg
3,018410.jpg
8,018411.jpg
5,018412.jpg
9,018413.jpg
2,018414.jpg
2,018415.jpg
2,018416.jpg
4,018417.jpg
4,018418.jpg
7,018419.jpg
9,018420.jpg
4,018421.jpg
0,018422.jpg
9,018423.jpg
5,018424.jpg
6,018425.jpg
5,018426.jpg
0,018427.jpg
5,018428.jpg
0,018429.jpg
9,018430.jpg
1,018431.jpg
7,018432.jpg
1,018433.jpg
9,018434.jpg
5,018435.jpg
2,018436.jpg
2,018437.jpg
5,018438.jpg
7,018439.jpg
9,018440.jpg
6,018441.jpg
6,018442.jpg
2,018443.jpg
5,018444.jpg
0,018445.jpg
5,018446.jpg
4,018447.jpg
9,018448.jpg
8,018449.jpg
6,018450.jpg
2,018451.jpg
1,018452.jpg
1,018453.jpg
8,018454.jpg
1,018455.jpg
0,018456.jpg
8,018457.jpg
3,018458.jpg
3,018459.jpg
8,018460.jpg
0,018461.jpg
0,018462.jpg
6,018463.jpg
5,018464.jpg
4,018465.jpg
0,018466.jpg
3,018467.jpg
5,018468.jpg
0,018469.jpg
6,018470.jpg
3,018471.jpg
2,018472.jpg
5,018473.jpg
1,018474.jpg
8,018475.jpg
3,018476.jpg
1,018477.jpg
0,018478.jpg
0,018479.jpg
0,018480.jpg
3,018481.jpg
4,018482.jpg
8,018483.jpg
3,018484.jpg
7,018485.jpg
5,018486.jpg
9,018487.jpg
8,018488.jpg
7,018489.jpg
3,018490.jpg
1,018491.jpg
2,018492.jpg
1,018493.jpg
1,018494.jpg
7,018495.jpg
8,018496.jpg
6,018497.jpg
1,018498.jpg
2,018499.jpg
1,018500.jpg
8,018501.jpg
9,018502.jpg
4,018503.jpg
5,018504.jpg
3,018505.jpg
2,018506.jpg
9,018507.jpg
7,018508.jpg
4,018509.jpg
5,018510.jpg
9,018511.jpg
1,018512.jpg
5,018513.jpg
0,018514.jpg
5,018515.jpg
5,018516.jpg
0,018517.jpg
2,018518.jpg
1,018519.jpg
5,018520.jpg
7,018521.jpg
5,018522.jpg
9,018523.jpg
8,018524.jpg
3,018525.jpg
8,018526.jpg
8,018527.jpg
8,018528.jpg
7,018529.jpg
9,018530.jpg
9,018531.jpg
4,018532.jpg
4,018533.jpg
8,018534.jpg
3,018535.jpg
8,018536.jpg
3,018537.jpg
3,018538.jpg
9,018539.jpg
6,018540.jpg
3,018541.jpg
6,018542.jpg
0,018543.jpg
9,018544.jpg
0,018545.jpg
3,018546.jpg
5,018547.jpg
8,018548.jpg
5,018549.jpg
5,018550.jpg
9,018551.jpg
6,018552.jpg
1,018553.jpg
8,018554.jpg
1,018555.jpg
7,018556.jpg
2,018557.jpg
0,018558.jpg
0,018559.jpg
8,018560.jpg
0,018561.jpg
6,018562.jpg
7,018563.jpg
7,018564.jpg
6,018565.jpg
3,018566.jpg
8,018567.jpg
8,018568.jpg
6,018569.jpg
4,018570.jpg
7,018571.jpg
3,018572.jpg
3,018573.jpg
8,018574.jpg
2,018575.jpg
0,018576.jpg
7,018577.jpg
5,018578.jpg
6,018579.jpg
3,018580.jpg
1,018581.jpg
6,018582.jpg
6,018583.jpg
2,018584.jpg
4,018585.jpg
0,018586.jpg
8,018587.jpg
3,018588.jpg
8,018589.jpg
6,018590.jpg
7,018591.jpg
3,018592.jpg
1,018593.jpg
5,018594.jpg
6,018595.jpg
2,018596.jpg
2,018597.jpg
5,018598.jpg
5,018599.jpg
3,018600.jpg
9,018601.jpg
3,018602.jpg
2,018603.jpg
6,018604.jpg
0,018605.jpg
2,018606.jpg
9,018607.jpg
9,018608.jpg
6,018609.jpg
2,018610.jpg
3,018611.jpg
3,018612.jpg
1,018613.jpg
9,018614.jpg
7,018615.jpg
8,018616.jpg
4,018617.jpg
9,018618.jpg
6,018619.jpg
9,018620.jpg
7,018621.jpg
0,018622.jpg
9,018623.jpg
7,018624.jpg
8,018625.jpg
1,018626.jpg
2,018627.jpg
6,018628.jpg
9,018629.jpg
2,018630.jpg
4,018631.jpg
4,018632.jpg
3,018633.jpg
0,018634.jpg
0,018635.jpg
5,018636.jpg
4,018637.jpg
3,018638.jpg
1,018639.jpg
3,018640.jpg
4,018641.jpg
8,018642.jpg
9,018643.jpg
1,018644.jpg
1,018645.jpg
2,018646.jpg
5,018647.jpg
3,018648.jpg
5,018649.jpg
3,018650.jpg
0,018651.jpg
7,018652.jpg
5,018653.jpg
7,018654.jpg
1,018655.jpg
9,018656.jpg
9,018657.jpg
5,018658.jpg
8,018659.jpg
7,018660.jpg
1,018661.jpg
2,018662.jpg
5,018663.jpg
1,018664.jpg
0,018665.jpg
5,018666.jpg
5,018667.jpg
3,018668.jpg
5,018669.jpg
4,018670.jpg
1,018671.jpg
1,018672.jpg
5,018673.jpg
3,018674.jpg
2,018675.jpg
3,018676.jpg
0,018677.jpg
6,018678.jpg
7,018679.jpg
2,018680.jpg
3,018681.jpg
9,018682.jpg
2,018683.jpg
2,018684.jpg
8,018685.jpg
6,018686.jpg
3,018687.jpg
0,018688.jpg
2,018689.jpg
5,018690.jpg
2,018691.jpg
4,018692.jpg
9,018693.jpg
4,018694.jpg
3,018695.jpg
7,018696.jpg
6,018697.jpg
1,018698.jpg
6,018699.jpg
7,018700.jpg
8,018701.jpg
8,018702.jpg
4,018703.jpg
5,018704.jpg
1,018705.jpg
6,018706.jpg
9,018707.jpg
2,018708.jpg
9,018709.jpg
1,018710.jpg
7,018711.jpg
5,018712.jpg
0,018713.jpg
6,018714.jpg
0,018715.jpg
5,018716.jpg
0,018717.jpg
4,018718.jpg
7,018719.jpg
1,018720.jpg
5,018721.jpg
2,018722.jpg
0,018723.jpg
5,018724.jpg
6,018725.jpg
4,018726.jpg
2,018727.jpg
4,018728.jpg
3,018729.jpg
8,018730.jpg
6,018731.jpg
9,018732.jpg
8,018733.jpg
8,018734.jpg
2,018735.jpg
3,018736.jpg
7,018737.jpg
3,018738.jpg
9,018739.jpg
6,018740.jpg
4,018741.jpg
5,018742.jpg
4,018743.jpg
9,018744.jpg
1,018745.jpg
9,018746.jpg
2,018747.jpg
5,018748.jpg
0,018749.jpg
4,018750.jpg
5,018751.jpg
4,018752.jpg
5,018753.jpg
5,018754.jpg
3,018755.jpg
9,018756.jpg
7,018757.jpg
4,018758.jpg
2,018759.jpg
0,018760.jpg
7,018761.jpg
1,018762.jpg
7,018763.jpg
8,018764.jpg
4,018765.jpg
0,018766.jpg
3,018767.jpg
7,018768.jpg
7,018769.jpg
9,018770.jpg
0,018771.jpg
5,018772.jpg
4,018773.jpg
4,018774.jpg
5,018775.jpg
1,018776.jpg
4,018777.jpg
2,018778.jpg
6,018779.jpg
8,018780.jpg
2,018781.jpg
1,018782.jpg
5,018783.jpg
3,018784.jpg
4,018785.jpg
7,018786.jpg
2,018787.jpg
2,018788.jpg
8,018789.jpg
1,018790.jpg
2,018791.jpg
6,018792.jpg
5,018793.jpg
6,018794.jpg
9,018795.jpg
7,018796.jpg
8,018797.jpg
7,018798.jpg
3,018799.jpg
8,018800.jpg
0,018801.jpg
1,018802.jpg
2,018803.jpg
1,018804.jpg
8,018805.jpg
9,018806.jpg
6,018807.jpg
8,018808.jpg
1,018809.jpg
0,018810.jpg
2,018811.jpg
6,018812.jpg
8,018813.jpg
3,018814.jpg
2,018815.jpg
8,018816.jpg
7,018817.jpg
2,018818.jpg
9,018819.jpg
5,018820.jpg
3,018821.jpg
7,018822.jpg
4,018823.jpg
4,018824.jpg
4,018825.jpg
7,018826.jpg
1,018827.jpg
3,018828.jpg
3,018829.jpg
2,018830.jpg
2,018831.jpg
7,018832.jpg
5,018833.jpg
5,018834.jpg
8,018835.jpg
9,018836.jpg
0,018837.jpg
0,018838.jpg
1,018839.jpg
6,018840.jpg
3,018841.jpg
5,018842.jpg
9,018843.jpg
4,018844.jpg
8,018845.jpg
1,018846.jpg
1,018847.jpg
7,018848.jpg
7,018849.jpg
5,018850.jpg
6,018851.jpg
4,018852.jpg
7,018853.jpg
6,018854.jpg
4,018855.jpg
8,018856.jpg
9,018857.jpg
2,018858.jpg
3,018859.jpg
3,018860.jpg
7,018861.jpg
5,018862.jpg
7,018863.jpg
5,018864.jpg
0,018865.jpg
7,018866.jpg
8,018867.jpg
2,018868.jpg
0,018869.jpg
6,018870.jpg
8,018871.jpg
6,018872.jpg
6,018873.jpg
2,018874.jpg
6,018875.jpg
1,018876.jpg
4,018877.jpg
6,018878.jpg
7,018879.jpg
1,018880.jpg
0,018881.jpg
0,018882.jpg
6,018883.jpg
3,018884.jpg
6,018885.jpg
4,018886.jpg
5,018887.jpg
1,018888.jpg
3,018889.jpg
7,018890.jpg
0,018891.jpg
9,018892.jpg
8,018893.jpg
5,018894.jpg
2,018895.jpg
3,018896.jpg
5,018897.jpg
4,018898.jpg
9,018899.jpg
7,018900.jpg
1,018901.jpg
9,018902.jpg
6,018903.jpg
1,018904.jpg
7,018905.jpg
5,018906.jpg
4,018907.jpg
3,018908.jpg
0,018909.jpg
0,018910.jpg
5,018911.jpg
5,018912.jpg
2,018913.jpg
3,018914.jpg
5,018915.jpg
0,018916.jpg
3,018917.jpg
5,018918.jpg
1,018919.jpg
1,018920.jpg
7,018921.jpg
3,018922.jpg
0,018923.jpg
6,018924.jpg
4,018925.jpg
6,018926.jpg
7,018927.jpg
3,018928.jpg
6,018929.jpg
4,018930.jpg
9,018931.jpg
3,018932.jpg
5,018933.jpg
8,018934.jpg
2,018935.jpg
8,018936.jpg
1,018937.jpg
7,018938.jpg
4,018939.jpg
2,018940.jpg
9,018941.jpg
6,018942.jpg
6,018943.jpg
8,018944.jpg
3,018945.jpg
3,018946.jpg
7,018947.jpg
0,018948.jpg
2,018949.jpg
6,018950.jpg
0,018951.jpg
8,018952.jpg
4,018953.jpg
9,018954.jpg
9,018955.jpg
8,018956.jpg
3,018957.jpg
1,018958.jpg
2,018959.jpg
7,018960.jpg
4,018961.jpg
6,018962.jpg
1,018963.jpg
6,018964.jpg
1,018965.jpg
3,018966.jpg
4,018967.jpg
6,018968.jpg
9,018969.jpg
5,018970.jpg
2,018971.jpg
5,018972.jpg
9,018973.jpg
3,018974.jpg
7,018975.jpg
1,018976.jpg
5,018977.jpg
2,018978.jpg
4,018979.jpg
5,018980.jpg
6,018981.jpg
9,018982.jpg
5,018983.jpg
6,018984.jpg
5,018985.jpg
2,018986.jpg
8,018987.jpg
5,018988.jpg
4,018989.jpg
6,018990.jpg
4,018991.jpg
6,018992.jpg
7,018993.jpg
0,018994.jpg
6,018995.jpg
0,018996.jpg
1,018997.jpg
8,018998.jpg
8,018999.jpg
7,019000.jpg
6,019001.jpg
8,019002.jpg
2,019003.jpg
1,019004.jpg
6,019005.jpg
5,019006.jpg
5,019007.jpg
8,019008.jpg
1,019009.jpg
5,019010.jpg
6,019011.jpg
0,019012.jpg
4,019013.jpg
6,019014.jpg
0,019015.jpg
5,019016.jpg
5,019017.jpg
2,019018.jpg
9,019019.jpg
1,019020.jpg
3,019021.jpg
1,019022.jpg
6,019023.jpg
6,019024.jpg
7,019025.jpg
8,019026.jpg
5,019027.jpg
0,019028.jpg
1,019029.jpg
8,019030.jpg
1,019031.jpg
9,019032.jpg
6,019033.jpg
1,019034.jpg
3,019035.jpg
7,019036.jpg
6,019037.jpg
6,019038.jpg
1,019039.jpg
4,019040.jpg
2,019041.jpg
9,019042.jpg
0,019043.jpg
4,019044.jpg
1,019045.jpg
6,019046.jpg
9,019047.jpg
2,019048.jpg
2,019049.jpg
2,019050.jpg
8,019051.jpg
7,019052.jpg
1,019053.jpg
9,019054.jpg
5,019055.jpg
9,019056.jpg
2,019057.jpg
1,019058.jpg
1,019059.jpg
2,019060.jpg
1,019061.jpg
0,019062.jpg
0,019063.jpg
1,019064.jpg
4,019065.jpg
9,019066.jpg
3,019067.jpg
2,019068.jpg
6,019069.jpg
2,019070.jpg
1,019071.jpg
5,019072.jpg
4,019073.jpg
3,019074.jpg
7,019075.jpg
2,019076.jpg
2,019077.jpg
8,019078.jpg
6,019079.jpg
4,019080.jpg
5,019081.jpg
4,019082.jpg
0,019083.jpg
9,019084.jpg
7,019085.jpg
2,019086.jpg
8,019087.jpg
2,019088.jpg
9,019089.jpg
8,019090.jpg
6,019091.jpg
6,019092.jpg
0,019093.jpg
9,019094.jpg
1,019095.jpg
6,019096.jpg
9,019097.jpg
9,019098.jpg
8,019099.jpg
8,019100.jpg
7,019101.jpg
4,019102.jpg
1,019103.jpg
0,019104.jpg
4,019105.jpg
2,019106.jpg
8,019107.jpg
5,019108.jpg
9,019109.jpg
1,019110.jpg
7,019111.jpg
8,019112.jpg
3,019113.jpg
9,019114.jpg
1,019115.jpg
3,019116.jpg
1,019117.jpg
9,019118.jpg
1,019119.jpg
0,019120.jpg
0,019121.jpg
2,019122.jpg
6,019123.jpg
4,019124.jpg
1,019125.jpg
6,019126.jpg
9,019127.jpg
6,019128.jpg
6,019129.jpg
6,019130.jpg
7,019131.jpg
8,019132.jpg
0,019133.jpg
0,019134.jpg
6,019135.jpg
8,019136.jpg
0,019137.jpg
3,019138.jpg
0,019139.jpg
6,019140.jpg
0,019141.jpg
2,019142.jpg
0,019143.jpg
4,019144.jpg
6,019145.jpg
8,019146.jpg
9,019147.jpg
2,019148.jpg
5,019149.jpg
2,019150.jpg
8,019151.jpg
0,019152.jpg
6,019153.jpg
4,019154.jpg
7,019155.jpg
8,019156.jpg
2,019157.jpg
9,019158.jpg
1,019159.jpg
3,019160.jpg
5,019161.jpg
2,019162.jpg
7,019163.jpg
1,019164.jpg
5,019165.jpg
4,019166.jpg
0,019167.jpg
0,019168.jpg
2,019169.jpg
3,019170.jpg
4,019171.jpg
7,019172.jpg
4,019173.jpg
9,019174.jpg
4,019175.jpg
2,019176.jpg
1,019177.jpg
6,019178.jpg
9,019179.jpg
8,019180.jpg
0,019181.jpg
4,019182.jpg
4,019183.jpg
4,019184.jpg
5,019185.jpg
9,019186.jpg
8,019187.jpg
4,019188.jpg
8,019189.jpg
8,019190.jpg
3,019191.jpg
4,019192.jpg
6,019193.jpg
7,019194.jpg
3,019195.jpg
5,019196.jpg
8,019197.jpg
8,019198.jpg
1,019199.jpg
4,019200.jpg
5,019201.jpg
9,019202.jpg
7,019203.jpg
5,019204.jpg
7,019205.jpg
1,019206.jpg
3,019207.jpg
8,019208.jpg
8,019209.jpg
2,019210.jpg
8,019211.jpg
6,019212.jpg
9,019213.jpg
8,019214.jpg
8,019215.jpg
2,019216.jpg
0,019217.jpg
4,019218.jpg
4,019219.jpg
3,019220.jpg
1,019221.jpg
1,019222.jpg
1,019223.jpg
1,019224.jpg
2,019225.jpg
1,019226.jpg
4,019227.jpg
7,019228.jpg
7,019229.jpg
3,019230.jpg
2,019231.jpg
5,019232.jpg
6,019233.jpg
4,019234.jpg
8,019235.jpg
3,019236.jpg
8,019237.jpg
4,019238.jpg
7,019239.jpg
4,019240.jpg
3,019241.jpg
1,019242.jpg
6,019243.jpg
6,019244.jpg
9,019245.jpg
4,019246.jpg
3,019247.jpg
7,019248.jpg
1,019249.jpg
9,019250.jpg
5,019251.jpg
8,019252.jpg
5,019253.jpg
6,019254.jpg
3,019255.jpg
3,019256.jpg
6,019257.jpg
2,019258.jpg
7,019259.jpg
0,019260.jpg
0,019261.jpg
8,019262.jpg
9,019263.jpg
2,019264.jpg
3,019265.jpg
8,019266.jpg
1,019267.jpg
0,019268.jpg
9,019269.jpg
5,019270.jpg
2,019271.jpg
1,019272.jpg
2,019273.jpg
3,019274.jpg
3,019275.jpg
9,019276.jpg
3,019277.jpg
4,019278.jpg
2,019279.jpg
9,019280.jpg
5,019281.jpg
7,019282.jpg
8,019283.jpg
7,019284.jpg
9,019285.jpg
8,019286.jpg
5,019287.jpg
3,019288.jpg
8,019289.jpg
0,019290.jpg
0,019291.jpg
9,019292.jpg
2,019293.jpg
3,019294.jpg
8,019295.jpg
0,019296.jpg
8,019297.jpg
0,019298.jpg
6,019299.jpg
9,019300.jpg
0,019301.jpg
7,019302.jpg
8,019303.jpg
4,019304.jpg
8,019305.jpg
7,019306.jpg
9,019307.jpg
0,019308.jpg
3,019309.jpg
2,019310.jpg
1,019311.jpg
6,019312.jpg
5,019313.jpg
8,019314.jpg
6,019315.jpg
6,019316.jpg
2,019317.jpg
9,019318.jpg
6,019319.jpg
4,019320.jpg
3,019321.jpg
6,019322.jpg
7,019323.jpg
7,019324.jpg
4,019325.jpg
0,019326.jpg
5,019327.jpg
2,019328.jpg
8,019329.jpg
0,019330.jpg
2,019331.jpg
2,019332.jpg
9,019333.jpg
6,019334.jpg
2,019335.jpg
0,019336.jpg
6,019337.jpg
7,019338.jpg
2,019339.jpg
1,019340.jpg
1,019341.jpg
6,019342.jpg
8,019343.jpg
9,019344.jpg
6,019345.jpg
5,019346.jpg
7,019347.jpg
3,019348.jpg
1,019349.jpg
0,019350.jpg
0,019351.jpg
9,019352.jpg
7,019353.jpg
2,019354.jpg
4,019355.jpg
7,019356.jpg
6,019357.jpg
6,019358.jpg
8,019359.jpg
9,019360.jpg
1,019361.jpg
4,019362.jpg
1,019363.jpg
1,019364.jpg
0,019365.jpg
5,019366.jpg
7,019367.jpg
4,019368.jpg
5,019369.jpg
4,019370.jpg
3,019371.jpg
6,019372.jpg
4,019373.jpg
1,019374.jpg
2,019375.jpg
1,019376.jpg
0,019377.jpg
1,019378.jpg
5,019379.jpg
6,019380.jpg
1,019381.jpg
6,019382.jpg
8,019383.jpg
7,019384.jpg
5,019385.jpg
5,019386.jpg
6,019387.jpg
6,019388.jpg
9,019389.jpg
1,019390.jpg
1,019391.jpg
1,019392.jpg
9,019393.jpg
3,019394.jpg
1,019395.jpg
5,019396.jpg
4,019397.jpg
5,019398.jpg
2,019399.jpg
9,019400.jpg
7,019401.jpg
6,019402.jpg
0,019403.jpg
3,019404.jpg
4,019405.jpg
7,019406.jpg
5,019407.jpg
9,019408.jpg
5,019409.jpg
9,019410.jpg
9,019411.jpg
8,019412.jpg
3,019413.jpg
3,019414.jpg
4,019415.jpg
7,019416.jpg
0,019417.jpg
7,019418.jpg
0,019419.jpg
1,019420.jpg
2,019421.jpg
9,019422.jpg
6,019423.jpg
6,019424.jpg
0,019425.jpg
9,019426.jpg
6,019427.jpg
7,019428.jpg
9,019429.jpg
7,019430.jpg
7,019431.jpg
9,019432.jpg
9,019433.jpg
1,019434.jpg
6,019435.jpg
1,019436.jpg
8,019437.jpg
8,019438.jpg
2,019439.jpg
5,019440.jpg
5,019441.jpg
9,019442.jpg
8,019443.jpg
5,019444.jpg
1,019445.jpg
0,019446.jpg
0,019447.jpg
0,019448.jpg
9,019449.jpg
9,019450.jpg
7,019451.jpg
2,019452.jpg
2,019453.jpg
2,019454.jpg
7,019455.jpg
4,019456.jpg
2,019457.jpg
1,019458.jpg
7,019459.jpg
5,019460.jpg
6,019461.jpg
6,019462.jpg
4,019463.jpg
9,019464.jpg
3,019465.jpg
9,019466.jpg
4,019467.jpg
7,019468.jpg
4,019469.jpg
0,019470.jpg
7,019471.jpg
6,019472.jpg
4,019473.jpg
3,019474.jpg
4,019475.jpg
2,019476.jpg
9,019477.jpg
3,019478.jpg
0,019479.jpg
2,019480.jpg
9,019481.jpg
4,019482.jpg
7,019483.jpg
8,019484.jpg
7,019485.jpg
3,019486.jpg
2,019487.jpg
7,019488.jpg
9,019489.jpg
4,019490.jpg
3,019491.jpg
4,019492.jpg
6,019493.jpg
6,019494.jpg
3,019495.jpg
1,019496.jpg
0,019497.jpg
4,019498.jpg
2,019499.jpg
4,019500.jpg
8,019501.jpg
3,019502.jpg
1,019503.jpg
3,019504.jpg
7,019505.jpg
9,019506.jpg
5,019507.jpg
1,019508.jpg
4,019509.jpg
6,019510.jpg
4,019511.jpg
7,019512.jpg
9,019513.jpg
2,019514.jpg
8,019515.jpg
2,019516.jpg
7,019517.jpg
7,019518.jpg
5,019519.jpg
3,019520.jpg
7,019521.jpg
7,019522.jpg
8,019523.jpg
3,019524.jpg
5,019525.jpg
6,019526.jpg
3,019527.jpg
6,019528.jpg
2,019529.jpg
8,019530.jpg
5,019531.jpg
0,019532.jpg
2,019533.jpg
9,019534.jpg
3,019535.jpg
7,019536.jpg
5,019537.jpg
7,019538.jpg
5,019539.jpg
3,019540.jpg
9,019541.jpg
0,019542.jpg
2,019543.jpg
0,019544.jpg
5,019545.jpg
4,019546.jpg
2,019547.jpg
6,019548.jpg
6,019549.jpg
7,019550.jpg
3,019551.jpg
9,019552.jpg
3,019553.jpg
3,019554.jpg
9,019555.jpg
6,019556.jpg
9,019557.jpg
6,019558.jpg
4,019559.jpg
0,019560.jpg
6,019561.jpg
0,019562.jpg
2,019563.jpg
9,019564.jpg
4,019565.jpg
5,019566.jpg
9,019567.jpg
9,019568.jpg
4,019569.jpg
2,019570.jpg
8,019571.jpg
8,019572.jpg
4,019573.jpg
9,019574.jpg
9,019575.jpg
0,019576.jpg
7,019577.jpg
8,019578.jpg
2,019579.jpg
9,019580.jpg
1,019581.jpg
1,019582.jpg
3,019583.jpg
5,019584.jpg
8,019585.jpg
8,019586.jpg
8,019587.jpg
4,019588.jpg
2,019589.jpg
8,019590.jpg
0,019591.jpg
2,019592.jpg
6,019593.jpg
5,019594.jpg
4,019595.jpg
1,019596.jpg
7,019597.jpg
6,019598.jpg
0,019599.jpg
4,019600.jpg
7,019601.jpg
5,019602.jpg
3,019603.jpg
3,019604.jpg
6,019605.jpg
1,019606.jpg
5,019607.jpg
6,019608.jpg
7,019609.jpg
7,019610.jpg
2,019611.jpg
6,019612.jpg
5,019613.jpg
7,019614.jpg
3,019615.jpg
3,019616.jpg
3,019617.jpg
6,019618.jpg
9,019619.jpg
1,019620.jpg
9,019621.jpg
0,019622.jpg
4,019623.jpg
4,019624.jpg
6,019625.jpg
4,019626.jpg
6,019627.jpg
3,019628.jpg
1,019629.jpg
7,019630.jpg
9,019631.jpg
8,019632.jpg
9,019633.jpg
6,019634.jpg
5,019635.jpg
1,019636.jpg
8,019637.jpg
4,019638.jpg
9,019639.jpg
1,019640.jpg
3,019641.jpg
1,019642.jpg
4,019643.jpg
2,019644.jpg
1,019645.jpg
4,019646.jpg
4,019647.jpg
1,019648.jpg
9,019649.jpg
6,019650.jpg
5,019651.jpg
8,019652.jpg
5,019653.jpg
7,019654.jpg
9,019655.jpg
0,019656.jpg
1,019657.jpg
5,019658.jpg
1,019659.jpg
0,019660.jpg
4,019661.jpg
5,019662.jpg
5,019663.jpg
9,019664.jpg
1,019665.jpg
3,019666.jpg
9,019667.jpg
0,019668.jpg
4,019669.jpg
8,019670.jpg
2,019671.jpg
1,019672.jpg
9,019673.jpg
0,019674.jpg
9,019675.jpg
1,019676.jpg
0,019677.jpg
7,019678.jpg
6,019679.jpg
8,019680.jpg
9,019681.jpg
5,019682.jpg
1,019683.jpg
9,019684.jpg
0,019685.jpg
6,019686.jpg
5,019687.jpg
1,019688.jpg
4,019689.jpg
8,019690.jpg
3,019691.jpg
1,019692.jpg
9,019693.jpg
2,019694.jpg
7,019695.jpg
3,019696.jpg
9,019697.jpg
8,019698.jpg
2,019699.jpg
7,019700.jpg
6,019701.jpg
6,019702.jpg
2,019703.jpg
9,019704.jpg
4,019705.jpg
6,019706.jpg
8,019707.jpg
4,019708.jpg
1,019709.jpg
1,019710.jpg
6,019711.jpg
5,019712.jpg
2,019713.jpg
5,019714.jpg
2,019715.jpg
1,019716.jpg
5,019717.jpg
0,019718.jpg
0,019719.jpg
4,019720.jpg
0,019721.jpg
9,019722.jpg
3,019723.jpg
0,019724.jpg
0,019725.jpg
3,019726.jpg
4,019727.jpg
1,019728.jpg
8,019729.jpg
3,019730.jpg
1,019731.jpg
2,019732.jpg
7,019733.jpg
2,019734.jpg
0,019735.jpg
6,019736.jpg
0,019737.jpg
1,019738.jpg
7,019739.jpg
0,019740.jpg
7,019741.jpg
8,019742.jpg
1,019743.jpg
0,019744.jpg
8,019745.jpg
0,019746.jpg
9,019747.jpg
1,019748.jpg
8,019749.jpg
1,019750.jpg
6,019751.jpg
1,019752.jpg
0,019753.jpg
3,019754.jpg
8,019755.jpg
5,019756.jpg
1,019757.jpg
3,019758.jpg
8,019759.jpg
4,019760.jpg
8,019761.jpg
8,019762.jpg
0,019763.jpg
6,019764.jpg
0,019765.jpg
7,019766.jpg
1,019767.jpg
8,019768.jpg
0,019769.jpg
7,019770.jpg
9,019771.jpg
2,019772.jpg
7,019773.jpg
1,019774.jpg
6,019775.jpg
4,019776.jpg
4,019777.jpg
0,019778.jpg
9,019779.jpg
0,019780.jpg
2,019781.jpg
7,019782.jpg
6,019783.jpg
7,019784.jpg
4,019785.jpg
9,019786.jpg
9,019787.jpg
3,019788.jpg
5,019789.jpg
2,019790.jpg
5,019791.jpg
0,019792.jpg
0,019793.jpg
3,019794.jpg
8,019795.jpg
8,019796.jpg
7,019797.jpg
6,019798.jpg
6,019799.jpg
8,019800.jpg
6,019801.jpg
2,019802.jpg
3,019803.jpg
6,019804.jpg
0,019805.jpg
0,019806.jpg
5,019807.jpg
1,019808.jpg
6,019809.jpg
7,019810.jpg
2,019811.jpg
3,019812.jpg
9,019813.jpg
8,019814.jpg
2,019815.jpg
2,019816.jpg
9,019817.jpg
3,019818.jpg
6,019819.jpg
3,019820.jpg
3,019821.jpg
4,019822.jpg
7,019823.jpg
3,019824.jpg
4,019825.jpg
3,019826.jpg
5,019827.jpg
6,019828.jpg
0,019829.jpg
2,019830.jpg
1,019831.jpg
4,019832.jpg
0,019833.jpg
2,019834.jpg
9,019835.jpg
6,019836.jpg
2,019837.jpg
8,019838.jpg
2,019839.jpg
8,019840.jpg
2,019841.jpg
8,019842.jpg
9,019843.jpg
6,019844.jpg
0,019845.jpg
1,019846.jpg
6,019847.jpg
2,019848.jpg
2,019849.jpg
6,019850.jpg
3,019851.jpg
5,019852.jpg
4,019853.jpg
8,019854.jpg
4,019855.jpg
0,019856.jpg
4,019857.jpg
1,019858.jpg
3,019859.jpg
2,019860.jpg
5,019861.jpg
2,019862.jpg
1,019863.jpg
6,019864.jpg
5,019865.jpg
8,019866.jpg
5,019867.jpg
6,019868.jpg
1,019869.jpg
3,019870.jpg
8,019871.jpg
8,019872.jpg
7,019873.jpg
0,019874.jpg
6,019875.jpg
3,019876.jpg
1,019877.jpg
6,019878.jpg
7,019879.jpg
1,019880.jpg
3,019881.jpg
9,019882.jpg
6,019883.jpg
2,019884.jpg
5,019885.jpg
3,019886.jpg
0,019887.jpg
8,019888.jpg
4,019889.jpg
1,019890.jpg
9,019891.jpg
1,019892.jpg
7,019893.jpg
8,019894.jpg
1,019895.jpg
4,019896.jpg
6,019897.jpg
8,019898.jpg
4,019899.jpg
9,019900.jpg
4,019901.jpg
2,019902.jpg
6,019903.jpg
1,019904.jpg
9,019905.jpg
5,019906.jpg
3,019907.jpg
6,019908.jpg
6,019909.jpg
4,019910.jpg
6,019911.jpg
5,019912.jpg
4,019913.jpg
1,019914.jpg
9,019915.jpg
1,019916.jpg
8,019917.jpg
9,019918.jpg
4,019919.jpg
3,019920.jpg
6,019921.jpg
4,019922.jpg
6,019923.jpg
4,019924.jpg
2,019925.jpg
5,019926.jpg
1,019927.jpg
5,019928.jpg
3,019929.jpg
0,019930.jpg
1,019931.jpg
2,019932.jpg
9,019933.jpg
9,019934.jpg
4,019935.jpg
8,019936.jpg
7,019937.jpg
7,019938.jpg
3,019939.jpg
1,019940.jpg
8,019941.jpg
5,019942.jpg
8,019943.jpg
7,019944.jpg
2,019945.jpg
8,019946.jpg
2,019947.jpg
7,019948.jpg
6,019949.jpg
3,019950.jpg
7,019951.jpg
2,019952.jpg
3,019953.jpg
4,019954.jpg
4,019955.jpg
0,019956.jpg
2,019957.jpg
5,019958.jpg
8,019959.jpg
7,019960.jpg
8,019961.jpg
4,019962.jpg
6,019963.jpg
7,019964.jpg
6,019965.jpg
7,019966.jpg
6,019967.jpg
8,019968.jpg
5,019969.jpg
7,019970.jpg
5,019971.jpg
5,019972.jpg
2,019973.jpg
9,019974.jpg
0,019975.jpg
8,019976.jpg
3,019977.jpg
1,019978.jpg
1,019979.jpg
9,019980.jpg
1,019981.jpg
4,019982.jpg
5,019983.jpg
6,019984.jpg
6,019985.jpg
7,019986.jpg
9,019987.jpg
4,019988.jpg
3,019989.jpg
4,019990.jpg
9,019991.jpg
9,019992.jpg
3,019993.jpg
2,019994.jpg
8,019995.jpg
1,019996.jpg
6,019997.jpg
5,019998.jpg
4,019999.jpg
7,020000.jpg
1,020001.jpg
5,020002.jpg
0,020003.jpg
6,020004.jpg
2,020005.jpg
9,020006.jpg
6,020007.jpg
4,020008.jpg
4,020009.jpg
7,020010.jpg
5,020011.jpg
6,020012.jpg
6,020013.jpg
8,020014.jpg
1,020015.jpg
5,020016.jpg
3,020017.jpg
2,020018.jpg
0,020019.jpg
5,020020.jpg
3,020021.jpg
5,020022.jpg
2,020023.jpg
2,020024.jpg
0,020025.jpg
9,020026.jpg
0,020027.jpg
9,020028.jpg
3,020029.jpg
0,020030.jpg
1,020031.jpg
7,020032.jpg
0,020033.jpg
5,020034.jpg
2,020035.jpg
4,020036.jpg
5,020037.jpg
3,020038.jpg
0,020039.jpg
5,020040.jpg
5,020041.jpg
8,020042.jpg
8,020043.jpg
0,020044.jpg
4,020045.jpg
9,020046.jpg
1,020047.jpg
5,020048.jpg
0,020049.jpg
7,020050.jpg
8,020051.jpg
2,020052.jpg
2,020053.jpg
4,020054.jpg
4,020055.jpg
4,020056.jpg
1,020057.jpg
4,020058.jpg
7,020059.jpg
6,020060.jpg
7,020061.jpg
5,020062.jpg
3,020063.jpg
2,020064.jpg
7,020065.jpg
4,020066.jpg
4,020067.jpg
0,020068.jpg
5,020069.jpg
7,020070.jpg
2,020071.jpg
9,020072.jpg
2,020073.jpg
3,020074.jpg
1,020075.jpg
0,020076.jpg
4,020077.jpg
0,020078.jpg
4,020079.jpg
1,020080.jpg
0,020081.jpg
1,020082.jpg
3,020083.jpg
4,020084.jpg
3,020085.jpg
3,020086.jpg
5,020087.jpg
5,020088.jpg
3,020089.jpg
1,020090.jpg
8,020091.jpg
8,020092.jpg
6,020093.jpg
6,020094.jpg
1,020095.jpg
2,020096.jpg
3,020097.jpg
6,020098.jpg
2,020099.jpg
6,020100.jpg
3,020101.jpg
0,020102.jpg
9,020103.jpg
2,020104.jpg
2,020105.jpg
4,020106.jpg
2,020107.jpg
1,020108.jpg
2,020109.jpg
7,020110.jpg
1,020111.jpg
6,020112.jpg
6,020113.jpg
2,020114.jpg
2,020115.jpg
1,020116.jpg
2,020117.jpg
2,020118.jpg
1,020119.jpg
2,020120.jpg
1,020121.jpg
2,020122.jpg
1,020123.jpg
2,020124.jpg
9,020125.jpg
5,020126.jpg
4,020127.jpg
3,020128.jpg
3,020129.jpg
7,020130.jpg
7,020131.jpg
7,020132.jpg
3,020133.jpg
1,020134.jpg
3,020135.jpg
0,020136.jpg
7,020137.jpg
0,020138.jpg
2,020139.jpg
6,020140.jpg
7,020141.jpg
7,020142.jpg
8,020143.jpg
3,020144.jpg
4,020145.jpg
0,020146.jpg
5,020147.jpg
9,020148.jpg
4,020149.jpg
5,020150.jpg
0,020151.jpg
3,020152.jpg
7,020153.jpg
1,020154.jpg
4,020155.jpg
2,020156.jpg
8,020157.jpg
4,020158.jpg
5,020159.jpg
3,020160.jpg
4,020161.jpg
5,020162.jpg
2,020163.jpg
1,020164.jpg
7,020165.jpg
8,020166.jpg
6,020167.jpg
1,020168.jpg
3,020169.jpg
6,020170.jpg
1,020171.jpg
7,020172.jpg
0,020173.jpg
9,020174.jpg
1,020175.jpg
4,020176.jpg
0,020177.jpg
7,020178.jpg
6,020179.jpg
6,020180.jpg
3,020181.jpg
4,020182.jpg
4,020183.jpg
3,020184.jpg
5,020185.jpg
0,020186.jpg
3,020187.jpg
3,020188.jpg
8,020189.jpg
7,020190.jpg
5,020191.jpg
0,020192.jpg
7,020193.jpg
3,020194.jpg
8,020195.jpg
5,020196.jpg
7,020197.jpg
3,020198.jpg
1,020199.jpg
1,020200.jpg
4,020201.jpg
7,020202.jpg
0,020203.jpg
6,020204.jpg
3,020205.jpg
3,020206.jpg
3,020207.jpg
5,020208.jpg
8,020209.jpg
3,020210.jpg
6,020211.jpg
1,020212.jpg
1,020213.jpg
1,020214.jpg
0,020215.jpg
8,020216.jpg
3,020217.jpg
0,020218.jpg
1,020219.jpg
8,020220.jpg
9,020221.jpg
9,020222.jpg
0,020223.jpg
5,020224.jpg
7,020225.jpg
7,020226.jpg
6,020227.jpg
6,020228.jpg
0,020229.jpg
7,020230.jpg
4,020231.jpg
0,020232.jpg
5,020233.jpg
5,020234.jpg
0,020235.jpg
5,020236.jpg
3,020237.jpg
3,020238.jpg
4,020239.jpg
6,020240.jpg
2,020241.jpg
9,020242.jpg
5,020243.jpg
3,020244.jpg
1,020245.jpg
6,020246.jpg
0,020247.jpg
9,020248.jpg
5,020249.jpg
6,020250.jpg
2,020251.jpg
4,020252.jpg
0,020253.jpg
4,020254.jpg
6,020255.jpg
9,020256.jpg
1,020257.jpg
3,020258.jpg
8,020259.jpg
8,020260.jpg
8,020261.jpg
8,020262.jpg
0,020263.jpg
9,020264.jpg
7,020265.jpg
8,020266.jpg
7,020267.jpg
9,020268.jpg
5,020269.jpg
2,020270.jpg
1,020271.jpg
7,020272.jpg
8,020273.jpg
3,020274.jpg
5,020275.jpg
4,020276.jpg
7,020277.jpg
4,020278.jpg
2,020279.jpg
5,020280.jpg
9,020281.jpg
3,020282.jpg
2,020283.jpg
2,020284.jpg
9,020285.jpg
8,020286.jpg
5,020287.jpg
0,020288.jpg
3,020289.jpg
4,020290.jpg
6,020291.jpg
9,020292.jpg
0,020293.jpg
4,020294.jpg
9,020295.jpg
6,020296.jpg
3,020297.jpg
4,020298.jpg
1,020299.jpg
2,020300.jpg
3,020301.jpg
6,020302.jpg
9,020303.jpg
5,020304.jpg
0,020305.jpg
1,020306.jpg
9,020307.jpg
6,020308.jpg
1,020309.jpg
6,020310.jpg
2,020311.jpg
5,020312.jpg
3,020313.jpg
6,020314.jpg
1,020315.jpg
4,020316.jpg
5,020317.jpg
1,020318.jpg
2,020319.jpg
5,020320.jpg
1,020321.jpg
3,020322.jpg
3,020323.jpg
7,020324.jpg
6,020325.jpg
8,020326.jpg
9,020327.jpg
0,020328.jpg
1,020329.jpg
2,020330.jpg
4,020331.jpg
8,020332.jpg
2,020333.jpg
5,020334.jpg
7,020335.jpg
9,020336.jpg
4,020337.jpg
4,020338.jpg
6,020339.jpg
4,020340.jpg
5,020341.jpg
6,020342.jpg
8,020343.jpg
1,020344.jpg
3,020345.jpg
1,020346.jpg
4,020347.jpg
0,020348.jpg
5,020349.jpg
0,020350.jpg
3,020351.jpg
4,020352.jpg
8,020353.jpg
9,020354.jpg
7,020355.jpg
1,020356.jpg
4,020357.jpg
6,020358.jpg
6,020359.jpg
8,020360.jpg
8,020361.jpg
6,020362.jpg
5,020363.jpg
4,020364.jpg
1,020365.jpg
1,020366.jpg
4,020367.jpg
5,020368.jpg
5,020369.jpg
4,020370.jpg
5,020371.jpg
0,020372.jpg
9,020373.jpg
7,020374.jpg
0,020375.jpg
3,020376.jpg
0,020377.jpg
8,020378.jpg
0,020379.jpg
3,020380.jpg
2,020381.jpg
3,020382.jpg
2,020383.jpg
9,020384.jpg
9,020385.jpg
8,020386.jpg
2,020387.jpg
5,020388.jpg
7,020389.jpg
3,020390.jpg
0,020391.jpg
8,020392.jpg
5,020393.jpg
6,020394.jpg
6,020395.jpg
1,020396.jpg
6,020397.jpg
9,020398.jpg
1,020399.jpg
2,020400.jpg
2,020401.jpg
1,020402.jpg
3,020403.jpg
7,020404.jpg
5,020405.jpg
8,020406.jpg
0,020407.jpg
2,020408.jpg
6,020409.jpg
6,020410.jpg
4,020411.jpg
8,020412.jpg
6,020413.jpg
4,020414.jpg
0,020415.jpg
8,020416.jpg
9,020417.jpg
1,020418.jpg
0,020419.jpg
4,020420.jpg
5,020421.jpg
0,020422.jpg
3,020423.jpg
3,020424.jpg
4,020425.jpg
2,020426.jpg
5,020427.jpg
9,020428.jpg
6,020429.jpg
1,020430.jpg
4,020431.jpg
2,020432.jpg
9,020433.jpg
0,020434.jpg
6,020435.jpg
6,020436.jpg
7,020437.jpg
0,020438.jpg
8,020439.jpg
4,020440.jpg
5,020441.jpg
0,020442.jpg
5,020443.jpg
0,020444.jpg
7,020445.jpg
3,020446.jpg
5,020447.jpg
5,020448.jpg
7,020449.jpg
5,020450.jpg
3,020451.jpg
6,020452.jpg
2,020453.jpg
5,020454.jpg
7,020455.jpg
8,020456.jpg
3,020457.jpg
0,020458.jpg
1,020459.jpg
7,020460.jpg
2,020461.jpg
9,020462.jpg
1,020463.jpg
1,020464.jpg
5,020465.jpg
1,020466.jpg
8,020467.jpg
0,020468.jpg
6,020469.jpg
4,020470.jpg
8,020471.jpg
3,020472.jpg
8,020473.jpg
6,020474.jpg
8,020475.jpg
3,020476.jpg
1,020477.jpg
0,020478.jpg
9,020479.jpg
7,020480.jpg
9,020481.jpg
7,020482.jpg
1,020483.jpg
1,020484.jpg
6,020485.jpg
5,020486.jpg
6,020487.jpg
7,020488.jpg
6,020489.jpg
1,020490.jpg
6,020491.jpg
4,020492.jpg
3,020493.jpg
1,020494.jpg
1,020495.jpg
1,020496.jpg
0,020497.jpg
5,020498.jpg
9,020499.jpg
2,020500.jpg
8,020501.jpg
1,020502.jpg
7,020503.jpg
7,020504.jpg
7,020505.jpg
3,020506.jpg
1,020507.jpg
9,020508.jpg
9,020509.jpg
8,020510.jpg
7,020511.jpg
5,020512.jpg
6,020513.jpg
9,020514.jpg
0,020515.jpg
7,020516.jpg
5,020517.jpg
8,020518.jpg
5,020519.jpg
2,020520.jpg
4,020521.jpg
7,020522.jpg
7,020523.jpg
0,020524.jpg
9,020525.jpg
5,020526.jpg
9,020527.jpg
6,020528.jpg
4,020529.jpg
4,020530.jpg
6,020531.jpg
7,020532.jpg
3,020533.jpg
2,020534.jpg
2,020535.jpg
9,020536.jpg
4,020537.jpg
4,020538.jpg
1,020539.jpg
7,020540.jpg
4,020541.jpg
2,020542.jpg
3,020543.jpg
6,020544.jpg
4,020545.jpg
2,020546.jpg
7,020547.jpg
4,020548.jpg
7,020549.jpg
2,020550.jpg
3,020551.jpg
3,020552.jpg
0,020553.jpg
5,020554.jpg
0,020555.jpg
4,020556.jpg
4,020557.jpg
2,020558.jpg
4,020559.jpg
4,020560.jpg
4,020561.jpg
3,020562.jpg
3,020563.jpg
8,020564.jpg
1,020565.jpg
6,020566.jpg
7,020567.jpg
6,020568.jpg
2,020569.jpg
8,020570.jpg
6,020571.jpg
9,020572.jpg
9,020573.jpg
9,020574.jpg
0,020575.jpg
0,020576.jpg
6,020577.jpg
9,020578.jpg
2,020579.jpg
4,020580.jpg
2,020581.jpg
0,020582.jpg
4,020583.jpg
5,020584.jpg
6,020585.jpg
8,020586.jpg
8,020587.jpg
4,020588.jpg
2,020589.jpg
6,020590.jpg
8,020591.jpg
1,020592.jpg
6,020593.jpg
2,020594.jpg
2,020595.jpg
9,020596.jpg
7,020597.jpg
8,020598.jpg
9,020599.jpg
5,020600.jpg
4,020601.jpg
7,020602.jpg
3,020603.jpg
2,020604.jpg
7,020605.jpg
7,020606.jpg
7,020607.jpg
8,020608.jpg
7,020609.jpg
9,020610.jpg
0,020611.jpg
5,020612.jpg
6,020613.jpg
9,020614.jpg
3,020615.jpg
4,020616.jpg
0,020617.jpg
9,020618.jpg
8,020619.jpg
9,020620.jpg
3,020621.jpg
8,020622.jpg
3,020623.jpg
4,020624.jpg
6,020625.jpg
7,020626.jpg
4,020627.jpg
8,020628.jpg
1,020629.jpg
8,020630.jpg
7,020631.jpg
3,020632.jpg
4,020633.jpg
5,020634.jpg
0,020635.jpg
8,020636.jpg
1,020637.jpg
3,020638.jpg
9,020639.jpg
7,020640.jpg
0,020641.jpg
8,020642.jpg
6,020643.jpg
5,020644.jpg
9,020645.jpg
5,020646.jpg
8,020647.jpg
4,020648.jpg
9,020649.jpg
4,020650.jpg
9,020651.jpg
8,020652.jpg
4,020653.jpg
6,020654.jpg
6,020655.jpg
7,020656.jpg
7,020657.jpg
0,020658.jpg
5,020659.jpg
9,020660.jpg
3,020661.jpg
7,020662.jpg
4,020663.jpg
4,020664.jpg
0,020665.jpg
5,020666.jpg
1,020667.jpg
0,020668.jpg
4,020669.jpg
5,020670.jpg
3,020671.jpg
8,020672.jpg
9,020673.jpg
5,020674.jpg
2,020675.jpg
0,020676.jpg
4,020677.jpg
9,020678.jpg
6,020679.jpg
4,020680.jpg
8,020681.jpg
5,020682.jpg
5,020683.jpg
2,020684.jpg
7,020685.jpg
0,020686.jpg
0,020687.jpg
2,020688.jpg
1,020689.jpg
3,020690.jpg
4,020691.jpg
6,020692.jpg
6,020693.jpg
6,020694.jpg
1,020695.jpg
2,020696.jpg
6,020697.jpg
8,020698.jpg
3,020699.jpg
1,020700.jpg
2,020701.jpg
9,020702.jpg
5,020703.jpg
0,020704.jpg
9,020705.jpg
6,020706.jpg
4,020707.jpg
1,020708.jpg
8,020709.jpg
6,020710.jpg
5,020711.jpg
9,020712.jpg
4,020713.jpg
7,020714.jpg
2,020715.jpg
0,020716.jpg
1,020717.jpg
1,020718.jpg
2,020719.jpg
7,020720.jpg
9,020721.jpg
2,020722.jpg
4,020723.jpg
9,020724.jpg
1,020725.jpg
2,020726.jpg
3,020727.jpg
5,020728.jpg
0,020729.jpg
8,020730.jpg
3,020731.jpg
3,020732.jpg
1,020733.jpg
4,020734.jpg
4,020735.jpg
1,020736.jpg
3,020737.jpg
3,020738.jpg
2,020739.jpg
6,020740.jpg
7,020741.jpg
7,020742.jpg
1,020743.jpg
5,020744.jpg
6,020745.jpg
6,020746.jpg
7,020747.jpg
2,020748.jpg
9,020749.jpg
2,020750.jpg
0,020751.jpg
7,020752.jpg
3,020753.jpg
7,020754.jpg
4,020755.jpg
3,020756.jpg
4,020757.jpg
0,020758.jpg
0,020759.jpg
7,020760.jpg
6,020761.jpg
9,020762.jpg
0,020763.jpg
8,020764.jpg
4,020765.jpg
9,020766.jpg
0,020767.jpg
7,020768.jpg
4,020769.jpg
4,020770.jpg
0,020771.jpg
2,020772.jpg
4,020773.jpg
0,020774.jpg
5,020775.jpg
1,020776.jpg
5,020777.jpg
6,020778.jpg
7,020779.jpg
1,020780.jpg
1,020781.jpg
0,020782.jpg
9,020783.jpg
5,020784.jpg
4,020785.jpg
8,020786.jpg
6,020787.jpg
0,020788.jpg
5,020789.jpg
4,020790.jpg
8,020791.jpg
9,020792.jpg
9,020793.jpg
8,020794.jpg
0,020795.jpg
4,020796.jpg
1,020797.jpg
3,020798.jpg
1,020799.jpg
2,020800.jpg
8,020801.jpg
6,020802.jpg
6,020803.jpg
1,020804.jpg
8,020805.jpg
9,020806.jpg
2,020807.jpg
6,020808.jpg
1,020809.jpg
4,020810.jpg
6,020811.jpg
1,020812.jpg
1,020813.jpg
6,020814.jpg
5,020815.jpg
1,020816.jpg
3,020817.jpg
0,020818.jpg
1,020819.jpg
9,020820.jpg
1,020821.jpg
6,020822.jpg
4,020823.jpg
1,020824.jpg
2,020825.jpg
1,020826.jpg
6,020827.jpg
7,020828.jpg
7,020829.jpg
3,020830.jpg
7,020831.jpg
0,020832.jpg
2,020833.jpg
7,020834.jpg
4,020835.jpg
1,020836.jpg
8,020837.jpg
8,020838.jpg
3,020839.jpg
0,020840.jpg
4,020841.jpg
6,020842.jpg
5,020843.jpg
4,020844.jpg
0,020845.jpg
8,020846.jpg
3,020847.jpg
5,020848.jpg
5,020849.jpg
3,020850.jpg
2,020851.jpg
0,020852.jpg
5,020853.jpg
8,020854.jpg
0,020855.jpg
3,020856.jpg
1,020857.jpg
5,020858.jpg
5,020859.jpg
4,020860.jpg
5,020861.jpg
7,020862.jpg
9,020863.jpg
9,020864.jpg
2,020865.jpg
8,020866.jpg
6,020867.jpg
1,020868.jpg
2,020869.jpg
6,020870.jpg
5,020871.jpg
6,020872.jpg
5,020873.jpg
8,020874.jpg
5,020875.jpg
0,020876.jpg
1,020877.jpg
1,020878.jpg
7,020879.jpg
4,020880.jpg
1,020881.jpg
4,020882.jpg
0,020883.jpg
1,020884.jpg
3,020885.jpg
1,020886.jpg
2,020887.jpg
6,020888.jpg
6,020889.jpg
1,020890.jpg
4,020891.jpg
9,020892.jpg
3,020893.jpg
1,020894.jpg
2,020895.jpg
4,020896.jpg
2,020897.jpg
1,020898.jpg
7,020899.jpg
9,020900.jpg
6,020901.jpg
8,020902.jpg
2,020903.jpg
7,020904.jpg
1,020905.jpg
6,020906.jpg
3,020907.jpg
9,020908.jpg
1,020909.jpg
3,020910.jpg
5,020911.jpg
7,020912.jpg
7,020913.jpg
9,020914.jpg
8,020915.jpg
2,020916.jpg
4,020917.jpg
4,020918.jpg
4,020919.jpg
6,020920.jpg
0,020921.jpg
2,020922.jpg
8,020923.jpg
4,020924.jpg
1,020925.jpg
3,020926.jpg
1,020927.jpg
4,020928.jpg
6,020929.jpg
4,020930.jpg
4,020931.jpg
5,020932.jpg
7,020933.jpg
4,020934.jpg
7,020935.jpg
8,020936.jpg
5,020937.jpg
9,020938.jpg
6,020939.jpg
9,020940.jpg
7,020941.jpg
8,020942.jpg
5,020943.jpg
7,020944.jpg
1,020945.jpg
3,020946.jpg
3,020947.jpg
8,020948.jpg
5,020949.jpg
6,020950.jpg
3,020951.jpg
7,020952.jpg
9,020953.jpg
7,020954.jpg
7,020955.jpg
1,020956.jpg
1,020957.jpg
8,020958.jpg
8,020959.jpg
0,020960.jpg
2,020961.jpg
0,020962.jpg
0,020963.jpg
9,020964.jpg
5,020965.jpg
7,020966.jpg
3,020967.jpg
8,020968.jpg
2,020969.jpg
8,020970.jpg
2,020971.jpg
3,020972.jpg
4,020973.jpg
1,020974.jpg
3,020975.jpg
6,020976.jpg
1,020977.jpg
5,020978.jpg
8,020979.jpg
5,020980.jpg
8,020981.jpg
5,020982.jpg
8,020983.jpg
2,020984.jpg
8,020985.jpg
6,020986.jpg
5,020987.jpg
9,020988.jpg
3,020989.jpg
6,020990.jpg
3,020991.jpg
5,020992.jpg
0,020993.jpg
6,020994.jpg
8,020995.jpg
4,020996.jpg
1,020997.jpg
9,020998.jpg
3,020999.jpg
7,021000.jpg
3,021001.jpg
7,021002.jpg
7,021003.jpg
0,021004.jpg
4,021005.jpg
9,021006.jpg
8,021007.jpg
7,021008.jpg
3,021009.jpg
7,021010.jpg
2,021011.jpg
8,021012.jpg
6,021013.jpg
3,021014.jpg
4,021015.jpg
8,021016.jpg
6,021017.jpg
2,021018.jpg
3,021019.jpg
4,021020.jpg
9,021021.jpg
5,021022.jpg
5,021023.jpg
3,021024.jpg
9,021025.jpg
9,021026.jpg
7,021027.jpg
8,021028.jpg
5,021029.jpg
3,021030.jpg
0,021031.jpg
9,021032.jpg
3,021033.jpg
3,021034.jpg
1,021035.jpg
1,021036.jpg
5,021037.jpg
4,021038.jpg
6,021039.jpg
4,021040.jpg
2,021041.jpg
7,021042.jpg
6,021043.jpg
9,021044.jpg
6,021045.jpg
8,021046.jpg
7,021047.jpg
5,021048.jpg
9,021049.jpg
0,021050.jpg
3,021051.jpg
5,021052.jpg
6,021053.jpg
3,021054.jpg
2,021055.jpg
5,021056.jpg
3,021057.jpg
9,021058.jpg
0,021059.jpg
7,021060.jpg
3,021061.jpg
8,021062.jpg
9,021063.jpg
3,021064.jpg
9,021065.jpg
6,021066.jpg
7,021067.jpg
9,021068.jpg
4,021069.jpg
6,021070.jpg
8,021071.jpg
0,021072.jpg
3,021073.jpg
7,021074.jpg
6,021075.jpg
7,021076.jpg
9,021077.jpg
7,021078.jpg
7,021079.jpg
9,021080.jpg
2,021081.jpg
7,021082.jpg
9,021083.jpg
4,021084.jpg
6,021085.jpg
9,021086.jpg
8,021087.jpg
5,021088.jpg
7,021089.jpg
6,021090.jpg
8,021091.jpg
3,021092.jpg
9,021093.jpg
6,021094.jpg
6,021095.jpg
0,021096.jpg
2,021097.jpg
9,021098.jpg
2,021099.jpg
8,021100.jpg
2,021101.jpg
8,021102.jpg
6,021103.jpg
4,021104.jpg
8,021105.jpg
3,021106.jpg
5,021107.jpg
1,021108.jpg
8,021109.jpg
6,021110.jpg
1,021111.jpg
6,021112.jpg
6,021113.jpg
1,021114.jpg
4,021115.jpg
7,021116.jpg
7,021117.jpg
9,021118.jpg
1,021119.jpg
4,021120.jpg
6,021121.jpg
9,021122.jpg
9,021123.jpg
2,021124.jpg
1,021125.jpg
9,021126.jpg
8,021127.jpg
2,021128.jpg
3,021129.jpg
5,021130.jpg
1,021131.jpg
6,021132.jpg
9,021133.jpg
8,021134.jpg
1,021135.jpg
6,021136.jpg
3,021137.jpg
0,021138.jpg
6,021139.jpg
0,021140.jpg
4,021141.jpg
2,021142.jpg
0,021143.jpg
8,021144.jpg
6,021145.jpg
1,021146.jpg
7,021147.jpg
9,021148.jpg
3,021149.jpg
5,021150.jpg
7,021151.jpg
8,021152.jpg
3,021153.jpg
0,021154.jpg
4,021155.jpg
6,021156.jpg
9,021157.jpg
8,021158.jpg
0,021159.jpg
9,021160.jpg
3,021161.jpg
2,021162.jpg
8,021163.jpg
7,021164.jpg
2,021165.jpg
2,021166.jpg
5,021167.jpg
6,021168.jpg
4,021169.jpg
0,021170.jpg
3,021171.jpg
3,021172.jpg
9,021173.jpg
8,021174.jpg
0,021175.jpg
8,021176.jpg
4,021177.jpg
2,021178.jpg
8,021179.jpg
8,021180.jpg
6,021181.jpg
0,021182.jpg
1,021183.jpg
9,021184.jpg
8,021185.jpg
3,021186.jpg
3,021187.jpg
0,021188.jpg
9,021189.jpg
3,021190.jpg
0,021191.jpg
1,021192.jpg
0,021193.jpg
2,021194.jpg
9,021195.jpg
3,021196.jpg
3,021197.jpg
9,021198.jpg
5,021199.jpg
5,021200.jpg
8,021201.jpg
9,021202.jpg
2,021203.jpg
0,021204.jpg
7,021205.jpg
3,021206.jpg
9,021207.jpg
7,021208.jpg
6,021209.jpg
1,021210.jpg
5,021211.jpg
3,021212.jpg
1,021213.jpg
4,021214.jpg
2,021215.jpg
0,021216.jpg
2,021217.jpg
1,021218.jpg
0,021219.jpg
4,021220.jpg
2,021221.jpg
9,021222.jpg
9,021223.jpg
2,021224.jpg
6,021225.jpg
7,021226.jpg
0,021227.jpg
4,021228.jpg
6,021229.jpg
7,021230.jpg
9,021231.jpg
3,021232.jpg
1,021233.jpg
5,021234.jpg
5,021235.jpg
7,021236.jpg
7,021237.jpg
1,021238.jpg
2,021239.jpg
5,021240.jpg
7,021241.jpg
4,021242.jpg
5,021243.jpg
0,021244.jpg
0,021245.jpg
7,021246.jpg
0,021247.jpg
6,021248.jpg
0,021249.jpg
4,021250.jpg
6,021251.jpg
8,021252.jpg
0,021253.jpg
9,021254.jpg
4,021255.jpg
7,021256.jpg
0,021257.jpg
5,021258.jpg
6,021259.jpg
1,021260.jpg
7,021261.jpg
3,021262.jpg
4,021263.jpg
1,021264.jpg
7,021265.jpg
3,021266.jpg
2,021267.jpg
6,021268.jpg
3,021269.jpg
5,021270.jpg
6,021271.jpg
0,021272.jpg
6,021273.jpg
9,021274.jpg
8,021275.jpg
5,021276.jpg
1,021277.jpg
2,021278.jpg
0,021279.jpg
0,021280.jpg
5,021281.jpg
2,021282.jpg
4,021283.jpg
7,021284.jpg
2,021285.jpg
0,021286.jpg
6,021287.jpg
8,021288.jpg
7,021289.jpg
3,021290.jpg
7,021291.jpg
5,021292.jpg
1,021293.jpg
7,021294.jpg
1,021295.jpg
8,021296.jpg
8,021297.jpg
3,021298.jpg
8,021299.jpg
6,021300.jpg
2,021301.jpg
4,021302.jpg
0,021303.jpg
7,021304.jpg
9,021305.jpg
0,021306.jpg
8,021307.jpg
1,021308.jpg
0,021309.jpg
0,021310.jpg
3,021311.jpg
0,021312.jpg
8,021313.jpg
9,021314.jpg
7,021315.jpg
9,021316.jpg
6,021317.jpg
9,021318.jpg
0,021319.jpg
7,021320.jpg
0,021321.jpg
3,021322.jpg
6,021323.jpg
2,021324.jpg
7,021325.jpg
6,021326.jpg
6,021327.jpg
6,021328.jpg
7,021329.jpg
5,021330.jpg
1,021331.jpg
4,021332.jpg
2,021333.jpg
6,021334.jpg
6,021335.jpg
7,021336.jpg
1,021337.jpg
0,021338.jpg
4,021339.jpg
4,021340.jpg
9,021341.jpg
9,021342.jpg
2,021343.jpg
7,021344.jpg
0,021345.jpg
9,021346.jpg
4,021347.jpg
9,021348.jpg
8,021349.jpg
9,021350.jpg
5,021351.jpg
0,021352.jpg
2,021353.jpg
6,021354.jpg
0,021355.jpg
3,021356.jpg
2,021357.jpg
2,021358.jpg
4,021359.jpg
7,021360.jpg
9,021361.jpg
5,021362.jpg
7,021363.jpg
6,021364.jpg
6,021365.jpg
0,021366.jpg
8,021367.jpg
1,021368.jpg
3,021369.jpg
8,021370.jpg
5,021371.jpg
8,021372.jpg
0,021373.jpg
5,021374.jpg
6,021375.jpg
5,021376.jpg
7,021377.jpg
3,021378.jpg
4,021379.jpg
5,021380.jpg
8,021381.jpg
2,021382.jpg
8,021383.jpg
9,021384.jpg
4,021385.jpg
3,021386.jpg
5,021387.jpg
6,021388.jpg
1,021389.jpg
2,021390.jpg
4,021391.jpg
7,021392.jpg
1,021393.jpg
5,021394.jpg
3,021395.jpg
5,021396.jpg
0,021397.jpg
9,021398.jpg
3,021399.jpg
9,021400.jpg
7,021401.jpg
9,021402.jpg
2,021403.jpg
6,021404.jpg
4,021405.jpg
1,021406.jpg
1,021407.jpg
8,021408.jpg
1,021409.jpg
2,021410.jpg
2,021411.jpg
1,021412.jpg
5,021413.jpg
3,021414.jpg
9,021415.jpg
1,021416.jpg
8,021417.jpg
4,021418.jpg
2,021419.jpg
1,021420.jpg
2,021421.jpg
9,021422.jpg
4,021423.jpg
8,021424.jpg
2,021425.jpg
8,021426.jpg
8,021427.jpg
2,021428.jpg
4,021429.jpg
6,021430.jpg
7,021431.jpg
2,021432.jpg
7,021433.jpg
5,021434.jpg
1,021435.jpg
4,021436.jpg
6,021437.jpg
5,021438.jpg
6,021439.jpg
9,021440.jpg
2,021441.jpg
9,021442.jpg
8,021443.jpg
2,021444.jpg
6,021445.jpg
0,021446.jpg
2,021447.jpg
1,021448.jpg
7,021449.jpg
8,021450.jpg
5,021451.jpg
3,021452.jpg
6,021453.jpg
6,021454.jpg
2,021455.jpg
6,021456.jpg
9,021457.jpg
3,021458.jpg
1,021459.jpg
6,021460.jpg
4,021461.jpg
6,021462.jpg
6,021463.jpg
2,021464.jpg
6,021465.jpg
9,021466.jpg
8,021467.jpg
3,021468.jpg
5,021469.jpg
3,021470.jpg
5,021471.jpg
6,021472.jpg
2,021473.jpg
7,021474.jpg
2,021475.jpg
1,021476.jpg
5,021477.jpg
8,021478.jpg
3,021479.jpg
1,021480.jpg
7,021481.jpg
9,021482.jpg
0,021483.jpg
8,021484.jpg
0,021485.jpg
3,021486.jpg
5,021487.jpg
6,021488.jpg
7,021489.jpg
0,021490.jpg
8,021491.jpg
8,021492.jpg
4,021493.jpg
2,021494.jpg
4,021495.jpg
6,021496.jpg
5,021497.jpg
2,021498.jpg
4,021499.jpg
8,021500.jpg
5,021501.jpg
2,021502.jpg
2,021503.jpg
5,021504.jpg
8,021505.jpg
9,021506.jpg
4,021507.jpg
5,021508.jpg
8,021509.jpg
9,021510.jpg
9,021511.jpg
8,021512.jpg
6,021513.jpg
0,021514.jpg
0,021515.jpg
2,021516.jpg
5,021517.jpg
7,021518.jpg
3,021519.jpg
4,021520.jpg
7,021521.jpg
5,021522.jpg
1,021523.jpg
2,021524.jpg
2,021525.jpg
5,021526.jpg
3,021527.jpg
9,021528.jpg
0,021529.jpg
7,021530.jpg
8,021531.jpg
3,021532.jpg
2,021533.jpg
3,021534.jpg
5,021535.jpg
1,021536.jpg
5,021537.jpg
1,021538.jpg
9,021539.jpg
4,021540.jpg
8,021541.jpg
9,021542.jpg
1,021543.jpg
5,021544.jpg
0,021545.jpg
6,021546.jpg
9,021547.jpg
2,021548.jpg
3,021549.jpg
0,021550.jpg
2,021551.jpg
7,021552.jpg
0,021553.jpg
1,021554.jpg
8,021555.jpg
5,021556.jpg
4,021557.jpg
9,021558.jpg
9,021559.jpg
3,021560.jpg
8,021561.jpg
4,021562.jpg
4,021563.jpg
5,021564.jpg
0,021565.jpg
3,021566.jpg
9,021567.jpg
7,021568.jpg
2,021569.jpg
2,021570.jpg
5,021571.jpg
9,021572.jpg
3,021573.jpg
8,021574.jpg
4,021575.jpg
8,021576.jpg
9,021577.jpg
0,021578.jpg
1,021579.jpg
8,021580.jpg
1,021581.jpg
6,021582.jpg
1,021583.jpg
5,021584.jpg
7,021585.jpg
2,021586.jpg
3,021587.jpg
7,021588.jpg
0,021589.jpg
7,021590.jpg
0,021591.jpg
2,021592.jpg
2,021593.jpg
7,021594.jpg
7,021595.jpg
9,021596.jpg
2,021597.jpg
9,021598.jpg
7,021599.jpg
8,021600.jpg
4,021601.jpg
0,021602.jpg
4,021603.jpg
9,021604.jpg
2,021605.jpg
7,021606.jpg
3,021607.jpg
9,021608.jpg
2,021609.jpg
8,021610.jpg
1,021611.jpg
7,021612.jpg
1,021613.jpg
4,021614.jpg
2,021615.jpg
4,021616.jpg
6,021617.jpg
4,021618.jpg
6,021619.jpg
0,021620.jpg
0,021621.jpg
4,021622.jpg
4,021623.jpg
1,021624.jpg
2,021625.jpg
3,021626.jpg
9,021627.jpg
2,021628.jpg
5,021629.jpg
2,021630.jpg
0,021631.jpg
9,021632.jpg
6,021633.jpg
0,021634.jpg
1,021635.jpg
0,021636.jpg
7,021637.jpg
8,021638.jpg
7,021639.jpg
4,021640.jpg
3,021641.jpg
0,021642.jpg
4,021643.jpg
1,021644.jpg
2,021645.jpg
3,021646.jpg
8,021647.jpg
1,021648.jpg
3,021649.jpg
9,021650.jpg
5,021651.jpg
9,021652.jpg
7,021653.jpg
4,021654.jpg
6,021655.jpg
4,021656.jpg
3,021657.jpg
7,021658.jpg
1,021659.jpg
7,021660.jpg
5,021661.jpg
4,021662.jpg
5,021663.jpg
5,021664.jpg
7,021665.jpg
7,021666.jpg
2,021667.jpg
0,021668.jpg
6,021669.jpg
3,021670.jpg
5,021671.jpg
0,021672.jpg
6,021673.jpg
7,021674.jpg
9,021675.jpg
6,021676.jpg
9,021677.jpg
1,021678.jpg
5,021679.jpg
2,021680.jpg
3,021681.jpg
6,021682.jpg
1,021683.jpg
4,021684.jpg
3,021685.jpg
2,021686.jpg
2,021687.jpg
0,021688.jpg
9,021689.jpg
9,021690.jpg
7,021691.jpg
8,021692.jpg
6,021693.jpg
5,021694.jpg
3,021695.jpg
8,021696.jpg
4,021697.jpg
8,021698.jpg
2,021699.jpg
0,021700.jpg
7,021701.jpg
5,021702.jpg
0,021703.jpg
7,021704.jpg
4,021705.jpg
9,021706.jpg
7,021707.jpg
4,021708.jpg
3,021709.jpg
5,021710.jpg
5,021711.jpg
6,021712.jpg
6,021713.jpg
0,021714.jpg
3,021715.jpg
8,021716.jpg
7,021717.jpg
7,021718.jpg
6,021719.jpg
2,021720.jpg
4,021721.jpg
8,021722.jpg
2,021723.jpg
4,021724.jpg
7,021725.jpg
1,021726.jpg
3,021727.jpg
1,021728.jpg
0,021729.jpg
6,021730.jpg
0,021731.jpg
6,021732.jpg
2,021733.jpg
4,021734.jpg
3,021735.jpg
2,021736.jpg
0,021737.jpg
9,021738.jpg
2,021739.jpg
9,021740.jpg
4,021741.jpg
8,021742.jpg
1,021743.jpg
2,021744.jpg
2,021745.jpg
6,021746.jpg
4,021747.jpg
0,021748.jpg
8,021749.jpg
0,021750.jpg
0,021751.jpg
2,021752.jpg
3,021753.jpg
4,021754.jpg
8,021755.jpg
7,021756.jpg
6,021757.jpg
7,021758.jpg
7,021759.jpg
8,021760.jpg
0,021761.jpg
0,021762.jpg
2,021763.jpg
7,021764.jpg
8,021765.jpg
7,021766.jpg
2,021767.jpg
6,021768.jpg
5,021769.jpg
5,021770.jpg
6,021771.jpg
5,021772.jpg
8,021773.jpg
4,021774.jpg
7,021775.jpg
9,021776.jpg
1,021777.jpg
7,021778.jpg
6,021779.jpg
1,021780.jpg
5,021781.jpg
3,021782.jpg
4,021783.jpg
4,021784.jpg
1,021785.jpg
7,021786.jpg
8,021787.jpg
1,021788.jpg
7,021789.jpg
9,021790.jpg
9,021791.jpg
3,021792.jpg
9,021793.jpg
7,021794.jpg
0,021795.jpg
5,021796.jpg
1,021797.jpg
2,021798.jpg
8,021799.jpg
2,021800.jpg
4,021801.jpg
2,021802.jpg
7,021803.jpg
2,021804.jpg
0,021805.jpg
7,021806.jpg
3,021807.jpg
7,021808.jpg
1,021809.jpg
2,021810.jpg
0,021811.jpg
6,021812.jpg
1,021813.jpg
2,021814.jpg
2,021815.jpg
5,021816.jpg
0,021817.jpg
6,021818.jpg
7,021819.jpg
6,021820.jpg
3,021821.jpg
6,021822.jpg
5,021823.jpg
5,021824.jpg
5,021825.jpg
0,021826.jpg
3,021827.jpg
7,021828.jpg
5,021829.jpg
4,021830.jpg
3,021831.jpg
4,021832.jpg
7,021833.jpg
8,021834.jpg
4,021835.jpg
2,021836.jpg
6,021837.jpg
3,021838.jpg
5,021839.jpg
5,021840.jpg
6,021841.jpg
0,021842.jpg
9,021843.jpg
0,021844.jpg
0,021845.jpg
8,021846.jpg
7,021847.jpg
8,021848.jpg
8,021849.jpg
2,021850.jpg
0,021851.jpg
1,021852.jpg
8,021853.jpg
9,021854.jpg
4,021855.jpg
6,021856.jpg
7,021857.jpg
9,021858.jpg
3,021859.jpg
2,021860.jpg
2,021861.jpg
0,021862.jpg
6,021863.jpg
2,021864.jpg
8,021865.jpg
9,021866.jpg
8,021867.jpg
6,021868.jpg
6,021869.jpg
7,021870.jpg
3,021871.jpg
1,021872.jpg
7,021873.jpg
5,021874.jpg
2,021875.jpg
5,021876.jpg
5,021877.jpg
4,021878.jpg
2,021879.jpg
2,021880.jpg
8,021881.jpg
1,021882.jpg
8,021883.jpg
4,021884.jpg
6,021885.jpg
3,021886.jpg
8,021887.jpg
0,021888.jpg
1,021889.jpg
0,021890.jpg
4,021891.jpg
8,021892.jpg
8,021893.jpg
9,021894.jpg
3,021895.jpg
0,021896.jpg
9,021897.jpg
2,021898.jpg
2,021899.jpg
7,021900.jpg
0,021901.jpg
4,021902.jpg
4,021903.jpg
0,021904.jpg
9,021905.jpg
1,021906.jpg
6,021907.jpg
5,021908.jpg
3,021909.jpg
5,021910.jpg
3,021911.jpg
5,021912.jpg
5,021913.jpg
5,021914.jpg
9,021915.jpg
0,021916.jpg
2,021917.jpg
9,021918.jpg
9,021919.jpg
3,021920.jpg
1,021921.jpg
8,021922.jpg
5,021923.jpg
2,021924.jpg
1,021925.jpg
6,021926.jpg
4,021927.jpg
3,021928.jpg
5,021929.jpg
7,021930.jpg
0,021931.jpg
7,021932.jpg
3,021933.jpg
8,021934.jpg
5,021935.jpg
7,021936.jpg
1,021937.jpg
1,021938.jpg
2,021939.jpg
2,021940.jpg
0,021941.jpg
1,021942.jpg
8,021943.jpg
3,021944.jpg
0,021945.jpg
5,021946.jpg
0,021947.jpg
6,021948.jpg
0,021949.jpg
6,021950.jpg
4,021951.jpg
4,021952.jpg
5,021953.jpg
1,021954.jpg
0,021955.jpg
3,021956.jpg
2,021957.jpg
4,021958.jpg
2,021959.jpg
3,021960.jpg
2,021961.jpg
9,021962.jpg
1,021963.jpg
7,021964.jpg
7,021965.jpg
7,021966.jpg
6,021967.jpg
3,021968.jpg
3,021969.jpg
4,021970.jpg
0,021971.jpg
5,021972.jpg
3,021973.jpg
7,021974.jpg
6,021975.jpg
3,021976.jpg
2,021977.jpg
7,021978.jpg
0,021979.jpg
0,021980.jpg
0,021981.jpg
8,021982.jpg
7,021983.jpg
5,021984.jpg
7,021985.jpg
7,021986.jpg
7,021987.jpg
1,021988.jpg
3,021989.jpg
8,021990.jpg
3,021991.jpg
4,021992.jpg
2,021993.jpg
2,021994.jpg
0,021995.jpg
1,021996.jpg
6,021997.jpg
4,021998.jpg
8,021999.jpg
3,022000.jpg
6,022001.jpg
4,022002.jpg
9,022003.jpg
7,022004.jpg
1,022005.jpg
5,022006.jpg
3,022007.jpg
5,022008.jpg
0,022009.jpg
4,022010.jpg
3,022011.jpg
4,022012.jpg
2,022013.jpg
6,022014.jpg
3,022015.jpg
5,022016.jpg
8,022017.jpg
0,022018.jpg
9,022019.jpg
5,022020.jpg
5,022021.jpg
8,022022.jpg
3,022023.jpg
2,022024.jpg
6,022025.jpg
0,022026.jpg
1,022027.jpg
8,022028.jpg
2,022029.jpg
7,022030.jpg
9,022031.jpg
9,022032.jpg
3,022033.jpg
4,022034.jpg
7,022035.jpg
1,022036.jpg
9,022037.jpg
5,022038.jpg
9,022039.jpg
5,022040.jpg
0,022041.jpg
2,022042.jpg
5,022043.jpg
7,022044.jpg
5,022045.jpg
2,022046.jpg
6,022047.jpg
2,022048.jpg
1,022049.jpg
8,022050.jpg
9,022051.jpg
9,022052.jpg
2,022053.jpg
2,022054.jpg
6,022055.jpg
2,022056.jpg
0,022057.jpg
9,022058.jpg
9,022059.jpg
9,022060.jpg
5,022061.jpg
0,022062.jpg
2,022063.jpg
7,022064.jpg
5,022065.jpg
8,022066.jpg
4,022067.jpg
0,022068.jpg
2,022069.jpg
8,022070.jpg
7,022071.jpg
3,022072.jpg
9,022073.jpg
8,022074.jpg
2,022075.jpg
8,022076.jpg
5,022077.jpg
4,022078.jpg
6,022079.jpg
8,022080.jpg
0,022081.jpg
3,022082.jpg
2,022083.jpg
2,022084.jpg
7,022085.jpg
0,022086.jpg
2,022087.jpg
3,022088.jpg
4,022089.jpg
2,022090.jpg
9,022091.jpg
9,022092.jpg
4,022093.jpg
3,022094.jpg
7,022095.jpg
0,022096.jpg
5,022097.jpg
5,022098.jpg
6,022099.jpg
8,022100.jpg
3,022101.jpg
0,022102.jpg
2,022103.jpg
8,022104.jpg
8,022105.jpg
0,022106.jpg
5,022107.jpg
6,022108.jpg
3,022109.jpg
1,022110.jpg
4,022111.jpg
3,022112.jpg
0,022113.jpg
1,022114.jpg
0,022115.jpg
6,022116.jpg
7,022117.jpg
6,022118.jpg
3,022119.jpg
5,022120.jpg
0,022121.jpg
4,022122.jpg
7,022123.jpg
1,022124.jpg
8,022125.jpg
3,022126.jpg
4,022127.jpg
3,022128.jpg
0,022129.jpg
6,022130.jpg
6,022131.jpg
1,022132.jpg
4,022133.jpg
4,022134.jpg
0,022135.jpg
1,022136.jpg
0,022137.jpg
5,022138.jpg
4,022139.jpg
3,022140.jpg
2,022141.jpg
1,022142.jpg
1,022143.jpg
9,022144.jpg
7,022145.jpg
9,022146.jpg
0,022147.jpg
4,022148.jpg
5,022149.jpg
1,022150.jpg
3,022151.jpg
9,022152.jpg
3,022153.jpg
7,022154.jpg
9,022155.jpg
7,022156.jpg
1,022157.jpg
7,022158.jpg
2,022159.jpg
2,022160.jpg
4,022161.jpg
5,022162.jpg
5,022163.jpg
0,022164.jpg
3,022165.jpg
5,022166.jpg
6,022167.jpg
5,022168.jpg
5,022169.jpg
5,022170.jpg
9,022171.jpg
0,022172.jpg
1,022173.jpg
7,022174.jpg
6,022175.jpg
9,022176.jpg
1,022177.jpg
6,022178.jpg
9,022179.jpg
4,022180.jpg
2,022181.jpg
0,022182.jpg
1,022183.jpg
0,022184.jpg
2,022185.jpg
5,022186.jpg
3,022187.jpg
5,022188.jpg
7,022189.jpg
2,022190.jpg
1,022191.jpg
9,022192.jpg
0,022193.jpg
1,022194.jpg
5,022195.jpg
8,022196.jpg
1,022197.jpg
2,022198.jpg
5,022199.jpg
0,022200.jpg
9,022201.jpg
6,022202.jpg
5,022203.jpg
7,022204.jpg
1,022205.jpg
9,022206.jpg
9,022207.jpg
6,022208.jpg
4,022209.jpg
8,022210.jpg
3,022211.jpg
6,022212.jpg
9,022213.jpg
9,022214.jpg
0,022215.jpg
0,022216.jpg
8,022217.jpg
0,022218.jpg
4,022219.jpg
4,022220.jpg
2,022221.jpg
9,022222.jpg
4,022223.jpg
2,022224.jpg
7,022225.jpg
1,022226.jpg
0,022227.jpg
0,022228.jpg
4,022229.jpg
1,022230.jpg
7,022231.jpg
5,022232.jpg
4,022233.jpg
5,022234.jpg
7,022235.jpg
4,022236.jpg
0,022237.jpg
5,022238.jpg
1,022239.jpg
6,022240.jpg
7,022241.jpg
6,022242.jpg
4,022243.jpg
3,022244.jpg
6,022245.jpg
9,022246.jpg
2,022247.jpg
1,022248.jpg
9,022249.jpg
4,022250.jpg
5,022251.jpg
5,022252.jpg
9,022253.jpg
4,022254.jpg
5,022255.jpg
5,022256.jpg
7,022257.jpg
7,022258.jpg
6,022259.jpg
9,022260.jpg
9,022261.jpg
2,022262.jpg
1,022263.jpg
0,022264.jpg
9,022265.jpg
8,022266.jpg
4,022267.jpg
5,022268.jpg
7,022269.jpg
9,022270.jpg
8,022271.jpg
3,022272.jpg
6,022273.jpg
2,022274.jpg
4,022275.jpg
6,022276.jpg
5,022277.jpg
3,022278.jpg
8,022279.jpg
7,022280.jpg
9,022281.jpg
3,022282.jpg
0,022283.jpg
1,022284.jpg
4,022285.jpg
3,022286.jpg
9,022287.jpg
3,022288.jpg
3,022289.jpg
8,022290.jpg
4,022291.jpg
6,022292.jpg
5,022293.jpg
3,022294.jpg
3,022295.jpg
3,022296.jpg
6,022297.jpg
6,022298.jpg
5,022299.jpg
1,022300.jpg
3,022301.jpg
8,022302.jpg
3,022303.jpg
2,022304.jpg
9,022305.jpg
4,022306.jpg
5,022307.jpg
4,022308.jpg
0,022309.jpg
5,022310.jpg
1,022311.jpg
2,022312.jpg
1,022313.jpg
5,022314.jpg
3,022315.jpg
3,022316.jpg
4,022317.jpg
3,022318.jpg
9,022319.jpg
5,022320.jpg
2,022321.jpg
3,022322.jpg
3,022323.jpg
1,022324.jpg
0,022325.jpg
5,022326.jpg
6,022327.jpg
2,022328.jpg
0,022329.jpg
0,022330.jpg
9,022331.jpg
1,022332.jpg
0,022333.jpg
2,022334.jpg
2,022335.jpg
0,022336.jpg
4,022337.jpg
3,022338.jpg
5,022339.jpg
4,022340.jpg
7,022341.jpg
8,022342.jpg
7,022343.jpg
9,022344.jpg
8,022345.jpg
5,022346.jpg
3,022347.jpg
9,022348.jpg
4,022349.jpg
5,022350.jpg
7,022351.jpg
8,022352.jpg
6,022353.jpg
2,022354.jpg
2,022355.jpg
5,022356.jpg
6,022357.jpg
1,022358.jpg
4,022359.jpg
8,022360.jpg
1,022361.jpg
3,022362.jpg
5,022363.jpg
7,022364.jpg
8,022365.jpg
0,022366.jpg
9,022367.jpg
9,022368.jpg
8,022369.jpg
9,022370.jpg
0,022371.jpg
7,022372.jpg
1,022373.jpg
2,022374.jpg
2,022375.jpg
1,022376.jpg
5,022377.jpg
3,022378.jpg
8,022379.jpg
9,022380.jpg
3,022381.jpg
7,022382.jpg
3,022383.jpg
4,022384.jpg
1,022385.jpg
9,022386.jpg
4,022387.jpg
6,022388.jpg
8,022389.jpg
7,022390.jpg
3,022391.jpg
2,022392.jpg
6,022393.jpg
7,022394.jpg
8,022395.jpg
1,022396.jpg
4,022397.jpg
6,022398.jpg
4,022399.jpg
0,022400.jpg
8,022401.jpg
0,022402.jpg
1,022403.jpg
5,022404.jpg
6,022405.jpg
1,022406.jpg
2,022407.jpg
5,022408.jpg
5,022409.jpg
6,022410.jpg
6,022411.jpg
9,022412.jpg
7,022413.jpg
4,022414.jpg
4,022415.jpg
3,022416.jpg
0,022417.jpg
1,022418.jpg
4,022419.jpg
7,022420.jpg
5,022421.jpg
8,022422.jpg
2,022423.jpg
4,022424.jpg
9,022425.jpg
7,022426.jpg
3,022427.jpg
9,022428.jpg
1,022429.jpg
0,022430.jpg
4,022431.jpg
7,022432.jpg
4,022433.jpg
3,022434.jpg
9,022435.jpg
9,022436.jpg
0,022437.jpg
1,022438.jpg
1,022439.jpg
6,022440.jpg
8,022441.jpg
0,022442.jpg
2,022443.jpg
2,022444.jpg
5,022445.jpg
8,022446.jpg
8,022447.jpg
0,022448.jpg
1,022449.jpg
3,022450.jpg
8,022451.jpg
1,022452.jpg
1,022453.jpg
1,022454.jpg
6,022455.jpg
4,022456.jpg
3,022457.jpg
6,022458.jpg
7,022459.jpg
4,022460.jpg
3,022461.jpg
0,022462.jpg
7,022463.jpg
4,022464.jpg
2,022465.jpg
4,022466.jpg
2,022467.jpg
3,022468.jpg
5,022469.jpg
5,022470.jpg
7,022471.jpg
3,022472.jpg
0,022473.jpg
4,022474.jpg
2,022475.jpg
6,022476.jpg
9,022477.jpg
4,022478.jpg
9,022479.jpg
9,022480.jpg
1,022481.jpg
2,022482.jpg
0,022483.jpg
9,022484.jpg
5,022485.jpg
3,022486.jpg
4,022487.jpg
0,022488.jpg
2,022489.jpg
7,022490.jpg
7,022491.jpg
7,022492.jpg
1,022493.jpg
3,022494.jpg
4,022495.jpg
3,022496.jpg
4,022497.jpg
5,022498.jpg
2,022499.jpg
0,022500.jpg
7,022501.jpg
8,022502.jpg
9,022503.jpg
5,022504.jpg
0,022505.jpg
0,022506.jpg
3,022507.jpg
6,022508.jpg
5,022509.jpg
9,022510.jpg
6,022511.jpg
8,022512.jpg
1,022513.jpg
2,022514.jpg
4,022515.jpg
0,022516.jpg
1,022517.jpg
6,022518.jpg
5,022519.jpg
3,022520.jpg
4,022521.jpg
7,022522.jpg
0,022523.jpg
6,022524.jpg
7,022525.jpg
7,022526.jpg
0,022527.jpg
8,022528.jpg
5,022529.jpg
3,022530.jpg
5,022531.jpg
6,022532.jpg
8,022533.jpg
0,022534.jpg
8,022535.jpg
4,022536.jpg
7,022537.jpg
6,022538.jpg
6,022539.jpg
4,022540.jpg
7,022541.jpg
4,022542.jpg
7,022543.jpg
8,022544.jpg
2,022545.jpg
5,022546.jpg
8,022547.jpg
3,022548.jpg
5,022549.jpg
6,022550.jpg
2,022551.jpg
0,022552.jpg
2,022553.jpg
1,022554.jpg
7,022555.jpg
4,022556.jpg
1,022557.jpg
3,022558.jpg
4,022559.jpg
4,022560.jpg
7,022561.jpg
4,022562.jpg
7,022563.jpg
0,022564.jpg
0,022565.jpg
7,022566.jpg
5,022567.jpg
2,022568.jpg
6,022569.jpg
8,022570.jpg
2,022571.jpg
2,022572.jpg
9,022573.jpg
8,022574.jpg
5,022575.jpg
0,022576.jpg
2,022577.jpg
0,022578.jpg
0,022579.jpg
6,022580.jpg
8,022581.jpg
6,022582.jpg
0,022583.jpg
5,022584.jpg
6,022585.jpg
6,022586.jpg
1,022587.jpg
3,022588.jpg
1,022589.jpg
0,022590.jpg
5,022591.jpg
5,022592.jpg
2,022593.jpg
7,022594.jpg
5,022595.jpg
3,022596.jpg
3,022597.jpg
8,022598.jpg
6,022599.jpg
0,022600.jpg
1,022601.jpg
5,022602.jpg
8,022603.jpg
8,022604.jpg
0,022605.jpg
3,022606.jpg
4,022607.jpg
7,022608.jpg
0,022609.jpg
7,022610.jpg
7,022611.jpg
5,022612.jpg
5,022613.jpg
7,022614.jpg
7,022615.jpg
8,022616.jpg
0,022617.jpg
3,022618.jpg
7,022619.jpg
1,022620.jpg
6,022621.jpg
2,022622.jpg
1,022623.jpg
0,022624.jpg
0,022625.jpg
5,022626.jpg
6,022627.jpg
3,022628.jpg
7,022629.jpg
3,022630.jpg
0,022631.jpg
6,022632.jpg
8,022633.jpg
1,022634.jpg
7,022635.jpg
5,022636.jpg
9,022637.jpg
3,022638.jpg
1,022639.jpg
0,022640.jpg
2,022641.jpg
7,022642.jpg
0,022643.jpg
7,022644.jpg
2,022645.jpg
2,022646.jpg
1,022647.jpg
1,022648.jpg
5,022649.jpg
6,022650.jpg
1,022651.jpg
3,022652.jpg
9,022653.jpg
5,022654.jpg
6,022655.jpg
4,022656.jpg
5,022657.jpg
3,022658.jpg
1,022659.jpg
1,022660.jpg
4,022661.jpg
0,022662.jpg
6,022663.jpg
4,022664.jpg
6,022665.jpg
0,022666.jpg
1,022667.jpg
2,022668.jpg
8,022669.jpg
2,022670.jpg
9,022671.jpg
7,022672.jpg
5,022673.jpg
9,022674.jpg
7,022675.jpg
1,022676.jpg
9,022677.jpg
2,022678.jpg
1,022679.jpg
7,022680.jpg
4,022681.jpg
7,022682.jpg
7,022683.jpg
8,022684.jpg
0,022685.jpg
1,022686.jpg
7,022687.jpg
7,022688.jpg
4,022689.jpg
2,022690.jpg
2,022691.jpg
3,022692.jpg
2,022693.jpg
0,022694.jpg
9,022695.jpg
5,022696.jpg
2,022697.jpg
1,022698.jpg
6,022699.jpg
5,022700.jpg
0,022701.jpg
9,022702.jpg
8,022703.jpg
2,022704.jpg
8,022705.jpg
8,022706.jpg
8,022707.jpg
8,022708.jpg
0,022709.jpg
5,022710.jpg
7,022711.jpg
0,022712.jpg
7,022713.jpg
9,022714.jpg
4,022715.jpg
9,022716.jpg
2,022717.jpg
0,022718.jpg
4,022719.jpg
6,022720.jpg
6,022721.jpg
5,022722.jpg
2,022723.jpg
1,022724.jpg
1,022725.jpg
3,022726.jpg
7,022727.jpg
8,022728.jpg
9,022729.jpg
3,022730.jpg
5,022731.jpg
0,022732.jpg
9,022733.jpg
5,022734.jpg
8,022735.jpg
0,022736.jpg
9,022737.jpg
8,022738.jpg
5,022739.jpg
6,022740.jpg
3,022741.jpg
3,022742.jpg
7,022743.jpg
0,022744.jpg
9,022745.jpg
4,022746.jpg
9,022747.jpg
4,022748.jpg
7,022749.jpg
0,022750.jpg
0,022751.jpg
1,022752.jpg
0,022753.jpg
2,022754.jpg
9,022755.jpg
2,022756.jpg
9,022757.jpg
3,022758.jpg
9,022759.jpg
2,022760.jpg
6,022761.jpg
0,022762.jpg
4,022763.jpg
6,022764.jpg
9,022765.jpg
6,022766.jpg
4,022767.jpg
4,022768.jpg
4,022769.jpg
1,022770.jpg
7,022771.jpg
0,022772.jpg
4,022773.jpg
1,022774.jpg
1,022775.jpg
6,022776.jpg
3,022777.jpg
0,022778.jpg
3,022779.jpg
6,022780.jpg
0,022781.jpg
9,022782.jpg
3,022783.jpg
1,022784.jpg
5,022785.jpg
5,022786.jpg
7,022787.jpg
5,022788.jpg
2,022789.jpg
6,022790.jpg
9,022791.jpg
3,022792.jpg
6,022793.jpg
5,022794.jpg
1,022795.jpg
0,022796.jpg
3,022797.jpg
2,022798.jpg
4,022799.jpg
4,022800.jpg
2,022801.jpg
1,022802.jpg
7,022803.jpg
6,022804.jpg
0,022805.jpg
7,022806.jpg
6,022807.jpg
3,022808.jpg
3,022809.jpg
8,022810.jpg
5,022811.jpg
8,022812.jpg
2,022813.jpg
8,022814.jpg
5,022815.jpg
9,022816.jpg
2,022817.jpg
4,022818.jpg
6,022819.jpg
1,022820.jpg
2,022821.jpg
2,022822.jpg
8,022823.jpg
7,022824.jpg
3,022825.jpg
1,022826.jpg
3,022827.jpg
0,022828.jpg
3,022829.jpg
4,022830.jpg
3,022831.jpg
7,022832.jpg
7,022833.jpg
2,022834.jpg
9,022835.jpg
8,022836.jpg
3,022837.jpg
9,022838.jpg
8,022839.jpg
7,022840.jpg
4,022841.jpg
7,022842.jpg
7,022843.jpg
5,022844.jpg
7,022845.jpg
3,022846.jpg
2,022847.jpg
7,022848.jpg
9,022849.jpg
6,022850.jpg
1,022851.jpg
2,022852.jpg
5,022853.jpg
6,022854.jpg
6,022855.jpg
7,022856.jpg
4,022857.jpg
7,022858.jpg
9,022859.jpg
9,022860.jpg
2,022861.jpg
1,022862.jpg
7,022863.jpg
2,022864.jpg
1,022865.jpg
5,022866.jpg
9,022867.jpg
5,022868.jpg
1,022869.jpg
3,022870.jpg
3,022871.jpg
3,022872.jpg
0,022873.jpg
7,022874.jpg
2,022875.jpg
4,022876.jpg
4,022877.jpg
0,022878.jpg
4,022879.jpg
7,022880.jpg
9,022881.jpg
7,022882.jpg
7,022883.jpg
5,022884.jpg
4,022885.jpg
0,022886.jpg
2,022887.jpg
4,022888.jpg
9,022889.jpg
7,022890.jpg
7,022891.jpg
0,022892.jpg
9,022893.jpg
1,022894.jpg
2,022895.jpg
7,022896.jpg
5,022897.jpg
8,022898.jpg
3,022899.jpg
7,022900.jpg
4,022901.jpg
1,022902.jpg
9,022903.jpg
6,022904.jpg
8,022905.jpg
7,022906.jpg
6,022907.jpg
1,022908.jpg
1,022909.jpg
6,022910.jpg
7,022911.jpg
7,022912.jpg
2,022913.jpg
1,022914.jpg
8,022915.jpg
6,022916.jpg
4,022917.jpg
9,022918.jpg
5,022919.jpg
6,022920.jpg
8,022921.jpg
8,022922.jpg
6,022923.jpg
1,022924.jpg
3,022925.jpg
1,022926.jpg
7,022927.jpg
6,022928.jpg
4,022929.jpg
1,022930.jpg
6,022931.jpg
6,022932.jpg
7,022933.jpg
2,022934.jpg
1,022935.jpg
5,022936.jpg
9,022937.jpg
3,022938.jpg
5,022939.jpg
5,022940.jpg
8,022941.jpg
9,022942.jpg
0,022943.jpg
4,022944.jpg
6,022945.jpg
6,022946.jpg
5,022947.jpg
5,022948.jpg
4,022949.jpg
8,022950.jpg
0,022951.jpg
1,022952.jpg
3,022953.jpg
1,022954.jpg
2,022955.jpg
0,022956.jpg
5,022957.jpg
0,022958.jpg
9,022959.jpg
6,022960.jpg
2,022961.jpg
6,022962.jpg
6,022963.jpg
3,022964.jpg
2,022965.jpg
1,022966.jpg
2,022967.jpg
1,022968.jpg
2,022969.jpg
5,022970.jpg
0,022971.jpg
9,022972.jpg
1,022973.jpg
2,022974.jpg
3,022975.jpg
6,022976.jpg
7,022977.jpg
6,022978.jpg
0,022979.jpg
1,022980.jpg
6,022981.jpg
7,022982.jpg
4,022983.jpg
3,022984.jpg
6,022985.jpg
6,022986.jpg
3,022987.jpg
9,022988.jpg
2,022989.jpg
2,022990.jpg
0,022991.jpg
8,022992.jpg
5,022993.jpg
8,022994.jpg
6,022995.jpg
8,022996.jpg
6,022997.jpg
4,022998.jpg
5,022999.jpg
4,023000.jpg
9,023001.jpg
6,023002.jpg
6,023003.jpg
1,023004.jpg
2,023005.jpg
6,023006.jpg
7,023007.jpg
7,023008.jpg
4,023009.jpg
2,023010.jpg
0,023011.jpg
8,023012.jpg
8,023013.jpg
7,023014.jpg
7,023015.jpg
5,023016.jpg
9,023017.jpg
8,023018.jpg
9,023019.jpg
0,023020.jpg
9,023021.jpg
8,023022.jpg
2,023023.jpg
8,023024.jpg
0,023025.jpg
5,023026.jpg
5,023027.jpg
1,023028.jpg
5,023029.jpg
7,023030.jpg
9,023031.jpg
9,023032.jpg
7,023033.jpg
3,023034.jpg
8,023035.jpg
8,023036.jpg
3,023037.jpg
5,023038.jpg
7,023039.jpg
9,023040.jpg
2,023041.jpg
8,023042.jpg
5,023043.jpg
4,023044.jpg
0,023045.jpg
4,023046.jpg
6,023047.jpg
3,023048.jpg
0,023049.jpg
7,023050.jpg
3,023051.jpg
2,023052.jpg
6,023053.jpg
0,023054.jpg
5,023055.jpg
9,023056.jpg
9,023057.jpg
0,023058.jpg
6,023059.jpg
6,023060.jpg
0,023061.jpg
1,023062.jpg
7,023063.jpg
7,023064.jpg
9,023065.jpg
0,023066.jpg
0,023067.jpg
1,023068.jpg
6,023069.jpg
8,023070.jpg
5,023071.jpg
2,023072.jpg
1,023073.jpg
4,023074.jpg
8,023075.jpg
9,023076.jpg
6,023077.jpg
6,023078.jpg
6,023079.jpg
1,023080.jpg
5,023081.jpg
8,023082.jpg
9,023083.jpg
1,023084.jpg
6,023085.jpg
8,023086.jpg
5,023087.jpg
0,023088.jpg
5,023089.jpg
6,023090.jpg
9,023091.jpg
1,023092.jpg
7,023093.jpg
8,023094.jpg
4,023095.jpg
0,023096.jpg
3,023097.jpg
4,023098.jpg
5,023099.jpg
2,023100.jpg
7,023101.jpg
6,023102.jpg
4,023103.jpg
7,023104.jpg
4,023105.jpg
8,023106.jpg
0,023107.jpg
3,023108.jpg
3,023109.jpg
5,023110.jpg
7,023111.jpg
0,023112.jpg
7,023113.jpg
3,023114.jpg
3,023115.jpg
3,023116.jpg
0,023117.jpg
5,023118.jpg
3,023119.jpg
4,023120.jpg
9,023121.jpg
8,023122.jpg
7,023123.jpg
5,023124.jpg
0,023125.jpg
7,023126.jpg
1,023127.jpg
5,023128.jpg
6,023129.jpg
7,023130.jpg
5,023131.jpg
7,023132.jpg
2,023133.jpg
1,023134.jpg
5,023135.jpg
6,023136.jpg
8,023137.jpg
7,023138.jpg
7,023139.jpg
6,023140.jpg
2,023141.jpg
8,023142.jpg
1,023143.jpg
5,023144.jpg
7,023145.jpg
3,023146.jpg
1,023147.jpg
5,023148.jpg
4,023149.jpg
6,023150.jpg
1,023151.jpg
6,023152.jpg
7,023153.jpg
1,023154.jpg
0,023155.jpg
8,023156.jpg
4,023157.jpg
6,023158.jpg
3,023159.jpg
2,023160.jpg
8,023161.jpg
8,023162.jpg
3,023163.jpg
1,023164.jpg
6,023165.jpg
5,023166.jpg
0,023167.jpg
9,023168.jpg
2,023169.jpg
0,023170.jpg
6,023171.jpg
7,023172.jpg
8,023173.jpg
3,023174.jpg
1,023175.jpg
5,023176.jpg
6,023177.jpg
8,023178.jpg
4,023179.jpg
9,023180.jpg
2,023181.jpg
2,023182.jpg
2,023183.jpg
0,023184.jpg
5,023185.jpg
4,023186.jpg
4,023187.jpg
0,023188.jpg
3,023189.jpg
7,023190.jpg
2,023191.jpg
5,023192.jpg
3,023193.jpg
1,023194.jpg
4,023195.jpg
2,023196.jpg
0,023197.jpg
5,023198.jpg
2,023199.jpg
3,023200.jpg
2,023201.jpg
0,023202.jpg
5,023203.jpg
0,023204.jpg
7,023205.jpg
3,023206.jpg
2,023207.jpg
8,023208.jpg
3,023209.jpg
7,023210.jpg
6,023211.jpg
7,023212.jpg
4,023213.jpg
0,023214.jpg
2,023215.jpg
3,023216.jpg
1,023217.jpg
7,023218.jpg
3,023219.jpg
4,023220.jpg
4,023221.jpg
9,023222.jpg
0,023223.jpg
0,023224.jpg
4,023225.jpg
3,023226.jpg
1,023227.jpg
2,023228.jpg
0,023229.jpg
9,023230.jpg
4,023231.jpg
0,023232.jpg
0,023233.jpg
5,023234.jpg
4,023235.jpg
9,023236.jpg
0,023237.jpg
8,023238.jpg
5,023239.jpg
2,023240.jpg
6,023241.jpg
3,023242.jpg
3,023243.jpg
8,023244.jpg
3,023245.jpg
6,023246.jpg
8,023247.jpg
9,023248.jpg
2,023249.jpg
8,023250.jpg
4,023251.jpg
5,023252.jpg
2,023253.jpg
0,023254.jpg
9,023255.jpg
0,023256.jpg
8,023257.jpg
3,023258.jpg
0,023259.jpg
2,023260.jpg
7,023261.jpg
0,023262.jpg
1,023263.jpg
1,023264.jpg
4,023265.jpg
8,023266.jpg
2,023267.jpg
3,023268.jpg
5,023269.jpg
1,023270.jpg
1,023271.jpg
3,023272.jpg
8,023273.jpg
8,023274.jpg
2,023275.jpg
0,023276.jpg
4,023277.jpg
1,023278.jpg
0,023279.jpg
5,023280.jpg
7,023281.jpg
6,023282.jpg
3,023283.jpg
3,023284.jpg
1,023285.jpg
2,023286.jpg
1,023287.jpg
5,023288.jpg
4,023289.jpg
0,023290.jpg
1,023291.jpg
6,023292.jpg
5,023293.jpg
6,023294.jpg
8,023295.jpg
3,023296.jpg
1,023297.jpg
6,023298.jpg
0,023299.jpg
9,023300.jpg
5,023301.jpg
1,023302.jpg
0,023303.jpg
4,023304.jpg
9,023305.jpg
1,023306.jpg
6,023307.jpg
0,023308.jpg
7,023309.jpg
6,023310.jpg
3,023311.jpg
2,023312.jpg
8,023313.jpg
0,023314.jpg
8,023315.jpg
1,023316.jpg
1,023317.jpg
2,023318.jpg
3,023319.jpg
6,023320.jpg
9,023321.jpg
6,023322.jpg
5,023323.jpg
5,023324.jpg
7,023325.jpg
4,023326.jpg
8,023327.jpg
5,023328.jpg
4,023329.jpg
4,023330.jpg
0,023331.jpg
0,023332.jpg
5,023333.jpg
4,023334.jpg
7,023335.jpg
1,023336.jpg
2,023337.jpg
3,023338.jpg
4,023339.jpg
7,023340.jpg
6,023341.jpg
1,023342.jpg
9,023343.jpg
4,023344.jpg
8,023345.jpg
8,023346.jpg
9,023347.jpg
8,023348.jpg
5,023349.jpg
5,023350.jpg
5,023351.jpg
4,023352.jpg
8,023353.jpg
5,023354.jpg
1,023355.jpg
4,023356.jpg
3,023357.jpg
8,023358.jpg
6,023359.jpg
7,023360.jpg
6,023361.jpg
7,023362.jpg
2,023363.jpg
1,023364.jpg
2,023365.jpg
5,023366.jpg
3,023367.jpg
4,023368.jpg
1,023369.jpg
3,023370.jpg
6,023371.jpg
1,023372.jpg
5,023373.jpg
3,023374.jpg
5,023375.jpg
8,023376.jpg
0,023377.jpg
1,023378.jpg
6,023379.jpg
3,023380.jpg
8,023381.jpg
1,023382.jpg
5,023383.jpg
5,023384.jpg
1,023385.jpg
8,023386.jpg
1,023387.jpg
0,023388.jpg
9,023389.jpg
8,023390.jpg
3,023391.jpg
8,023392.jpg
9,023393.jpg
6,023394.jpg
3,023395.jpg
2,023396.jpg
6,023397.jpg
6,023398.jpg
8,023399.jpg
6,023400.jpg
4,023401.jpg
5,023402.jpg
1,023403.jpg
7,023404.jpg
4,023405.jpg
3,023406.jpg
5,023407.jpg
7,023408.jpg
9,023409.jpg
2,023410.jpg
4,023411.jpg
4,023412.jpg
4,023413.jpg
2,023414.jpg
8,023415.jpg
3,023416.jpg
4,023417.jpg
7,023418.jpg
9,023419.jpg
6,023420.jpg
8,023421.jpg
4,023422.jpg
2,023423.jpg
9,023424.jpg
8,023425.jpg
0,023426.jpg
1,023427.jpg
9,023428.jpg
8,023429.jpg
2,023430.jpg
0,023431.jpg
9,023432.jpg
9,023433.jpg
9,023434.jpg
8,023435.jpg
4,023436.jpg
4,023437.jpg
2,023438.jpg
3,023439.jpg
1,023440.jpg
9,023441.jpg
1,023442.jpg
7,023443.jpg
2,023444.jpg
3,023445.jpg
6,023446.jpg
8,023447.jpg
7,023448.jpg
6,023449.jpg
3,023450.jpg
5,023451.jpg
0,023452.jpg
2,023453.jpg
0,023454.jpg
4,023455.jpg
7,023456.jpg
4,023457.jpg
3,023458.jpg
6,023459.jpg
9,023460.jpg
1,023461.jpg
7,023462.jpg
1,023463.jpg
6,023464.jpg
6,023465.jpg
7,023466.jpg
9,023467.jpg
4,023468.jpg
3,023469.jpg
3,023470.jpg
0,023471.jpg
0,023472.jpg
8,023473.jpg
5,023474.jpg
8,023475.jpg
0,023476.jpg
3,023477.jpg
2,023478.jpg
1,023479.jpg
8,023480.jpg
8,023481.jpg
4,023482.jpg
8,023483.jpg
6,023484.jpg
8,023485.jpg
0,023486.jpg
3,023487.jpg
4,023488.jpg
5,023489.jpg
8,023490.jpg
2,023491.jpg
7,023492.jpg
4,023493.jpg
8,023494.jpg
6,023495.jpg
8,023496.jpg
0,023497.jpg
1,023498.jpg
7,023499.jpg
4,023500.jpg
8,023501.jpg
4,023502.jpg
6,023503.jpg
0,023504.jpg
4,023505.jpg
2,023506.jpg
7,023507.jpg
1,023508.jpg
4,023509.jpg
1,023510.jpg
9,023511.jpg
4,023512.jpg
3,023513.jpg
1,023514.jpg
2,023515.jpg
0,023516.jpg
6,023517.jpg
7,023518.jpg
5,023519.jpg
3,023520.jpg
4,023521.jpg
9,023522.jpg
5,023523.jpg
1,023524.jpg
6,023525.jpg
6,023526.jpg
4,023527.jpg
8,023528.jpg
2,023529.jpg
6,023530.jpg
1,023531.jpg
5,023532.jpg
4,023533.jpg
1,023534.jpg
7,023535.jpg
9,023536.jpg
1,023537.jpg
3,023538.jpg
0,023539.jpg
7,023540.jpg
1,023541.jpg
9,023542.jpg
1,023543.jpg
3,023544.jpg
3,023545.jpg
5,023546.jpg
0,023547.jpg
2,023548.jpg
8,023549.jpg
7,023550.jpg
0,023551.jpg
7,023552.jpg
2,023553.jpg
2,023554.jpg
2,023555.jpg
6,023556.jpg
4,023557.jpg
4,023558.jpg
3,023559.jpg
3,023560.jpg
7,023561.jpg
8,023562.jpg
7,023563.jpg
3,023564.jpg
9,023565.jpg
3,023566.jpg
8,023567.jpg
3,023568.jpg
3,023569.jpg
9,023570.jpg
7,023571.jpg
7,023572.jpg
6,023573.jpg
6,023574.jpg
1,023575.jpg
0,023576.jpg
9,023577.jpg
6,023578.jpg
6,023579.jpg
0,023580.jpg
3,023581.jpg
7,023582.jpg
0,023583.jpg
9,023584.jpg
8,023585.jpg
3,023586.jpg
4,023587.jpg
3,023588.jpg
2,023589.jpg
9,023590.jpg
1,023591.jpg
0,023592.jpg
9,023593.jpg
2,023594.jpg
8,023595.jpg
2,023596.jpg
2,023597.jpg
5,023598.jpg
5,023599.jpg
7,023600.jpg
3,023601.jpg
7,023602.jpg
6,023603.jpg
4,023604.jpg
9,023605.jpg
5,023606.jpg
3,023607.jpg
0,023608.jpg
7,023609.jpg
6,023610.jpg
0,023611.jpg
4,023612.jpg
8,023613.jpg
2,023614.jpg
1,023615.jpg
7,023616.jpg
2,023617.jpg
3,023618.jpg
5,023619.jpg
6,023620.jpg
7,023621.jpg
7,023622.jpg
8,023623.jpg
9,023624.jpg
0,023625.jpg
2,023626.jpg
1,023627.jpg
3,023628.jpg
1,023629.jpg
2,023630.jpg
3,023631.jpg
7,023632.jpg
7,023633.jpg
9,023634.jpg
3,023635.jpg
4,023636.jpg
2,023637.jpg
0,023638.jpg
2,023639.jpg
9,023640.jpg
9,023641.jpg
3,023642.jpg
3,023643.jpg
4,023644.jpg
1,023645.jpg
5,023646.jpg
3,023647.jpg
5,023648.jpg
4,023649.jpg
8,023650.jpg
3,023651.jpg
2,023652.jpg
5,023653.jpg
8,023654.jpg
0,023655.jpg
2,023656.jpg
2,023657.jpg
9,023658.jpg
8,023659.jpg
0,023660.jpg
9,023661.jpg
3,023662.jpg
2,023663.jpg
6,023664.jpg
6,023665.jpg
5,023666.jpg
2,023667.jpg
3,023668.jpg
9,023669.jpg
7,023670.jpg
6,023671.jpg
3,023672.jpg
3,023673.jpg
2,023674.jpg
5,023675.jpg
1,023676.jpg
2,023677.jpg
3,023678.jpg
1,023679.jpg
8,023680.jpg
6,023681.jpg
0,023682.jpg
8,023683.jpg
8,023684.jpg
1,023685.jpg
5,023686.jpg
6,023687.jpg
6,023688.jpg
8,023689.jpg
4,023690.jpg
2,023691.jpg
4,023692.jpg
0,023693.jpg
2,023694.jpg
4,023695.jpg
5,023696.jpg
3,023697.jpg
4,023698.jpg
1,023699.jpg
0,023700.jpg
7,023701.jpg
4,023702.jpg
1,023703.jpg
3,023704.jpg
2,023705.jpg
7,023706.jpg
7,023707.jpg
3,023708.jpg
7,023709.jpg
1,023710.jpg
8,023711.jpg
2,023712.jpg
3,023713.jpg
9,023714.jpg
0,023715.jpg
2,023716.jpg
1,023717.jpg
7,023718.jpg
2,023719.jpg
0,023720.jpg
4,023721.jpg
4,023722.jpg
8,023723.jpg
9,023724.jpg
6,023725.jpg
5,023726.jpg
8,023727.jpg
3,023728.jpg
9,023729.jpg
8,023730.jpg
0,023731.jpg
1,023732.jpg
7,023733.jpg
7,023734.jpg
5,023735.jpg
5,023736.jpg
7,023737.jpg
3,023738.jpg
1,023739.jpg
0,023740.jpg
9,023741.jpg
2,023742.jpg
3,023743.jpg
9,023744.jpg
9,023745.jpg
6,023746.jpg
8,023747.jpg
3,023748.jpg
3,023749.jpg
1,023750.jpg
5,023751.jpg
7,023752.jpg
5,023753.jpg
0,023754.jpg
6,023755.jpg
0,023756.jpg
3,023757.jpg
4,023758.jpg
9,023759.jpg
9,023760.jpg
3,023761.jpg
9,023762.jpg
0,023763.jpg
2,023764.jpg
0,023765.jpg
4,023766.jpg
6,023767.jpg
3,023768.jpg
5,023769.jpg
9,023770.jpg
8,023771.jpg
6,023772.jpg
6,023773.jpg
5,023774.jpg
6,023775.jpg
8,023776.jpg
7,023777.jpg
2,023778.jpg
4,023779.jpg
5,023780.jpg
0,023781.jpg
3,023782.jpg
6,023783.jpg
1,023784.jpg
4,023785.jpg
0,023786.jpg
7,023787.jpg
1,023788.jpg
9,023789.jpg
7,023790.jpg
8,023791.jpg
4,023792.jpg
4,023793.jpg
6,023794.jpg
6,023795.jpg
6,023796.jpg
5,023797.jpg
5,023798.jpg
1,023799.jpg
6,023800.jpg
1,023801.jpg
0,023802.jpg
5,023803.jpg
2,023804.jpg
2,023805.jpg
5,023806.jpg
1,023807.jpg
4,023808.jpg
8,023809.jpg
3,023810.jpg
2,023811.jpg
2,023812.jpg
7,023813.jpg
9,023814.jpg
4,023815.jpg
7,023816.jpg
8,023817.jpg
4,023818.jpg
2,023819.jpg
3,023820.jpg
9,023821.jpg
0,023822.jpg
6,023823.jpg
9,023824.jpg
4,023825.jpg
8,023826.jpg
1,023827.jpg
1,023828.jpg
0,023829.jpg
7,023830.jpg
3,023831.jpg
4,023832.jpg
4,023833.jpg
9,023834.jpg
8,023835.jpg
5,023836.jpg
2,023837.jpg
9,023838.jpg
6,023839.jpg
7,023840.jpg
9,023841.jpg
2,023842.jpg
8,023843.jpg
7,023844.jpg
5,023845.jpg
8,023846.jpg
2,023847.jpg
6,023848.jpg
0,023849.jpg
4,023850.jpg
2,023851.jpg
3,023852.jpg
9,023853.jpg
5,023854.jpg
3,023855.jpg
9,023856.jpg
2,023857.jpg
6,023858.jpg
8,023859.jpg
0,023860.jpg
1,023861.jpg
5,023862.jpg
8,023863.jpg
2,023864.jpg
6,023865.jpg
4,023866.jpg
8,023867.jpg
9,023868.jpg
3,023869.jpg
6,023870.jpg
1,023871.jpg
1,023872.jpg
3,023873.jpg
1,023874.jpg
1,023875.jpg
3,023876.jpg
7,023877.jpg
8,023878.jpg
1,023879.jpg
6,023880.jpg
4,023881.jpg
3,023882.jpg
3,023883.jpg
3,023884.jpg
7,023885.jpg
2,023886.jpg
7,023887.jpg
9,023888.jpg
4,023889.jpg
7,023890.jpg
6,023891.jpg
7,023892.jpg
9,023893.jpg
2,023894.jpg
7,023895.jpg
8,023896.jpg
3,023897.jpg
2,023898.jpg
1,023899.jpg
1,023900.jpg
1,023901.jpg
6,023902.jpg
0,023903.jpg
1,023904.jpg
6,023905.jpg
3,023906.jpg
1,023907.jpg
2,023908.jpg
8,023909.jpg
7,023910.jpg
5,023911.jpg
5,023912.jpg
3,023913.jpg
2,023914.jpg
0,023915.jpg
1,023916.jpg
3,023917.jpg
8,023918.jpg
7,023919.jpg
1,023920.jpg
1,023921.jpg
6,023922.jpg
0,023923.jpg
1,023924.jpg
9,023925.jpg
7,023926.jpg
9,023927.jpg
0,023928.jpg
2,023929.jpg
6,023930.jpg
4,023931.jpg
0,023932.jpg
0,023933.jpg
3,023934.jpg
4,023935.jpg
2,023936.jpg
1,023937.jpg
0,023938.jpg
4,023939.jpg
3,023940.jpg
8,023941.jpg
9,023942.jpg
8,023943.jpg
3,023944.jpg
3,023945.jpg
1,023946.jpg
6,023947.jpg
8,023948.jpg
2,023949.jpg
2,023950.jpg
5,023951.jpg
5,023952.jpg
3,023953.jpg
2,023954.jpg
0,023955.jpg
1,023956.jpg
2,023957.jpg
7,023958.jpg
4,023959.jpg
1,023960.jpg
2,023961.jpg
8,023962.jpg
7,023963.jpg
0,023964.jpg
2,023965.jpg
7,023966.jpg
7,023967.jpg
9,023968.jpg
7,023969.jpg
6,023970.jpg
7,023971.jpg
0,023972.jpg
5,023973.jpg
1,023974.jpg
7,023975.jpg
3,023976.jpg
1,023977.jpg
2,023978.jpg
5,023979.jpg
9,023980.jpg
5,023981.jpg
3,023982.jpg
7,023983.jpg
7,023984.jpg
6,023985.jpg
5,023986.jpg
5,023987.jpg
5,023988.jpg
2,023989.jpg
0,023990.jpg
9,023991.jpg
9,023992.jpg
0,023993.jpg
1,023994.jpg
7,023995.jpg
7,023996.jpg
5,023997.jpg
6,023998.jpg
5,023999.jpg
9,024000.jpg
9,024001.jpg
6,024002.jpg
6,024003.jpg
6,024004.jpg
6,024005.jpg
3,024006.jpg
7,024007.jpg
7,024008.jpg
3,024009.jpg
6,024010.jpg
7,024011.jpg
2,024012.jpg
2,024013.jpg
6,024014.jpg
1,024015.jpg
7,024016.jpg
7,024017.jpg
5,024018.jpg
6,024019.jpg
2,024020.jpg
0,024021.jpg
9,024022.jpg
2,024023.jpg
1,024024.jpg
1,024025.jpg
8,024026.jpg
6,024027.jpg
2,024028.jpg
8,024029.jpg
2,024030.jpg
6,024031.jpg
9,024032.jpg
8,024033.jpg
5,024034.jpg
6,024035.jpg
3,024036.jpg
9,024037.jpg
9,024038.jpg
4,024039.jpg
0,024040.jpg
3,024041.jpg
7,024042.jpg
6,024043.jpg
2,024044.jpg
3,024045.jpg
4,024046.jpg
8,024047.jpg
4,024048.jpg
2,024049.jpg
5,024050.jpg
4,024051.jpg
7,024052.jpg
4,024053.jpg
1,024054.jpg
3,024055.jpg
1,024056.jpg
4,024057.jpg
0,024058.jpg
7,024059.jpg
2,024060.jpg
1,024061.jpg
2,024062.jpg
6,024063.jpg
6,024064.jpg
7,024065.jpg
7,024066.jpg
6,024067.jpg
1,024068.jpg
5,024069.jpg
3,024070.jpg
3,024071.jpg
8,024072.jpg
4,024073.jpg
4,024074.jpg
0,024075.jpg
0,024076.jpg
1,024077.jpg
7,024078.jpg
2,024079.jpg
3,024080.jpg
8,024081.jpg
2,024082.jpg
9,024083.jpg
3,024084.jpg
7,024085.jpg
1,024086.jpg
4,024087.jpg
8,024088.jpg
5,024089.jpg
9,024090.jpg
4,024091.jpg
6,024092.jpg
8,024093.jpg
7,024094.jpg
6,024095.jpg
3,024096.jpg
8,024097.jpg
6,024098.jpg
2,024099.jpg
2,024100.jpg
8,024101.jpg
3,024102.jpg
8,024103.jpg
8,024104.jpg
8,024105.jpg
1,024106.jpg
4,024107.jpg
8,024108.jpg
4,024109.jpg
3,024110.jpg
6,024111.jpg
3,024112.jpg
9,024113.jpg
5,024114.jpg
4,024115.jpg
7,024116.jpg
8,024117.jpg
7,024118.jpg
4,024119.jpg
5,024120.jpg
2,024121.jpg
7,024122.jpg
5,024123.jpg
4,024124.jpg
0,024125.jpg
8,024126.jpg
7,024127.jpg
8,024128.jpg
5,024129.jpg
7,024130.jpg
7,024131.jpg
7,024132.jpg
1,024133.jpg
1,024134.jpg
1,024135.jpg
7,024136.jpg
9,024137.jpg
8,024138.jpg
5,024139.jpg
7,024140.jpg
6,024141.jpg
1,024142.jpg
4,024143.jpg
9,024144.jpg
8,024145.jpg
8,024146.jpg
7,024147.jpg
1,024148.jpg
9,024149.jpg
2,024150.jpg
7,024151.jpg
1,024152.jpg
2,024153.jpg
0,024154.jpg
8,024155.jpg
7,024156.jpg
0,024157.jpg
4,024158.jpg
8,024159.jpg
7,024160.jpg
0,024161.jpg
2,024162.jpg
6,024163.jpg
1,024164.jpg
8,024165.jpg
4,024166.jpg
9,024167.jpg
3,024168.jpg
0,024169.jpg
9,024170.jpg
9,024171.jpg
4,024172.jpg
7,024173.jpg
6,024174.jpg
8,024175.jpg
5,024176.jpg
4,024177.jpg
0,024178.jpg
2,024179.jpg
8,024180.jpg
9,024181.jpg
9,024182.jpg
2,024183.jpg
2,024184.jpg
4,024185.jpg
7,024186.jpg
1,024187.jpg
8,024188.jpg
5,024189.jpg
4,024190.jpg
4,024191.jpg
0,024192.jpg
4,024193.jpg
2,024194.jpg
7,024195.jpg
5,024196.jpg
5,024197.jpg
0,024198.jpg
7,024199.jpg
1,024200.jpg
5,024201.jpg
3,024202.jpg
6,024203.jpg
4,024204.jpg
3,024205.jpg
2,024206.jpg
1,024207.jpg
2,024208.jpg
7,024209.jpg
1,024210.jpg
9,024211.jpg
7,024212.jpg
7,024213.jpg
0,024214.jpg
6,024215.jpg
8,024216.jpg
3,024217.jpg
8,024218.jpg
4,024219.jpg
1,024220.jpg
1,024221.jpg
1,024222.jpg
1,024223.jpg
2,024224.jpg
2,024225.jpg
4,024226.jpg
6,024227.jpg
4,024228.jpg
2,024229.jpg
5,024230.jpg
9,024231.jpg
9,024232.jpg
3,024233.jpg
5,024234.jpg
6,024235.jpg
5,024236.jpg
0,024237.jpg
0,024238.jpg
5,024239.jpg
0,024240.jpg
0,024241.jpg
9,024242.jpg
6,024243.jpg
4,024244.jpg
9,024245.jpg
0,024246.jpg
4,024247.jpg
2,024248.jpg
7,024249.jpg
1,024250.jpg
0,024251.jpg
5,024252.jpg
8,024253.jpg
3,024254.jpg
3,024255.jpg
2,024256.jpg
6,024257.jpg
3,024258.jpg
9,024259.jpg
1,024260.jpg
1,024261.jpg
8,024262.jpg
4,024263.jpg
6,024264.jpg
5,024265.jpg
8,024266.jpg
9,024267.jpg
1,024268.jpg
3,024269.jpg
5,024270.jpg
2,024271.jpg
1,024272.jpg
2,024273.jpg
4,024274.jpg
4,024275.jpg
0,024276.jpg
6,024277.jpg
9,024278.jpg
9,024279.jpg
7,024280.jpg
1,024281.jpg
2,024282.jpg
5,024283.jpg
6,024284.jpg
5,024285.jpg
3,024286.jpg
0,024287.jpg
3,024288.jpg
3,024289.jpg
7,024290.jpg
2,024291.jpg
7,024292.jpg
6,024293.jpg
1,024294.jpg
2,024295.jpg
7,024296.jpg
3,024297.jpg
2,024298.jpg
1,024299.jpg
1,024300.jpg
9,024301.jpg
0,024302.jpg
1,024303.jpg
3,024304.jpg
6,024305.jpg
6,024306.jpg
1,024307.jpg
7,024308.jpg
7,024309.jpg
0,024310.jpg
3,024311.jpg
3,024312.jpg
5,024313.jpg
6,024314.jpg
5,024315.jpg
9,024316.jpg
9,024317.jpg
8,024318.jpg
7,024319.jpg
7,024320.jpg
0,024321.jpg
0,024322.jpg
2,024323.jpg
3,024324.jpg
5,024325.jpg
7,024326.jpg
4,024327.jpg
0,024328.jpg
8,024329.jpg
6,024330.jpg
6,024331.jpg
0,024332.jpg
6,024333.jpg
3,024334.jpg
1,024335.jpg
4,024336.jpg
0,024337.jpg
5,024338.jpg
0,024339.jpg
2,024340.jpg
4,024341.jpg
9,024342.jpg
3,024343.jpg
1,024344.jpg
4,024345.jpg
3,024346.jpg
3,024347.jpg
3,024348.jpg
9,024349.jpg
7,024350.jpg
4,024351.jpg
7,024352.jpg
5,024353.jpg
5,024354.jpg
0,024355.jpg
4,024356.jpg
1,024357.jpg
6,024358.jpg
9,024359.jpg
4,024360.jpg
1,024361.jpg
1,024362.jpg
8,024363.jpg
2,024364.jpg
1,024365.jpg
2,024366.jpg
4,024367.jpg
3,024368.jpg
5,024369.jpg
6,024370.jpg
5,024371.jpg
2,024372.jpg
3,024373.jpg
3,024374.jpg
1,024375.jpg
2,024376.jpg
2,024377.jpg
5,024378.jpg
5,024379.jpg
9,024380.jpg
1,024381.jpg
6,024382.jpg
6,024383.jpg
4,024384.jpg
1,024385.jpg
3,024386.jpg
6,024387.jpg
0,024388.jpg
9,024389.jpg
9,024390.jpg
0,024391.jpg
1,024392.jpg
8,024393.jpg
4,024394.jpg
8,024395.jpg
7,024396.jpg
7,024397.jpg
7,024398.jpg
5,024399.jpg
7,024400.jpg
4,024401.jpg
4,024402.jpg
7,024403.jpg
5,024404.jpg
6,024405.jpg
4,024406.jpg
4,024407.jpg
8,024408.jpg
2,024409.jpg
0,024410.jpg
2,024411.jpg
6,024412.jpg
5,024413.jpg
7,024414.jpg
9,024415.jpg
1,024416.jpg
1,024417.jpg
0,024418.jpg
1,024419.jpg
6,024420.jpg
4,024421.jpg
0,024422.jpg
5,024423.jpg
2,024424.jpg
8,024425.jpg
9,024426.jpg
7,024427.jpg
7,024428.jpg
0,024429.jpg
8,024430.jpg
4,024431.jpg
2,024432.jpg
9,024433.jpg
0,024434.jpg
6,024435.jpg
3,024436.jpg
2,024437.jpg
6,024438.jpg
8,024439.jpg
2,024440.jpg
3,024441.jpg
1,024442.jpg
9,024443.jpg
3,024444.jpg
6,024445.jpg
2,024446.jpg
9,024447.jpg
6,024448.jpg
1,024449.jpg
1,024450.jpg
1,024451.jpg
3,024452.jpg
4,024453.jpg
1,024454.jpg
4,024455.jpg
9,024456.jpg
6,024457.jpg
1,024458.jpg
1,024459.jpg
7,024460.jpg
1,024461.jpg
2,024462.jpg
1,024463.jpg
1,024464.jpg
4,024465.jpg
3,024466.jpg
2,024467.jpg
4,024468.jpg
4,024469.jpg
9,024470.jpg
9,024471.jpg
6,024472.jpg
0,024473.jpg
0,024474.jpg
7,024475.jpg
3,024476.jpg
6,024477.jpg
5,024478.jpg
0,024479.jpg
8,024480.jpg
2,024481.jpg
3,024482.jpg
2,024483.jpg
7,024484.jpg
5,024485.jpg
1,024486.jpg
5,024487.jpg
5,024488.jpg
4,024489.jpg
7,024490.jpg
9,024491.jpg
0,024492.jpg
9,024493.jpg
4,024494.jpg
6,024495.jpg
0,024496.jpg
0,024497.jpg
8,024498.jpg
2,024499.jpg
1,024500.jpg
9,024501.jpg
2,024502.jpg
9,024503.jpg
4,024504.jpg
7,024505.jpg
4,024506.jpg
3,024507.jpg
7,024508.jpg
3,024509.jpg
9,024510.jpg
0,024511.jpg
7,024512.jpg
3,024513.jpg
2,024514.jpg
2,024515.jpg
9,024516.jpg
5,024517.jpg
9,024518.jpg
9,024519.jpg
3,024520.jpg
5,024521.jpg
4,024522.jpg
5,024523.jpg
6,024524.jpg
9,024525.jpg
0,024526.jpg
5,024527.jpg
4,024528.jpg
2,024529.jpg
2,024530.jpg
3,024531.jpg
7,024532.jpg
0,024533.jpg
2,024534.jpg
6,024535.jpg
9,024536.jpg
4,024537.jpg
4,024538.jpg
8,024539.jpg
7,024540.jpg
9,024541.jpg
6,024542.jpg
6,024543.jpg
6,024544.jpg
1,024545.jpg
4,024546.jpg
3,024547.jpg
5,024548.jpg
0,024549.jpg
0,024550.jpg
9,024551.jpg
4,024552.jpg
8,024553.jpg
7,024554.jpg
5,024555.jpg
2,024556.jpg
6,024557.jpg
0,024558.jpg
4,024559.jpg
6,024560.jpg
0,024561.jpg
3,024562.jpg
1,024563.jpg
7,024564.jpg
8,024565.jpg
1,024566.jpg
0,024567.jpg
5,024568.jpg
2,024569.jpg
8,024570.jpg
9,024571.jpg
6,024572.jpg
1,024573.jpg
6,024574.jpg
7,024575.jpg
3,024576.jpg
4,024577.jpg
4,024578.jpg
6,024579.jpg
0,024580.jpg
0,024581.jpg
8,024582.jpg
6,024583.jpg
4,024584.jpg
8,024585.jpg
2,024586.jpg
6,024587.jpg
0,024588.jpg
3,024589.jpg
1,024590.jpg
5,024591.jpg
2,024592.jpg
1,024593.jpg
3,024594.jpg
9,024595.jpg
3,024596.jpg
2,024597.jpg
3,024598.jpg
1,024599.jpg
4,024600.jpg
2,024601.jpg
0,024602.jpg
1,024603.jpg
1,024604.jpg
0,024605.jpg
8,024606.jpg
1,024607.jpg
7,024608.jpg
8,024609.jpg
1,024610.jpg
2,024611.jpg
4,024612.jpg
5,024613.jpg
8,024614.jpg
4,024615.jpg
1,024616.jpg
6,024617.jpg
2,024618.jpg
0,024619.jpg
4,024620.jpg
7,024621.jpg
9,024622.jpg
6,024623.jpg
2,024624.jpg
8,024625.jpg
7,024626.jpg
0,024627.jpg
0,024628.jpg
4,024629.jpg
1,024630.jpg
8,024631.jpg
9,024632.jpg
1,024633.jpg
6,024634.jpg
7,024635.jpg
2,024636.jpg
3,024637.jpg
6,024638.jpg
9,024639.jpg
8,024640.jpg
4,024641.jpg
0,024642.jpg
5,024643.jpg
0,024644.jpg
9,024645.jpg
9,024646.jpg
1,024647.jpg
2,024648.jpg
4,024649.jpg
2,024650.jpg
0,024651.jpg
4,024652.jpg
0,024653.jpg
6,024654.jpg
5,024655.jpg
7,024656.jpg
4,024657.jpg
8,024658.jpg
8,024659.jpg
8,024660.jpg
5,024661.jpg
4,024662.jpg
7,024663.jpg
7,024664.jpg
5,024665.jpg
3,024666.jpg
7,024667.jpg
7,024668.jpg
6,024669.jpg
1,024670.jpg
8,024671.jpg
4,024672.jpg
5,024673.jpg
5,024674.jpg
2,024675.jpg
9,024676.jpg
0,024677.jpg
5,024678.jpg
7,024679.jpg
5,024680.jpg
3,024681.jpg
9,024682.jpg
5,024683.jpg
7,024684.jpg
9,024685.jpg
7,024686.jpg
1,024687.jpg
8,024688.jpg
0,024689.jpg
8,024690.jpg
2,024691.jpg
0,024692.jpg
9,024693.jpg
2,024694.jpg
6,024695.jpg
8,024696.jpg
4,024697.jpg
8,024698.jpg
3,024699.jpg
8,024700.jpg
9,024701.jpg
2,024702.jpg
1,024703.jpg
1,024704.jpg
8,024705.jpg
1,024706.jpg
0,024707.jpg
3,024708.jpg
0,024709.jpg
1,024710.jpg
3,024711.jpg
6,024712.jpg
8,024713.jpg
7,024714.jpg
0,024715.jpg
3,024716.jpg
5,024717.jpg
9,024718.jpg
7,024719.jpg
2,024720.jpg
4,024721.jpg
2,024722.jpg
6,024723.jpg
3,024724.jpg
4,024725.jpg
2,024726.jpg
3,024727.jpg
8,024728.jpg
5,024729.jpg
1,024730.jpg
6,024731.jpg
1,024732.jpg
6,024733.jpg
2,024734.jpg
0,024735.jpg
6,024736.jpg
9,024737.jpg
3,024738.jpg
4,024739.jpg
5,024740.jpg
0,024741.jpg
1,024742.jpg
6,024743.jpg
6,024744.jpg
7,024745.jpg
2,024746.jpg
0,024747.jpg
3,024748.jpg
8,024749.jpg
1,024750.jpg
4,024751.jpg
8,024752.jpg
8,024753.jpg
7,024754.jpg
9,024755.jpg
5,024756.jpg
0,024757.jpg
8,024758.jpg
3,024759.jpg
1,024760.jpg
1,024761.jpg
4,024762.jpg
6,024763.jpg
4,024764.jpg
5,024765.jpg
5,024766.jpg
6,024767.jpg
8,024768.jpg
1,024769.jpg
4,024770.jpg
1,024771.jpg
6,024772.jpg
4,024773.jpg
2,024774.jpg
4,024775.jpg
5,024776.jpg
2,024777.jpg
0,024778.jpg
8,024779.jpg
9,024780.jpg
8,024781.jpg
0,024782.jpg
3,024783.jpg
9,024784.jpg
3,024785.jpg
6,024786.jpg
1,024787.jpg
2,024788.jpg
5,024789.jpg
3,024790.jpg
1,024791.jpg
7,024792.jpg
9,024793.jpg
2,024794.jpg
6,024795.jpg
0,024796.jpg
9,024797.jpg
9,024798.jpg
1,024799.jpg
7,024800.jpg
1,024801.jpg
0,024802.jpg
4,024803.jpg
0,024804.jpg
0,024805.jpg
8,024806.jpg
9,024807.jpg
1,024808.jpg
2,024809.jpg
2,024810.jpg
8,024811.jpg
2,024812.jpg
0,024813.jpg
0,024814.jpg
4,024815.jpg
8,024816.jpg
2,024817.jpg
5,024818.jpg
4,024819.jpg
5,024820.jpg
6,024821.jpg
6,024822.jpg
8,024823.jpg
2,024824.jpg
5,024825.jpg
6,024826.jpg
0,024827.jpg
9,024828.jpg
8,024829.jpg
6,024830.jpg
0,024831.jpg
7,024832.jpg
3,024833.jpg
7,024834.jpg
9,024835.jpg
7,024836.jpg
7,024837.jpg
5,024838.jpg
7,024839.jpg
9,024840.jpg
7,024841.jpg
0,024842.jpg
7,024843.jpg
3,024844.jpg
6,024845.jpg
0,024846.jpg
4,024847.jpg
4,024848.jpg
4,024849.jpg
1,024850.jpg
0,024851.jpg
9,024852.jpg
0,024853.jpg
1,024854.jpg
0,024855.jpg
5,024856.jpg
1,024857.jpg
8,024858.jpg
4,024859.jpg
2,024860.jpg
1,024861.jpg
9,024862.jpg
9,024863.jpg
9,024864.jpg
0,024865.jpg
8,024866.jpg
1,024867.jpg
5,024868.jpg
0,024869.jpg
5,024870.jpg
5,024871.jpg
3,024872.jpg
7,024873.jpg
7,024874.jpg
6,024875.jpg
9,024876.jpg
9,024877.jpg
9,024878.jpg
8,024879.jpg
4,024880.jpg
9,024881.jpg
8,024882.jpg
3,024883.jpg
7,024884.jpg
2,024885.jpg
6,024886.jpg
0,024887.jpg
2,024888.jpg
4,024889.jpg
7,024890.jpg
8,024891.jpg
5,024892.jpg
8,024893.jpg
5,024894.jpg
3,024895.jpg
3,024896.jpg
7,024897.jpg
8,024898.jpg
1,024899.jpg
0,024900.jpg
9,024901.jpg
2,024902.jpg
4,024903.jpg
9,024904.jpg
1,024905.jpg
4,024906.jpg
3,024907.jpg
4,024908.jpg
8,024909.jpg
0,024910.jpg
1,024911.jpg
9,024912.jpg
9,024913.jpg
2,024914.jpg
0,024915.jpg
3,024916.jpg
3,024917.jpg
5,024918.jpg
0,024919.jpg
9,024920.jpg
4,024921.jpg
0,024922.jpg
7,024923.jpg
4,024924.jpg
6,024925.jpg
1,024926.jpg
5,024927.jpg
0,024928.jpg
0,024929.jpg
8,024930.jpg
1,024931.jpg
3,024932.jpg
3,024933.jpg
0,024934.jpg
4,024935.jpg
4,024936.jpg
5,024937.jpg
2,024938.jpg
3,024939.jpg
6,024940.jpg
4,024941.jpg
2,024942.jpg
4,024943.jpg
8,024944.jpg
9,024945.jpg
1,024946.jpg
5,024947.jpg
2,024948.jpg
4,024949.jpg
9,024950.jpg
1,024951.jpg
5,024952.jpg
8,024953.jpg
0,024954.jpg
5,024955.jpg
0,024956.jpg
5,024957.jpg
1,024958.jpg
8,024959.jpg
7,024960.jpg
2,024961.jpg
9,024962.jpg
0,024963.jpg
1,024964.jpg
2,024965.jpg
4,024966.jpg
8,024967.jpg
2,024968.jpg
1,024969.jpg
9,024970.jpg
1,024971.jpg
0,024972.jpg
8,024973.jpg
9,024974.jpg
7,024975.jpg
8,024976.jpg
5,024977.jpg
6,024978.jpg
7,024979.jpg
5,024980.jpg
3,024981.jpg
1,024982.jpg
8,024983.jpg
6,024984.jpg
9,024985.jpg
4,024986.jpg
5,024987.jpg
4,024988.jpg
4,024989.jpg
5,024990.jpg
8,024991.jpg
8,024992.jpg
2,024993.jpg
2,024994.jpg
0,024995.jpg
0,024996.jpg
7,024997.jpg
1,024998.jpg
9,024999.jpg
7,025000.jpg
2,025001.jpg
4,025002.jpg
3,025003.jpg
7,025004.jpg
8,025005.jpg
5,025006.jpg
0,025007.jpg
9,025008.jpg
6,025009.jpg
4,025010.jpg
9,025011.jpg
2,025012.jpg
5,025013.jpg
0,025014.jpg
7,025015.jpg
1,025016.jpg
6,025017.jpg
3,025018.jpg
4,025019.jpg
9,025020.jpg
8,025021.jpg
5,025022.jpg
6,025023.jpg
7,025024.jpg
8,025025.jpg
4,025026.jpg
3,025027.jpg
0,025028.jpg
3,025029.jpg
8,025030.jpg
2,025031.jpg
6,025032.jpg
8,025033.jpg
4,025034.jpg
0,025035.jpg
5,025036.jpg
1,025037.jpg
4,025038.jpg
6,025039.jpg
0,025040.jpg
8,025041.jpg
0,025042.jpg
1,025043.jpg
7,025044.jpg
4,025045.jpg
7,025046.jpg
3,025047.jpg
8,025048.jpg
7,025049.jpg
9,025050.jpg
9,025051.jpg
5,025052.jpg
8,025053.jpg
1,025054.jpg
0,025055.jpg
3,025056.jpg
2,025057.jpg
7,025058.jpg
5,025059.jpg
0,025060.jpg
5,025061.jpg
5,025062.jpg
4,025063.jpg
2,025064.jpg
0,025065.jpg
4,025066.jpg
8,025067.jpg
6,025068.jpg
4,025069.jpg
1,025070.jpg
2,025071.jpg
2,025072.jpg
1,025073.jpg
1,025074.jpg
3,025075.jpg
6,025076.jpg
2,025077.jpg
4,025078.jpg
0,025079.jpg
0,025080.jpg
8,025081.jpg
3,025082.jpg
4,025083.jpg
0,025084.jpg
0,025085.jpg
3,025086.jpg
0,025087.jpg
4,025088.jpg
1,025089.jpg
0,025090.jpg
8,025091.jpg
2,025092.jpg
4,025093.jpg
2,025094.jpg
1,025095.jpg
4,025096.jpg
0,025097.jpg
8,025098.jpg
4,025099.jpg
3,025100.jpg
5,025101.jpg
3,025102.jpg
5,025103.jpg
0,025104.jpg
5,025105.jpg
8,025106.jpg
1,025107.jpg
2,025108.jpg
9,025109.jpg
0,025110.jpg
4,025111.jpg
4,025112.jpg
8,025113.jpg
8,025114.jpg
3,025115.jpg
1,025116.jpg
5,025117.jpg
7,025118.jpg
3,025119.jpg
5,025120.jpg
0,025121.jpg
4,025122.jpg
4,025123.jpg
5,025124.jpg
7,025125.jpg
0,025126.jpg
2,025127.jpg
3,025128.jpg
1,025129.jpg
5,025130.jpg
6,025131.jpg
0,025132.jpg
1,025133.jpg
5,025134.jpg
5,025135.jpg
2,025136.jpg
8,025137.jpg
7,025138.jpg
7,025139.jpg
0,025140.jpg
3,025141.jpg
0,025142.jpg
9,025143.jpg
8,025144.jpg
6,025145.jpg
7,025146.jpg
6,025147.jpg
8,025148.jpg
7,025149.jpg
8,025150.jpg
9,025151.jpg
4,025152.jpg
8,025153.jpg
9,025154.jpg
5,025155.jpg
2,025156.jpg
1,025157.jpg
5,025158.jpg
6,025159.jpg
0,025160.jpg
0,025161.jpg
0,025162.jpg
0,025163.jpg
8,025164.jpg
4,025165.jpg
5,025166.jpg
9,025167.jpg
8,025168.jpg
2,025169.jpg
4,025170.jpg
3,025171.jpg
3,025172.jpg
5,025173.jpg
4,025174.jpg
9,025175.jpg
0,025176.jpg
9,025177.jpg
8,025178.jpg
5,025179.jpg
8,025180.jpg
8,025181.jpg
9,025182.jpg
0,025183.jpg
3,025184.jpg
1,025185.jpg
4,025186.jpg
2,025187.jpg
8,025188.jpg
1,025189.jpg
8,025190.jpg
3,025191.jpg
8,025192.jpg
8,025193.jpg
2,025194.jpg
3,025195.jpg
2,025196.jpg
6,025197.jpg
5,025198.jpg
9,025199.jpg
8,025200.jpg
7,025201.jpg
8,025202.jpg
4,025203.jpg
4,025204.jpg
1,025205.jpg
8,025206.jpg
7,025207.jpg
9,025208.jpg
7,025209.jpg
5,025210.jpg
3,025211.jpg
7,025212.jpg
4,025213.jpg
6,025214.jpg
3,025215.jpg
0,025216.jpg
5,025217.jpg
5,025218.jpg
8,025219.jpg
8,025220.jpg
1,025221.jpg
4,025222.jpg
6,025223.jpg
5,025224.jpg
8,025225.jpg
0,025226.jpg
0,025227.jpg
0,025228.jpg
9,025229.jpg
3,025230.jpg
1,025231.jpg
1,025232.jpg
1,025233.jpg
1,025234.jpg
9,025235.jpg
3,025236.jpg
2,025237.jpg
2,025238.jpg
6,025239.jpg
8,025240.jpg
7,025241.jpg
8,025242.jpg
5,025243.jpg
4,025244.jpg
2,025245.jpg
0,025246.jpg
0,025247.jpg
0,025248.jpg
2,025249.jpg
4,025250.jpg
0,025251.jpg
8,025252.jpg
2,025253.jpg
7,025254.jpg
6,025255.jpg
9,025256.jpg
5,025257.jpg
0,025258.jpg
7,025259.jpg
9,025260.jpg
0,025261.jpg
0,025262.jpg
7,025263.jpg
5,025264.jpg
1,025265.jpg
1,025266.jpg
1,025267.jpg
6,025268.jpg
2,025269.jpg
2,025270.jpg
2,025271.jpg
9,025272.jpg
5,025273.jpg
4,025274.jpg
9,025275.jpg
3,025276.jpg
7,025277.jpg
8,025278.jpg
7,025279.jpg
2,025280.jpg
9,025281.jpg
3,025282.jpg
3,025283.jpg
7,025284.jpg
0,025285.jpg
1,025286.jpg
0,025287.jpg
3,025288.jpg
0,025289.jpg
3,025290.jpg
0,025291.jpg
4,025292.jpg
9,025293.jpg
2,025294.jpg
6,025295.jpg
1,025296.jpg
7,025297.jpg
3,025298.jpg
5,025299.jpg
1,025300.jpg
9,025301.jpg
2,025302.jpg
3,025303.jpg
3,025304.jpg
1,025305.jpg
5,025306.jpg
8,025307.jpg
7,025308.jpg
3,025309.jpg
1,025310.jpg
5,025311.jpg
4,025312.jpg
3,025313.jpg
9,025314.jpg
4,025315.jpg
8,025316.jpg
5,025317.jpg
9,025318.jpg
9,025319.jpg
9,025320.jpg
2,025321.jpg
7,025322.jpg
3,025323.jpg
0,025324.jpg
4,025325.jpg
8,025326.jpg
2,025327.jpg
8,025328.jpg
2,025329.jpg
9,025330.jpg
0,025331.jpg
6,025332.jpg
4,025333.jpg
8,025334.jpg
0,025335.jpg
1,025336.jpg
1,025337.jpg
6,025338.jpg
2,025339.jpg
4,025340.jpg
4,025341.jpg
0,025342.jpg
1,025343.jpg
7,025344.jpg
8,025345.jpg
3,025346.jpg
8,025347.jpg
8,025348.jpg
6,025349.jpg
5,025350.jpg
5,025351.jpg
3,025352.jpg
0,025353.jpg
3,025354.jpg
0,025355.jpg
9,025356.jpg
4,025357.jpg
8,025358.jpg
9,025359.jpg
7,025360.jpg
9,025361.jpg
0,025362.jpg
8,025363.jpg
4,025364.jpg
4,025365.jpg
9,025366.jpg
7,025367.jpg
8,025368.jpg
8,025369.jpg
3,025370.jpg
3,025371.jpg
7,025372.jpg
4,025373.jpg
3,025374.jpg
5,025375.jpg
7,025376.jpg
3,025377.jpg
1,025378.jpg
5,025379.jpg
6,025380.jpg
5,025381.jpg
8,025382.jpg
7,025383.jpg
8,025384.jpg
7,025385.jpg
2,025386.jpg
3,025387.jpg
9,025388.jpg
8,025389.jpg
1,025390.jpg
8,025391.jpg
1,025392.jpg
1,025393.jpg
6,025394.jpg
5,025395.jpg
0,025396.jpg
0,025397.jpg
0,025398.jpg
3,025399.jpg
6,025400.jpg
3,025401.jpg
2,025402.jpg
3,025403.jpg
5,025404.jpg
5,025405.jpg
7,025406.jpg
6,025407.jpg
4,025408.jpg
4,025409.jpg
2,025410.jpg
5,025411.jpg
5,025412.jpg
2,025413.jpg
7,025414.jpg
5,025415.jpg
4,025416.jpg
2,025417.jpg
6,025418.jpg
0,025419.jpg
9,025420.jpg
9,025421.jpg
6,025422.jpg
2,025423.jpg
1,025424.jpg
3,025425.jpg
1,025426.jpg
9,025427.jpg
8,025428.jpg
7,025429.jpg
1,025430.jpg
4,025431.jpg
4,025432.jpg
8,025433.jpg
0,025434.jpg
2,025435.jpg
9,025436.jpg
2,025437.jpg
6,025438.jpg
6,025439.jpg
0,025440.jpg
4,025441.jpg
4,025442.jpg
4,025443.jpg
7,025444.jpg
3,025445.jpg
7,025446.jpg
5,025447.jpg
6,025448.jpg
4,025449.jpg
9,025450.jpg
1,025451.jpg
5,025452.jpg
5,025453.jpg
4,025454.jpg
3,025455.jpg
4,025456.jpg
5,025457.jpg
9,025458.jpg
6,025459.jpg
1,025460.jpg
5,025461.jpg
9,025462.jpg
6,025463.jpg
0,025464.jpg
0,025465.jpg
5,025466.jpg
3,025467.jpg
1,025468.jpg
8,025469.jpg
8,025470.jpg
8,025471.jpg
2,025472.jpg
0,025473.jpg
3,025474.jpg
5,025475.jpg
4,025476.jpg
9,025477.jpg
8,025478.jpg
8,025479.jpg
5,025480.jpg
8,025481.jpg
0,025482.jpg
3,025483.jpg
2,025484.jpg
1,025485.jpg
9,025486.jpg
8,025487.jpg
9,025488.jpg
6,025489.jpg
8,025490.jpg
9,025491.jpg
0,025492.jpg
0,025493.jpg
0,025494.jpg
0,025495.jpg
9,025496.jpg
1,025497.jpg
9,025498.jpg
5,025499.jpg
0,025500.jpg
0,025501.jpg
2,025502.jpg
5,025503.jpg
1,025504.jpg
8,025505.jpg
0,025506.jpg
9,025507.jpg
5,025508.jpg
6,025509.jpg
6,025510.jpg
7,025511.jpg
0,025512.jpg
4,025513.jpg
7,025514.jpg
8,025515.jpg
2,025516.jpg
9,025517.jpg
9,025518.jpg
3,025519.jpg
1,025520.jpg
5,025521.jpg
3,025522.jpg
0,025523.jpg
4,025524.jpg
8,025525.jpg
6,025526.jpg
6,025527.jpg
9,025528.jpg
0,025529.jpg
9,025530.jpg
4,025531.jpg
8,025532.jpg
9,025533.jpg
5,025534.jpg
0,025535.jpg
3,025536.jpg
7,025537.jpg
8,025538.jpg
7,025539.jpg
6,025540.jpg
3,025541.jpg
9,025542.jpg
3,025543.jpg
0,025544.jpg
4,025545.jpg
9,025546.jpg
8,025547.jpg
2,025548.jpg
1,025549.jpg
8,025550.jpg
5,025551.jpg
6,025552.jpg
6,025553.jpg
5,025554.jpg
5,025555.jpg
9,025556.jpg
7,025557.jpg
4,025558.jpg
6,025559.jpg
5,025560.jpg
2,025561.jpg
0,025562.jpg
0,025563.jpg
8,025564.jpg
3,025565.jpg
5,025566.jpg
1,025567.jpg
6,025568.jpg
5,025569.jpg
8,025570.jpg
8,025571.jpg
4,025572.jpg
9,025573.jpg
7,025574.jpg
5,025575.jpg
4,025576.jpg
9,025577.jpg
6,025578.jpg
6,025579.jpg
2,025580.jpg
7,025581.jpg
6,025582.jpg
6,025583.jpg
6,025584.jpg
6,025585.jpg
2,025586.jpg
1,025587.jpg
3,025588.jpg
5,025589.jpg
8,025590.jpg
1,025591.jpg
9,025592.jpg
6,025593.jpg
8,025594.jpg
6,025595.jpg
8,025596.jpg
4,025597.jpg
1,025598.jpg
9,025599.jpg
9,025600.jpg
0,025601.jpg
0,025602.jpg
7,025603.jpg
4,025604.jpg
3,025605.jpg
1,025606.jpg
9,025607.jpg
5,025608.jpg
6,025609.jpg
9,025610.jpg
4,025611.jpg
3,025612.jpg
7,025613.jpg
8,025614.jpg
6,025615.jpg
1,025616.jpg
4,025617.jpg
1,025618.jpg
0,025619.jpg
5,025620.jpg
0,025621.jpg
0,025622.jpg
5,025623.jpg
5,025624.jpg
8,025625.jpg
9,025626.jpg
5,025627.jpg
6,025628.jpg
0,025629.jpg
8,025630.jpg
9,025631.jpg
7,025632.jpg
5,025633.jpg
7,025634.jpg
9,025635.jpg
9,025636.jpg
3,025637.jpg
5,025638.jpg
2,025639.jpg
0,025640.jpg
4,025641.jpg
1,025642.jpg
6,025643.jpg
5,025644.jpg
8,025645.jpg
6,025646.jpg
7,025647.jpg
2,025648.jpg
9,025649.jpg
1,025650.jpg
1,025651.jpg
7,025652.jpg
9,025653.jpg
9,025654.jpg
8,025655.jpg
0,025656.jpg
8,025657.jpg
9,025658.jpg
2,025659.jpg
5,025660.jpg
5,025661.jpg
8,025662.jpg
0,025663.jpg
3,025664.jpg
2,025665.jpg
7,025666.jpg
2,025667.jpg
4,025668.jpg
5,025669.jpg
4,025670.jpg
6,025671.jpg
9,025672.jpg
4,025673.jpg
6,025674.jpg
1,025675.jpg
5,025676.jpg
4,025677.jpg
9,025678.jpg
4,025679.jpg
1,025680.jpg
5,025681.jpg
1,025682.jpg
5,025683.jpg
3,025684.jpg
2,025685.jpg
2,025686.jpg
8,025687.jpg
5,025688.jpg
2,025689.jpg
1,025690.jpg
2,025691.jpg
0,025692.jpg
5,025693.jpg
9,025694.jpg
4,025695.jpg
4,025696.jpg
9,025697.jpg
8,025698.jpg
2,025699.jpg
7,025700.jpg
5,025701.jpg
1,025702.jpg
8,025703.jpg
4,025704.jpg
5,025705.jpg
8,025706.jpg
4,025707.jpg
1,025708.jpg
1,025709.jpg
7,025710.jpg
4,025711.jpg
0,025712.jpg
0,025713.jpg
4,025714.jpg
5,025715.jpg
7,025716.jpg
9,025717.jpg
3,025718.jpg
9,025719.jpg
5,025720.jpg
5,025721.jpg
3,025722.jpg
6,025723.jpg
8,025724.jpg
4,025725.jpg
1,025726.jpg
7,025727.jpg
3,025728.jpg
9,025729.jpg
3,025730.jpg
9,025731.jpg
5,025732.jpg
4,025733.jpg
8,025734.jpg
6,025735.jpg
3,025736.jpg
8,025737.jpg
6,025738.jpg
5,025739.jpg
5,025740.jpg
2,025741.jpg
8,025742.jpg
3,025743.jpg
5,025744.jpg
1,025745.jpg
9,025746.jpg
9,025747.jpg
8,025748.jpg
4,025749.jpg
6,025750.jpg
9,025751.jpg
1,025752.jpg
5,025753.jpg
8,025754.jpg
3,025755.jpg
0,025756.jpg
5,025757.jpg
9,025758.jpg
1,025759.jpg
6,025760.jpg
8,025761.jpg
4,025762.jpg
4,025763.jpg
6,025764.jpg
5,025765.jpg
6,025766.jpg
2,025767.jpg
7,025768.jpg
9,025769.jpg
5,025770.jpg
5,025771.jpg
6,025772.jpg
6,025773.jpg
7,025774.jpg
9,025775.jpg
6,025776.jpg
1,025777.jpg
5,025778.jpg
8,025779.jpg
6,025780.jpg
5,025781.jpg
1,025782.jpg
0,025783.jpg
8,025784.jpg
0,025785.jpg
8,025786.jpg
3,025787.jpg
9,025788.jpg
2,025789.jpg
4,025790.jpg
2,025791.jpg
9,025792.jpg
2,025793.jpg
1,025794.jpg
5,025795.jpg
3,025796.jpg
2,025797.jpg
4,025798.jpg
9,025799.jpg
0,025800.jpg
5,025801.jpg
9,025802.jpg
8,025803.jpg
0,025804.jpg
7,025805.jpg
4,025806.jpg
5,025807.jpg
1,025808.jpg
8,025809.jpg
0,025810.jpg
2,025811.jpg
3,025812.jpg
8,025813.jpg
5,025814.jpg
6,025815.jpg
7,025816.jpg
3,025817.jpg
4,025818.jpg
5,025819.jpg
5,025820.jpg
1,025821.jpg
8,025822.jpg
3,025823.jpg
4,025824.jpg
4,025825.jpg
9,025826.jpg
6,025827.jpg
8,025828.jpg
2,025829.jpg
0,025830.jpg
7,025831.jpg
1,025832.jpg
6,025833.jpg
7,025834.jpg
0,025835.jpg
8,025836.jpg
3,025837.jpg
2,025838.jpg
7,025839.jpg
0,025840.jpg
7,025841.jpg
6,025842.jpg
0,025843.jpg
9,025844.jpg
4,025845.jpg
0,025846.jpg
3,025847.jpg
9,025848.jpg
6,025849.jpg
4,025850.jpg
6,025851.jpg
4,025852.jpg
5,025853.jpg
2,025854.jpg
2,025855.jpg
3,025856.jpg
2,025857.jpg
5,025858.jpg
6,025859.jpg
8,025860.jpg
7,025861.jpg
9,025862.jpg
0,025863.jpg
3,025864.jpg
2,025865.jpg
0,025866.jpg
3,025867.jpg
5,025868.jpg
4,025869.jpg
1,025870.jpg
1,025871.jpg
1,025872.jpg
0,025873.jpg
5,025874.jpg
2,025875.jpg
1,025876.jpg
4,025877.jpg
7,025878.jpg
0,025879.jpg
3,025880.jpg
6,025881.jpg
1,025882.jpg
3,025883.jpg
5,025884.jpg
0,025885.jpg
4,025886.jpg
3,025887.jpg
0,025888.jpg
6,025889.jpg
6,025890.jpg
8,025891.jpg
7,025892.jpg
1,025893.jpg
1,025894.jpg
4,025895.jpg
9,025896.jpg
5,025897.jpg
7,025898.jpg
7,025899.jpg
9,025900.jpg
3,025901.jpg
2,025902.jpg
0,025903.jpg
1,025904.jpg
0,025905.jpg
8,025906.jpg
9,025907.jpg
9,025908.jpg
1,025909.jpg
8,025910.jpg
0,025911.jpg
2,025912.jpg
5,025913.jpg
9,025914.jpg
4,025915.jpg
1,025916.jpg
9,025917.jpg
5,025918.jpg
9,025919.jpg
7,025920.jpg
2,025921.jpg
5,025922.jpg
2,025923.jpg
1,025924.jpg
8,025925.jpg
3,025926.jpg
9,025927.jpg
2,025928.jpg
0,025929.jpg
4,025930.jpg
9,025931.jpg
4,025932.jpg
2,025933.jpg
8,025934.jpg
4,025935.jpg
5,025936.jpg
6,025937.jpg
7,025938.jpg
0,025939.jpg
2,025940.jpg
5,025941.jpg
1,025942.jpg
1,025943.jpg
8,025944.jpg
8,025945.jpg
0,025946.jpg
5,025947.jpg
6,025948.jpg
3,025949.jpg
1,025950.jpg
8,025951.jpg
9,025952.jpg
4,025953.jpg
2,025954.jpg
0,025955.jpg
4,025956.jpg
6,025957.jpg
7,025958.jpg
6,025959.jpg
4,025960.jpg
2,025961.jpg
4,025962.jpg
9,025963.jpg
5,025964.jpg
6,025965.jpg
0,025966.jpg
5,025967.jpg
9,025968.jpg
7,025969.jpg
4,025970.jpg
3,025971.jpg
2,025972.jpg
7,025973.jpg
3,025974.jpg
3,025975.jpg
5,025976.jpg
2,025977.jpg
1,025978.jpg
2,025979.jpg
6,025980.jpg
8,025981.jpg
9,025982.jpg
8,025983.jpg
6,025984.jpg
1,025985.jpg
1,025986.jpg
7,025987.jpg
6,025988.jpg
7,025989.jpg
5,025990.jpg
0,025991.jpg
8,025992.jpg
2,025993.jpg
2,025994.jpg
4,025995.jpg
3,025996.jpg
2,025997.jpg
4,025998.jpg
4,025999.jpg
6,026000.jpg
6,026001.jpg
2,026002.jpg
3,026003.jpg
7,026004.jpg
9,026005.jpg
4,026006.jpg
0,026007.jpg
1,026008.jpg
1,026009.jpg
9,026010.jpg
6,026011.jpg
8,026012.jpg
8,026013.jpg
9,026014.jpg
6,026015.jpg
4,026016.jpg
4,026017.jpg
3,026018.jpg
8,026019.jpg
8,026020.jpg
9,026021.jpg
5,026022.jpg
5,026023.jpg
4,026024.jpg
6,026025.jpg
2,026026.jpg
8,026027.jpg
2,026028.jpg
4,026029.jpg
5,026030.jpg
0,026031.jpg
0,026032.jpg
6,026033.jpg
0,026034.jpg
8,026035.jpg
2,026036.jpg
4,026037.jpg
3,026038.jpg
6,026039.jpg
6,026040.jpg
0,026041.jpg
9,026042.jpg
2,026043.jpg
5,026044.jpg
6,026045.jpg
2,026046.jpg
9,026047.jpg
5,026048.jpg
0,026049.jpg
2,026050.jpg
6,026051.jpg
4,026052.jpg
8,026053.jpg
9,026054.jpg
1,026055.jpg
5,026056.jpg
9,026057.jpg
2,026058.jpg
1,026059.jpg
6,026060.jpg
7,026061.jpg
9,026062.jpg
5,026063.jpg
9,026064.jpg
9,026065.jpg
6,026066.jpg
3,026067.jpg
7,026068.jpg
1,026069.jpg
5,026070.jpg
6,026071.jpg
6,026072.jpg
2,026073.jpg
9,026074.jpg
8,026075.jpg
9,026076.jpg
7,026077.jpg
0,026078.jpg
5,026079.jpg
5,026080.jpg
1,026081.jpg
2,026082.jpg
6,026083.jpg
7,026084.jpg
8,026085.jpg
6,026086.jpg
5,026087.jpg
9,026088.jpg
3,026089.jpg
2,026090.jpg
0,026091.jpg
1,026092.jpg
3,026093.jpg
0,026094.jpg
1,026095.jpg
2,026096.jpg
7,026097.jpg
6,026098.jpg
4,026099.jpg
5,026100.jpg
3,026101.jpg
7,026102.jpg
5,026103.jpg
5,026104.jpg
8,026105.jpg
9,026106.jpg
4,026107.jpg
0,026108.jpg
6,026109.jpg
7,026110.jpg
9,026111.jpg
2,026112.jpg
8,026113.jpg
5,026114.jpg
6,026115.jpg
4,026116.jpg
9,026117.jpg
7,026118.jpg
6,026119.jpg
6,026120.jpg
0,026121.jpg
7,026122.jpg
0,026123.jpg
6,026124.jpg
6,026125.jpg
6,026126.jpg
0,026127.jpg
6,026128.jpg
7,026129.jpg
4,026130.jpg
9,026131.jpg
6,026132.jpg
0,026133.jpg
3,026134.jpg
9,026135.jpg
0,026136.jpg
5,026137.jpg
9,026138.jpg
0,026139.jpg
5,026140.jpg
1,026141.jpg
9,026142.jpg
8,026143.jpg
9,026144.jpg
7,026145.jpg
5,026146.jpg
8,026147.jpg
0,026148.jpg
7,026149.jpg
6,026150.jpg
7,026151.jpg
1,026152.jpg
1,026153.jpg
4,026154.jpg
3,026155.jpg
1,026156.jpg
5,026157.jpg
0,026158.jpg
4,026159.jpg
3,026160.jpg
4,026161.jpg
7,026162.jpg
1,026163.jpg
0,026164.jpg
6,026165.jpg
8,026166.jpg
3,026167.jpg
2,026168.jpg
8,026169.jpg
7,026170.jpg
3,026171.jpg
7,026172.jpg
2,026173.jpg
0,026174.jpg
5,026175.jpg
3,026176.jpg
9,026177.jpg
3,026178.jpg
1,026179.jpg
4,026180.jpg
5,026181.jpg
1,026182.jpg
3,026183.jpg
9,026184.jpg
1,026185.jpg
9,026186.jpg
0,026187.jpg
4,026188.jpg
5,026189.jpg
7,026190.jpg
8,026191.jpg
9,026192.jpg
2,026193.jpg
2,026194.jpg
7,026195.jpg
3,026196.jpg
3,026197.jpg
0,026198.jpg
8,026199.jpg
8,026200.jpg
0,026201.jpg
6,026202.jpg
7,026203.jpg
0,026204.jpg
3,026205.jpg
2,026206.jpg
0,026207.jpg
5,026208.jpg
3,026209.jpg
3,026210.jpg
0,026211.jpg
8,026212.jpg
3,026213.jpg
4,026214.jpg
8,026215.jpg
6,026216.jpg
5,026217.jpg
4,026218.jpg
9,026219.jpg
0,026220.jpg
1,026221.jpg
4,026222.jpg
6,026223.jpg
2,026224.jpg
5,026225.jpg
6,026226.jpg
1,026227.jpg
9,026228.jpg
0,026229.jpg
3,026230.jpg
1,026231.jpg
0,026232.jpg
2,026233.jpg
4,026234.jpg
3,026235.jpg
0,026236.jpg
2,026237.jpg
6,026238.jpg
9,026239.jpg
4,026240.jpg
5,026241.jpg
7,026242.jpg
0,026243.jpg
9,026244.jpg
9,026245.jpg
7,026246.jpg
6,026247.jpg
6,026248.jpg
2,026249.jpg
3,026250.jpg
7,026251.jpg
9,026252.jpg
5,026253.jpg
1,026254.jpg
8,026255.jpg
3,026256.jpg
7,026257.jpg
3,026258.jpg
4,026259.jpg
5,026260.jpg
3,026261.jpg
4,026262.jpg
0,026263.jpg
0,026264.jpg
6,026265.jpg
9,026266.jpg
6,026267.jpg
4,026268.jpg
9,026269.jpg
5,026270.jpg
4,026271.jpg
8,026272.jpg
0,026273.jpg
3,026274.jpg
8,026275.jpg
6,026276.jpg
9,026277.jpg
4,026278.jpg
6,026279.jpg
3,026280.jpg
6,026281.jpg
7,026282.jpg
8,026283.jpg
2,026284.jpg
6,026285.jpg
8,026286.jpg
4,026287.jpg
0,026288.jpg
7,026289.jpg
9,026290.jpg
1,026291.jpg
8,026292.jpg
0,026293.jpg
8,026294.jpg
9,026295.jpg
6,026296.jpg
7,026297.jpg
2,026298.jpg
8,026299.jpg
4,026300.jpg
3,026301.jpg
6,026302.jpg
8,026303.jpg
7,026304.jpg
0,026305.jpg
9,026306.jpg
6,026307.jpg
2,026308.jpg
6,026309.jpg
2,026310.jpg
1,026311.jpg
2,026312.jpg
4,026313.jpg
7,026314.jpg
7,026315.jpg
9,026316.jpg
8,026317.jpg
3,026318.jpg
3,026319.jpg
8,026320.jpg
2,026321.jpg
3,026322.jpg
6,026323.jpg
0,026324.jpg
5,026325.jpg
7,026326.jpg
7,026327.jpg
7,026328.jpg
7,026329.jpg
9,026330.jpg
0,026331.jpg
5,026332.jpg
7,026333.jpg
8,026334.jpg
6,026335.jpg
6,026336.jpg
9,026337.jpg
7,026338.jpg
4,026339.jpg
8,026340.jpg
8,026341.jpg
9,026342.jpg
5,026343.jpg
4,026344.jpg
6,026345.jpg
1,026346.jpg
7,026347.jpg
7,026348.jpg
7,026349.jpg
2,026350.jpg
3,026351.jpg
9,026352.jpg
4,026353.jpg
1,026354.jpg
7,026355.jpg
6,026356.jpg
7,026357.jpg
6,026358.jpg
0,026359.jpg
9,026360.jpg
8,026361.jpg
2,026362.jpg
8,026363.jpg
2,026364.jpg
2,026365.jpg
4,026366.jpg
6,026367.jpg
1,026368.jpg
5,026369.jpg
1,026370.jpg
4,026371.jpg
4,026372.jpg
0,026373.jpg
0,026374.jpg
5,026375.jpg
3,026376.jpg
2,026377.jpg
9,026378.jpg
2,026379.jpg
5,026380.jpg
8,026381.jpg
7,026382.jpg
4,026383.jpg
0,026384.jpg
6,026385.jpg
8,026386.jpg
7,026387.jpg
1,026388.jpg
4,026389.jpg
4,026390.jpg
7,026391.jpg
5,026392.jpg
8,026393.jpg
4,026394.jpg
5,026395.jpg
9,026396.jpg
4,026397.jpg
5,026398.jpg
4,026399.jpg
7,026400.jpg
1,026401.jpg
8,026402.jpg
5,026403.jpg
7,026404.jpg
5,026405.jpg
5,026406.jpg
5,026407.jpg
8,026408.jpg
5,026409.jpg
1,026410.jpg
7,026411.jpg
1,026412.jpg
1,026413.jpg
3,026414.jpg
3,026415.jpg
4,026416.jpg
7,026417.jpg
3,026418.jpg
8,026419.jpg
0,026420.jpg
9,026421.jpg
8,026422.jpg
4,026423.jpg
7,026424.jpg
3,026425.jpg
1,026426.jpg
3,026427.jpg
3,026428.jpg
8,026429.jpg
3,026430.jpg
8,026431.jpg
0,026432.jpg
2,026433.jpg
7,026434.jpg
9,026435.jpg
1,026436.jpg
8,026437.jpg
1,026438.jpg
4,026439.jpg
0,026440.jpg
0,026441.jpg
8,026442.jpg
7,026443.jpg
2,026444.jpg
2,026445.jpg
3,026446.jpg
2,026447.jpg
3,026448.jpg
8,026449.jpg
8,026450.jpg
6,026451.jpg
1,026452.jpg
9,026453.jpg
1,026454.jpg
2,026455.jpg
7,026456.jpg
3,026457.jpg
7,026458.jpg
5,026459.jpg
0,026460.jpg
5,026461.jpg
5,026462.jpg
4,026463.jpg
9,026464.jpg
7,026465.jpg
3,026466.jpg
4,026467.jpg
4,026468.jpg
8,026469.jpg
5,026470.jpg
7,026471.jpg
7,026472.jpg
0,026473.jpg
0,026474.jpg
3,026475.jpg
0,026476.jpg
6,026477.jpg
1,026478.jpg
6,026479.jpg
4,026480.jpg
2,026481.jpg
0,026482.jpg
7,026483.jpg
7,026484.jpg
9,026485.jpg
2,026486.jpg
1,026487.jpg
5,026488.jpg
7,026489.jpg
7,026490.jpg
9,026491.jpg
1,026492.jpg
5,026493.jpg
7,026494.jpg
1,026495.jpg
6,026496.jpg
6,026497.jpg
5,026498.jpg
1,026499.jpg
2,026500.jpg
8,026501.jpg
5,026502.jpg
4,026503.jpg
6,026504.jpg
1,026505.jpg
0,026506.jpg
4,026507.jpg
8,026508.jpg
2,026509.jpg
4,026510.jpg
7,026511.jpg
0,026512.jpg
3,026513.jpg
4,026514.jpg
7,026515.jpg
5,026516.jpg
7,026517.jpg
0,026518.jpg
0,026519.jpg
8,026520.jpg
9,026521.jpg
3,026522.jpg
5,026523.jpg
7,026524.jpg
8,026525.jpg
1,026526.jpg
9,026527.jpg
3,026528.jpg
6,026529.jpg
6,026530.jpg
7,026531.jpg
1,026532.jpg
4,026533.jpg
8,026534.jpg
1,026535.jpg
4,026536.jpg
1,026537.jpg
1,026538.jpg
0,026539.jpg
3,026540.jpg
4,026541.jpg
4,026542.jpg
6,026543.jpg
1,026544.jpg
3,026545.jpg
0,026546.jpg
0,026547.jpg
3,026548.jpg
8,026549.jpg
7,026550.jpg
2,026551.jpg
9,026552.jpg
3,026553.jpg
5,026554.jpg
9,026555.jpg
4,026556.jpg
3,026557.jpg
4,026558.jpg
8,026559.jpg
8,026560.jpg
3,026561.jpg
5,026562.jpg
6,026563.jpg
5,026564.jpg
8,026565.jpg
7,026566.jpg
6,026567.jpg
0,026568.jpg
6,026569.jpg
9,026570.jpg
1,026571.jpg
4,026572.jpg
7,026573.jpg
2,026574.jpg
0,026575.jpg
8,026576.jpg
4,026577.jpg
7,026578.jpg
6,026579.jpg
7,026580.jpg
6,026581.jpg
9,026582.jpg
0,026583.jpg
6,026584.jpg
0,026585.jpg
3,026586.jpg
6,026587.jpg
4,026588.jpg
3,026589.jpg
1,026590.jpg
6,026591.jpg
5,026592.jpg
8,026593.jpg
9,026594.jpg
0,026595.jpg
8,026596.jpg
9,026597.jpg
1,026598.jpg
2,026599.jpg
8,026600.jpg
6,026601.jpg
7,026602.jpg
3,026603.jpg
4,026604.jpg
7,026605.jpg
9,026606.jpg
4,026607.jpg
8,026608.jpg
0,026609.jpg
3,026610.jpg
4,026611.jpg
1,026612.jpg
9,026613.jpg
5,026614.jpg
8,026615.jpg
4,026616.jpg
2,026617.jpg
7,026618.jpg
6,026619.jpg
8,026620.jpg
7,026621.jpg
0,026622.jpg
4,026623.jpg
3,026624.jpg
2,026625.jpg
4,026626.jpg
5,026627.jpg
5,026628.jpg
2,026629.jpg
9,026630.jpg
3,026631.jpg
3,026632.jpg
5,026633.jpg
1,026634.jpg
2,026635.jpg
9,026636.jpg
6,026637.jpg
3,026638.jpg
2,026639.jpg
1,026640.jpg
7,026641.jpg
3,026642.jpg
9,026643.jpg
2,026644.jpg
2,026645.jpg
6,026646.jpg
7,026647.jpg
2,026648.jpg
7,026649.jpg
3,026650.jpg
9,026651.jpg
1,026652.jpg
7,026653.jpg
1,026654.jpg
2,026655.jpg
0,026656.jpg
7,026657.jpg
9,026658.jpg
4,026659.jpg
1,026660.jpg
1,026661.jpg
3,026662.jpg
0,026663.jpg
5,026664.jpg
7,026665.jpg
9,026666.jpg
9,026667.jpg
5,026668.jpg
7,026669.jpg
6,026670.jpg
5,026671.jpg
7,026672.jpg
5,026673.jpg
0,026674.jpg
4,026675.jpg
8,026676.jpg
8,026677.jpg
1,026678.jpg
4,026679.jpg
1,026680.jpg
0,026681.jpg
8,026682.jpg
6,026683.jpg
2,026684.jpg
5,026685.jpg
2,026686.jpg
1,026687.jpg
2,026688.jpg
0,026689.jpg
1,026690.jpg
4,026691.jpg
9,026692.jpg
5,026693.jpg
4,026694.jpg
6,026695.jpg
8,026696.jpg
7,026697.jpg
0,026698.jpg
5,026699.jpg
1,026700.jpg
4,026701.jpg
4,026702.jpg
6,026703.jpg
2,026704.jpg
9,026705.jpg
0,026706.jpg
3,026707.jpg
8,026708.jpg
8,026709.jpg
3,026710.jpg
7,026711.jpg
6,026712.jpg
7,026713.jpg
7,026714.jpg
7,026715.jpg
9,026716.jpg
1,026717.jpg
8,026718.jpg
2,026719.jpg
2,026720.jpg
2,026721.jpg
4,026722.jpg
8,026723.jpg
5,026724.jpg
8,026725.jpg
4,026726.jpg
7,026727.jpg
4,026728.jpg
4,026729.jpg
1,026730.jpg
3,026731.jpg
7,026732.jpg
2,026733.jpg
3,026734.jpg
0,026735.jpg
5,026736.jpg
5,026737.jpg
0,026738.jpg
3,026739.jpg
7,026740.jpg
1,026741.jpg
1,026742.jpg
0,026743.jpg
0,026744.jpg
6,026745.jpg
4,026746.jpg
3,026747.jpg
9,026748.jpg
1,026749.jpg
4,026750.jpg
8,026751.jpg
3,026752.jpg
3,026753.jpg
3,026754.jpg
0,026755.jpg
2,026756.jpg
0,026757.jpg
6,026758.jpg
9,026759.jpg
3,026760.jpg
5,026761.jpg
1,026762.jpg
0,026763.jpg
8,026764.jpg
9,026765.jpg
3,026766.jpg
3,026767.jpg
5,026768.jpg
4,026769.jpg
8,026770.jpg
9,026771.jpg
7,026772.jpg
9,026773.jpg
6,026774.jpg
7,026775.jpg
2,026776.jpg
8,026777.jpg
2,026778.jpg
9,026779.jpg
0,026780.jpg
9,026781.jpg
5,026782.jpg
1,026783.jpg
5,026784.jpg
1,026785.jpg
1,026786.jpg
8,026787.jpg
3,026788.jpg
9,026789.jpg
5,026790.jpg
7,026791.jpg
8,026792.jpg
7,026793.jpg
6,026794.jpg
4,026795.jpg
7,026796.jpg
9,026797.jpg
0,026798.jpg
3,026799.jpg
8,026800.jpg
1,026801.jpg
5,026802.jpg
4,026803.jpg
6,026804.jpg
8,026805.jpg
9,026806.jpg
9,026807.jpg
0,026808.jpg
3,026809.jpg
2,026810.jpg
6,026811.jpg
2,026812.jpg
1,026813.jpg
6,026814.jpg
0,026815.jpg
2,026816.jpg
8,026817.jpg
3,026818.jpg
6,026819.jpg
6,026820.jpg
5,026821.jpg
5,026822.jpg
8,026823.jpg
8,026824.jpg
7,026825.jpg
1,026826.jpg
1,026827.jpg
4,026828.jpg
6,026829.jpg
9,026830.jpg
9,026831.jpg
3,026832.jpg
5,026833.jpg
0,026834.jpg
9,026835.jpg
7,026836.jpg
3,026837.jpg
1,026838.jpg
5,026839.jpg
8,026840.jpg
9,026841.jpg
8,026842.jpg
4,026843.jpg
1,026844.jpg
4,026845.jpg
1,026846.jpg
9,026847.jpg
8,026848.jpg
9,026849.jpg
9,026850.jpg
2,026851.jpg
9,026852.jpg
8,026853.jpg
0,026854.jpg
0,026855.jpg
2,026856.jpg
9,026857.jpg
3,026858.jpg
7,026859.jpg
3,026860.jpg
5,026861.jpg
2,026862.jpg
5,026863.jpg
2,026864.jpg
1,026865.jpg
7,026866.jpg
2,026867.jpg
8,026868.jpg
6,026869.jpg
9,026870.jpg
8,026871.jpg
7,026872.jpg
4,026873.jpg
3,026874.jpg
5,026875.jpg
2,026876.jpg
7,026877.jpg
1,026878.jpg
3,026879.jpg
3,026880.jpg
1,026881.jpg
9,026882.jpg
1,026883.jpg
9,026884.jpg
1,026885.jpg
9,026886.jpg
1,026887.jpg
2,026888.jpg
5,026889.jpg
8,026890.jpg
8,026891.jpg
2,026892.jpg
0,026893.jpg
2,026894.jpg
2,026895.jpg
0,026896.jpg
1,026897.jpg
3,026898.jpg
0,026899.jpg
7,026900.jpg
3,026901.jpg
9,026902.jpg
4,026903.jpg
4,026904.jpg
1,026905.jpg
3,026906.jpg
0,026907.jpg
1,026908.jpg
3,026909.jpg
8,026910.jpg
3,026911.jpg
1,026912.jpg
4,026913.jpg
7,026914.jpg
6,026915.jpg
7,026916.jpg
9,026917.jpg
9,026918.jpg
4,026919.jpg
6,026920.jpg
0,026921.jpg
1,026922.jpg
9,026923.jpg
9,026924.jpg
0,026925.jpg
8,026926.jpg
8,026927.jpg
0,026928.jpg
1,026929.jpg
6,026930.jpg
5,026931.jpg
1,026932.jpg
5,026933.jpg
6,026934.jpg
3,026935.jpg
4,026936.jpg
6,026937.jpg
7,026938.jpg
4,026939.jpg
2,026940.jpg
4,026941.jpg
0,026942.jpg
1,026943.jpg
5,026944.jpg
3,026945.jpg
0,026946.jpg
2,026947.jpg
3,026948.jpg
3,026949.jpg
2,026950.jpg
2,026951.jpg
1,026952.jpg
3,026953.jpg
6,026954.jpg
8,026955.jpg
6,026956.jpg
0,026957.jpg
1,026958.jpg
6,026959.jpg
9,026960.jpg
2,026961.jpg
5,026962.jpg
3,026963.jpg
1,026964.jpg
6,026965.jpg
7,026966.jpg
4,026967.jpg
7,026968.jpg
7,026969.jpg
4,026970.jpg
2,026971.jpg
5,026972.jpg
3,026973.jpg
0,026974.jpg
2,026975.jpg
6,026976.jpg
6,026977.jpg
7,026978.jpg
0,026979.jpg
9,026980.jpg
6,026981.jpg
3,026982.jpg
4,026983.jpg
9,026984.jpg
7,026985.jpg
8,026986.jpg
8,026987.jpg
3,026988.jpg
2,026989.jpg
9,026990.jpg
0,026991.jpg
0,026992.jpg
1,026993.jpg
0,026994.jpg
9,026995.jpg
3,026996.jpg
5,026997.jpg
4,026998.jpg
0,026999.jpg
3,027000.jpg
1,027001.jpg
8,027002.jpg
1,027003.jpg
0,027004.jpg
8,027005.jpg
8,027006.jpg
3,027007.jpg
7,027008.jpg
2,027009.jpg
7,027010.jpg
5,027011.jpg
4,027012.jpg
4,027013.jpg
7,027014.jpg
7,027015.jpg
1,027016.jpg
2,027017.jpg
8,027018.jpg
9,027019.jpg
3,027020.jpg
2,027021.jpg
6,027022.jpg
1,027023.jpg
0,027024.jpg
4,027025.jpg
0,027026.jpg
1,027027.jpg
4,027028.jpg
3,027029.jpg
5,027030.jpg
7,027031.jpg
3,027032.jpg
2,027033.jpg
7,027034.jpg
4,027035.jpg
5,027036.jpg
9,027037.jpg
8,027038.jpg
7,027039.jpg
2,027040.jpg
2,027041.jpg
7,027042.jpg
8,027043.jpg
1,027044.jpg
0,027045.jpg
4,027046.jpg
5,027047.jpg
8,027048.jpg
0,027049.jpg
1,027050.jpg
1,027051.jpg
1,027052.jpg
0,027053.jpg
2,027054.jpg
0,027055.jpg
6,027056.jpg
4,027057.jpg
3,027058.jpg
0,027059.jpg
2,027060.jpg
4,027061.jpg
6,027062.jpg
9,027063.jpg
9,027064.jpg
9,027065.jpg
7,027066.jpg
1,027067.jpg
1,027068.jpg
7,027069.jpg
0,027070.jpg
8,027071.jpg
5,027072.jpg
7,027073.jpg
0,027074.jpg
8,027075.jpg
2,027076.jpg
4,027077.jpg
8,027078.jpg
5,027079.jpg
3,027080.jpg
9,027081.jpg
8,027082.jpg
5,027083.jpg
6,027084.jpg
1,027085.jpg
7,027086.jpg
6,027087.jpg
0,027088.jpg
4,027089.jpg
8,027090.jpg
7,027091.jpg
5,027092.jpg
1,027093.jpg
0,027094.jpg
2,027095.jpg
3,027096.jpg
2,027097.jpg
8,027098.jpg
3,027099.jpg
1,027100.jpg
5,027101.jpg
9,027102.jpg
1,027103.jpg
2,027104.jpg
2,027105.jpg
1,027106.jpg
8,027107.jpg
0,027108.jpg
8,027109.jpg
4,027110.jpg
4,027111.jpg
2,027112.jpg
0,027113.jpg
3,027114.jpg
3,027115.jpg
8,027116.jpg
1,027117.jpg
2,027118.jpg
3,027119.jpg
5,027120.jpg
9,027121.jpg
8,027122.jpg
8,027123.jpg
9,027124.jpg
9,027125.jpg
4,027126.jpg
6,027127.jpg
2,027128.jpg
2,027129.jpg
0,027130.jpg
9,027131.jpg
0,027132.jpg
4,027133.jpg
9,027134.jpg
7,027135.jpg
3,027136.jpg
8,027137.jpg
7,027138.jpg
0,027139.jpg
2,027140.jpg
7,027141.jpg
4,027142.jpg
7,027143.jpg
4,027144.jpg
4,027145.jpg
4,027146.jpg
5,027147.jpg
3,027148.jpg
7,027149.jpg
1,027150.jpg
8,027151.jpg
4,027152.jpg
3,027153.jpg
6,027154.jpg
9,027155.jpg
1,027156.jpg
3,027157.jpg
9,027158.jpg
4,027159.jpg
3,027160.jpg
5,027161.jpg
1,027162.jpg
6,027163.jpg
1,027164.jpg
6,027165.jpg
7,027166.jpg
0,027167.jpg
5,027168.jpg
3,027169.jpg
8,027170.jpg
8,027171.jpg
5,027172.jpg
6,027173.jpg
0,027174.jpg
9,027175.jpg
7,027176.jpg
7,027177.jpg
3,027178.jpg
2,027179.jpg
6,027180.jpg
8,027181.jpg
6,027182.jpg
7,027183.jpg
8,027184.jpg
3,027185.jpg
0,027186.jpg
1,027187.jpg
4,027188.jpg
5,027189.jpg
6,027190.jpg
1,027191.jpg
9,027192.jpg
8,027193.jpg
2,027194.jpg
0,027195.jpg
2,027196.jpg
2,027197.jpg
3,027198.jpg
7,027199.jpg
7,027200.jpg
8,027201.jpg
4,027202.jpg
3,027203.jpg
0,027204.jpg
6,027205.jpg
5,027206.jpg
7,027207.jpg
6,027208.jpg
1,027209.jpg
5,027210.jpg
2,027211.jpg
5,027212.jpg
6,027213.jpg
8,027214.jpg
4,027215.jpg
6,027216.jpg
2,027217.jpg
9,027218.jpg
6,027219.jpg
1,027220.jpg
5,027221.jpg
4,027222.jpg
4,027223.jpg
0,027224.jpg
4,027225.jpg
8,027226.jpg
0,027227.jpg
6,027228.jpg
7,027229.jpg
6,027230.jpg
0,027231.jpg
0,027232.jpg
4,027233.jpg
1,027234.jpg
5,027235.jpg
3,027236.jpg
6,027237.jpg
8,027238.jpg
9,027239.jpg
8,027240.jpg
2,027241.jpg
7,027242.jpg
2,027243.jpg
6,027244.jpg
4,027245.jpg
9,027246.jpg
8,027247.jpg
5,027248.jpg
9,027249.jpg
2,027250.jpg
0,027251.jpg
1,027252.jpg
0,027253.jpg
5,027254.jpg
7,027255.jpg
6,027256.jpg
4,027257.jpg
2,027258.jpg
1,027259.jpg
8,027260.jpg
2,027261.jpg
9,027262.jpg
4,027263.jpg
5,027264.jpg
8,027265.jpg
5,027266.jpg
3,027267.jpg
1,027268.jpg
6,027269.jpg
2,027270.jpg
9,027271.jpg
6,027272.jpg
6,027273.jpg
7,027274.jpg
4,027275.jpg
1,027276.jpg
1,027277.jpg
7,027278.jpg
6,027279.jpg
4,027280.jpg
6,027281.jpg
4,027282.jpg
7,027283.jpg
5,027284.jpg
4,027285.jpg
9,027286.jpg
5,027287.jpg
6,027288.jpg
1,027289.jpg
2,027290.jpg
7,027291.jpg
6,027292.jpg
2,027293.jpg
6,027294.jpg
2,027295.jpg
7,027296.jpg
5,027297.jpg
6,027298.jpg
4,027299.jpg
4,027300.jpg
4,027301.jpg
9,027302.jpg
0,027303.jpg
1,027304.jpg
8,027305.jpg
8,027306.jpg
1,027307.jpg
4,027308.jpg
7,027309.jpg
9,027310.jpg
5,027311.jpg
7,027312.jpg
5,027313.jpg
4,027314.jpg
2,027315.jpg
4,027316.jpg
8,027317.jpg
3,027318.jpg
5,027319.jpg
9,027320.jpg
7,027321.jpg
3,027322.jpg
6,027323.jpg
2,027324.jpg
7,027325.jpg
3,027326.jpg
0,027327.jpg
9,027328.jpg
2,027329.jpg
1,027330.jpg
2,027331.jpg
0,027332.jpg
3,027333.jpg
2,027334.jpg
5,027335.jpg
6,027336.jpg
5,027337.jpg
6,027338.jpg
1,027339.jpg
9,027340.jpg
0,027341.jpg
5,027342.jpg
7,027343.jpg
0,027344.jpg
6,027345.jpg
6,027346.jpg
8,027347.jpg
5,027348.jpg
6,027349.jpg
4,027350.jpg
3,027351.jpg
3,027352.jpg
1,027353.jpg
3,027354.jpg
3,027355.jpg
1,027356.jpg
5,027357.jpg
3,027358.jpg
1,027359.jpg
5,027360.jpg
1,027361.jpg
9,027362.jpg
8,027363.jpg
4,027364.jpg
5,027365.jpg
9,027366.jpg
2,027367.jpg
0,027368.jpg
8,027369.jpg
8,027370.jpg
0,027371.jpg
3,027372.jpg
0,027373.jpg
3,027374.jpg
2,027375.jpg
1,027376.jpg
8,027377.jpg
7,027378.jpg
6,027379.jpg
7,027380.jpg
9,027381.jpg
3,027382.jpg
9,027383.jpg
7,027384.jpg
3,027385.jpg
5,027386.jpg
2,027387.jpg
1,027388.jpg
0,027389.jpg
7,027390.jpg
6,027391.jpg
2,027392.jpg
8,027393.jpg
7,027394.jpg
2,027395.jpg
3,027396.jpg
8,027397.jpg
0,027398.jpg
0,027399.jpg
9,027400.jpg
7,027401.jpg
8,027402.jpg
9,027403.jpg
9,027404.jpg
7,027405.jpg
2,027406.jpg
4,027407.jpg
8,027408.jpg
8,027409.jpg
3,027410.jpg
4,027411.jpg
6,027412.jpg
0,027413.jpg
0,027414.jpg
6,027415.jpg
9,027416.jpg
7,027417.jpg
1,027418.jpg
6,027419.jpg
5,027420.jpg
2,027421.jpg
8,027422.jpg
3,027423.jpg
6,027424.jpg
6,027425.jpg
9,027426.jpg
4,027427.jpg
4,027428.jpg
6,027429.jpg
3,027430.jpg
6,027431.jpg
9,027432.jpg
9,027433.jpg
4,027434.jpg
6,027435.jpg
1,027436.jpg
3,027437.jpg
7,027438.jpg
4,027439.jpg
1,027440.jpg
1,027441.jpg
8,027442.jpg
2,027443.jpg
5,027444.jpg
1,027445.jpg
8,027446.jpg
5,027447.jpg
4,027448.jpg
8,027449.jpg
8,027450.jpg
1,027451.jpg
2,027452.jpg
7,027453.jpg
7,027454.jpg
5,027455.jpg
2,027456.jpg
1,027457.jpg
9,027458.jpg
4,027459.jpg
0,027460.jpg
3,027461.jpg
6,027462.jpg
6,027463.jpg
9,027464.jpg
5,027465.jpg
5,027466.jpg
3,027467.jpg
8,027468.jpg
0,027469.jpg
8,027470.jpg
0,027471.jpg
4,027472.jpg
3,027473.jpg
5,027474.jpg
1,027475.jpg
4,027476.jpg
6,027477.jpg
6,027478.jpg
5,027479.jpg
1,027480.jpg
0,027481.jpg
3,027482.jpg
8,027483.jpg
5,027484.jpg
6,027485.jpg
4,027486.jpg
5,027487.jpg
0,027488.jpg
2,027489.jpg
6,027490.jpg
7,027491.jpg
5,027492.jpg
1,027493.jpg
7,027494.jpg
6,027495.jpg
7,027496.jpg
7,027497.jpg
9,027498.jpg
1,027499.jpg
6,027500.jpg
8,027501.jpg
0,027502.jpg
6,027503.jpg
1,027504.jpg
4,027505.jpg
3,027506.jpg
7,027507.jpg
0,027508.jpg
3,027509.jpg
2,027510.jpg
8,027511.jpg
5,027512.jpg
8,027513.jpg
1,027514.jpg
9,027515.jpg
6,027516.jpg
7,027517.jpg
4,027518.jpg
4,027519.jpg
8,027520.jpg
5,027521.jpg
7,027522.jpg
1,027523.jpg
9,027524.jpg
0,027525.jpg
9,027526.jpg
1,027527.jpg
5,027528.jpg
1,027529.jpg
8,027530.jpg
8,027531.jpg
5,027532.jpg
4,027533.jpg
3,027534.jpg
2,027535.jpg
6,027536.jpg
6,027537.jpg
1,027538.jpg
6,027539.jpg
5,027540.jpg
7,027541.jpg
8,027542.jpg
9,027543.jpg
1,027544.jpg
9,027545.jpg
3,027546.jpg
8,027547.jpg
1,027548.jpg
9,027549.jpg
5,027550.jpg
0,027551.jpg
0,027552.jpg
1,027553.jpg
1,027554.jpg
6,027555.jpg
1,027556.jpg
7,027557.jpg
7,027558.jpg
4,027559.jpg
6,027560.jpg
0,027561.jpg
3,027562.jpg
3,027563.jpg
8,027564.jpg
2,027565.jpg
7,027566.jpg
4,027567.jpg
4,027568.jpg
0,027569.jpg
4,027570.jpg
6,027571.jpg
2,027572.jpg
8,027573.jpg
8,027574.jpg
6,027575.jpg
3,027576.jpg
9,027577.jpg
4,027578.jpg
3,027579.jpg
8,027580.jpg
7,027581.jpg
8,027582.jpg
5,027583.jpg
7,027584.jpg
8,027585.jpg
4,027586.jpg
1,027587.jpg
2,027588.jpg
0,027589.jpg
6,027590.jpg
2,027591.jpg
0,027592.jpg
8,027593.jpg
8,027594.jpg
9,027595.jpg
0,027596.jpg
7,027597.jpg
7,027598.jpg
3,027599.jpg
6,027600.jpg
4,027601.jpg
7,027602.jpg
8,027603.jpg
4,027604.jpg
4,027605.jpg
2,027606.jpg
4,027607.jpg
6,027608.jpg
0,027609.jpg
2,027610.jpg
0,027611.jpg
7,027612.jpg
7,027613.jpg
0,027614.jpg
0,027615.jpg
2,027616.jpg
7,027617.jpg
6,027618.jpg
7,027619.jpg
7,027620.jpg
8,027621.jpg
2,027622.jpg
1,027623.jpg
9,027624.jpg
4,027625.jpg
5,027626.jpg
7,027627.jpg
8,027628.jpg
1,027629.jpg
5,027630.jpg
6,027631.jpg
4,027632.jpg
9,027633.jpg
8,027634.jpg
6,027635.jpg
3,027636.jpg
7,027637.jpg
8,027638.jpg
6,027639.jpg
7,027640.jpg
5,027641.jpg
4,027642.jpg
1,027643.jpg
0,027644.jpg
5,027645.jpg
8,027646.jpg
0,027647.jpg
2,027648.jpg
2,027649.jpg
6,027650.jpg
6,027651.jpg
6,027652.jpg
1,027653.jpg
7,027654.jpg
7,027655.jpg
7,027656.jpg
3,027657.jpg
4,027658.jpg
9,027659.jpg
4,027660.jpg
1,027661.jpg
7,027662.jpg
0,027663.jpg
2,027664.jpg
2,027665.jpg
2,027666.jpg
3,027667.jpg
0,027668.jpg
3,027669.jpg
8,027670.jpg
6,027671.jpg
8,027672.jpg
1,027673.jpg
5,027674.jpg
4,027675.jpg
8,027676.jpg
3,027677.jpg
4,027678.jpg
5,027679.jpg
0,027680.jpg
2,027681.jpg
8,027682.jpg
2,027683.jpg
9,027684.jpg
8,027685.jpg
6,027686.jpg
2,027687.jpg
4,027688.jpg
6,027689.jpg
0,027690.jpg
8,027691.jpg
7,027692.jpg
9,027693.jpg
8,027694.jpg
6,027695.jpg
1,027696.jpg
8,027697.jpg
0,027698.jpg
1,027699.jpg
7,027700.jpg
5,027701.jpg
6,027702.jpg
9,027703.jpg
4,027704.jpg
1,027705.jpg
8,027706.jpg
0,027707.jpg
7,027708.jpg
5,027709.jpg
4,027710.jpg
2,027711.jpg
5,027712.jpg
8,027713.jpg
6,027714.jpg
9,027715.jpg
7,027716.jpg
0,027717.jpg
7,027718.jpg
4,027719.jpg
7,027720.jpg
3,027721.jpg
3,027722.jpg
7,027723.jpg
1,027724.jpg
0,027725.jpg
2,027726.jpg
4,027727.jpg
5,027728.jpg
4,027729.jpg
0,027730.jpg
4,027731.jpg
2,027732.jpg
8,027733.jpg
7,027734.jpg
4,027735.jpg
4,027736.jpg
1,027737.jpg
5,027738.jpg
7,027739.jpg
4,027740.jpg
9,027741.jpg
2,027742.jpg
2,027743.jpg
7,027744.jpg
8,027745.jpg
5,027746.jpg
8,027747.jpg
6,027748.jpg
4,027749.jpg
5,027750.jpg
7,027751.jpg
0,027752.jpg
3,027753.jpg
7,027754.jpg
2,027755.jpg
6,027756.jpg
2,027757.jpg
2,027758.jpg
3,027759.jpg
7,027760.jpg
8,027761.jpg
5,027762.jpg
5,027763.jpg
8,027764.jpg
5,027765.jpg
1,027766.jpg
7,027767.jpg
8,027768.jpg
8,027769.jpg
3,027770.jpg
8,027771.jpg
0,027772.jpg
7,027773.jpg
8,027774.jpg
9,027775.jpg
9,027776.jpg
6,027777.jpg
8,027778.jpg
5,027779.jpg
1,027780.jpg
9,027781.jpg
0,027782.jpg
6,027783.jpg
2,027784.jpg
1,027785.jpg
6,027786.jpg
7,027787.jpg
6,027788.jpg
1,027789.jpg
3,027790.jpg
5,027791.jpg
9,027792.jpg
3,027793.jpg
5,027794.jpg
1,027795.jpg
8,027796.jpg
7,027797.jpg
0,027798.jpg
0,027799.jpg
8,027800.jpg
5,027801.jpg
5,027802.jpg
2,027803.jpg
8,027804.jpg
5,027805.jpg
8,027806.jpg
8,027807.jpg
9,027808.jpg
2,027809.jpg
8,027810.jpg
7,027811.jpg
8,027812.jpg
9,027813.jpg
0,027814.jpg
6,027815.jpg
7,027816.jpg
0,027817.jpg
2,027818.jpg
2,027819.jpg
1,027820.jpg
2,027821.jpg
4,027822.jpg
5,027823.jpg
7,027824.jpg
1,027825.jpg
4,027826.jpg
4,027827.jpg
9,027828.jpg
0,027829.jpg
5,027830.jpg
5,027831.jpg
1,027832.jpg
8,027833.jpg
8,027834.jpg
6,027835.jpg
8,027836.jpg
0,027837.jpg
2,027838.jpg
1,027839.jpg
0,027840.jpg
4,027841.jpg
9,027842.jpg
3,027843.jpg
4,027844.jpg
2,027845.jpg
3,027846.jpg
2,027847.jpg
6,027848.jpg
3,027849.jpg
8,027850.jpg
4,027851.jpg
7,027852.jpg
3,027853.jpg
1,027854.jpg
5,027855.jpg
5,027856.jpg
0,027857.jpg
5,027858.jpg
0,027859.jpg
5,027860.jpg
2,027861.jpg
7,027862.jpg
2,027863.jpg
2,027864.jpg
5,027865.jpg
3,027866.jpg
7,027867.jpg
8,027868.jpg
3,027869.jpg
4,027870.jpg
3,027871.jpg
6,027872.jpg
1,027873.jpg
6,027874.jpg
1,027875.jpg
1,027876.jpg
8,027877.jpg
8,027878.jpg
3,027879.jpg
0,027880.jpg
4,027881.jpg
8,027882.jpg
9,027883.jpg
9,027884.jpg
5,027885.jpg
8,027886.jpg
2,027887.jpg
7,027888.jpg
2,027889.jpg
6,027890.jpg
5,027891.jpg
5,027892.jpg
6,027893.jpg
2,027894.jpg
6,027895.jpg
1,027896.jpg
5,027897.jpg
8,027898.jpg
1,027899.jpg
7,027900.jpg
0,027901.jpg
2,027902.jpg
1,027903.jpg
7,027904.jpg
1,027905.jpg
6,027906.jpg
1,027907.jpg
0,027908.jpg
1,027909.jpg
6,027910.jpg
1,027911.jpg
1,027912.jpg
5,027913.jpg
5,027914.jpg
2,027915.jpg
4,027916.jpg
3,027917.jpg
3,027918.jpg
7,027919.jpg
0,027920.jpg
5,027921.jpg
3,027922.jpg
8,027923.jpg
7,027924.jpg
6,027925.jpg
7,027926.jpg
8,027927.jpg
6,027928.jpg
5,027929.jpg
6,027930.jpg
1,027931.jpg
0,027932.jpg
7,027933.jpg
5,027934.jpg
8,027935.jpg
3,027936.jpg
1,027937.jpg
6,027938.jpg
6,027939.jpg
5,027940.jpg
2,027941.jpg
6,027942.jpg
5,027943.jpg
9,027944.jpg
7,027945.jpg
9,027946.jpg
8,027947.jpg
3,027948.jpg
7,027949.jpg
3,027950.jpg
0,027951.jpg
3,027952.jpg
2,027953.jpg
6,027954.jpg
5,027955.jpg
5,027956.jpg
1,027957.jpg
6,027958.jpg
4,027959.jpg
4,027960.jpg
7,027961.jpg
6,027962.jpg
9,027963.jpg
7,027964.jpg
4,027965.jpg
5,027966.jpg
0,027967.jpg
1,027968.jpg
2,027969.jpg
7,027970.jpg
9,027971.jpg
0,027972.jpg
7,027973.jpg
3,027974.jpg
2,027975.jpg
0,027976.jpg
8,027977.jpg
5,027978.jpg
2,027979.jpg
3,027980.jpg
0,027981.jpg
3,027982.jpg
3,027983.jpg
6,027984.jpg
2,027985.jpg
1,027986.jpg
2,027987.jpg
3,027988.jpg
0,027989.jpg
3,027990.jpg
9,027991.jpg
8,027992.jpg
6,027993.jpg
0,027994.jpg
2,027995.jpg
7,027996.jpg
1,027997.jpg
5,027998.jpg
9,027999.jpg
2,028000.jpg
7,028001.jpg
0,028002.jpg
1,028003.jpg
0,028004.jpg
6,028005.jpg
3,028006.jpg
2,028007.jpg
7,028008.jpg
3,028009.jpg
9,028010.jpg
3,028011.jpg
3,028012.jpg
0,028013.jpg
8,028014.jpg
8,028015.jpg
6,028016.jpg
5,028017.jpg
8,028018.jpg
0,028019.jpg
7,028020.jpg
2,028021.jpg
0,028022.jpg
3,028023.jpg
8,028024.jpg
3,028025.jpg
7,028026.jpg
9,028027.jpg
6,028028.jpg
4,028029.jpg
7,028030.jpg
6,028031.jpg
4,028032.jpg
9,028033.jpg
4,028034.jpg
3,028035.jpg
0,028036.jpg
9,028037.jpg
5,028038.jpg
1,028039.jpg
6,028040.jpg
9,028041.jpg
9,028042.jpg
3,028043.jpg
5,028044.jpg
9,028045.jpg
6,028046.jpg
2,028047.jpg
9,028048.jpg
5,028049.jpg
6,028050.jpg
9,028051.jpg
3,028052.jpg
8,028053.jpg
9,028054.jpg
0,028055.jpg
2,028056.jpg
4,028057.jpg
8,028058.jpg
2,028059.jpg
2,028060.jpg
0,028061.jpg
0,028062.jpg
1,028063.jpg
8,028064.jpg
4,028065.jpg
1,028066.jpg
4,028067.jpg
7,028068.jpg
1,028069.jpg
5,028070.jpg
6,028071.jpg
3,028072.jpg
2,028073.jpg
5,028074.jpg
5,028075.jpg
5,028076.jpg
7,028077.jpg
6,028078.jpg
6,028079.jpg
5,028080.jpg
8,028081.jpg
2,028082.jpg
8,028083.jpg
9,028084.jpg
3,028085.jpg
5,028086.jpg
2,028087.jpg
2,028088.jpg
5,028089.jpg
4,028090.jpg
4,028091.jpg
6,028092.jpg
9,028093.jpg
7,028094.jpg
8,028095.jpg
1,028096.jpg
1,028097.jpg
8,028098.jpg
3,028099.jpg
5,028100.jpg
3,028101.jpg
1,028102.jpg
0,028103.jpg
8,028104.jpg
8,028105.jpg
7,028106.jpg
7,028107.jpg
3,028108.jpg
6,028109.jpg
5,028110.jpg
1,028111.jpg
1,028112.jpg
8,028113.jpg
8,028114.jpg
8,028115.jpg
9,028116.jpg
8,028117.jpg
4,028118.jpg
3,028119.jpg
0,028120.jpg
2,028121.jpg
8,028122.jpg
8,028123.jpg
5,028124.jpg
5,028125.jpg
6,028126.jpg
6,028127.jpg
3,028128.jpg
5,028129.jpg
3,028130.jpg
6,028131.jpg
4,028132.jpg
9,028133.jpg
8,028134.jpg
8,028135.jpg
9,028136.jpg
2,028137.jpg
4,028138.jpg
7,028139.jpg
0,028140.jpg
6,028141.jpg
9,028142.jpg
9,028143.jpg
7,028144.jpg
6,028145.jpg
3,028146.jpg
3,028147.jpg
0,028148.jpg
3,028149.jpg
5,028150.jpg
6,028151.jpg
5,028152.jpg
5,028153.jpg
6,028154.jpg
8,028155.jpg
7,028156.jpg
0,028157.jpg
6,028158.jpg
6,028159.jpg
3,028160.jpg
2,028161.jpg
6,028162.jpg
2,028163.jpg
9,028164.jpg
6,028165.jpg
7,028166.jpg
7,028167.jpg
7,028168.jpg
3,028169.jpg
3,028170.jpg
6,028171.jpg
1,028172.jpg
6,028173.jpg
6,028174.jpg
9,028175.jpg
1,028176.jpg
8,028177.jpg
8,028178.jpg
1,028179.jpg
5,028180.jpg
5,028181.jpg
1,028182.jpg
7,028183.jpg
6,028184.jpg
7,028185.jpg
2,028186.jpg
1,028187.jpg
4,028188.jpg
3,028189.jpg
9,028190.jpg
0,028191.jpg
9,028192.jpg
3,028193.jpg
5,028194.jpg
9,028195.jpg
5,028196.jpg
1,028197.jpg
7,028198.jpg
9,028199.jpg
5,028200.jpg
1,028201.jpg
4,028202.jpg
6,028203.jpg
6,028204.jpg
8,028205.jpg
2,028206.jpg
8,028207.jpg
6,028208.jpg
5,028209.jpg
6,028210.jpg
4,028211.jpg
1,028212.jpg
2,028213.jpg
8,028214.jpg
6,028215.jpg
5,028216.jpg
6,028217.jpg
2,028218.jpg
2,028219.jpg
1,028220.jpg
6,028221.jpg
1,028222.jpg
2,028223.jpg
7,028224.jpg
1,028225.jpg
4,028226.jpg
2,028227.jpg
1,028228.jpg
9,028229.jpg
4,028230.jpg
9,028231.jpg
1,028232.jpg
3,028233.jpg
9,028234.jpg
9,028235.jpg
9,028236.jpg
0,028237.jpg
0,028238.jpg
9,028239.jpg
8,028240.jpg
6,028241.jpg
9,028242.jpg
3,028243.jpg
7,028244.jpg
1,028245.jpg
3,028246.jpg
2,028247.jpg
9,028248.jpg
0,028249.jpg
7,028250.jpg
6,028251.jpg
7,028252.jpg
2,028253.jpg
7,028254.jpg
3,028255.jpg
7,028256.jpg
3,028257.jpg
3,028258.jpg
3,028259.jpg
9,028260.jpg
0,028261.jpg
2,028262.jpg
2,028263.jpg
3,028264.jpg
2,028265.jpg
3,028266.jpg
6,028267.jpg
5,028268.jpg
3,028269.jpg
2,028270.jpg
6,028271.jpg
5,028272.jpg
8,028273.jpg
2,028274.jpg
7,028275.jpg
3,028276.jpg
0,028277.jpg
8,028278.jpg
4,028279.jpg
6,028280.jpg
8,028281.jpg
3,028282.jpg
5,028283.jpg
9,028284.jpg
8,028285.jpg
5,028286.jpg
7,028287.jpg
0,028288.jpg
6,028289.jpg
9,028290.jpg
8,028291.jpg
4,028292.jpg
9,028293.jpg
9,028294.jpg
8,028295.jpg
6,028296.jpg
8,028297.jpg
3,028298.jpg
7,028299.jpg
4,028300.jpg
8,028301.jpg
7,028302.jpg
3,028303.jpg
6,028304.jpg
9,028305.jpg
8,028306.jpg
8,028307.jpg
3,028308.jpg
7,028309.jpg
1,028310.jpg
6,028311.jpg
0,028312.jpg
0,028313.jpg
6,028314.jpg
8,028315.jpg
8,028316.jpg
5,028317.jpg
4,028318.jpg
4,028319.jpg
7,028320.jpg
9,028321.jpg
3,028322.jpg
1,028323.jpg
6,028324.jpg
0,028325.jpg
9,028326.jpg
2,028327.jpg
3,028328.jpg
9,028329.jpg
0,028330.jpg
1,028331.jpg
0,028332.jpg
0,028333.jpg
2,028334.jpg
3,028335.jpg
3,028336.jpg
5,028337.jpg
0,028338.jpg
4,028339.jpg
9,028340.jpg
0,028341.jpg
1,028342.jpg
5,028343.jpg
1,028344.jpg
3,028345.jpg
8,028346.jpg
4,028347.jpg
7,028348.jpg
3,028349.jpg
5,028350.jpg
9,028351.jpg
7,028352.jpg
6,028353.jpg
3,028354.jpg
1,028355.jpg
3,028356.jpg
3,028357.jpg
4,028358.jpg
9,028359.jpg
6,028360.jpg
5,028361.jpg
9,028362.jpg
1,028363.jpg
1,028364.jpg
7,028365.jpg
1,028366.jpg
9,028367.jpg
5,028368.jpg
2,028369.jpg
9,028370.jpg
1,028371.jpg
4,028372.jpg
1,028373.jpg
9,028374.jpg
5,028375.jpg
6,028376.jpg
6,028377.jpg
4,028378.jpg
5,028379.jpg
5,028380.jpg
2,028381.jpg
6,028382.jpg
6,028383.jpg
9,028384.jpg
7,028385.jpg
8,028386.jpg
4,028387.jpg
2,028388.jpg
4,028389.jpg
0,028390.jpg
5,028391.jpg
1,028392.jpg
6,028393.jpg
1,028394.jpg
5,028395.jpg
6,028396.jpg
7,028397.jpg
7,028398.jpg
2,028399.jpg
1,028400.jpg
7,028401.jpg
9,028402.jpg
1,028403.jpg
4,028404.jpg
8,028405.jpg
3,028406.jpg
2,028407.jpg
1,028408.jpg
6,028409.jpg
0,028410.jpg
5,028411.jpg
7,028412.jpg
8,028413.jpg
9,028414.jpg
4,028415.jpg
9,028416.jpg
8,028417.jpg
5,028418.jpg
4,028419.jpg
2,028420.jpg
3,028421.jpg
6,028422.jpg
1,028423.jpg
9,028424.jpg
0,028425.jpg
9,028426.jpg
4,028427.jpg
7,028428.jpg
6,028429.jpg
9,028430.jpg
3,028431.jpg
7,028432.jpg
2,028433.jpg
5,028434.jpg
1,028435.jpg
7,028436.jpg
1,028437.jpg
9,028438.jpg
9,028439.jpg
0,028440.jpg
2,028441.jpg
8,028442.jpg
2,028443.jpg
1,028444.jpg
2,028445.jpg
2,028446.jpg
0,028447.jpg
1,028448.jpg
8,028449.jpg
5,028450.jpg
0,028451.jpg
5,028452.jpg
0,028453.jpg
5,028454.jpg
1,028455.jpg
1,028456.jpg
5,028457.jpg
9,028458.jpg
8,028459.jpg
8,028460.jpg
0,028461.jpg
5,028462.jpg
6,028463.jpg
6,028464.jpg
3,028465.jpg
4,028466.jpg
4,028467.jpg
8,028468.jpg
2,028469.jpg
0,028470.jpg
8,028471.jpg
5,028472.jpg
7,028473.jpg
0,028474.jpg
3,028475.jpg
7,028476.jpg
2,028477.jpg
6,028478.jpg
2,028479.jpg
6,028480.jpg
3,028481.jpg
8,028482.jpg
5,028483.jpg
3,028484.jpg
3,028485.jpg
8,028486.jpg
3,028487.jpg
6,028488.jpg
2,028489.jpg
3,028490.jpg
4,028491.jpg
0,028492.jpg
6,028493.jpg
9,028494.jpg
8,028495.jpg
4,028496.jpg
5,028497.jpg
3,028498.jpg
5,028499.jpg
2,028500.jpg
4,028501.jpg
2,028502.jpg
2,028503.jpg
5,028504.jpg
3,028505.jpg
1,028506.jpg
3,028507.jpg
0,028508.jpg
0,028509.jpg
0,028510.jpg
5,028511.jpg
6,028512.jpg
3,028513.jpg
4,028514.jpg
4,028515.jpg
6,028516.jpg
6,028517.jpg
0,028518.jpg
5,028519.jpg
1,028520.jpg
8,028521.jpg
3,028522.jpg
3,028523.jpg
6,028524.jpg
4,028525.jpg
8,028526.jpg
1,028527.jpg
7,028528.jpg
1,028529.jpg
2,028530.jpg
6,028531.jpg
8,028532.jpg
6,028533.jpg
6,028534.jpg
4,028535.jpg
2,028536.jpg
2,028537.jpg
6,028538.jpg
8,028539.jpg
1,028540.jpg
4,028541.jpg
9,028542.jpg
3,028543.jpg
7,028544.jpg
8,028545.jpg
8,028546.jpg
1,028547.jpg
4,028548.jpg
8,028549.jpg
3,028550.jpg
6,028551.jpg
8,028552.jpg
8,028553.jpg
9,028554.jpg
0,028555.jpg
4,028556.jpg
9,028557.jpg
1,028558.jpg
4,028559.jpg
6,028560.jpg
2,028561.jpg
9,028562.jpg
9,028563.jpg
7,028564.jpg
3,028565.jpg
0,028566.jpg
4,028567.jpg
7,028568.jpg
7,028569.jpg
1,028570.jpg
6,028571.jpg
0,028572.jpg
6,028573.jpg
9,028574.jpg
3,028575.jpg
5,028576.jpg
6,028577.jpg
7,028578.jpg
2,028579.jpg
9,028580.jpg
9,028581.jpg
3,028582.jpg
9,028583.jpg
6,028584.jpg
1,028585.jpg
4,028586.jpg
7,028587.jpg
7,028588.jpg
4,028589.jpg
8,028590.jpg
8,028591.jpg
8,028592.jpg
5,028593.jpg
1,028594.jpg
4,028595.jpg
2,028596.jpg
1,028597.jpg
3,028598.jpg
3,028599.jpg
8,028600.jpg
2,028601.jpg
8,028602.jpg
8,028603.jpg
9,028604.jpg
1,028605.jpg
3,028606.jpg
8,028607.jpg
6,028608.jpg
7,028609.jpg
8,028610.jpg
7,028611.jpg
9,028612.jpg
4,028613.jpg
1,028614.jpg
1,028615.jpg
4,028616.jpg
1,028617.jpg
6,028618.jpg
2,028619.jpg
5,028620.jpg
2,028621.jpg
3,028622.jpg
8,028623.jpg
2,028624.jpg
3,028625.jpg
3,028626.jpg
3,028627.jpg
3,028628.jpg
7,028629.jpg
6,028630.jpg
1,028631.jpg
4,028632.jpg
6,028633.jpg
9,028634.jpg
0,028635.jpg
0,028636.jpg
7,028637.jpg
3,028638.jpg
7,028639.jpg
3,028640.jpg
8,028641.jpg
3,028642.jpg
7,028643.jpg
5,028644.jpg
8,028645.jpg
2,028646.jpg
6,028647.jpg
0,028648.jpg
4,028649.jpg
7,028650.jpg
4,028651.jpg
8,028652.jpg
0,028653.jpg
7,028654.jpg
3,028655.jpg
1,028656.jpg
6,028657.jpg
5,028658.jpg
0,028659.jpg
0,028660.jpg
9,028661.jpg
7,028662.jpg
6,028663.jpg
1,028664.jpg
0,028665.jpg
3,028666.jpg
7,028667.jpg
1,028668.jpg
0,028669.jpg
5,028670.jpg
3,028671.jpg
9,028672.jpg
6,028673.jpg
4,028674.jpg
8,028675.jpg
7,028676.jpg
0,028677.jpg
6,028678.jpg
9,028679.jpg
2,028680.jpg
4,028681.jpg
6,028682.jpg
4,028683.jpg
6,028684.jpg
6,028685.jpg
5,028686.jpg
3,028687.jpg
0,028688.jpg
6,028689.jpg
5,028690.jpg
6,028691.jpg
1,028692.jpg
8,028693.jpg
8,028694.jpg
2,028695.jpg
6,028696.jpg
7,028697.jpg
8,028698.jpg
1,028699.jpg
4,028700.jpg
5,028701.jpg
6,028702.jpg
9,028703.jpg
9,028704.jpg
0,028705.jpg
0,028706.jpg
2,028707.jpg
1,028708.jpg
0,028709.jpg
7,028710.jpg
2,028711.jpg
9,028712.jpg
9,028713.jpg
7,028714.jpg
9,028715.jpg
8,028716.jpg
8,028717.jpg
2,028718.jpg
6,028719.jpg
1,028720.jpg
3,028721.jpg
0,028722.jpg
7,028723.jpg
3,028724.jpg
1,028725.jpg
6,028726.jpg
3,028727.jpg
3,028728.jpg
9,028729.jpg
6,028730.jpg
7,028731.jpg
6,028732.jpg
5,028733.jpg
1,028734.jpg
7,028735.jpg
9,028736.jpg
7,028737.jpg
0,028738.jpg
4,028739.jpg
3,028740.jpg
8,028741.jpg
5,028742.jpg
4,028743.jpg
0,028744.jpg
6,028745.jpg
5,028746.jpg
3,028747.jpg
3,028748.jpg
5,028749.jpg
4,028750.jpg
4,028751.jpg
7,028752.jpg
8,028753.jpg
7,028754.jpg
1,028755.jpg
5,028756.jpg
5,028757.jpg
4,028758.jpg
4,028759.jpg
5,028760.jpg
2,028761.jpg
0,028762.jpg
7,028763.jpg
2,028764.jpg
1,028765.jpg
1,028766.jpg
1,028767.jpg
1,028768.jpg
7,028769.jpg
7,028770.jpg
4,028771.jpg
3,028772.jpg
5,028773.jpg
2,028774.jpg
2,028775.jpg
8,028776.jpg
0,028777.jpg
9,028778.jpg
7,028779.jpg
3,028780.jpg
2,028781.jpg
2,028782.jpg
1,028783.jpg
3,028784.jpg
6,028785.jpg
2,028786.jpg
7,028787.jpg
3,028788.jpg
6,028789.jpg
9,028790.jpg
2,028791.jpg
6,028792.jpg
1,028793.jpg
7,028794.jpg
5,028795.jpg
5,028796.jpg
4,028797.jpg
8,028798.jpg
6,028799.jpg
7,028800.jpg
8,028801.jpg
2,028802.jpg
7,028803.jpg
2,028804.jpg
6,028805.jpg
2,028806.jpg
9,028807.jpg
7,028808.jpg
3,028809.jpg
8,028810.jpg
3,028811.jpg
1,028812.jpg
4,028813.jpg
2,028814.jpg
8,028815.jpg
8,028816.jpg
0,028817.jpg
6,028818.jpg
6,028819.jpg
4,028820.jpg
2,028821.jpg
7,028822.jpg
0,028823.jpg
2,028824.jpg
4,028825.jpg
8,028826.jpg
2,028827.jpg
1,028828.jpg
4,028829.jpg
9,028830.jpg
0,028831.jpg
9,028832.jpg
5,028833.jpg
9,028834.jpg
7,028835.jpg
4,028836.jpg
8,028837.jpg
6,028838.jpg
1,028839.jpg
8,028840.jpg
7,028841.jpg
7,028842.jpg
8,028843.jpg
8,028844.jpg
2,028845.jpg
9,028846.jpg
2,028847.jpg
9,028848.jpg
6,028849.jpg
4,028850.jpg
6,028851.jpg
8,028852.jpg
1,028853.jpg
4,028854.jpg
4,028855.jpg
5,028856.jpg
0,028857.jpg
3,028858.jpg
6,028859.jpg
5,028860.jpg
5,028861.jpg
8,028862.jpg
4,028863.jpg
8,028864.jpg
8,028865.jpg
0,028866.jpg
4,028867.jpg
1,028868.jpg
5,028869.jpg
1,028870.jpg
6,028871.jpg
3,028872.jpg
6,028873.jpg
6,028874.jpg
1,028875.jpg
9,028876.jpg
2,028877.jpg
4,028878.jpg
1,028879.jpg
1,028880.jpg
1,028881.jpg
7,028882.jpg
1,028883.jpg
9,028884.jpg
6,028885.jpg
0,028886.jpg
5,028887.jpg
9,028888.jpg
0,028889.jpg
9,028890.jpg
2,028891.jpg
5,028892.jpg
3,028893.jpg
0,028894.jpg
5,028895.jpg
1,028896.jpg
8,028897.jpg
3,028898.jpg
4,028899.jpg
2,028900.jpg
2,028901.jpg
9,028902.jpg
5,028903.jpg
1,028904.jpg
8,028905.jpg
7,028906.jpg
8,028907.jpg
5,028908.jpg
4,028909.jpg
3,028910.jpg
3,028911.jpg
2,028912.jpg
9,028913.jpg
8,028914.jpg
3,028915.jpg
2,028916.jpg
8,028917.jpg
7,028918.jpg
2,028919.jpg
4,028920.jpg
2,028921.jpg
5,028922.jpg
8,028923.jpg
0,028924.jpg
1,028925.jpg
4,028926.jpg
2,028927.jpg
8,028928.jpg
7,028929.jpg
5,028930.jpg
9,028931.jpg
3,028932.jpg
5,028933.jpg
9,028934.jpg
2,028935.jpg
4,028936.jpg
7,028937.jpg
1,028938.jpg
8,028939.jpg
2,028940.jpg
0,028941.jpg
8,028942.jpg
3,028943.jpg
8,028944.jpg
2,028945.jpg
7,028946.jpg
9,028947.jpg
5,028948.jpg
3,028949.jpg
0,028950.jpg
2,028951.jpg
2,028952.jpg
7,028953.jpg
0,028954.jpg
0,028955.jpg
1,028956.jpg
0,028957.jpg
8,028958.jpg
1,028959.jpg
4,028960.jpg
4,028961.jpg
9,028962.jpg
6,028963.jpg
9,028964.jpg
5,028965.jpg
7,028966.jpg
3,028967.jpg
1,028968.jpg
6,028969.jpg
0,028970.jpg
0,028971.jpg
5,028972.jpg
0,028973.jpg
2,028974.jpg
0,028975.jpg
1,028976.jpg
8,028977.jpg
2,028978.jpg
3,028979.jpg
2,028980.jpg
5,028981.jpg
3,028982.jpg
1,028983.jpg
8,028984.jpg
4,028985.jpg
5,028986.jpg
6,028987.jpg
8,028988.jpg
2,028989.jpg
1,028990.jpg
3,028991.jpg
8,028992.jpg
6,028993.jpg
0,028994.jpg
4,028995.jpg
7,028996.jpg
5,028997.jpg
8,028998.jpg
4,028999.jpg
7,029000.jpg
6,029001.jpg
1,029002.jpg
3,029003.jpg
9,029004.jpg
1,029005.jpg
2,029006.jpg
0,029007.jpg
8,029008.jpg
6,029009.jpg
0,029010.jpg
9,029011.jpg
8,029012.jpg
8,029013.jpg
6,029014.jpg
5,029015.jpg
4,029016.jpg
8,029017.jpg
5,029018.jpg
1,029019.jpg
2,029020.jpg
4,029021.jpg
3,029022.jpg
3,029023.jpg
9,029024.jpg
9,029025.jpg
0,029026.jpg
0,029027.jpg
8,029028.jpg
3,029029.jpg
8,029030.jpg
0,029031.jpg
6,029032.jpg
5,029033.jpg
7,029034.jpg
2,029035.jpg
5,029036.jpg
1,029037.jpg
2,029038.jpg
7,029039.jpg
0,029040.jpg
6,029041.jpg
8,029042.jpg
4,029043.jpg
5,029044.jpg
2,029045.jpg
0,029046.jpg
7,029047.jpg
2,029048.jpg
0,029049.jpg
0,029050.jpg
9,029051.jpg
9,029052.jpg
3,029053.jpg
2,029054.jpg
6,029055.jpg
9,029056.jpg
3,029057.jpg
3,029058.jpg
7,029059.jpg
8,029060.jpg
7,029061.jpg
3,029062.jpg
8,029063.jpg
4,029064.jpg
5,029065.jpg
1,029066.jpg
1,029067.jpg
5,029068.jpg
4,029069.jpg
4,029070.jpg
5,029071.jpg
3,029072.jpg
0,029073.jpg
8,029074.jpg
2,029075.jpg
7,029076.jpg
2,029077.jpg
2,029078.jpg
3,029079.jpg
1,029080.jpg
3,029081.jpg
8,029082.jpg
7,029083.jpg
0,029084.jpg
8,029085.jpg
0,029086.jpg
9,029087.jpg
8,029088.jpg
2,029089.jpg
2,029090.jpg
1,029091.jpg
6,029092.jpg
7,029093.jpg
1,029094.jpg
9,029095.jpg
4,029096.jpg
0,029097.jpg
5,029098.jpg
7,029099.jpg
0,029100.jpg
5,029101.jpg
9,029102.jpg
5,029103.jpg
7,029104.jpg
0,029105.jpg
7,029106.jpg
1,029107.jpg
7,029108.jpg
5,029109.jpg
8,029110.jpg
4,029111.jpg
6,029112.jpg
0,029113.jpg
3,029114.jpg
1,029115.jpg
4,029116.jpg
1,029117.jpg
1,029118.jpg
8,029119.jpg
4,029120.jpg
2,029121.jpg
4,029122.jpg
0,029123.jpg
3,029124.jpg
5,029125.jpg
6,029126.jpg
2,029127.jpg
9,029128.jpg
6,029129.jpg
7,029130.jpg
4,029131.jpg
9,029132.jpg
5,029133.jpg
2,029134.jpg
2,029135.jpg
6,029136.jpg
7,029137.jpg
3,029138.jpg
9,029139.jpg
6,029140.jpg
4,029141.jpg
4,029142.jpg
7,029143.jpg
8,029144.jpg
5,029145.jpg
0,029146.jpg
9,029147.jpg
6,029148.jpg
0,029149.jpg
0,029150.jpg
9,029151.jpg
5,029152.jpg
1,029153.jpg
6,029154.jpg
4,029155.jpg
7,029156.jpg
3,029157.jpg
1,029158.jpg
0,029159.jpg
0,029160.jpg
5,029161.jpg
3,029162.jpg
8,029163.jpg
8,029164.jpg
7,029165.jpg
3,029166.jpg
1,029167.jpg
5,029168.jpg
2,029169.jpg
1,029170.jpg
7,029171.jpg
9,029172.jpg
7,029173.jpg
3,029174.jpg
9,029175.jpg
4,029176.jpg
6,029177.jpg
5,029178.jpg
3,029179.jpg
0,029180.jpg
9,029181.jpg
1,029182.jpg
2,029183.jpg
5,029184.jpg
5,029185.jpg
3,029186.jpg
0,029187.jpg
2,029188.jpg
9,029189.jpg
8,029190.jpg
5,029191.jpg
2,029192.jpg
9,029193.jpg
2,029194.jpg
3,029195.jpg
3,029196.jpg
0,029197.jpg
7,029198.jpg
2,029199.jpg
9,029200.jpg
5,029201.jpg
3,029202.jpg
9,029203.jpg
3,029204.jpg
2,029205.jpg
5,029206.jpg
4,029207.jpg
2,029208.jpg
3,029209.jpg
3,029210.jpg
3,029211.jpg
0,029212.jpg
2,029213.jpg
6,029214.jpg
2,029215.jpg
6,029216.jpg
5,029217.jpg
4,029218.jpg
2,029219.jpg
0,029220.jpg
2,029221.jpg
9,029222.jpg
8,029223.jpg
7,029224.jpg
6,029225.jpg
2,029226.jpg
5,029227.jpg
1,029228.jpg
8,029229.jpg
1,029230.jpg
1,029231.jpg
2,029232.jpg
9,029233.jpg
9,029234.jpg
7,029235.jpg
9,029236.jpg
4,029237.jpg
5,029238.jpg
0,029239.jpg
2,029240.jpg
5,029241.jpg
3,029242.jpg
6,029243.jpg
1,029244.jpg
5,029245.jpg
8,029246.jpg
8,029247.jpg
9,029248.jpg
5,029249.jpg
2,029250.jpg
0,029251.jpg
6,029252.jpg
4,029253.jpg
4,029254.jpg
4,029255.jpg
8,029256.jpg
1,029257.jpg
9,029258.jpg
4,029259.jpg
1,029260.jpg
5,029261.jpg
9,029262.jpg
9,029263.jpg
7,029264.jpg
6,029265.jpg
7,029266.jpg
1,029267.jpg
5,029268.jpg
4,029269.jpg
7,029270.jpg
7,029271.jpg
2,029272.jpg
1,029273.jpg
8,029274.jpg
8,029275.jpg
2,029276.jpg
6,029277.jpg
9,029278.jpg
7,029279.jpg
0,029280.jpg
4,029281.jpg
7,029282.jpg
3,029283.jpg
1,029284.jpg
5,029285.jpg
2,029286.jpg
0,029287.jpg
3,029288.jpg
4,029289.jpg
7,029290.jpg
1,029291.jpg
0,029292.jpg
7,029293.jpg
6,029294.jpg
5,029295.jpg
0,029296.jpg
0,029297.jpg
1,029298.jpg
4,029299.jpg
8,029300.jpg
5,029301.jpg
6,029302.jpg
0,029303.jpg
5,029304.jpg
1,029305.jpg
3,029306.jpg
7,029307.jpg
7,029308.jpg
5,029309.jpg
7,029310.jpg
7,029311.jpg
0,029312.jpg
5,029313.jpg
8,029314.jpg
9,029315.jpg
4,029316.jpg
6,029317.jpg
4,029318.jpg
9,029319.jpg
2,029320.jpg
7,029321.jpg
9,029322.jpg
8,029323.jpg
2,029324.jpg
4,029325.jpg
2,029326.jpg
9,029327.jpg
6,029328.jpg
5,029329.jpg
5,029330.jpg
2,029331.jpg
5,029332.jpg
5,029333.jpg
9,029334.jpg
5,029335.jpg
9,029336.jpg
3,029337.jpg
7,029338.jpg
2,029339.jpg
8,029340.jpg
4,029341.jpg
9,029342.jpg
1,029343.jpg
2,029344.jpg
1,029345.jpg
1,029346.jpg
4,029347.jpg
3,029348.jpg
2,029349.jpg
3,029350.jpg
8,029351.jpg
7,029352.jpg
6,029353.jpg
1,029354.jpg
2,029355.jpg
2,029356.jpg
7,029357.jpg
1,029358.jpg
9,029359.jpg
8,029360.jpg
9,029361.jpg
9,029362.jpg
9,029363.jpg
4,029364.jpg
2,029365.jpg
5,029366.jpg
5,029367.jpg
5,029368.jpg
7,029369.jpg
5,029370.jpg
0,029371.jpg
2,029372.jpg
6,029373.jpg
7,029374.jpg
4,029375.jpg
5,029376.jpg
9,029377.jpg
2,029378.jpg
8,029379.jpg
4,029380.jpg
3,029381.jpg
5,029382.jpg
8,029383.jpg
0,029384.jpg
4,029385.jpg
3,029386.jpg
7,029387.jpg
8,029388.jpg
6,029389.jpg
6,029390.jpg
3,029391.jpg
2,029392.jpg
3,029393.jpg
3,029394.jpg
1,029395.jpg
9,029396.jpg
7,029397.jpg
2,029398.jpg
5,029399.jpg
2,029400.jpg
8,029401.jpg
9,029402.jpg
3,029403.jpg
7,029404.jpg
8,029405.jpg
4,029406.jpg
2,029407.jpg
8,029408.jpg
8,029409.jpg
7,029410.jpg
6,029411.jpg
1,029412.jpg
1,029413.jpg
9,029414.jpg
7,029415.jpg
5,029416.jpg
9,029417.jpg
1,029418.jpg
2,029419.jpg
2,029420.jpg
4,029421.jpg
9,029422.jpg
2,029423.jpg
1,029424.jpg
1,029425.jpg
8,029426.jpg
3,029427.jpg
9,029428.jpg
7,029429.jpg
2,029430.jpg
1,029431.jpg
2,029432.jpg
1,029433.jpg
2,029434.jpg
3,029435.jpg
3,029436.jpg
6,029437.jpg
1,029438.jpg
5,029439.jpg
6,029440.jpg
7,029441.jpg
0,029442.jpg
6,029443.jpg
6,029444.jpg
6,029445.jpg
2,029446.jpg
7,029447.jpg
8,029448.jpg
0,029449.jpg
3,029450.jpg
7,029451.jpg
7,029452.jpg
3,029453.jpg
5,029454.jpg
6,029455.jpg
0,029456.jpg
0,029457.jpg
2,029458.jpg
7,029459.jpg
2,029460.jpg
6,029461.jpg
5,029462.jpg
9,029463.jpg
9,029464.jpg
2,029465.jpg
4,029466.jpg
5,029467.jpg
0,029468.jpg
6,029469.jpg
5,029470.jpg
5,029471.jpg
8,029472.jpg
3,029473.jpg
6,029474.jpg
3,029475.jpg
2,029476.jpg
5,029477.jpg
3,029478.jpg
6,029479.jpg
9,029480.jpg
2,029481.jpg
0,029482.jpg
6,029483.jpg
0,029484.jpg
5,029485.jpg
5,029486.jpg
6,029487.jpg
9,029488.jpg
0,029489.jpg
0,029490.jpg
5,029491.jpg
3,029492.jpg
1,029493.jpg
5,029494.jpg
7,029495.jpg
4,029496.jpg
8,029497.jpg
3,029498.jpg
9,029499.jpg
3,029500.jpg
8,029501.jpg
2,029502.jpg
5,029503.jpg
5,029504.jpg
6,029505.jpg
0,029506.jpg
3,029507.jpg
2,029508.jpg
2,029509.jpg
9,029510.jpg
5,029511.jpg
2,029512.jpg
6,029513.jpg
6,029514.jpg
2,029515.jpg
0,029516.jpg
0,029517.jpg
6,029518.jpg
7,029519.jpg
4,029520.jpg
3,029521.jpg
1,029522.jpg
2,029523.jpg
7,029524.jpg
2,029525.jpg
4,029526.jpg
4,029527.jpg
7,029528.jpg
7,029529.jpg
4,029530.jpg
1,029531.jpg
9,029532.jpg
1,029533.jpg
6,029534.jpg
4,029535.jpg
4,029536.jpg
5,029537.jpg
4,029538.jpg
9,029539.jpg
1,029540.jpg
6,029541.jpg
0,029542.jpg
5,029543.jpg
7,029544.jpg
1,029545.jpg
2,029546.jpg
6,029547.jpg
6,029548.jpg
6,029549.jpg
6,029550.jpg
4,029551.jpg
8,029552.jpg
3,029553.jpg
6,029554.jpg
7,029555.jpg
1,029556.jpg
1,029557.jpg
8,029558.jpg
3,029559.jpg
2,029560.jpg
6,029561.jpg
5,029562.jpg
5,029563.jpg
2,029564.jpg
3,029565.jpg
2,029566.jpg
3,029567.jpg
1,029568.jpg
4,029569.jpg
4,029570.jpg
8,029571.jpg
6,029572.jpg
3,029573.jpg
0,029574.jpg
6,029575.jpg
0,029576.jpg
7,029577.jpg
8,029578.jpg
9,029579.jpg
8,029580.jpg
7,029581.jpg
7,029582.jpg
7,029583.jpg
3,029584.jpg
7,029585.jpg
8,029586.jpg
6,029587.jpg
8,029588.jpg
0,029589.jpg
2,029590.jpg
5,029591.jpg
6,029592.jpg
9,029593.jpg
8,029594.jpg
3,029595.jpg
6,029596.jpg
0,029597.jpg
4,029598.jpg
2,029599.jpg
7,029600.jpg
5,029601.jpg
2,029602.jpg
1,029603.jpg
5,029604.jpg
9,029605.jpg
0,029606.jpg
8,029607.jpg
1,029608.jpg
6,029609.jpg
9,029610.jpg
5,029611.jpg
7,029612.jpg
1,029613.jpg
0,029614.jpg
7,029615.jpg
6,029616.jpg
4,029617.jpg
5,029618.jpg
0,029619.jpg
5,029620.jpg
8,029621.jpg
9,029622.jpg
3,029623.jpg
3,029624.jpg
2,029625.jpg
5,029626.jpg
2,029627.jpg
6,029628.jpg
4,029629.jpg
9,029630.jpg
4,029631.jpg
7,029632.jpg
3,029633.jpg
4,029634.jpg
1,029635.jpg
4,029636.jpg
4,029637.jpg
7,029638.jpg
0,029639.jpg
2,029640.jpg
2,029641.jpg
6,029642.jpg
2,029643.jpg
8,029644.jpg
6,029645.jpg
2,029646.jpg
5,029647.jpg
3,029648.jpg
3,029649.jpg
3,029650.jpg
3,029651.jpg
6,029652.jpg
8,029653.jpg
4,029654.jpg
1,029655.jpg
7,029656.jpg
3,029657.jpg
2,029658.jpg
8,029659.jpg
1,029660.jpg
3,029661.jpg
6,029662.jpg
5,029663.jpg
0,029664.jpg
5,029665.jpg
9,029666.jpg
7,029667.jpg
6,029668.jpg
1,029669.jpg
8,029670.jpg
2,029671.jpg
9,029672.jpg
3,029673.jpg
4,029674.jpg
3,029675.jpg
5,029676.jpg
1,029677.jpg
6,029678.jpg
5,029679.jpg
2,029680.jpg
5,029681.jpg
6,029682.jpg
5,029683.jpg
7,029684.jpg
0,029685.jpg
2,029686.jpg
6,029687.jpg
5,029688.jpg
7,029689.jpg
1,029690.jpg
4,029691.jpg
9,029692.jpg
3,029693.jpg
4,029694.jpg
8,029695.jpg
4,029696.jpg
0,029697.jpg
9,029698.jpg
8,029699.jpg
5,029700.jpg
8,029701.jpg
6,029702.jpg
3,029703.jpg
3,029704.jpg
6,029705.jpg
7,029706.jpg
4,029707.jpg
7,029708.jpg
7,029709.jpg
0,029710.jpg
0,029711.jpg
8,029712.jpg
8,029713.jpg
7,029714.jpg
9,029715.jpg
0,029716.jpg
0,029717.jpg
2,029718.jpg
7,029719.jpg
6,029720.jpg
0,029721.jpg
4,029722.jpg
1,029723.jpg
0,029724.jpg
0,029725.jpg
4,029726.jpg
9,029727.jpg
4,029728.jpg
4,029729.jpg
4,029730.jpg
7,029731.jpg
2,029732.jpg
7,029733.jpg
2,029734.jpg
9,029735.jpg
3,029736.jpg
0,029737.jpg
1,029738.jpg
0,029739.jpg
2,029740.jpg
5,029741.jpg
0,029742.jpg
1,029743.jpg
1,029744.jpg
2,029745.jpg
2,029746.jpg
5,029747.jpg
5,029748.jpg
9,029749.jpg
8,029750.jpg
3,029751.jpg
1,029752.jpg
9,029753.jpg
8,029754.jpg
5,029755.jpg
6,029756.jpg
3,029757.jpg
7,029758.jpg
1,029759.jpg
4,029760.jpg
0,029761.jpg
5,029762.jpg
1,029763.jpg
7,029764.jpg
2,029765.jpg
0,029766.jpg
2,029767.jpg
9,029768.jpg
8,029769.jpg
9,029770.jpg
5,029771.jpg
0,029772.jpg
9,029773.jpg
1,029774.jpg
5,029775.jpg
8,029776.jpg
3,029777.jpg
6,029778.jpg
5,029779.jpg
6,029780.jpg
8,029781.jpg
4,029782.jpg
5,029783.jpg
6,029784.jpg
6,029785.jpg
1,029786.jpg
6,029787.jpg
6,029788.jpg
6,029789.jpg
1,029790.jpg
7,029791.jpg
6,029792.jpg
9,029793.jpg
3,029794.jpg
3,029795.jpg
4,029796.jpg
7,029797.jpg
1,029798.jpg
0,029799.jpg
6,029800.jpg
8,029801.jpg
0,029802.jpg
1,029803.jpg
9,029804.jpg
0,029805.jpg
4,029806.jpg
6,029807.jpg
5,029808.jpg
8,029809.jpg
8,029810.jpg
1,029811.jpg
5,029812.jpg
9,029813.jpg
5,029814.jpg
9,029815.jpg
5,029816.jpg
8,029817.jpg
1,029818.jpg
2,029819.jpg
1,029820.jpg
2,029821.jpg
0,029822.jpg
5,029823.jpg
3,029824.jpg
4,029825.jpg
6,029826.jpg
9,029827.jpg
5,029828.jpg
6,029829.jpg
0,029830.jpg
2,029831.jpg
0,029832.jpg
9,029833.jpg
8,029834.jpg
3,029835.jpg
6,029836.jpg
7,029837.jpg
4,029838.jpg
9,029839.jpg
2,029840.jpg
4,029841.jpg
9,029842.jpg
5,029843.jpg
0,029844.jpg
9,029845.jpg
7,029846.jpg
1,029847.jpg
3,029848.jpg
8,029849.jpg
3,029850.jpg
7,029851.jpg
3,029852.jpg
6,029853.jpg
3,029854.jpg
4,029855.jpg
3,029856.jpg
3,029857.jpg
6,029858.jpg
4,029859.jpg
8,029860.jpg
0,029861.jpg
0,029862.jpg
5,029863.jpg
6,029864.jpg
3,029865.jpg
8,029866.jpg
2,029867.jpg
2,029868.jpg
4,029869.jpg
5,029870.jpg
7,029871.jpg
9,029872.jpg
4,029873.jpg
2,029874.jpg
5,029875.jpg
9,029876.jpg
5,029877.jpg
8,029878.jpg
5,029879.jpg
7,029880.jpg
5,029881.jpg
9,029882.jpg
5,029883.jpg
7,029884.jpg
7,029885.jpg
5,029886.jpg
3,029887.jpg
4,029888.jpg
9,029889.jpg
9,029890.jpg
5,029891.jpg
0,029892.jpg
6,029893.jpg
6,029894.jpg
2,029895.jpg
1,029896.jpg
4,029897.jpg
0,029898.jpg
5,029899.jpg
4,029900.jpg
1,029901.jpg
8,029902.jpg
3,029903.jpg
6,029904.jpg
9,029905.jpg
7,029906.jpg
8,029907.jpg
3,029908.jpg
9,029909.jpg
4,029910.jpg
0,029911.jpg
5,029912.jpg
8,029913.jpg
0,029914.jpg
8,029915.jpg
7,029916.jpg
2,029917.jpg
0,029918.jpg
7,029919.jpg
0,029920.jpg
1,029921.jpg
3,029922.jpg
5,029923.jpg
0,029924.jpg
7,029925.jpg
8,029926.jpg
5,029927.jpg
5,029928.jpg
6,029929.jpg
6,029930.jpg
0,029931.jpg
4,029932.jpg
2,029933.jpg
8,029934.jpg
2,029935.jpg
2,029936.jpg
1,029937.jpg
4,029938.jpg
4,029939.jpg
8,029940.jpg
8,029941.jpg
5,029942.jpg
5,029943.jpg
3,029944.jpg
2,029945.jpg
2,029946.jpg
8,029947.jpg
1,029948.jpg
8,029949.jpg
3,029950.jpg
3,029951.jpg
2,029952.jpg
8,029953.jpg
3,029954.jpg
2,029955.jpg
1,029956.jpg
2,029957.jpg
2,029958.jpg
3,029959.jpg
2,029960.jpg
7,029961.jpg
1,029962.jpg
4,029963.jpg
5,029964.jpg
2,029965.jpg
0,029966.jpg
1,029967.jpg
1,029968.jpg
6,029969.jpg
4,029970.jpg
2,029971.jpg
3,029972.jpg
3,029973.jpg
6,029974.jpg
2,029975.jpg
4,029976.jpg
0,029977.jpg
8,029978.jpg
6,029979.jpg
1,029980.jpg
2,029981.jpg
4,029982.jpg
2,029983.jpg
9,029984.jpg
4,029985.jpg
7,029986.jpg
9,029987.jpg
3,029988.jpg
0,029989.jpg
6,029990.jpg
4,029991.jpg
4,029992.jpg
1,029993.jpg
6,029994.jpg
3,029995.jpg
6,029996.jpg
7,029997.jpg
0,029998.jpg
8,029999.jpg
3,030000.jpg
3,030001.jpg
7,030002.jpg
8,030003.jpg
8,030004.jpg
2,030005.jpg
7,030006.jpg
8,030007.jpg
5,030008.jpg
7,030009.jpg
3,030010.jpg
0,030011.jpg
7,030012.jpg
3,030013.jpg
1,030014.jpg
4,030015.jpg
3,030016.jpg
7,030017.jpg
9,030018.jpg
1,030019.jpg
7,030020.jpg
1,030021.jpg
9,030022.jpg
7,030023.jpg
0,030024.jpg
3,030025.jpg
4,030026.jpg
7,030027.jpg
7,030028.jpg
8,030029.jpg
8,030030.jpg
1,030031.jpg
7,030032.jpg
0,030033.jpg
9,030034.jpg
3,030035.jpg
8,030036.jpg
4,030037.jpg
0,030038.jpg
4,030039.jpg
5,030040.jpg
7,030041.jpg
8,030042.jpg
5,030043.jpg
1,030044.jpg
8,030045.jpg
7,030046.jpg
3,030047.jpg
2,030048.jpg
7,030049.jpg
1,030050.jpg
8,030051.jpg
3,030052.jpg
7,030053.jpg
8,030054.jpg
3,030055.jpg
7,030056.jpg
4,030057.jpg
6,030058.jpg
1,030059.jpg
3,030060.jpg
5,030061.jpg
7,030062.jpg
7,030063.jpg
6,030064.jpg
6,030065.jpg
2,030066.jpg
8,030067.jpg
3,030068.jpg
7,030069.jpg
3,030070.jpg
2,030071.jpg
7,030072.jpg
7,030073.jpg
4,030074.jpg
8,030075.jpg
9,030076.jpg
9,030077.jpg
2,030078.jpg
1,030079.jpg
5,030080.jpg
4,030081.jpg
9,030082.jpg
0,030083.jpg
4,030084.jpg
0,030085.jpg
7,030086.jpg
0,030087.jpg
2,030088.jpg
3,030089.jpg
2,030090.jpg
7,030091.jpg
4,030092.jpg
4,030093.jpg
4,030094.jpg
3,030095.jpg
2,030096.jpg
2,030097.jpg
3,030098.jpg
0,030099.jpg
9,030100.jpg
1,030101.jpg
9,030102.jpg
7,030103.jpg
6,030104.jpg
1,030105.jpg
4,030106.jpg
1,030107.jpg
6,030108.jpg
4,030109.jpg
5,030110.jpg
7,030111.jpg
8,030112.jpg
0,030113.jpg
2,030114.jpg
1,030115.jpg
6,030116.jpg
9,030117.jpg
1,030118.jpg
2,030119.jpg
7,030120.jpg
9,030121.jpg
1,030122.jpg
8,030123.jpg
5,030124.jpg
0,030125.jpg
9,030126.jpg
5,030127.jpg
2,030128.jpg
8,030129.jpg
4,030130.jpg
6,030131.jpg
2,030132.jpg
3,030133.jpg
1,030134.jpg
0,030135.jpg
3,030136.jpg
3,030137.jpg
9,030138.jpg
2,030139.jpg
2,030140.jpg
7,030141.jpg
2,030142.jpg
4,030143.jpg
2,030144.jpg
3,030145.jpg
7,030146.jpg
0,030147.jpg
1,030148.jpg
8,030149.jpg
2,030150.jpg
5,030151.jpg
4,030152.jpg
7,030153.jpg
7,030154.jpg
5,030155.jpg
0,030156.jpg
4,030157.jpg
1,030158.jpg
9,030159.jpg
5,030160.jpg
2,030161.jpg
6,030162.jpg
2,030163.jpg
7,030164.jpg
9,030165.jpg
4,030166.jpg
5,030167.jpg
0,030168.jpg
9,030169.jpg
2,030170.jpg
9,030171.jpg
5,030172.jpg
4,030173.jpg
4,030174.jpg
0,030175.jpg
8,030176.jpg
7,030177.jpg
2,030178.jpg
6,030179.jpg
9,030180.jpg
0,030181.jpg
3,030182.jpg
5,030183.jpg
7,030184.jpg
9,030185.jpg
5,030186.jpg
9,030187.jpg
5,030188.jpg
7,030189.jpg
0,030190.jpg
3,030191.jpg
0,030192.jpg
2,030193.jpg
6,030194.jpg
1,030195.jpg
2,030196.jpg
1,030197.jpg
5,030198.jpg
1,030199.jpg
1,030200.jpg
4,030201.jpg
2,030202.jpg
4,030203.jpg
2,030204.jpg
9,030205.jpg
0,030206.jpg
6,030207.jpg
2,030208.jpg
7,030209.jpg
4,030210.jpg
6,030211.jpg
8,030212.jpg
3,030213.jpg
3,030214.jpg
3,030215.jpg
9,030216.jpg
7,030217.jpg
6,030218.jpg
0,030219.jpg
4,030220.jpg
1,030221.jpg
7,030222.jpg
6,030223.jpg
1,030224.jpg
7,030225.jpg
9,030226.jpg
6,030227.jpg
1,030228.jpg
6,030229.jpg
4,030230.jpg
5,030231.jpg
2,030232.jpg
6,030233.jpg
9,030234.jpg
1,030235.jpg
7,030236.jpg
0,030237.jpg
5,030238.jpg
8,030239.jpg
8,030240.jpg
5,030241.jpg
9,030242.jpg
2,030243.jpg
6,030244.jpg
6,030245.jpg
6,030246.jpg
8,030247.jpg
5,030248.jpg
0,030249.jpg
1,030250.jpg
3,030251.jpg
8,030252.jpg
6,030253.jpg
4,030254.jpg
2,030255.jpg
0,030256.jpg
9,030257.jpg
4,030258.jpg
6,030259.jpg
6,030260.jpg
0,030261.jpg
4,030262.jpg
9,030263.jpg
4,030264.jpg
8,030265.jpg
3,030266.jpg
1,030267.jpg
3,030268.jpg
5,030269.jpg
5,030270.jpg
2,030271.jpg
7,030272.jpg
5,030273.jpg
8,030274.jpg
1,030275.jpg
9,030276.jpg
7,030277.jpg
5,030278.jpg
3,030279.jpg
0,030280.jpg
2,030281.jpg
1,030282.jpg
2,030283.jpg
0,030284.jpg
4,030285.jpg
8,030286.jpg
0,030287.jpg
6,030288.jpg
9,030289.jpg
0,030290.jpg
0,030291.jpg
8,030292.jpg
8,030293.jpg
0,030294.jpg
4,030295.jpg
7,030296.jpg
9,030297.jpg
4,030298.jpg
7,030299.jpg
8,030300.jpg
9,030301.jpg
6,030302.jpg
8,030303.jpg
6,030304.jpg
4,030305.jpg
5,030306.jpg
2,030307.jpg
7,030308.jpg
9,030309.jpg
0,030310.jpg
2,030311.jpg
8,030312.jpg
8,030313.jpg
9,030314.jpg
7,030315.jpg
0,030316.jpg
8,030317.jpg
1,030318.jpg
2,030319.jpg
7,030320.jpg
8,030321.jpg
7,030322.jpg
6,030323.jpg
2,030324.jpg
4,030325.jpg
9,030326.jpg
3,030327.jpg
5,030328.jpg
5,030329.jpg
4,030330.jpg
2,030331.jpg
2,030332.jpg
7,030333.jpg
3,030334.jpg
4,030335.jpg
0,030336.jpg
6,030337.jpg
9,030338.jpg
3,030339.jpg
9,030340.jpg
9,030341.jpg
6,030342.jpg
1,030343.jpg
7,030344.jpg
8,030345.jpg
9,030346.jpg
0,030347.jpg
1,030348.jpg
4,030349.jpg
2,030350.jpg
9,030351.jpg
4,030352.jpg
1,030353.jpg
4,030354.jpg
6,030355.jpg
0,030356.jpg
8,030357.jpg
6,030358.jpg
0,030359.jpg
6,030360.jpg
3,030361.jpg
9,030362.jpg
9,030363.jpg
1,030364.jpg
7,030365.jpg
0,030366.jpg
8,030367.jpg
5,030368.jpg
9,030369.jpg
5,030370.jpg
7,030371.jpg
3,030372.jpg
2,030373.jpg
5,030374.jpg
2,030375.jpg
4,030376.jpg
6,030377.jpg
3,030378.jpg
2,030379.jpg
8,030380.jpg
6,030381.jpg
5,030382.jpg
1,030383.jpg
2,030384.jpg
2,030385.jpg
4,030386.jpg
0,030387.jpg
5,030388.jpg
3,030389.jpg
4,030390.jpg
3,030391.jpg
1,030392.jpg
9,030393.jpg
8,030394.jpg
7,030395.jpg
2,030396.jpg
6,030397.jpg
9,030398.jpg
7,030399.jpg
8,030400.jpg
1,030401.jpg
7,030402.jpg
6,030403.jpg
3,030404.jpg
6,030405.jpg
5,030406.jpg
6,030407.jpg
9,030408.jpg
0,030409.jpg
5,030410.jpg
3,030411.jpg
4,030412.jpg
8,030413.jpg
0,030414.jpg
6,030415.jpg
6,030416.jpg
0,030417.jpg
1,030418.jpg
1,030419.jpg
6,030420.jpg
9,030421.jpg
2,030422.jpg
9,030423.jpg
0,030424.jpg
1,030425.jpg
8,030426.jpg
3,030427.jpg
5,030428.jpg
1,030429.jpg
2,030430.jpg
7,030431.jpg
1,030432.jpg
8,030433.jpg
1,030434.jpg
2,030435.jpg
5,030436.jpg
5,030437.jpg
8,030438.jpg
4,030439.jpg
4,030440.jpg
1,030441.jpg
6,030442.jpg
6,030443.jpg
4,030444.jpg
6,030445.jpg
2,030446.jpg
7,030447.jpg
5,030448.jpg
4,030449.jpg
5,030450.jpg
6,030451.jpg
8,030452.jpg
0,030453.jpg
5,030454.jpg
8,030455.jpg
9,030456.jpg
3,030457.jpg
7,030458.jpg
5,030459.jpg
5,030460.jpg
3,030461.jpg
5,030462.jpg
5,030463.jpg
2,030464.jpg
5,030465.jpg
1,030466.jpg
1,030467.jpg
2,030468.jpg
8,030469.jpg
9,030470.jpg
8,030471.jpg
4,030472.jpg
0,030473.jpg
8,030474.jpg
3,030475.jpg
0,030476.jpg
7,030477.jpg
4,030478.jpg
8,030479.jpg
8,030480.jpg
7,030481.jpg
2,030482.jpg
0,030483.jpg
3,030484.jpg
2,030485.jpg
9,030486.jpg
3,030487.jpg
2,030488.jpg
1,030489.jpg
8,030490.jpg
5,030491.jpg
8,030492.jpg
9,030493.jpg
3,030494.jpg
2,030495.jpg
5,030496.jpg
6,030497.jpg
1,030498.jpg
8,030499.jpg
1,030500.jpg
3,030501.jpg
2,030502.jpg
8,030503.jpg
3,030504.jpg
0,030505.jpg
2,030506.jpg
0,030507.jpg
9,030508.jpg
2,030509.jpg
2,030510.jpg
2,030511.jpg
6,030512.jpg
7,030513.jpg
0,030514.jpg
3,030515.jpg
8,030516.jpg
7,030517.jpg
4,030518.jpg
3,030519.jpg
7,030520.jpg
9,030521.jpg
6,030522.jpg
8,030523.jpg
6,030524.jpg
4,030525.jpg
6,030526.jpg
3,030527.jpg
5,030528.jpg
3,030529.jpg
3,030530.jpg
8,030531.jpg
0,030532.jpg
9,030533.jpg
0,030534.jpg
8,030535.jpg
7,030536.jpg
6,030537.jpg
9,030538.jpg
8,030539.jpg
3,030540.jpg
4,030541.jpg
1,030542.jpg
2,030543.jpg
7,030544.jpg
7,030545.jpg
6,030546.jpg
6,030547.jpg
7,030548.jpg
1,030549.jpg
7,030550.jpg
4,030551.jpg
6,030552.jpg
5,030553.jpg
6,030554.jpg
8,030555.jpg
6,030556.jpg
5,030557.jpg
9,030558.jpg
3,030559.jpg
9,030560.jpg
4,030561.jpg
9,030562.jpg
2,030563.jpg
8,030564.jpg
7,030565.jpg
7,030566.jpg
5,030567.jpg
6,030568.jpg
5,030569.jpg
9,030570.jpg
4,030571.jpg
4,030572.jpg
5,030573.jpg
9,030574.jpg
7,030575.jpg
9,030576.jpg
8,030577.jpg
2,030578.jpg
4,030579.jpg
3,030580.jpg
7,030581.jpg
6,030582.jpg
6,030583.jpg
0,030584.jpg
7,030585.jpg
3,030586.jpg
5,030587.jpg
9,030588.jpg
1,030589.jpg
8,030590.jpg
3,030591.jpg
3,030592.jpg
0,030593.jpg
2,030594.jpg
8,030595.jpg
8,030596.jpg
5,030597.jpg
3,030598.jpg
5,030599.jpg
7,030600.jpg
3,030601.jpg
1,030602.jpg
1,030603.jpg
5,030604.jpg
4,030605.jpg
5,030606.jpg
7,030607.jpg
9,030608.jpg
3,030609.jpg
5,030610.jpg
3,030611.jpg
1,030612.jpg
4,030613.jpg
0,030614.jpg
1,030615.jpg
4,030616.jpg
4,030617.jpg
2,030618.jpg
1,030619.jpg
3,030620.jpg
2,030621.jpg
4,030622.jpg
8,030623.jpg
9,030624.jpg
0,030625.jpg
5,030626.jpg
2,030627.jpg
0,030628.jpg
5,030629.jpg
9,030630.jpg
8,030631.jpg
6,030632.jpg
4,030633.jpg
8,030634.jpg
7,030635.jpg
6,030636.jpg
5,030637.jpg
6,030638.jpg
0,030639.jpg
0,030640.jpg
6,030641.jpg
1,030642.jpg
1,030643.jpg
0,030644.jpg
2,030645.jpg
8,030646.jpg
5,030647.jpg
4,030648.jpg
4,030649.jpg
2,030650.jpg
5,030651.jpg
3,030652.jpg
0,030653.jpg
1,030654.jpg
8,030655.jpg
9,030656.jpg
8,030657.jpg
4,030658.jpg
1,030659.jpg
0,030660.jpg
8,030661.jpg
3,030662.jpg
0,030663.jpg
8,030664.jpg
2,030665.jpg
8,030666.jpg
2,030667.jpg
3,030668.jpg
5,030669.jpg
8,030670.jpg
1,030671.jpg
1,030672.jpg
2,030673.jpg
9,030674.jpg
4,030675.jpg
6,030676.jpg
2,030677.jpg
2,030678.jpg
9,030679.jpg
3,030680.jpg
4,030681.jpg
5,030682.jpg
0,030683.jpg
7,030684.jpg
7,030685.jpg
7,030686.jpg
8,030687.jpg
7,030688.jpg
2,030689.jpg
3,030690.jpg
4,030691.jpg
0,030692.jpg
3,030693.jpg
4,030694.jpg
6,030695.jpg
8,030696.jpg
4,030697.jpg
9,030698.jpg
8,030699.jpg
0,030700.jpg
6,030701.jpg
5,030702.jpg
5,030703.jpg
7,030704.jpg
7,030705.jpg
0,030706.jpg
8,030707.jpg
1,030708.jpg
3,030709.jpg
8,030710.jpg
8,030711.jpg
9,030712.jpg
6,030713.jpg
1,030714.jpg
0,030715.jpg
8,030716.jpg
3,030717.jpg
3,030718.jpg
5,030719.jpg
1,030720.jpg
7,030721.jpg
6,030722.jpg
8,030723.jpg
1,030724.jpg
0,030725.jpg
9,030726.jpg
9,030727.jpg
4,030728.jpg
2,030729.jpg
6,030730.jpg
1,030731.jpg
3,030732.jpg
0,030733.jpg
4,030734.jpg
1,030735.jpg
6,030736.jpg
1,030737.jpg
5,030738.jpg
4,030739.jpg
3,030740.jpg
4,030741.jpg
8,030742.jpg
7,030743.jpg
7,030744.jpg
5,030745.jpg
7,030746.jpg
1,030747.jpg
8,030748.jpg
3,030749.jpg
6,030750.jpg
5,030751.jpg
2,030752.jpg
9,030753.jpg
6,030754.jpg
1,030755.jpg
6,030756.jpg
3,030757.jpg
6,030758.jpg
3,030759.jpg
4,030760.jpg
9,030761.jpg
1,030762.jpg
7,030763.jpg
6,030764.jpg
1,030765.jpg
5,030766.jpg
1,030767.jpg
5,030768.jpg
8,030769.jpg
4,030770.jpg
8,030771.jpg
1,030772.jpg
9,030773.jpg
5,030774.jpg
9,030775.jpg
8,030776.jpg
2,030777.jpg
1,030778.jpg
3,030779.jpg
8,030780.jpg
7,030781.jpg
7,030782.jpg
4,030783.jpg
8,030784.jpg
9,030785.jpg
3,030786.jpg
5,030787.jpg
6,030788.jpg
0,030789.jpg
8,030790.jpg
9,030791.jpg
5,030792.jpg
8,030793.jpg
1,030794.jpg
0,030795.jpg
0,030796.jpg
9,030797.jpg
7,030798.jpg
8,030799.jpg
9,030800.jpg
3,030801.jpg
9,030802.jpg
7,030803.jpg
4,030804.jpg
6,030805.jpg
0,030806.jpg
9,030807.jpg
2,030808.jpg
9,030809.jpg
2,030810.jpg
2,030811.jpg
1,030812.jpg
9,030813.jpg
6,030814.jpg
8,030815.jpg
8,030816.jpg
7,030817.jpg
3,030818.jpg
1,030819.jpg
3,030820.jpg
3,030821.jpg
1,030822.jpg
4,030823.jpg
6,030824.jpg
6,030825.jpg
4,030826.jpg
9,030827.jpg
1,030828.jpg
4,030829.jpg
5,030830.jpg
5,030831.jpg
0,030832.jpg
6,030833.jpg
0,030834.jpg
8,030835.jpg
6,030836.jpg
5,030837.jpg
3,030838.jpg
1,030839.jpg
9,030840.jpg
7,030841.jpg
3,030842.jpg
3,030843.jpg
4,030844.jpg
6,030845.jpg
3,030846.jpg
6,030847.jpg
1,030848.jpg
0,030849.jpg
7,030850.jpg
5,030851.jpg
7,030852.jpg
7,030853.jpg
3,030854.jpg
5,030855.jpg
9,030856.jpg
0,030857.jpg
4,030858.jpg
5,030859.jpg
3,030860.jpg
8,030861.jpg
8,030862.jpg
0,030863.jpg
4,030864.jpg
6,030865.jpg
6,030866.jpg
3,030867.jpg
5,030868.jpg
0,030869.jpg
3,030870.jpg
7,030871.jpg
6,030872.jpg
7,030873.jpg
5,030874.jpg
8,030875.jpg
8,030876.jpg
2,030877.jpg
7,030878.jpg
5,030879.jpg
5,030880.jpg
1,030881.jpg
4,030882.jpg
5,030883.jpg
9,030884.jpg
9,030885.jpg
5,030886.jpg
8,030887.jpg
6,030888.jpg
2,030889.jpg
6,030890.jpg
3,030891.jpg
4,030892.jpg
2,030893.jpg
4,030894.jpg
9,030895.jpg
5,030896.jpg
8,030897.jpg
6,030898.jpg
7,030899.jpg
0,030900.jpg
3,030901.jpg
6,030902.jpg
5,030903.jpg
0,030904.jpg
0,030905.jpg
6,030906.jpg
6,030907.jpg
6,030908.jpg
3,030909.jpg
5,030910.jpg
6,030911.jpg
6,030912.jpg
3,030913.jpg
2,030914.jpg
5,030915.jpg
1,030916.jpg
5,030917.jpg
6,030918.jpg
7,030919.jpg
0,030920.jpg
3,030921.jpg
0,030922.jpg
6,030923.jpg
7,030924.jpg
4,030925.jpg
5,030926.jpg
5,030927.jpg
6,030928.jpg
9,030929.jpg
5,030930.jpg
7,030931.jpg
5,030932.jpg
1,030933.jpg
8,030934.jpg
5,030935.jpg
3,030936.jpg
6,030937.jpg
8,030938.jpg
7,030939.jpg
3,030940.jpg
3,030941.jpg
7,030942.jpg
7,030943.jpg
5,030944.jpg
6,030945.jpg
4,030946.jpg
1,030947.jpg
0,030948.jpg
7,030949.jpg
6,030950.jpg
4,030951.jpg
1,030952.jpg
6,030953.jpg
1,030954.jpg
1,030955.jpg
0,030956.jpg
8,030957.jpg
4,030958.jpg
6,030959.jpg
5,030960.jpg
5,030961.jpg
0,030962.jpg
0,030963.jpg
3,030964.jpg
1,030965.jpg
1,030966.jpg
1,030967.jpg
3,030968.jpg
5,030969.jpg
1,030970.jpg
0,030971.jpg
9,030972.jpg
4,030973.jpg
5,030974.jpg
7,030975.jpg
0,030976.jpg
0,030977.jpg
7,030978.jpg
2,030979.jpg
0,030980.jpg
0,030981.jpg
0,030982.jpg
7,030983.jpg
3,030984.jpg
5,030985.jpg
4,030986.jpg
2,030987.jpg
7,030988.jpg
8,030989.jpg
0,030990.jpg
4,030991.jpg
6,030992.jpg
6,030993.jpg
9,030994.jpg
5,030995.jpg
8,030996.jpg
2,030997.jpg
1,030998.jpg
9,030999.jpg
8,031000.jpg
3,031001.jpg
0,031002.jpg
8,031003.jpg
6,031004.jpg
3,031005.jpg
8,031006.jpg
1,031007.jpg
9,031008.jpg
1,031009.jpg
6,031010.jpg
3,031011.jpg
8,031012.jpg
2,031013.jpg
9,031014.jpg
7,031015.jpg
0,031016.jpg
8,031017.jpg
0,031018.jpg
0,031019.jpg
6,031020.jpg
3,031021.jpg
8,031022.jpg
6,031023.jpg
3,031024.jpg
5,031025.jpg
8,031026.jpg
7,031027.jpg
1,031028.jpg
0,031029.jpg
5,031030.jpg
3,031031.jpg
7,031032.jpg
7,031033.jpg
7,031034.jpg
2,031035.jpg
9,031036.jpg
8,031037.jpg
6,031038.jpg
2,031039.jpg
7,031040.jpg
5,031041.jpg
5,031042.jpg
9,031043.jpg
4,031044.jpg
2,031045.jpg
6,031046.jpg
7,031047.jpg
8,031048.jpg
5,031049.jpg
1,031050.jpg
4,031051.jpg
3,031052.jpg
5,031053.jpg
9,031054.jpg
9,031055.jpg
0,031056.jpg
6,031057.jpg
4,031058.jpg
5,031059.jpg
5,031060.jpg
1,031061.jpg
5,031062.jpg
4,031063.jpg
9,031064.jpg
5,031065.jpg
7,031066.jpg
7,031067.jpg
0,031068.jpg
8,031069.jpg
5,031070.jpg
1,031071.jpg
1,031072.jpg
1,031073.jpg
3,031074.jpg
2,031075.jpg
0,031076.jpg
9,031077.jpg
9,031078.jpg
9,031079.jpg
6,031080.jpg
7,031081.jpg
3,031082.jpg
6,031083.jpg
5,031084.jpg
8,031085.jpg
3,031086.jpg
4,031087.jpg
8,031088.jpg
2,031089.jpg
4,031090.jpg
6,031091.jpg
5,031092.jpg
0,031093.jpg
0,031094.jpg
9,031095.jpg
3,031096.jpg
1,031097.jpg
4,031098.jpg
3,031099.jpg
5,031100.jpg
5,031101.jpg
7,031102.jpg
7,031103.jpg
3,031104.jpg
5,031105.jpg
8,031106.jpg
5,031107.jpg
7,031108.jpg
3,031109.jpg
2,031110.jpg
8,031111.jpg
1,031112.jpg
0,031113.jpg
9,031114.jpg
4,031115.jpg
8,031116.jpg
1,031117.jpg
2,031118.jpg
3,031119.jpg
0,031120.jpg
7,031121.jpg
8,031122.jpg
0,031123.jpg
4,031124.jpg
6,031125.jpg
4,031126.jpg
1,031127.jpg
0,031128.jpg
2,031129.jpg
9,031130.jpg
2,031131.jpg
3,031132.jpg
2,031133.jpg
7,031134.jpg
6,031135.jpg
6,031136.jpg
8,031137.jpg
4,031138.jpg
9,031139.jpg
6,031140.jpg
3,031141.jpg
3,031142.jpg
9,031143.jpg
1,031144.jpg
2,031145.jpg
4,031146.jpg
0,031147.jpg
9,031148.jpg
6,031149.jpg
7,031150.jpg
3,031151.jpg
1,031152.jpg
6,031153.jpg
2,031154.jpg
5,031155.jpg
5,031156.jpg
7,031157.jpg
7,031158.jpg
2,031159.jpg
1,031160.jpg
8,031161.jpg
5,031162.jpg
3,031163.jpg
8,031164.jpg
0,031165.jpg
6,031166.jpg
9,031167.jpg
0,031168.jpg
7,031169.jpg
6,031170.jpg
1,031171.jpg
4,031172.jpg
3,031173.jpg
5,031174.jpg
5,031175.jpg
7,031176.jpg
5,031177.jpg
0,031178.jpg
1,031179.jpg
1,031180.jpg
7,031181.jpg
7,031182.jpg
7,031183.jpg
4,031184.jpg
0,031185.jpg
0,031186.jpg
9,031187.jpg
2,031188.jpg
3,031189.jpg
7,031190.jpg
1,031191.jpg
5,031192.jpg
9,031193.jpg
1,031194.jpg
0,031195.jpg
8,031196.jpg
9,031197.jpg
4,031198.jpg
6,031199.jpg
0,031200.jpg
8,031201.jpg
0,031202.jpg
0,031203.jpg
4,031204.jpg
2,031205.jpg
8,031206.jpg
6,031207.jpg
4,031208.jpg
4,031209.jpg
8,031210.jpg
4,031211.jpg
4,031212.jpg
6,031213.jpg
1,031214.jpg
1,031215.jpg
3,031216.jpg
8,031217.jpg
9,031218.jpg
6,031219.jpg
2,031220.jpg
8,031221.jpg
8,031222.jpg
5,031223.jpg
6,031224.jpg
8,031225.jpg
0,031226.jpg
1,031227.jpg
3,031228.jpg
8,031229.jpg
8,031230.jpg
5,031231.jpg
3,031232.jpg
3,031233.jpg
8,031234.jpg
1,031235.jpg
2,031236.jpg
7,031237.jpg
7,031238.jpg
6,031239.jpg
6,031240.jpg
3,031241.jpg
5,031242.jpg
8,031243.jpg
5,031244.jpg
6,031245.jpg
8,031246.jpg
1,031247.jpg
6,031248.jpg
2,031249.jpg
8,031250.jpg
3,031251.jpg
0,031252.jpg
8,031253.jpg
3,031254.jpg
4,031255.jpg
2,031256.jpg
3,031257.jpg
7,031258.jpg
3,031259.jpg
2,031260.jpg
5,031261.jpg
4,031262.jpg
6,031263.jpg
6,031264.jpg
4,031265.jpg
7,031266.jpg
7,031267.jpg
2,031268.jpg
0,031269.jpg
9,031270.jpg
6,031271.jpg
1,031272.jpg
8,031273.jpg
9,031274.jpg
0,031275.jpg
4,031276.jpg
7,031277.jpg
9,031278.jpg
3,031279.jpg
3,031280.jpg
1,031281.jpg
0,031282.jpg
9,031283.jpg
9,031284.jpg
6,031285.jpg
5,031286.jpg
5,031287.jpg
8,031288.jpg
3,031289.jpg
5,031290.jpg
7,031291.jpg
9,031292.jpg
0,031293.jpg
8,031294.jpg
0,031295.jpg
5,031296.jpg
0,031297.jpg
2,031298.jpg
4,031299.jpg
5,031300.jpg
4,031301.jpg
4,031302.jpg
1,031303.jpg
7,031304.jpg
6,031305.jpg
9,031306.jpg
7,031307.jpg
9,031308.jpg
1,031309.jpg
4,031310.jpg
3,031311.jpg
3,031312.jpg
8,031313.jpg
3,031314.jpg
2,031315.jpg
8,031316.jpg
7,031317.jpg
7,031318.jpg
7,031319.jpg
3,031320.jpg
6,031321.jpg
7,031322.jpg
9,031323.jpg
0,031324.jpg
6,031325.jpg
3,031326.jpg
3,031327.jpg
2,031328.jpg
8,031329.jpg
2,031330.jpg
4,031331.jpg
3,031332.jpg
4,031333.jpg
3,031334.jpg
1,031335.jpg
6,031336.jpg
9,031337.jpg
6,031338.jpg
7,031339.jpg
6,031340.jpg
3,031341.jpg
1,031342.jpg
8,031343.jpg
3,031344.jpg
3,031345.jpg
2,031346.jpg
1,031347.jpg
2,031348.jpg
0,031349.jpg
0,031350.jpg
7,031351.jpg
8,031352.jpg
7,031353.jpg
0,031354.jpg
9,031355.jpg
3,031356.jpg
7,031357.jpg
9,031358.jpg
3,031359.jpg
4,031360.jpg
9,031361.jpg
2,031362.jpg
6,031363.jpg
1,031364.jpg
9,031365.jpg
4,031366.jpg
9,031367.jpg
7,031368.jpg
7,031369.jpg
2,031370.jpg
3,031371.jpg
0,031372.jpg
3,031373.jpg
2,031374.jpg
5,031375.jpg
6,031376.jpg
8,031377.jpg
2,031378.jpg
3,031379.jpg
4,031380.jpg
0,031381.jpg
3,031382.jpg
7,031383.jpg
7,031384.jpg
5,031385.jpg
4,031386.jpg
5,031387.jpg
0,031388.jpg
5,031389.jpg
3,031390.jpg
8,031391.jpg
0,031392.jpg
2,031393.jpg
7,031394.jpg
9,031395.jpg
1,031396.jpg
1,031397.jpg
5,031398.jpg
2,031399.jpg
5,031400.jpg
0,031401.jpg
2,031402.jpg
8,031403.jpg
5,031404.jpg
7,031405.jpg
1,031406.jpg
7,031407.jpg
3,031408.jpg
4,031409.jpg
2,031410.jpg
0,031411.jpg
3,031412.jpg
0,031413.jpg
3,031414.jpg
1,031415.jpg
9,031416.jpg
7,031417.jpg
3,031418.jpg
3,031419.jpg
5,031420.jpg
1,031421.jpg
1,031422.jpg
3,031423.jpg
7,031424.jpg
0,031425.jpg
7,031426.jpg
3,031427.jpg
5,031428.jpg
5,031429.jpg
8,031430.jpg
0,031431.jpg
2,031432.jpg
7,031433.jpg
3,031434.jpg
2,031435.jpg
6,031436.jpg
7,031437.jpg
6,031438.jpg
8,031439.jpg
4,031440.jpg
1,031441.jpg
3,031442.jpg
0,031443.jpg
3,031444.jpg
2,031445.jpg
1,031446.jpg
7,031447.jpg
0,031448.jpg
4,031449.jpg
6,031450.jpg
8,031451.jpg
1,031452.jpg
1,031453.jpg
0,031454.jpg
2,031455.jpg
7,031456.jpg
3,031457.jpg
2,031458.jpg
1,031459.jpg
1,031460.jpg
4,031461.jpg
6,031462.jpg
2,031463.jpg
7,031464.jpg
8,031465.jpg
9,031466.jpg
6,031467.jpg
3,031468.jpg
9,031469.jpg
2,031470.jpg
1,031471.jpg
2,031472.jpg
3,031473.jpg
3,031474.jpg
3,031475.jpg
0,031476.jpg
1,031477.jpg
5,031478.jpg
6,031479.jpg
6,031480.jpg
9,031481.jpg
6,031482.jpg
8,031483.jpg
0,031484.jpg
9,031485.jpg
9,031486.jpg
9,031487.jpg
2,031488.jpg
0,031489.jpg
4,031490.jpg
0,031491.jpg
4,031492.jpg
0,031493.jpg
7,031494.jpg
8,031495.jpg
0,031496.jpg
1,031497.jpg
8,031498.jpg
3,031499.jpg
1,031500.jpg
7,031501.jpg
2,031502.jpg
2,031503.jpg
3,031504.jpg
4,031505.jpg
2,031506.jpg
1,031507.jpg
2,031508.jpg
1,031509.jpg
4,031510.jpg
5,031511.jpg
0,031512.jpg
0,031513.jpg
2,031514.jpg
1,031515.jpg
8,031516.jpg
8,031517.jpg
2,031518.jpg
3,031519.jpg
3,031520.jpg
3,031521.jpg
3,031522.jpg
3,031523.jpg
6,031524.jpg
6,031525.jpg
9,031526.jpg
9,031527.jpg
3,031528.jpg
0,031529.jpg
7,031530.jpg
0,031531.jpg
4,031532.jpg
6,031533.jpg
4,031534.jpg
8,031535.jpg
8,031536.jpg
5,031537.jpg
8,031538.jpg
8,031539.jpg
2,031540.jpg
0,031541.jpg
2,031542.jpg
9,031543.jpg
4,031544.jpg
0,031545.jpg
0,031546.jpg
2,031547.jpg
5,031548.jpg
7,031549.jpg
1,031550.jpg
2,031551.jpg
0,031552.jpg
1,031553.jpg
6,031554.jpg
6,031555.jpg
8,031556.jpg
6,031557.jpg
3,031558.jpg
5,031559.jpg
3,031560.jpg
9,031561.jpg
4,031562.jpg
1,031563.jpg
3,031564.jpg
6,031565.jpg
5,031566.jpg
5,031567.jpg
6,031568.jpg
1,031569.jpg
6,031570.jpg
8,031571.jpg
9,031572.jpg
2,031573.jpg
1,031574.jpg
3,031575.jpg
1,031576.jpg
4,031577.jpg
0,031578.jpg
4,031579.jpg
4,031580.jpg
7,031581.jpg
6,031582.jpg
3,031583.jpg
1,031584.jpg
9,031585.jpg
1,031586.jpg
6,031587.jpg
8,031588.jpg
0,031589.jpg
8,031590.jpg
8,031591.jpg
4,031592.jpg
5,031593.jpg
1,031594.jpg
5,031595.jpg
0,031596.jpg
7,031597.jpg
9,031598.jpg
3,031599.jpg
4,031600.jpg
2,031601.jpg
3,031602.jpg
8,031603.jpg
7,031604.jpg
6,031605.jpg
2,031606.jpg
1,031607.jpg
9,031608.jpg
7,031609.jpg
9,031610.jpg
0,031611.jpg
2,031612.jpg
7,031613.jpg
7,031614.jpg
1,031615.jpg
9,031616.jpg
1,031617.jpg
4,031618.jpg
3,031619.jpg
8,031620.jpg
2,031621.jpg
3,031622.jpg
3,031623.jpg
5,031624.jpg
4,031625.jpg
8,031626.jpg
3,031627.jpg
0,031628.jpg
4,031629.jpg
4,031630.jpg
4,031631.jpg
0,031632.jpg
0,031633.jpg
2,031634.jpg
8,031635.jpg
4,031636.jpg
5,031637.jpg
1,031638.jpg
0,031639.jpg
2,031640.jpg
9,031641.jpg
1,031642.jpg
7,031643.jpg
8,031644.jpg
9,031645.jpg
4,031646.jpg
8,031647.jpg
7,031648.jpg
0,031649.jpg
7,031650.jpg
9,031651.jpg
3,031652.jpg
1,031653.jpg
4,031654.jpg
9,031655.jpg
7,031656.jpg
7,031657.jpg
7,031658.jpg
6,031659.jpg
0,031660.jpg
9,031661.jpg
8,031662.jpg
8,031663.jpg
4,031664.jpg
6,031665.jpg
1,031666.jpg
5,031667.jpg
2,031668.jpg
6,031669.jpg
7,031670.jpg
2,031671.jpg
4,031672.jpg
5,031673.jpg
0,031674.jpg
3,031675.jpg
3,031676.jpg
7,031677.jpg
5,031678.jpg
5,031679.jpg
7,031680.jpg
3,031681.jpg
3,031682.jpg
3,031683.jpg
0,031684.jpg
1,031685.jpg
6,031686.jpg
4,031687.jpg
8,031688.jpg
5,031689.jpg
1,031690.jpg
2,031691.jpg
4,031692.jpg
9,031693.jpg
4,031694.jpg
4,031695.jpg
2,031696.jpg
0,031697.jpg
8,031698.jpg
1,031699.jpg
3,031700.jpg
4,031701.jpg
6,031702.jpg
8,031703.jpg
6,031704.jpg
8,031705.jpg
7,031706.jpg
6,031707.jpg
0,031708.jpg
9,031709.jpg
4,031710.jpg
1,031711.jpg
3,031712.jpg
4,031713.jpg
1,031714.jpg
1,031715.jpg
7,031716.jpg
1,031717.jpg
3,031718.jpg
1,031719.jpg
1,031720.jpg
6,031721.jpg
7,031722.jpg
0,031723.jpg
3,031724.jpg
3,031725.jpg
0,031726.jpg
1,031727.jpg
4,031728.jpg
9,031729.jpg
6,031730.jpg
9,031731.jpg
3,031732.jpg
2,031733.jpg
0,031734.jpg
1,031735.jpg
2,031736.jpg
6,031737.jpg
2,031738.jpg
8,031739.jpg
5,031740.jpg
2,031741.jpg
9,031742.jpg
3,031743.jpg
9,031744.jpg
4,031745.jpg
9,031746.jpg
0,031747.jpg
1,031748.jpg
2,031749.jpg
0,031750.jpg
8,031751.jpg
3,031752.jpg
7,031753.jpg
7,031754.jpg
4,031755.jpg
7,031756.jpg
6,031757.jpg
4,031758.jpg
1,031759.jpg
4,031760.jpg
7,031761.jpg
6,031762.jpg
9,031763.jpg
6,031764.jpg
0,031765.jpg
6,031766.jpg
1,031767.jpg
1,031768.jpg
6,031769.jpg
1,031770.jpg
1,031771.jpg
0,031772.jpg
5,031773.jpg
2,031774.jpg
2,031775.jpg
6,031776.jpg
2,031777.jpg
6,031778.jpg
7,031779.jpg
6,031780.jpg
4,031781.jpg
4,031782.jpg
4,031783.jpg
3,031784.jpg
9,031785.jpg
0,031786.jpg
8,031787.jpg
3,031788.jpg
2,031789.jpg
0,031790.jpg
9,031791.jpg
1,031792.jpg
0,031793.jpg
9,031794.jpg
4,031795.jpg
6,031796.jpg
1,031797.jpg
4,031798.jpg
5,031799.jpg
7,031800.jpg
1,031801.jpg
1,031802.jpg
3,031803.jpg
5,031804.jpg
9,031805.jpg
1,031806.jpg
3,031807.jpg
9,031808.jpg
5,031809.jpg
2,031810.jpg
2,031811.jpg
1,031812.jpg
0,031813.jpg
6,031814.jpg
0,031815.jpg
5,031816.jpg
1,031817.jpg
2,031818.jpg
4,031819.jpg
2,031820.jpg
5,031821.jpg
5,031822.jpg
7,031823.jpg
2,031824.jpg
8,031825.jpg
6,031826.jpg
2,031827.jpg
8,031828.jpg
0,031829.jpg
5,031830.jpg
7,031831.jpg
1,031832.jpg
7,031833.jpg
8,031834.jpg
4,031835.jpg
6,031836.jpg
5,031837.jpg
3,031838.jpg
4,031839.jpg
4,031840.jpg
4,031841.jpg
7,031842.jpg
6,031843.jpg
0,031844.jpg
7,031845.jpg
6,031846.jpg
9,031847.jpg
2,031848.jpg
9,031849.jpg
7,031850.jpg
3,031851.jpg
0,031852.jpg
4,031853.jpg
2,031854.jpg
4,031855.jpg
9,031856.jpg
4,031857.jpg
7,031858.jpg
0,031859.jpg
2,031860.jpg
7,031861.jpg
5,031862.jpg
9,031863.jpg
0,031864.jpg
4,031865.jpg
4,031866.jpg
3,031867.jpg
4,031868.jpg
0,031869.jpg
5,031870.jpg
2,031871.jpg
4,031872.jpg
8,031873.jpg
9,031874.jpg
8,031875.jpg
5,031876.jpg
0,031877.jpg
7,031878.jpg
0,031879.jpg
4,031880.jpg
3,031881.jpg
8,031882.jpg
3,031883.jpg
2,031884.jpg
2,031885.jpg
2,031886.jpg
8,031887.jpg
1,031888.jpg
5,031889.jpg
6,031890.jpg
0,031891.jpg
9,031892.jpg
5,031893.jpg
2,031894.jpg
8,031895.jpg
9,031896.jpg
5,031897.jpg
3,031898.jpg
9,031899.jpg
8,031900.jpg
4,031901.jpg
3,031902.jpg
3,031903.jpg
5,031904.jpg
5,031905.jpg
6,031906.jpg
0,031907.jpg
0,031908.jpg
3,031909.jpg
1,031910.jpg
7,031911.jpg
0,031912.jpg
4,031913.jpg
7,031914.jpg
1,031915.jpg
0,031916.jpg
7,031917.jpg
3,031918.jpg
5,031919.jpg
9,031920.jpg
7,031921.jpg
3,031922.jpg
4,031923.jpg
7,031924.jpg
1,031925.jpg
7,031926.jpg
5,031927.jpg
4,031928.jpg
5,031929.jpg
6,031930.jpg
3,031931.jpg
0,031932.jpg
4,031933.jpg
2,031934.jpg
6,031935.jpg
0,031936.jpg
8,031937.jpg
4,031938.jpg
3,031939.jpg
0,031940.jpg
0,031941.jpg
6,031942.jpg
4,031943.jpg
3,031944.jpg
0,031945.jpg
4,031946.jpg
2,031947.jpg
5,031948.jpg
0,031949.jpg
2,031950.jpg
4,031951.jpg
5,031952.jpg
7,031953.jpg
1,031954.jpg
6,031955.jpg
0,031956.jpg
8,031957.jpg
5,031958.jpg
5,031959.jpg
0,031960.jpg
8,031961.jpg
5,031962.jpg
7,031963.jpg
7,031964.jpg
7,031965.jpg
5,031966.jpg
7,031967.jpg
5,031968.jpg
5,031969.jpg
5,031970.jpg
3,031971.jpg
5,031972.jpg
7,031973.jpg
9,031974.jpg
7,031975.jpg
5,031976.jpg
2,031977.jpg
9,031978.jpg
4,031979.jpg
8,031980.jpg
0,031981.jpg
6,031982.jpg
1,031983.jpg
0,031984.jpg
9,031985.jpg
1,031986.jpg
3,031987.jpg
5,031988.jpg
7,031989.jpg
0,031990.jpg
4,031991.jpg
9,031992.jpg
4,031993.jpg
8,031994.jpg
3,031995.jpg
3,031996.jpg
8,031997.jpg
7,031998.jpg
9,031999.jpg
1,032000.jpg
6,032001.jpg
4,032002.jpg
0,032003.jpg
9,032004.jpg
3,032005.jpg
3,032006.jpg
6,032007.jpg
1,032008.jpg
7,032009.jpg
6,032010.jpg
3,032011.jpg
2,032012.jpg
3,032013.jpg
0,032014.jpg
9,032015.jpg
4,032016.jpg
4,032017.jpg
3,032018.jpg
8,032019.jpg
4,032020.jpg
1,032021.jpg
2,032022.jpg
2,032023.jpg
9,032024.jpg
2,032025.jpg
0,032026.jpg
2,032027.jpg
9,032028.jpg
9,032029.jpg
9,032030.jpg
4,032031.jpg
5,032032.jpg
7,032033.jpg
6,032034.jpg
2,032035.jpg
3,032036.jpg
0,032037.jpg
3,032038.jpg
7,032039.jpg
7,032040.jpg
2,032041.jpg
9,032042.jpg
5,032043.jpg
8,032044.jpg
8,032045.jpg
4,032046.jpg
7,032047.jpg
5,032048.jpg
3,032049.jpg
4,032050.jpg
1,032051.jpg
6,032052.jpg
9,032053.jpg
4,032054.jpg
0,032055.jpg
4,032056.jpg
2,032057.jpg
0,032058.jpg
4,032059.jpg
2,032060.jpg
8,032061.jpg
8,032062.jpg
5,032063.jpg
5,032064.jpg
8,032065.jpg
6,032066.jpg
7,032067.jpg
5,032068.jpg
7,032069.jpg
6,032070.jpg
3,032071.jpg
0,032072.jpg
2,032073.jpg
7,032074.jpg
3,032075.jpg
2,032076.jpg
4,032077.jpg
1,032078.jpg
0,032079.jpg
3,032080.jpg
9,032081.jpg
9,032082.jpg
0,032083.jpg
3,032084.jpg
6,032085.jpg
1,032086.jpg
6,032087.jpg
4,032088.jpg
5,032089.jpg
6,032090.jpg
2,032091.jpg
7,032092.jpg
6,032093.jpg
9,032094.jpg
4,032095.jpg
7,032096.jpg
8,032097.jpg
8,032098.jpg
8,032099.jpg
7,032100.jpg
5,032101.jpg
3,032102.jpg
2,032103.jpg
8,032104.jpg
4,032105.jpg
0,032106.jpg
4,032107.jpg
4,032108.jpg
0,032109.jpg
1,032110.jpg
0,032111.jpg
0,032112.jpg
7,032113.jpg
2,032114.jpg
5,032115.jpg
1,032116.jpg
5,032117.jpg
5,032118.jpg
2,032119.jpg
0,032120.jpg
0,032121.jpg
3,032122.jpg
2,032123.jpg
1,032124.jpg
1,032125.jpg
5,032126.jpg
4,032127.jpg
9,032128.jpg
3,032129.jpg
5,032130.jpg
3,032131.jpg
7,032132.jpg
3,032133.jpg
0,032134.jpg
1,032135.jpg
1,032136.jpg
8,032137.jpg
4,032138.jpg
0,032139.jpg
0,032140.jpg
0,032141.jpg
3,032142.jpg
0,032143.jpg
4,032144.jpg
4,032145.jpg
1,032146.jpg
9,032147.jpg
9,032148.jpg
6,032149.jpg
0,032150.jpg
7,032151.jpg
9,032152.jpg
8,032153.jpg
7,032154.jpg
6,032155.jpg
5,032156.jpg
2,032157.jpg
9,032158.jpg
7,032159.jpg
6,032160.jpg
8,032161.jpg
5,032162.jpg
8,032163.jpg
0,032164.jpg
8,032165.jpg
0,032166.jpg
0,032167.jpg
2,032168.jpg
0,032169.jpg
7,032170.jpg
6,032171.jpg
7,032172.jpg
1,032173.jpg
4,032174.jpg
0,032175.jpg
0,032176.jpg
0,032177.jpg
1,032178.jpg
8,032179.jpg
1,032180.jpg
9,032181.jpg
6,032182.jpg
8,032183.jpg
4,032184.jpg
3,032185.jpg
2,032186.jpg
9,032187.jpg
6,032188.jpg
7,032189.jpg
4,032190.jpg
8,032191.jpg
7,032192.jpg
0,032193.jpg
3,032194.jpg
5,032195.jpg
8,032196.jpg
6,032197.jpg
3,032198.jpg
8,032199.jpg
3,032200.jpg
9,032201.jpg
0,032202.jpg
6,032203.jpg
2,032204.jpg
3,032205.jpg
3,032206.jpg
4,032207.jpg
6,032208.jpg
5,032209.jpg
9,032210.jpg
4,032211.jpg
9,032212.jpg
4,032213.jpg
8,032214.jpg
9,032215.jpg
6,032216.jpg
4,032217.jpg
5,032218.jpg
2,032219.jpg
9,032220.jpg
6,032221.jpg
8,032222.jpg
3,032223.jpg
7,032224.jpg
6,032225.jpg
4,032226.jpg
7,032227.jpg
4,032228.jpg
8,032229.jpg
0,032230.jpg
5,032231.jpg
9,032232.jpg
7,032233.jpg
2,032234.jpg
0,032235.jpg
7,032236.jpg
1,032237.jpg
9,032238.jpg
3,032239.jpg
5,032240.jpg
1,032241.jpg
8,032242.jpg
5,032243.jpg
3,032244.jpg
2,032245.jpg
2,032246.jpg
1,032247.jpg
0,032248.jpg
3,032249.jpg
5,032250.jpg
6,032251.jpg
5,032252.jpg
5,032253.jpg
3,032254.jpg
7,032255.jpg
7,032256.jpg
4,032257.jpg
8,032258.jpg
3,032259.jpg
2,032260.jpg
3,032261.jpg
5,032262.jpg
2,032263.jpg
9,032264.jpg
1,032265.jpg
7,032266.jpg
1,032267.jpg
8,032268.jpg
2,032269.jpg
6,032270.jpg
3,032271.jpg
6,032272.jpg
0,032273.jpg
4,032274.jpg
5,032275.jpg
3,032276.jpg
2,032277.jpg
9,032278.jpg
8,032279.jpg
1,032280.jpg
3,032281.jpg
9,032282.jpg
1,032283.jpg
4,032284.jpg
8,032285.jpg
0,032286.jpg
7,032287.jpg
9,032288.jpg
1,032289.jpg
8,032290.jpg
0,032291.jpg
8,032292.jpg
7,032293.jpg
3,032294.jpg
9,032295.jpg
2,032296.jpg
1,032297.jpg
0,032298.jpg
9,032299.jpg
7,032300.jpg
1,032301.jpg
6,032302.jpg
9,032303.jpg
8,032304.jpg
9,032305.jpg
1,032306.jpg
6,032307.jpg
1,032308.jpg
8,032309.jpg
2,032310.jpg
5,032311.jpg
2,032312.jpg
3,032313.jpg
3,032314.jpg
9,032315.jpg
6,032316.jpg
4,032317.jpg
7,032318.jpg
3,032319.jpg
4,032320.jpg
1,032321.jpg
4,032322.jpg
0,032323.jpg
5,032324.jpg
7,032325.jpg
9,032326.jpg
6,032327.jpg
5,032328.jpg
4,032329.jpg
9,032330.jpg
6,032331.jpg
2,032332.jpg
0,032333.jpg
8,032334.jpg
7,032335.jpg
1,032336.jpg
6,032337.jpg
8,032338.jpg
0,032339.jpg
2,032340.jpg
5,032341.jpg
1,032342.jpg
4,032343.jpg
0,032344.jpg
6,032345.jpg
2,032346.jpg
3,032347.jpg
9,032348.jpg
6,032349.jpg
7,032350.jpg
3,032351.jpg
0,032352.jpg
8,032353.jpg
2,032354.jpg
8,032355.jpg
3,032356.jpg
3,032357.jpg
8,032358.jpg
8,032359.jpg
7,032360.jpg
7,032361.jpg
6,032362.jpg
4,032363.jpg
5,032364.jpg
3,032365.jpg
1,032366.jpg
6,032367.jpg
3,032368.jpg
6,032369.jpg
3,032370.jpg
8,032371.jpg
2,032372.jpg
7,032373.jpg
1,032374.jpg
6,032375.jpg
5,032376.jpg
4,032377.jpg
0,032378.jpg
2,032379.jpg
9,032380.jpg
8,032381.jpg
3,032382.jpg
8,032383.jpg
1,032384.jpg
9,032385.jpg
9,032386.jpg
1,032387.jpg
0,032388.jpg
6,032389.jpg
2,032390.jpg
3,032391.jpg
6,032392.jpg
8,032393.jpg
4,032394.jpg
7,032395.jpg
7,032396.jpg
4,032397.jpg
4,032398.jpg
3,032399.jpg
9,032400.jpg
5,032401.jpg
5,032402.jpg
9,032403.jpg
2,032404.jpg
8,032405.jpg
0,032406.jpg
7,032407.jpg
8,032408.jpg
3,032409.jpg
1,032410.jpg
5,032411.jpg
0,032412.jpg
6,032413.jpg
1,032414.jpg
2,032415.jpg
7,032416.jpg
9,032417.jpg
2,032418.jpg
4,032419.jpg
7,032420.jpg
5,032421.jpg
8,032422.jpg
0,032423.jpg
2,032424.jpg
2,032425.jpg
8,032426.jpg
8,032427.jpg
7,032428.jpg
5,032429.jpg
4,032430.jpg
3,032431.jpg
9,032432.jpg
9,032433.jpg
6,032434.jpg
5,032435.jpg
5,032436.jpg
3,032437.jpg
3,032438.jpg
1,032439.jpg
2,032440.jpg
1,032441.jpg
2,032442.jpg
9,032443.jpg
9,032444.jpg
2,032445.jpg
2,032446.jpg
1,032447.jpg
2,032448.jpg
5,032449.jpg
9,032450.jpg
2,032451.jpg
7,032452.jpg
7,032453.jpg
8,032454.jpg
9,032455.jpg
0,032456.jpg
2,032457.jpg
6,032458.jpg
3,032459.jpg
8,032460.jpg
3,032461.jpg
3,032462.jpg
5,032463.jpg
1,032464.jpg
1,032465.jpg
2,032466.jpg
6,032467.jpg
5,032468.jpg
6,032469.jpg
3,032470.jpg
7,032471.jpg
3,032472.jpg
0,032473.jpg
6,032474.jpg
2,032475.jpg
5,032476.jpg
7,032477.jpg
6,032478.jpg
6,032479.jpg
8,032480.jpg
7,032481.jpg
5,032482.jpg
1,032483.jpg
2,032484.jpg
3,032485.jpg
0,032486.jpg
5,032487.jpg
9,032488.jpg
8,032489.jpg
6,032490.jpg
9,032491.jpg
9,032492.jpg
0,032493.jpg
8,032494.jpg
0,032495.jpg
1,032496.jpg
1,032497.jpg
5,032498.jpg
9,032499.jpg
0,032500.jpg
6,032501.jpg
7,032502.jpg
9,032503.jpg
8,032504.jpg
6,032505.jpg
8,032506.jpg
9,032507.jpg
7,032508.jpg
5,032509.jpg
8,032510.jpg
5,032511.jpg
8,032512.jpg
4,032513.jpg
4,032514.jpg
1,032515.jpg
1,032516.jpg
1,032517.jpg
2,032518.jpg
8,032519.jpg
5,032520.jpg
9,032521.jpg
5,032522.jpg
5,032523.jpg
9,032524.jpg
1,032525.jpg
7,032526.jpg
7,032527.jpg
9,032528.jpg
7,032529.jpg
7,032530.jpg
5,032531.jpg
6,032532.jpg
5,032533.jpg
5,032534.jpg
5,032535.jpg
2,032536.jpg
0,032537.jpg
1,032538.jpg
2,032539.jpg
4,032540.jpg
9,032541.jpg
4,032542.jpg
5,032543.jpg
8,032544.jpg
8,032545.jpg
4,032546.jpg
5,032547.jpg
2,032548.jpg
7,032549.jpg
8,032550.jpg
8,032551.jpg
2,032552.jpg
7,032553.jpg
5,032554.jpg
6,032555.jpg
1,032556.jpg
3,032557.jpg
3,032558.jpg
2,032559.jpg
4,032560.jpg
1,032561.jpg
0,032562.jpg
0,032563.jpg
7,032564.jpg
1,032565.jpg
2,032566.jpg
3,032567.jpg
2,032568.jpg
2,032569.jpg
9,032570.jpg
3,032571.jpg
3,032572.jpg
5,032573.jpg
4,032574.jpg
0,032575.jpg
3,032576.jpg
7,032577.jpg
2,032578.jpg
5,032579.jpg
7,032580.jpg
0,032581.jpg
5,032582.jpg
8,032583.jpg
5,032584.jpg
2,032585.jpg
9,032586.jpg
6,032587.jpg
6,032588.jpg
6,032589.jpg
5,032590.jpg
6,032591.jpg
5,032592.jpg
8,032593.jpg
0,032594.jpg
0,032595.jpg
8,032596.jpg
4,032597.jpg
9,032598.jpg
1,032599.jpg
4,032600.jpg
4,032601.jpg
0,032602.jpg
5,032603.jpg
3,032604.jpg
9,032605.jpg
4,032606.jpg
3,032607.jpg
7,032608.jpg
0,032609.jpg
7,032610.jpg
4,032611.jpg
9,032612.jpg
9,032613.jpg
7,032614.jpg
7,032615.jpg
9,032616.jpg
3,032617.jpg
5,032618.jpg
5,032619.jpg
8,032620.jpg
8,032621.jpg
9,032622.jpg
0,032623.jpg
9,032624.jpg
7,032625.jpg
2,032626.jpg
3,032627.jpg
3,032628.jpg
9,032629.jpg
2,032630.jpg
4,032631.jpg
7,032632.jpg
5,032633.jpg
9,032634.jpg
1,032635.jpg
6,032636.jpg
8,032637.jpg
5,032638.jpg
5,032639.jpg
2,032640.jpg
0,032641.jpg
4,032642.jpg
7,032643.jpg
4,032644.jpg
5,032645.jpg
9,032646.jpg
2,032647.jpg
2,032648.jpg
3,032649.jpg
8,032650.jpg
4,032651.jpg
9,032652.jpg
8,032653.jpg
6,032654.jpg
9,032655.jpg
5,032656.jpg
9,032657.jpg
7,032658.jpg
2,032659.jpg
1,032660.jpg
0,032661.jpg
5,032662.jpg
6,032663.jpg
7,032664.jpg
9,032665.jpg
9,032666.jpg
3,032667.jpg
0,032668.jpg
9,032669.jpg
2,032670.jpg
4,032671.jpg
0,032672.jpg
9,032673.jpg
0,032674.jpg
3,032675.jpg
9,032676.jpg
3,032677.jpg
1,032678.jpg
5,032679.jpg
1,032680.jpg
8,032681.jpg
9,032682.jpg
8,032683.jpg
2,032684.jpg
6,032685.jpg
2,032686.jpg
1,032687.jpg
8,032688.jpg
7,032689.jpg
9,032690.jpg
5,032691.jpg
4,032692.jpg
3,032693.jpg
0,032694.jpg
1,032695.jpg
9,032696.jpg
3,032697.jpg
4,032698.jpg
9,032699.jpg
5,032700.jpg
0,032701.jpg
7,032702.jpg
3,032703.jpg
0,032704.jpg
1,032705.jpg
1,032706.jpg
7,032707.jpg
8,032708.jpg
3,032709.jpg
8,032710.jpg
3,032711.jpg
9,032712.jpg
9,032713.jpg
0,032714.jpg
8,032715.jpg
8,032716.jpg
7,032717.jpg
1,032718.jpg
3,032719.jpg
7,032720.jpg
6,032721.jpg
9,032722.jpg
8,032723.jpg
5,032724.jpg
5,032725.jpg
2,032726.jpg
8,032727.jpg
3,032728.jpg
1,032729.jpg
4,032730.jpg
5,032731.jpg
6,032732.jpg
6,032733.jpg
9,032734.jpg
8,032735.jpg
8,032736.jpg
1,032737.jpg
1,032738.jpg
2,032739.jpg
7,032740.jpg
3,032741.jpg
6,032742.jpg
4,032743.jpg
9,032744.jpg
4,032745.jpg
0,032746.jpg
9,032747.jpg
0,032748.jpg
3,032749.jpg
8,032750.jpg
5,032751.jpg
8,032752.jpg
4,032753.jpg
6,032754.jpg
6,032755.jpg
1,032756.jpg
8,032757.jpg
4,032758.jpg
5,032759.jpg
9,032760.jpg
0,032761.jpg
5,032762.jpg
7,032763.jpg
7,032764.jpg
2,032765.jpg
0,032766.jpg
6,032767.jpg
4,032768.jpg
4,032769.jpg
6,032770.jpg
3,032771.jpg
6,032772.jpg
3,032773.jpg
8,032774.jpg
6,032775.jpg
7,032776.jpg
4,032777.jpg
1,032778.jpg
2,032779.jpg
9,032780.jpg
9,032781.jpg
2,032782.jpg
4,032783.jpg
4,032784.jpg
9,032785.jpg
3,032786.jpg
5,032787.jpg
5,032788.jpg
7,032789.jpg
0,032790.jpg
2,032791.jpg
8,032792.jpg
5,032793.jpg
2,032794.jpg
2,032795.jpg
0,032796.jpg
8,032797.jpg
7,032798.jpg
6,032799.jpg
7,032800.jpg
7,032801.jpg
6,032802.jpg
9,032803.jpg
3,032804.jpg
4,032805.jpg
8,032806.jpg
6,032807.jpg
9,032808.jpg
4,032809.jpg
8,032810.jpg
5,032811.jpg
0,032812.jpg
2,032813.jpg
3,032814.jpg
5,032815.jpg
0,032816.jpg
7,032817.jpg
6,032818.jpg
1,032819.jpg
7,032820.jpg
0,032821.jpg
8,032822.jpg
5,032823.jpg
2,032824.jpg
7,032825.jpg
8,032826.jpg
5,032827.jpg
9,032828.jpg
4,032829.jpg
2,032830.jpg
0,032831.jpg
0,032832.jpg
5,032833.jpg
3,032834.jpg
1,032835.jpg
8,032836.jpg
5,032837.jpg
0,032838.jpg
8,032839.jpg
4,032840.jpg
7,032841.jpg
9,032842.jpg
0,032843.jpg
6,032844.jpg
0,032845.jpg
1,032846.jpg
3,032847.jpg
1,032848.jpg
3,032849.jpg
1,032850.jpg
5,032851.jpg
1,032852.jpg
9,032853.jpg
6,032854.jpg
3,032855.jpg
0,032856.jpg
9,032857.jpg
7,032858.jpg
3,032859.jpg
8,032860.jpg
1,032861.jpg
7,032862.jpg
7,032863.jpg
2,032864.jpg
6,032865.jpg
4,032866.jpg
7,032867.jpg
2,032868.jpg
2,032869.jpg
6,032870.jpg
1,032871.jpg
9,032872.jpg
2,032873.jpg
8,032874.jpg
7,032875.jpg
0,032876.jpg
5,032877.jpg
4,032878.jpg
4,032879.jpg
8,032880.jpg
6,032881.jpg
0,032882.jpg
9,032883.jpg
9,032884.jpg
5,032885.jpg
0,032886.jpg
7,032887.jpg
4,032888.jpg
4,032889.jpg
2,032890.jpg
4,032891.jpg
5,032892.jpg
4,032893.jpg
0,032894.jpg
0,032895.jpg
9,032896.jpg
4,032897.jpg
8,032898.jpg
4,032899.jpg
3,032900.jpg
6,032901.jpg
9,032902.jpg
9,032903.jpg
1,032904.jpg
0,032905.jpg
2,032906.jpg
8,032907.jpg
6,032908.jpg
2,032909.jpg
5,032910.jpg
6,032911.jpg
2,032912.jpg
1,032913.jpg
4,032914.jpg
4,032915.jpg
5,032916.jpg
9,032917.jpg
6,032918.jpg
8,032919.jpg
4,032920.jpg
5,032921.jpg
8,032922.jpg
2,032923.jpg
3,032924.jpg
1,032925.jpg
9,032926.jpg
9,032927.jpg
5,032928.jpg
4,032929.jpg
8,032930.jpg
6,032931.jpg
7,032932.jpg
0,032933.jpg
7,032934.jpg
0,032935.jpg
2,032936.jpg
8,032937.jpg
0,032938.jpg
6,032939.jpg
0,032940.jpg
8,032941.jpg
9,032942.jpg
6,032943.jpg
5,032944.jpg
8,032945.jpg
3,032946.jpg
9,032947.jpg
1,032948.jpg
2,032949.jpg
6,032950.jpg
9,032951.jpg
1,032952.jpg
0,032953.jpg
4,032954.jpg
2,032955.jpg
3,032956.jpg
6,032957.jpg
6,032958.jpg
9,032959.jpg
6,032960.jpg
6,032961.jpg
1,032962.jpg
8,032963.jpg
5,032964.jpg
0,032965.jpg
1,032966.jpg
0,032967.jpg
9,032968.jpg
7,032969.jpg
6,032970.jpg
9,032971.jpg
5,032972.jpg
2,032973.jpg
5,032974.jpg
7,032975.jpg
4,032976.jpg
4,032977.jpg
5,032978.jpg
4,032979.jpg
5,032980.jpg
1,032981.jpg
1,032982.jpg
1,032983.jpg
7,032984.jpg
3,032985.jpg
6,032986.jpg
4,032987.jpg
1,032988.jpg
6,032989.jpg
0,032990.jpg
9,032991.jpg
6,032992.jpg
9,032993.jpg
6,032994.jpg
8,032995.jpg
5,032996.jpg
4,032997.jpg
6,032998.jpg
3,032999.jpg
0,033000.jpg
1,033001.jpg
3,033002.jpg
1,033003.jpg
0,033004.jpg
6,033005.jpg
5,033006.jpg
6,033007.jpg
5,033008.jpg
7,033009.jpg
8,033010.jpg
0,033011.jpg
7,033012.jpg
2,033013.jpg
9,033014.jpg
2,033015.jpg
0,033016.jpg
7,033017.jpg
6,033018.jpg
1,033019.jpg
2,033020.jpg
8,033021.jpg
5,033022.jpg
5,033023.jpg
4,033024.jpg
0,033025.jpg
7,033026.jpg
1,033027.jpg
4,033028.jpg
4,033029.jpg
6,033030.jpg
7,033031.jpg
6,033032.jpg
1,033033.jpg
0,033034.jpg
3,033035.jpg
7,033036.jpg
8,033037.jpg
0,033038.jpg
2,033039.jpg
4,033040.jpg
6,033041.jpg
1,033042.jpg
0,033043.jpg
9,033044.jpg
1,033045.jpg
8,033046.jpg
0,033047.jpg
2,033048.jpg
1,033049.jpg
7,033050.jpg
9,033051.jpg
4,033052.jpg
5,033053.jpg
1,033054.jpg
3,033055.jpg
3,033056.jpg
0,033057.jpg
5,033058.jpg
7,033059.jpg
1,033060.jpg
1,033061.jpg
8,033062.jpg
7,033063.jpg
3,033064.jpg
3,033065.jpg
1,033066.jpg
6,033067.jpg
2,033068.jpg
5,033069.jpg
2,033070.jpg
5,033071.jpg
2,033072.jpg
1,033073.jpg
8,033074.jpg
0,033075.jpg
0,033076.jpg
3,033077.jpg
7,033078.jpg
3,033079.jpg
0,033080.jpg
8,033081.jpg
6,033082.jpg
4,033083.jpg
9,033084.jpg
4,033085.jpg
5,033086.jpg
3,033087.jpg
4,033088.jpg
0,033089.jpg
2,033090.jpg
5,033091.jpg
3,033092.jpg
6,033093.jpg
9,033094.jpg
6,033095.jpg
3,033096.jpg
1,033097.jpg
1,033098.jpg
2,033099.jpg
9,033100.jpg
0,033101.jpg
7,033102.jpg
1,033103.jpg
7,033104.jpg
2,033105.jpg
6,033106.jpg
5,033107.jpg
3,033108.jpg
9,033109.jpg
9,033110.jpg
2,033111.jpg
4,033112.jpg
9,033113.jpg
0,033114.jpg
4,033115.jpg
7,033116.jpg
6,033117.jpg
6,033118.jpg
6,033119.jpg
1,033120.jpg
8,033121.jpg
0,033122.jpg
9,033123.jpg
5,033124.jpg
9,033125.jpg
6,033126.jpg
0,033127.jpg
0,033128.jpg
6,033129.jpg
5,033130.jpg
5,033131.jpg
2,033132.jpg
4,033133.jpg
5,033134.jpg
3,033135.jpg
1,033136.jpg
2,033137.jpg
1,033138.jpg
5,033139.jpg
8,033140.jpg
9,033141.jpg
9,033142.jpg
0,033143.jpg
9,033144.jpg
0,033145.jpg
1,033146.jpg
1,033147.jpg
3,033148.jpg
8,033149.jpg
5,033150.jpg
8,033151.jpg
0,033152.jpg
5,033153.jpg
7,033154.jpg
9,033155.jpg
5,033156.jpg
1,033157.jpg
1,033158.jpg
6,033159.jpg
2,033160.jpg
4,033161.jpg
1,033162.jpg
9,033163.jpg
3,033164.jpg
0,033165.jpg
5,033166.jpg
0,033167.jpg
8,033168.jpg
9,033169.jpg
4,033170.jpg
1,033171.jpg
0,033172.jpg
0,033173.jpg
8,033174.jpg
1,033175.jpg
2,033176.jpg
0,033177.jpg
8,033178.jpg
2,033179.jpg
4,033180.jpg
6,033181.jpg
7,033182.jpg
6,033183.jpg
6,033184.jpg
7,033185.jpg
7,033186.jpg
3,033187.jpg
8,033188.jpg
9,033189.jpg
7,033190.jpg
1,033191.jpg
2,033192.jpg
9,033193.jpg
6,033194.jpg
9,033195.jpg
8,033196.jpg
3,033197.jpg
7,033198.jpg
7,033199.jpg
2,033200.jpg
2,033201.jpg
5,033202.jpg
3,033203.jpg
1,033204.jpg
5,033205.jpg
9,033206.jpg
1,033207.jpg
2,033208.jpg
6,033209.jpg
4,033210.jpg
2,033211.jpg
8,033212.jpg
5,033213.jpg
9,033214.jpg
3,033215.jpg
3,033216.jpg
6,033217.jpg
6,033218.jpg
4,033219.jpg
1,033220.jpg
9,033221.jpg
2,033222.jpg
0,033223.jpg
9,033224.jpg
4,033225.jpg
8,033226.jpg
6,033227.jpg
1,033228.jpg
1,033229.jpg
5,033230.jpg
7,033231.jpg
3,033232.jpg
4,033233.jpg
5,033234.jpg
8,033235.jpg
5,033236.jpg
2,033237.jpg
1,033238.jpg
9,033239.jpg
1,033240.jpg
1,033241.jpg
4,033242.jpg
5,033243.jpg
0,033244.jpg
9,033245.jpg
7,033246.jpg
1,033247.jpg
5,033248.jpg
5,033249.jpg
6,033250.jpg
5,033251.jpg
7,033252.jpg
3,033253.jpg
6,033254.jpg
7,033255.jpg
3,033256.jpg
0,033257.jpg
7,033258.jpg
7,033259.jpg
8,033260.jpg
0,033261.jpg
5,033262.jpg
9,033263.jpg
0,033264.jpg
4,033265.jpg
0,033266.jpg
1,033267.jpg
6,033268.jpg
7,033269.jpg
6,033270.jpg
0,033271.jpg
8,033272.jpg
2,033273.jpg
3,033274.jpg
1,033275.jpg
8,033276.jpg
0,033277.jpg
5,033278.jpg
4,033279.jpg
1,033280.jpg
3,033281.jpg
9,033282.jpg
6,033283.jpg
6,033284.jpg
5,033285.jpg
0,033286.jpg
1,033287.jpg
7,033288.jpg
1,033289.jpg
0,033290.jpg
0,033291.jpg
2,033292.jpg
9,033293.jpg
9,033294.jpg
6,033295.jpg
0,033296.jpg
8,033297.jpg
6,033298.jpg
0,033299.jpg
0,033300.jpg
5,033301.jpg
3,033302.jpg
3,033303.jpg
3,033304.jpg
4,033305.jpg
4,033306.jpg
1,033307.jpg
3,033308.jpg
8,033309.jpg
3,033310.jpg
8,033311.jpg
4,033312.jpg
9,033313.jpg
6,033314.jpg
4,033315.jpg
4,033316.jpg
2,033317.jpg
2,033318.jpg
2,033319.jpg
5,033320.jpg
0,033321.jpg
5,033322.jpg
8,033323.jpg
0,033324.jpg
7,033325.jpg
5,033326.jpg
9,033327.jpg
8,033328.jpg
1,033329.jpg
1,033330.jpg
7,033331.jpg
4,033332.jpg
0,033333.jpg
7,033334.jpg
8,033335.jpg
1,033336.jpg
8,033337.jpg
5,033338.jpg
7,033339.jpg
1,033340.jpg
1,033341.jpg
9,033342.jpg
5,033343.jpg
4,033344.jpg
2,033345.jpg
9,033346.jpg
3,033347.jpg
2,033348.jpg
1,033349.jpg
5,033350.jpg
8,033351.jpg
2,033352.jpg
9,033353.jpg
9,033354.jpg
7,033355.jpg
7,033356.jpg
5,033357.jpg
7,033358.jpg
9,033359.jpg
0,033360.jpg
3,033361.jpg
7,033362.jpg
8,033363.jpg
0,033364.jpg
3,033365.jpg
1,033366.jpg
3,033367.jpg
0,033368.jpg
7,033369.jpg
9,033370.jpg
9,033371.jpg
1,033372.jpg
9,033373.jpg
8,033374.jpg
4,033375.jpg
1,033376.jpg
8,033377.jpg
7,033378.jpg
2,033379.jpg
2,033380.jpg
9,033381.jpg
4,033382.jpg
9,033383.jpg
4,033384.jpg
5,033385.jpg
3,033386.jpg
9,033387.jpg
5,033388.jpg
7,033389.jpg
6,033390.jpg
0,033391.jpg
2,033392.jpg
0,033393.jpg
9,033394.jpg
5,033395.jpg
0,033396.jpg
9,033397.jpg
6,033398.jpg
9,033399.jpg
0,033400.jpg
6,033401.jpg
7,033402.jpg
9,033403.jpg
8,033404.jpg
6,033405.jpg
2,033406.jpg
2,033407.jpg
5,033408.jpg
9,033409.jpg
0,033410.jpg
5,033411.jpg
8,033412.jpg
0,033413.jpg
0,033414.jpg
3,033415.jpg
1,033416.jpg
4,033417.jpg
9,033418.jpg
0,033419.jpg
0,033420.jpg
4,033421.jpg
2,033422.jpg
2,033423.jpg
0,033424.jpg
1,033425.jpg
2,033426.jpg
2,033427.jpg
7,033428.jpg
4,033429.jpg
6,033430.jpg
1,033431.jpg
2,033432.jpg
5,033433.jpg
7,033434.jpg
4,033435.jpg
3,033436.jpg
2,033437.jpg
8,033438.jpg
0,033439.jpg
5,033440.jpg
8,033441.jpg
1,033442.jpg
7,033443.jpg
3,033444.jpg
3,033445.jpg
6,033446.jpg
4,033447.jpg
9,033448.jpg
8,033449.jpg
7,033450.jpg
7,033451.jpg
8,033452.jpg
8,033453.jpg
8,033454.jpg
0,033455.jpg
3,033456.jpg
7,033457.jpg
0,033458.jpg
7,033459.jpg
9,033460.jpg
9,033461.jpg
4,033462.jpg
6,033463.jpg
8,033464.jpg
2,033465.jpg
4,033466.jpg
6,033467.jpg
0,033468.jpg
9,033469.jpg
3,033470.jpg
1,033471.jpg
6,033472.jpg
1,033473.jpg
9,033474.jpg
5,033475.jpg
8,033476.jpg
9,033477.jpg
1,033478.jpg
7,033479.jpg
6,033480.jpg
9,033481.jpg
2,033482.jpg
2,033483.jpg
0,033484.jpg
2,033485.jpg
3,033486.jpg
7,033487.jpg
3,033488.jpg
8,033489.jpg
0,033490.jpg
4,033491.jpg
8,033492.jpg
0,033493.jpg
9,033494.jpg
7,033495.jpg
9,033496.jpg
0,033497.jpg
6,033498.jpg
2,033499.jpg
0,033500.jpg
3,033501.jpg
9,033502.jpg
6,033503.jpg
1,033504.jpg
6,033505.jpg
4,033506.jpg
3,033507.jpg
7,033508.jpg
2,033509.jpg
2,033510.jpg
3,033511.jpg
6,033512.jpg
7,033513.jpg
1,033514.jpg
4,033515.jpg
4,033516.jpg
5,033517.jpg
8,033518.jpg
1,033519.jpg
2,033520.jpg
1,033521.jpg
9,033522.jpg
9,033523.jpg
5,033524.jpg
3,033525.jpg
5,033526.jpg
8,033527.jpg
2,033528.jpg
6,033529.jpg
4,033530.jpg
6,033531.jpg
4,033532.jpg
4,033533.jpg
9,033534.jpg
8,033535.jpg
0,033536.jpg
3,033537.jpg
0,033538.jpg
7,033539.jpg
4,033540.jpg
2,033541.jpg
9,033542.jpg
4,033543.jpg
5,033544.jpg
6,033545.jpg
5,033546.jpg
8,033547.jpg
1,033548.jpg
8,033549.jpg
4,033550.jpg
8,033551.jpg
8,033552.jpg
5,033553.jpg
7,033554.jpg
6,033555.jpg
4,033556.jpg
5,033557.jpg
3,033558.jpg
0,033559.jpg
0,033560.jpg
8,033561.jpg
4,033562.jpg
6,033563.jpg
3,033564.jpg
9,033565.jpg
8,033566.jpg
7,033567.jpg
1,033568.jpg
9,033569.jpg
6,033570.jpg
3,033571.jpg
8,033572.jpg
8,033573.jpg
0,033574.jpg
5,033575.jpg
6,033576.jpg
7,033577.jpg
0,033578.jpg
9,033579.jpg
6,033580.jpg
8,033581.jpg
1,033582.jpg
7,033583.jpg
9,033584.jpg
5,033585.jpg
5,033586.jpg
3,033587.jpg
3,033588.jpg
5,033589.jpg
0,033590.jpg
4,033591.jpg
4,033592.jpg
7,033593.jpg
9,033594.jpg
2,033595.jpg
5,033596.jpg
8,033597.jpg
9,033598.jpg
7,033599.jpg
0,033600.jpg
4,033601.jpg
7,033602.jpg
7,033603.jpg
9,033604.jpg
8,033605.jpg
0,033606.jpg
2,033607.jpg
8,033608.jpg
0,033609.jpg
5,033610.jpg
7,033611.jpg
6,033612.jpg
8,033613.jpg
7,033614.jpg
1,033615.jpg
1,033616.jpg
5,033617.jpg
9,033618.jpg
4,033619.jpg
2,033620.jpg
2,033621.jpg
4,033622.jpg
3,033623.jpg
9,033624.jpg
7,033625.jpg
0,033626.jpg
0,033627.jpg
8,033628.jpg
1,033629.jpg
3,033630.jpg
2,033631.jpg
6,033632.jpg
5,033633.jpg
4,033634.jpg
8,033635.jpg
3,033636.jpg
5,033637.jpg
6,033638.jpg
7,033639.jpg
8,033640.jpg
3,033641.jpg
8,033642.jpg
5,033643.jpg
8,033644.jpg
3,033645.jpg
5,033646.jpg
2,033647.jpg
3,033648.jpg
1,033649.jpg
8,033650.jpg
8,033651.jpg
4,033652.jpg
1,033653.jpg
6,033654.jpg
6,033655.jpg
8,033656.jpg
5,033657.jpg
7,033658.jpg
6,033659.jpg
6,033660.jpg
4,033661.jpg
5,033662.jpg
5,033663.jpg
0,033664.jpg
1,033665.jpg
9,033666.jpg
8,033667.jpg
6,033668.jpg
5,033669.jpg
8,033670.jpg
3,033671.jpg
6,033672.jpg
9,033673.jpg
8,033674.jpg
2,033675.jpg
8,033676.jpg
4,033677.jpg
3,033678.jpg
6,033679.jpg
1,033680.jpg
9,033681.jpg
5,033682.jpg
9,033683.jpg
9,033684.jpg
9,033685.jpg
1,033686.jpg
7,033687.jpg
3,033688.jpg
4,033689.jpg
9,033690.jpg
8,033691.jpg
1,033692.jpg
8,033693.jpg
4,033694.jpg
0,033695.jpg
9,033696.jpg
1,033697.jpg
9,033698.jpg
0,033699.jpg
1,033700.jpg
4,033701.jpg
1,033702.jpg
6,033703.jpg
8,033704.jpg
0,033705.jpg
8,033706.jpg
8,033707.jpg
0,033708.jpg
4,033709.jpg
4,033710.jpg
1,033711.jpg
3,033712.jpg
1,033713.jpg
8,033714.jpg
2,033715.jpg
2,033716.jpg
9,033717.jpg
1,033718.jpg
0,033719.jpg
7,033720.jpg
5,033721.jpg
5,033722.jpg
4,033723.jpg
3,033724.jpg
6,033725.jpg
5,033726.jpg
0,033727.jpg
7,033728.jpg
1,033729.jpg
7,033730.jpg
0,033731.jpg
4,033732.jpg
5,033733.jpg
6,033734.jpg
5,033735.jpg
8,033736.jpg
0,033737.jpg
0,033738.jpg
1,033739.jpg
8,033740.jpg
1,033741.jpg
9,033742.jpg
4,033743.jpg
5,033744.jpg
9,033745.jpg
3,033746.jpg
7,033747.jpg
1,033748.jpg
7,033749.jpg
9,033750.jpg
3,033751.jpg
8,033752.jpg
5,033753.jpg
3,033754.jpg
7,033755.jpg
2,033756.jpg
1,033757.jpg
4,033758.jpg
0,033759.jpg
4,033760.jpg
3,033761.jpg
3,033762.jpg
5,033763.jpg
6,033764.jpg
8,033765.jpg
4,033766.jpg
8,033767.jpg
8,033768.jpg
4,033769.jpg
2,033770.jpg
5,033771.jpg
1,033772.jpg
5,033773.jpg
7,033774.jpg
2,033775.jpg
6,033776.jpg
2,033777.jpg
6,033778.jpg
6,033779.jpg
8,033780.jpg
0,033781.jpg
6,033782.jpg
4,033783.jpg
3,033784.jpg
7,033785.jpg
5,033786.jpg
1,033787.jpg
4,033788.jpg
4,033789.jpg
4,033790.jpg
8,033791.jpg
5,033792.jpg
8,033793.jpg
5,033794.jpg
7,033795.jpg
1,033796.jpg
4,033797.jpg
7,033798.jpg
1,033799.jpg
3,033800.jpg
0,033801.jpg
9,033802.jpg
9,033803.jpg
8,033804.jpg
0,033805.jpg
4,033806.jpg
1,033807.jpg
9,033808.jpg
8,033809.jpg
3,033810.jpg
4,033811.jpg
4,033812.jpg
3,033813.jpg
0,033814.jpg
4,033815.jpg
0,033816.jpg
3,033817.jpg
7,033818.jpg
3,033819.jpg
2,033820.jpg
6,033821.jpg
4,033822.jpg
9,033823.jpg
7,033824.jpg
5,033825.jpg
5,033826.jpg
3,033827.jpg
9,033828.jpg
5,033829.jpg
0,033830.jpg
3,033831.jpg
5,033832.jpg
4,033833.jpg
6,033834.jpg
2,033835.jpg
0,033836.jpg
2,033837.jpg
5,033838.jpg
5,033839.jpg
9,033840.jpg
8,033841.jpg
3,033842.jpg
3,033843.jpg
3,033844.jpg
3,033845.jpg
9,033846.jpg
5,033847.jpg
1,033848.jpg
1,033849.jpg
6,033850.jpg
6,033851.jpg
0,033852.jpg
1,033853.jpg
0,033854.jpg
5,033855.jpg
9,033856.jpg
3,033857.jpg
4,033858.jpg
8,033859.jpg
8,033860.jpg
4,033861.jpg
3,033862.jpg
8,033863.jpg
7,033864.jpg
4,033865.jpg
5,033866.jpg
5,033867.jpg
9,033868.jpg
1,033869.jpg
2,033870.jpg
7,033871.jpg
0,033872.jpg
2,033873.jpg
3,033874.jpg
1,033875.jpg
4,033876.jpg
7,033877.jpg
8,033878.jpg
5,033879.jpg
0,033880.jpg
6,033881.jpg
7,033882.jpg
0,033883.jpg
3,033884.jpg
7,033885.jpg
6,033886.jpg
3,033887.jpg
6,033888.jpg
1,033889.jpg
3,033890.jpg
5,033891.jpg
1,033892.jpg
0,033893.jpg
6,033894.jpg
1,033895.jpg
9,033896.jpg
1,033897.jpg
7,033898.jpg
6,033899.jpg
1,033900.jpg
1,033901.jpg
6,033902.jpg
9,033903.jpg
4,033904.jpg
1,033905.jpg
5,033906.jpg
6,033907.jpg
3,033908.jpg
1,033909.jpg
3,033910.jpg
1,033911.jpg
3,033912.jpg
2,033913.jpg
9,033914.jpg
7,033915.jpg
8,033916.jpg
4,033917.jpg
8,033918.jpg
2,033919.jpg
4,033920.jpg
5,033921.jpg
5,033922.jpg
0,033923.jpg
8,033924.jpg
4,033925.jpg
4,033926.jpg
2,033927.jpg
6,033928.jpg
7,033929.jpg
9,033930.jpg
7,033931.jpg
2,033932.jpg
8,033933.jpg
0,033934.jpg
5,033935.jpg
1,033936.jpg
8,033937.jpg
8,033938.jpg
9,033939.jpg
3,033940.jpg
7,033941.jpg
8,033942.jpg
0,033943.jpg
0,033944.jpg
7,033945.jpg
9,033946.jpg
6,033947.jpg
1,033948.jpg
1,033949.jpg
8,033950.jpg
1,033951.jpg
6,033952.jpg
8,033953.jpg
6,033954.jpg
0,033955.jpg
4,033956.jpg
5,033957.jpg
8,033958.jpg
3,033959.jpg
4,033960.jpg
6,033961.jpg
3,033962.jpg
7,033963.jpg
2,033964.jpg
6,033965.jpg
7,033966.jpg
9,033967.jpg
9,033968.jpg
0,033969.jpg
8,033970.jpg
0,033971.jpg
0,033972.jpg
8,033973.jpg
6,033974.jpg
3,033975.jpg
3,033976.jpg
6,033977.jpg
0,033978.jpg
4,033979.jpg
7,033980.jpg
5,033981.jpg
4,033982.jpg
8,033983.jpg
1,033984.jpg
4,033985.jpg
2,033986.jpg
3,033987.jpg
5,033988.jpg
5,033989.jpg
3,033990.jpg
9,033991.jpg
7,033992.jpg
5,033993.jpg
4,033994.jpg
9,033995.jpg
7,033996.jpg
3,033997.jpg
3,033998.jpg
7,033999.jpg
8,034000.jpg
6,034001.jpg
7,034002.jpg
1,034003.jpg
2,034004.jpg
6,034005.jpg
3,034006.jpg
7,034007.jpg
6,034008.jpg
6,034009.jpg
0,034010.jpg
2,034011.jpg
8,034012.jpg
4,034013.jpg
0,034014.jpg
2,034015.jpg
4,034016.jpg
9,034017.jpg
4,034018.jpg
2,034019.jpg
9,034020.jpg
8,034021.jpg
2,034022.jpg
0,034023.jpg
4,034024.jpg
2,034025.jpg
1,034026.jpg
0,034027.jpg
1,034028.jpg
7,034029.jpg
1,034030.jpg
0,034031.jpg
8,034032.jpg
2,034033.jpg
8,034034.jpg
9,034035.jpg
4,034036.jpg
3,034037.jpg
0,034038.jpg
6,034039.jpg
4,034040.jpg
3,034041.jpg
6,034042.jpg
2,034043.jpg
0,034044.jpg
8,034045.jpg
8,034046.jpg
9,034047.jpg
5,034048.jpg
9,034049.jpg
9,034050.jpg
5,034051.jpg
3,034052.jpg
2,034053.jpg
3,034054.jpg
9,034055.jpg
6,034056.jpg
6,034057.jpg
0,034058.jpg
3,034059.jpg
6,034060.jpg
9,034061.jpg
8,034062.jpg
2,034063.jpg
6,034064.jpg
3,034065.jpg
6,034066.jpg
8,034067.jpg
2,034068.jpg
4,034069.jpg
4,034070.jpg
4,034071.jpg
9,034072.jpg
8,034073.jpg
7,034074.jpg
6,034075.jpg
9,034076.jpg
5,034077.jpg
2,034078.jpg
4,034079.jpg
5,034080.jpg
4,034081.jpg
5,034082.jpg
5,034083.jpg
4,034084.jpg
7,034085.jpg
9,034086.jpg
6,034087.jpg
9,034088.jpg
9,034089.jpg
3,034090.jpg
6,034091.jpg
0,034092.jpg
1,034093.jpg
1,034094.jpg
2,034095.jpg
1,034096.jpg
5,034097.jpg
8,034098.jpg
6,034099.jpg
8,034100.jpg
3,034101.jpg
4,034102.jpg
9,034103.jpg
1,034104.jpg
4,034105.jpg
9,034106.jpg
3,034107.jpg
1,034108.jpg
2,034109.jpg
2,034110.jpg
2,034111.jpg
8,034112.jpg
4,034113.jpg
2,034114.jpg
1,034115.jpg
0,034116.jpg
2,034117.jpg
1,034118.jpg
4,034119.jpg
1,034120.jpg
8,034121.jpg
9,034122.jpg
1,034123.jpg
0,034124.jpg
2,034125.jpg
0,034126.jpg
8,034127.jpg
3,034128.jpg
0,034129.jpg
4,034130.jpg
1,034131.jpg
8,034132.jpg
5,034133.jpg
0,034134.jpg
3,034135.jpg
8,034136.jpg
0,034137.jpg
2,034138.jpg
6,034139.jpg
9,034140.jpg
4,034141.jpg
4,034142.jpg
9,034143.jpg
5,034144.jpg
1,034145.jpg
7,034146.jpg
7,034147.jpg
3,034148.jpg
8,034149.jpg
0,034150.jpg
9,034151.jpg
6,034152.jpg
5,034153.jpg
2,034154.jpg
5,034155.jpg
1,034156.jpg
2,034157.jpg
2,034158.jpg
9,034159.jpg
3,034160.jpg
3,034161.jpg
3,034162.jpg
5,034163.jpg
3,034164.jpg
1,034165.jpg
9,034166.jpg
5,034167.jpg
5,034168.jpg
0,034169.jpg
1,034170.jpg
9,034171.jpg
3,034172.jpg
8,034173.jpg
7,034174.jpg
9,034175.jpg
9,034176.jpg
1,034177.jpg
0,034178.jpg
4,034179.jpg
5,034180.jpg
7,034181.jpg
2,034182.jpg
7,034183.jpg
0,034184.jpg
2,034185.jpg
8,034186.jpg
4,034187.jpg
6,034188.jpg
5,034189.jpg
2,034190.jpg
8,034191.jpg
1,034192.jpg
1,034193.jpg
7,034194.jpg
4,034195.jpg
0,034196.jpg
3,034197.jpg
0,034198.jpg
5,034199.jpg
6,034200.jpg
2,034201.jpg
1,034202.jpg
4,034203.jpg
7,034204.jpg
7,034205.jpg
9,034206.jpg
4,034207.jpg
6,034208.jpg
8,034209.jpg
4,034210.jpg
8,034211.jpg
8,034212.jpg
8,034213.jpg
8,034214.jpg
4,034215.jpg
9,034216.jpg
1,034217.jpg
7,034218.jpg
0,034219.jpg
5,034220.jpg
0,034221.jpg
9,034222.jpg
0,034223.jpg
4,034224.jpg
8,034225.jpg
6,034226.jpg
1,034227.jpg
8,034228.jpg
9,034229.jpg
1,034230.jpg
5,034231.jpg
2,034232.jpg
7,034233.jpg
3,034234.jpg
9,034235.jpg
2,034236.jpg
6,034237.jpg
5,034238.jpg
4,034239.jpg
0,034240.jpg
8,034241.jpg
5,034242.jpg
9,034243.jpg
3,034244.jpg
4,034245.jpg
3,034246.jpg
0,034247.jpg
5,034248.jpg
2,034249.jpg
0,034250.jpg
5,034251.jpg
6,034252.jpg
1,034253.jpg
7,034254.jpg
1,034255.jpg
4,034256.jpg
4,034257.jpg
7,034258.jpg
4,034259.jpg
6,034260.jpg
3,034261.jpg
7,034262.jpg
2,034263.jpg
0,034264.jpg
0,034265.jpg
1,034266.jpg
3,034267.jpg
3,034268.jpg
2,034269.jpg
1,034270.jpg
4,034271.jpg
4,034272.jpg
4,034273.jpg
1,034274.jpg
0,034275.jpg
7,034276.jpg
0,034277.jpg
3,034278.jpg
2,034279.jpg
1,034280.jpg
7,034281.jpg
3,034282.jpg
8,034283.jpg
1,034284.jpg
6,034285.jpg
4,034286.jpg
9,034287.jpg
2,034288.jpg
3,034289.jpg
4,034290.jpg
1,034291.jpg
9,034292.jpg
1,034293.jpg
4,034294.jpg
4,034295.jpg
2,034296.jpg
1,034297.jpg
2,034298.jpg
6,034299.jpg
6,034300.jpg
9,034301.jpg
4,034302.jpg
2,034303.jpg
3,034304.jpg
4,034305.jpg
9,034306.jpg
5,034307.jpg
0,034308.jpg
1,034309.jpg
9,034310.jpg
9,034311.jpg
9,034312.jpg
7,034313.jpg
3,034314.jpg
3,034315.jpg
0,034316.jpg
9,034317.jpg
7,034318.jpg
5,034319.jpg
4,034320.jpg
2,034321.jpg
2,034322.jpg
7,034323.jpg
9,034324.jpg
9,034325.jpg
4,034326.jpg
5,034327.jpg
1,034328.jpg
6,034329.jpg
9,034330.jpg
3,034331.jpg
6,034332.jpg
4,034333.jpg
0,034334.jpg
5,034335.jpg
4,034336.jpg
1,034337.jpg
3,034338.jpg
2,034339.jpg
2,034340.jpg
7,034341.jpg
0,034342.jpg
3,034343.jpg
5,034344.jpg
2,034345.jpg
3,034346.jpg
1,034347.jpg
6,034348.jpg
5,034349.jpg
6,034350.jpg
0,034351.jpg
1,034352.jpg
8,034353.jpg
3,034354.jpg
0,034355.jpg
6,034356.jpg
9,034357.jpg
5,034358.jpg
9,034359.jpg
2,034360.jpg
6,034361.jpg
1,034362.jpg
6,034363.jpg
6,034364.jpg
0,034365.jpg
3,034366.jpg
3,034367.jpg
4,034368.jpg
5,034369.jpg
4,034370.jpg
3,034371.jpg
6,034372.jpg
6,034373.jpg
0,034374.jpg
5,034375.jpg
5,034376.jpg
7,034377.jpg
1,034378.jpg
8,034379.jpg
1,034380.jpg
6,034381.jpg
7,034382.jpg
6,034383.jpg
8,034384.jpg
5,034385.jpg
9,034386.jpg
4,034387.jpg
3,034388.jpg
4,034389.jpg
8,034390.jpg
4,034391.jpg
4,034392.jpg
6,034393.jpg
9,034394.jpg
0,034395.jpg
9,034396.jpg
3,034397.jpg
6,034398.jpg
3,034399.jpg
2,034400.jpg
0,034401.jpg
8,034402.jpg
4,034403.jpg
0,034404.jpg
1,034405.jpg
1,034406.jpg
7,034407.jpg
2,034408.jpg
4,034409.jpg
2,034410.jpg
6,034411.jpg
4,034412.jpg
2,034413.jpg
9,034414.jpg
7,034415.jpg
0,034416.jpg
3,034417.jpg
3,034418.jpg
9,034419.jpg
0,034420.jpg
6,034421.jpg
3,034422.jpg
3,034423.jpg
3,034424.jpg
8,034425.jpg
3,034426.jpg
0,034427.jpg
6,034428.jpg
2,034429.jpg
6,034430.jpg
0,034431.jpg
0,034432.jpg
0,034433.jpg
8,034434.jpg
2,034435.jpg
5,034436.jpg
4,034437.jpg
7,034438.jpg
5,034439.jpg
6,034440.jpg
9,034441.jpg
9,034442.jpg
3,034443.jpg
7,034444.jpg
1,034445.jpg
0,034446.jpg
8,034447.jpg
2,034448.jpg
6,034449.jpg
3,034450.jpg
2,034451.jpg
8,034452.jpg
5,034453.jpg
2,034454.jpg
8,034455.jpg
6,034456.jpg
9,034457.jpg
8,034458.jpg
5,034459.jpg
2,034460.jpg
1,034461.jpg
8,034462.jpg
1,034463.jpg
7,034464.jpg
2,034465.jpg
8,034466.jpg
3,034467.jpg
6,034468.jpg
1,034469.jpg
7,034470.jpg
1,034471.jpg
8,034472.jpg
8,034473.jpg
1,034474.jpg
8,034475.jpg
7,034476.jpg
1,034477.jpg
9,034478.jpg
3,034479.jpg
6,034480.jpg
3,034481.jpg
5,034482.jpg
7,034483.jpg
1,034484.jpg
0,034485.jpg
6,034486.jpg
3,034487.jpg
1,034488.jpg
4,034489.jpg
3,034490.jpg
6,034491.jpg
8,034492.jpg
4,034493.jpg
1,034494.jpg
1,034495.jpg
1,034496.jpg
2,034497.jpg
2,034498.jpg
3,034499.jpg
9,034500.jpg
8,034501.jpg
1,034502.jpg
8,034503.jpg
0,034504.jpg
9,034505.jpg
7,034506.jpg
7,034507.jpg
3,034508.jpg
0,034509.jpg
9,034510.jpg
9,034511.jpg
2,034512.jpg
0,034513.jpg
2,034514.jpg
9,034515.jpg
5,034516.jpg
4,034517.jpg
1,034518.jpg
1,034519.jpg
3,034520.jpg
2,034521.jpg
0,034522.jpg
6,034523.jpg
8,034524.jpg
4,034525.jpg
7,034526.jpg
1,034527.jpg
0,034528.jpg
9,034529.jpg
3,034530.jpg
3,034531.jpg
9,034532.jpg
3,034533.jpg
3,034534.jpg
6,034535.jpg
2,034536.jpg
9,034537.jpg
6,034538.jpg
7,034539.jpg
9,034540.jpg
8,034541.jpg
8,034542.jpg
8,034543.jpg
5,034544.jpg
8,034545.jpg
1,034546.jpg
1,034547.jpg
5,034548.jpg
6,034549.jpg
1,034550.jpg
2,034551.jpg
2,034552.jpg
6,034553.jpg
3,034554.jpg
0,034555.jpg
7,034556.jpg
2,034557.jpg
6,034558.jpg
7,034559.jpg
0,034560.jpg
2,034561.jpg
3,034562.jpg
0,034563.jpg
0,034564.jpg
3,034565.jpg
5,034566.jpg
1,034567.jpg
8,034568.jpg
9,034569.jpg
7,034570.jpg
5,034571.jpg
9,034572.jpg
3,034573.jpg
5,034574.jpg
9,034575.jpg
1,034576.jpg
5,034577.jpg
4,034578.jpg
8,034579.jpg
2,034580.jpg
2,034581.jpg
2,034582.jpg
1,034583.jpg
6,034584.jpg
0,034585.jpg
7,034586.jpg
4,034587.jpg
3,034588.jpg
9,034589.jpg
7,034590.jpg
7,034591.jpg
4,034592.jpg
2,034593.jpg
8,034594.jpg
6,034595.jpg
9,034596.jpg
1,034597.jpg
0,034598.jpg
1,034599.jpg
8,034600.jpg
4,034601.jpg
7,034602.jpg
0,034603.jpg
6,034604.jpg
8,034605.jpg
2,034606.jpg
6,034607.jpg
1,034608.jpg
4,034609.jpg
6,034610.jpg
4,034611.jpg
4,034612.jpg
8,034613.jpg
8,034614.jpg
3,034615.jpg
2,034616.jpg
1,034617.jpg
0,034618.jpg
6,034619.jpg
0,034620.jpg
8,034621.jpg
7,034622.jpg
5,034623.jpg
4,034624.jpg
3,034625.jpg
9,034626.jpg
6,034627.jpg
1,034628.jpg
7,034629.jpg
9,034630.jpg
5,034631.jpg
1,034632.jpg
0,034633.jpg
8,034634.jpg
7,034635.jpg
4,034636.jpg
7,034637.jpg
7,034638.jpg
2,034639.jpg
3,034640.jpg
7,034641.jpg
9,034642.jpg
2,034643.jpg
6,034644.jpg
1,034645.jpg
5,034646.jpg
1,034647.jpg
4,034648.jpg
0,034649.jpg
3,034650.jpg
5,034651.jpg
6,034652.jpg
8,034653.jpg
8,034654.jpg
5,034655.jpg
9,034656.jpg
9,034657.jpg
7,034658.jpg
7,034659.jpg
8,034660.jpg
3,034661.jpg
8,034662.jpg
3,034663.jpg
8,034664.jpg
4,034665.jpg
8,034666.jpg
5,034667.jpg
6,034668.jpg
7,034669.jpg
9,034670.jpg
0,034671.jpg
4,034672.jpg
1,034673.jpg
0,034674.jpg
2,034675.jpg
4,034676.jpg
7,034677.jpg
9,034678.jpg
1,034679.jpg
2,034680.jpg
9,034681.jpg
1,034682.jpg
2,034683.jpg
4,034684.jpg
8,034685.jpg
0,034686.jpg
4,034687.jpg
4,034688.jpg
9,034689.jpg
5,034690.jpg
2,034691.jpg
0,034692.jpg
3,034693.jpg
3,034694.jpg
9,034695.jpg
3,034696.jpg
9,034697.jpg
6,034698.jpg
4,034699.jpg
7,034700.jpg
5,034701.jpg
0,034702.jpg
0,034703.jpg
5,034704.jpg
6,034705.jpg
5,034706.jpg
5,034707.jpg
5,034708.jpg
4,034709.jpg
9,034710.jpg
2,034711.jpg
8,034712.jpg
5,034713.jpg
2,034714.jpg
3,034715.jpg
8,034716.jpg
5,034717.jpg
9,034718.jpg
7,034719.jpg
4,034720.jpg
4,034721.jpg
7,034722.jpg
4,034723.jpg
9,034724.jpg
0,034725.jpg
8,034726.jpg
0,034727.jpg
0,034728.jpg
7,034729.jpg
4,034730.jpg
5,034731.jpg
7,034732.jpg
3,034733.jpg
3,034734.jpg
4,034735.jpg
3,034736.jpg
1,034737.jpg
5,034738.jpg
2,034739.jpg
6,034740.jpg
5,034741.jpg
7,034742.jpg
0,034743.jpg
0,034744.jpg
4,034745.jpg
0,034746.jpg
1,034747.jpg
9,034748.jpg
5,034749.jpg
3,034750.jpg
2,034751.jpg
8,034752.jpg
4,034753.jpg
8,034754.jpg
9,034755.jpg
4,034756.jpg
4,034757.jpg
2,034758.jpg
8,034759.jpg
5,034760.jpg
6,034761.jpg
4,034762.jpg
1,034763.jpg
2,034764.jpg
1,034765.jpg
4,034766.jpg
8,034767.jpg
3,034768.jpg
1,034769.jpg
7,034770.jpg
3,034771.jpg
1,034772.jpg
6,034773.jpg
8,034774.jpg
1,034775.jpg
7,034776.jpg
1,034777.jpg
3,034778.jpg
6,034779.jpg
4,034780.jpg
7,034781.jpg
4,034782.jpg
7,034783.jpg
7,034784.jpg
8,034785.jpg
4,034786.jpg
2,034787.jpg
9,034788.jpg
9,034789.jpg
2,034790.jpg
6,034791.jpg
0,034792.jpg
0,034793.jpg
0,034794.jpg
6,034795.jpg
7,034796.jpg
1,034797.jpg
8,034798.jpg
7,034799.jpg
1,034800.jpg
1,034801.jpg
0,034802.jpg
8,034803.jpg
2,034804.jpg
3,034805.jpg
7,034806.jpg
7,034807.jpg
9,034808.jpg
0,034809.jpg
2,034810.jpg
5,034811.jpg
4,034812.jpg
4,034813.jpg
7,034814.jpg
8,034815.jpg
9,034816.jpg
0,034817.jpg
4,034818.jpg
2,034819.jpg
8,034820.jpg
4,034821.jpg
2,034822.jpg
9,034823.jpg
6,034824.jpg
5,034825.jpg
3,034826.jpg
6,034827.jpg
5,034828.jpg
6,034829.jpg
4,034830.jpg
7,034831.jpg
0,034832.jpg
8,034833.jpg
2,034834.jpg
5,034835.jpg
2,034836.jpg
2,034837.jpg
0,034838.jpg
8,034839.jpg
2,034840.jpg
3,034841.jpg
0,034842.jpg
2,034843.jpg
7,034844.jpg
3,034845.jpg
6,034846.jpg
4,034847.jpg
4,034848.jpg
5,034849.jpg
7,034850.jpg
8,034851.jpg
7,034852.jpg
8,034853.jpg
7,034854.jpg
1,034855.jpg
0,034856.jpg
0,034857.jpg
0,034858.jpg
9,034859.jpg
7,034860.jpg
8,034861.jpg
3,034862.jpg
6,034863.jpg
8,034864.jpg
5,034865.jpg
7,034866.jpg
6,034867.jpg
8,034868.jpg
9,034869.jpg
8,034870.jpg
0,034871.jpg
2,034872.jpg
9,034873.jpg
8,034874.jpg
6,034875.jpg
4,034876.jpg
2,034877.jpg
8,034878.jpg
1,034879.jpg
9,034880.jpg
5,034881.jpg
0,034882.jpg
8,034883.jpg
4,034884.jpg
2,034885.jpg
4,034886.jpg
3,034887.jpg
9,034888.jpg
2,034889.jpg
7,034890.jpg
9,034891.jpg
3,034892.jpg
3,034893.jpg
4,034894.jpg
0,034895.jpg
4,034896.jpg
6,034897.jpg
5,034898.jpg
1,034899.jpg
4,034900.jpg
2,034901.jpg
9,034902.jpg
9,034903.jpg
9,034904.jpg
2,034905.jpg
3,034906.jpg
6,034907.jpg
5,034908.jpg
3,034909.jpg
8,034910.jpg
9,034911.jpg
0,034912.jpg
5,034913.jpg
7,034914.jpg
6,034915.jpg
9,034916.jpg
7,034917.jpg
1,034918.jpg
4,034919.jpg
0,034920.jpg
4,034921.jpg
2,034922.jpg
7,034923.jpg
3,034924.jpg
0,034925.jpg
1,034926.jpg
2,034927.jpg
6,034928.jpg
7,034929.jpg
8,034930.jpg
7,034931.jpg
4,034932.jpg
4,034933.jpg
6,034934.jpg
4,034935.jpg
1,034936.jpg
7,034937.jpg
8,034938.jpg
9,034939.jpg
9,034940.jpg
2,034941.jpg
9,034942.jpg
6,034943.jpg
5,034944.jpg
2,034945.jpg
8,034946.jpg
5,034947.jpg
1,034948.jpg
1,034949.jpg
3,034950.jpg
2,034951.jpg
5,034952.jpg
1,034953.jpg
5,034954.jpg
2,034955.jpg
1,034956.jpg
3,034957.jpg
8,034958.jpg
5,034959.jpg
2,034960.jpg
2,034961.jpg
1,034962.jpg
5,034963.jpg
4,034964.jpg
3,034965.jpg
8,034966.jpg
8,034967.jpg
7,034968.jpg
2,034969.jpg
5,034970.jpg
6,034971.jpg
2,034972.jpg
6,034973.jpg
9,034974.jpg
0,034975.jpg
4,034976.jpg
2,034977.jpg
1,034978.jpg
1,034979.jpg
0,034980.jpg
8,034981.jpg
3,034982.jpg
6,034983.jpg
9,034984.jpg
3,034985.jpg
4,034986.jpg
5,034987.jpg
8,034988.jpg
5,034989.jpg
1,034990.jpg
1,034991.jpg
1,034992.jpg
8,034993.jpg
3,034994.jpg
9,034995.jpg
6,034996.jpg
8,034997.jpg
1,034998.jpg
9,034999.jpg
5,035000.jpg
2,035001.jpg
9,035002.jpg
2,035003.jpg
7,035004.jpg
1,035005.jpg
8,035006.jpg
7,035007.jpg
2,035008.jpg
4,035009.jpg
8,035010.jpg
7,035011.jpg
7,035012.jpg
2,035013.jpg
5,035014.jpg
3,035015.jpg
1,035016.jpg
7,035017.jpg
0,035018.jpg
2,035019.jpg
7,035020.jpg
2,035021.jpg
5,035022.jpg
5,035023.jpg
2,035024.jpg
7,035025.jpg
1,035026.jpg
7,035027.jpg
6,035028.jpg
9,035029.jpg
4,035030.jpg
6,035031.jpg
4,035032.jpg
6,035033.jpg
7,035034.jpg
1,035035.jpg
7,035036.jpg
5,035037.jpg
3,035038.jpg
3,035039.jpg
0,035040.jpg
7,035041.jpg
3,035042.jpg
4,035043.jpg
4,035044.jpg
4,035045.jpg
9,035046.jpg
9,035047.jpg
8,035048.jpg
6,035049.jpg
1,035050.jpg
1,035051.jpg
2,035052.jpg
4,035053.jpg
4,035054.jpg
2,035055.jpg
0,035056.jpg
2,035057.jpg
6,035058.jpg
7,035059.jpg
1,035060.jpg
8,035061.jpg
3,035062.jpg
0,035063.jpg
9,035064.jpg
1,035065.jpg
9,035066.jpg
7,035067.jpg
1,035068.jpg
2,035069.jpg
2,035070.jpg
1,035071.jpg
6,035072.jpg
5,035073.jpg
3,035074.jpg
5,035075.jpg
2,035076.jpg
8,035077.jpg
5,035078.jpg
8,035079.jpg
5,035080.jpg
4,035081.jpg
9,035082.jpg
9,035083.jpg
4,035084.jpg
6,035085.jpg
9,035086.jpg
6,035087.jpg
8,035088.jpg
6,035089.jpg
8,035090.jpg
6,035091.jpg
1,035092.jpg
8,035093.jpg
9,035094.jpg
0,035095.jpg
9,035096.jpg
8,035097.jpg
7,035098.jpg
2,035099.jpg
0,035100.jpg
6,035101.jpg
5,035102.jpg
4,035103.jpg
9,035104.jpg
4,035105.jpg
0,035106.jpg
3,035107.jpg
6,035108.jpg
0,035109.jpg
4,035110.jpg
8,035111.jpg
2,035112.jpg
0,035113.jpg
1,035114.jpg
9,035115.jpg
0,035116.jpg
2,035117.jpg
1,035118.jpg
2,035119.jpg
1,035120.jpg
7,035121.jpg
8,035122.jpg
9,035123.jpg
8,035124.jpg
3,035125.jpg
0,035126.jpg
9,035127.jpg
1,035128.jpg
9,035129.jpg
2,035130.jpg
6,035131.jpg
5,035132.jpg
8,035133.jpg
2,035134.jpg
6,035135.jpg
6,035136.jpg
3,035137.jpg
9,035138.jpg
5,035139.jpg
5,035140.jpg
2,035141.jpg
6,035142.jpg
2,035143.jpg
2,035144.jpg
5,035145.jpg
3,035146.jpg
0,035147.jpg
8,035148.jpg
5,035149.jpg
0,035150.jpg
0,035151.jpg
4,035152.jpg
9,035153.jpg
3,035154.jpg
5,035155.jpg
9,035156.jpg
5,035157.jpg
0,035158.jpg
7,035159.jpg
5,035160.jpg
3,035161.jpg
8,035162.jpg
3,035163.jpg
9,035164.jpg
1,035165.jpg
5,035166.jpg
8,035167.jpg
5,035168.jpg
6,035169.jpg
8,035170.jpg
7,035171.jpg
2,035172.jpg
1,035173.jpg
4,035174.jpg
1,035175.jpg
9,035176.jpg
2,035177.jpg
0,035178.jpg
3,035179.jpg
6,035180.jpg
2,035181.jpg
9,035182.jpg
9,035183.jpg
9,035184.jpg
3,035185.jpg
6,035186.jpg
9,035187.jpg
6,035188.jpg
1,035189.jpg
6,035190.jpg
2,035191.jpg
3,035192.jpg
7,035193.jpg
8,035194.jpg
7,035195.jpg
1,035196.jpg
8,035197.jpg
6,035198.jpg
2,035199.jpg
0,035200.jpg
9,035201.jpg
8,035202.jpg
4,035203.jpg
3,035204.jpg
0,035205.jpg
1,035206.jpg
5,035207.jpg
1,035208.jpg
9,035209.jpg
2,035210.jpg
3,035211.jpg
4,035212.jpg
8,035213.jpg
0,035214.jpg
2,035215.jpg
1,035216.jpg
8,035217.jpg
2,035218.jpg
1,035219.jpg
9,035220.jpg
2,035221.jpg
6,035222.jpg
0,035223.jpg
6,035224.jpg
5,035225.jpg
9,035226.jpg
9,035227.jpg
8,035228.jpg
9,035229.jpg
8,035230.jpg
9,035231.jpg
8,035232.jpg
9,035233.jpg
8,035234.jpg
1,035235.jpg
9,035236.jpg
1,035237.jpg
4,035238.jpg
5,035239.jpg
8,035240.jpg
1,035241.jpg
8,035242.jpg
5,035243.jpg
3,035244.jpg
3,035245.jpg
1,035246.jpg
4,035247.jpg
0,035248.jpg
2,035249.jpg
3,035250.jpg
2,035251.jpg
9,035252.jpg
8,035253.jpg
1,035254.jpg
6,035255.jpg
1,035256.jpg
4,035257.jpg
4,035258.jpg
3,035259.jpg
1,035260.jpg
3,035261.jpg
2,035262.jpg
0,035263.jpg
6,035264.jpg
1,035265.jpg
2,035266.jpg
5,035267.jpg
3,035268.jpg
5,035269.jpg
9,035270.jpg
2,035271.jpg
1,035272.jpg
5,035273.jpg
3,035274.jpg
2,035275.jpg
9,035276.jpg
2,035277.jpg
2,035278.jpg
0,035279.jpg
8,035280.jpg
8,035281.jpg
8,035282.jpg
4,035283.jpg
8,035284.jpg
5,035285.jpg
3,035286.jpg
0,035287.jpg
0,035288.jpg
5,035289.jpg
0,035290.jpg
9,035291.jpg
8,035292.jpg
4,035293.jpg
0,035294.jpg
0,035295.jpg
5,035296.jpg
7,035297.jpg
3,035298.jpg
5,035299.jpg
9,035300.jpg
2,035301.jpg
8,035302.jpg
9,035303.jpg
2,035304.jpg
5,035305.jpg
0,035306.jpg
9,035307.jpg
8,035308.jpg
8,035309.jpg
0,035310.jpg
7,035311.jpg
8,035312.jpg
6,035313.jpg
3,035314.jpg
5,035315.jpg
5,035316.jpg
9,035317.jpg
7,035318.jpg
9,035319.jpg
5,035320.jpg
0,035321.jpg
4,035322.jpg
3,035323.jpg
6,035324.jpg
1,035325.jpg
0,035326.jpg
6,035327.jpg
3,035328.jpg
9,035329.jpg
3,035330.jpg
0,035331.jpg
7,035332.jpg
1,035333.jpg
5,035334.jpg
2,035335.jpg
8,035336.jpg
8,035337.jpg
7,035338.jpg
2,035339.jpg
2,035340.jpg
3,035341.jpg
3,035342.jpg
8,035343.jpg
6,035344.jpg
8,035345.jpg
8,035346.jpg
8,035347.jpg
2,035348.jpg
5,035349.jpg
0,035350.jpg
0,035351.jpg
6,035352.jpg
3,035353.jpg
2,035354.jpg
0,035355.jpg
3,035356.jpg
3,035357.jpg
8,035358.jpg
0,035359.jpg
0,035360.jpg
6,035361.jpg
3,035362.jpg
0,035363.jpg
6,035364.jpg
0,035365.jpg
4,035366.jpg
3,035367.jpg
7,035368.jpg
8,035369.jpg
4,035370.jpg
5,035371.jpg
7,035372.jpg
2,035373.jpg
1,035374.jpg
2,035375.jpg
5,035376.jpg
7,035377.jpg
0,035378.jpg
4,035379.jpg
2,035380.jpg
9,035381.jpg
4,035382.jpg
7,035383.jpg
2,035384.jpg
8,035385.jpg
7,035386.jpg
3,035387.jpg
3,035388.jpg
5,035389.jpg
4,035390.jpg
0,035391.jpg
0,035392.jpg
0,035393.jpg
5,035394.jpg
7,035395.jpg
5,035396.jpg
2,035397.jpg
6,035398.jpg
1,035399.jpg
7,035400.jpg
8,035401.jpg
4,035402.jpg
9,035403.jpg
7,035404.jpg
2,035405.jpg
1,035406.jpg
5,035407.jpg
8,035408.jpg
7,035409.jpg
7,035410.jpg
5,035411.jpg
5,035412.jpg
5,035413.jpg
9,035414.jpg
1,035415.jpg
0,035416.jpg
9,035417.jpg
1,035418.jpg
7,035419.jpg
9,035420.jpg
4,035421.jpg
7,035422.jpg
5,035423.jpg
0,035424.jpg
7,035425.jpg
0,035426.jpg
6,035427.jpg
9,035428.jpg
9,035429.jpg
4,035430.jpg
0,035431.jpg
6,035432.jpg
9,035433.jpg
2,035434.jpg
8,035435.jpg
2,035436.jpg
7,035437.jpg
4,035438.jpg
9,035439.jpg
6,035440.jpg
6,035441.jpg
0,035442.jpg
5,035443.jpg
6,035444.jpg
3,035445.jpg
1,035446.jpg
3,035447.jpg
0,035448.jpg
6,035449.jpg
1,035450.jpg
4,035451.jpg
9,035452.jpg
8,035453.jpg
4,035454.jpg
3,035455.jpg
1,035456.jpg
8,035457.jpg
2,035458.jpg
4,035459.jpg
6,035460.jpg
6,035461.jpg
2,035462.jpg
8,035463.jpg
1,035464.jpg
5,035465.jpg
6,035466.jpg
1,035467.jpg
6,035468.jpg
9,035469.jpg
9,035470.jpg
1,035471.jpg
4,035472.jpg
6,035473.jpg
5,035474.jpg
3,035475.jpg
3,035476.jpg
5,035477.jpg
3,035478.jpg
0,035479.jpg
9,035480.jpg
4,035481.jpg
8,035482.jpg
5,035483.jpg
0,035484.jpg
0,035485.jpg
6,035486.jpg
7,035487.jpg
9,035488.jpg
8,035489.jpg
9,035490.jpg
5,035491.jpg
5,035492.jpg
5,035493.jpg
0,035494.jpg
2,035495.jpg
6,035496.jpg
3,035497.jpg
3,035498.jpg
5,035499.jpg
0,035500.jpg
4,035501.jpg
9,035502.jpg
3,035503.jpg
8,035504.jpg
3,035505.jpg
7,035506.jpg
7,035507.jpg
5,035508.jpg
5,035509.jpg
1,035510.jpg
9,035511.jpg
3,035512.jpg
2,035513.jpg
6,035514.jpg
8,035515.jpg
7,035516.jpg
4,035517.jpg
6,035518.jpg
2,035519.jpg
0,035520.jpg
1,035521.jpg
2,035522.jpg
7,035523.jpg
3,035524.jpg
6,035525.jpg
4,035526.jpg
9,035527.jpg
6,035528.jpg
3,035529.jpg
9,035530.jpg
1,035531.jpg
5,035532.jpg
9,035533.jpg
1,035534.jpg
6,035535.jpg
2,035536.jpg
8,035537.jpg
7,035538.jpg
0,035539.jpg
5,035540.jpg
9,035541.jpg
4,035542.jpg
1,035543.jpg
7,035544.jpg
9,035545.jpg
8,035546.jpg
8,035547.jpg
4,035548.jpg
9,035549.jpg
4,035550.jpg
4,035551.jpg
1,035552.jpg
3,035553.jpg
2,035554.jpg
0,035555.jpg
9,035556.jpg
4,035557.jpg
1,035558.jpg
1,035559.jpg
6,035560.jpg
2,035561.jpg
4,035562.jpg
3,035563.jpg
6,035564.jpg
9,035565.jpg
8,035566.jpg
4,035567.jpg
4,035568.jpg
0,035569.jpg
9,035570.jpg
6,035571.jpg
6,035572.jpg
8,035573.jpg
3,035574.jpg
5,035575.jpg
6,035576.jpg
5,035577.jpg
8,035578.jpg
4,035579.jpg
4,035580.jpg
0,035581.jpg
7,035582.jpg
8,035583.jpg
3,035584.jpg
9,035585.jpg
6,035586.jpg
9,035587.jpg
2,035588.jpg
5,035589.jpg
7,035590.jpg
0,035591.jpg
7,035592.jpg
8,035593.jpg
1,035594.jpg
2,035595.jpg
9,035596.jpg
7,035597.jpg
0,035598.jpg
6,035599.jpg
1,035600.jpg
8,035601.jpg
0,035602.jpg
9,035603.jpg
1,035604.jpg
9,035605.jpg
0,035606.jpg
1,035607.jpg
1,035608.jpg
7,035609.jpg
4,035610.jpg
9,035611.jpg
2,035612.jpg
4,035613.jpg
5,035614.jpg
4,035615.jpg
4,035616.jpg
2,035617.jpg
1,035618.jpg
6,035619.jpg
7,035620.jpg
9,035621.jpg
1,035622.jpg
3,035623.jpg
3,035624.jpg
5,035625.jpg
9,035626.jpg
7,035627.jpg
6,035628.jpg
3,035629.jpg
4,035630.jpg
4,035631.jpg
0,035632.jpg
0,035633.jpg
6,035634.jpg
2,035635.jpg
0,035636.jpg
8,035637.jpg
3,035638.jpg
2,035639.jpg
9,035640.jpg
2,035641.jpg
9,035642.jpg
1,035643.jpg
2,035644.jpg
4,035645.jpg
6,035646.jpg
9,035647.jpg
2,035648.jpg
3,035649.jpg
4,035650.jpg
6,035651.jpg
4,035652.jpg
2,035653.jpg
6,035654.jpg
9,035655.jpg
8,035656.jpg
3,035657.jpg
6,035658.jpg
2,035659.jpg
9,035660.jpg
2,035661.jpg
4,035662.jpg
0,035663.jpg
5,035664.jpg
8,035665.jpg
8,035666.jpg
7,035667.jpg
8,035668.jpg
4,035669.jpg
5,035670.jpg
5,035671.jpg
6,035672.jpg
0,035673.jpg
2,035674.jpg
2,035675.jpg
0,035676.jpg
1,035677.jpg
8,035678.jpg
5,035679.jpg
0,035680.jpg
1,035681.jpg
7,035682.jpg
9,035683.jpg
5,035684.jpg
5,035685.jpg
9,035686.jpg
4,035687.jpg
0,035688.jpg
5,035689.jpg
3,035690.jpg
7,035691.jpg
4,035692.jpg
9,035693.jpg
8,035694.jpg
3,035695.jpg
9,035696.jpg
0,035697.jpg
8,035698.jpg
0,035699.jpg
3,035700.jpg
4,035701.jpg
8,035702.jpg
9,035703.jpg
0,035704.jpg
3,035705.jpg
1,035706.jpg
5,035707.jpg
7,035708.jpg
6,035709.jpg
5,035710.jpg
8,035711.jpg
0,035712.jpg
5,035713.jpg
4,035714.jpg
7,035715.jpg
7,035716.jpg
2,035717.jpg
6,035718.jpg
0,035719.jpg
0,035720.jpg
0,035721.jpg
8,035722.jpg
4,035723.jpg
7,035724.jpg
9,035725.jpg
1,035726.jpg
9,035727.jpg
2,035728.jpg
1,035729.jpg
3,035730.jpg
7,035731.jpg
9,035732.jpg
6,035733.jpg
7,035734.jpg
4,035735.jpg
8,035736.jpg
3,035737.jpg
2,035738.jpg
5,035739.jpg
3,035740.jpg
8,035741.jpg
9,035742.jpg
6,035743.jpg
3,035744.jpg
0,035745.jpg
9,035746.jpg
6,035747.jpg
8,035748.jpg
8,035749.jpg
4,035750.jpg
5,035751.jpg
3,035752.jpg
2,035753.jpg
8,035754.jpg
3,035755.jpg
0,035756.jpg
2,035757.jpg
7,035758.jpg
4,035759.jpg
4,035760.jpg
7,035761.jpg
0,035762.jpg
9,035763.jpg
4,035764.jpg
2,035765.jpg
2,035766.jpg
2,035767.jpg
3,035768.jpg
8,035769.jpg
9,035770.jpg
3,035771.jpg
8,035772.jpg
7,035773.jpg
7,035774.jpg
0,035775.jpg
1,035776.jpg
6,035777.jpg
0,035778.jpg
1,035779.jpg
7,035780.jpg
5,035781.jpg
0,035782.jpg
4,035783.jpg
7,035784.jpg
1,035785.jpg
9,035786.jpg
1,035787.jpg
3,035788.jpg
4,035789.jpg
2,035790.jpg
4,035791.jpg
5,035792.jpg
9,035793.jpg
9,035794.jpg
8,035795.jpg
6,035796.jpg
2,035797.jpg
8,035798.jpg
1,035799.jpg
0,035800.jpg
6,035801.jpg
3,035802.jpg
5,035803.jpg
9,035804.jpg
6,035805.jpg
6,035806.jpg
9,035807.jpg
9,035808.jpg
9,035809.jpg
9,035810.jpg
0,035811.jpg
7,035812.jpg
0,035813.jpg
7,035814.jpg
8,035815.jpg
7,035816.jpg
7,035817.jpg
4,035818.jpg
1,035819.jpg
4,035820.jpg
3,035821.jpg
1,035822.jpg
7,035823.jpg
2,035824.jpg
2,035825.jpg
4,035826.jpg
4,035827.jpg
2,035828.jpg
3,035829.jpg
5,035830.jpg
1,035831.jpg
7,035832.jpg
9,035833.jpg
7,035834.jpg
8,035835.jpg
8,035836.jpg
4,035837.jpg
0,035838.jpg
7,035839.jpg
6,035840.jpg
0,035841.jpg
5,035842.jpg
2,035843.jpg
8,035844.jpg
2,035845.jpg
4,035846.jpg
4,035847.jpg
8,035848.jpg
6,035849.jpg
8,035850.jpg
0,035851.jpg
4,035852.jpg
9,035853.jpg
2,035854.jpg
2,035855.jpg
1,035856.jpg
8,035857.jpg
1,035858.jpg
8,035859.jpg
9,035860.jpg
6,035861.jpg
1,035862.jpg
6,035863.jpg
9,035864.jpg
0,035865.jpg
7,035866.jpg
7,035867.jpg
9,035868.jpg
3,035869.jpg
5,035870.jpg
7,035871.jpg
9,035872.jpg
6,035873.jpg
0,035874.jpg
8,035875.jpg
7,035876.jpg
6,035877.jpg
1,035878.jpg
9,035879.jpg
1,035880.jpg
4,035881.jpg
3,035882.jpg
6,035883.jpg
5,035884.jpg
8,035885.jpg
0,035886.jpg
4,035887.jpg
6,035888.jpg
1,035889.jpg
9,035890.jpg
4,035891.jpg
3,035892.jpg
7,035893.jpg
3,035894.jpg
4,035895.jpg
7,035896.jpg
6,035897.jpg
7,035898.jpg
9,035899.jpg
7,035900.jpg
7,035901.jpg
0,035902.jpg
2,035903.jpg
8,035904.jpg
9,035905.jpg
0,035906.jpg
6,035907.jpg
3,035908.jpg
8,035909.jpg
6,035910.jpg
3,035911.jpg
7,035912.jpg
3,035913.jpg
1,035914.jpg
9,035915.jpg
8,035916.jpg
3,035917.jpg
7,035918.jpg
8,035919.jpg
2,035920.jpg
2,035921.jpg
1,035922.jpg
7,035923.jpg
9,035924.jpg
5,035925.jpg
3,035926.jpg
0,035927.jpg
1,035928.jpg
3,035929.jpg
1,035930.jpg
5,035931.jpg
9,035932.jpg
0,035933.jpg
7,035934.jpg
6,035935.jpg
6,035936.jpg
9,035937.jpg
2,035938.jpg
0,035939.jpg
0,035940.jpg
2,035941.jpg
9,035942.jpg
0,035943.jpg
6,035944.jpg
4,035945.jpg
3,035946.jpg
4,035947.jpg
8,035948.jpg
5,035949.jpg
5,035950.jpg
4,035951.jpg
5,035952.jpg
6,035953.jpg
6,035954.jpg
1,035955.jpg
1,035956.jpg
8,035957.jpg
8,035958.jpg
0,035959.jpg
8,035960.jpg
9,035961.jpg
3,035962.jpg
4,035963.jpg
9,035964.jpg
3,035965.jpg
4,035966.jpg
4,035967.jpg
0,035968.jpg
9,035969.jpg
0,035970.jpg
3,035971.jpg
9,035972.jpg
3,035973.jpg
8,035974.jpg
1,035975.jpg
3,035976.jpg
8,035977.jpg
7,035978.jpg
2,035979.jpg
5,035980.jpg
7,035981.jpg
2,035982.jpg
9,035983.jpg
5,035984.jpg
5,035985.jpg
2,035986.jpg
4,035987.jpg
8,035988.jpg
0,035989.jpg
3,035990.jpg
7,035991.jpg
3,035992.jpg
5,035993.jpg
1,035994.jpg
6,035995.jpg
1,035996.jpg
2,035997.jpg
4,035998.jpg
2,035999.jpg
2,036000.jpg
8,036001.jpg
8,036002.jpg
7,036003.jpg
3,036004.jpg
7,036005.jpg
8,036006.jpg
4,036007.jpg
7,036008.jpg
4,036009.jpg
3,036010.jpg
9,036011.jpg
2,036012.jpg
9,036013.jpg
0,036014.jpg
9,036015.jpg
5,036016.jpg
9,036017.jpg
2,036018.jpg
4,036019.jpg
2,036020.jpg
0,036021.jpg
6,036022.jpg
9,036023.jpg
8,036024.jpg
1,036025.jpg
0,036026.jpg
7,036027.jpg
9,036028.jpg
5,036029.jpg
3,036030.jpg
3,036031.jpg
7,036032.jpg
0,036033.jpg
8,036034.jpg
1,036035.jpg
7,036036.jpg
6,036037.jpg
3,036038.jpg
4,036039.jpg
4,036040.jpg
9,036041.jpg
7,036042.jpg
9,036043.jpg
6,036044.jpg
2,036045.jpg
3,036046.jpg
0,036047.jpg
1,036048.jpg
6,036049.jpg
9,036050.jpg
6,036051.jpg
2,036052.jpg
2,036053.jpg
2,036054.jpg
5,036055.jpg
1,036056.jpg
3,036057.jpg
7,036058.jpg
9,036059.jpg
2,036060.jpg
3,036061.jpg
9,036062.jpg
8,036063.jpg
9,036064.jpg
2,036065.jpg
4,036066.jpg
7,036067.jpg
0,036068.jpg
5,036069.jpg
9,036070.jpg
0,036071.jpg
0,036072.jpg
0,036073.jpg
0,036074.jpg
2,036075.jpg
1,036076.jpg
1,036077.jpg
6,036078.jpg
4,036079.jpg
9,036080.jpg
0,036081.jpg
5,036082.jpg
9,036083.jpg
3,036084.jpg
7,036085.jpg
6,036086.jpg
6,036087.jpg
5,036088.jpg
8,036089.jpg
8,036090.jpg
2,036091.jpg
0,036092.jpg
6,036093.jpg
8,036094.jpg
5,036095.jpg
4,036096.jpg
6,036097.jpg
8,036098.jpg
1,036099.jpg
6,036100.jpg
1,036101.jpg
4,036102.jpg
8,036103.jpg
0,036104.jpg
3,036105.jpg
1,036106.jpg
9,036107.jpg
2,036108.jpg
2,036109.jpg
7,036110.jpg
2,036111.jpg
2,036112.jpg
8,036113.jpg
4,036114.jpg
9,036115.jpg
0,036116.jpg
6,036117.jpg
6,036118.jpg
2,036119.jpg
1,036120.jpg
7,036121.jpg
1,036122.jpg
1,036123.jpg
4,036124.jpg
7,036125.jpg
9,036126.jpg
9,036127.jpg
5,036128.jpg
6,036129.jpg
4,036130.jpg
9,036131.jpg
7,036132.jpg
5,036133.jpg
4,036134.jpg
7,036135.jpg
2,036136.jpg
0,036137.jpg
7,036138.jpg
8,036139.jpg
3,036140.jpg
5,036141.jpg
8,036142.jpg
7,036143.jpg
9,036144.jpg
3,036145.jpg
4,036146.jpg
1,036147.jpg
9,036148.jpg
9,036149.jpg
0,036150.jpg
2,036151.jpg
1,036152.jpg
0,036153.jpg
2,036154.jpg
3,036155.jpg
1,036156.jpg
0,036157.jpg
3,036158.jpg
8,036159.jpg
3,036160.jpg
8,036161.jpg
9,036162.jpg
0,036163.jpg
2,036164.jpg
9,036165.jpg
4,036166.jpg
5,036167.jpg
0,036168.jpg
7,036169.jpg
6,036170.jpg
5,036171.jpg
6,036172.jpg
5,036173.jpg
0,036174.jpg
7,036175.jpg
9,036176.jpg
2,036177.jpg
5,036178.jpg
1,036179.jpg
7,036180.jpg
1,036181.jpg
5,036182.jpg
6,036183.jpg
3,036184.jpg
3,036185.jpg
5,036186.jpg
7,036187.jpg
5,036188.jpg
6,036189.jpg
6,036190.jpg
9,036191.jpg
3,036192.jpg
8,036193.jpg
6,036194.jpg
7,036195.jpg
5,036196.jpg
7,036197.jpg
6,036198.jpg
6,036199.jpg
3,036200.jpg
2,036201.jpg
3,036202.jpg
7,036203.jpg
1,036204.jpg
9,036205.jpg
1,036206.jpg
8,036207.jpg
1,036208.jpg
9,036209.jpg
0,036210.jpg
1,036211.jpg
8,036212.jpg
1,036213.jpg
7,036214.jpg
1,036215.jpg
4,036216.jpg
0,036217.jpg
3,036218.jpg
4,036219.jpg
1,036220.jpg
1,036221.jpg
3,036222.jpg
4,036223.jpg
2,036224.jpg
8,036225.jpg
8,036226.jpg
3,036227.jpg
9,036228.jpg
3,036229.jpg
8,036230.jpg
1,036231.jpg
4,036232.jpg
1,036233.jpg
6,036234.jpg
8,036235.jpg
9,036236.jpg
4,036237.jpg
2,036238.jpg
4,036239.jpg
2,036240.jpg
3,036241.jpg
3,036242.jpg
6,036243.jpg
8,036244.jpg
4,036245.jpg
8,036246.jpg
7,036247.jpg
2,036248.jpg
7,036249.jpg
1,036250.jpg
2,036251.jpg
8,036252.jpg
6,036253.jpg
5,036254.jpg
3,036255.jpg
6,036256.jpg
9,036257.jpg
6,036258.jpg
5,036259.jpg
5,036260.jpg
2,036261.jpg
5,036262.jpg
1,036263.jpg
0,036264.jpg
6,036265.jpg
7,036266.jpg
5,036267.jpg
5,036268.jpg
9,036269.jpg
9,036270.jpg
5,036271.jpg
4,036272.jpg
4,036273.jpg
2,036274.jpg
4,036275.jpg
5,036276.jpg
4,036277.jpg
8,036278.jpg
6,036279.jpg
2,036280.jpg
3,036281.jpg
9,036282.jpg
1,036283.jpg
6,036284.jpg
2,036285.jpg
1,036286.jpg
6,036287.jpg
2,036288.jpg
0,036289.jpg
4,036290.jpg
3,036291.jpg
3,036292.jpg
3,036293.jpg
6,036294.jpg
8,036295.jpg
8,036296.jpg
2,036297.jpg
8,036298.jpg
0,036299.jpg
0,036300.jpg
2,036301.jpg
7,036302.jpg
1,036303.jpg
4,036304.jpg
9,036305.jpg
3,036306.jpg
5,036307.jpg
7,036308.jpg
4,036309.jpg
7,036310.jpg
9,036311.jpg
6,036312.jpg
4,036313.jpg
1,036314.jpg
8,036315.jpg
2,036316.jpg
1,036317.jpg
8,036318.jpg
4,036319.jpg
9,036320.jpg
1,036321.jpg
0,036322.jpg
0,036323.jpg
7,036324.jpg
6,036325.jpg
7,036326.jpg
9,036327.jpg
0,036328.jpg
2,036329.jpg
7,036330.jpg
7,036331.jpg
6,036332.jpg
2,036333.jpg
6,036334.jpg
0,036335.jpg
0,036336.jpg
2,036337.jpg
8,036338.jpg
8,036339.jpg
5,036340.jpg
5,036341.jpg
2,036342.jpg
5,036343.jpg
7,036344.jpg
5,036345.jpg
7,036346.jpg
9,036347.jpg
4,036348.jpg
5,036349.jpg
6,036350.jpg
6,036351.jpg
9,036352.jpg
9,036353.jpg
2,036354.jpg
5,036355.jpg
6,036356.jpg
5,036357.jpg
0,036358.jpg
9,036359.jpg
2,036360.jpg
8,036361.jpg
3,036362.jpg
4,036363.jpg
0,036364.jpg
1,036365.jpg
6,036366.jpg
9,036367.jpg
0,036368.jpg
5,036369.jpg
9,036370.jpg
3,036371.jpg
7,036372.jpg
3,036373.jpg
8,036374.jpg
9,036375.jpg
6,036376.jpg
4,036377.jpg
6,036378.jpg
0,036379.jpg
2,036380.jpg
4,036381.jpg
6,036382.jpg
3,036383.jpg
7,036384.jpg
9,036385.jpg
6,036386.jpg
4,036387.jpg
2,036388.jpg
0,036389.jpg
0,036390.jpg
2,036391.jpg
7,036392.jpg
0,036393.jpg
5,036394.jpg
6,036395.jpg
0,036396.jpg
1,036397.jpg
3,036398.jpg
5,036399.jpg
1,036400.jpg
6,036401.jpg
4,036402.jpg
7,036403.jpg
4,036404.jpg
5,036405.jpg
4,036406.jpg
0,036407.jpg
9,036408.jpg
9,036409.jpg
5,036410.jpg
3,036411.jpg
1,036412.jpg
1,036413.jpg
9,036414.jpg
5,036415.jpg
0,036416.jpg
9,036417.jpg
7,036418.jpg
9,036419.jpg
4,036420.jpg
9,036421.jpg
8,036422.jpg
2,036423.jpg
0,036424.jpg
0,036425.jpg
4,036426.jpg
4,036427.jpg
7,036428.jpg
7,036429.jpg
7,036430.jpg
9,036431.jpg
5,036432.jpg
6,036433.jpg
0,036434.jpg
9,036435.jpg
0,036436.jpg
3,036437.jpg
6,036438.jpg
2,036439.jpg
4,036440.jpg
8,036441.jpg
7,036442.jpg
2,036443.jpg
1,036444.jpg
1,036445.jpg
1,036446.jpg
6,036447.jpg
6,036448.jpg
9,036449.jpg
2,036450.jpg
1,036451.jpg
9,036452.jpg
9,036453.jpg
8,036454.jpg
0,036455.jpg
6,036456.jpg
4,036457.jpg
6,036458.jpg
3,036459.jpg
1,036460.jpg
4,036461.jpg
0,036462.jpg
6,036463.jpg
7,036464.jpg
5,036465.jpg
7,036466.jpg
9,036467.jpg
3,036468.jpg
4,036469.jpg
0,036470.jpg
8,036471.jpg
6,036472.jpg
4,036473.jpg
4,036474.jpg
3,036475.jpg
2,036476.jpg
9,036477.jpg
5,036478.jpg
2,036479.jpg
7,036480.jpg
7,036481.jpg
8,036482.jpg
2,036483.jpg
2,036484.jpg
9,036485.jpg
5,036486.jpg
8,036487.jpg
5,036488.jpg
7,036489.jpg
0,036490.jpg
7,036491.jpg
4,036492.jpg
2,036493.jpg
1,036494.jpg
4,036495.jpg
9,036496.jpg
0,036497.jpg
7,036498.jpg
4,036499.jpg
9,036500.jpg
6,036501.jpg
7,036502.jpg
6,036503.jpg
0,036504.jpg
3,036505.jpg
7,036506.jpg
5,036507.jpg
9,036508.jpg
5,036509.jpg
6,036510.jpg
0,036511.jpg
2,036512.jpg
7,036513.jpg
8,036514.jpg
9,036515.jpg
6,036516.jpg
9,036517.jpg
3,036518.jpg
9,036519.jpg
0,036520.jpg
2,036521.jpg
0,036522.jpg
4,036523.jpg
7,036524.jpg
2,036525.jpg
6,036526.jpg
6,036527.jpg
6,036528.jpg
8,036529.jpg
2,036530.jpg
4,036531.jpg
8,036532.jpg
4,036533.jpg
0,036534.jpg
6,036535.jpg
0,036536.jpg
0,036537.jpg
4,036538.jpg
3,036539.jpg
4,036540.jpg
9,036541.jpg
0,036542.jpg
7,036543.jpg
5,036544.jpg
6,036545.jpg
0,036546.jpg
6,036547.jpg
7,036548.jpg
8,036549.jpg
5,036550.jpg
1,036551.jpg
8,036552.jpg
9,036553.jpg
0,036554.jpg
5,036555.jpg
5,036556.jpg
6,036557.jpg
0,036558.jpg
6,036559.jpg
2,036560.jpg
3,036561.jpg
9,036562.jpg
7,036563.jpg
6,036564.jpg
7,036565.jpg
3,036566.jpg
1,036567.jpg
1,036568.jpg
7,036569.jpg
9,036570.jpg
6,036571.jpg
1,036572.jpg
0,036573.jpg
4,036574.jpg
9,036575.jpg
1,036576.jpg
2,036577.jpg
9,036578.jpg
7,036579.jpg
8,036580.jpg
5,036581.jpg
1,036582.jpg
9,036583.jpg
5,036584.jpg
9,036585.jpg
7,036586.jpg
8,036587.jpg
1,036588.jpg
6,036589.jpg
6,036590.jpg
1,036591.jpg
4,036592.jpg
8,036593.jpg
7,036594.jpg
5,036595.jpg
7,036596.jpg
0,036597.jpg
3,036598.jpg
4,036599.jpg
9,036600.jpg
1,036601.jpg
4,036602.jpg
8,036603.jpg
6,036604.jpg
5,036605.jpg
7,036606.jpg
2,036607.jpg
2,036608.jpg
6,036609.jpg
2,036610.jpg
9,036611.jpg
4,036612.jpg
1,036613.jpg
7,036614.jpg
0,036615.jpg
3,036616.jpg
3,036617.jpg
4,036618.jpg
1,036619.jpg
3,036620.jpg
2,036621.jpg
2,036622.jpg
4,036623.jpg
0,036624.jpg
6,036625.jpg
5,036626.jpg
7,036627.jpg
5,036628.jpg
8,036629.jpg
1,036630.jpg
1,036631.jpg
4,036632.jpg
0,036633.jpg
4,036634.jpg
5,036635.jpg
3,036636.jpg
1,036637.jpg
0,036638.jpg
1,036639.jpg
2,036640.jpg
7,036641.jpg
6,036642.jpg
1,036643.jpg
0,036644.jpg
6,036645.jpg
3,036646.jpg
8,036647.jpg
0,036648.jpg
4,036649.jpg
6,036650.jpg
5,036651.jpg
9,036652.jpg
5,036653.jpg
2,036654.jpg
8,036655.jpg
2,036656.jpg
8,036657.jpg
6,036658.jpg
5,036659.jpg
6,036660.jpg
7,036661.jpg
0,036662.jpg
4,036663.jpg
3,036664.jpg
2,036665.jpg
5,036666.jpg
6,036667.jpg
3,036668.jpg
2,036669.jpg
4,036670.jpg
0,036671.jpg
3,036672.jpg
1,036673.jpg
2,036674.jpg
7,036675.jpg
0,036676.jpg
9,036677.jpg
7,036678.jpg
6,036679.jpg
3,036680.jpg
4,036681.jpg
5,036682.jpg
2,036683.jpg
6,036684.jpg
3,036685.jpg
9,036686.jpg
5,036687.jpg
2,036688.jpg
9,036689.jpg
8,036690.jpg
0,036691.jpg
8,036692.jpg
0,036693.jpg
3,036694.jpg
7,036695.jpg
8,036696.jpg
4,036697.jpg
9,036698.jpg
3,036699.jpg
9,036700.jpg
8,036701.jpg
7,036702.jpg
2,036703.jpg
1,036704.jpg
5,036705.jpg
0,036706.jpg
7,036707.jpg
8,036708.jpg
6,036709.jpg
7,036710.jpg
3,036711.jpg
8,036712.jpg
9,036713.jpg
9,036714.jpg
3,036715.jpg
9,036716.jpg
4,036717.jpg
5,036718.jpg
7,036719.jpg
1,036720.jpg
5,036721.jpg
6,036722.jpg
2,036723.jpg
9,036724.jpg
0,036725.jpg
5,036726.jpg
9,036727.jpg
2,036728.jpg
0,036729.jpg
0,036730.jpg
6,036731.jpg
2,036732.jpg
0,036733.jpg
7,036734.jpg
9,036735.jpg
4,036736.jpg
1,036737.jpg
7,036738.jpg
1,036739.jpg
6,036740.jpg
3,036741.jpg
3,036742.jpg
3,036743.jpg
3,036744.jpg
8,036745.jpg
4,036746.jpg
3,036747.jpg
2,036748.jpg
0,036749.jpg
5,036750.jpg
7,036751.jpg
4,036752.jpg
7,036753.jpg
5,036754.jpg
8,036755.jpg
4,036756.jpg
1,036757.jpg
6,036758.jpg
3,036759.jpg
5,036760.jpg
5,036761.jpg
1,036762.jpg
1,036763.jpg
8,036764.jpg
2,036765.jpg
4,036766.jpg
4,036767.jpg
7,036768.jpg
6,036769.jpg
6,036770.jpg
0,036771.jpg
6,036772.jpg
3,036773.jpg
1,036774.jpg
2,036775.jpg
9,036776.jpg
5,036777.jpg
6,036778.jpg
1,036779.jpg
4,036780.jpg
5,036781.jpg
0,036782.jpg
7,036783.jpg
3,036784.jpg
8,036785.jpg
6,036786.jpg
4,036787.jpg
0,036788.jpg
2,036789.jpg
5,036790.jpg
0,036791.jpg
1,036792.jpg
0,036793.jpg
3,036794.jpg
5,036795.jpg
8,036796.jpg
0,036797.jpg
3,036798.jpg
2,036799.jpg
6,036800.jpg
5,036801.jpg
0,036802.jpg
9,036803.jpg
6,036804.jpg
2,036805.jpg
4,036806.jpg
8,036807.jpg
0,036808.jpg
5,036809.jpg
6,036810.jpg
0,036811.jpg
6,036812.jpg
1,036813.jpg
0,036814.jpg
8,036815.jpg
7,036816.jpg
2,036817.jpg
8,036818.jpg
4,036819.jpg
8,036820.jpg
9,036821.jpg
6,036822.jpg
0,036823.jpg
5,036824.jpg
6,036825.jpg
2,036826.jpg
6,036827.jpg
3,036828.jpg
8,036829.jpg
0,036830.jpg
6,036831.jpg
1,036832.jpg
7,036833.jpg
5,036834.jpg
6,036835.jpg
9,036836.jpg
5,036837.jpg
8,036838.jpg
1,036839.jpg
1,036840.jpg
9,036841.jpg
2,036842.jpg
5,036843.jpg
1,036844.jpg
2,036845.jpg
2,036846.jpg
6,036847.jpg
3,036848.jpg
6,036849.jpg
8,036850.jpg
2,036851.jpg
4,036852.jpg
6,036853.jpg
8,036854.jpg
4,036855.jpg
1,036856.jpg
2,036857.jpg
9,036858.jpg
8,036859.jpg
8,036860.jpg
5,036861.jpg
6,036862.jpg
9,036863.jpg
2,036864.jpg
1,036865.jpg
6,036866.jpg
5,036867.jpg
8,036868.jpg
9,036869.jpg
1,036870.jpg
4,036871.jpg
6,036872.jpg
5,036873.jpg
5,036874.jpg
8,036875.jpg
9,036876.jpg
8,036877.jpg
7,036878.jpg
1,036879.jpg
0,036880.jpg
9,036881.jpg
4,036882.jpg
2,036883.jpg
9,036884.jpg
1,036885.jpg
1,036886.jpg
9,036887.jpg
1,036888.jpg
7,036889.jpg
3,036890.jpg
9,036891.jpg
5,036892.jpg
3,036893.jpg
7,036894.jpg
0,036895.jpg
3,036896.jpg
6,036897.jpg
1,036898.jpg
8,036899.jpg
7,036900.jpg
6,036901.jpg
7,036902.jpg
7,036903.jpg
4,036904.jpg
9,036905.jpg
6,036906.jpg
2,036907.jpg
1,036908.jpg
5,036909.jpg
3,036910.jpg
5,036911.jpg
4,036912.jpg
7,036913.jpg
8,036914.jpg
2,036915.jpg
8,036916.jpg
9,036917.jpg
7,036918.jpg
5,036919.jpg
5,036920.jpg
6,036921.jpg
1,036922.jpg
9,036923.jpg
2,036924.jpg
2,036925.jpg
4,036926.jpg
8,036927.jpg
5,036928.jpg
0,036929.jpg
4,036930.jpg
6,036931.jpg
3,036932.jpg
1,036933.jpg
9,036934.jpg
7,036935.jpg
6,036936.jpg
2,036937.jpg
4,036938.jpg
7,036939.jpg
8,036940.jpg
0,036941.jpg
7,036942.jpg
6,036943.jpg
0,036944.jpg
5,036945.jpg
7,036946.jpg
8,036947.jpg
5,036948.jpg
0,036949.jpg
2,036950.jpg
4,036951.jpg
1,036952.jpg
0,036953.jpg
3,036954.jpg
3,036955.jpg
0,036956.jpg
6,036957.jpg
3,036958.jpg
1,036959.jpg
3,036960.jpg
0,036961.jpg
5,036962.jpg
7,036963.jpg
8,036964.jpg
4,036965.jpg
3,036966.jpg
5,036967.jpg
9,036968.jpg
0,036969.jpg
6,036970.jpg
3,036971.jpg
6,036972.jpg
8,036973.jpg
1,036974.jpg
2,036975.jpg
8,036976.jpg
8,036977.jpg
0,036978.jpg
6,036979.jpg
2,036980.jpg
8,036981.jpg
2,036982.jpg
2,036983.jpg
5,036984.jpg
5,036985.jpg
1,036986.jpg
3,036987.jpg
1,036988.jpg
9,036989.jpg
5,036990.jpg
0,036991.jpg
6,036992.jpg
6,036993.jpg
4,036994.jpg
4,036995.jpg
8,036996.jpg
8,036997.jpg
1,036998.jpg
3,036999.jpg
3,037000.jpg
0,037001.jpg
5,037002.jpg
1,037003.jpg
9,037004.jpg
9,037005.jpg
2,037006.jpg
2,037007.jpg
0,037008.jpg
9,037009.jpg
7,037010.jpg
8,037011.jpg
2,037012.jpg
2,037013.jpg
3,037014.jpg
0,037015.jpg
3,037016.jpg
2,037017.jpg
5,037018.jpg
7,037019.jpg
2,037020.jpg
7,037021.jpg
1,037022.jpg
4,037023.jpg
7,037024.jpg
6,037025.jpg
4,037026.jpg
5,037027.jpg
6,037028.jpg
4,037029.jpg
9,037030.jpg
6,037031.jpg
5,037032.jpg
3,037033.jpg
4,037034.jpg
2,037035.jpg
0,037036.jpg
6,037037.jpg
7,037038.jpg
8,037039.jpg
6,037040.jpg
4,037041.jpg
7,037042.jpg
3,037043.jpg
7,037044.jpg
2,037045.jpg
1,037046.jpg
4,037047.jpg
7,037048.jpg
8,037049.jpg
8,037050.jpg
0,037051.jpg
8,037052.jpg
5,037053.jpg
5,037054.jpg
9,037055.jpg
4,037056.jpg
1,037057.jpg
2,037058.jpg
4,037059.jpg
7,037060.jpg
4,037061.jpg
4,037062.jpg
6,037063.jpg
3,037064.jpg
7,037065.jpg
2,037066.jpg
4,037067.jpg
0,037068.jpg
3,037069.jpg
1,037070.jpg
3,037071.jpg
7,037072.jpg
0,037073.jpg
6,037074.jpg
8,037075.jpg
3,037076.jpg
8,037077.jpg
5,037078.jpg
7,037079.jpg
0,037080.jpg
4,037081.jpg
8,037082.jpg
0,037083.jpg
4,037084.jpg
6,037085.jpg
7,037086.jpg
9,037087.jpg
0,037088.jpg
5,037089.jpg
8,037090.jpg
3,037091.jpg
6,037092.jpg
0,037093.jpg
3,037094.jpg
4,037095.jpg
8,037096.jpg
6,037097.jpg
8,037098.jpg
3,037099.jpg
0,037100.jpg
4,037101.jpg
7,037102.jpg
8,037103.jpg
4,037104.jpg
7,037105.jpg
5,037106.jpg
4,037107.jpg
9,037108.jpg
3,037109.jpg
9,037110.jpg
5,037111.jpg
2,037112.jpg
4,037113.jpg
0,037114.jpg
2,037115.jpg
3,037116.jpg
1,037117.jpg
4,037118.jpg
0,037119.jpg
6,037120.jpg
9,037121.jpg
9,037122.jpg
7,037123.jpg
1,037124.jpg
5,037125.jpg
7,037126.jpg
1,037127.jpg
9,037128.jpg
7,037129.jpg
6,037130.jpg
7,037131.jpg
4,037132.jpg
7,037133.jpg
4,037134.jpg
8,037135.jpg
8,037136.jpg
7,037137.jpg
8,037138.jpg
0,037139.jpg
5,037140.jpg
8,037141.jpg
7,037142.jpg
8,037143.jpg
6,037144.jpg
5,037145.jpg
0,037146.jpg
6,037147.jpg
4,037148.jpg
8,037149.jpg
0,037150.jpg
2,037151.jpg
3,037152.jpg
1,037153.jpg
3,037154.jpg
7,037155.jpg
8,037156.jpg
3,037157.jpg
5,037158.jpg
5,037159.jpg
9,037160.jpg
6,037161.jpg
5,037162.jpg
9,037163.jpg
2,037164.jpg
9,037165.jpg
8,037166.jpg
8,037167.jpg
1,037168.jpg
4,037169.jpg
3,037170.jpg
3,037171.jpg
6,037172.jpg
4,037173.jpg
7,037174.jpg
6,037175.jpg
2,037176.jpg
1,037177.jpg
4,037178.jpg
1,037179.jpg
5,037180.jpg
1,037181.jpg
5,037182.jpg
5,037183.jpg
5,037184.jpg
4,037185.jpg
9,037186.jpg
1,037187.jpg
1,037188.jpg
4,037189.jpg
1,037190.jpg
8,037191.jpg
4,037192.jpg
4,037193.jpg
6,037194.jpg
2,037195.jpg
4,037196.jpg
1,037197.jpg
0,037198.jpg
1,037199.jpg
1,037200.jpg
8,037201.jpg
1,037202.jpg
0,037203.jpg
1,037204.jpg
9,037205.jpg
0,037206.jpg
5,037207.jpg
9,037208.jpg
4,037209.jpg
8,037210.jpg
2,037211.jpg
4,037212.jpg
7,037213.jpg
6,037214.jpg
9,037215.jpg
2,037216.jpg
9,037217.jpg
7,037218.jpg
0,037219.jpg
7,037220.jpg
7,037221.jpg
7,037222.jpg
5,037223.jpg
4,037224.jpg
9,037225.jpg
6,037226.jpg
7,037227.jpg
4,037228.jpg
9,037229.jpg
6,037230.jpg
9,037231.jpg
2,037232.jpg
0,037233.jpg
1,037234.jpg
0,037235.jpg
1,037236.jpg
6,037237.jpg
8,037238.jpg
9,037239.jpg
5,037240.jpg
8,037241.jpg
7,037242.jpg
7,037243.jpg
5,037244.jpg
1,037245.jpg
0,037246.jpg
1,037247.jpg
2,037248.jpg
8,037249.jpg
0,037250.jpg
8,037251.jpg
6,037252.jpg
6,037253.jpg
3,037254.jpg
7,037255.jpg
4,037256.jpg
4,037257.jpg
0,037258.jpg
3,037259.jpg
0,037260.jpg
5,037261.jpg
4,037262.jpg
6,037263.jpg
4,037264.jpg
6,037265.jpg
8,037266.jpg
9,037267.jpg
8,037268.jpg
9,037269.jpg
4,037270.jpg
6,037271.jpg
6,037272.jpg
4,037273.jpg
9,037274.jpg
6,037275.jpg
3,037276.jpg
1,037277.jpg
7,037278.jpg
2,037279.jpg
5,037280.jpg
3,037281.jpg
7,037282.jpg
7,037283.jpg
9,037284.jpg
5,037285.jpg
0,037286.jpg
3,037287.jpg
6,037288.jpg
7,037289.jpg
1,037290.jpg
1,037291.jpg
8,037292.jpg
8,037293.jpg
9,037294.jpg
8,037295.jpg
8,037296.jpg
8,037297.jpg
9,037298.jpg
8,037299.jpg
3,037300.jpg
2,037301.jpg
8,037302.jpg
8,037303.jpg
6,037304.jpg
0,037305.jpg
2,037306.jpg
1,037307.jpg
6,037308.jpg
3,037309.jpg
7,037310.jpg
9,037311.jpg
6,037312.jpg
2,037313.jpg
3,037314.jpg
6,037315.jpg
3,037316.jpg
8,037317.jpg
3,037318.jpg
3,037319.jpg
4,037320.jpg
4,037321.jpg
7,037322.jpg
4,037323.jpg
3,037324.jpg
8,037325.jpg
8,037326.jpg
5,037327.jpg
2,037328.jpg
2,037329.jpg
6,037330.jpg
1,037331.jpg
4,037332.jpg
2,037333.jpg
1,037334.jpg
9,037335.jpg
4,037336.jpg
8,037337.jpg
1,037338.jpg
6,037339.jpg
7,037340.jpg
5,037341.jpg
1,037342.jpg
5,037343.jpg
1,037344.jpg
3,037345.jpg
6,037346.jpg
0,037347.jpg
8,037348.jpg
2,037349.jpg
1,037350.jpg
1,037351.jpg
2,037352.jpg
9,037353.jpg
4,037354.jpg
1,037355.jpg
8,037356.jpg
2,037357.jpg
2,037358.jpg
9,037359.jpg
4,037360.jpg
9,037361.jpg
1,037362.jpg
0,037363.jpg
5,037364.jpg
1,037365.jpg
0,037366.jpg
5,037367.jpg
5,037368.jpg
9,037369.jpg
3,037370.jpg
9,037371.jpg
1,037372.jpg
3,037373.jpg
2,037374.jpg
6,037375.jpg
0,037376.jpg
2,037377.jpg
4,037378.jpg
0,037379.jpg
4,037380.jpg
0,037381.jpg
2,037382.jpg
0,037383.jpg
0,037384.jpg
9,037385.jpg
5,037386.jpg
4,037387.jpg
2,037388.jpg
8,037389.jpg
0,037390.jpg
7,037391.jpg
4,037392.jpg
3,037393.jpg
1,037394.jpg
5,037395.jpg
4,037396.jpg
6,037397.jpg
2,037398.jpg
5,037399.jpg
9,037400.jpg
3,037401.jpg
5,037402.jpg
9,037403.jpg
9,037404.jpg
7,037405.jpg
3,037406.jpg
8,037407.jpg
5,037408.jpg
9,037409.jpg
1,037410.jpg
4,037411.jpg
7,037412.jpg
7,037413.jpg
7,037414.jpg
3,037415.jpg
1,037416.jpg
6,037417.jpg
8,037418.jpg
3,037419.jpg
9,037420.jpg
6,037421.jpg
3,037422.jpg
9,037423.jpg
5,037424.jpg
6,037425.jpg
4,037426.jpg
2,037427.jpg
6,037428.jpg
7,037429.jpg
9,037430.jpg
4,037431.jpg
5,037432.jpg
7,037433.jpg
9,037434.jpg
6,037435.jpg
5,037436.jpg
9,037437.jpg
9,037438.jpg
0,037439.jpg
4,037440.jpg
2,037441.jpg
0,037442.jpg
5,037443.jpg
5,037444.jpg
2,037445.jpg
9,037446.jpg
7,037447.jpg
6,037448.jpg
5,037449.jpg
2,037450.jpg
9,037451.jpg
4,037452.jpg
9,037453.jpg
2,037454.jpg
3,037455.jpg
9,037456.jpg
4,037457.jpg
3,037458.jpg
1,037459.jpg
1,037460.jpg
8,037461.jpg
6,037462.jpg
2,037463.jpg
3,037464.jpg
5,037465.jpg
3,037466.jpg
1,037467.jpg
8,037468.jpg
8,037469.jpg
3,037470.jpg
9,037471.jpg
7,037472.jpg
6,037473.jpg
0,037474.jpg
9,037475.jpg
4,037476.jpg
3,037477.jpg
0,037478.jpg
8,037479.jpg
0,037480.jpg
4,037481.jpg
3,037482.jpg
2,037483.jpg
8,037484.jpg
4,037485.jpg
4,037486.jpg
5,037487.jpg
0,037488.jpg
8,037489.jpg
5,037490.jpg
5,037491.jpg
4,037492.jpg
2,037493.jpg
6,037494.jpg
7,037495.jpg
1,037496.jpg
3,037497.jpg
2,037498.jpg
0,037499.jpg
5,037500.jpg
8,037501.jpg
8,037502.jpg
8,037503.jpg
3,037504.jpg
7,037505.jpg
4,037506.jpg
7,037507.jpg
5,037508.jpg
2,037509.jpg
3,037510.jpg
3,037511.jpg
9,037512.jpg
2,037513.jpg
4,037514.jpg
4,037515.jpg
2,037516.jpg
1,037517.jpg
8,037518.jpg
7,037519.jpg
5,037520.jpg
6,037521.jpg
3,037522.jpg
5,037523.jpg
9,037524.jpg
4,037525.jpg
3,037526.jpg
5,037527.jpg
2,037528.jpg
8,037529.jpg
8,037530.jpg
2,037531.jpg
8,037532.jpg
1,037533.jpg
3,037534.jpg
9,037535.jpg
4,037536.jpg
3,037537.jpg
9,037538.jpg
8,037539.jpg
5,037540.jpg
3,037541.jpg
9,037542.jpg
7,037543.jpg
0,037544.jpg
0,037545.jpg
7,037546.jpg
1,037547.jpg
0,037548.jpg
0,037549.jpg
0,037550.jpg
6,037551.jpg
4,037552.jpg
4,037553.jpg
9,037554.jpg
6,037555.jpg
5,037556.jpg
2,037557.jpg
0,037558.jpg
1,037559.jpg
2,037560.jpg
8,037561.jpg
1,037562.jpg
5,037563.jpg
4,037564.jpg
4,037565.jpg
7,037566.jpg
2,037567.jpg
7,037568.jpg
5,037569.jpg
5,037570.jpg
6,037571.jpg
8,037572.jpg
7,037573.jpg
1,037574.jpg
6,037575.jpg
3,037576.jpg
3,037577.jpg
5,037578.jpg
5,037579.jpg
7,037580.jpg
8,037581.jpg
5,037582.jpg
5,037583.jpg
0,037584.jpg
0,037585.jpg
3,037586.jpg
6,037587.jpg
0,037588.jpg
5,037589.jpg
5,037590.jpg
8,037591.jpg
0,037592.jpg
8,037593.jpg
5,037594.jpg
8,037595.jpg
1,037596.jpg
0,037597.jpg
6,037598.jpg
9,037599.jpg
0,037600.jpg
7,037601.jpg
8,037602.jpg
9,037603.jpg
9,037604.jpg
0,037605.jpg
3,037606.jpg
7,037607.jpg
2,037608.jpg
7,037609.jpg
5,037610.jpg
6,037611.jpg
5,037612.jpg
8,037613.jpg
2,037614.jpg
4,037615.jpg
1,037616.jpg
1,037617.jpg
7,037618.jpg
3,037619.jpg
2,037620.jpg
3,037621.jpg
7,037622.jpg
6,037623.jpg
7,037624.jpg
1,037625.jpg
6,037626.jpg
0,037627.jpg
1,037628.jpg
3,037629.jpg
5,037630.jpg
6,037631.jpg
8,037632.jpg
7,037633.jpg
3,037634.jpg
9,037635.jpg
0,037636.jpg
6,037637.jpg
7,037638.jpg
9,037639.jpg
7,037640.jpg
7,037641.jpg
3,037642.jpg
7,037643.jpg
4,037644.jpg
0,037645.jpg
4,037646.jpg
5,037647.jpg
1,037648.jpg
2,037649.jpg
6,037650.jpg
8,037651.jpg
9,037652.jpg
8,037653.jpg
7,037654.jpg
6,037655.jpg
0,037656.jpg
9,037657.jpg
7,037658.jpg
8,037659.jpg
2,037660.jpg
6,037661.jpg
6,037662.jpg
5,037663.jpg
5,037664.jpg
8,037665.jpg
4,037666.jpg
6,037667.jpg
5,037668.jpg
3,037669.jpg
1,037670.jpg
2,037671.jpg
3,037672.jpg
5,037673.jpg
9,037674.jpg
5,037675.jpg
4,037676.jpg
3,037677.jpg
2,037678.jpg
8,037679.jpg
9,037680.jpg
9,037681.jpg
9,037682.jpg
6,037683.jpg
5,037684.jpg
7,037685.jpg
5,037686.jpg
5,037687.jpg
9,037688.jpg
2,037689.jpg
6,037690.jpg
1,037691.jpg
3,037692.jpg
9,037693.jpg
8,037694.jpg
7,037695.jpg
6,037696.jpg
8,037697.jpg
5,037698.jpg
5,037699.jpg
8,037700.jpg
0,037701.jpg
9,037702.jpg
2,037703.jpg
8,037704.jpg
9,037705.jpg
8,037706.jpg
8,037707.jpg
1,037708.jpg
5,037709.jpg
5,037710.jpg
3,037711.jpg
0,037712.jpg
5,037713.jpg
1,037714.jpg
6,037715.jpg
2,037716.jpg
5,037717.jpg
1,037718.jpg
7,037719.jpg
3,037720.jpg
6,037721.jpg
5,037722.jpg
4,037723.jpg
0,037724.jpg
9,037725.jpg
0,037726.jpg
4,037727.jpg
6,037728.jpg
1,037729.jpg
8,037730.jpg
3,037731.jpg
1,037732.jpg
7,037733.jpg
2,037734.jpg
8,037735.jpg
5,037736.jpg
1,037737.jpg
0,037738.jpg
7,037739.jpg
8,037740.jpg
5,037741.jpg
5,037742.jpg
1,037743.jpg
2,037744.jpg
5,037745.jpg
6,037746.jpg
0,037747.jpg
8,037748.jpg
1,037749.jpg
8,037750.jpg
6,037751.jpg
7,037752.jpg
4,037753.jpg
7,037754.jpg
6,037755.jpg
9,037756.jpg
8,037757.jpg
4,037758.jpg
5,037759.jpg
5,037760.jpg
1,037761.jpg
3,037762.jpg
3,037763.jpg
2,037764.jpg
3,037765.jpg
4,037766.jpg
5,037767.jpg
4,037768.jpg
1,037769.jpg
4,037770.jpg
5,037771.jpg
6,037772.jpg
4,037773.jpg
5,037774.jpg
4,037775.jpg
1,037776.jpg
8,037777.jpg
7,037778.jpg
0,037779.jpg
7,037780.jpg
6,037781.jpg
7,037782.jpg
8,037783.jpg
8,037784.jpg
9,037785.jpg
8,037786.jpg
3,037787.jpg
4,037788.jpg
3,037789.jpg
8,037790.jpg
9,037791.jpg
3,037792.jpg
3,037793.jpg
3,037794.jpg
7,037795.jpg
5,037796.jpg
2,037797.jpg
1,037798.jpg
3,037799.jpg
2,037800.jpg
5,037801.jpg
3,037802.jpg
0,037803.jpg
0,037804.jpg
4,037805.jpg
4,037806.jpg
2,037807.jpg
3,037808.jpg
7,037809.jpg
2,037810.jpg
8,037811.jpg
4,037812.jpg
7,037813.jpg
7,037814.jpg
5,037815.jpg
0,037816.jpg
0,037817.jpg
9,037818.jpg
2,037819.jpg
2,037820.jpg
7,037821.jpg
7,037822.jpg
9,037823.jpg
9,037824.jpg
4,037825.jpg
2,037826.jpg
9,037827.jpg
4,037828.jpg
5,037829.jpg
8,037830.jpg
0,037831.jpg
0,037832.jpg
6,037833.jpg
6,037834.jpg
9,037835.jpg
5,037836.jpg
6,037837.jpg
1,037838.jpg
3,037839.jpg
1,037840.jpg
5,037841.jpg
6,037842.jpg
0,037843.jpg
8,037844.jpg
9,037845.jpg
2,037846.jpg
7,037847.jpg
1,037848.jpg
4,037849.jpg
6,037850.jpg
6,037851.jpg
1,037852.jpg
6,037853.jpg
9,037854.jpg
7,037855.jpg
5,037856.jpg
0,037857.jpg
3,037858.jpg
1,037859.jpg
3,037860.jpg
5,037861.jpg
3,037862.jpg
1,037863.jpg
6,037864.jpg
5,037865.jpg
2,037866.jpg
6,037867.jpg
2,037868.jpg
8,037869.jpg
0,037870.jpg
2,037871.jpg
6,037872.jpg
2,037873.jpg
2,037874.jpg
8,037875.jpg
7,037876.jpg
3,037877.jpg
7,037878.jpg
7,037879.jpg
3,037880.jpg
3,037881.jpg
2,037882.jpg
4,037883.jpg
8,037884.jpg
1,037885.jpg
0,037886.jpg
6,037887.jpg
7,037888.jpg
0,037889.jpg
2,037890.jpg
2,037891.jpg
0,037892.jpg
7,037893.jpg
2,037894.jpg
5,037895.jpg
0,037896.jpg
7,037897.jpg
9,037898.jpg
0,037899.jpg
8,037900.jpg
3,037901.jpg
8,037902.jpg
0,037903.jpg
3,037904.jpg
6,037905.jpg
7,037906.jpg
8,037907.jpg
4,037908.jpg
7,037909.jpg
3,037910.jpg
3,037911.jpg
4,037912.jpg
5,037913.jpg
3,037914.jpg
2,037915.jpg
3,037916.jpg
6,037917.jpg
5,037918.jpg
5,037919.jpg
4,037920.jpg
0,037921.jpg
8,037922.jpg
7,037923.jpg
4,037924.jpg
5,037925.jpg
4,037926.jpg
2,037927.jpg
5,037928.jpg
4,037929.jpg
8,037930.jpg
3,037931.jpg
6,037932.jpg
4,037933.jpg
2,037934.jpg
0,037935.jpg
4,037936.jpg
6,037937.jpg
6,037938.jpg
6,037939.jpg
3,037940.jpg
1,037941.jpg
0,037942.jpg
8,037943.jpg
0,037944.jpg
8,037945.jpg
5,037946.jpg
3,037947.jpg
9,037948.jpg
5,037949.jpg
7,037950.jpg
4,037951.jpg
7,037952.jpg
4,037953.jpg
5,037954.jpg
2,037955.jpg
8,037956.jpg
9,037957.jpg
2,037958.jpg
8,037959.jpg
1,037960.jpg
6,037961.jpg
2,037962.jpg
5,037963.jpg
8,037964.jpg
9,037965.jpg
1,037966.jpg
9,037967.jpg
6,037968.jpg
1,037969.jpg
7,037970.jpg
8,037971.jpg
9,037972.jpg
9,037973.jpg
1,037974.jpg
0,037975.jpg
0,037976.jpg
8,037977.jpg
2,037978.jpg
5,037979.jpg
8,037980.jpg
2,037981.jpg
8,037982.jpg
7,037983.jpg
7,037984.jpg
6,037985.jpg
7,037986.jpg
0,037987.jpg
7,037988.jpg
0,037989.jpg
0,037990.jpg
7,037991.jpg
2,037992.jpg
7,037993.jpg
3,037994.jpg
8,037995.jpg
5,037996.jpg
4,037997.jpg
7,037998.jpg
0,037999.jpg
5,038000.jpg
3,038001.jpg
7,038002.jpg
6,038003.jpg
6,038004.jpg
4,038005.jpg
3,038006.jpg
0,038007.jpg
1,038008.jpg
9,038009.jpg
2,038010.jpg
0,038011.jpg
9,038012.jpg
4,038013.jpg
0,038014.jpg
6,038015.jpg
2,038016.jpg
9,038017.jpg
8,038018.jpg
0,038019.jpg
7,038020.jpg
5,038021.jpg
5,038022.jpg
2,038023.jpg
3,038024.jpg
3,038025.jpg
4,038026.jpg
9,038027.jpg
7,038028.jpg
6,038029.jpg
4,038030.jpg
4,038031.jpg
1,038032.jpg
4,038033.jpg
7,038034.jpg
6,038035.jpg
3,038036.jpg
1,038037.jpg
2,038038.jpg
4,038039.jpg
1,038040.jpg
5,038041.jpg
3,038042.jpg
6,038043.jpg
1,038044.jpg
2,038045.jpg
8,038046.jpg
3,038047.jpg
3,038048.jpg
2,038049.jpg
1,038050.jpg
4,038051.jpg
4,038052.jpg
4,038053.jpg
5,038054.jpg
6,038055.jpg
1,038056.jpg
6,038057.jpg
0,038058.jpg
2,038059.jpg
1,038060.jpg
2,038061.jpg
1,038062.jpg
3,038063.jpg
2,038064.jpg
3,038065.jpg
3,038066.jpg
1,038067.jpg
8,038068.jpg
0,038069.jpg
4,038070.jpg
1,038071.jpg
7,038072.jpg
7,038073.jpg
5,038074.jpg
0,038075.jpg
0,038076.jpg
3,038077.jpg
5,038078.jpg
0,038079.jpg
6,038080.jpg
9,038081.jpg
3,038082.jpg
7,038083.jpg
0,038084.jpg
6,038085.jpg
2,038086.jpg
9,038087.jpg
7,038088.jpg
6,038089.jpg
9,038090.jpg
2,038091.jpg
7,038092.jpg
9,038093.jpg
1,038094.jpg
9,038095.jpg
6,038096.jpg
2,038097.jpg
3,038098.jpg
0,038099.jpg
8,038100.jpg
0,038101.jpg
2,038102.jpg
4,038103.jpg
4,038104.jpg
7,038105.jpg
5,038106.jpg
7,038107.jpg
3,038108.jpg
2,038109.jpg
0,038110.jpg
9,038111.jpg
4,038112.jpg
6,038113.jpg
8,038114.jpg
3,038115.jpg
2,038116.jpg
8,038117.jpg
7,038118.jpg
9,038119.jpg
1,038120.jpg
4,038121.jpg
4,038122.jpg
6,038123.jpg
7,038124.jpg
8,038125.jpg
0,038126.jpg
2,038127.jpg
7,038128.jpg
4,038129.jpg
8,038130.jpg
8,038131.jpg
6,038132.jpg
7,038133.jpg
5,038134.jpg
5,038135.jpg
7,038136.jpg
2,038137.jpg
4,038138.jpg
4,038139.jpg
5,038140.jpg
1,038141.jpg
6,038142.jpg
1,038143.jpg
3,038144.jpg
4,038145.jpg
0,038146.jpg
1,038147.jpg
1,038148.jpg
7,038149.jpg
1,038150.jpg
4,038151.jpg
9,038152.jpg
8,038153.jpg
4,038154.jpg
7,038155.jpg
6,038156.jpg
8,038157.jpg
0,038158.jpg
0,038159.jpg
0,038160.jpg
3,038161.jpg
4,038162.jpg
2,038163.jpg
7,038164.jpg
7,038165.jpg
2,038166.jpg
9,038167.jpg
4,038168.jpg
8,038169.jpg
5,038170.jpg
0,038171.jpg
7,038172.jpg
8,038173.jpg
4,038174.jpg
7,038175.jpg
6,038176.jpg
4,038177.jpg
7,038178.jpg
2,038179.jpg
7,038180.jpg
3,038181.jpg
5,038182.jpg
6,038183.jpg
2,038184.jpg
1,038185.jpg
2,038186.jpg
5,038187.jpg
8,038188.jpg
6,038189.jpg
1,038190.jpg
0,038191.jpg
3,038192.jpg
9,038193.jpg
4,038194.jpg
3,038195.jpg
1,038196.jpg
7,038197.jpg
0,038198.jpg
8,038199.jpg
8,038200.jpg
3,038201.jpg
5,038202.jpg
5,038203.jpg
9,038204.jpg
9,038205.jpg
7,038206.jpg
3,038207.jpg
9,038208.jpg
1,038209.jpg
5,038210.jpg
1,038211.jpg
0,038212.jpg
7,038213.jpg
1,038214.jpg
4,038215.jpg
4,038216.jpg
5,038217.jpg
9,038218.jpg
3,038219.jpg
4,038220.jpg
1,038221.jpg
8,038222.jpg
4,038223.jpg
8,038224.jpg
0,038225.jpg
8,038226.jpg
8,038227.jpg
3,038228.jpg
5,038229.jpg
6,038230.jpg
7,038231.jpg
0,038232.jpg
7,038233.jpg
3,038234.jpg
1,038235.jpg
0,038236.jpg
3,038237.jpg
4,038238.jpg
8,038239.jpg
9,038240.jpg
3,038241.jpg
0,038242.jpg
5,038243.jpg
9,038244.jpg
8,038245.jpg
9,038246.jpg
8,038247.jpg
7,038248.jpg
0,038249.jpg
2,038250.jpg
6,038251.jpg
6,038252.jpg
1,038253.jpg
2,038254.jpg
6,038255.jpg
5,038256.jpg
3,038257.jpg
9,038258.jpg
5,038259.jpg
9,038260.jpg
8,038261.jpg
3,038262.jpg
7,038263.jpg
0,038264.jpg
0,038265.jpg
1,038266.jpg
9,038267.jpg
5,038268.jpg
3,038269.jpg
2,038270.jpg
6,038271.jpg
2,038272.jpg
8,038273.jpg
3,038274.jpg
8,038275.jpg
5,038276.jpg
0,038277.jpg
9,038278.jpg
1,038279.jpg
9,038280.jpg
7,038281.jpg
8,038282.jpg
8,038283.jpg
9,038284.jpg
7,038285.jpg
8,038286.jpg
4,038287.jpg
6,038288.jpg
9,038289.jpg
9,038290.jpg
2,038291.jpg
5,038292.jpg
5,038293.jpg
4,038294.jpg
9,038295.jpg
9,038296.jpg
1,038297.jpg
3,038298.jpg
7,038299.jpg
9,038300.jpg
1,038301.jpg
6,038302.jpg
2,038303.jpg
0,038304.jpg
0,038305.jpg
2,038306.jpg
3,038307.jpg
5,038308.jpg
3,038309.jpg
8,038310.jpg
6,038311.jpg
0,038312.jpg
2,038313.jpg
9,038314.jpg
3,038315.jpg
2,038316.jpg
3,038317.jpg
5,038318.jpg
8,038319.jpg
0,038320.jpg
7,038321.jpg
9,038322.jpg
8,038323.jpg
4,038324.jpg
6,038325.jpg
4,038326.jpg
3,038327.jpg
0,038328.jpg
4,038329.jpg
3,038330.jpg
9,038331.jpg
1,038332.jpg
8,038333.jpg
8,038334.jpg
5,038335.jpg
4,038336.jpg
5,038337.jpg
0,038338.jpg
6,038339.jpg
8,038340.jpg
7,038341.jpg
0,038342.jpg
1,038343.jpg
7,038344.jpg
9,038345.jpg
4,038346.jpg
4,038347.jpg
0,038348.jpg
7,038349.jpg
6,038350.jpg
7,038351.jpg
4,038352.jpg
5,038353.jpg
0,038354.jpg
4,038355.jpg
1,038356.jpg
2,038357.jpg
4,038358.jpg
4,038359.jpg
2,038360.jpg
1,038361.jpg
2,038362.jpg
3,038363.jpg
9,038364.jpg
8,038365.jpg
5,038366.jpg
5,038367.jpg
1,038368.jpg
0,038369.jpg
3,038370.jpg
3,038371.jpg
5,038372.jpg
2,038373.jpg
6,038374.jpg
7,038375.jpg
1,038376.jpg
4,038377.jpg
3,038378.jpg
7,038379.jpg
2,038380.jpg
3,038381.jpg
3,038382.jpg
5,038383.jpg
8,038384.jpg
8,038385.jpg
2,038386.jpg
6,038387.jpg
1,038388.jpg
0,038389.jpg
6,038390.jpg
1,038391.jpg
6,038392.jpg
2,038393.jpg
0,038394.jpg
4,038395.jpg
6,038396.jpg
8,038397.jpg
7,038398.jpg
1,038399.jpg
5,038400.jpg
7,038401.jpg
7,038402.jpg
8,038403.jpg
5,038404.jpg
9,038405.jpg
3,038406.jpg
5,038407.jpg
9,038408.jpg
0,038409.jpg
4,038410.jpg
1,038411.jpg
7,038412.jpg
5,038413.jpg
1,038414.jpg
7,038415.jpg
1,038416.jpg
7,038417.jpg
0,038418.jpg
0,038419.jpg
2,038420.jpg
1,038421.jpg
9,038422.jpg
6,038423.jpg
2,038424.jpg
8,038425.jpg
5,038426.jpg
2,038427.jpg
5,038428.jpg
7,038429.jpg
3,038430.jpg
4,038431.jpg
2,038432.jpg
3,038433.jpg
6,038434.jpg
9,038435.jpg
0,038436.jpg
8,038437.jpg
6,038438.jpg
1,038439.jpg
8,038440.jpg
7,038441.jpg
8,038442.jpg
9,038443.jpg
0,038444.jpg
6,038445.jpg
0,038446.jpg
2,038447.jpg
8,038448.jpg
7,038449.jpg
7,038450.jpg
1,038451.jpg
6,038452.jpg
7,038453.jpg
7,038454.jpg
3,038455.jpg
1,038456.jpg
2,038457.jpg
2,038458.jpg
9,038459.jpg
3,038460.jpg
1,038461.jpg
4,038462.jpg
6,038463.jpg
7,038464.jpg
6,038465.jpg
6,038466.jpg
4,038467.jpg
1,038468.jpg
8,038469.jpg
1,038470.jpg
0,038471.jpg
8,038472.jpg
4,038473.jpg
8,038474.jpg
8,038475.jpg
7,038476.jpg
9,038477.jpg
8,038478.jpg
8,038479.jpg
0,038480.jpg
7,038481.jpg
9,038482.jpg
2,038483.jpg
3,038484.jpg
0,038485.jpg
9,038486.jpg
7,038487.jpg
0,038488.jpg
9,038489.jpg
9,038490.jpg
8,038491.jpg
5,038492.jpg
1,038493.jpg
2,038494.jpg
7,038495.jpg
6,038496.jpg
1,038497.jpg
5,038498.jpg
5,038499.jpg
9,038500.jpg
3,038501.jpg
9,038502.jpg
8,038503.jpg
5,038504.jpg
9,038505.jpg
4,038506.jpg
6,038507.jpg
2,038508.jpg
7,038509.jpg
2,038510.jpg
6,038511.jpg
7,038512.jpg
3,038513.jpg
4,038514.jpg
8,038515.jpg
1,038516.jpg
9,038517.jpg
5,038518.jpg
3,038519.jpg
8,038520.jpg
6,038521.jpg
7,038522.jpg
7,038523.jpg
1,038524.jpg
7,038525.jpg
6,038526.jpg
2,038527.jpg
7,038528.jpg
6,038529.jpg
5,038530.jpg
1,038531.jpg
6,038532.jpg
3,038533.jpg
4,038534.jpg
3,038535.jpg
6,038536.jpg
3,038537.jpg
0,038538.jpg
0,038539.jpg
8,038540.jpg
5,038541.jpg
1,038542.jpg
0,038543.jpg
0,038544.jpg
6,038545.jpg
9,038546.jpg
6,038547.jpg
8,038548.jpg
9,038549.jpg
8,038550.jpg
1,038551.jpg
6,038552.jpg
0,038553.jpg
2,038554.jpg
2,038555.jpg
1,038556.jpg
3,038557.jpg
0,038558.jpg
4,038559.jpg
5,038560.jpg
6,038561.jpg
9,038562.jpg
0,038563.jpg
7,038564.jpg
4,038565.jpg
9,038566.jpg
8,038567.jpg
2,038568.jpg
0,038569.jpg
1,038570.jpg
8,038571.jpg
6,038572.jpg
6,038573.jpg
1,038574.jpg
3,038575.jpg
7,038576.jpg
6,038577.jpg
5,038578.jpg
3,038579.jpg
7,038580.jpg
6,038581.jpg
4,038582.jpg
0,038583.jpg
4,038584.jpg
7,038585.jpg
5,038586.jpg
8,038587.jpg
8,038588.jpg
9,038589.jpg
7,038590.jpg
0,038591.jpg
4,038592.jpg
4,038593.jpg
7,038594.jpg
4,038595.jpg
7,038596.jpg
6,038597.jpg
4,038598.jpg
8,038599.jpg
0,038600.jpg
5,038601.jpg
9,038602.jpg
3,038603.jpg
7,038604.jpg
8,038605.jpg
0,038606.jpg
6,038607.jpg
1,038608.jpg
7,038609.jpg
6,038610.jpg
8,038611.jpg
9,038612.jpg
2,038613.jpg
4,038614.jpg
6,038615.jpg
6,038616.jpg
8,038617.jpg
1,038618.jpg
2,038619.jpg
4,038620.jpg
7,038621.jpg
0,038622.jpg
4,038623.jpg
9,038624.jpg
7,038625.jpg
8,038626.jpg
6,038627.jpg
3,038628.jpg
4,038629.jpg
9,038630.jpg
6,038631.jpg
7,038632.jpg
5,038633.jpg
8,038634.jpg
5,038635.jpg
3,038636.jpg
3,038637.jpg
3,038638.jpg
3,038639.jpg
0,038640.jpg
7,038641.jpg
5,038642.jpg
3,038643.jpg
7,038644.jpg
8,038645.jpg
9,038646.jpg
6,038647.jpg
8,038648.jpg
8,038649.jpg
9,038650.jpg
1,038651.jpg
8,038652.jpg
5,038653.jpg
1,038654.jpg
4,038655.jpg
4,038656.jpg
3,038657.jpg
4,038658.jpg
0,038659.jpg
8,038660.jpg
5,038661.jpg
0,038662.jpg
4,038663.jpg
9,038664.jpg
9,038665.jpg
5,038666.jpg
1,038667.jpg
0,038668.jpg
6,038669.jpg
3,038670.jpg
9,038671.jpg
9,038672.jpg
9,038673.jpg
0,038674.jpg
6,038675.jpg
4,038676.jpg
2,038677.jpg
0,038678.jpg
8,038679.jpg
2,038680.jpg
1,038681.jpg
3,038682.jpg
2,038683.jpg
9,038684.jpg
6,038685.jpg
6,038686.jpg
8,038687.jpg
5,038688.jpg
4,038689.jpg
9,038690.jpg
6,038691.jpg
1,038692.jpg
6,038693.jpg
8,038694.jpg
1,038695.jpg
3,038696.jpg
7,038697.jpg
4,038698.jpg
4,038699.jpg
1,038700.jpg
7,038701.jpg
3,038702.jpg
1,038703.jpg
0,038704.jpg
7,038705.jpg
8,038706.jpg
3,038707.jpg
4,038708.jpg
9,038709.jpg
1,038710.jpg
5,038711.jpg
2,038712.jpg
1,038713.jpg
7,038714.jpg
1,038715.jpg
3,038716.jpg
8,038717.jpg
6,038718.jpg
0,038719.jpg
7,038720.jpg
9,038721.jpg
0,038722.jpg
1,038723.jpg
2,038724.jpg
5,038725.jpg
9,038726.jpg
0,038727.jpg
8,038728.jpg
2,038729.jpg
6,038730.jpg
1,038731.jpg
6,038732.jpg
5,038733.jpg
1,038734.jpg
3,038735.jpg
2,038736.jpg
5,038737.jpg
0,038738.jpg
2,038739.jpg
1,038740.jpg
3,038741.jpg
1,038742.jpg
4,038743.jpg
1,038744.jpg
7,038745.jpg
0,038746.jpg
5,038747.jpg
1,038748.jpg
1,038749.jpg
7,038750.jpg
3,038751.jpg
2,038752.jpg
9,038753.jpg
1,038754.jpg
5,038755.jpg
5,038756.jpg
8,038757.jpg
7,038758.jpg
8,038759.jpg
5,038760.jpg
6,038761.jpg
5,038762.jpg
3,038763.jpg
3,038764.jpg
3,038765.jpg
5,038766.jpg
3,038767.jpg
4,038768.jpg
7,038769.jpg
5,038770.jpg
4,038771.jpg
2,038772.jpg
0,038773.jpg
1,038774.jpg
6,038775.jpg
2,038776.jpg
2,038777.jpg
1,038778.jpg
1,038779.jpg
4,038780.jpg
3,038781.jpg
3,038782.jpg
6,038783.jpg
1,038784.jpg
2,038785.jpg
9,038786.jpg
6,038787.jpg
4,038788.jpg
2,038789.jpg
2,038790.jpg
9,038791.jpg
3,038792.jpg
1,038793.jpg
8,038794.jpg
7,038795.jpg
0,038796.jpg
0,038797.jpg
8,038798.jpg
6,038799.jpg
2,038800.jpg
4,038801.jpg
4,038802.jpg
8,038803.jpg
8,038804.jpg
0,038805.jpg
8,038806.jpg
8,038807.jpg
7,038808.jpg
2,038809.jpg
3,038810.jpg
1,038811.jpg
4,038812.jpg
6,038813.jpg
4,038814.jpg
6,038815.jpg
5,038816.jpg
3,038817.jpg
0,038818.jpg
4,038819.jpg
5,038820.jpg
1,038821.jpg
3,038822.jpg
8,038823.jpg
7,038824.jpg
0,038825.jpg
6,038826.jpg
0,038827.jpg
6,038828.jpg
3,038829.jpg
4,038830.jpg
8,038831.jpg
3,038832.jpg
8,038833.jpg
2,038834.jpg
0,038835.jpg
6,038836.jpg
5,038837.jpg
9,038838.jpg
2,038839.jpg
9,038840.jpg
7,038841.jpg
3,038842.jpg
8,038843.jpg
2,038844.jpg
6,038845.jpg
7,038846.jpg
4,038847.jpg
1,038848.jpg
0,038849.jpg
1,038850.jpg
2,038851.jpg
8,038852.jpg
6,038853.jpg
3,038854.jpg
4,038855.jpg
0,038856.jpg
1,038857.jpg
9,038858.jpg
2,038859.jpg
1,038860.jpg
8,038861.jpg
5,038862.jpg
6,038863.jpg
4,038864.jpg
7,038865.jpg
7,038866.jpg
3,038867.jpg
5,038868.jpg
4,038869.jpg
3,038870.jpg
7,038871.jpg
3,038872.jpg
3,038873.jpg
4,038874.jpg
1,038875.jpg
6,038876.jpg
1,038877.jpg
0,038878.jpg
4,038879.jpg
1,038880.jpg
6,038881.jpg
7,038882.jpg
1,038883.jpg
7,038884.jpg
5,038885.jpg
4,038886.jpg
0,038887.jpg
2,038888.jpg
5,038889.jpg
2,038890.jpg
8,038891.jpg
9,038892.jpg
3,038893.jpg
8,038894.jpg
4,038895.jpg
7,038896.jpg
8,038897.jpg
6,038898.jpg
9,038899.jpg
2,038900.jpg
5,038901.jpg
5,038902.jpg
2,038903.jpg
6,038904.jpg
2,038905.jpg
4,038906.jpg
3,038907.jpg
5,038908.jpg
9,038909.jpg
2,038910.jpg
5,038911.jpg
5,038912.jpg
2,038913.jpg
1,038914.jpg
3,038915.jpg
1,038916.jpg
1,038917.jpg
9,038918.jpg
2,038919.jpg
1,038920.jpg
9,038921.jpg
7,038922.jpg
9,038923.jpg
8,038924.jpg
2,038925.jpg
9,038926.jpg
8,038927.jpg
2,038928.jpg
5,038929.jpg
2,038930.jpg
3,038931.jpg
4,038932.jpg
0,038933.jpg
0,038934.jpg
6,038935.jpg
8,038936.jpg
8,038937.jpg
3,038938.jpg
4,038939.jpg
3,038940.jpg
6,038941.jpg
3,038942.jpg
5,038943.jpg
3,038944.jpg
6,038945.jpg
2,038946.jpg
3,038947.jpg
1,038948.jpg
9,038949.jpg
1,038950.jpg
2,038951.jpg
5,038952.jpg
1,038953.jpg
8,038954.jpg
2,038955.jpg
1,038956.jpg
3,038957.jpg
8,038958.jpg
8,038959.jpg
4,038960.jpg
2,038961.jpg
1,038962.jpg
3,038963.jpg
4,038964.jpg
0,038965.jpg
9,038966.jpg
1,038967.jpg
3,038968.jpg
2,038969.jpg
6,038970.jpg
0,038971.jpg
9,038972.jpg
1,038973.jpg
8,038974.jpg
4,038975.jpg
3,038976.jpg
8,038977.jpg
3,038978.jpg
7,038979.jpg
6,038980.jpg
0,038981.jpg
8,038982.jpg
4,038983.jpg
5,038984.jpg
9,038985.jpg
0,038986.jpg
9,038987.jpg
8,038988.jpg
9,038989.jpg
4,038990.jpg
0,038991.jpg
8,038992.jpg
1,038993.jpg
9,038994.jpg
5,038995.jpg
3,038996.jpg
9,038997.jpg
1,038998.jpg
4,038999.jpg
2,039000.jpg
2,039001.jpg
4,039002.jpg
9,039003.jpg
5,039004.jpg
3,039005.jpg
6,039006.jpg
6,039007.jpg
2,039008.jpg
5,039009.jpg
8,039010.jpg
3,039011.jpg
6,039012.jpg
7,039013.jpg
6,039014.jpg
7,039015.jpg
0,039016.jpg
9,039017.jpg
7,039018.jpg
3,039019.jpg
6,039020.jpg
2,039021.jpg
9,039022.jpg
6,039023.jpg
9,039024.jpg
2,039025.jpg
4,039026.jpg
0,039027.jpg
8,039028.jpg
9,039029.jpg
8,039030.jpg
3,039031.jpg
1,039032.jpg
4,039033.jpg
3,039034.jpg
4,039035.jpg
0,039036.jpg
5,039037.jpg
4,039038.jpg
7,039039.jpg
3,039040.jpg
0,039041.jpg
0,039042.jpg
4,039043.jpg
0,039044.jpg
6,039045.jpg
1,039046.jpg
7,039047.jpg
4,039048.jpg
0,039049.jpg
2,039050.jpg
5,039051.jpg
9,039052.jpg
8,039053.jpg
9,039054.jpg
1,039055.jpg
0,039056.jpg
5,039057.jpg
4,039058.jpg
4,039059.jpg
0,039060.jpg
7,039061.jpg
1,039062.jpg
2,039063.jpg
9,039064.jpg
9,039065.jpg
7,039066.jpg
2,039067.jpg
2,039068.jpg
7,039069.jpg
6,039070.jpg
8,039071.jpg
1,039072.jpg
3,039073.jpg
0,039074.jpg
1,039075.jpg
9,039076.jpg
3,039077.jpg
2,039078.jpg
1,039079.jpg
7,039080.jpg
7,039081.jpg
4,039082.jpg
3,039083.jpg
8,039084.jpg
8,039085.jpg
9,039086.jpg
0,039087.jpg
5,039088.jpg
2,039089.jpg
7,039090.jpg
5,039091.jpg
1,039092.jpg
2,039093.jpg
3,039094.jpg
1,039095.jpg
2,039096.jpg
6,039097.jpg
3,039098.jpg
0,039099.jpg
5,039100.jpg
9,039101.jpg
7,039102.jpg
4,039103.jpg
5,039104.jpg
9,039105.jpg
9,039106.jpg
7,039107.jpg
0,039108.jpg
9,039109.jpg
0,039110.jpg
4,039111.jpg
7,039112.jpg
0,039113.jpg
7,039114.jpg
3,039115.jpg
9,039116.jpg
9,039117.jpg
1,039118.jpg
0,039119.jpg
5,039120.jpg
3,039121.jpg
5,039122.jpg
0,039123.jpg
7,039124.jpg
4,039125.jpg
1,039126.jpg
4,039127.jpg
0,039128.jpg
0,039129.jpg
1,039130.jpg
6,039131.jpg
7,039132.jpg
0,039133.jpg
6,039134.jpg
7,039135.jpg
1,039136.jpg
1,039137.jpg
4,039138.jpg
4,039139.jpg
0,039140.jpg
8,039141.jpg
1,039142.jpg
1,039143.jpg
5,039144.jpg
1,039145.jpg
5,039146.jpg
0,039147.jpg
7,039148.jpg
0,039149.jpg
1,039150.jpg
9,039151.jpg
1,039152.jpg
3,039153.jpg
1,039154.jpg
7,039155.jpg
6,039156.jpg
8,039157.jpg
0,039158.jpg
0,039159.jpg
1,039160.jpg
8,039161.jpg
5,039162.jpg
7,039163.jpg
5,039164.jpg
1,039165.jpg
8,039166.jpg
6,039167.jpg
0,039168.jpg
8,039169.jpg
2,039170.jpg
7,039171.jpg
3,039172.jpg
5,039173.jpg
5,039174.jpg
7,039175.jpg
8,039176.jpg
9,039177.jpg
4,039178.jpg
0,039179.jpg
6,039180.jpg
1,039181.jpg
3,039182.jpg
9,039183.jpg
3,039184.jpg
1,039185.jpg
7,039186.jpg
0,039187.jpg
7,039188.jpg
7,039189.jpg
3,039190.jpg
8,039191.jpg
7,039192.jpg
0,039193.jpg
8,039194.jpg
3,039195.jpg
5,039196.jpg
1,039197.jpg
3,039198.jpg
6,039199.jpg
4,039200.jpg
8,039201.jpg
8,039202.jpg
4,039203.jpg
3,039204.jpg
3,039205.jpg
8,039206.jpg
6,039207.jpg
2,039208.jpg
1,039209.jpg
4,039210.jpg
2,039211.jpg
5,039212.jpg
3,039213.jpg
7,039214.jpg
3,039215.jpg
4,039216.jpg
2,039217.jpg
6,039218.jpg
9,039219.jpg
8,039220.jpg
0,039221.jpg
8,039222.jpg
1,039223.jpg
8,039224.jpg
9,039225.jpg
6,039226.jpg
9,039227.jpg
9,039228.jpg
9,039229.jpg
0,039230.jpg
9,039231.jpg
9,039232.jpg
2,039233.jpg
1,039234.jpg
9,039235.jpg
8,039236.jpg
6,039237.jpg
9,039238.jpg
7,039239.jpg
5,039240.jpg
7,039241.jpg
3,039242.jpg
7,039243.jpg
2,039244.jpg
9,039245.jpg
6,039246.jpg
3,039247.jpg
1,039248.jpg
6,039249.jpg
0,039250.jpg
9,039251.jpg
3,039252.jpg
4,039253.jpg
4,039254.jpg
1,039255.jpg
5,039256.jpg
6,039257.jpg
7,039258.jpg
7,039259.jpg
7,039260.jpg
4,039261.jpg
5,039262.jpg
8,039263.jpg
6,039264.jpg
1,039265.jpg
3,039266.jpg
1,039267.jpg
6,039268.jpg
7,039269.jpg
5,039270.jpg
1,039271.jpg
0,039272.jpg
3,039273.jpg
7,039274.jpg
9,039275.jpg
8,039276.jpg
0,039277.jpg
9,039278.jpg
2,039279.jpg
9,039280.jpg
4,039281.jpg
4,039282.jpg
6,039283.jpg
9,039284.jpg
2,039285.jpg
6,039286.jpg
6,039287.jpg
2,039288.jpg
1,039289.jpg
4,039290.jpg
2,039291.jpg
2,039292.jpg
1,039293.jpg
0,039294.jpg
3,039295.jpg
0,039296.jpg
6,039297.jpg
6,039298.jpg
9,039299.jpg
8,039300.jpg
5,039301.jpg
2,039302.jpg
2,039303.jpg
7,039304.jpg
8,039305.jpg
5,039306.jpg
3,039307.jpg
7,039308.jpg
6,039309.jpg
7,039310.jpg
3,039311.jpg
9,039312.jpg
2,039313.jpg
0,039314.jpg
7,039315.jpg
3,039316.jpg
9,039317.jpg
1,039318.jpg
0,039319.jpg
5,039320.jpg
3,039321.jpg
1,039322.jpg
0,039323.jpg
2,039324.jpg
9,039325.jpg
4,039326.jpg
4,039327.jpg
7,039328.jpg
6,039329.jpg
0,039330.jpg
5,039331.jpg
1,039332.jpg
2,039333.jpg
1,039334.jpg
2,039335.jpg
8,039336.jpg
0,039337.jpg
7,039338.jpg
4,039339.jpg
6,039340.jpg
4,039341.jpg
0,039342.jpg
2,039343.jpg
1,039344.jpg
5,039345.jpg
1,039346.jpg
5,039347.jpg
8,039348.jpg
7,039349.jpg
4,039350.jpg
2,039351.jpg
2,039352.jpg
1,039353.jpg
6,039354.jpg
5,039355.jpg
6,039356.jpg
0,039357.jpg
2,039358.jpg
1,039359.jpg
8,039360.jpg
3,039361.jpg
3,039362.jpg
5,039363.jpg
1,039364.jpg
7,039365.jpg
6,039366.jpg
8,039367.jpg
9,039368.jpg
2,039369.jpg
5,039370.jpg
9,039371.jpg
2,039372.jpg
5,039373.jpg
3,039374.jpg
6,039375.jpg
3,039376.jpg
1,039377.jpg
5,039378.jpg
6,039379.jpg
8,039380.jpg
1,039381.jpg
2,039382.jpg
8,039383.jpg
7,039384.jpg
1,039385.jpg
0,039386.jpg
0,039387.jpg
7,039388.jpg
3,039389.jpg
8,039390.jpg
2,039391.jpg
5,039392.jpg
1,039393.jpg
3,039394.jpg
0,039395.jpg
9,039396.jpg
2,039397.jpg
2,039398.jpg
1,039399.jpg
7,039400.jpg
4,039401.jpg
2,039402.jpg
0,039403.jpg
9,039404.jpg
8,039405.jpg
3,039406.jpg
8,039407.jpg
7,039408.jpg
4,039409.jpg
2,039410.jpg
3,039411.jpg
3,039412.jpg
7,039413.jpg
8,039414.jpg
0,039415.jpg
1,039416.jpg
5,039417.jpg
8,039418.jpg
1,039419.jpg
4,039420.jpg
6,039421.jpg
0,039422.jpg
8,039423.jpg
7,039424.jpg
4,039425.jpg
1,039426.jpg
9,039427.jpg
1,039428.jpg
5,039429.jpg
9,039430.jpg
6,039431.jpg
6,039432.jpg
8,039433.jpg
3,039434.jpg
0,039435.jpg
6,039436.jpg
9,039437.jpg
8,039438.jpg
5,039439.jpg
8,039440.jpg
7,039441.jpg
8,039442.jpg
1,039443.jpg
5,039444.jpg
3,039445.jpg
4,039446.jpg
0,039447.jpg
1,039448.jpg
4,039449.jpg
3,039450.jpg
0,039451.jpg
9,039452.jpg
7,039453.jpg
4,039454.jpg
4,039455.jpg
9,039456.jpg
7,039457.jpg
8,039458.jpg
3,039459.jpg
5,039460.jpg
6,039461.jpg
4,039462.jpg
7,039463.jpg
4,039464.jpg
3,039465.jpg
7,039466.jpg
9,039467.jpg
6,039468.jpg
7,039469.jpg
5,039470.jpg
8,039471.jpg
2,039472.jpg
7,039473.jpg
4,039474.jpg
0,039475.jpg
7,039476.jpg
8,039477.jpg
3,039478.jpg
7,039479.jpg
7,039480.jpg
7,039481.jpg
4,039482.jpg
2,039483.jpg
2,039484.jpg
5,039485.jpg
6,039486.jpg
7,039487.jpg
9,039488.jpg
0,039489.jpg
9,039490.jpg
5,039491.jpg
8,039492.jpg
7,039493.jpg
3,039494.jpg
8,039495.jpg
7,039496.jpg
1,039497.jpg
2,039498.jpg
7,039499.jpg
2,039500.jpg
8,039501.jpg
6,039502.jpg
7,039503.jpg
5,039504.jpg
2,039505.jpg
7,039506.jpg
8,039507.jpg
3,039508.jpg
7,039509.jpg
2,039510.jpg
3,039511.jpg
0,039512.jpg
8,039513.jpg
9,039514.jpg
0,039515.jpg
6,039516.jpg
9,039517.jpg
7,039518.jpg
0,039519.jpg
6,039520.jpg
3,039521.jpg
1,039522.jpg
4,039523.jpg
7,039524.jpg
4,039525.jpg
1,039526.jpg
0,039527.jpg
6,039528.jpg
4,039529.jpg
8,039530.jpg
1,039531.jpg
4,039532.jpg
1,039533.jpg
2,039534.jpg
7,039535.jpg
3,039536.jpg
0,039537.jpg
5,039538.jpg
4,039539.jpg
1,039540.jpg
7,039541.jpg
1,039542.jpg
6,039543.jpg
2,039544.jpg
5,039545.jpg
3,039546.jpg
6,039547.jpg
4,039548.jpg
5,039549.jpg
4,039550.jpg
7,039551.jpg
1,039552.jpg
4,039553.jpg
6,039554.jpg
9,039555.jpg
0,039556.jpg
6,039557.jpg
1,039558.jpg
8,039559.jpg
9,039560.jpg
1,039561.jpg
1,039562.jpg
5,039563.jpg
3,039564.jpg
7,039565.jpg
2,039566.jpg
5,039567.jpg
5,039568.jpg
5,039569.jpg
2,039570.jpg
6,039571.jpg
4,039572.jpg
0,039573.jpg
5,039574.jpg
0,039575.jpg
0,039576.jpg
4,039577.jpg
4,039578.jpg
2,039579.jpg
3,039580.jpg
2,039581.jpg
5,039582.jpg
2,039583.jpg
0,039584.jpg
3,039585.jpg
2,039586.jpg
7,039587.jpg
5,039588.jpg
9,039589.jpg
1,039590.jpg
5,039591.jpg
7,039592.jpg
1,039593.jpg
0,039594.jpg
5,039595.jpg
0,039596.jpg
0,039597.jpg
1,039598.jpg
2,039599.jpg
1,039600.jpg
6,039601.jpg
1,039602.jpg
1,039603.jpg
1,039604.jpg
0,039605.jpg
6,039606.jpg
6,039607.jpg
3,039608.jpg
8,039609.jpg
5,039610.jpg
8,039611.jpg
1,039612.jpg
3,039613.jpg
2,039614.jpg
4,039615.jpg
6,039616.jpg
9,039617.jpg
6,039618.jpg
2,039619.jpg
7,039620.jpg
0,039621.jpg
4,039622.jpg
4,039623.jpg
4,039624.jpg
3,039625.jpg
7,039626.jpg
7,039627.jpg
1,039628.jpg
5,039629.jpg
7,039630.jpg
9,039631.jpg
2,039632.jpg
0,039633.jpg
5,039634.jpg
3,039635.jpg
0,039636.jpg
6,039637.jpg
4,039638.jpg
9,039639.jpg
7,039640.jpg
2,039641.jpg
4,039642.jpg
5,039643.jpg
1,039644.jpg
7,039645.jpg
7,039646.jpg
1,039647.jpg
2,039648.jpg
1,039649.jpg
6,039650.jpg
4,039651.jpg
6,039652.jpg
7,039653.jpg
9,039654.jpg
0,039655.jpg
5,039656.jpg
0,039657.jpg
9,039658.jpg
7,039659.jpg
8,039660.jpg
7,039661.jpg
6,039662.jpg
0,039663.jpg
0,039664.jpg
4,039665.jpg
5,039666.jpg
7,039667.jpg
0,039668.jpg
4,039669.jpg
7,039670.jpg
0,039671.jpg
2,039672.jpg
3,039673.jpg
2,039674.jpg
6,039675.jpg
6,039676.jpg
7,039677.jpg
5,039678.jpg
7,039679.jpg
7,039680.jpg
1,039681.jpg
4,039682.jpg
4,039683.jpg
7,039684.jpg
8,039685.jpg
4,039686.jpg
9,039687.jpg
1,039688.jpg
5,039689.jpg
1,039690.jpg
0,039691.jpg
7,039692.jpg
0,039693.jpg
5,039694.jpg
6,039695.jpg
8,039696.jpg
1,039697.jpg
6,039698.jpg
7,039699.jpg
3,039700.jpg
6,039701.jpg
5,039702.jpg
1,039703.jpg
1,039704.jpg
2,039705.jpg
6,039706.jpg
5,039707.jpg
0,039708.jpg
6,039709.jpg
4,039710.jpg
7,039711.jpg
2,039712.jpg
7,039713.jpg
5,039714.jpg
3,039715.jpg
2,039716.jpg
1,039717.jpg
4,039718.jpg
3,039719.jpg
0,039720.jpg
2,039721.jpg
4,039722.jpg
2,039723.jpg
3,039724.jpg
8,039725.jpg
2,039726.jpg
9,039727.jpg
6,039728.jpg
9,039729.jpg
5,039730.jpg
0,039731.jpg
4,039732.jpg
3,039733.jpg
9,039734.jpg
4,039735.jpg
9,039736.jpg
7,039737.jpg
6,039738.jpg
4,039739.jpg
9,039740.jpg
5,039741.jpg
6,039742.jpg
6,039743.jpg
8,039744.jpg
8,039745.jpg
7,039746.jpg
8,039747.jpg
9,039748.jpg
8,039749.jpg
0,039750.jpg
9,039751.jpg
6,039752.jpg
5,039753.jpg
4,039754.jpg
3,039755.jpg
4,039756.jpg
5,039757.jpg
8,039758.jpg
7,039759.jpg
0,039760.jpg
6,039761.jpg
1,039762.jpg
7,039763.jpg
0,039764.jpg
8,039765.jpg
8,039766.jpg
9,039767.jpg
7,039768.jpg
4,039769.jpg
0,039770.jpg
2,039771.jpg
5,039772.jpg
8,039773.jpg
8,039774.jpg
1,039775.jpg
1,039776.jpg
3,039777.jpg
9,039778.jpg
3,039779.jpg
2,039780.jpg
8,039781.jpg
2,039782.jpg
3,039783.jpg
8,039784.jpg
0,039785.jpg
7,039786.jpg
3,039787.jpg
7,039788.jpg
9,039789.jpg
9,039790.jpg
1,039791.jpg
4,039792.jpg
2,039793.jpg
0,039794.jpg
7,039795.jpg
0,039796.jpg
9,039797.jpg
6,039798.jpg
6,039799.jpg
8,039800.jpg
9,039801.jpg
1,039802.jpg
9,039803.jpg
9,039804.jpg
0,039805.jpg
0,039806.jpg
7,039807.jpg
3,039808.jpg
4,039809.jpg
7,039810.jpg
2,039811.jpg
0,039812.jpg
0,039813.jpg
8,039814.jpg
7,039815.jpg
0,039816.jpg
0,039817.jpg
3,039818.jpg
0,039819.jpg
6,039820.jpg
5,039821.jpg
8,039822.jpg
7,039823.jpg
4,039824.jpg
0,039825.jpg
6,039826.jpg
4,039827.jpg
6,039828.jpg
9,039829.jpg
0,039830.jpg
5,039831.jpg
6,039832.jpg
2,039833.jpg
3,039834.jpg
8,039835.jpg
8,039836.jpg
8,039837.jpg
5,039838.jpg
4,039839.jpg
5,039840.jpg
5,039841.jpg
6,039842.jpg
3,039843.jpg
6,039844.jpg
4,039845.jpg
1,039846.jpg
2,039847.jpg
5,039848.jpg
4,039849.jpg
5,039850.jpg
9,039851.jpg
1,039852.jpg
0,039853.jpg
2,039854.jpg
6,039855.jpg
1,039856.jpg
0,039857.jpg
4,039858.jpg
5,039859.jpg
5,039860.jpg
8,039861.jpg
2,039862.jpg
7,039863.jpg
8,039864.jpg
6,039865.jpg
9,039866.jpg
2,039867.jpg
2,039868.jpg
1,039869.jpg
5,039870.jpg
5,039871.jpg
5,039872.jpg
0,039873.jpg
9,039874.jpg
4,039875.jpg
5,039876.jpg
4,039877.jpg
7,039878.jpg
6,039879.jpg
3,039880.jpg
6,039881.jpg
0,039882.jpg
6,039883.jpg
7,039884.jpg
5,039885.jpg
0,039886.jpg
7,039887.jpg
5,039888.jpg
1,039889.jpg
4,039890.jpg
1,039891.jpg
4,039892.jpg
9,039893.jpg
8,039894.jpg
5,039895.jpg
0,039896.jpg
4,039897.jpg
1,039898.jpg
3,039899.jpg
1,039900.jpg
2,039901.jpg
8,039902.jpg
2,039903.jpg
6,039904.jpg
2,039905.jpg
7,039906.jpg
5,039907.jpg
6,039908.jpg
9,039909.jpg
6,039910.jpg
1,039911.jpg
9,039912.jpg
4,039913.jpg
8,039914.jpg
2,039915.jpg
0,039916.jpg
8,039917.jpg
6,039918.jpg
1,039919.jpg
3,039920.jpg
6,039921.jpg
7,039922.jpg
8,039923.jpg
5,039924.jpg
7,039925.jpg
8,039926.jpg
4,039927.jpg
7,039928.jpg
1,039929.jpg
3,039930.jpg
4,039931.jpg
0,039932.jpg
1,039933.jpg
4,039934.jpg
8,039935.jpg
9,039936.jpg
2,039937.jpg
9,039938.jpg
0,039939.jpg
9,039940.jpg
7,039941.jpg
0,039942.jpg
8,039943.jpg
6,039944.jpg
8,039945.jpg
2,039946.jpg
6,039947.jpg
4,039948.jpg
9,039949.jpg
0,039950.jpg
0,039951.jpg
5,039952.jpg
6,039953.jpg
7,039954.jpg
7,039955.jpg
8,039956.jpg
9,039957.jpg
3,039958.jpg
5,039959.jpg
9,039960.jpg
0,039961.jpg
8,039962.jpg
3,039963.jpg
8,039964.jpg
3,039965.jpg
9,039966.jpg
7,039967.jpg
3,039968.jpg
3,039969.jpg
5,039970.jpg
7,039971.jpg
5,039972.jpg
3,039973.jpg
5,039974.jpg
2,039975.jpg
0,039976.jpg
7,039977.jpg
7,039978.jpg
0,039979.jpg
3,039980.jpg
0,039981.jpg
5,039982.jpg
7,039983.jpg
1,039984.jpg
0,039985.jpg
4,039986.jpg
4,039987.jpg
6,039988.jpg
9,039989.jpg
0,039990.jpg
7,039991.jpg
5,039992.jpg
9,039993.jpg
7,039994.jpg
7,039995.jpg
4,039996.jpg
0,039997.jpg
0,039998.jpg
0,039999.jpg
7,040000.jpg
7,040001.jpg
3,040002.jpg
1,040003.jpg
0,040004.jpg
1,040005.jpg
2,040006.jpg
0,040007.jpg
0,040008.jpg
8,040009.jpg
8,040010.jpg
5,040011.jpg
9,040012.jpg
0,040013.jpg
8,040014.jpg
4,040015.jpg
5,040016.jpg
3,040017.jpg
4,040018.jpg
0,040019.jpg
4,040020.jpg
2,040021.jpg
6,040022.jpg
7,040023.jpg
3,040024.jpg
8,040025.jpg
8,040026.jpg
1,040027.jpg
3,040028.jpg
9,040029.jpg
0,040030.jpg
1,040031.jpg
0,040032.jpg
1,040033.jpg
7,040034.jpg
2,040035.jpg
5,040036.jpg
3,040037.jpg
4,040038.jpg
5,040039.jpg
7,040040.jpg
8,040041.jpg
6,040042.jpg
5,040043.jpg
4,040044.jpg
8,040045.jpg
4,040046.jpg
1,040047.jpg
0,040048.jpg
8,040049.jpg
5,040050.jpg
9,040051.jpg
1,040052.jpg
5,040053.jpg
9,040054.jpg
5,040055.jpg
7,040056.jpg
4,040057.jpg
2,040058.jpg
1,040059.jpg
3,040060.jpg
4,040061.jpg
2,040062.jpg
0,040063.jpg
8,040064.jpg
7,040065.jpg
4,040066.jpg
8,040067.jpg
3,040068.jpg
1,040069.jpg
7,040070.jpg
7,040071.jpg
3,040072.jpg
7,040073.jpg
0,040074.jpg
0,040075.jpg
2,040076.jpg
6,040077.jpg
3,040078.jpg
4,040079.jpg
0,040080.jpg
7,040081.jpg
1,040082.jpg
3,040083.jpg
7,040084.jpg
6,040085.jpg
2,040086.jpg
1,040087.jpg
5,040088.jpg
8,040089.jpg
1,040090.jpg
3,040091.jpg
0,040092.jpg
3,040093.jpg
5,040094.jpg
2,040095.jpg
9,040096.jpg
8,040097.jpg
6,040098.jpg
4,040099.jpg
9,040100.jpg
9,040101.jpg
1,040102.jpg
8,040103.jpg
1,040104.jpg
0,040105.jpg
0,040106.jpg
1,040107.jpg
4,040108.jpg
6,040109.jpg
5,040110.jpg
8,040111.jpg
8,040112.jpg
0,040113.jpg
7,040114.jpg
4,040115.jpg
2,040116.jpg
8,040117.jpg
2,040118.jpg
7,040119.jpg
6,040120.jpg
5,040121.jpg
4,040122.jpg
6,040123.jpg
6,040124.jpg
2,040125.jpg
1,040126.jpg
5,040127.jpg
3,040128.jpg
4,040129.jpg
8,040130.jpg
4,040131.jpg
2,040132.jpg
6,040133.jpg
2,040134.jpg
2,040135.jpg
2,040136.jpg
0,040137.jpg
1,040138.jpg
2,040139.jpg
9,040140.jpg
5,040141.jpg
2,040142.jpg
7,040143.jpg
9,040144.jpg
7,040145.jpg
8,040146.jpg
5,040147.jpg
9,040148.jpg
3,040149.jpg
0,040150.jpg
3,040151.jpg
0,040152.jpg
4,040153.jpg
8,040154.jpg
6,040155.jpg
2,040156.jpg
4,040157.jpg
2,040158.jpg
5,040159.jpg
6,040160.jpg
0,040161.jpg
0,040162.jpg
0,040163.jpg
0,040164.jpg
7,040165.jpg
1,040166.jpg
9,040167.jpg
8,040168.jpg
8,040169.jpg
2,040170.jpg
2,040171.jpg
7,040172.jpg
4,040173.jpg
8,040174.jpg
0,040175.jpg
2,040176.jpg
9,040177.jpg
8,040178.jpg
6,040179.jpg
0,040180.jpg
8,040181.jpg
3,040182.jpg
5,040183.jpg
4,040184.jpg
2,040185.jpg
1,040186.jpg
2,040187.jpg
7,040188.jpg
6,040189.jpg
5,040190.jpg
6,040191.jpg
7,040192.jpg
2,040193.jpg
1,040194.jpg
9,040195.jpg
0,040196.jpg
4,040197.jpg
4,040198.jpg
7,040199.jpg
9,040200.jpg
9,040201.jpg
4,040202.jpg
7,040203.jpg
4,040204.jpg
2,040205.jpg
0,040206.jpg
9,040207.jpg
5,040208.jpg
7,040209.jpg
5,040210.jpg
7,040211.jpg
2,040212.jpg
7,040213.jpg
3,040214.jpg
1,040215.jpg
0,040216.jpg
9,040217.jpg
8,040218.jpg
4,040219.jpg
0,040220.jpg
4,040221.jpg
6,040222.jpg
8,040223.jpg
3,040224.jpg
4,040225.jpg
5,040226.jpg
9,040227.jpg
2,040228.jpg
2,040229.jpg
7,040230.jpg
1,040231.jpg
1,040232.jpg
1,040233.jpg
2,040234.jpg
3,040235.jpg
1,040236.jpg
7,040237.jpg
7,040238.jpg
1,040239.jpg
0,040240.jpg
2,040241.jpg
1,040242.jpg
5,040243.jpg
1,040244.jpg
7,040245.jpg
4,040246.jpg
9,040247.jpg
3,040248.jpg
2,040249.jpg
8,040250.jpg
2,040251.jpg
0,040252.jpg
9,040253.jpg
7,040254.jpg
6,040255.jpg
0,040256.jpg
2,040257.jpg
9,040258.jpg
3,040259.jpg
5,040260.jpg
5,040261.jpg
9,040262.jpg
4,040263.jpg
6,040264.jpg
3,040265.jpg
4,040266.jpg
4,040267.jpg
1,040268.jpg
0,040269.jpg
4,040270.jpg
4,040271.jpg
5,040272.jpg
1,040273.jpg
2,040274.jpg
0,040275.jpg
9,040276.jpg
2,040277.jpg
9,040278.jpg
1,040279.jpg
0,040280.jpg
9,040281.jpg
0,040282.jpg
9,040283.jpg
4,040284.jpg
2,040285.jpg
4,040286.jpg
0,040287.jpg
1,040288.jpg
7,040289.jpg
5,040290.jpg
4,040291.jpg
4,040292.jpg
7,040293.jpg
4,040294.jpg
7,040295.jpg
4,040296.jpg
2,040297.jpg
2,040298.jpg
6,040299.jpg
6,040300.jpg
0,040301.jpg
4,040302.jpg
9,040303.jpg
8,040304.jpg
9,040305.jpg
3,040306.jpg
3,040307.jpg
6,040308.jpg
3,040309.jpg
5,040310.jpg
9,040311.jpg
2,040312.jpg
0,040313.jpg
9,040314.jpg
8,040315.jpg
5,040316.jpg
0,040317.jpg
5,040318.jpg
5,040319.jpg
2,040320.jpg
4,040321.jpg
4,040322.jpg
5,040323.jpg
8,040324.jpg
9,040325.jpg
7,040326.jpg
2,040327.jpg
0,040328.jpg
0,040329.jpg
1,040330.jpg
4,040331.jpg
3,040332.jpg
0,040333.jpg
4,040334.jpg
7,040335.jpg
6,040336.jpg
7,040337.jpg
1,040338.jpg
0,040339.jpg
1,040340.jpg
8,040341.jpg
6,040342.jpg
4,040343.jpg
3,040344.jpg
9,040345.jpg
2,040346.jpg
6,040347.jpg
3,040348.jpg
4,040349.jpg
1,040350.jpg
9,040351.jpg
5,040352.jpg
1,040353.jpg
7,040354.jpg
2,040355.jpg
8,040356.jpg
3,040357.jpg
6,040358.jpg
0,040359.jpg
6,040360.jpg
9,040361.jpg
3,040362.jpg
2,040363.jpg
8,040364.jpg
5,040365.jpg
0,040366.jpg
9,040367.jpg
8,040368.jpg
4,040369.jpg
9,040370.jpg
6,040371.jpg
7,040372.jpg
7,040373.jpg
9,040374.jpg
9,040375.jpg
2,040376.jpg
8,040377.jpg
5,040378.jpg
8,040379.jpg
5,040380.jpg
6,040381.jpg
5,040382.jpg
8,040383.jpg
1,040384.jpg
4,040385.jpg
4,040386.jpg
1,040387.jpg
8,040388.jpg
6,040389.jpg
1,040390.jpg
6,040391.jpg
6,040392.jpg
0,040393.jpg
8,040394.jpg
8,040395.jpg
2,040396.jpg
3,040397.jpg
5,040398.jpg
9,040399.jpg
8,040400.jpg
4,040401.jpg
4,040402.jpg
0,040403.jpg
6,040404.jpg
1,040405.jpg
1,040406.jpg
8,040407.jpg
8,040408.jpg
5,040409.jpg
7,040410.jpg
8,040411.jpg
7,040412.jpg
7,040413.jpg
7,040414.jpg
9,040415.jpg
0,040416.jpg
8,040417.jpg
3,040418.jpg
1,040419.jpg
8,040420.jpg
0,040421.jpg
4,040422.jpg
5,040423.jpg
4,040424.jpg
0,040425.jpg
8,040426.jpg
8,040427.jpg
8,040428.jpg
0,040429.jpg
3,040430.jpg
1,040431.jpg
3,040432.jpg
9,040433.jpg
9,040434.jpg
0,040435.jpg
4,040436.jpg
6,040437.jpg
6,040438.jpg
8,040439.jpg
0,040440.jpg
0,040441.jpg
6,040442.jpg
8,040443.jpg
4,040444.jpg
9,040445.jpg
9,040446.jpg
3,040447.jpg
0,040448.jpg
2,040449.jpg
2,040450.jpg
1,040451.jpg
7,040452.jpg
1,040453.jpg
5,040454.jpg
0,040455.jpg
9,040456.jpg
0,040457.jpg
8,040458.jpg
4,040459.jpg
5,040460.jpg
0,040461.jpg
5,040462.jpg
5,040463.jpg
1,040464.jpg
0,040465.jpg
1,040466.jpg
3,040467.jpg
0,040468.jpg
7,040469.jpg
2,040470.jpg
8,040471.jpg
0,040472.jpg
1,040473.jpg
2,040474.jpg
0,040475.jpg
4,040476.jpg
8,040477.jpg
4,040478.jpg
9,040479.jpg
9,040480.jpg
6,040481.jpg
1,040482.jpg
1,040483.jpg
8,040484.jpg
4,040485.jpg
1,040486.jpg
2,040487.jpg
2,040488.jpg
7,040489.jpg
2,040490.jpg
8,040491.jpg
2,040492.jpg
7,040493.jpg
1,040494.jpg
7,040495.jpg
3,040496.jpg
7,040497.jpg
7,040498.jpg
3,040499.jpg
7,040500.jpg
7,040501.jpg
8,040502.jpg
6,040503.jpg
5,040504.jpg
1,040505.jpg
2,040506.jpg
9,040507.jpg
8,040508.jpg
1,040509.jpg
1,040510.jpg
2,040511.jpg
5,040512.jpg
2,040513.jpg
9,040514.jpg
3,040515.jpg
2,040516.jpg
1,040517.jpg
0,040518.jpg
5,040519.jpg
5,040520.jpg
8,040521.jpg
6,040522.jpg
4,040523.jpg
5,040524.jpg
8,040525.jpg
7,040526.jpg
2,040527.jpg
0,040528.jpg
8,040529.jpg
5,040530.jpg
6,040531.jpg
2,040532.jpg
7,040533.jpg
9,040534.jpg
0,040535.jpg
1,040536.jpg
5,040537.jpg
5,040538.jpg
7,040539.jpg
9,040540.jpg
4,040541.jpg
0,040542.jpg
6,040543.jpg
3,040544.jpg
1,040545.jpg
8,040546.jpg
2,040547.jpg
8,040548.jpg
4,040549.jpg
5,040550.jpg
6,040551.jpg
0,040552.jpg
3,040553.jpg
8,040554.jpg
5,040555.jpg
9,040556.jpg
4,040557.jpg
6,040558.jpg
9,040559.jpg
1,040560.jpg
7,040561.jpg
4,040562.jpg
7,040563.jpg
9,040564.jpg
4,040565.jpg
1,040566.jpg
9,040567.jpg
0,040568.jpg
2,040569.jpg
8,040570.jpg
1,040571.jpg
6,040572.jpg
9,040573.jpg
9,040574.jpg
8,040575.jpg
3,040576.jpg
0,040577.jpg
4,040578.jpg
6,040579.jpg
2,040580.jpg
8,040581.jpg
7,040582.jpg
8,040583.jpg
3,040584.jpg
4,040585.jpg
8,040586.jpg
3,040587.jpg
6,040588.jpg
5,040589.jpg
8,040590.jpg
6,040591.jpg
6,040592.jpg
7,040593.jpg
3,040594.jpg
3,040595.jpg
9,040596.jpg
7,040597.jpg
4,040598.jpg
4,040599.jpg
5,040600.jpg
4,040601.jpg
0,040602.jpg
6,040603.jpg
7,040604.jpg
5,040605.jpg
4,040606.jpg
1,040607.jpg
5,040608.jpg
8,040609.jpg
9,040610.jpg
9,040611.jpg
1,040612.jpg
4,040613.jpg
9,040614.jpg
1,040615.jpg
1,040616.jpg
1,040617.jpg
2,040618.jpg
3,040619.jpg
4,040620.jpg
8,040621.jpg
6,040622.jpg
6,040623.jpg
5,040624.jpg
4,040625.jpg
9,040626.jpg
9,040627.jpg
5,040628.jpg
6,040629.jpg
9,040630.jpg
1,040631.jpg
7,040632.jpg
7,040633.jpg
0,040634.jpg
8,040635.jpg
9,040636.jpg
6,040637.jpg
2,040638.jpg
3,040639.jpg
5,040640.jpg
9,040641.jpg
4,040642.jpg
1,040643.jpg
1,040644.jpg
4,040645.jpg
7,040646.jpg
5,040647.jpg
0,040648.jpg
4,040649.jpg
7,040650.jpg
3,040651.jpg
3,040652.jpg
5,040653.jpg
5,040654.jpg
7,040655.jpg
9,040656.jpg
3,040657.jpg
3,040658.jpg
8,040659.jpg
4,040660.jpg
7,040661.jpg
8,040662.jpg
0,040663.jpg
0,040664.jpg
5,040665.jpg
8,040666.jpg
1,040667.jpg
3,040668.jpg
3,040669.jpg
5,040670.jpg
4,040671.jpg
7,040672.jpg
9,040673.jpg
7,040674.jpg
6,040675.jpg
8,040676.jpg
0,040677.jpg
8,040678.jpg
9,040679.jpg
0,040680.jpg
9,040681.jpg
9,040682.jpg
4,040683.jpg
7,040684.jpg
4,040685.jpg
7,040686.jpg
6,040687.jpg
5,040688.jpg
2,040689.jpg
7,040690.jpg
0,040691.jpg
4,040692.jpg
0,040693.jpg
4,040694.jpg
3,040695.jpg
8,040696.jpg
7,040697.jpg
6,040698.jpg
3,040699.jpg
5,040700.jpg
7,040701.jpg
6,040702.jpg
5,040703.jpg
9,040704.jpg
7,040705.jpg
6,040706.jpg
5,040707.jpg
6,040708.jpg
7,040709.jpg
4,040710.jpg
6,040711.jpg
3,040712.jpg
6,040713.jpg
8,040714.jpg
7,040715.jpg
3,040716.jpg
4,040717.jpg
9,040718.jpg
5,040719.jpg
5,040720.jpg
5,040721.jpg
3,040722.jpg
8,040723.jpg
6,040724.jpg
8,040725.jpg
5,040726.jpg
9,040727.jpg
2,040728.jpg
1,040729.jpg
3,040730.jpg
3,040731.jpg
5,040732.jpg
6,040733.jpg
8,040734.jpg
6,040735.jpg
4,040736.jpg
7,040737.jpg
9,040738.jpg
6,040739.jpg
4,040740.jpg
4,040741.jpg
2,040742.jpg
5,040743.jpg
5,040744.jpg
6,040745.jpg
1,040746.jpg
4,040747.jpg
1,040748.jpg
5,040749.jpg
7,040750.jpg
5,040751.jpg
1,040752.jpg
6,040753.jpg
1,040754.jpg
2,040755.jpg
4,040756.jpg
7,040757.jpg
6,040758.jpg
7,040759.jpg
1,040760.jpg
5,040761.jpg
8,040762.jpg
4,040763.jpg
2,040764.jpg
5,040765.jpg
8,040766.jpg
7,040767.jpg
7,040768.jpg
4,040769.jpg
5,040770.jpg
8,040771.jpg
3,040772.jpg
1,040773.jpg
5,040774.jpg
3,040775.jpg
0,040776.jpg
2,040777.jpg
7,040778.jpg
7,040779.jpg
2,040780.jpg
3,040781.jpg
2,040782.jpg
1,040783.jpg
9,040784.jpg
5,040785.jpg
2,040786.jpg
1,040787.jpg
0,040788.jpg
0,040789.jpg
1,040790.jpg
8,040791.jpg
9,040792.jpg
6,040793.jpg
0,040794.jpg
4,040795.jpg
2,040796.jpg
8,040797.jpg
0,040798.jpg
5,040799.jpg
3,040800.jpg
4,040801.jpg
0,040802.jpg
7,040803.jpg
2,040804.jpg
5,040805.jpg
1,040806.jpg
8,040807.jpg
5,040808.jpg
2,040809.jpg
6,040810.jpg
1,040811.jpg
4,040812.jpg
4,040813.jpg
5,040814.jpg
0,040815.jpg
3,040816.jpg
8,040817.jpg
0,040818.jpg
7,040819.jpg
6,040820.jpg
2,040821.jpg
6,040822.jpg
6,040823.jpg
6,040824.jpg
4,040825.jpg
8,040826.jpg
8,040827.jpg
5,040828.jpg
3,040829.jpg
8,040830.jpg
3,040831.jpg
1,040832.jpg
1,040833.jpg
5,040834.jpg
0,040835.jpg
0,040836.jpg
1,040837.jpg
2,040838.jpg
6,040839.jpg
0,040840.jpg
0,040841.jpg
7,040842.jpg
2,040843.jpg
0,040844.jpg
0,040845.jpg
6,040846.jpg
4,040847.jpg
1,040848.jpg
1,040849.jpg
8,040850.jpg
7,040851.jpg
6,040852.jpg
1,040853.jpg
3,040854.jpg
2,040855.jpg
4,040856.jpg
9,040857.jpg
0,040858.jpg
3,040859.jpg
8,040860.jpg
8,040861.jpg
8,040862.jpg
4,040863.jpg
1,040864.jpg
5,040865.jpg
5,040866.jpg
6,040867.jpg
4,040868.jpg
9,040869.jpg
1,040870.jpg
0,040871.jpg
5,040872.jpg
4,040873.jpg
9,040874.jpg
0,040875.jpg
4,040876.jpg
1,040877.jpg
5,040878.jpg
0,040879.jpg
8,040880.jpg
1,040881.jpg
8,040882.jpg
8,040883.jpg
3,040884.jpg
7,040885.jpg
9,040886.jpg
9,040887.jpg
2,040888.jpg
0,040889.jpg
8,040890.jpg
2,040891.jpg
9,040892.jpg
9,040893.jpg
1,040894.jpg
4,040895.jpg
9,040896.jpg
5,040897.jpg
7,040898.jpg
5,040899.jpg
0,040900.jpg
9,040901.jpg
7,040902.jpg
7,040903.jpg
5,040904.jpg
8,040905.jpg
0,040906.jpg
6,040907.jpg
5,040908.jpg
0,040909.jpg
6,040910.jpg
7,040911.jpg
9,040912.jpg
5,040913.jpg
5,040914.jpg
2,040915.jpg
8,040916.jpg
7,040917.jpg
9,040918.jpg
3,040919.jpg
5,040920.jpg
8,040921.jpg
9,040922.jpg
7,040923.jpg
0,040924.jpg
3,040925.jpg
2,040926.jpg
2,040927.jpg
4,040928.jpg
9,040929.jpg
8,040930.jpg
0,040931.jpg
3,040932.jpg
8,040933.jpg
1,040934.jpg
0,040935.jpg
7,040936.jpg
2,040937.jpg
0,040938.jpg
5,040939.jpg
8,040940.jpg
3,040941.jpg
5,040942.jpg
5,040943.jpg
4,040944.jpg
8,040945.jpg
2,040946.jpg
1,040947.jpg
4,040948.jpg
7,040949.jpg
2,040950.jpg
3,040951.jpg
4,040952.jpg
5,040953.jpg
7,040954.jpg
6,040955.jpg
9,040956.jpg
8,040957.jpg
1,040958.jpg
4,040959.jpg
4,040960.jpg
5,040961.jpg
5,040962.jpg
5,040963.jpg
0,040964.jpg
6,040965.jpg
9,040966.jpg
4,040967.jpg
8,040968.jpg
8,040969.jpg
4,040970.jpg
7,040971.jpg
7,040972.jpg
7,040973.jpg
9,040974.jpg
9,040975.jpg
8,040976.jpg
8,040977.jpg
9,040978.jpg
5,040979.jpg
3,040980.jpg
6,040981.jpg
6,040982.jpg
5,040983.jpg
8,040984.jpg
9,040985.jpg
3,040986.jpg
5,040987.jpg
2,040988.jpg
7,040989.jpg
0,040990.jpg
0,040991.jpg
1,040992.jpg
0,040993.jpg
6,040994.jpg
7,040995.jpg
2,040996.jpg
7,040997.jpg
4,040998.jpg
2,040999.jpg
3,041000.jpg
5,041001.jpg
3,041002.jpg
8,041003.jpg
3,041004.jpg
0,041005.jpg
1,041006.jpg
9,041007.jpg
6,041008.jpg
8,041009.jpg
3,041010.jpg
4,041011.jpg
7,041012.jpg
8,041013.jpg
0,041014.jpg
4,041015.jpg
1,041016.jpg
9,041017.jpg
6,041018.jpg
6,041019.jpg
9,041020.jpg
0,041021.jpg
5,041022.jpg
2,041023.jpg
1,041024.jpg
9,041025.jpg
2,041026.jpg
2,041027.jpg
0,041028.jpg
6,041029.jpg
9,041030.jpg
7,041031.jpg
3,041032.jpg
9,041033.jpg
6,041034.jpg
4,041035.jpg
0,041036.jpg
0,041037.jpg
6,041038.jpg
6,041039.jpg
1,041040.jpg
5,041041.jpg
9,041042.jpg
8,041043.jpg
8,041044.jpg
1,041045.jpg
3,041046.jpg
2,041047.jpg
0,041048.jpg
1,041049.jpg
9,041050.jpg
4,041051.jpg
5,041052.jpg
7,041053.jpg
8,041054.jpg
5,041055.jpg
6,041056.jpg
8,041057.jpg
2,041058.jpg
2,041059.jpg
7,041060.jpg
7,041061.jpg
0,041062.jpg
9,041063.jpg
4,041064.jpg
1,041065.jpg
6,041066.jpg
0,041067.jpg
0,041068.jpg
8,041069.jpg
7,041070.jpg
2,041071.jpg
3,041072.jpg
4,041073.jpg
7,041074.jpg
2,041075.jpg
1,041076.jpg
6,041077.jpg
2,041078.jpg
0,041079.jpg
7,041080.jpg
0,041081.jpg
8,041082.jpg
2,041083.jpg
6,041084.jpg
9,041085.jpg
7,041086.jpg
9,041087.jpg
7,041088.jpg
4,041089.jpg
1,041090.jpg
3,041091.jpg
3,041092.jpg
3,041093.jpg
7,041094.jpg
0,041095.jpg
1,041096.jpg
3,041097.jpg
6,041098.jpg
0,041099.jpg
2,041100.jpg
9,041101.jpg
4,041102.jpg
2,041103.jpg
3,041104.jpg
0,041105.jpg
1,041106.jpg
2,041107.jpg
3,041108.jpg
7,041109.jpg
5,041110.jpg
4,041111.jpg
4,041112.jpg
1,041113.jpg
0,041114.jpg
6,041115.jpg
7,041116.jpg
9,041117.jpg
2,041118.jpg
5,041119.jpg
0,041120.jpg
7,041121.jpg
1,041122.jpg
6,041123.jpg
9,041124.jpg
2,041125.jpg
3,041126.jpg
6,041127.jpg
9,041128.jpg
1,041129.jpg
9,041130.jpg
3,041131.jpg
3,041132.jpg
9,041133.jpg
2,041134.jpg
8,041135.jpg
9,041136.jpg
6,041137.jpg
7,041138.jpg
2,041139.jpg
9,041140.jpg
3,041141.jpg
0,041142.jpg
3,041143.jpg
8,041144.jpg
6,041145.jpg
6,041146.jpg
7,041147.jpg
1,041148.jpg
1,041149.jpg
4,041150.jpg
9,041151.jpg
1,041152.jpg
0,041153.jpg
7,041154.jpg
2,041155.jpg
2,041156.jpg
5,041157.jpg
9,041158.jpg
6,041159.jpg
0,041160.jpg
5,041161.jpg
1,041162.jpg
5,041163.jpg
0,041164.jpg
3,041165.jpg
3,041166.jpg
5,041167.jpg
0,041168.jpg
9,041169.jpg
0,041170.jpg
5,041171.jpg
7,041172.jpg
3,041173.jpg
1,041174.jpg
4,041175.jpg
4,041176.jpg
4,041177.jpg
9,041178.jpg
4,041179.jpg
9,041180.jpg
0,041181.jpg
3,041182.jpg
9,041183.jpg
5,041184.jpg
8,041185.jpg
9,041186.jpg
7,041187.jpg
0,041188.jpg
6,041189.jpg
9,041190.jpg
0,041191.jpg
6,041192.jpg
0,041193.jpg
3,041194.jpg
0,041195.jpg
6,041196.jpg
3,041197.jpg
2,041198.jpg
9,041199.jpg
8,041200.jpg
2,041201.jpg
8,041202.jpg
6,041203.jpg
8,041204.jpg
4,041205.jpg
9,041206.jpg
9,041207.jpg
1,041208.jpg
2,041209.jpg
8,041210.jpg
5,041211.jpg
2,041212.jpg
8,041213.jpg
9,041214.jpg
9,041215.jpg
3,041216.jpg
0,041217.jpg
2,041218.jpg
9,041219.jpg
7,041220.jpg
4,041221.jpg
4,041222.jpg
1,041223.jpg
0,041224.jpg
9,041225.jpg
8,041226.jpg
2,041227.jpg
1,041228.jpg
0,041229.jpg
9,041230.jpg
2,041231.jpg
5,041232.jpg
3,041233.jpg
9,041234.jpg
6,041235.jpg
8,041236.jpg
9,041237.jpg
1,041238.jpg
6,041239.jpg
8,041240.jpg
3,041241.jpg
5,041242.jpg
6,041243.jpg
5,041244.jpg
2,041245.jpg
3,041246.jpg
6,041247.jpg
1,041248.jpg
5,041249.jpg
5,041250.jpg
7,041251.jpg
8,041252.jpg
4,041253.jpg
3,041254.jpg
0,041255.jpg
7,041256.jpg
6,041257.jpg
3,041258.jpg
0,041259.jpg
9,041260.jpg
9,041261.jpg
6,041262.jpg
4,041263.jpg
8,041264.jpg
3,041265.jpg
1,041266.jpg
3,041267.jpg
7,041268.jpg
4,041269.jpg
8,041270.jpg
8,041271.jpg
8,041272.jpg
1,041273.jpg
2,041274.jpg
5,041275.jpg
5,041276.jpg
8,041277.jpg
8,041278.jpg
9,041279.jpg
4,041280.jpg
7,041281.jpg
5,041282.jpg
2,041283.jpg
0,041284.jpg
7,041285.jpg
8,041286.jpg
6,041287.jpg
8,041288.jpg
5,041289.jpg
1,041290.jpg
6,041291.jpg
4,041292.jpg
2,041293.jpg
0,041294.jpg
6,041295.jpg
5,041296.jpg
0,041297.jpg
5,041298.jpg
6,041299.jpg
5,041300.jpg
2,041301.jpg
6,041302.jpg
2,041303.jpg
8,041304.jpg
3,041305.jpg
1,041306.jpg
1,041307.jpg
3,041308.jpg
6,041309.jpg
3,041310.jpg
0,041311.jpg
1,041312.jpg
6,041313.jpg
6,041314.jpg
6,041315.jpg
6,041316.jpg
2,041317.jpg
3,041318.jpg
1,041319.jpg
7,041320.jpg
7,041321.jpg
8,041322.jpg
2,041323.jpg
6,041324.jpg
4,041325.jpg
6,041326.jpg
8,041327.jpg
3,041328.jpg
3,041329.jpg
7,041330.jpg
1,041331.jpg
7,041332.jpg
1,041333.jpg
7,041334.jpg
0,041335.jpg
7,041336.jpg
0,041337.jpg
8,041338.jpg
8,041339.jpg
2,041340.jpg
8,041341.jpg
6,041342.jpg
0,041343.jpg
8,041344.jpg
6,041345.jpg
4,041346.jpg
6,041347.jpg
7,041348.jpg
6,041349.jpg
8,041350.jpg
9,041351.jpg
6,041352.jpg
9,041353.jpg
1,041354.jpg
6,041355.jpg
3,041356.jpg
2,041357.jpg
3,041358.jpg
7,041359.jpg
9,041360.jpg
7,041361.jpg
3,041362.jpg
6,041363.jpg
6,041364.jpg
6,041365.jpg
8,041366.jpg
3,041367.jpg
2,041368.jpg
5,041369.jpg
4,041370.jpg
5,041371.jpg
9,041372.jpg
2,041373.jpg
1,041374.jpg
9,041375.jpg
5,041376.jpg
9,041377.jpg
5,041378.jpg
6,041379.jpg
2,041380.jpg
7,041381.jpg
1,041382.jpg
5,041383.jpg
7,041384.jpg
7,041385.jpg
8,041386.jpg
2,041387.jpg
2,041388.jpg
6,041389.jpg
1,041390.jpg
9,041391.jpg
2,041392.jpg
5,041393.jpg
1,041394.jpg
5,041395.jpg
1,041396.jpg
0,041397.jpg
7,041398.jpg
0,041399.jpg
9,041400.jpg
4,041401.jpg
1,041402.jpg
4,041403.jpg
8,041404.jpg
8,041405.jpg
6,041406.jpg
3,041407.jpg
8,041408.jpg
1,041409.jpg
3,041410.jpg
2,041411.jpg
8,041412.jpg
2,041413.jpg
3,041414.jpg
8,041415.jpg
0,041416.jpg
6,041417.jpg
4,041418.jpg
9,041419.jpg
9,041420.jpg
9,041421.jpg
4,041422.jpg
4,041423.jpg
5,041424.jpg
5,041425.jpg
2,041426.jpg
7,041427.jpg
9,041428.jpg
8,041429.jpg
3,041430.jpg
2,041431.jpg
9,041432.jpg
9,041433.jpg
0,041434.jpg
0,041435.jpg
5,041436.jpg
4,041437.jpg
0,041438.jpg
2,041439.jpg
1,041440.jpg
9,041441.jpg
8,041442.jpg
5,041443.jpg
6,041444.jpg
5,041445.jpg
3,041446.jpg
0,041447.jpg
2,041448.jpg
6,041449.jpg
9,041450.jpg
4,041451.jpg
9,041452.jpg
3,041453.jpg
8,041454.jpg
8,041455.jpg
9,041456.jpg
0,041457.jpg
5,041458.jpg
9,041459.jpg
7,041460.jpg
4,041461.jpg
2,041462.jpg
1,041463.jpg
3,041464.jpg
0,041465.jpg
5,041466.jpg
0,041467.jpg
4,041468.jpg
1,041469.jpg
5,041470.jpg
4,041471.jpg
4,041472.jpg
0,041473.jpg
7,041474.jpg
2,041475.jpg
3,041476.jpg
5,041477.jpg
7,041478.jpg
1,041479.jpg
5,041480.jpg
0,041481.jpg
6,041482.jpg
8,041483.jpg
3,041484.jpg
2,041485.jpg
2,041486.jpg
0,041487.jpg
2,041488.jpg
4,041489.jpg
2,041490.jpg
6,041491.jpg
1,041492.jpg
8,041493.jpg
9,041494.jpg
2,041495.jpg
0,041496.jpg
3,041497.jpg
8,041498.jpg
8,041499.jpg
4,041500.jpg
9,041501.jpg
4,041502.jpg
7,041503.jpg
9,041504.jpg
3,041505.jpg
2,041506.jpg
4,041507.jpg
0,041508.jpg
0,041509.jpg
3,041510.jpg
6,041511.jpg
5,041512.jpg
6,041513.jpg
1,041514.jpg
0,041515.jpg
8,041516.jpg
6,041517.jpg
5,041518.jpg
9,041519.jpg
2,041520.jpg
1,041521.jpg
7,041522.jpg
7,041523.jpg
4,041524.jpg
4,041525.jpg
8,041526.jpg
4,041527.jpg
9,041528.jpg
9,041529.jpg
3,041530.jpg
3,041531.jpg
7,041532.jpg
4,041533.jpg
8,041534.jpg
3,041535.jpg
8,041536.jpg
4,041537.jpg
4,041538.jpg
7,041539.jpg
4,041540.jpg
9,041541.jpg
8,041542.jpg
5,041543.jpg
0,041544.jpg
7,041545.jpg
5,041546.jpg
8,041547.jpg
1,041548.jpg
4,041549.jpg
3,041550.jpg
7,041551.jpg
4,041552.jpg
6,041553.jpg
8,041554.jpg
5,041555.jpg
5,041556.jpg
7,041557.jpg
3,041558.jpg
8,041559.jpg
2,041560.jpg
4,041561.jpg
7,041562.jpg
7,041563.jpg
3,041564.jpg
1,041565.jpg
9,041566.jpg
7,041567.jpg
7,041568.jpg
1,041569.jpg
2,041570.jpg
4,041571.jpg
0,041572.jpg
5,041573.jpg
1,041574.jpg
7,041575.jpg
0,041576.jpg
2,041577.jpg
4,041578.jpg
7,041579.jpg
5,041580.jpg
1,041581.jpg
0,041582.jpg
3,041583.jpg
9,041584.jpg
7,041585.jpg
5,041586.jpg
5,041587.jpg
4,041588.jpg
1,041589.jpg
0,041590.jpg
0,041591.jpg
3,041592.jpg
0,041593.jpg
8,041594.jpg
8,041595.jpg
2,041596.jpg
3,041597.jpg
5,041598.jpg
0,041599.jpg
3,041600.jpg
9,041601.jpg
9,041602.jpg
4,041603.jpg
3,041604.jpg
4,041605.jpg
2,041606.jpg
9,041607.jpg
5,041608.jpg
8,041609.jpg
6,041610.jpg
4,041611.jpg
8,041612.jpg
5,041613.jpg
5,041614.jpg
0,041615.jpg
6,041616.jpg
7,041617.jpg
2,041618.jpg
3,041619.jpg
0,041620.jpg
3,041621.jpg
3,041622.jpg
8,041623.jpg
2,041624.jpg
2,041625.jpg
2,041626.jpg
0,041627.jpg
8,041628.jpg
1,041629.jpg
1,041630.jpg
6,041631.jpg
2,041632.jpg
9,041633.jpg
9,041634.jpg
8,041635.jpg
8,041636.jpg
8,041637.jpg
9,041638.jpg
6,041639.jpg
6,041640.jpg
7,041641.jpg
6,041642.jpg
4,041643.jpg
4,041644.jpg
4,041645.jpg
3,041646.jpg
6,041647.jpg
3,041648.jpg
7,041649.jpg
0,041650.jpg
4,041651.jpg
1,041652.jpg
6,041653.jpg
9,041654.jpg
5,041655.jpg
3,041656.jpg
9,041657.jpg
4,041658.jpg
7,041659.jpg
2,041660.jpg
0,041661.jpg
7,041662.jpg
9,041663.jpg
5,041664.jpg
4,041665.jpg
6,041666.jpg
1,041667.jpg
0,041668.jpg
4,041669.jpg
9,041670.jpg
3,041671.jpg
7,041672.jpg
6,041673.jpg
9,041674.jpg
6,041675.jpg
8,041676.jpg
9,041677.jpg
4,041678.jpg
7,041679.jpg
3,041680.jpg
3,041681.jpg
5,041682.jpg
6,041683.jpg
2,041684.jpg
1,041685.jpg
3,041686.jpg
9,041687.jpg
7,041688.jpg
9,041689.jpg
2,041690.jpg
4,041691.jpg
8,041692.jpg
1,041693.jpg
9,041694.jpg
8,041695.jpg
5,041696.jpg
0,041697.jpg
7,041698.jpg
4,041699.jpg
8,041700.jpg
6,041701.jpg
4,041702.jpg
6,041703.jpg
2,041704.jpg
7,041705.jpg
4,041706.jpg
5,041707.jpg
8,041708.jpg
1,041709.jpg
7,041710.jpg
2,041711.jpg
2,041712.jpg
8,041713.jpg
6,041714.jpg
9,041715.jpg
3,041716.jpg
3,041717.jpg
3,041718.jpg
6,041719.jpg
7,041720.jpg
7,041721.jpg
1,041722.jpg
1,041723.jpg
8,041724.jpg
2,041725.jpg
4,041726.jpg
8,041727.jpg
9,041728.jpg
2,041729.jpg
2,041730.jpg
1,041731.jpg
4,041732.jpg
3,041733.jpg
7,041734.jpg
3,041735.jpg
4,041736.jpg
7,041737.jpg
1,041738.jpg
9,041739.jpg
4,041740.jpg
5,041741.jpg
8,041742.jpg
3,041743.jpg
3,041744.jpg
5,041745.jpg
6,041746.jpg
0,041747.jpg
1,041748.jpg
4,041749.jpg
7,041750.jpg
9,041751.jpg
5,041752.jpg
0,041753.jpg
6,041754.jpg
9,041755.jpg
8,041756.jpg
9,041757.jpg
0,041758.jpg
8,041759.jpg
1,041760.jpg
0,041761.jpg
6,041762.jpg
8,041763.jpg
0,041764.jpg
2,041765.jpg
9,041766.jpg
5,041767.jpg
5,041768.jpg
4,041769.jpg
8,041770.jpg
0,041771.jpg
7,041772.jpg
1,041773.jpg
3,041774.jpg
5,041775.jpg
5,041776.jpg
3,041777.jpg
5,041778.jpg
4,041779.jpg
8,041780.jpg
1,041781.jpg
6,041782.jpg
5,041783.jpg
7,041784.jpg
7,041785.jpg
4,041786.jpg
2,041787.jpg
0,041788.jpg
6,041789.jpg
5,041790.jpg
8,041791.jpg
9,041792.jpg
5,041793.jpg
4,041794.jpg
5,041795.jpg
3,041796.jpg
8,041797.jpg
5,041798.jpg
5,041799.jpg
7,041800.jpg
8,041801.jpg
0,041802.jpg
8,041803.jpg
4,041804.jpg
4,041805.jpg
3,041806.jpg
5,041807.jpg
8,041808.jpg
2,041809.jpg
3,041810.jpg
7,041811.jpg
4,041812.jpg
4,041813.jpg
2,041814.jpg
1,041815.jpg
7,041816.jpg
4,041817.jpg
4,041818.jpg
3,041819.jpg
4,041820.jpg
5,041821.jpg
5,041822.jpg
6,041823.jpg
1,041824.jpg
6,041825.jpg
8,041826.jpg
8,041827.jpg
5,041828.jpg
6,041829.jpg
9,041830.jpg
9,041831.jpg
4,041832.jpg
0,041833.jpg
2,041834.jpg
4,041835.jpg
9,041836.jpg
8,041837.jpg
4,041838.jpg
3,041839.jpg
1,041840.jpg
8,041841.jpg
7,041842.jpg
9,041843.jpg
8,041844.jpg
8,041845.jpg
8,041846.jpg
6,041847.jpg
1,041848.jpg
1,041849.jpg
6,041850.jpg
8,041851.jpg
5,041852.jpg
2,041853.jpg
2,041854.jpg
1,041855.jpg
1,041856.jpg
5,041857.jpg
4,041858.jpg
1,041859.jpg
3,041860.jpg
8,041861.jpg
0,041862.jpg
0,041863.jpg
4,041864.jpg
9,041865.jpg
7,041866.jpg
8,041867.jpg
3,041868.jpg
1,041869.jpg
2,041870.jpg
9,041871.jpg
9,041872.jpg
7,041873.jpg
1,041874.jpg
8,041875.jpg
9,041876.jpg
3,041877.jpg
4,041878.jpg
7,041879.jpg
3,041880.jpg
6,041881.jpg
9,041882.jpg
3,041883.jpg
6,041884.jpg
3,041885.jpg
4,041886.jpg
4,041887.jpg
7,041888.jpg
8,041889.jpg
8,041890.jpg
9,041891.jpg
6,041892.jpg
4,041893.jpg
0,041894.jpg
8,041895.jpg
3,041896.jpg
6,041897.jpg
9,041898.jpg
4,041899.jpg
2,041900.jpg
9,041901.jpg
0,041902.jpg
8,041903.jpg
6,041904.jpg
6,041905.jpg
4,041906.jpg
5,041907.jpg
5,041908.jpg
8,041909.jpg
4,041910.jpg
8,041911.jpg
4,041912.jpg
0,041913.jpg
7,041914.jpg
6,041915.jpg
9,041916.jpg
0,041917.jpg
3,041918.jpg
8,041919.jpg
6,041920.jpg
9,041921.jpg
8,041922.jpg
2,041923.jpg
6,041924.jpg
3,041925.jpg
9,041926.jpg
9,041927.jpg
7,041928.jpg
7,041929.jpg
6,041930.jpg
0,041931.jpg
4,041932.jpg
5,041933.jpg
5,041934.jpg
8,041935.jpg
8,041936.jpg
6,041937.jpg
8,041938.jpg
3,041939.jpg
3,041940.jpg
1,041941.jpg
8,041942.jpg
0,041943.jpg
9,041944.jpg
8,041945.jpg
8,041946.jpg
7,041947.jpg
7,041948.jpg
4,041949.jpg
8,041950.jpg
8,041951.jpg
6,041952.jpg
6,041953.jpg
2,041954.jpg
4,041955.jpg
2,041956.jpg
1,041957.jpg
1,041958.jpg
5,041959.jpg
5,041960.jpg
1,041961.jpg
3,041962.jpg
0,041963.jpg
0,041964.jpg
7,041965.jpg
5,041966.jpg
9,041967.jpg
4,041968.jpg
0,041969.jpg
7,041970.jpg
0,041971.jpg
8,041972.jpg
4,041973.jpg
7,041974.jpg
6,041975.jpg
2,041976.jpg
5,041977.jpg
7,041978.jpg
4,041979.jpg
3,041980.jpg
2,041981.jpg
0,041982.jpg
4,041983.jpg
2,041984.jpg
7,041985.jpg
4,041986.jpg
8,041987.jpg
0,041988.jpg
7,041989.jpg
6,041990.jpg
4,041991.jpg
4,041992.jpg
7,041993.jpg
2,041994.jpg
2,041995.jpg
4,041996.jpg
5,041997.jpg
9,041998.jpg
7,041999.jpg
9,042000.jpg
4,042001.jpg
3,042002.jpg
4,042003.jpg
1,042004.jpg
7,042005.jpg
5,042006.jpg
3,042007.jpg
4,042008.jpg
8,042009.jpg
7,042010.jpg
0,042011.jpg
8,042012.jpg
6,042013.jpg
4,042014.jpg
5,042015.jpg
3,042016.jpg
9,042017.jpg
2,042018.jpg
1,042019.jpg
2,042020.jpg
3,042021.jpg
4,042022.jpg
2,042023.jpg
2,042024.jpg
1,042025.jpg
9,042026.jpg
3,042027.jpg
4,042028.jpg
9,042029.jpg
1,042030.jpg
5,042031.jpg
8,042032.jpg
0,042033.jpg
3,042034.jpg
5,042035.jpg
6,042036.jpg
3,042037.jpg
5,042038.jpg
6,042039.jpg
5,042040.jpg
5,042041.jpg
2,042042.jpg
4,042043.jpg
9,042044.jpg
7,042045.jpg
3,042046.jpg
9,042047.jpg
2,042048.jpg
2,042049.jpg
4,042050.jpg
8,042051.jpg
9,042052.jpg
4,042053.jpg
4,042054.jpg
1,042055.jpg
6,042056.jpg
1,042057.jpg
9,042058.jpg
0,042059.jpg
0,042060.jpg
7,042061.jpg
4,042062.jpg
5,042063.jpg
0,042064.jpg
0,042065.jpg
0,042066.jpg
1,042067.jpg
5,042068.jpg
6,042069.jpg
2,042070.jpg
1,042071.jpg
1,042072.jpg
2,042073.jpg
0,042074.jpg
1,042075.jpg
6,042076.jpg
2,042077.jpg
6,042078.jpg
3,042079.jpg
1,042080.jpg
7,042081.jpg
6,042082.jpg
3,042083.jpg
4,042084.jpg
5,042085.jpg
5,042086.jpg
0,042087.jpg
6,042088.jpg
2,042089.jpg
9,042090.jpg
0,042091.jpg
1,042092.jpg
1,042093.jpg
6,042094.jpg
6,042095.jpg
4,042096.jpg
9,042097.jpg
7,042098.jpg
0,042099.jpg
9,042100.jpg
3,042101.jpg
6,042102.jpg
3,042103.jpg
0,042104.jpg
6,042105.jpg
0,042106.jpg
9,042107.jpg
2,042108.jpg
2,042109.jpg
3,042110.jpg
5,042111.jpg
0,042112.jpg
7,042113.jpg
3,042114.jpg
1,042115.jpg
4,042116.jpg
1,042117.jpg
3,042118.jpg
5,042119.jpg
4,042120.jpg
7,042121.jpg
0,042122.jpg
7,042123.jpg
1,042124.jpg
3,042125.jpg
4,042126.jpg
0,042127.jpg
8,042128.jpg
2,042129.jpg
0,042130.jpg
1,042131.jpg
1,042132.jpg
8,042133.jpg
2,042134.jpg
2,042135.jpg
5,042136.jpg
5,042137.jpg
3,042138.jpg
3,042139.jpg
4,042140.jpg
3,042141.jpg
5,042142.jpg
3,042143.jpg
6,042144.jpg
7,042145.jpg
2,042146.jpg
2,042147.jpg
9,042148.jpg
1,042149.jpg
3,042150.jpg
1,042151.jpg
9,042152.jpg
1,042153.jpg
0,042154.jpg
8,042155.jpg
7,042156.jpg
6,042157.jpg
8,042158.jpg
1,042159.jpg
4,042160.jpg
2,042161.jpg
6,042162.jpg
7,042163.jpg
0,042164.jpg
3,042165.jpg
9,042166.jpg
3,042167.jpg
8,042168.jpg
3,042169.jpg
4,042170.jpg
0,042171.jpg
5,042172.jpg
2,042173.jpg
1,042174.jpg
8,042175.jpg
4,042176.jpg
8,042177.jpg
5,042178.jpg
7,042179.jpg
6,042180.jpg
3,042181.jpg
0,042182.jpg
2,042183.jpg
7,042184.jpg
9,042185.jpg
9,042186.jpg
5,042187.jpg
6,042188.jpg
9,042189.jpg
2,042190.jpg
2,042191.jpg
0,042192.jpg
8,042193.jpg
4,042194.jpg
5,042195.jpg
7,042196.jpg
7,042197.jpg
4,042198.jpg
3,042199.jpg
7,042200.jpg
1,042201.jpg
7,042202.jpg
3,042203.jpg
1,042204.jpg
2,042205.jpg
8,042206.jpg
0,042207.jpg
8,042208.jpg
2,042209.jpg
6,042210.jpg
4,042211.jpg
1,042212.jpg
2,042213.jpg
4,042214.jpg
9,042215.jpg
5,042216.jpg
4,042217.jpg
1,042218.jpg
5,042219.jpg
1,042220.jpg
7,042221.jpg
4,042222.jpg
4,042223.jpg
2,042224.jpg
9,042225.jpg
2,042226.jpg
0,042227.jpg
3,042228.jpg
1,042229.jpg
8,042230.jpg
8,042231.jpg
6,042232.jpg
3,042233.jpg
6,042234.jpg
4,042235.jpg
3,042236.jpg
5,042237.jpg
7,042238.jpg
0,042239.jpg
8,042240.jpg
9,042241.jpg
4,042242.jpg
4,042243.jpg
6,042244.jpg
3,042245.jpg
4,042246.jpg
1,042247.jpg
1,042248.jpg
4,042249.jpg
1,042250.jpg
0,042251.jpg
4,042252.jpg
6,042253.jpg
3,042254.jpg
3,042255.jpg
1,042256.jpg
3,042257.jpg
7,042258.jpg
0,042259.jpg
3,042260.jpg
9,042261.jpg
6,042262.jpg
3,042263.jpg
7,042264.jpg
5,042265.jpg
2,042266.jpg
5,042267.jpg
4,042268.jpg
0,042269.jpg
0,042270.jpg
2,042271.jpg
7,042272.jpg
4,042273.jpg
8,042274.jpg
9,042275.jpg
6,042276.jpg
3,042277.jpg
5,042278.jpg
5,042279.jpg
8,042280.jpg
9,042281.jpg
7,042282.jpg
7,042283.jpg
9,042284.jpg
7,042285.jpg
4,042286.jpg
1,042287.jpg
2,042288.jpg
2,042289.jpg
4,042290.jpg
2,042291.jpg
4,042292.jpg
4,042293.jpg
8,042294.jpg
9,042295.jpg
0,042296.jpg
8,042297.jpg
0,042298.jpg
4,042299.jpg
6,042300.jpg
4,042301.jpg
2,042302.jpg
3,042303.jpg
4,042304.jpg
6,042305.jpg
1,042306.jpg
0,042307.jpg
6,042308.jpg
7,042309.jpg
8,042310.jpg
0,042311.jpg
2,042312.jpg
4,042313.jpg
0,042314.jpg
3,042315.jpg
6,042316.jpg
9,042317.jpg
3,042318.jpg
0,042319.jpg
0,042320.jpg
3,042321.jpg
7,042322.jpg
8,042323.jpg
1,042324.jpg
1,042325.jpg
5,042326.jpg
9,042327.jpg
6,042328.jpg
1,042329.jpg
7,042330.jpg
1,042331.jpg
7,042332.jpg
1,042333.jpg
9,042334.jpg
1,042335.jpg
5,042336.jpg
4,042337.jpg
3,042338.jpg
1,042339.jpg
7,042340.jpg
1,042341.jpg
6,042342.jpg
8,042343.jpg
9,042344.jpg
7,042345.jpg
6,042346.jpg
2,042347.jpg
9,042348.jpg
2,042349.jpg
1,042350.jpg
0,042351.jpg
4,042352.jpg
0,042353.jpg
0,042354.jpg
3,042355.jpg
8,042356.jpg
3,042357.jpg
1,042358.jpg
3,042359.jpg
9,042360.jpg
0,042361.jpg
3,042362.jpg
9,042363.jpg
3,042364.jpg
7,042365.jpg
1,042366.jpg
1,042367.jpg
6,042368.jpg
1,042369.jpg
7,042370.jpg
1,042371.jpg
9,042372.jpg
9,042373.jpg
2,042374.jpg
2,042375.jpg
4,042376.jpg
1,042377.jpg
0,042378.jpg
9,042379.jpg
0,042380.jpg
0,042381.jpg
8,042382.jpg
1,042383.jpg
5,042384.jpg
0,042385.jpg
5,042386.jpg
2,042387.jpg
0,042388.jpg
9,042389.jpg
6,042390.jpg
4,042391.jpg
6,042392.jpg
9,042393.jpg
0,042394.jpg
8,042395.jpg
0,042396.jpg
2,042397.jpg
3,042398.jpg
7,042399.jpg
2,042400.jpg
1,042401.jpg
3,042402.jpg
3,042403.jpg
4,042404.jpg
1,042405.jpg
0,042406.jpg
9,042407.jpg
4,042408.jpg
4,042409.jpg
9,042410.jpg
7,042411.jpg
8,042412.jpg
6,042413.jpg
3,042414.jpg
3,042415.jpg
8,042416.jpg
1,042417.jpg
0,042418.jpg
4,042419.jpg
3,042420.jpg
9,042421.jpg
9,042422.jpg
1,042423.jpg
3,042424.jpg
6,042425.jpg
2,042426.jpg
9,042427.jpg
2,042428.jpg
2,042429.jpg
2,042430.jpg
7,042431.jpg
9,042432.jpg
7,042433.jpg
1,042434.jpg
2,042435.jpg
0,042436.jpg
7,042437.jpg
7,042438.jpg
4,042439.jpg
7,042440.jpg
0,042441.jpg
9,042442.jpg
7,042443.jpg
5,042444.jpg
0,042445.jpg
2,042446.jpg
1,042447.jpg
5,042448.jpg
8,042449.jpg
0,042450.jpg
5,042451.jpg
8,042452.jpg
4,042453.jpg
0,042454.jpg
4,042455.jpg
0,042456.jpg
9,042457.jpg
4,042458.jpg
0,042459.jpg
1,042460.jpg
7,042461.jpg
9,042462.jpg
6,042463.jpg
0,042464.jpg
1,042465.jpg
3,042466.jpg
5,042467.jpg
2,042468.jpg
0,042469.jpg
2,042470.jpg
9,042471.jpg
8,042472.jpg
9,042473.jpg
3,042474.jpg
8,042475.jpg
4,042476.jpg
3,042477.jpg
7,042478.jpg
1,042479.jpg
2,042480.jpg
6,042481.jpg
2,042482.jpg
7,042483.jpg
0,042484.jpg
9,042485.jpg
5,042486.jpg
8,042487.jpg
5,042488.jpg
7,042489.jpg
4,042490.jpg
8,042491.jpg
4,042492.jpg
9,042493.jpg
3,042494.jpg
6,042495.jpg
8,042496.jpg
5,042497.jpg
5,042498.jpg
6,042499.jpg
7,042500.jpg
2,042501.jpg
6,042502.jpg
4,042503.jpg
7,042504.jpg
9,042505.jpg
4,042506.jpg
4,042507.jpg
4,042508.jpg
4,042509.jpg
0,042510.jpg
3,042511.jpg
2,042512.jpg
8,042513.jpg
5,042514.jpg
9,042515.jpg
7,042516.jpg
2,042517.jpg
5,042518.jpg
7,042519.jpg
9,042520.jpg
8,042521.jpg
5,042522.jpg
0,042523.jpg
4,042524.jpg
9,042525.jpg
8,042526.jpg
2,042527.jpg
5,042528.jpg
2,042529.jpg
2,042530.jpg
8,042531.jpg
6,042532.jpg
1,042533.jpg
4,042534.jpg
9,042535.jpg
3,042536.jpg
5,042537.jpg
9,042538.jpg
8,042539.jpg
0,042540.jpg
6,042541.jpg
7,042542.jpg
1,042543.jpg
5,042544.jpg
4,042545.jpg
7,042546.jpg
3,042547.jpg
5,042548.jpg
1,042549.jpg
1,042550.jpg
4,042551.jpg
2,042552.jpg
0,042553.jpg
7,042554.jpg
2,042555.jpg
0,042556.jpg
1,042557.jpg
5,042558.jpg
7,042559.jpg
8,042560.jpg
5,042561.jpg
8,042562.jpg
3,042563.jpg
0,042564.jpg
5,042565.jpg
5,042566.jpg
8,042567.jpg
8,042568.jpg
3,042569.jpg
9,042570.jpg
6,042571.jpg
9,042572.jpg
4,042573.jpg
8,042574.jpg
8,042575.jpg
2,042576.jpg
2,042577.jpg
4,042578.jpg
0,042579.jpg
0,042580.jpg
7,042581.jpg
8,042582.jpg
2,042583.jpg
9,042584.jpg
8,042585.jpg
9,042586.jpg
3,042587.jpg
4,042588.jpg
9,042589.jpg
1,042590.jpg
3,042591.jpg
9,042592.jpg
7,042593.jpg
4,042594.jpg
7,042595.jpg
7,042596.jpg
1,042597.jpg
9,042598.jpg
0,042599.jpg
4,042600.jpg
4,042601.jpg
1,042602.jpg
2,042603.jpg
2,042604.jpg
7,042605.jpg
1,042606.jpg
9,042607.jpg
1,042608.jpg
7,042609.jpg
7,042610.jpg
3,042611.jpg
1,042612.jpg
6,042613.jpg
8,042614.jpg
9,042615.jpg
9,042616.jpg
4,042617.jpg
4,042618.jpg
6,042619.jpg
4,042620.jpg
1,042621.jpg
9,042622.jpg
1,042623.jpg
3,042624.jpg
1,042625.jpg
0,042626.jpg
4,042627.jpg
1,042628.jpg
9,042629.jpg
6,042630.jpg
3,042631.jpg
6,042632.jpg
8,042633.jpg
1,042634.jpg
0,042635.jpg
3,042636.jpg
3,042637.jpg
3,042638.jpg
7,042639.jpg
0,042640.jpg
2,042641.jpg
7,042642.jpg
0,042643.jpg
3,042644.jpg
0,042645.jpg
5,042646.jpg
8,042647.jpg
5,042648.jpg
2,042649.jpg
3,042650.jpg
6,042651.jpg
0,042652.jpg
0,042653.jpg
3,042654.jpg
5,042655.jpg
4,042656.jpg
6,042657.jpg
9,042658.jpg
3,042659.jpg
6,042660.jpg
1,042661.jpg
2,042662.jpg
1,042663.jpg
8,042664.jpg
4,042665.jpg
9,042666.jpg
3,042667.jpg
3,042668.jpg
1,042669.jpg
1,042670.jpg
2,042671.jpg
2,042672.jpg
5,042673.jpg
7,042674.jpg
2,042675.jpg
9,042676.jpg
7,042677.jpg
2,042678.jpg
5,042679.jpg
4,042680.jpg
1,042681.jpg
1,042682.jpg
0,042683.jpg
7,042684.jpg
6,042685.jpg
9,042686.jpg
1,042687.jpg
8,042688.jpg
1,042689.jpg
6,042690.jpg
9,042691.jpg
1,042692.jpg
1,042693.jpg
7,042694.jpg
0,042695.jpg
6,042696.jpg
3,042697.jpg
2,042698.jpg
9,042699.jpg
7,042700.jpg
2,042701.jpg
8,042702.jpg
5,042703.jpg
1,042704.jpg
5,042705.jpg
8,042706.jpg
7,042707.jpg
9,042708.jpg
6,042709.jpg
9,042710.jpg
9,042711.jpg
8,042712.jpg
5,042713.jpg
9,042714.jpg
6,042715.jpg
2,042716.jpg
1,042717.jpg
1,042718.jpg
2,042719.jpg
2,042720.jpg
7,042721.jpg
8,042722.jpg
1,042723.jpg
6,042724.jpg
3,042725.jpg
9,042726.jpg
6,042727.jpg
6,042728.jpg
6,042729.jpg
9,042730.jpg
4,042731.jpg
3,042732.jpg
3,042733.jpg
6,042734.jpg
6,042735.jpg
2,042736.jpg
6,042737.jpg
6,042738.jpg
9,042739.jpg
8,042740.jpg
1,042741.jpg
5,042742.jpg
4,042743.jpg
5,042744.jpg
3,042745.jpg
6,042746.jpg
3,042747.jpg
4,042748.jpg
9,042749.jpg
6,042750.jpg
5,042751.jpg
1,042752.jpg
6,042753.jpg
4,042754.jpg
3,042755.jpg
9,042756.jpg
0,042757.jpg
4,042758.jpg
5,042759.jpg
7,042760.jpg
7,042761.jpg
4,042762.jpg
6,042763.jpg
1,042764.jpg
6,042765.jpg
0,042766.jpg
2,042767.jpg
4,042768.jpg
8,042769.jpg
1,042770.jpg
7,042771.jpg
6,042772.jpg
8,042773.jpg
9,042774.jpg
8,042775.jpg
5,042776.jpg
1,042777.jpg
9,042778.jpg
3,042779.jpg
8,042780.jpg
1,042781.jpg
6,042782.jpg
3,042783.jpg
3,042784.jpg
8,042785.jpg
0,042786.jpg
1,042787.jpg
8,042788.jpg
4,042789.jpg
0,042790.jpg
2,042791.jpg
9,042792.jpg
5,042793.jpg
9,042794.jpg
3,042795.jpg
7,042796.jpg
4,042797.jpg
7,042798.jpg
0,042799.jpg
4,042800.jpg
9,042801.jpg
0,042802.jpg
6,042803.jpg
9,042804.jpg
1,042805.jpg
4,042806.jpg
5,042807.jpg
3,042808.jpg
3,042809.jpg
9,042810.jpg
1,042811.jpg
4,042812.jpg
5,042813.jpg
5,042814.jpg
6,042815.jpg
8,042816.jpg
9,042817.jpg
8,042818.jpg
5,042819.jpg
0,042820.jpg
2,042821.jpg
2,042822.jpg
4,042823.jpg
1,042824.jpg
1,042825.jpg
0,042826.jpg
5,042827.jpg
6,042828.jpg
9,042829.jpg
3,042830.jpg
4,042831.jpg
7,042832.jpg
8,042833.jpg
1,042834.jpg
3,042835.jpg
1,042836.jpg
6,042837.jpg
2,042838.jpg
2,042839.jpg
2,042840.jpg
2,042841.jpg
3,042842.jpg
8,042843.jpg
0,042844.jpg
3,042845.jpg
0,042846.jpg
1,042847.jpg
7,042848.jpg
8,042849.jpg
7,042850.jpg
8,042851.jpg
8,042852.jpg
6,042853.jpg
2,042854.jpg
5,042855.jpg
8,042856.jpg
7,042857.jpg
5,042858.jpg
6,042859.jpg
5,042860.jpg
9,042861.jpg
2,042862.jpg
4,042863.jpg
2,042864.jpg
6,042865.jpg
8,042866.jpg
1,042867.jpg
3,042868.jpg
5,042869.jpg
5,042870.jpg
6,042871.jpg
1,042872.jpg
7,042873.jpg
0,042874.jpg
9,042875.jpg
5,042876.jpg
0,042877.jpg
0,042878.jpg
4,042879.jpg
7,042880.jpg
4,042881.jpg
4,042882.jpg
4,042883.jpg
7,042884.jpg
2,042885.jpg
5,042886.jpg
2,042887.jpg
4,042888.jpg
4,042889.jpg
1,042890.jpg
4,042891.jpg
8,042892.jpg
1,042893.jpg
5,042894.jpg
9,042895.jpg
4,042896.jpg
3,042897.jpg
6,042898.jpg
2,042899.jpg
6,042900.jpg
3,042901.jpg
3,042902.jpg
6,042903.jpg
3,042904.jpg
1,042905.jpg
5,042906.jpg
4,042907.jpg
8,042908.jpg
6,042909.jpg
6,042910.jpg
7,042911.jpg
7,042912.jpg
5,042913.jpg
3,042914.jpg
2,042915.jpg
5,042916.jpg
2,042917.jpg
5,042918.jpg
9,042919.jpg
5,042920.jpg
6,042921.jpg
4,042922.jpg
0,042923.jpg
0,042924.jpg
5,042925.jpg
9,042926.jpg
9,042927.jpg
4,042928.jpg
8,042929.jpg
8,042930.jpg
1,042931.jpg
5,042932.jpg
4,042933.jpg
1,042934.jpg
4,042935.jpg
7,042936.jpg
9,042937.jpg
4,042938.jpg
4,042939.jpg
6,042940.jpg
1,042941.jpg
3,042942.jpg
3,042943.jpg
5,042944.jpg
1,042945.jpg
6,042946.jpg
2,042947.jpg
7,042948.jpg
2,042949.jpg
8,042950.jpg
1,042951.jpg
2,042952.jpg
2,042953.jpg
2,042954.jpg
5,042955.jpg
6,042956.jpg
5,042957.jpg
8,042958.jpg
1,042959.jpg
1,042960.jpg
4,042961.jpg
0,042962.jpg
8,042963.jpg
9,042964.jpg
5,042965.jpg
7,042966.jpg
2,042967.jpg
3,042968.jpg
3,042969.jpg
6,042970.jpg
3,042971.jpg
0,042972.jpg
3,042973.jpg
6,042974.jpg
6,042975.jpg
8,042976.jpg
9,042977.jpg
2,042978.jpg
6,042979.jpg
6,042980.jpg
8,042981.jpg
9,042982.jpg
2,042983.jpg
6,042984.jpg
2,042985.jpg
9,042986.jpg
2,042987.jpg
6,042988.jpg
4,042989.jpg
1,042990.jpg
0,042991.jpg
6,042992.jpg
6,042993.jpg
8,042994.jpg
1,042995.jpg
2,042996.jpg
8,042997.jpg
9,042998.jpg
0,042999.jpg
3,043000.jpg
6,043001.jpg
7,043002.jpg
6,043003.jpg
2,043004.jpg
5,043005.jpg
3,043006.jpg
6,043007.jpg
7,043008.jpg
9,043009.jpg
5,043010.jpg
7,043011.jpg
4,043012.jpg
2,043013.jpg
9,043014.jpg
5,043015.jpg
3,043016.jpg
0,043017.jpg
1,043018.jpg
6,043019.jpg
1,043020.jpg
4,043021.jpg
6,043022.jpg
5,043023.jpg
6,043024.jpg
6,043025.jpg
0,043026.jpg
6,043027.jpg
8,043028.jpg
4,043029.jpg
0,043030.jpg
3,043031.jpg
2,043032.jpg
2,043033.jpg
7,043034.jpg
2,043035.jpg
2,043036.jpg
6,043037.jpg
8,043038.jpg
3,043039.jpg
7,043040.jpg
4,043041.jpg
3,043042.jpg
9,043043.jpg
2,043044.jpg
5,043045.jpg
6,043046.jpg
8,043047.jpg
2,043048.jpg
6,043049.jpg
4,043050.jpg
5,043051.jpg
9,043052.jpg
3,043053.jpg
6,043054.jpg
6,043055.jpg
0,043056.jpg
3,043057.jpg
0,043058.jpg
9,043059.jpg
7,043060.jpg
2,043061.jpg
9,043062.jpg
5,043063.jpg
9,043064.jpg
1,043065.jpg
8,043066.jpg
2,043067.jpg
1,043068.jpg
2,043069.jpg
8,043070.jpg
7,043071.jpg
3,043072.jpg
8,043073.jpg
2,043074.jpg
3,043075.jpg
2,043076.jpg
5,043077.jpg
8,043078.jpg
7,043079.jpg
3,043080.jpg
8,043081.jpg
3,043082.jpg
5,043083.jpg
3,043084.jpg
4,043085.jpg
2,043086.jpg
2,043087.jpg
2,043088.jpg
0,043089.jpg
2,043090.jpg
4,043091.jpg
0,043092.jpg
2,043093.jpg
9,043094.jpg
9,043095.jpg
3,043096.jpg
6,043097.jpg
3,043098.jpg
8,043099.jpg
7,043100.jpg
9,043101.jpg
9,043102.jpg
0,043103.jpg
9,043104.jpg
5,043105.jpg
2,043106.jpg
1,043107.jpg
6,043108.jpg
7,043109.jpg
1,043110.jpg
0,043111.jpg
5,043112.jpg
0,043113.jpg
0,043114.jpg
6,043115.jpg
3,043116.jpg
5,043117.jpg
5,043118.jpg
7,043119.jpg
8,043120.jpg
5,043121.jpg
0,043122.jpg
5,043123.jpg
9,043124.jpg
1,043125.jpg
4,043126.jpg
8,043127.jpg
9,043128.jpg
2,043129.jpg
8,043130.jpg
0,043131.jpg
5,043132.jpg
6,043133.jpg
0,043134.jpg
8,043135.jpg
2,043136.jpg
7,043137.jpg
7,043138.jpg
4,043139.jpg
8,043140.jpg
2,043141.jpg
3,043142.jpg
4,043143.jpg
5,043144.jpg
0,043145.jpg
4,043146.jpg
5,043147.jpg
4,043148.jpg
8,043149.jpg
0,043150.jpg
0,043151.jpg
7,043152.jpg
1,043153.jpg
0,043154.jpg
2,043155.jpg
2,043156.jpg
1,043157.jpg
1,043158.jpg
4,043159.jpg
8,043160.jpg
0,043161.jpg
4,043162.jpg
8,043163.jpg
0,043164.jpg
5,043165.jpg
1,043166.jpg
8,043167.jpg
2,043168.jpg
6,043169.jpg
6,043170.jpg
0,043171.jpg
4,043172.jpg
6,043173.jpg
2,043174.jpg
9,043175.jpg
6,043176.jpg
1,043177.jpg
1,043178.jpg
5,043179.jpg
3,043180.jpg
8,043181.jpg
4,043182.jpg
0,043183.jpg
2,043184.jpg
6,043185.jpg
2,043186.jpg
4,043187.jpg
7,043188.jpg
1,043189.jpg
8,043190.jpg
1,043191.jpg
8,043192.jpg
5,043193.jpg
5,043194.jpg
4,043195.jpg
2,043196.jpg
2,043197.jpg
0,043198.jpg
0,043199.jpg
5,043200.jpg
3,043201.jpg
0,043202.jpg
1,043203.jpg
3,043204.jpg
8,043205.jpg
6,043206.jpg
6,043207.jpg
1,043208.jpg
5,043209.jpg
6,043210.jpg
7,043211.jpg
1,043212.jpg
0,043213.jpg
4,043214.jpg
6,043215.jpg
8,043216.jpg
6,043217.jpg
0,043218.jpg
4,043219.jpg
3,043220.jpg
9,043221.jpg
6,043222.jpg
4,043223.jpg
8,043224.jpg
2,043225.jpg
5,043226.jpg
6,043227.jpg
9,043228.jpg
3,043229.jpg
8,043230.jpg
1,043231.jpg
0,043232.jpg
9,043233.jpg
0,043234.jpg
5,043235.jpg
7,043236.jpg
7,043237.jpg
0,043238.jpg
1,043239.jpg
0,043240.jpg
5,043241.jpg
1,043242.jpg
0,043243.jpg
9,043244.jpg
3,043245.jpg
0,043246.jpg
3,043247.jpg
0,043248.jpg
0,043249.jpg
7,043250.jpg
9,043251.jpg
6,043252.jpg
7,043253.jpg
7,043254.jpg
0,043255.jpg
8,043256.jpg
1,043257.jpg
5,043258.jpg
5,043259.jpg
6,043260.jpg
9,043261.jpg
2,043262.jpg
6,043263.jpg
5,043264.jpg
8,043265.jpg
1,043266.jpg
1,043267.jpg
5,043268.jpg
0,043269.jpg
2,043270.jpg
1,043271.jpg
0,043272.jpg
9,043273.jpg
8,043274.jpg
0,043275.jpg
9,043276.jpg
7,043277.jpg
4,043278.jpg
0,043279.jpg
2,043280.jpg
6,043281.jpg
6,043282.jpg
9,043283.jpg
5,043284.jpg
4,043285.jpg
4,043286.jpg
5,043287.jpg
8,043288.jpg
3,043289.jpg
3,043290.jpg
9,043291.jpg
3,043292.jpg
1,043293.jpg
9,043294.jpg
4,043295.jpg
5,043296.jpg
3,043297.jpg
0,043298.jpg
2,043299.jpg
4,043300.jpg
7,043301.jpg
6,043302.jpg
6,043303.jpg
9,043304.jpg
4,043305.jpg
3,043306.jpg
5,043307.jpg
6,043308.jpg
4,043309.jpg
2,043310.jpg
1,043311.jpg
7,043312.jpg
4,043313.jpg
8,043314.jpg
8,043315.jpg
4,043316.jpg
7,043317.jpg
3,043318.jpg
6,043319.jpg
3,043320.jpg
4,043321.jpg
6,043322.jpg
9,043323.jpg
9,043324.jpg
6,043325.jpg
1,043326.jpg
8,043327.jpg
0,043328.jpg
9,043329.jpg
4,043330.jpg
1,043331.jpg
1,043332.jpg
4,043333.jpg
7,043334.jpg
6,043335.jpg
6,043336.jpg
6,043337.jpg
3,043338.jpg
4,043339.jpg
9,043340.jpg
0,043341.jpg
2,043342.jpg
6,043343.jpg
8,043344.jpg
4,043345.jpg
8,043346.jpg
8,043347.jpg
2,043348.jpg
1,043349.jpg
0,043350.jpg
0,043351.jpg
4,043352.jpg
8,043353.jpg
2,043354.jpg
5,043355.jpg
7,043356.jpg
4,043357.jpg
7,043358.jpg
0,043359.jpg
2,043360.jpg
0,043361.jpg
6,043362.jpg
7,043363.jpg
0,043364.jpg
5,043365.jpg
1,043366.jpg
1,043367.jpg
9,043368.jpg
0,043369.jpg
8,043370.jpg
3,043371.jpg
6,043372.jpg
8,043373.jpg
2,043374.jpg
1,043375.jpg
0,043376.jpg
1,043377.jpg
3,043378.jpg
5,043379.jpg
1,043380.jpg
4,043381.jpg
2,043382.jpg
0,043383.jpg
9,043384.jpg
6,043385.jpg
5,043386.jpg
4,043387.jpg
1,043388.jpg
0,043389.jpg
9,043390.jpg
5,043391.jpg
8,043392.jpg
4,043393.jpg
5,043394.jpg
0,043395.jpg
6,043396.jpg
0,043397.jpg
7,043398.jpg
6,043399.jpg
5,043400.jpg
1,043401.jpg
6,043402.jpg
2,043403.jpg
3,043404.jpg
8,043405.jpg
1,043406.jpg
0,043407.jpg
0,043408.jpg
6,043409.jpg
4,043410.jpg
3,043411.jpg
1,043412.jpg
2,043413.jpg
5,043414.jpg
6,043415.jpg
4,043416.jpg
2,043417.jpg
1,043418.jpg
9,043419.jpg
9,043420.jpg
8,043421.jpg
1,043422.jpg
4,043423.jpg
8,043424.jpg
2,043425.jpg
5,043426.jpg
5,043427.jpg
2,043428.jpg
7,043429.jpg
8,043430.jpg
1,043431.jpg
2,043432.jpg
3,043433.jpg
2,043434.jpg
5,043435.jpg
1,043436.jpg
9,043437.jpg
5,043438.jpg
6,043439.jpg
0,043440.jpg
3,043441.jpg
6,043442.jpg
9,043443.jpg
5,043444.jpg
1,043445.jpg
2,043446.jpg
0,043447.jpg
9,043448.jpg
4,043449.jpg
6,043450.jpg
4,043451.jpg
0,043452.jpg
4,043453.jpg
2,043454.jpg
2,043455.jpg
5,043456.jpg
8,043457.jpg
9,043458.jpg
1,043459.jpg
8,043460.jpg
6,043461.jpg
7,043462.jpg
7,043463.jpg
6,043464.jpg
1,043465.jpg
9,043466.jpg
1,043467.jpg
4,043468.jpg
4,043469.jpg
5,043470.jpg
8,043471.jpg
9,043472.jpg
8,043473.jpg
0,043474.jpg
8,043475.jpg
2,043476.jpg
2,043477.jpg
0,043478.jpg
4,043479.jpg
5,043480.jpg
3,043481.jpg
9,043482.jpg
9,043483.jpg
5,043484.jpg
6,043485.jpg
6,043486.jpg
9,043487.jpg
3,043488.jpg
2,043489.jpg
3,043490.jpg
0,043491.jpg
4,043492.jpg
4,043493.jpg
4,043494.jpg
6,043495.jpg
1,043496.jpg
2,043497.jpg
5,043498.jpg
3,043499.jpg
6,043500.jpg
6,043501.jpg
4,043502.jpg
9,043503.jpg
9,043504.jpg
0,043505.jpg
5,043506.jpg
8,043507.jpg
6,043508.jpg
6,043509.jpg
8,043510.jpg
1,043511.jpg
1,043512.jpg
8,043513.jpg
4,043514.jpg
1,043515.jpg
7,043516.jpg
5,043517.jpg
4,043518.jpg
8,043519.jpg
7,043520.jpg
0,043521.jpg
3,043522.jpg
4,043523.jpg
7,043524.jpg
3,043525.jpg
5,043526.jpg
2,043527.jpg
6,043528.jpg
6,043529.jpg
4,043530.jpg
6,043531.jpg
5,043532.jpg
9,043533.jpg
6,043534.jpg
1,043535.jpg
4,043536.jpg
1,043537.jpg
8,043538.jpg
4,043539.jpg
8,043540.jpg
8,043541.jpg
1,043542.jpg
8,043543.jpg
2,043544.jpg
0,043545.jpg
8,043546.jpg
7,043547.jpg
4,043548.jpg
1,043549.jpg
1,043550.jpg
1,043551.jpg
4,043552.jpg
4,043553.jpg
4,043554.jpg
9,043555.jpg
4,043556.jpg
6,043557.jpg
1,043558.jpg
2,043559.jpg
8,043560.jpg
8,043561.jpg
9,043562.jpg
2,043563.jpg
0,043564.jpg
5,043565.jpg
1,043566.jpg
4,043567.jpg
6,043568.jpg
7,043569.jpg
5,043570.jpg
3,043571.jpg
7,043572.jpg
0,043573.jpg
3,043574.jpg
5,043575.jpg
5,043576.jpg
9,043577.jpg
2,043578.jpg
7,043579.jpg
7,043580.jpg
5,043581.jpg
5,043582.jpg
0,043583.jpg
9,043584.jpg
1,043585.jpg
2,043586.jpg
3,043587.jpg
6,043588.jpg
5,043589.jpg
6,043590.jpg
7,043591.jpg
8,043592.jpg
5,043593.jpg
3,043594.jpg
3,043595.jpg
7,043596.jpg
9,043597.jpg
6,043598.jpg
2,043599.jpg
4,043600.jpg
1,043601.jpg
5,043602.jpg
9,043603.jpg
4,043604.jpg
5,043605.jpg
5,043606.jpg
1,043607.jpg
8,043608.jpg
9,043609.jpg
0,043610.jpg
9,043611.jpg
9,043612.jpg
6,043613.jpg
6,043614.jpg
3,043615.jpg
0,043616.jpg
8,043617.jpg
1,043618.jpg
8,043619.jpg
3,043620.jpg
6,043621.jpg
6,043622.jpg
0,043623.jpg
3,043624.jpg
9,043625.jpg
3,043626.jpg
1,043627.jpg
0,043628.jpg
0,043629.jpg
2,043630.jpg
3,043631.jpg
9,043632.jpg
7,043633.jpg
6,043634.jpg
1,043635.jpg
5,043636.jpg
3,043637.jpg
3,043638.jpg
3,043639.jpg
1,043640.jpg
3,043641.jpg
4,043642.jpg
2,043643.jpg
8,043644.jpg
3,043645.jpg
1,043646.jpg
8,043647.jpg
7,043648.jpg
7,043649.jpg
3,043650.jpg
4,043651.jpg
9,043652.jpg
4,043653.jpg
9,043654.jpg
1,043655.jpg
5,043656.jpg
4,043657.jpg
7,043658.jpg
0,043659.jpg
3,043660.jpg
9,043661.jpg
7,043662.jpg
4,043663.jpg
1,043664.jpg
2,043665.jpg
2,043666.jpg
9,043667.jpg
9,043668.jpg
1,043669.jpg
3,043670.jpg
7,043671.jpg
2,043672.jpg
0,043673.jpg
2,043674.jpg
4,043675.jpg
3,043676.jpg
7,043677.jpg
9,043678.jpg
2,043679.jpg
9,043680.jpg
0,043681.jpg
5,043682.jpg
9,043683.jpg
7,043684.jpg
2,043685.jpg
9,043686.jpg
7,043687.jpg
9,043688.jpg
3,043689.jpg
1,043690.jpg
5,043691.jpg
1,043692.jpg
5,043693.jpg
0,043694.jpg
9,043695.jpg
4,043696.jpg
2,043697.jpg
1,043698.jpg
3,043699.jpg
2,043700.jpg
3,043701.jpg
0,043702.jpg
0,043703.jpg
8,043704.jpg
2,043705.jpg
3,043706.jpg
3,043707.jpg
4,043708.jpg
7,043709.jpg
4,043710.jpg
0,043711.jpg
4,043712.jpg
0,043713.jpg
7,043714.jpg
2,043715.jpg
6,043716.jpg
5,043717.jpg
4,043718.jpg
1,043719.jpg
0,043720.jpg
8,043721.jpg
4,043722.jpg
2,043723.jpg
1,043724.jpg
9,043725.jpg
8,043726.jpg
8,043727.jpg
7,043728.jpg
8,043729.jpg
4,043730.jpg
8,043731.jpg
0,043732.jpg
9,043733.jpg
2,043734.jpg
4,043735.jpg
0,043736.jpg
1,043737.jpg
6,043738.jpg
3,043739.jpg
8,043740.jpg
5,043741.jpg
1,043742.jpg
7,043743.jpg
4,043744.jpg
4,043745.jpg
8,043746.jpg
4,043747.jpg
4,043748.jpg
7,043749.jpg
7,043750.jpg
6,043751.jpg
8,043752.jpg
5,043753.jpg
4,043754.jpg
3,043755.jpg
0,043756.jpg
4,043757.jpg
7,043758.jpg
8,043759.jpg
6,043760.jpg
5,043761.jpg
7,043762.jpg
9,043763.jpg
9,043764.jpg
6,043765.jpg
6,043766.jpg
9,043767.jpg
5,043768.jpg
4,043769.jpg
2,043770.jpg
2,043771.jpg
1,043772.jpg
4,043773.jpg
1,043774.jpg
7,043775.jpg
4,043776.jpg
0,043777.jpg
6,043778.jpg
9,043779.jpg
5,043780.jpg
6,043781.jpg
1,043782.jpg
7,043783.jpg
0,043784.jpg
9,043785.jpg
2,043786.jpg
8,043787.jpg
2,043788.jpg
5,043789.jpg
3,043790.jpg
4,043791.jpg
5,043792.jpg
3,043793.jpg
9,043794.jpg
7,043795.jpg
2,043796.jpg
1,043797.jpg
5,043798.jpg
1,043799.jpg
0,043800.jpg
7,043801.jpg
7,043802.jpg
0,043803.jpg
2,043804.jpg
4,043805.jpg
7,043806.jpg
8,043807.jpg
6,043808.jpg
7,043809.jpg
1,043810.jpg
0,043811.jpg
2,043812.jpg
6,043813.jpg
3,043814.jpg
1,043815.jpg
0,043816.jpg
0,043817.jpg
7,043818.jpg
3,043819.jpg
6,043820.jpg
0,043821.jpg
4,043822.jpg
9,043823.jpg
7,043824.jpg
9,043825.jpg
0,043826.jpg
9,043827.jpg
2,043828.jpg
9,043829.jpg
3,043830.jpg
6,043831.jpg
2,043832.jpg
9,043833.jpg
9,043834.jpg
9,043835.jpg
0,043836.jpg
8,043837.jpg
1,043838.jpg
6,043839.jpg
3,043840.jpg
0,043841.jpg
8,043842.jpg
2,043843.jpg
3,043844.jpg
5,043845.jpg
8,043846.jpg
2,043847.jpg
6,043848.jpg
3,043849.jpg
3,043850.jpg
8,043851.jpg
6,043852.jpg
1,043853.jpg
8,043854.jpg
0,043855.jpg
6,043856.jpg
6,043857.jpg
3,043858.jpg
8,043859.jpg
9,043860.jpg
2,043861.jpg
5,043862.jpg
0,043863.jpg
8,043864.jpg
9,043865.jpg
1,043866.jpg
8,043867.jpg
4,043868.jpg
5,043869.jpg
4,043870.jpg
0,043871.jpg
7,043872.jpg
0,043873.jpg
7,043874.jpg
5,043875.jpg
1,043876.jpg
5,043877.jpg
1,043878.jpg
2,043879.jpg
3,043880.jpg
7,043881.jpg
3,043882.jpg
5,043883.jpg
1,043884.jpg
9,043885.jpg
2,043886.jpg
8,043887.jpg
8,043888.jpg
6,043889.jpg
4,043890.jpg
3,043891.jpg
2,043892.jpg
3,043893.jpg
4,043894.jpg
4,043895.jpg
9,043896.jpg
4,043897.jpg
6,043898.jpg
4,043899.jpg
8,043900.jpg
7,043901.jpg
5,043902.jpg
6,043903.jpg
0,043904.jpg
4,043905.jpg
5,043906.jpg
3,043907.jpg
3,043908.jpg
9,043909.jpg
2,043910.jpg
1,043911.jpg
1,043912.jpg
1,043913.jpg
3,043914.jpg
4,043915.jpg
0,043916.jpg
9,043917.jpg
8,043918.jpg
7,043919.jpg
5,043920.jpg
3,043921.jpg
2,043922.jpg
2,043923.jpg
9,043924.jpg
6,043925.jpg
8,043926.jpg
0,043927.jpg
8,043928.jpg
2,043929.jpg
8,043930.jpg
0,043931.jpg
4,043932.jpg
8,043933.jpg
4,043934.jpg
8,043935.jpg
8,043936.jpg
4,043937.jpg
1,043938.jpg
9,043939.jpg
3,043940.jpg
0,043941.jpg
7,043942.jpg
4,043943.jpg
1,043944.jpg
2,043945.jpg
0,043946.jpg
5,043947.jpg
7,043948.jpg
0,043949.jpg
2,043950.jpg
4,043951.jpg
2,043952.jpg
4,043953.jpg
4,043954.jpg
6,043955.jpg
8,043956.jpg
9,043957.jpg
3,043958.jpg
3,043959.jpg
3,043960.jpg
0,043961.jpg
7,043962.jpg
3,043963.jpg
2,043964.jpg
0,043965.jpg
1,043966.jpg
1,043967.jpg
0,043968.jpg
6,043969.jpg
6,043970.jpg
8,043971.jpg
1,043972.jpg
8,043973.jpg
4,043974.jpg
3,043975.jpg
4,043976.jpg
2,043977.jpg
3,043978.jpg
5,043979.jpg
6,043980.jpg
8,043981.jpg
0,043982.jpg
2,043983.jpg
2,043984.jpg
2,043985.jpg
0,043986.jpg
9,043987.jpg
9,043988.jpg
1,043989.jpg
9,043990.jpg
1,043991.jpg
7,043992.jpg
2,043993.jpg
7,043994.jpg
3,043995.jpg
6,043996.jpg
0,043997.jpg
7,043998.jpg
4,043999.jpg
5,044000.jpg
8,044001.jpg
7,044002.jpg
7,044003.jpg
0,044004.jpg
6,044005.jpg
4,044006.jpg
9,044007.jpg
7,044008.jpg
0,044009.jpg
6,044010.jpg
1,044011.jpg
5,044012.jpg
9,044013.jpg
2,044014.jpg
7,044015.jpg
2,044016.jpg
4,044017.jpg
4,044018.jpg
0,044019.jpg
8,044020.jpg
1,044021.jpg
0,044022.jpg
4,044023.jpg
0,044024.jpg
8,044025.jpg
8,044026.jpg
8,044027.jpg
5,044028.jpg
7,044029.jpg
3,044030.jpg
2,044031.jpg
7,044032.jpg
4,044033.jpg
1,044034.jpg
8,044035.jpg
3,044036.jpg
7,044037.jpg
3,044038.jpg
2,044039.jpg
7,044040.jpg
6,044041.jpg
1,044042.jpg
8,044043.jpg
3,044044.jpg
6,044045.jpg
9,044046.jpg
5,044047.jpg
5,044048.jpg
1,044049.jpg
9,044050.jpg
5,044051.jpg
0,044052.jpg
8,044053.jpg
9,044054.jpg
8,044055.jpg
7,044056.jpg
7,044057.jpg
7,044058.jpg
5,044059.jpg
4,044060.jpg
1,044061.jpg
7,044062.jpg
8,044063.jpg
6,044064.jpg
9,044065.jpg
9,044066.jpg
1,044067.jpg
8,044068.jpg
2,044069.jpg
0,044070.jpg
5,044071.jpg
7,044072.jpg
6,044073.jpg
8,044074.jpg
7,044075.jpg
6,044076.jpg
2,044077.jpg
1,044078.jpg
7,044079.jpg
4,044080.jpg
3,044081.jpg
2,044082.jpg
4,044083.jpg
4,044084.jpg
9,044085.jpg
0,044086.jpg
9,044087.jpg
7,044088.jpg
8,044089.jpg
9,044090.jpg
6,044091.jpg
3,044092.jpg
4,044093.jpg
2,044094.jpg
5,044095.jpg
0,044096.jpg
7,044097.jpg
7,044098.jpg
9,044099.jpg
6,044100.jpg
9,044101.jpg
5,044102.jpg
2,044103.jpg
9,044104.jpg
9,044105.jpg
1,044106.jpg
3,044107.jpg
3,044108.jpg
1,044109.jpg
3,044110.jpg
2,044111.jpg
1,044112.jpg
9,044113.jpg
0,044114.jpg
6,044115.jpg
0,044116.jpg
8,044117.jpg
7,044118.jpg
6,044119.jpg
3,044120.jpg
2,044121.jpg
3,044122.jpg
1,044123.jpg
3,044124.jpg
0,044125.jpg
2,044126.jpg
6,044127.jpg
7,044128.jpg
0,044129.jpg
0,044130.jpg
0,044131.jpg
8,044132.jpg
2,044133.jpg
7,044134.jpg
7,044135.jpg
2,044136.jpg
1,044137.jpg
1,044138.jpg
3,044139.jpg
4,044140.jpg
5,044141.jpg
8,044142.jpg
2,044143.jpg
6,044144.jpg
1,044145.jpg
6,044146.jpg
7,044147.jpg
5,044148.jpg
7,044149.jpg
8,044150.jpg
2,044151.jpg
0,044152.jpg
6,044153.jpg
9,044154.jpg
3,044155.jpg
5,044156.jpg
0,044157.jpg
9,044158.jpg
6,044159.jpg
4,044160.jpg
8,044161.jpg
1,044162.jpg
0,044163.jpg
0,044164.jpg
5,044165.jpg
1,044166.jpg
2,044167.jpg
5,044168.jpg
4,044169.jpg
2,044170.jpg
9,044171.jpg
3,044172.jpg
3,044173.jpg
1,044174.jpg
4,044175.jpg
1,044176.jpg
3,044177.jpg
8,044178.jpg
7,044179.jpg
6,044180.jpg
2,044181.jpg
0,044182.jpg
7,044183.jpg
2,044184.jpg
4,044185.jpg
2,044186.jpg
2,044187.jpg
6,044188.jpg
3,044189.jpg
2,044190.jpg
9,044191.jpg
1,044192.jpg
5,044193.jpg
1,044194.jpg
9,044195.jpg
6,044196.jpg
3,044197.jpg
5,044198.jpg
9,044199.jpg
4,044200.jpg
9,044201.jpg
3,044202.jpg
4,044203.jpg
8,044204.jpg
7,044205.jpg
1,044206.jpg
9,044207.jpg
9,044208.jpg
4,044209.jpg
1,044210.jpg
0,044211.jpg
6,044212.jpg
3,044213.jpg
7,044214.jpg
0,044215.jpg
9,044216.jpg
8,044217.jpg
5,044218.jpg
4,044219.jpg
1,044220.jpg
1,044221.jpg
4,044222.jpg
4,044223.jpg
5,044224.jpg
7,044225.jpg
1,044226.jpg
3,044227.jpg
3,044228.jpg
1,044229.jpg
9,044230.jpg
1,044231.jpg
4,044232.jpg
4,044233.jpg
4,044234.jpg
3,044235.jpg
7,044236.jpg
1,044237.jpg
6,044238.jpg
3,044239.jpg
8,044240.jpg
5,044241.jpg
2,044242.jpg
7,044243.jpg
6,044244.jpg
5,044245.jpg
0,044246.jpg
1,044247.jpg
4,044248.jpg
6,044249.jpg
5,044250.jpg
4,044251.jpg
3,044252.jpg
8,044253.jpg
7,044254.jpg
6,044255.jpg
4,044256.jpg
2,044257.jpg
4,044258.jpg
6,044259.jpg
1,044260.jpg
1,044261.jpg
6,044262.jpg
2,044263.jpg
4,044264.jpg
7,044265.jpg
7,044266.jpg
3,044267.jpg
6,044268.jpg
8,044269.jpg
7,044270.jpg
6,044271.jpg
1,044272.jpg
4,044273.jpg
0,044274.jpg
9,044275.jpg
2,044276.jpg
4,044277.jpg
7,044278.jpg
3,044279.jpg
6,044280.jpg
7,044281.jpg
0,044282.jpg
4,044283.jpg
7,044284.jpg
3,044285.jpg
7,044286.jpg
3,044287.jpg
2,044288.jpg
5,044289.jpg
7,044290.jpg
6,044291.jpg
5,044292.jpg
2,044293.jpg
1,044294.jpg
0,044295.jpg
1,044296.jpg
9,044297.jpg
1,044298.jpg
9,044299.jpg
8,044300.jpg
9,044301.jpg
8,044302.jpg
3,044303.jpg
2,044304.jpg
0,044305.jpg
6,044306.jpg
5,044307.jpg
8,044308.jpg
0,044309.jpg
0,044310.jpg
5,044311.jpg
7,044312.jpg
9,044313.jpg
8,044314.jpg
9,044315.jpg
9,044316.jpg
0,044317.jpg
7,044318.jpg
6,044319.jpg
4,044320.jpg
2,044321.jpg
2,044322.jpg
0,044323.jpg
9,044324.jpg
9,044325.jpg
2,044326.jpg
0,044327.jpg
3,044328.jpg
5,044329.jpg
4,044330.jpg
6,044331.jpg
4,044332.jpg
1,044333.jpg
4,044334.jpg
8,044335.jpg
7,044336.jpg
9,044337.jpg
9,044338.jpg
5,044339.jpg
5,044340.jpg
7,044341.jpg
6,044342.jpg
9,044343.jpg
7,044344.jpg
7,044345.jpg
5,044346.jpg
6,044347.jpg
0,044348.jpg
8,044349.jpg
1,044350.jpg
5,044351.jpg
4,044352.jpg
9,044353.jpg
8,044354.jpg
2,044355.jpg
6,044356.jpg
8,044357.jpg
9,044358.jpg
2,044359.jpg
0,044360.jpg
9,044361.jpg
9,044362.jpg
6,044363.jpg
8,044364.jpg
4,044365.jpg
7,044366.jpg
6,044367.jpg
5,044368.jpg
4,044369.jpg
4,044370.jpg
2,044371.jpg
1,044372.jpg
6,044373.jpg
1,044374.jpg
9,044375.jpg
5,044376.jpg
9,044377.jpg
5,044378.jpg
2,044379.jpg
8,044380.jpg
0,044381.jpg
5,044382.jpg
8,044383.jpg
1,044384.jpg
5,044385.jpg
3,044386.jpg
8,044387.jpg
5,044388.jpg
6,044389.jpg
4,044390.jpg
9,044391.jpg
7,044392.jpg
0,044393.jpg
6,044394.jpg
2,044395.jpg
8,044396.jpg
6,044397.jpg
9,044398.jpg
7,044399.jpg
3,044400.jpg
7,044401.jpg
3,044402.jpg
7,044403.jpg
3,044404.jpg
6,044405.jpg
9,044406.jpg
1,044407.jpg
9,044408.jpg
0,044409.jpg
1,044410.jpg
2,044411.jpg
1,044412.jpg
6,044413.jpg
7,044414.jpg
1,044415.jpg
6,044416.jpg
7,044417.jpg
6,044418.jpg
3,044419.jpg
8,044420.jpg
2,044421.jpg
6,044422.jpg
8,044423.jpg
1,044424.jpg
4,044425.jpg
5,044426.jpg
1,044427.jpg
6,044428.jpg
6,044429.jpg
8,044430.jpg
6,044431.jpg
1,044432.jpg
3,044433.jpg
2,044434.jpg
0,044435.jpg
4,044436.jpg
9,044437.jpg
4,044438.jpg
3,044439.jpg
5,044440.jpg
8,044441.jpg
5,044442.jpg
4,044443.jpg
5,044444.jpg
5,044445.jpg
6,044446.jpg
2,044447.jpg
8,044448.jpg
2,044449.jpg
0,044450.jpg
4,044451.jpg
1,044452.jpg
7,044453.jpg
3,044454.jpg
3,044455.jpg
3,044456.jpg
2,044457.jpg
6,044458.jpg
0,044459.jpg
7,044460.jpg
8,044461.jpg
8,044462.jpg
1,044463.jpg
3,044464.jpg
9,044465.jpg
0,044466.jpg
6,044467.jpg
5,044468.jpg
9,044469.jpg
9,044470.jpg
2,044471.jpg
0,044472.jpg
1,044473.jpg
0,044474.jpg
5,044475.jpg
5,044476.jpg
5,044477.jpg
7,044478.jpg
6,044479.jpg
8,044480.jpg
8,044481.jpg
9,044482.jpg
8,044483.jpg
4,044484.jpg
9,044485.jpg
9,044486.jpg
5,044487.jpg
4,044488.jpg
1,044489.jpg
3,044490.jpg
5,044491.jpg
3,044492.jpg
5,044493.jpg
5,044494.jpg
5,044495.jpg
3,044496.jpg
3,044497.jpg
0,044498.jpg
7,044499.jpg
0,044500.jpg
7,044501.jpg
9,044502.jpg
2,044503.jpg
3,044504.jpg
1,044505.jpg
9,044506.jpg
0,044507.jpg
8,044508.jpg
9,044509.jpg
0,044510.jpg
9,044511.jpg
4,044512.jpg
2,044513.jpg
4,044514.jpg
9,044515.jpg
3,044516.jpg
9,044517.jpg
1,044518.jpg
3,044519.jpg
5,044520.jpg
2,044521.jpg
3,044522.jpg
1,044523.jpg
3,044524.jpg
2,044525.jpg
2,044526.jpg
6,044527.jpg
1,044528.jpg
6,044529.jpg
9,044530.jpg
4,044531.jpg
5,044532.jpg
7,044533.jpg
9,044534.jpg
4,044535.jpg
5,044536.jpg
3,044537.jpg
5,044538.jpg
3,044539.jpg
3,044540.jpg
3,044541.jpg
2,044542.jpg
7,044543.jpg
3,044544.jpg
7,044545.jpg
0,044546.jpg
4,044547.jpg
3,044548.jpg
3,044549.jpg
0,044550.jpg
2,044551.jpg
4,044552.jpg
6,044553.jpg
6,044554.jpg
3,044555.jpg
6,044556.jpg
0,044557.jpg
7,044558.jpg
8,044559.jpg
1,044560.jpg
0,044561.jpg
9,044562.jpg
3,044563.jpg
2,044564.jpg
2,044565.jpg
9,044566.jpg
8,044567.jpg
6,044568.jpg
8,044569.jpg
5,044570.jpg
4,044571.jpg
9,044572.jpg
5,044573.jpg
6,044574.jpg
6,044575.jpg
0,044576.jpg
2,044577.jpg
6,044578.jpg
9,044579.jpg
3,044580.jpg
5,044581.jpg
0,044582.jpg
7,044583.jpg
1,044584.jpg
9,044585.jpg
8,044586.jpg
1,044587.jpg
3,044588.jpg
9,044589.jpg
2,044590.jpg
7,044591.jpg
2,044592.jpg
8,044593.jpg
1,044594.jpg
4,044595.jpg
8,044596.jpg
5,044597.jpg
7,044598.jpg
2,044599.jpg
9,044600.jpg
7,044601.jpg
1,044602.jpg
3,044603.jpg
4,044604.jpg
8,044605.jpg
2,044606.jpg
8,044607.jpg
2,044608.jpg
9,044609.jpg
2,044610.jpg
4,044611.jpg
7,044612.jpg
0,044613.jpg
0,044614.jpg
6,044615.jpg
9,044616.jpg
3,044617.jpg
6,044618.jpg
0,044619.jpg
5,044620.jpg
7,044621.jpg
9,044622.jpg
2,044623.jpg
6,044624.jpg
9,044625.jpg
0,044626.jpg
9,044627.jpg
2,044628.jpg
5,044629.jpg
3,044630.jpg
3,044631.jpg
1,044632.jpg
7,044633.jpg
9,044634.jpg
6,044635.jpg
4,044636.jpg
6,044637.jpg
7,044638.jpg
3,044639.jpg
2,044640.jpg
0,044641.jpg
5,044642.jpg
9,044643.jpg
9,044644.jpg
1,044645.jpg
2,044646.jpg
6,044647.jpg
0,044648.jpg
9,044649.jpg
9,044650.jpg
8,044651.jpg
8,044652.jpg
3,044653.jpg
4,044654.jpg
8,044655.jpg
7,044656.jpg
1,044657.jpg
7,044658.jpg
5,044659.jpg
3,044660.jpg
9,044661.jpg
2,044662.jpg
0,044663.jpg
6,044664.jpg
8,044665.jpg
7,044666.jpg
1,044667.jpg
7,044668.jpg
6,044669.jpg
4,044670.jpg
8,044671.jpg
2,044672.jpg
5,044673.jpg
1,044674.jpg
0,044675.jpg
0,044676.jpg
6,044677.jpg
7,044678.jpg
2,044679.jpg
5,044680.jpg
3,044681.jpg
3,044682.jpg
5,044683.jpg
9,044684.jpg
4,044685.jpg
3,044686.jpg
3,044687.jpg
9,044688.jpg
0,044689.jpg
9,044690.jpg
3,044691.jpg
7,044692.jpg
2,044693.jpg
9,044694.jpg
1,044695.jpg
1,044696.jpg
0,044697.jpg
2,044698.jpg
7,044699.jpg
1,044700.jpg
8,044701.jpg
9,044702.jpg
6,044703.jpg
6,044704.jpg
3,044705.jpg
5,044706.jpg
6,044707.jpg
1,044708.jpg
7,044709.jpg
2,044710.jpg
3,044711.jpg
8,044712.jpg
1,044713.jpg
4,044714.jpg
4,044715.jpg
8,044716.jpg
3,044717.jpg
2,044718.jpg
1,044719.jpg
2,044720.jpg
4,044721.jpg
5,044722.jpg
0,044723.jpg
3,044724.jpg
8,044725.jpg
7,044726.jpg
6,044727.jpg
3,044728.jpg
9,044729.jpg
5,044730.jpg
4,044731.jpg
3,044732.jpg
6,044733.jpg
4,044734.jpg
1,044735.jpg
3,044736.jpg
1,044737.jpg
5,044738.jpg
3,044739.jpg
7,044740.jpg
9,044741.jpg
2,044742.jpg
1,044743.jpg
7,044744.jpg
5,044745.jpg
6,044746.jpg
1,044747.jpg
0,044748.jpg
1,044749.jpg
2,044750.jpg
5,044751.jpg
2,044752.jpg
4,044753.jpg
5,044754.jpg
7,044755.jpg
3,044756.jpg
5,044757.jpg
8,044758.jpg
2,044759.jpg
9,044760.jpg
9,044761.jpg
5,044762.jpg
0,044763.jpg
8,044764.jpg
3,044765.jpg
6,044766.jpg
2,044767.jpg
6,044768.jpg
0,044769.jpg
5,044770.jpg
0,044771.jpg
5,044772.jpg
4,044773.jpg
0,044774.jpg
9,044775.jpg
1,044776.jpg
5,044777.jpg
9,044778.jpg
5,044779.jpg
1,044780.jpg
7,044781.jpg
6,044782.jpg
6,044783.jpg
2,044784.jpg
2,044785.jpg
9,044786.jpg
2,044787.jpg
4,044788.jpg
7,044789.jpg
1,044790.jpg
2,044791.jpg
1,044792.jpg
0,044793.jpg
2,044794.jpg
4,044795.jpg
4,044796.jpg
1,044797.jpg
6,044798.jpg
5,044799.jpg
1,044800.jpg
8,044801.jpg
2,044802.jpg
7,044803.jpg
2,044804.jpg
3,044805.jpg
2,044806.jpg
1,044807.jpg
4,044808.jpg
5,044809.jpg
0,044810.jpg
3,044811.jpg
9,044812.jpg
7,044813.jpg
3,044814.jpg
1,044815.jpg
9,044816.jpg
9,044817.jpg
9,044818.jpg
7,044819.jpg
1,044820.jpg
3,044821.jpg
4,044822.jpg
6,044823.jpg
2,044824.jpg
0,044825.jpg
6,044826.jpg
5,044827.jpg
2,044828.jpg
0,044829.jpg
9,044830.jpg
0,044831.jpg
4,044832.jpg
6,044833.jpg
4,044834.jpg
6,044835.jpg
9,044836.jpg
7,044837.jpg
8,044838.jpg
0,044839.jpg
7,044840.jpg
2,044841.jpg
6,044842.jpg
8,044843.jpg
1,044844.jpg
4,044845.jpg
3,044846.jpg
7,044847.jpg
2,044848.jpg
3,044849.jpg
2,044850.jpg
4,044851.jpg
2,044852.jpg
2,044853.jpg
1,044854.jpg
5,044855.jpg
3,044856.jpg
0,044857.jpg
9,044858.jpg
0,044859.jpg
9,044860.jpg
5,044861.jpg
5,044862.jpg
3,044863.jpg
8,044864.jpg
6,044865.jpg
9,044866.jpg
0,044867.jpg
7,044868.jpg
4,044869.jpg
5,044870.jpg
9,044871.jpg
7,044872.jpg
8,044873.jpg
4,044874.jpg
5,044875.jpg
5,044876.jpg
5,044877.jpg
2,044878.jpg
8,044879.jpg
1,044880.jpg
3,044881.jpg
6,044882.jpg
2,044883.jpg
9,044884.jpg
5,044885.jpg
3,044886.jpg
5,044887.jpg
8,044888.jpg
7,044889.jpg
3,044890.jpg
0,044891.jpg
3,044892.jpg
6,044893.jpg
1,044894.jpg
1,044895.jpg
0,044896.jpg
4,044897.jpg
7,044898.jpg
2,044899.jpg
7,044900.jpg
6,044901.jpg
5,044902.jpg
0,044903.jpg
8,044904.jpg
1,044905.jpg
2,044906.jpg
9,044907.jpg
2,044908.jpg
5,044909.jpg
8,044910.jpg
0,044911.jpg
2,044912.jpg
6,044913.jpg
3,044914.jpg
0,044915.jpg
5,044916.jpg
4,044917.jpg
2,044918.jpg
4,044919.jpg
4,044920.jpg
6,044921.jpg
6,044922.jpg
3,044923.jpg
4,044924.jpg
8,044925.jpg
4,044926.jpg
9,044927.jpg
9,044928.jpg
3,044929.jpg
1,044930.jpg
2,044931.jpg
3,044932.jpg
5,044933.jpg
4,044934.jpg
2,044935.jpg
1,044936.jpg
0,044937.jpg
2,044938.jpg
4,044939.jpg
8,044940.jpg
4,044941.jpg
3,044942.jpg
6,044943.jpg
1,044944.jpg
2,044945.jpg
5,044946.jpg
0,044947.jpg
1,044948.jpg
0,044949.jpg
7,044950.jpg
6,044951.jpg
8,044952.jpg
6,044953.jpg
7,044954.jpg
0,044955.jpg
6,044956.jpg
7,044957.jpg
3,044958.jpg
3,044959.jpg
7,044960.jpg
3,044961.jpg
6,044962.jpg
0,044963.jpg
8,044964.jpg
0,044965.jpg
1,044966.jpg
5,044967.jpg
0,044968.jpg
9,044969.jpg
6,044970.jpg
7,044971.jpg
4,044972.jpg
2,044973.jpg
7,044974.jpg
2,044975.jpg
2,044976.jpg
6,044977.jpg
5,044978.jpg
8,044979.jpg
2,044980.jpg
1,044981.jpg
4,044982.jpg
2,044983.jpg
5,044984.jpg
5,044985.jpg
6,044986.jpg
7,044987.jpg
8,044988.jpg
8,044989.jpg
5,044990.jpg
8,044991.jpg
0,044992.jpg
2,044993.jpg
8,044994.jpg
4,044995.jpg
3,044996.jpg
6,044997.jpg
7,044998.jpg
8,044999.jpg
2,045000.jpg
9,045001.jpg
6,045002.jpg
9,045003.jpg
6,045004.jpg
3,045005.jpg
1,045006.jpg
6,045007.jpg
9,045008.jpg
2,045009.jpg
2,045010.jpg
3,045011.jpg
2,045012.jpg
9,045013.jpg
6,045014.jpg
9,045015.jpg
1,045016.jpg
2,045017.jpg
0,045018.jpg
4,045019.jpg
3,045020.jpg
8,045021.jpg
3,045022.jpg
1,045023.jpg
3,045024.jpg
3,045025.jpg
1,045026.jpg
6,045027.jpg
6,045028.jpg
5,045029.jpg
2,045030.jpg
2,045031.jpg
1,045032.jpg
7,045033.jpg
4,045034.jpg
9,045035.jpg
1,045036.jpg
3,045037.jpg
7,045038.jpg
7,045039.jpg
2,045040.jpg
4,045041.jpg
1,045042.jpg
1,045043.jpg
5,045044.jpg
2,045045.jpg
7,045046.jpg
9,045047.jpg
6,045048.jpg
4,045049.jpg
8,045050.jpg
0,045051.jpg
0,045052.jpg
2,045053.jpg
8,045054.jpg
7,045055.jpg
5,045056.jpg
8,045057.jpg
6,045058.jpg
9,045059.jpg
3,045060.jpg
4,045061.jpg
1,045062.jpg
5,045063.jpg
1,045064.jpg
8,045065.jpg
5,045066.jpg
5,045067.jpg
5,045068.jpg
5,045069.jpg
5,045070.jpg
4,045071.jpg
0,045072.jpg
0,045073.jpg
1,045074.jpg
2,045075.jpg
2,045076.jpg
8,045077.jpg
9,045078.jpg
2,045079.jpg
0,045080.jpg
8,045081.jpg
4,045082.jpg
3,045083.jpg
2,045084.jpg
8,045085.jpg
6,045086.jpg
3,045087.jpg
1,045088.jpg
8,045089.jpg
4,045090.jpg
4,045091.jpg
3,045092.jpg
6,045093.jpg
7,045094.jpg
6,045095.jpg
2,045096.jpg
8,045097.jpg
2,045098.jpg
8,045099.jpg
6,045100.jpg
8,045101.jpg
2,045102.jpg
8,045103.jpg
1,045104.jpg
0,045105.jpg
1,045106.jpg
3,045107.jpg
3,045108.jpg
0,045109.jpg
2,045110.jpg
0,045111.jpg
0,045112.jpg
7,045113.jpg
3,045114.jpg
3,045115.jpg
8,045116.jpg
3,045117.jpg
0,045118.jpg
7,045119.jpg
1,045120.jpg
5,045121.jpg
5,045122.jpg
7,045123.jpg
7,045124.jpg
3,045125.jpg
8,045126.jpg
8,045127.jpg
0,045128.jpg
9,045129.jpg
2,045130.jpg
0,045131.jpg
2,045132.jpg
3,045133.jpg
0,045134.jpg
5,045135.jpg
4,045136.jpg
2,045137.jpg
8,045138.jpg
7,045139.jpg
7,045140.jpg
0,045141.jpg
8,045142.jpg
2,045143.jpg
1,045144.jpg
6,045145.jpg
0,045146.jpg
1,045147.jpg
7,045148.jpg
8,045149.jpg
7,045150.jpg
4,045151.jpg
0,045152.jpg
1,045153.jpg
1,045154.jpg
0,045155.jpg
2,045156.jpg
7,045157.jpg
2,045158.jpg
8,045159.jpg
5,045160.jpg
1,045161.jpg
5,045162.jpg
5,045163.jpg
6,045164.jpg
6,045165.jpg
8,045166.jpg
7,045167.jpg
1,045168.jpg
0,045169.jpg
4,045170.jpg
8,045171.jpg
3,045172.jpg
0,045173.jpg
3,045174.jpg
4,045175.jpg
1,045176.jpg
3,045177.jpg
7,045178.jpg
4,045179.jpg
1,045180.jpg
3,045181.jpg
6,045182.jpg
7,045183.jpg
4,045184.jpg
7,045185.jpg
1,045186.jpg
6,045187.jpg
3,045188.jpg
7,045189.jpg
9,045190.jpg
1,045191.jpg
0,045192.jpg
8,045193.jpg
1,045194.jpg
2,045195.jpg
4,045196.jpg
8,045197.jpg
6,045198.jpg
6,045199.jpg
6,045200.jpg
6,045201.jpg
2,045202.jpg
4,045203.jpg
8,045204.jpg
7,045205.jpg
3,045206.jpg
7,045207.jpg
9,045208.jpg
2,045209.jpg
0,045210.jpg
7,045211.jpg
8,045212.jpg
3,045213.jpg
7,045214.jpg
3,045215.jpg
8,045216.jpg
1,045217.jpg
4,045218.jpg
0,045219.jpg
2,045220.jpg
6,045221.jpg
6,045222.jpg
1,045223.jpg
4,045224.jpg
7,045225.jpg
6,045226.jpg
6,045227.jpg
7,045228.jpg
6,045229.jpg
9,045230.jpg
4,045231.jpg
2,045232.jpg
1,045233.jpg
8,045234.jpg
4,045235.jpg
6,045236.jpg
3,045237.jpg
3,045238.jpg
2,045239.jpg
5,045240.jpg
8,045241.jpg
2,045242.jpg
9,045243.jpg
5,045244.jpg
5,045245.jpg
1,045246.jpg
2,045247.jpg
7,045248.jpg
6,045249.jpg
8,045250.jpg
5,045251.jpg
4,045252.jpg
7,045253.jpg
2,045254.jpg
6,045255.jpg
7,045256.jpg
6,045257.jpg
6,045258.jpg
6,045259.jpg
1,045260.jpg
0,045261.jpg
2,045262.jpg
5,045263.jpg
2,045264.jpg
0,045265.jpg
9,045266.jpg
6,045267.jpg
4,045268.jpg
5,045269.jpg
2,045270.jpg
1,045271.jpg
2,045272.jpg
0,045273.jpg
9,045274.jpg
7,045275.jpg
0,045276.jpg
4,045277.jpg
0,045278.jpg
6,045279.jpg
9,045280.jpg
9,045281.jpg
5,045282.jpg
3,045283.jpg
2,045284.jpg
8,045285.jpg
5,045286.jpg
6,045287.jpg
3,045288.jpg
0,045289.jpg
8,045290.jpg
3,045291.jpg
7,045292.jpg
8,045293.jpg
8,045294.jpg
5,045295.jpg
3,045296.jpg
4,045297.jpg
1,045298.jpg
3,045299.jpg
8,045300.jpg
6,045301.jpg
6,045302.jpg
8,045303.jpg
4,045304.jpg
0,045305.jpg
6,045306.jpg
9,045307.jpg
0,045308.jpg
7,045309.jpg
9,045310.jpg
3,045311.jpg
4,045312.jpg
2,045313.jpg
9,045314.jpg
9,045315.jpg
9,045316.jpg
1,045317.jpg
5,045318.jpg
1,045319.jpg
7,045320.jpg
3,045321.jpg
8,045322.jpg
5,045323.jpg
7,045324.jpg
7,045325.jpg
6,045326.jpg
9,045327.jpg
6,045328.jpg
2,045329.jpg
0,045330.jpg
0,045331.jpg
7,045332.jpg
8,045333.jpg
3,045334.jpg
8,045335.jpg
8,045336.jpg
8,045337.jpg
9,045338.jpg
8,045339.jpg
0,045340.jpg
1,045341.jpg
4,045342.jpg
5,045343.jpg
7,045344.jpg
9,045345.jpg
2,045346.jpg
5,045347.jpg
3,045348.jpg
9,045349.jpg
8,045350.jpg
1,045351.jpg
1,045352.jpg
8,045353.jpg
5,045354.jpg
9,045355.jpg
1,045356.jpg
9,045357.jpg
8,045358.jpg
5,045359.jpg
9,045360.jpg
9,045361.jpg
6,045362.jpg
3,045363.jpg
1,045364.jpg
9,045365.jpg
8,045366.jpg
1,045367.jpg
7,045368.jpg
4,045369.jpg
4,045370.jpg
4,045371.jpg
1,045372.jpg
5,045373.jpg
4,045374.jpg
8,045375.jpg
4,045376.jpg
4,045377.jpg
1,045378.jpg
4,045379.jpg
8,045380.jpg
7,045381.jpg
5,045382.jpg
1,045383.jpg
9,045384.jpg
8,045385.jpg
3,045386.jpg
8,045387.jpg
3,045388.jpg
2,045389.jpg
6,045390.jpg
8,045391.jpg
9,045392.jpg
6,045393.jpg
6,045394.jpg
8,045395.jpg
8,045396.jpg
2,045397.jpg
2,045398.jpg
9,045399.jpg
9,045400.jpg
4,045401.jpg
5,045402.jpg
6,045403.jpg
4,045404.jpg
6,045405.jpg
6,045406.jpg
5,045407.jpg
2,045408.jpg
8,045409.jpg
5,045410.jpg
9,045411.jpg
3,045412.jpg
5,045413.jpg
9,045414.jpg
1,045415.jpg
6,045416.jpg
6,045417.jpg
2,045418.jpg
9,045419.jpg
4,045420.jpg
3,045421.jpg
7,045422.jpg
6,045423.jpg
1,045424.jpg
1,045425.jpg
9,045426.jpg
6,045427.jpg
1,045428.jpg
1,045429.jpg
0,045430.jpg
2,045431.jpg
8,045432.jpg
7,045433.jpg
9,045434.jpg
1,045435.jpg
9,045436.jpg
0,045437.jpg
5,045438.jpg
8,045439.jpg
5,045440.jpg
3,045441.jpg
7,045442.jpg
3,045443.jpg
1,045444.jpg
1,045445.jpg
5,045446.jpg
2,045447.jpg
6,045448.jpg
4,045449.jpg
7,045450.jpg
7,045451.jpg
0,045452.jpg
4,045453.jpg
4,045454.jpg
7,045455.jpg
8,045456.jpg
7,045457.jpg
2,045458.jpg
9,045459.jpg
9,045460.jpg
7,045461.jpg
0,045462.jpg
8,045463.jpg
2,045464.jpg
3,045465.jpg
1,045466.jpg
6,045467.jpg
3,045468.jpg
5,045469.jpg
6,045470.jpg
5,045471.jpg
2,045472.jpg
7,045473.jpg
9,045474.jpg
3,045475.jpg
1,045476.jpg
6,045477.jpg
0,045478.jpg
7,045479.jpg
8,045480.jpg
1,045481.jpg
4,045482.jpg
7,045483.jpg
8,045484.jpg
8,045485.jpg
5,045486.jpg
6,045487.jpg
3,045488.jpg
8,045489.jpg
4,045490.jpg
1,045491.jpg
8,045492.jpg
5,045493.jpg
2,045494.jpg
1,045495.jpg
4,045496.jpg
7,045497.jpg
6,045498.jpg
8,045499.jpg
6,045500.jpg
8,045501.jpg
7,045502.jpg
8,045503.jpg
7,045504.jpg
7,045505.jpg
2,045506.jpg
0,045507.jpg
2,045508.jpg
7,045509.jpg
2,045510.jpg
2,045511.jpg
1,045512.jpg
7,045513.jpg
7,045514.jpg
6,045515.jpg
3,045516.jpg
7,045517.jpg
2,045518.jpg
5,045519.jpg
9,045520.jpg
3,045521.jpg
2,045522.jpg
8,045523.jpg
8,045524.jpg
1,045525.jpg
0,045526.jpg
8,045527.jpg
9,045528.jpg
1,045529.jpg
3,045530.jpg
0,045531.jpg
9,045532.jpg
2,045533.jpg
8,045534.jpg
9,045535.jpg
2,045536.jpg
1,045537.jpg
3,045538.jpg
8,045539.jpg
4,045540.jpg
2,045541.jpg
7,045542.jpg
2,045543.jpg
3,045544.jpg
2,045545.jpg
0,045546.jpg
2,045547.jpg
2,045548.jpg
7,045549.jpg
5,045550.jpg
6,045551.jpg
3,045552.jpg
7,045553.jpg
1,045554.jpg
9,045555.jpg
4,045556.jpg
7,045557.jpg
2,045558.jpg
7,045559.jpg
3,045560.jpg
9,045561.jpg
8,045562.jpg
3,045563.jpg
0,045564.jpg
7,045565.jpg
5,045566.jpg
9,045567.jpg
0,045568.jpg
9,045569.jpg
2,045570.jpg
5,045571.jpg
2,045572.jpg
5,045573.jpg
2,045574.jpg
8,045575.jpg
6,045576.jpg
5,045577.jpg
6,045578.jpg
7,045579.jpg
1,045580.jpg
7,045581.jpg
2,045582.jpg
2,045583.jpg
4,045584.jpg
4,045585.jpg
6,045586.jpg
7,045587.jpg
1,045588.jpg
2,045589.jpg
5,045590.jpg
7,045591.jpg
6,045592.jpg
4,045593.jpg
1,045594.jpg
2,045595.jpg
9,045596.jpg
0,045597.jpg
6,045598.jpg
8,045599.jpg
5,045600.jpg
7,045601.jpg
8,045602.jpg
4,045603.jpg
3,045604.jpg
5,045605.jpg
6,045606.jpg
0,045607.jpg
9,045608.jpg
5,045609.jpg
6,045610.jpg
0,045611.jpg
3,045612.jpg
3,045613.jpg
1,045614.jpg
7,045615.jpg
4,045616.jpg
6,045617.jpg
5,045618.jpg
2,045619.jpg
8,045620.jpg
1,045621.jpg
1,045622.jpg
4,045623.jpg
1,045624.jpg
3,045625.jpg
7,045626.jpg
7,045627.jpg
1,045628.jpg
2,045629.jpg
2,045630.jpg
5,045631.jpg
7,045632.jpg
0,045633.jpg
5,045634.jpg
7,045635.jpg
8,045636.jpg
7,045637.jpg
0,045638.jpg
2,045639.jpg
5,045640.jpg
5,045641.jpg
7,045642.jpg
7,045643.jpg
2,045644.jpg
5,045645.jpg
9,045646.jpg
0,045647.jpg
2,045648.jpg
7,045649.jpg
6,045650.jpg
9,045651.jpg
3,045652.jpg
6,045653.jpg
0,045654.jpg
8,045655.jpg
4,045656.jpg
9,045657.jpg
7,045658.jpg
4,045659.jpg
8,045660.jpg
6,045661.jpg
2,045662.jpg
2,045663.jpg
0,045664.jpg
2,045665.jpg
6,045666.jpg
9,045667.jpg
7,045668.jpg
7,045669.jpg
9,045670.jpg
9,045671.jpg
4,045672.jpg
8,045673.jpg
8,045674.jpg
6,045675.jpg
6,045676.jpg
9,045677.jpg
4,045678.jpg
7,045679.jpg
7,045680.jpg
1,045681.jpg
9,045682.jpg
0,045683.jpg
1,045684.jpg
9,045685.jpg
6,045686.jpg
0,045687.jpg
8,045688.jpg
0,045689.jpg
4,045690.jpg
6,045691.jpg
0,045692.jpg
7,045693.jpg
3,045694.jpg
4,045695.jpg
4,045696.jpg
8,045697.jpg
3,045698.jpg
8,045699.jpg
5,045700.jpg
4,045701.jpg
6,045702.jpg
6,045703.jpg
9,045704.jpg
1,045705.jpg
1,045706.jpg
0,045707.jpg
5,045708.jpg
1,045709.jpg
6,045710.jpg
7,045711.jpg
2,045712.jpg
6,045713.jpg
2,045714.jpg
9,045715.jpg
8,045716.jpg
1,045717.jpg
7,045718.jpg
2,045719.jpg
1,045720.jpg
6,045721.jpg
8,045722.jpg
9,045723.jpg
5,045724.jpg
2,045725.jpg
2,045726.jpg
6,045727.jpg
0,045728.jpg
3,045729.jpg
9,045730.jpg
6,045731.jpg
3,045732.jpg
9,045733.jpg
0,045734.jpg
9,045735.jpg
6,045736.jpg
9,045737.jpg
8,045738.jpg
4,045739.jpg
8,045740.jpg
4,045741.jpg
8,045742.jpg
4,045743.jpg
4,045744.jpg
9,045745.jpg
4,045746.jpg
0,045747.jpg
4,045748.jpg
5,045749.jpg
3,045750.jpg
3,045751.jpg
2,045752.jpg
3,045753.jpg
8,045754.jpg
0,045755.jpg
7,045756.jpg
9,045757.jpg
7,045758.jpg
3,045759.jpg
0,045760.jpg
8,045761.jpg
1,045762.jpg
7,045763.jpg
7,045764.jpg
9,045765.jpg
9,045766.jpg
1,045767.jpg
4,045768.jpg
3,045769.jpg
2,045770.jpg
4,045771.jpg
5,045772.jpg
7,045773.jpg
3,045774.jpg
4,045775.jpg
4,045776.jpg
9,045777.jpg
8,045778.jpg
0,045779.jpg
0,045780.jpg
2,045781.jpg
3,045782.jpg
1,045783.jpg
2,045784.jpg
2,045785.jpg
4,045786.jpg
4,045787.jpg
7,045788.jpg
5,045789.jpg
5,045790.jpg
1,045791.jpg
4,045792.jpg
8,045793.jpg
3,045794.jpg
4,045795.jpg
5,045796.jpg
6,045797.jpg
7,045798.jpg
8,045799.jpg
6,045800.jpg
9,045801.jpg
1,045802.jpg
1,045803.jpg
3,045804.jpg
5,045805.jpg
6,045806.jpg
8,045807.jpg
2,045808.jpg
3,045809.jpg
8,045810.jpg
8,045811.jpg
2,045812.jpg
2,045813.jpg
4,045814.jpg
9,045815.jpg
9,045816.jpg
2,045817.jpg
3,045818.jpg
1,045819.jpg
3,045820.jpg
6,045821.jpg
5,045822.jpg
6,045823.jpg
0,045824.jpg
4,045825.jpg
0,045826.jpg
8,045827.jpg
1,045828.jpg
1,045829.jpg
7,045830.jpg
0,045831.jpg
1,045832.jpg
2,045833.jpg
0,045834.jpg
3,045835.jpg
2,045836.jpg
3,045837.jpg
5,045838.jpg
7,045839.jpg
6,045840.jpg
4,045841.jpg
7,045842.jpg
0,045843.jpg
5,045844.jpg
9,045845.jpg
3,045846.jpg
8,045847.jpg
2,045848.jpg
0,045849.jpg
0,045850.jpg
9,045851.jpg
8,045852.jpg
7,045853.jpg
4,045854.jpg
7,045855.jpg
9,045856.jpg
6,045857.jpg
8,045858.jpg
9,045859.jpg
5,045860.jpg
8,045861.jpg
3,045862.jpg
5,045863.jpg
6,045864.jpg
4,045865.jpg
6,045866.jpg
1,045867.jpg
3,045868.jpg
8,045869.jpg
9,045870.jpg
8,045871.jpg
7,045872.jpg
3,045873.jpg
5,045874.jpg
8,045875.jpg
9,045876.jpg
0,045877.jpg
0,045878.jpg
9,045879.jpg
4,045880.jpg
6,045881.jpg
5,045882.jpg
2,045883.jpg
9,045884.jpg
7,045885.jpg
2,045886.jpg
3,045887.jpg
3,045888.jpg
5,045889.jpg
0,045890.jpg
0,045891.jpg
6,045892.jpg
4,045893.jpg
4,045894.jpg
8,045895.jpg
4,045896.jpg
8,045897.jpg
2,045898.jpg
2,045899.jpg
2,045900.jpg
5,045901.jpg
2,045902.jpg
7,045903.jpg
6,045904.jpg
9,045905.jpg
4,045906.jpg
5,045907.jpg
4,045908.jpg
6,045909.jpg
9,045910.jpg
7,045911.jpg
7,045912.jpg
8,045913.jpg
2,045914.jpg
1,045915.jpg
5,045916.jpg
5,045917.jpg
5,045918.jpg
5,045919.jpg
6,045920.jpg
9,045921.jpg
0,045922.jpg
3,045923.jpg
7,045924.jpg
9,045925.jpg
6,045926.jpg
6,045927.jpg
8,045928.jpg
1,045929.jpg
2,045930.jpg
9,045931.jpg
2,045932.jpg
6,045933.jpg
3,045934.jpg
5,045935.jpg
4,045936.jpg
3,045937.jpg
6,045938.jpg
6,045939.jpg
8,045940.jpg
2,045941.jpg
7,045942.jpg
7,045943.jpg
4,045944.jpg
1,045945.jpg
4,045946.jpg
2,045947.jpg
8,045948.jpg
3,045949.jpg
2,045950.jpg
9,045951.jpg
6,045952.jpg
9,045953.jpg
8,045954.jpg
6,045955.jpg
7,045956.jpg
9,045957.jpg
2,045958.jpg
6,045959.jpg
5,045960.jpg
3,045961.jpg
5,045962.jpg
7,045963.jpg
0,045964.jpg
5,045965.jpg
9,045966.jpg
5,045967.jpg
8,045968.jpg
0,045969.jpg
8,045970.jpg
1,045971.jpg
5,045972.jpg
3,045973.jpg
5,045974.jpg
1,045975.jpg
9,045976.jpg
1,045977.jpg
0,045978.jpg
1,045979.jpg
7,045980.jpg
9,045981.jpg
2,045982.jpg
6,045983.jpg
0,045984.jpg
4,045985.jpg
6,045986.jpg
1,045987.jpg
9,045988.jpg
8,045989.jpg
7,045990.jpg
2,045991.jpg
3,045992.jpg
3,045993.jpg
1,045994.jpg
2,045995.jpg
4,045996.jpg
3,045997.jpg
1,045998.jpg
3,045999.jpg
8,046000.jpg
6,046001.jpg
2,046002.jpg
1,046003.jpg
2,046004.jpg
6,046005.jpg
6,046006.jpg
7,046007.jpg
1,046008.jpg
2,046009.jpg
2,046010.jpg
7,046011.jpg
1,046012.jpg
6,046013.jpg
0,046014.jpg
9,046015.jpg
6,046016.jpg
6,046017.jpg
7,046018.jpg
7,046019.jpg
6,046020.jpg
9,046021.jpg
5,046022.jpg
1,046023.jpg
4,046024.jpg
4,046025.jpg
4,046026.jpg
1,046027.jpg
2,046028.jpg
8,046029.jpg
7,046030.jpg
7,046031.jpg
9,046032.jpg
1,046033.jpg
7,046034.jpg
7,046035.jpg
5,046036.jpg
8,046037.jpg
9,046038.jpg
8,046039.jpg
0,046040.jpg
3,046041.jpg
5,046042.jpg
4,046043.jpg
3,046044.jpg
9,046045.jpg
8,046046.jpg
9,046047.jpg
6,046048.jpg
2,046049.jpg
6,046050.jpg
8,046051.jpg
2,046052.jpg
3,046053.jpg
7,046054.jpg
3,046055.jpg
9,046056.jpg
8,046057.jpg
5,046058.jpg
0,046059.jpg
2,046060.jpg
3,046061.jpg
3,046062.jpg
1,046063.jpg
8,046064.jpg
3,046065.jpg
2,046066.jpg
6,046067.jpg
2,046068.jpg
1,046069.jpg
8,046070.jpg
4,046071.jpg
4,046072.jpg
7,046073.jpg
5,046074.jpg
9,046075.jpg
0,046076.jpg
1,046077.jpg
8,046078.jpg
5,046079.jpg
1,046080.jpg
8,046081.jpg
3,046082.jpg
9,046083.jpg
8,046084.jpg
6,046085.jpg
7,046086.jpg
3,046087.jpg
8,046088.jpg
1,046089.jpg
9,046090.jpg
6,046091.jpg
9,046092.jpg
4,046093.jpg
2,046094.jpg
6,046095.jpg
5,046096.jpg
3,046097.jpg
6,046098.jpg
0,046099.jpg
7,046100.jpg
3,046101.jpg
9,046102.jpg
6,046103.jpg
2,046104.jpg
1,046105.jpg
7,046106.jpg
2,046107.jpg
0,046108.jpg
8,046109.jpg
9,046110.jpg
7,046111.jpg
5,046112.jpg
8,046113.jpg
2,046114.jpg
4,046115.jpg
5,046116.jpg
1,046117.jpg
2,046118.jpg
5,046119.jpg
8,046120.jpg
3,046121.jpg
0,046122.jpg
9,046123.jpg
4,046124.jpg
2,046125.jpg
8,046126.jpg
1,046127.jpg
5,046128.jpg
1,046129.jpg
3,046130.jpg
0,046131.jpg
7,046132.jpg
8,046133.jpg
5,046134.jpg
8,046135.jpg
9,046136.jpg
6,046137.jpg
8,046138.jpg
3,046139.jpg
5,046140.jpg
1,046141.jpg
5,046142.jpg
5,046143.jpg
9,046144.jpg
1,046145.jpg
6,046146.jpg
4,046147.jpg
5,046148.jpg
6,046149.jpg
9,046150.jpg
5,046151.jpg
5,046152.jpg
9,046153.jpg
4,046154.jpg
8,046155.jpg
9,046156.jpg
2,046157.jpg
1,046158.jpg
9,046159.jpg
6,046160.jpg
7,046161.jpg
1,046162.jpg
8,046163.jpg
2,046164.jpg
4,046165.jpg
5,046166.jpg
7,046167.jpg
1,046168.jpg
7,046169.jpg
2,046170.jpg
7,046171.jpg
2,046172.jpg
4,046173.jpg
7,046174.jpg
8,046175.jpg
9,046176.jpg
4,046177.jpg
3,046178.jpg
7,046179.jpg
1,046180.jpg
6,046181.jpg
2,046182.jpg
9,046183.jpg
5,046184.jpg
1,046185.jpg
5,046186.jpg
0,046187.jpg
9,046188.jpg
7,046189.jpg
7,046190.jpg
8,046191.jpg
7,046192.jpg
2,046193.jpg
6,046194.jpg
0,046195.jpg
2,046196.jpg
5,046197.jpg
4,046198.jpg
7,046199.jpg
9,046200.jpg
3,046201.jpg
0,046202.jpg
8,046203.jpg
2,046204.jpg
0,046205.jpg
0,046206.jpg
2,046207.jpg
3,046208.jpg
5,046209.jpg
3,046210.jpg
6,046211.jpg
8,046212.jpg
9,046213.jpg
7,046214.jpg
0,046215.jpg
8,046216.jpg
2,046217.jpg
5,046218.jpg
9,046219.jpg
2,046220.jpg
3,046221.jpg
4,046222.jpg
4,046223.jpg
1,046224.jpg
2,046225.jpg
2,046226.jpg
6,046227.jpg
7,046228.jpg
6,046229.jpg
9,046230.jpg
4,046231.jpg
4,046232.jpg
5,046233.jpg
3,046234.jpg
1,046235.jpg
1,046236.jpg
4,046237.jpg
5,046238.jpg
2,046239.jpg
8,046240.jpg
9,046241.jpg
1,046242.jpg
8,046243.jpg
8,046244.jpg
2,046245.jpg
4,046246.jpg
3,046247.jpg
6,046248.jpg
4,046249.jpg
0,046250.jpg
9,046251.jpg
7,046252.jpg
9,046253.jpg
6,046254.jpg
1,046255.jpg
5,046256.jpg
4,046257.jpg
2,046258.jpg
3,046259.jpg
4,046260.jpg
6,046261.jpg
7,046262.jpg
2,046263.jpg
9,046264.jpg
4,046265.jpg
4,046266.jpg
6,046267.jpg
4,046268.jpg
5,046269.jpg
1,046270.jpg
8,046271.jpg
5,046272.jpg
3,046273.jpg
8,046274.jpg
7,046275.jpg
2,046276.jpg
5,046277.jpg
7,046278.jpg
2,046279.jpg
9,046280.jpg
5,046281.jpg
0,046282.jpg
7,046283.jpg
1,046284.jpg
0,046285.jpg
3,046286.jpg
0,046287.jpg
1,046288.jpg
4,046289.jpg
6,046290.jpg
3,046291.jpg
4,046292.jpg
4,046293.jpg
1,046294.jpg
8,046295.jpg
6,046296.jpg
9,046297.jpg
0,046298.jpg
2,046299.jpg
3,046300.jpg
9,046301.jpg
9,046302.jpg
3,046303.jpg
5,046304.jpg
3,046305.jpg
3,046306.jpg
6,046307.jpg
4,046308.jpg
0,046309.jpg
0,046310.jpg
3,046311.jpg
1,046312.jpg
1,046313.jpg
0,046314.jpg
1,046315.jpg
7,046316.jpg
8,046317.jpg
8,046318.jpg
4,046319.jpg
2,046320.jpg
5,046321.jpg
9,046322.jpg
6,046323.jpg
8,046324.jpg
3,046325.jpg
6,046326.jpg
4,046327.jpg
8,046328.jpg
4,046329.jpg
1,046330.jpg
5,046331.jpg
6,046332.jpg
6,046333.jpg
7,046334.jpg
2,046335.jpg
1,046336.jpg
8,046337.jpg
8,046338.jpg
7,046339.jpg
4,046340.jpg
3,046341.jpg
2,046342.jpg
1,046343.jpg
5,046344.jpg
8,046345.jpg
2,046346.jpg
6,046347.jpg
5,046348.jpg
5,046349.jpg
9,046350.jpg
1,046351.jpg
6,046352.jpg
2,046353.jpg
0,046354.jpg
3,046355.jpg
0,046356.jpg
1,046357.jpg
9,046358.jpg
6,046359.jpg
5,046360.jpg
2,046361.jpg
2,046362.jpg
3,046363.jpg
4,046364.jpg
9,046365.jpg
5,046366.jpg
2,046367.jpg
1,046368.jpg
3,046369.jpg
0,046370.jpg
6,046371.jpg
0,046372.jpg
9,046373.jpg
9,046374.jpg
1,046375.jpg
3,046376.jpg
6,046377.jpg
9,046378.jpg
6,046379.jpg
9,046380.jpg
9,046381.jpg
3,046382.jpg
7,046383.jpg
9,046384.jpg
7,046385.jpg
3,046386.jpg
1,046387.jpg
8,046388.jpg
8,046389.jpg
4,046390.jpg
2,046391.jpg
2,046392.jpg
5,046393.jpg
7,046394.jpg
5,046395.jpg
2,046396.jpg
7,046397.jpg
1,046398.jpg
8,046399.jpg
9,046400.jpg
4,046401.jpg
1,046402.jpg
6,046403.jpg
7,046404.jpg
5,046405.jpg
0,046406.jpg
9,046407.jpg
5,046408.jpg
9,046409.jpg
0,046410.jpg
1,046411.jpg
2,046412.jpg
3,046413.jpg
9,046414.jpg
7,046415.jpg
5,046416.jpg
9,046417.jpg
2,046418.jpg
4,046419.jpg
6,046420.jpg
3,046421.jpg
0,046422.jpg
1,046423.jpg
0,046424.jpg
0,046425.jpg
7,046426.jpg
8,046427.jpg
4,046428.jpg
1,046429.jpg
9,046430.jpg
6,046431.jpg
7,046432.jpg
3,046433.jpg
5,046434.jpg
8,046435.jpg
6,046436.jpg
6,046437.jpg
4,046438.jpg
7,046439.jpg
0,046440.jpg
9,046441.jpg
7,046442.jpg
3,046443.jpg
2,046444.jpg
6,046445.jpg
7,046446.jpg
9,046447.jpg
2,046448.jpg
9,046449.jpg
3,046450.jpg
9,046451.jpg
5,046452.jpg
3,046453.jpg
7,046454.jpg
0,046455.jpg
5,046456.jpg
6,046457.jpg
9,046458.jpg
0,046459.jpg
7,046460.jpg
0,046461.jpg
0,046462.jpg
5,046463.jpg
6,046464.jpg
0,046465.jpg
7,046466.jpg
4,046467.jpg
8,046468.jpg
8,046469.jpg
4,046470.jpg
7,046471.jpg
4,046472.jpg
1,046473.jpg
2,046474.jpg
0,046475.jpg
8,046476.jpg
2,046477.jpg
3,046478.jpg
2,046479.jpg
2,046480.jpg
0,046481.jpg
7,046482.jpg
9,046483.jpg
3,046484.jpg
8,046485.jpg
6,046486.jpg
4,046487.jpg
1,046488.jpg
0,046489.jpg
6,046490.jpg
8,046491.jpg
9,046492.jpg
3,046493.jpg
6,046494.jpg
1,046495.jpg
1,046496.jpg
5,046497.jpg
0,046498.jpg
0,046499.jpg
0,046500.jpg
6,046501.jpg
1,046502.jpg
1,046503.jpg
8,046504.jpg
7,046505.jpg
0,046506.jpg
6,046507.jpg
8,046508.jpg
8,046509.jpg
9,046510.jpg
5,046511.jpg
5,046512.jpg
8,046513.jpg
8,046514.jpg
1,046515.jpg
4,046516.jpg
4,046517.jpg
3,046518.jpg
4,046519.jpg
1,046520.jpg
5,046521.jpg
3,046522.jpg
9,046523.jpg
9,046524.jpg
4,046525.jpg
7,046526.jpg
2,046527.jpg
0,046528.jpg
5,046529.jpg
0,046530.jpg
7,046531.jpg
0,046532.jpg
1,046533.jpg
8,046534.jpg
0,046535.jpg
9,046536.jpg
9,046537.jpg
5,046538.jpg
9,046539.jpg
5,046540.jpg
1,046541.jpg
3,046542.jpg
2,046543.jpg
5,046544.jpg
7,046545.jpg
1,046546.jpg
2,046547.jpg
7,046548.jpg
7,046549.jpg
7,046550.jpg
2,046551.jpg
1,046552.jpg
7,046553.jpg
0,046554.jpg
4,046555.jpg
5,046556.jpg
3,046557.jpg
9,046558.jpg
0,046559.jpg
2,046560.jpg
7,046561.jpg
5,046562.jpg
0,046563.jpg
0,046564.jpg
1,046565.jpg
5,046566.jpg
0,046567.jpg
3,046568.jpg
7,046569.jpg
1,046570.jpg
1,046571.jpg
4,046572.jpg
4,046573.jpg
7,046574.jpg
3,046575.jpg
7,046576.jpg
8,046577.jpg
3,046578.jpg
5,046579.jpg
5,046580.jpg
7,046581.jpg
8,046582.jpg
9,046583.jpg
9,046584.jpg
4,046585.jpg
8,046586.jpg
9,046587.jpg
9,046588.jpg
5,046589.jpg
0,046590.jpg
4,046591.jpg
6,046592.jpg
9,046593.jpg
2,046594.jpg
2,046595.jpg
6,046596.jpg
9,046597.jpg
0,046598.jpg
7,046599.jpg
6,046600.jpg
8,046601.jpg
9,046602.jpg
8,046603.jpg
7,046604.jpg
3,046605.jpg
4,046606.jpg
0,046607.jpg
4,046608.jpg
2,046609.jpg
8,046610.jpg
5,046611.jpg
1,046612.jpg
0,046613.jpg
9,046614.jpg
8,046615.jpg
6,046616.jpg
9,046617.jpg
4,046618.jpg
0,046619.jpg
3,046620.jpg
5,046621.jpg
2,046622.jpg
3,046623.jpg
8,046624.jpg
0,046625.jpg
8,046626.jpg
3,046627.jpg
3,046628.jpg
7,046629.jpg
3,046630.jpg
2,046631.jpg
4,046632.jpg
9,046633.jpg
2,046634.jpg
9,046635.jpg
6,046636.jpg
3,046637.jpg
9,046638.jpg
9,046639.jpg
4,046640.jpg
8,046641.jpg
2,046642.jpg
3,046643.jpg
6,046644.jpg
0,046645.jpg
4,046646.jpg
8,046647.jpg
1,046648.jpg
2,046649.jpg
7,046650.jpg
0,046651.jpg
2,046652.jpg
2,046653.jpg
6,046654.jpg
2,046655.jpg
6,046656.jpg
4,046657.jpg
3,046658.jpg
7,046659.jpg
9,046660.jpg
0,046661.jpg
9,046662.jpg
6,046663.jpg
8,046664.jpg
5,046665.jpg
2,046666.jpg
3,046667.jpg
8,046668.jpg
7,046669.jpg
1,046670.jpg
1,046671.jpg
8,046672.jpg
3,046673.jpg
3,046674.jpg
1,046675.jpg
1,046676.jpg
2,046677.jpg
1,046678.jpg
3,046679.jpg
0,046680.jpg
7,046681.jpg
2,046682.jpg
8,046683.jpg
4,046684.jpg
0,046685.jpg
3,046686.jpg
8,046687.jpg
6,046688.jpg
2,046689.jpg
0,046690.jpg
2,046691.jpg
5,046692.jpg
2,046693.jpg
1,046694.jpg
9,046695.jpg
7,046696.jpg
7,046697.jpg
8,046698.jpg
7,046699.jpg
3,046700.jpg
1,046701.jpg
8,046702.jpg
1,046703.jpg
2,046704.jpg
0,046705.jpg
4,046706.jpg
3,046707.jpg
1,046708.jpg
6,046709.jpg
6,046710.jpg
4,046711.jpg
0,046712.jpg
7,046713.jpg
2,046714.jpg
0,046715.jpg
6,046716.jpg
0,046717.jpg
3,046718.jpg
8,046719.jpg
1,046720.jpg
3,046721.jpg
8,046722.jpg
5,046723.jpg
5,046724.jpg
7,046725.jpg
7,046726.jpg
5,046727.jpg
1,046728.jpg
5,046729.jpg
2,046730.jpg
5,046731.jpg
9,046732.jpg
5,046733.jpg
7,046734.jpg
1,046735.jpg
0,046736.jpg
5,046737.jpg
5,046738.jpg
4,046739.jpg
5,046740.jpg
7,046741.jpg
3,046742.jpg
5,046743.jpg
2,046744.jpg
5,046745.jpg
5,046746.jpg
5,046747.jpg
1,046748.jpg
5,046749.jpg
0,046750.jpg
0,046751.jpg
0,046752.jpg
1,046753.jpg
5,046754.jpg
7,046755.jpg
8,046756.jpg
3,046757.jpg
4,046758.jpg
5,046759.jpg
5,046760.jpg
1,046761.jpg
6,046762.jpg
0,046763.jpg
5,046764.jpg
3,046765.jpg
7,046766.jpg
1,046767.jpg
5,046768.jpg
6,046769.jpg
2,046770.jpg
7,046771.jpg
8,046772.jpg
4,046773.jpg
9,046774.jpg
8,046775.jpg
2,046776.jpg
5,046777.jpg
6,046778.jpg
2,046779.jpg
7,046780.jpg
1,046781.jpg
2,046782.jpg
8,046783.jpg
5,046784.jpg
4,046785.jpg
3,046786.jpg
0,046787.jpg
6,046788.jpg
7,046789.jpg
9,046790.jpg
4,046791.jpg
2,046792.jpg
4,046793.jpg
1,046794.jpg
5,046795.jpg
2,046796.jpg
6,046797.jpg
8,046798.jpg
3,046799.jpg
1,046800.jpg
6,046801.jpg
5,046802.jpg
3,046803.jpg
0,046804.jpg
4,046805.jpg
8,046806.jpg
3,046807.jpg
9,046808.jpg
5,046809.jpg
7,046810.jpg
2,046811.jpg
0,046812.jpg
4,046813.jpg
4,046814.jpg
8,046815.jpg
5,046816.jpg
7,046817.jpg
9,046818.jpg
7,046819.jpg
3,046820.jpg
1,046821.jpg
1,046822.jpg
9,046823.jpg
3,046824.jpg
2,046825.jpg
8,046826.jpg
8,046827.jpg
2,046828.jpg
7,046829.jpg
1,046830.jpg
3,046831.jpg
6,046832.jpg
9,046833.jpg
0,046834.jpg
1,046835.jpg
6,046836.jpg
7,046837.jpg
6,046838.jpg
2,046839.jpg
6,046840.jpg
4,046841.jpg
7,046842.jpg
3,046843.jpg
4,046844.jpg
9,046845.jpg
5,046846.jpg
2,046847.jpg
8,046848.jpg
7,046849.jpg
7,046850.jpg
5,046851.jpg
2,046852.jpg
4,046853.jpg
2,046854.jpg
7,046855.jpg
5,046856.jpg
8,046857.jpg
7,046858.jpg
2,046859.jpg
4,046860.jpg
4,046861.jpg
6,046862.jpg
0,046863.jpg
4,046864.jpg
5,046865.jpg
4,046866.jpg
9,046867.jpg
5,046868.jpg
8,046869.jpg
5,046870.jpg
1,046871.jpg
0,046872.jpg
3,046873.jpg
9,046874.jpg
8,046875.jpg
8,046876.jpg
8,046877.jpg
3,046878.jpg
4,046879.jpg
9,046880.jpg
6,046881.jpg
0,046882.jpg
0,046883.jpg
4,046884.jpg
9,046885.jpg
1,046886.jpg
7,046887.jpg
7,046888.jpg
4,046889.jpg
8,046890.jpg
6,046891.jpg
1,046892.jpg
1,046893.jpg
3,046894.jpg
5,046895.jpg
9,046896.jpg
1,046897.jpg
8,046898.jpg
6,046899.jpg
1,046900.jpg
3,046901.jpg
6,046902.jpg
6,046903.jpg
3,046904.jpg
4,046905.jpg
9,046906.jpg
6,046907.jpg
0,046908.jpg
4,046909.jpg
1,046910.jpg
5,046911.jpg
6,046912.jpg
0,046913.jpg
9,046914.jpg
5,046915.jpg
7,046916.jpg
4,046917.jpg
4,046918.jpg
5,046919.jpg
5,046920.jpg
7,046921.jpg
2,046922.jpg
1,046923.jpg
2,046924.jpg
9,046925.jpg
0,046926.jpg
5,046927.jpg
4,046928.jpg
3,046929.jpg
2,046930.jpg
7,046931.jpg
3,046932.jpg
2,046933.jpg
0,046934.jpg
6,046935.jpg
1,046936.jpg
8,046937.jpg
5,046938.jpg
6,046939.jpg
4,046940.jpg
2,046941.jpg
1,046942.jpg
1,046943.jpg
6,046944.jpg
7,046945.jpg
0,046946.jpg
1,046947.jpg
4,046948.jpg
6,046949.jpg
2,046950.jpg
7,046951.jpg
1,046952.jpg
3,046953.jpg
3,046954.jpg
1,046955.jpg
2,046956.jpg
3,046957.jpg
8,046958.jpg
2,046959.jpg
9,046960.jpg
9,046961.jpg
5,046962.jpg
5,046963.jpg
3,046964.jpg
9,046965.jpg
6,046966.jpg
0,046967.jpg
0,046968.jpg
2,046969.jpg
3,046970.jpg
2,046971.jpg
7,046972.jpg
9,046973.jpg
5,046974.jpg
7,046975.jpg
2,046976.jpg
7,046977.jpg
7,046978.jpg
7,046979.jpg
2,046980.jpg
8,046981.jpg
5,046982.jpg
9,046983.jpg
0,046984.jpg
5,046985.jpg
4,046986.jpg
7,046987.jpg
7,046988.jpg
4,046989.jpg
8,046990.jpg
1,046991.jpg
3,046992.jpg
8,046993.jpg
5,046994.jpg
8,046995.jpg
3,046996.jpg
9,046997.jpg
7,046998.jpg
6,046999.jpg
9,047000.jpg
5,047001.jpg
7,047002.jpg
5,047003.jpg
8,047004.jpg
0,047005.jpg
4,047006.jpg
2,047007.jpg
2,047008.jpg
3,047009.jpg
4,047010.jpg
0,047011.jpg
7,047012.jpg
2,047013.jpg
9,047014.jpg
2,047015.jpg
2,047016.jpg
4,047017.jpg
0,047018.jpg
7,047019.jpg
3,047020.jpg
6,047021.jpg
2,047022.jpg
5,047023.jpg
1,047024.jpg
8,047025.jpg
3,047026.jpg
4,047027.jpg
3,047028.jpg
2,047029.jpg
3,047030.jpg
2,047031.jpg
2,047032.jpg
1,047033.jpg
5,047034.jpg
8,047035.jpg
3,047036.jpg
7,047037.jpg
3,047038.jpg
1,047039.jpg
3,047040.jpg
2,047041.jpg
4,047042.jpg
5,047043.jpg
7,047044.jpg
2,047045.jpg
5,047046.jpg
9,047047.jpg
6,047048.jpg
7,047049.jpg
9,047050.jpg
5,047051.jpg
4,047052.jpg
3,047053.jpg
3,047054.jpg
1,047055.jpg
9,047056.jpg
2,047057.jpg
7,047058.jpg
7,047059.jpg
3,047060.jpg
5,047061.jpg
0,047062.jpg
9,047063.jpg
3,047064.jpg
6,047065.jpg
7,047066.jpg
1,047067.jpg
2,047068.jpg
5,047069.jpg
1,047070.jpg
8,047071.jpg
9,047072.jpg
7,047073.jpg
6,047074.jpg
3,047075.jpg
3,047076.jpg
5,047077.jpg
5,047078.jpg
1,047079.jpg
2,047080.jpg
6,047081.jpg
9,047082.jpg
4,047083.jpg
7,047084.jpg
4,047085.jpg
5,047086.jpg
5,047087.jpg
8,047088.jpg
1,047089.jpg
5,047090.jpg
5,047091.jpg
3,047092.jpg
1,047093.jpg
9,047094.jpg
8,047095.jpg
0,047096.jpg
0,047097.jpg
7,047098.jpg
6,047099.jpg
6,047100.jpg
5,047101.jpg
7,047102.jpg
2,047103.jpg
1,047104.jpg
2,047105.jpg
3,047106.jpg
0,047107.jpg
2,047108.jpg
0,047109.jpg
7,047110.jpg
3,047111.jpg
3,047112.jpg
0,047113.jpg
6,047114.jpg
1,047115.jpg
6,047116.jpg
1,047117.jpg
0,047118.jpg
2,047119.jpg
3,047120.jpg
1,047121.jpg
8,047122.jpg
6,047123.jpg
8,047124.jpg
0,047125.jpg
7,047126.jpg
3,047127.jpg
3,047128.jpg
0,047129.jpg
1,047130.jpg
4,047131.jpg
3,047132.jpg
7,047133.jpg
0,047134.jpg
2,047135.jpg
9,047136.jpg
2,047137.jpg
1,047138.jpg
0,047139.jpg
4,047140.jpg
7,047141.jpg
9,047142.jpg
1,047143.jpg
5,047144.jpg
9,047145.jpg
1,047146.jpg
1,047147.jpg
0,047148.jpg
6,047149.jpg
3,047150.jpg
4,047151.jpg
1,047152.jpg
4,047153.jpg
0,047154.jpg
4,047155.jpg
9,047156.jpg
2,047157.jpg
8,047158.jpg
8,047159.jpg
5,047160.jpg
6,047161.jpg
2,047162.jpg
5,047163.jpg
9,047164.jpg
9,047165.jpg
3,047166.jpg
3,047167.jpg
9,047168.jpg
3,047169.jpg
7,047170.jpg
3,047171.jpg
5,047172.jpg
7,047173.jpg
6,047174.jpg
4,047175.jpg
6,047176.jpg
9,047177.jpg
9,047178.jpg
5,047179.jpg
2,047180.jpg
3,047181.jpg
0,047182.jpg
2,047183.jpg
6,047184.jpg
0,047185.jpg
3,047186.jpg
6,047187.jpg
4,047188.jpg
5,047189.jpg
6,047190.jpg
4,047191.jpg
3,047192.jpg
4,047193.jpg
4,047194.jpg
7,047195.jpg
0,047196.jpg
6,047197.jpg
2,047198.jpg
6,047199.jpg
7,047200.jpg
0,047201.jpg
9,047202.jpg
2,047203.jpg
2,047204.jpg
7,047205.jpg
0,047206.jpg
5,047207.jpg
1,047208.jpg
9,047209.jpg
2,047210.jpg
5,047211.jpg
6,047212.jpg
0,047213.jpg
9,047214.jpg
9,047215.jpg
4,047216.jpg
6,047217.jpg
5,047218.jpg
9,047219.jpg
8,047220.jpg
5,047221.jpg
6,047222.jpg
4,047223.jpg
7,047224.jpg
0,047225.jpg
0,047226.jpg
0,047227.jpg
9,047228.jpg
2,047229.jpg
4,047230.jpg
2,047231.jpg
8,047232.jpg
0,047233.jpg
5,047234.jpg
3,047235.jpg
7,047236.jpg
2,047237.jpg
4,047238.jpg
5,047239.jpg
4,047240.jpg
4,047241.jpg
1,047242.jpg
2,047243.jpg
1,047244.jpg
3,047245.jpg
4,047246.jpg
0,047247.jpg
7,047248.jpg
1,047249.jpg
4,047250.jpg
8,047251.jpg
0,047252.jpg
3,047253.jpg
4,047254.jpg
4,047255.jpg
4,047256.jpg
8,047257.jpg
3,047258.jpg
7,047259.jpg
2,047260.jpg
0,047261.jpg
3,047262.jpg
1,047263.jpg
0,047264.jpg
9,047265.jpg
8,047266.jpg
7,047267.jpg
3,047268.jpg
2,047269.jpg
4,047270.jpg
4,047271.jpg
0,047272.jpg
3,047273.jpg
7,047274.jpg
6,047275.jpg
2,047276.jpg
9,047277.jpg
1,047278.jpg
5,047279.jpg
5,047280.jpg
4,047281.jpg
9,047282.jpg
4,047283.jpg
2,047284.jpg
0,047285.jpg
5,047286.jpg
7,047287.jpg
8,047288.jpg
4,047289.jpg
1,047290.jpg
8,047291.jpg
5,047292.jpg
3,047293.jpg
3,047294.jpg
4,047295.jpg
5,047296.jpg
4,047297.jpg
9,047298.jpg
4,047299.jpg
5,047300.jpg
2,047301.jpg
0,047302.jpg
1,047303.jpg
4,047304.jpg
8,047305.jpg
9,047306.jpg
0,047307.jpg
4,047308.jpg
5,047309.jpg
6,047310.jpg
4,047311.jpg
1,047312.jpg
2,047313.jpg
6,047314.jpg
9,047315.jpg
7,047316.jpg
9,047317.jpg
0,047318.jpg
8,047319.jpg
2,047320.jpg
3,047321.jpg
9,047322.jpg
0,047323.jpg
0,047324.jpg
6,047325.jpg
6,047326.jpg
5,047327.jpg
6,047328.jpg
1,047329.jpg
9,047330.jpg
6,047331.jpg
0,047332.jpg
0,047333.jpg
9,047334.jpg
0,047335.jpg
1,047336.jpg
4,047337.jpg
6,047338.jpg
8,047339.jpg
2,047340.jpg
4,047341.jpg
8,047342.jpg
5,047343.jpg
5,047344.jpg
0,047345.jpg
8,047346.jpg
6,047347.jpg
3,047348.jpg
4,047349.jpg
2,047350.jpg
5,047351.jpg
5,047352.jpg
2,047353.jpg
7,047354.jpg
1,047355.jpg
0,047356.jpg
4,047357.jpg
1,047358.jpg
6,047359.jpg
6,047360.jpg
8,047361.jpg
0,047362.jpg
8,047363.jpg
5,047364.jpg
2,047365.jpg
2,047366.jpg
9,047367.jpg
5,047368.jpg
3,047369.jpg
4,047370.jpg
6,047371.jpg
9,047372.jpg
2,047373.jpg
2,047374.jpg
2,047375.jpg
8,047376.jpg
7,047377.jpg
8,047378.jpg
5,047379.jpg
3,047380.jpg
6,047381.jpg
3,047382.jpg
0,047383.jpg
2,047384.jpg
6,047385.jpg
5,047386.jpg
7,047387.jpg
1,047388.jpg
3,047389.jpg
5,047390.jpg
6,047391.jpg
2,047392.jpg
2,047393.jpg
5,047394.jpg
6,047395.jpg
8,047396.jpg
8,047397.jpg
8,047398.jpg
6,047399.jpg
4,047400.jpg
4,047401.jpg
0,047402.jpg
4,047403.jpg
9,047404.jpg
7,047405.jpg
4,047406.jpg
0,047407.jpg
7,047408.jpg
7,047409.jpg
6,047410.jpg
3,047411.jpg
8,047412.jpg
2,047413.jpg
3,047414.jpg
4,047415.jpg
1,047416.jpg
9,047417.jpg
7,047418.jpg
2,047419.jpg
3,047420.jpg
0,047421.jpg
7,047422.jpg
5,047423.jpg
1,047424.jpg
8,047425.jpg
1,047426.jpg
2,047427.jpg
7,047428.jpg
5,047429.jpg
3,047430.jpg
8,047431.jpg
9,047432.jpg
3,047433.jpg
9,047434.jpg
7,047435.jpg
9,047436.jpg
8,047437.jpg
5,047438.jpg
9,047439.jpg
1,047440.jpg
4,047441.jpg
7,047442.jpg
4,047443.jpg
9,047444.jpg
9,047445.jpg
5,047446.jpg
7,047447.jpg
7,047448.jpg
2,047449.jpg
4,047450.jpg
1,047451.jpg
6,047452.jpg
2,047453.jpg
7,047454.jpg
5,047455.jpg
3,047456.jpg
8,047457.jpg
0,047458.jpg
5,047459.jpg
2,047460.jpg
6,047461.jpg
6,047462.jpg
4,047463.jpg
5,047464.jpg
4,047465.jpg
4,047466.jpg
5,047467.jpg
3,047468.jpg
7,047469.jpg
7,047470.jpg
5,047471.jpg
4,047472.jpg
1,047473.jpg
6,047474.jpg
0,047475.jpg
5,047476.jpg
9,047477.jpg
8,047478.jpg
5,047479.jpg
9,047480.jpg
4,047481.jpg
5,047482.jpg
3,047483.jpg
4,047484.jpg
3,047485.jpg
9,047486.jpg
8,047487.jpg
2,047488.jpg
1,047489.jpg
6,047490.jpg
8,047491.jpg
6,047492.jpg
8,047493.jpg
8,047494.jpg
0,047495.jpg
2,047496.jpg
0,047497.jpg
4,047498.jpg
8,047499.jpg
3,047500.jpg
8,047501.jpg
1,047502.jpg
6,047503.jpg
8,047504.jpg
1,047505.jpg
6,047506.jpg
7,047507.jpg
3,047508.jpg
0,047509.jpg
4,047510.jpg
0,047511.jpg
3,047512.jpg
1,047513.jpg
2,047514.jpg
7,047515.jpg
0,047516.jpg
1,047517.jpg
0,047518.jpg
1,047519.jpg
7,047520.jpg
4,047521.jpg
4,047522.jpg
1,047523.jpg
1,047524.jpg
8,047525.jpg
1,047526.jpg
7,047527.jpg
5,047528.jpg
5,047529.jpg
8,047530.jpg
1,047531.jpg
6,047532.jpg
7,047533.jpg
8,047534.jpg
3,047535.jpg
4,047536.jpg
0,047537.jpg
4,047538.jpg
9,047539.jpg
9,047540.jpg
1,047541.jpg
0,047542.jpg
1,047543.jpg
4,047544.jpg
6,047545.jpg
6,047546.jpg
2,047547.jpg
1,047548.jpg
0,047549.jpg
3,047550.jpg
0,047551.jpg
2,047552.jpg
8,047553.jpg
8,047554.jpg
1,047555.jpg
5,047556.jpg
6,047557.jpg
6,047558.jpg
0,047559.jpg
7,047560.jpg
6,047561.jpg
9,047562.jpg
5,047563.jpg
2,047564.jpg
8,047565.jpg
8,047566.jpg
7,047567.jpg
2,047568.jpg
0,047569.jpg
5,047570.jpg
6,047571.jpg
6,047572.jpg
2,047573.jpg
3,047574.jpg
0,047575.jpg
0,047576.jpg
9,047577.jpg
7,047578.jpg
4,047579.jpg
2,047580.jpg
1,047581.jpg
5,047582.jpg
3,047583.jpg
8,047584.jpg
3,047585.jpg
6,047586.jpg
7,047587.jpg
9,047588.jpg
3,047589.jpg
3,047590.jpg
2,047591.jpg
4,047592.jpg
3,047593.jpg
0,047594.jpg
1,047595.jpg
5,047596.jpg
3,047597.jpg
8,047598.jpg
7,047599.jpg
7,047600.jpg
0,047601.jpg
7,047602.jpg
1,047603.jpg
7,047604.jpg
7,047605.jpg
7,047606.jpg
7,047607.jpg
2,047608.jpg
8,047609.jpg
9,047610.jpg
4,047611.jpg
2,047612.jpg
1,047613.jpg
5,047614.jpg
1,047615.jpg
7,047616.jpg
6,047617.jpg
6,047618.jpg
8,047619.jpg
8,047620.jpg
5,047621.jpg
2,047622.jpg
8,047623.jpg
0,047624.jpg
3,047625.jpg
5,047626.jpg
4,047627.jpg
2,047628.jpg
8,047629.jpg
9,047630.jpg
5,047631.jpg
6,047632.jpg
5,047633.jpg
3,047634.jpg
2,047635.jpg
8,047636.jpg
9,047637.jpg
0,047638.jpg
2,047639.jpg
2,047640.jpg
8,047641.jpg
3,047642.jpg
7,047643.jpg
8,047644.jpg
5,047645.jpg
4,047646.jpg
2,047647.jpg
9,047648.jpg
2,047649.jpg
4,047650.jpg
0,047651.jpg
5,047652.jpg
2,047653.jpg
0,047654.jpg
8,047655.jpg
4,047656.jpg
4,047657.jpg
0,047658.jpg
4,047659.jpg
6,047660.jpg
8,047661.jpg
4,047662.jpg
8,047663.jpg
2,047664.jpg
1,047665.jpg
5,047666.jpg
2,047667.jpg
1,047668.jpg
7,047669.jpg
7,047670.jpg
2,047671.jpg
2,047672.jpg
5,047673.jpg
9,047674.jpg
3,047675.jpg
1,047676.jpg
0,047677.jpg
0,047678.jpg
0,047679.jpg
9,047680.jpg
8,047681.jpg
4,047682.jpg
3,047683.jpg
2,047684.jpg
8,047685.jpg
2,047686.jpg
5,047687.jpg
5,047688.jpg
0,047689.jpg
1,047690.jpg
8,047691.jpg
9,047692.jpg
9,047693.jpg
6,047694.jpg
5,047695.jpg
4,047696.jpg
8,047697.jpg
1,047698.jpg
0,047699.jpg
1,047700.jpg
0,047701.jpg
6,047702.jpg
5,047703.jpg
4,047704.jpg
7,047705.jpg
5,047706.jpg
3,047707.jpg
5,047708.jpg
1,047709.jpg
9,047710.jpg
6,047711.jpg
2,047712.jpg
7,047713.jpg
8,047714.jpg
9,047715.jpg
2,047716.jpg
4,047717.jpg
7,047718.jpg
2,047719.jpg
8,047720.jpg
0,047721.jpg
9,047722.jpg
9,047723.jpg
8,047724.jpg
0,047725.jpg
3,047726.jpg
5,047727.jpg
9,047728.jpg
7,047729.jpg
6,047730.jpg
6,047731.jpg
4,047732.jpg
4,047733.jpg
8,047734.jpg
2,047735.jpg
9,047736.jpg
1,047737.jpg
4,047738.jpg
4,047739.jpg
4,047740.jpg
0,047741.jpg
0,047742.jpg
3,047743.jpg
3,047744.jpg
1,047745.jpg
4,047746.jpg
7,047747.jpg
8,047748.jpg
3,047749.jpg
4,047750.jpg
8,047751.jpg
4,047752.jpg
1,047753.jpg
8,047754.jpg
1,047755.jpg
2,047756.jpg
6,047757.jpg
9,047758.jpg
1,047759.jpg
3,047760.jpg
0,047761.jpg
7,047762.jpg
2,047763.jpg
6,047764.jpg
5,047765.jpg
9,047766.jpg
1,047767.jpg
8,047768.jpg
5,047769.jpg
6,047770.jpg
1,047771.jpg
0,047772.jpg
5,047773.jpg
8,047774.jpg
2,047775.jpg
2,047776.jpg
0,047777.jpg
0,047778.jpg
8,047779.jpg
4,047780.jpg
0,047781.jpg
4,047782.jpg
8,047783.jpg
1,047784.jpg
6,047785.jpg
1,047786.jpg
6,047787.jpg
5,047788.jpg
4,047789.jpg
6,047790.jpg
4,047791.jpg
8,047792.jpg
1,047793.jpg
6,047794.jpg
8,047795.jpg
9,047796.jpg
5,047797.jpg
6,047798.jpg
8,047799.jpg
3,047800.jpg
6,047801.jpg
0,047802.jpg
7,047803.jpg
1,047804.jpg
9,047805.jpg
1,047806.jpg
4,047807.jpg
5,047808.jpg
3,047809.jpg
6,047810.jpg
2,047811.jpg
8,047812.jpg
0,047813.jpg
0,047814.jpg
1,047815.jpg
6,047816.jpg
3,047817.jpg
8,047818.jpg
8,047819.jpg
7,047820.jpg
6,047821.jpg
1,047822.jpg
9,047823.jpg
6,047824.jpg
0,047825.jpg
4,047826.jpg
3,047827.jpg
4,047828.jpg
0,047829.jpg
9,047830.jpg
3,047831.jpg
0,047832.jpg
0,047833.jpg
3,047834.jpg
6,047835.jpg
8,047836.jpg
5,047837.jpg
0,047838.jpg
9,047839.jpg
2,047840.jpg
3,047841.jpg
0,047842.jpg
1,047843.jpg
1,047844.jpg
1,047845.jpg
5,047846.jpg
5,047847.jpg
6,047848.jpg
7,047849.jpg
1,047850.jpg
3,047851.jpg
9,047852.jpg
8,047853.jpg
2,047854.jpg
8,047855.jpg
0,047856.jpg
5,047857.jpg
7,047858.jpg
4,047859.jpg
8,047860.jpg
8,047861.jpg
8,047862.jpg
8,047863.jpg
5,047864.jpg
1,047865.jpg
9,047866.jpg
8,047867.jpg
6,047868.jpg
9,047869.jpg
5,047870.jpg
1,047871.jpg
7,047872.jpg
7,047873.jpg
0,047874.jpg
2,047875.jpg
0,047876.jpg
9,047877.jpg
2,047878.jpg
2,047879.jpg
4,047880.jpg
8,047881.jpg
7,047882.jpg
3,047883.jpg
5,047884.jpg
3,047885.jpg
8,047886.jpg
1,047887.jpg
4,047888.jpg
5,047889.jpg
7,047890.jpg
5,047891.jpg
6,047892.jpg
3,047893.jpg
4,047894.jpg
3,047895.jpg
5,047896.jpg
9,047897.jpg
0,047898.jpg
6,047899.jpg
2,047900.jpg
9,047901.jpg
5,047902.jpg
8,047903.jpg
4,047904.jpg
9,047905.jpg
8,047906.jpg
1,047907.jpg
1,047908.jpg
9,047909.jpg
6,047910.jpg
1,047911.jpg
2,047912.jpg
9,047913.jpg
5,047914.jpg
1,047915.jpg
4,047916.jpg
8,047917.jpg
4,047918.jpg
4,047919.jpg
6,047920.jpg
1,047921.jpg
9,047922.jpg
3,047923.jpg
2,047924.jpg
3,047925.jpg
0,047926.jpg
2,047927.jpg
2,047928.jpg
8,047929.jpg
5,047930.jpg
3,047931.jpg
9,047932.jpg
4,047933.jpg
6,047934.jpg
6,047935.jpg
9,047936.jpg
5,047937.jpg
7,047938.jpg
8,047939.jpg
5,047940.jpg
9,047941.jpg
1,047942.jpg
2,047943.jpg
9,047944.jpg
1,047945.jpg
0,047946.jpg
8,047947.jpg
9,047948.jpg
3,047949.jpg
7,047950.jpg
7,047951.jpg
0,047952.jpg
1,047953.jpg
9,047954.jpg
1,047955.jpg
4,047956.jpg
6,047957.jpg
0,047958.jpg
1,047959.jpg
8,047960.jpg
9,047961.jpg
1,047962.jpg
2,047963.jpg
5,047964.jpg
1,047965.jpg
7,047966.jpg
7,047967.jpg
4,047968.jpg
9,047969.jpg
8,047970.jpg
8,047971.jpg
9,047972.jpg
8,047973.jpg
8,047974.jpg
0,047975.jpg
9,047976.jpg
1,047977.jpg
2,047978.jpg
9,047979.jpg
8,047980.jpg
4,047981.jpg
5,047982.jpg
2,047983.jpg
6,047984.jpg
4,047985.jpg
1,047986.jpg
5,047987.jpg
5,047988.jpg
3,047989.jpg
5,047990.jpg
0,047991.jpg
6,047992.jpg
6,047993.jpg
0,047994.jpg
0,047995.jpg
7,047996.jpg
6,047997.jpg
7,047998.jpg
0,047999.jpg
5,048000.jpg
7,048001.jpg
0,048002.jpg
6,048003.jpg
8,048004.jpg
7,048005.jpg
7,048006.jpg
4,048007.jpg
8,048008.jpg
2,048009.jpg
7,048010.jpg
5,048011.jpg
2,048012.jpg
8,048013.jpg
9,048014.jpg
3,048015.jpg
3,048016.jpg
2,048017.jpg
3,048018.jpg
4,048019.jpg
3,048020.jpg
3,048021.jpg
9,048022.jpg
0,048023.jpg
7,048024.jpg
9,048025.jpg
2,048026.jpg
2,048027.jpg
5,048028.jpg
4,048029.jpg
2,048030.jpg
9,048031.jpg
4,048032.jpg
4,048033.jpg
7,048034.jpg
6,048035.jpg
5,048036.jpg
8,048037.jpg
3,048038.jpg
3,048039.jpg
1,048040.jpg
8,048041.jpg
0,048042.jpg
9,048043.jpg
1,048044.jpg
7,048045.jpg
6,048046.jpg
6,048047.jpg
4,048048.jpg
2,048049.jpg
5,048050.jpg
8,048051.jpg
2,048052.jpg
9,048053.jpg
8,048054.jpg
9,048055.jpg
5,048056.jpg
8,048057.jpg
4,048058.jpg
1,048059.jpg
1,048060.jpg
1,048061.jpg
2,048062.jpg
8,048063.jpg
0,048064.jpg
0,048065.jpg
4,048066.jpg
9,048067.jpg
5,048068.jpg
8,048069.jpg
8,048070.jpg
4,048071.jpg
6,048072.jpg
9,048073.jpg
8,048074.jpg
3,048075.jpg
7,048076.jpg
3,048077.jpg
7,048078.jpg
1,048079.jpg
3,048080.jpg
2,048081.jpg
5,048082.jpg
7,048083.jpg
7,048084.jpg
4,048085.jpg
2,048086.jpg
1,048087.jpg
9,048088.jpg
3,048089.jpg
7,048090.jpg
8,048091.jpg
4,048092.jpg
4,048093.jpg
7,048094.jpg
7,048095.jpg
1,048096.jpg
3,048097.jpg
2,048098.jpg
8,048099.jpg
2,048100.jpg
2,048101.jpg
2,048102.jpg
7,048103.jpg
0,048104.jpg
4,048105.jpg
8,048106.jpg
4,048107.jpg
5,048108.jpg
1,048109.jpg
2,048110.jpg
7,048111.jpg
1,048112.jpg
3,048113.jpg
1,048114.jpg
6,048115.jpg
1,048116.jpg
7,048117.jpg
2,048118.jpg
1,048119.jpg
6,048120.jpg
1,048121.jpg
0,048122.jpg
9,048123.jpg
9,048124.jpg
3,048125.jpg
1,048126.jpg
0,048127.jpg
6,048128.jpg
8,048129.jpg
5,048130.jpg
0,048131.jpg
1,048132.jpg
0,048133.jpg
9,048134.jpg
7,048135.jpg
7,048136.jpg
0,048137.jpg
1,048138.jpg
8,048139.jpg
3,048140.jpg
4,048141.jpg
2,048142.jpg
0,048143.jpg
6,048144.jpg
3,048145.jpg
3,048146.jpg
7,048147.jpg
2,048148.jpg
7,048149.jpg
0,048150.jpg
9,048151.jpg
4,048152.jpg
7,048153.jpg
6,048154.jpg
6,048155.jpg
3,048156.jpg
9,048157.jpg
1,048158.jpg
4,048159.jpg
0,048160.jpg
0,048161.jpg
6,048162.jpg
2,048163.jpg
1,048164.jpg
7,048165.jpg
4,048166.jpg
4,048167.jpg
4,048168.jpg
7,048169.jpg
9,048170.jpg
1,048171.jpg
6,048172.jpg
3,048173.jpg
7,048174.jpg
7,048175.jpg
5,048176.jpg
5,048177.jpg
0,048178.jpg
5,048179.jpg
0,048180.jpg
9,048181.jpg
6,048182.jpg
1,048183.jpg
9,048184.jpg
7,048185.jpg
5,048186.jpg
8,048187.jpg
9,048188.jpg
8,048189.jpg
6,048190.jpg
1,048191.jpg
8,048192.jpg
2,048193.jpg
5,048194.jpg
3,048195.jpg
7,048196.jpg
0,048197.jpg
7,048198.jpg
8,048199.jpg
5,048200.jpg
0,048201.jpg
7,048202.jpg
4,048203.jpg
8,048204.jpg
7,048205.jpg
9,048206.jpg
2,048207.jpg
1,048208.jpg
2,048209.jpg
9,048210.jpg
5,048211.jpg
0,048212.jpg
7,048213.jpg
2,048214.jpg
4,048215.jpg
3,048216.jpg
5,048217.jpg
6,048218.jpg
3,048219.jpg
0,048220.jpg
1,048221.jpg
4,048222.jpg
0,048223.jpg
5,048224.jpg
8,048225.jpg
2,048226.jpg
7,048227.jpg
2,048228.jpg
8,048229.jpg
7,048230.jpg
2,048231.jpg
2,048232.jpg
7,048233.jpg
5,048234.jpg
5,048235.jpg
8,048236.jpg
4,048237.jpg
7,048238.jpg
8,048239.jpg
5,048240.jpg
9,048241.jpg
4,048242.jpg
8,048243.jpg
8,048244.jpg
1,048245.jpg
8,048246.jpg
7,048247.jpg
0,048248.jpg
8,048249.jpg
0,048250.jpg
7,048251.jpg
9,048252.jpg
9,048253.jpg
6,048254.jpg
3,048255.jpg
3,048256.jpg
1,048257.jpg
6,048258.jpg
6,048259.jpg
6,048260.jpg
0,048261.jpg
4,048262.jpg
7,048263.jpg
1,048264.jpg
8,048265.jpg
5,048266.jpg
2,048267.jpg
9,048268.jpg
6,048269.jpg
0,048270.jpg
6,048271.jpg
3,048272.jpg
6,048273.jpg
5,048274.jpg
4,048275.jpg
0,048276.jpg
8,048277.jpg
8,048278.jpg
2,048279.jpg
7,048280.jpg
2,048281.jpg
9,048282.jpg
4,048283.jpg
7,048284.jpg
6,048285.jpg
7,048286.jpg
8,048287.jpg
5,048288.jpg
4,048289.jpg
2,048290.jpg
0,048291.jpg
6,048292.jpg
8,048293.jpg
8,048294.jpg
2,048295.jpg
9,048296.jpg
4,048297.jpg
9,048298.jpg
6,048299.jpg
6,048300.jpg
2,048301.jpg
1,048302.jpg
8,048303.jpg
9,048304.jpg
1,048305.jpg
1,048306.jpg
7,048307.jpg
5,048308.jpg
0,048309.jpg
7,048310.jpg
7,048311.jpg
0,048312.jpg
9,048313.jpg
1,048314.jpg
8,048315.jpg
3,048316.jpg
9,048317.jpg
6,048318.jpg
6,048319.jpg
1,048320.jpg
3,048321.jpg
1,048322.jpg
4,048323.jpg
3,048324.jpg
4,048325.jpg
4,048326.jpg
7,048327.jpg
4,048328.jpg
5,048329.jpg
3,048330.jpg
0,048331.jpg
3,048332.jpg
4,048333.jpg
6,048334.jpg
8,048335.jpg
3,048336.jpg
1,048337.jpg
7,048338.jpg
3,048339.jpg
5,048340.jpg
9,048341.jpg
2,048342.jpg
6,048343.jpg
3,048344.jpg
5,048345.jpg
3,048346.jpg
7,048347.jpg
4,048348.jpg
1,048349.jpg
7,048350.jpg
0,048351.jpg
0,048352.jpg
8,048353.jpg
2,048354.jpg
1,048355.jpg
7,048356.jpg
0,048357.jpg
0,048358.jpg
8,048359.jpg
7,048360.jpg
0,048361.jpg
9,048362.jpg
5,048363.jpg
0,048364.jpg
2,048365.jpg
1,048366.jpg
5,048367.jpg
2,048368.jpg
8,048369.jpg
7,048370.jpg
7,048371.jpg
0,048372.jpg
7,048373.jpg
7,048374.jpg
0,048375.jpg
4,048376.jpg
7,048377.jpg
0,048378.jpg
5,048379.jpg
3,048380.jpg
0,048381.jpg
1,048382.jpg
3,048383.jpg
2,048384.jpg
4,048385.jpg
8,048386.jpg
6,048387.jpg
1,048388.jpg
6,048389.jpg
5,048390.jpg
8,048391.jpg
7,048392.jpg
7,048393.jpg
3,048394.jpg
0,048395.jpg
0,048396.jpg
3,048397.jpg
7,048398.jpg
2,048399.jpg
9,048400.jpg
7,048401.jpg
6,048402.jpg
0,048403.jpg
8,048404.jpg
7,048405.jpg
2,048406.jpg
6,048407.jpg
8,048408.jpg
3,048409.jpg
3,048410.jpg
8,048411.jpg
8,048412.jpg
1,048413.jpg
8,048414.jpg
8,048415.jpg
8,048416.jpg
1,048417.jpg
9,048418.jpg
7,048419.jpg
2,048420.jpg
0,048421.jpg
2,048422.jpg
2,048423.jpg
6,048424.jpg
8,048425.jpg
6,048426.jpg
9,048427.jpg
6,048428.jpg
3,048429.jpg
9,048430.jpg
1,048431.jpg
8,048432.jpg
7,048433.jpg
1,048434.jpg
8,048435.jpg
5,048436.jpg
8,048437.jpg
0,048438.jpg
9,048439.jpg
7,048440.jpg
6,048441.jpg
2,048442.jpg
6,048443.jpg
1,048444.jpg
3,048445.jpg
2,048446.jpg
1,048447.jpg
7,048448.jpg
1,048449.jpg
0,048450.jpg
1,048451.jpg
2,048452.jpg
3,048453.jpg
2,048454.jpg
9,048455.jpg
4,048456.jpg
7,048457.jpg
0,048458.jpg
7,048459.jpg
2,048460.jpg
7,048461.jpg
4,048462.jpg
7,048463.jpg
7,048464.jpg
4,048465.jpg
3,048466.jpg
9,048467.jpg
3,048468.jpg
3,048469.jpg
2,048470.jpg
7,048471.jpg
8,048472.jpg
7,048473.jpg
0,048474.jpg
8,048475.jpg
8,048476.jpg
3,048477.jpg
4,048478.jpg
2,048479.jpg
8,048480.jpg
1,048481.jpg
6,048482.jpg
6,048483.jpg
8,048484.jpg
7,048485.jpg
1,048486.jpg
7,048487.jpg
4,048488.jpg
8,048489.jpg
4,048490.jpg
3,048491.jpg
4,048492.jpg
7,048493.jpg
5,048494.jpg
0,048495.jpg
9,048496.jpg
8,048497.jpg
5,048498.jpg
1,048499.jpg
0,048500.jpg
2,048501.jpg
7,048502.jpg
8,048503.jpg
4,048504.jpg
1,048505.jpg
8,048506.jpg
1,048507.jpg
9,048508.jpg
1,048509.jpg
5,048510.jpg
1,048511.jpg
2,048512.jpg
6,048513.jpg
8,048514.jpg
4,048515.jpg
8,048516.jpg
7,048517.jpg
0,048518.jpg
0,048519.jpg
9,048520.jpg
2,048521.jpg
9,048522.jpg
0,048523.jpg
6,048524.jpg
8,048525.jpg
9,048526.jpg
2,048527.jpg
4,048528.jpg
2,048529.jpg
3,048530.jpg
5,048531.jpg
5,048532.jpg
7,048533.jpg
1,048534.jpg
3,048535.jpg
7,048536.jpg
1,048537.jpg
4,048538.jpg
5,048539.jpg
0,048540.jpg
2,048541.jpg
9,048542.jpg
5,048543.jpg
4,048544.jpg
1,048545.jpg
5,048546.jpg
1,048547.jpg
7,048548.jpg
0,048549.jpg
0,048550.jpg
2,048551.jpg
0,048552.jpg
4,048553.jpg
7,048554.jpg
7,048555.jpg
4,048556.jpg
3,048557.jpg
6,048558.jpg
7,048559.jpg
2,048560.jpg
1,048561.jpg
4,048562.jpg
1,048563.jpg
1,048564.jpg
6,048565.jpg
7,048566.jpg
9,048567.jpg
9,048568.jpg
7,048569.jpg
9,048570.jpg
8,048571.jpg
7,048572.jpg
6,048573.jpg
3,048574.jpg
8,048575.jpg
9,048576.jpg
3,048577.jpg
3,048578.jpg
6,048579.jpg
6,048580.jpg
8,048581.jpg
8,048582.jpg
4,048583.jpg
9,048584.jpg
2,048585.jpg
6,048586.jpg
3,048587.jpg
1,048588.jpg
1,048589.jpg
5,048590.jpg
6,048591.jpg
3,048592.jpg
3,048593.jpg
2,048594.jpg
4,048595.jpg
5,048596.jpg
5,048597.jpg
0,048598.jpg
4,048599.jpg
8,048600.jpg
4,048601.jpg
8,048602.jpg
0,048603.jpg
1,048604.jpg
1,048605.jpg
2,048606.jpg
2,048607.jpg
7,048608.jpg
0,048609.jpg
2,048610.jpg
9,048611.jpg
0,048612.jpg
9,048613.jpg
7,048614.jpg
3,048615.jpg
5,048616.jpg
5,048617.jpg
7,048618.jpg
0,048619.jpg
2,048620.jpg
6,048621.jpg
4,048622.jpg
5,048623.jpg
8,048624.jpg
0,048625.jpg
3,048626.jpg
5,048627.jpg
6,048628.jpg
4,048629.jpg
5,048630.jpg
6,048631.jpg
6,048632.jpg
3,048633.jpg
7,048634.jpg
5,048635.jpg
6,048636.jpg
1,048637.jpg
0,048638.jpg
6,048639.jpg
7,048640.jpg
9,048641.jpg
2,048642.jpg
2,048643.jpg
4,048644.jpg
2,048645.jpg
4,048646.jpg
6,048647.jpg
6,048648.jpg
9,048649.jpg
2,048650.jpg
2,048651.jpg
3,048652.jpg
0,048653.jpg
9,048654.jpg
8,048655.jpg
6,048656.jpg
8,048657.jpg
4,048658.jpg
2,048659.jpg
5,048660.jpg
0,048661.jpg
5,048662.jpg
2,048663.jpg
1,048664.jpg
1,048665.jpg
9,048666.jpg
1,048667.jpg
8,048668.jpg
2,048669.jpg
4,048670.jpg
0,048671.jpg
5,048672.jpg
0,048673.jpg
0,048674.jpg
9,048675.jpg
0,048676.jpg
0,048677.jpg
3,048678.jpg
1,048679.jpg
3,048680.jpg
3,048681.jpg
9,048682.jpg
2,048683.jpg
1,048684.jpg
8,048685.jpg
9,048686.jpg
1,048687.jpg
8,048688.jpg
2,048689.jpg
8,048690.jpg
8,048691.jpg
0,048692.jpg
9,048693.jpg
5,048694.jpg
7,048695.jpg
1,048696.jpg
0,048697.jpg
2,048698.jpg
6,048699.jpg
4,048700.jpg
4,048701.jpg
9,048702.jpg
4,048703.jpg
1,048704.jpg
9,048705.jpg
3,048706.jpg
0,048707.jpg
0,048708.jpg
6,048709.jpg
3,048710.jpg
7,048711.jpg
2,048712.jpg
1,048713.jpg
2,048714.jpg
1,048715.jpg
4,048716.jpg
7,048717.jpg
9,048718.jpg
3,048719.jpg
8,048720.jpg
9,048721.jpg
3,048722.jpg
6,048723.jpg
3,048724.jpg
0,048725.jpg
2,048726.jpg
4,048727.jpg
3,048728.jpg
9,048729.jpg
8,048730.jpg
7,048731.jpg
5,048732.jpg
2,048733.jpg
0,048734.jpg
2,048735.jpg
2,048736.jpg
1,048737.jpg
0,048738.jpg
1,048739.jpg
4,048740.jpg
0,048741.jpg
5,048742.jpg
1,048743.jpg
1,048744.jpg
6,048745.jpg
2,048746.jpg
8,048747.jpg
7,048748.jpg
8,048749.jpg
3,048750.jpg
4,048751.jpg
1,048752.jpg
5,048753.jpg
5,048754.jpg
4,048755.jpg
0,048756.jpg
7,048757.jpg
9,048758.jpg
4,048759.jpg
4,048760.jpg
0,048761.jpg
1,048762.jpg
8,048763.jpg
9,048764.jpg
7,048765.jpg
6,048766.jpg
5,048767.jpg
3,048768.jpg
9,048769.jpg
0,048770.jpg
8,048771.jpg
2,048772.jpg
7,048773.jpg
9,048774.jpg
1,048775.jpg
8,048776.jpg
5,048777.jpg
0,048778.jpg
7,048779.jpg
7,048780.jpg
1,048781.jpg
0,048782.jpg
8,048783.jpg
2,048784.jpg
6,048785.jpg
6,048786.jpg
6,048787.jpg
1,048788.jpg
1,048789.jpg
2,048790.jpg
2,048791.jpg
2,048792.jpg
7,048793.jpg
4,048794.jpg
7,048795.jpg
2,048796.jpg
8,048797.jpg
8,048798.jpg
2,048799.jpg
1,048800.jpg
5,048801.jpg
3,048802.jpg
1,048803.jpg
5,048804.jpg
3,048805.jpg
9,048806.jpg
5,048807.jpg
9,048808.jpg
7,048809.jpg
3,048810.jpg
8,048811.jpg
8,048812.jpg
1,048813.jpg
1,048814.jpg
6,048815.jpg
1,048816.jpg
7,048817.jpg
8,048818.jpg
4,048819.jpg
5,048820.jpg
2,048821.jpg
5,048822.jpg
1,048823.jpg
5,048824.jpg
2,048825.jpg
1,048826.jpg
4,048827.jpg
8,048828.jpg
4,048829.jpg
1,048830.jpg
5,048831.jpg
3,048832.jpg
2,048833.jpg
2,048834.jpg
2,048835.jpg
0,048836.jpg
0,048837.jpg
1,048838.jpg
8,048839.jpg
5,048840.jpg
3,048841.jpg
6,048842.jpg
9,048843.jpg
6,048844.jpg
1,048845.jpg
4,048846.jpg
6,048847.jpg
0,048848.jpg
8,048849.jpg
2,048850.jpg
6,048851.jpg
4,048852.jpg
4,048853.jpg
9,048854.jpg
3,048855.jpg
6,048856.jpg
7,048857.jpg
8,048858.jpg
8,048859.jpg
0,048860.jpg
0,048861.jpg
4,048862.jpg
9,048863.jpg
9,048864.jpg
4,048865.jpg
5,048866.jpg
2,048867.jpg
4,048868.jpg
8,048869.jpg
7,048870.jpg
3,048871.jpg
1,048872.jpg
3,048873.jpg
8,048874.jpg
5,048875.jpg
2,048876.jpg
1,048877.jpg
5,048878.jpg
5,048879.jpg
8,048880.jpg
0,048881.jpg
0,048882.jpg
7,048883.jpg
8,048884.jpg
7,048885.jpg
0,048886.jpg
6,048887.jpg
7,048888.jpg
5,048889.jpg
9,048890.jpg
0,048891.jpg
6,048892.jpg
3,048893.jpg
0,048894.jpg
5,048895.jpg
9,048896.jpg
0,048897.jpg
0,048898.jpg
7,048899.jpg
0,048900.jpg
0,048901.jpg
2,048902.jpg
1,048903.jpg
5,048904.jpg
5,048905.jpg
9,048906.jpg
8,048907.jpg
7,048908.jpg
0,048909.jpg
6,048910.jpg
5,048911.jpg
3,048912.jpg
6,048913.jpg
5,048914.jpg
0,048915.jpg
7,048916.jpg
6,048917.jpg
6,048918.jpg
6,048919.jpg
2,048920.jpg
0,048921.jpg
8,048922.jpg
9,048923.jpg
7,048924.jpg
1,048925.jpg
3,048926.jpg
3,048927.jpg
2,048928.jpg
8,048929.jpg
7,048930.jpg
2,048931.jpg
8,048932.jpg
8,048933.jpg
7,048934.jpg
4,048935.jpg
2,048936.jpg
3,048937.jpg
9,048938.jpg
3,048939.jpg
9,048940.jpg
1,048941.jpg
6,048942.jpg
0,048943.jpg
1,048944.jpg
8,048945.jpg
9,048946.jpg
5,048947.jpg
8,048948.jpg
4,048949.jpg
3,048950.jpg
4,048951.jpg
0,048952.jpg
3,048953.jpg
5,048954.jpg
9,048955.jpg
4,048956.jpg
4,048957.jpg
1,048958.jpg
2,048959.jpg
7,048960.jpg
2,048961.jpg
0,048962.jpg
9,048963.jpg
0,048964.jpg
0,048965.jpg
9,048966.jpg
8,048967.jpg
5,048968.jpg
1,048969.jpg
1,048970.jpg
1,048971.jpg
6,048972.jpg
5,048973.jpg
5,048974.jpg
8,048975.jpg
2,048976.jpg
2,048977.jpg
0,048978.jpg
6,048979.jpg
2,048980.jpg
7,048981.jpg
2,048982.jpg
3,048983.jpg
3,048984.jpg
6,048985.jpg
4,048986.jpg
1,048987.jpg
1,048988.jpg
4,048989.jpg
6,048990.jpg
5,048991.jpg
8,048992.jpg
2,048993.jpg
9,048994.jpg
3,048995.jpg
3,048996.jpg
9,048997.jpg
0,048998.jpg
3,048999.jpg
1,049000.jpg
8,049001.jpg
4,049002.jpg
4,049003.jpg
9,049004.jpg
2,049005.jpg
5,049006.jpg
4,049007.jpg
0,049008.jpg
2,049009.jpg
1,049010.jpg
8,049011.jpg
3,049012.jpg
8,049013.jpg
2,049014.jpg
5,049015.jpg
7,049016.jpg
5,049017.jpg
0,049018.jpg
0,049019.jpg
9,049020.jpg
8,049021.jpg
4,049022.jpg
9,049023.jpg
0,049024.jpg
4,049025.jpg
6,049026.jpg
4,049027.jpg
1,049028.jpg
1,049029.jpg
4,049030.jpg
5,049031.jpg
5,049032.jpg
3,049033.jpg
6,049034.jpg
8,049035.jpg
1,049036.jpg
6,049037.jpg
8,049038.jpg
7,049039.jpg
7,049040.jpg
8,049041.jpg
9,049042.jpg
0,049043.jpg
7,049044.jpg
4,049045.jpg
7,049046.jpg
7,049047.jpg
3,049048.jpg
8,049049.jpg
9,049050.jpg
3,049051.jpg
0,049052.jpg
0,049053.jpg
0,049054.jpg
7,049055.jpg
1,049056.jpg
8,049057.jpg
5,049058.jpg
7,049059.jpg
7,049060.jpg
2,049061.jpg
6,049062.jpg
7,049063.jpg
5,049064.jpg
4,049065.jpg
3,049066.jpg
1,049067.jpg
0,049068.jpg
2,049069.jpg
6,049070.jpg
4,049071.jpg
2,049072.jpg
5,049073.jpg
2,049074.jpg
7,049075.jpg
3,049076.jpg
2,049077.jpg
3,049078.jpg
0,049079.jpg
9,049080.jpg
8,049081.jpg
3,049082.jpg
9,049083.jpg
2,049084.jpg
8,049085.jpg
9,049086.jpg
1,049087.jpg
5,049088.jpg
6,049089.jpg
1,049090.jpg
9,049091.jpg
5,049092.jpg
8,049093.jpg
3,049094.jpg
1,049095.jpg
6,049096.jpg
0,049097.jpg
1,049098.jpg
0,049099.jpg
5,049100.jpg
4,049101.jpg
7,049102.jpg
7,049103.jpg
9,049104.jpg
2,049105.jpg
1,049106.jpg
7,049107.jpg
3,049108.jpg
1,049109.jpg
6,049110.jpg
1,049111.jpg
7,049112.jpg
5,049113.jpg
4,049114.jpg
5,049115.jpg
6,049116.jpg
6,049117.jpg
2,049118.jpg
8,049119.jpg
4,049120.jpg
9,049121.jpg
5,049122.jpg
1,049123.jpg
2,049124.jpg
5,049125.jpg
1,049126.jpg
3,049127.jpg
9,049128.jpg
0,049129.jpg
4,049130.jpg
0,049131.jpg
1,049132.jpg
8,049133.jpg
6,049134.jpg
5,049135.jpg
3,049136.jpg
2,049137.jpg
5,049138.jpg
2,049139.jpg
2,049140.jpg
8,049141.jpg
5,049142.jpg
0,049143.jpg
3,049144.jpg
7,049145.jpg
9,049146.jpg
9,049147.jpg
6,049148.jpg
9,049149.jpg
5,049150.jpg
2,049151.jpg
4,049152.jpg
7,049153.jpg
5,049154.jpg
5,049155.jpg
3,049156.jpg
4,049157.jpg
3,049158.jpg
5,049159.jpg
6,049160.jpg
5,049161.jpg
0,049162.jpg
8,049163.jpg
5,049164.jpg
2,049165.jpg
9,049166.jpg
4,049167.jpg
6,049168.jpg
5,049169.jpg
6,049170.jpg
8,049171.jpg
8,049172.jpg
1,049173.jpg
5,049174.jpg
7,049175.jpg
2,049176.jpg
2,049177.jpg
5,049178.jpg
1,049179.jpg
8,049180.jpg
5,049181.jpg
6,049182.jpg
6,049183.jpg
4,049184.jpg
0,049185.jpg
9,049186.jpg
2,049187.jpg
4,049188.jpg
2,049189.jpg
4,049190.jpg
1,049191.jpg
5,049192.jpg
5,049193.jpg
2,049194.jpg
6,049195.jpg
5,049196.jpg
8,049197.jpg
7,049198.jpg
3,049199.jpg
1,049200.jpg
3,049201.jpg
3,049202.jpg
2,049203.jpg
8,049204.jpg
2,049205.jpg
9,049206.jpg
0,049207.jpg
7,049208.jpg
3,049209.jpg
7,049210.jpg
3,049211.jpg
1,049212.jpg
1,049213.jpg
3,049214.jpg
3,049215.jpg
1,049216.jpg
7,049217.jpg
7,049218.jpg
2,049219.jpg
1,049220.jpg
1,049221.jpg
2,049222.jpg
0,049223.jpg
5,049224.jpg
6,049225.jpg
0,049226.jpg
9,049227.jpg
4,049228.jpg
5,049229.jpg
1,049230.jpg
1,049231.jpg
3,049232.jpg
7,049233.jpg
2,049234.jpg
9,049235.jpg
9,049236.jpg
3,049237.jpg
4,049238.jpg
1,049239.jpg
5,049240.jpg
2,049241.jpg
5,049242.jpg
0,049243.jpg
7,049244.jpg
0,049245.jpg
8,049246.jpg
2,049247.jpg
2,049248.jpg
2,049249.jpg
7,049250.jpg
6,049251.jpg
6,049252.jpg
5,049253.jpg
2,049254.jpg
0,049255.jpg
0,049256.jpg
2,049257.jpg
2,049258.jpg
4,049259.jpg
8,049260.jpg
5,049261.jpg
0,049262.jpg
3,049263.jpg
6,049264.jpg
2,049265.jpg
3,049266.jpg
8,049267.jpg
2,049268.jpg
1,049269.jpg
3,049270.jpg
8,049271.jpg
7,049272.jpg
6,049273.jpg
9,049274.jpg
8,049275.jpg
7,049276.jpg
4,049277.jpg
7,049278.jpg
6,049279.jpg
3,049280.jpg
5,049281.jpg
7,049282.jpg
9,049283.jpg
3,049284.jpg
5,049285.jpg
6,049286.jpg
5,049287.jpg
0,049288.jpg
7,049289.jpg
0,049290.jpg
8,049291.jpg
5,049292.jpg
2,049293.jpg
7,049294.jpg
6,049295.jpg
6,049296.jpg
5,049297.jpg
8,049298.jpg
8,049299.jpg
1,049300.jpg
8,049301.jpg
5,049302.jpg
6,049303.jpg
9,049304.jpg
2,049305.jpg
6,049306.jpg
6,049307.jpg
1,049308.jpg
8,049309.jpg
5,049310.jpg
6,049311.jpg
5,049312.jpg
7,049313.jpg
2,049314.jpg
0,049315.jpg
9,049316.jpg
4,049317.jpg
9,049318.jpg
3,049319.jpg
9,049320.jpg
2,049321.jpg
4,049322.jpg
7,049323.jpg
6,049324.jpg
0,049325.jpg
3,049326.jpg
0,049327.jpg
0,049328.jpg
6,049329.jpg
4,049330.jpg
0,049331.jpg
1,049332.jpg
6,049333.jpg
0,049334.jpg
5,049335.jpg
7,049336.jpg
7,049337.jpg
0,049338.jpg
3,049339.jpg
8,049340.jpg
9,049341.jpg
1,049342.jpg
7,049343.jpg
9,049344.jpg
4,049345.jpg
7,049346.jpg
5,049347.jpg
6,049348.jpg
9,049349.jpg
9,049350.jpg
1,049351.jpg
7,049352.jpg
3,049353.jpg
2,049354.jpg
7,049355.jpg
1,049356.jpg
9,049357.jpg
8,049358.jpg
3,049359.jpg
4,049360.jpg
7,049361.jpg
5,049362.jpg
7,049363.jpg
5,049364.jpg
6,049365.jpg
1,049366.jpg
2,049367.jpg
4,049368.jpg
2,049369.jpg
8,049370.jpg
1,049371.jpg
8,049372.jpg
7,049373.jpg
2,049374.jpg
9,049375.jpg
8,049376.jpg
6,049377.jpg
8,049378.jpg
6,049379.jpg
9,049380.jpg
9,049381.jpg
2,049382.jpg
9,049383.jpg
3,049384.jpg
9,049385.jpg
1,049386.jpg
1,049387.jpg
1,049388.jpg
2,049389.jpg
2,049390.jpg
9,049391.jpg
9,049392.jpg
9,049393.jpg
0,049394.jpg
4,049395.jpg
6,049396.jpg
1,049397.jpg
4,049398.jpg
7,049399.jpg
5,049400.jpg
1,049401.jpg
4,049402.jpg
2,049403.jpg
3,049404.jpg
2,049405.jpg
0,049406.jpg
0,049407.jpg
0,049408.jpg
6,049409.jpg
6,049410.jpg
7,049411.jpg
4,049412.jpg
6,049413.jpg
9,049414.jpg
7,049415.jpg
3,049416.jpg
1,049417.jpg
9,049418.jpg
2,049419.jpg
9,049420.jpg
1,049421.jpg
6,049422.jpg
9,049423.jpg
3,049424.jpg
8,049425.jpg
2,049426.jpg
4,049427.jpg
8,049428.jpg
7,049429.jpg
6,049430.jpg
1,049431.jpg
3,049432.jpg
4,049433.jpg
3,049434.jpg
0,049435.jpg
2,049436.jpg
2,049437.jpg
2,049438.jpg
7,049439.jpg
6,049440.jpg
2,049441.jpg
7,049442.jpg
5,049443.jpg
0,049444.jpg
2,049445.jpg
8,049446.jpg
0,049447.jpg
3,049448.jpg
9,049449.jpg
8,049450.jpg
1,049451.jpg
8,049452.jpg
4,049453.jpg
8,049454.jpg
1,049455.jpg
9,049456.jpg
3,049457.jpg
2,049458.jpg
8,049459.jpg
5,049460.jpg
5,049461.jpg
2,049462.jpg
1,049463.jpg
6,049464.jpg
0,049465.jpg
7,049466.jpg
3,049467.jpg
5,049468.jpg
6,049469.jpg
7,049470.jpg
9,049471.jpg
0,049472.jpg
0,049473.jpg
8,049474.jpg
4,049475.jpg
5,049476.jpg
7,049477.jpg
0,049478.jpg
5,049479.jpg
3,049480.jpg
3,049481.jpg
4,049482.jpg
1,049483.jpg
8,049484.jpg
1,049485.jpg
0,049486.jpg
6,049487.jpg
4,049488.jpg
8,049489.jpg
8,049490.jpg
5,049491.jpg
9,049492.jpg
9,049493.jpg
5,049494.jpg
2,049495.jpg
2,049496.jpg
6,049497.jpg
7,049498.jpg
8,049499.jpg
2,049500.jpg
8,049501.jpg
3,049502.jpg
3,049503.jpg
0,049504.jpg
9,049505.jpg
6,049506.jpg
6,049507.jpg
7,049508.jpg
5,049509.jpg
9,049510.jpg
5,049511.jpg
9,049512.jpg
2,049513.jpg
5,049514.jpg
8,049515.jpg
2,049516.jpg
5,049517.jpg
5,049518.jpg
4,049519.jpg
9,049520.jpg
6,049521.jpg
5,049522.jpg
9,049523.jpg
8,049524.jpg
9,049525.jpg
2,049526.jpg
2,049527.jpg
1,049528.jpg
2,049529.jpg
7,049530.jpg
8,049531.jpg
3,049532.jpg
4,049533.jpg
1,049534.jpg
8,049535.jpg
1,049536.jpg
7,049537.jpg
8,049538.jpg
5,049539.jpg
2,049540.jpg
3,049541.jpg
1,049542.jpg
6,049543.jpg
1,049544.jpg
2,049545.jpg
7,049546.jpg
2,049547.jpg
3,049548.jpg
6,049549.jpg
3,049550.jpg
3,049551.jpg
0,049552.jpg
5,049553.jpg
8,049554.jpg
8,049555.jpg
1,049556.jpg
7,049557.jpg
5,049558.jpg
0,049559.jpg
2,049560.jpg
2,049561.jpg
7,049562.jpg
7,049563.jpg
7,049564.jpg
3,049565.jpg
3,049566.jpg
3,049567.jpg
0,049568.jpg
0,049569.jpg
1,049570.jpg
3,049571.jpg
0,049572.jpg
5,049573.jpg
7,049574.jpg
9,049575.jpg
2,049576.jpg
3,049577.jpg
0,049578.jpg
2,049579.jpg
8,049580.jpg
1,049581.jpg
9,049582.jpg
3,049583.jpg
8,049584.jpg
7,049585.jpg
7,049586.jpg
2,049587.jpg
1,049588.jpg
3,049589.jpg
9,049590.jpg
0,049591.jpg
0,049592.jpg
3,049593.jpg
5,049594.jpg
5,049595.jpg
6,049596.jpg
5,049597.jpg
3,049598.jpg
0,049599.jpg
1,049600.jpg
2,049601.jpg
1,049602.jpg
0,049603.jpg
6,049604.jpg
4,049605.jpg
5,049606.jpg
2,049607.jpg
1,049608.jpg
7,049609.jpg
1,049610.jpg
8,049611.jpg
2,049612.jpg
4,049613.jpg
0,049614.jpg
7,049615.jpg
1,049616.jpg
7,049617.jpg
9,049618.jpg
7,049619.jpg
0,049620.jpg
8,049621.jpg
9,049622.jpg
6,049623.jpg
5,049624.jpg
7,049625.jpg
3,049626.jpg
2,049627.jpg
9,049628.jpg
2,049629.jpg
0,049630.jpg
1,049631.jpg
8,049632.jpg
8,049633.jpg
4,049634.jpg
0,049635.jpg
1,049636.jpg
5,049637.jpg
7,049638.jpg
6,049639.jpg
2,049640.jpg
3,049641.jpg
6,049642.jpg
9,049643.jpg
0,049644.jpg
6,049645.jpg
9,049646.jpg
5,049647.jpg
3,049648.jpg
8,049649.jpg
7,049650.jpg
7,049651.jpg
8,049652.jpg
7,049653.jpg
0,049654.jpg
5,049655.jpg
8,049656.jpg
7,049657.jpg
3,049658.jpg
1,049659.jpg
1,049660.jpg
0,049661.jpg
9,049662.jpg
5,049663.jpg
0,049664.jpg
2,049665.jpg
1,049666.jpg
2,049667.jpg
0,049668.jpg
8,049669.jpg
6,049670.jpg
9,049671.jpg
7,049672.jpg
2,049673.jpg
3,049674.jpg
7,049675.jpg
5,049676.jpg
7,049677.jpg
0,049678.jpg
4,049679.jpg
0,049680.jpg
0,049681.jpg
8,049682.jpg
0,049683.jpg
6,049684.jpg
2,049685.jpg
8,049686.jpg
7,049687.jpg
1,049688.jpg
2,049689.jpg
7,049690.jpg
1,049691.jpg
0,049692.jpg
8,049693.jpg
4,049694.jpg
8,049695.jpg
5,049696.jpg
1,049697.jpg
4,049698.jpg
8,049699.jpg
3,049700.jpg
2,049701.jpg
8,049702.jpg
0,049703.jpg
3,049704.jpg
6,049705.jpg
5,049706.jpg
1,049707.jpg
1,049708.jpg
5,049709.jpg
8,049710.jpg
0,049711.jpg
3,049712.jpg
2,049713.jpg
8,049714.jpg
2,049715.jpg
1,049716.jpg
4,049717.jpg
8,049718.jpg
3,049719.jpg
6,049720.jpg
3,049721.jpg
0,049722.jpg
5,049723.jpg
9,049724.jpg
0,049725.jpg
7,049726.jpg
8,049727.jpg
3,049728.jpg
4,049729.jpg
4,049730.jpg
7,049731.jpg
2,049732.jpg
6,049733.jpg
9,049734.jpg
3,049735.jpg
2,049736.jpg
1,049737.jpg
1,049738.jpg
0,049739.jpg
1,049740.jpg
4,049741.jpg
5,049742.jpg
1,049743.jpg
9,049744.jpg
5,049745.jpg
6,049746.jpg
8,049747.jpg
8,049748.jpg
4,049749.jpg
7,049750.jpg
4,049751.jpg
7,049752.jpg
4,049753.jpg
0,049754.jpg
9,049755.jpg
6,049756.jpg
1,049757.jpg
6,049758.jpg
9,049759.jpg
2,049760.jpg
0,049761.jpg
1,049762.jpg
5,049763.jpg
0,049764.jpg
1,049765.jpg
0,049766.jpg
0,049767.jpg
1,049768.jpg
0,049769.jpg
7,049770.jpg
8,049771.jpg
0,049772.jpg
0,049773.jpg
7,049774.jpg
5,049775.jpg
0,049776.jpg
5,049777.jpg
8,049778.jpg
5,049779.jpg
6,049780.jpg
2,049781.jpg
2,049782.jpg
6,049783.jpg
7,049784.jpg
1,049785.jpg
4,049786.jpg
8,049787.jpg
5,049788.jpg
1,049789.jpg
8,049790.jpg
1,049791.jpg
4,049792.jpg
9,049793.jpg
7,049794.jpg
3,049795.jpg
1,049796.jpg
2,049797.jpg
1,049798.jpg
0,049799.jpg
6,049800.jpg
7,049801.jpg
9,049802.jpg
7,049803.jpg
0,049804.jpg
1,049805.jpg
0,049806.jpg
1,049807.jpg
3,049808.jpg
4,049809.jpg
1,049810.jpg
2,049811.jpg
0,049812.jpg
9,049813.jpg
0,049814.jpg
3,049815.jpg
6,049816.jpg
6,049817.jpg
5,049818.jpg
4,049819.jpg
4,049820.jpg
1,049821.jpg
9,049822.jpg
9,049823.jpg
4,049824.jpg
5,049825.jpg
6,049826.jpg
7,049827.jpg
8,049828.jpg
4,049829.jpg
3,049830.jpg
6,049831.jpg
3,049832.jpg
9,049833.jpg
3,049834.jpg
1,049835.jpg
3,049836.jpg
3,049837.jpg
0,049838.jpg
2,049839.jpg
1,049840.jpg
7,049841.jpg
4,049842.jpg
4,049843.jpg
2,049844.jpg
0,049845.jpg
3,049846.jpg
1,049847.jpg
6,049848.jpg
7,049849.jpg
1,049850.jpg
7,049851.jpg
5,049852.jpg
4,049853.jpg
8,049854.jpg
1,049855.jpg
8,049856.jpg
6,049857.jpg
3,049858.jpg
6,049859.jpg
1,049860.jpg
5,049861.jpg
6,049862.jpg
8,049863.jpg
2,049864.jpg
4,049865.jpg
1,049866.jpg
6,049867.jpg
1,049868.jpg
9,049869.jpg
6,049870.jpg
3,049871.jpg
5,049872.jpg
4,049873.jpg
1,049874.jpg
0,049875.jpg
9,049876.jpg
1,049877.jpg
2,049878.jpg
0,049879.jpg
4,049880.jpg
9,049881.jpg
9,049882.jpg
8,049883.jpg
5,049884.jpg
2,049885.jpg
5,049886.jpg
9,049887.jpg
2,049888.jpg
4,049889.jpg
7,049890.jpg
5,049891.jpg
5,049892.jpg
2,049893.jpg
3,049894.jpg
9,049895.jpg
2,049896.jpg
1,049897.jpg
8,049898.jpg
8,049899.jpg
7,049900.jpg
2,049901.jpg
8,049902.jpg
9,049903.jpg
2,049904.jpg
2,049905.jpg
0,049906.jpg
0,049907.jpg
0,049908.jpg
5,049909.jpg
3,049910.jpg
9,049911.jpg
6,049912.jpg
6,049913.jpg
7,049914.jpg
3,049915.jpg
6,049916.jpg
9,049917.jpg
0,049918.jpg
1,049919.jpg
7,049920.jpg
5,049921.jpg
2,049922.jpg
8,049923.jpg
4,049924.jpg
1,049925.jpg
2,049926.jpg
7,049927.jpg
4,049928.jpg
1,049929.jpg
6,049930.jpg
5,049931.jpg
2,049932.jpg
8,049933.jpg
9,049934.jpg
4,049935.jpg
4,049936.jpg
0,049937.jpg
9,049938.jpg
4,049939.jpg
0,049940.jpg
4,049941.jpg
5,049942.jpg
0,049943.jpg
6,049944.jpg
8,049945.jpg
8,049946.jpg
7,049947.jpg
3,049948.jpg
8,049949.jpg
1,049950.jpg
3,049951.jpg
9,049952.jpg
5,049953.jpg
7,049954.jpg
0,049955.jpg
5,049956.jpg
7,049957.jpg
8,049958.jpg
7,049959.jpg
6,049960.jpg
9,049961.jpg
2,049962.jpg
6,049963.jpg
2,049964.jpg
5,049965.jpg
7,049966.jpg
5,049967.jpg
9,049968.jpg
8,049969.jpg
5,049970.jpg
5,049971.jpg
6,049972.jpg
3,049973.jpg
7,049974.jpg
1,049975.jpg
6,049976.jpg
9,049977.jpg
9,049978.jpg
2,049979.jpg
5,049980.jpg
8,049981.jpg
5,049982.jpg
0,049983.jpg
9,049984.jpg
5,049985.jpg
2,049986.jpg
0,049987.jpg
2,049988.jpg
5,049989.jpg
9,049990.jpg
9,049991.jpg
6,049992.jpg
7,049993.jpg
7,049994.jpg
6,049995.jpg
6,049996.jpg
5,049997.jpg
1,049998.jpg
7,049999.jpg
9,050000.jpg
2,050001.jpg
1,050002.jpg
0,050003.jpg
2,050004.jpg
7,050005.jpg
9,050006.jpg
3,050007.jpg
1,050008.jpg
1,050009.jpg
9,050010.jpg
2,050011.jpg
6,050012.jpg
6,050013.jpg
2,050014.jpg
1,050015.jpg
3,050016.jpg
9,050017.jpg
9,050018.jpg
8,050019.jpg
3,050020.jpg
2,050021.jpg
4,050022.jpg
8,050023.jpg
2,050024.jpg
0,050025.jpg
6,050026.jpg
3,050027.jpg
3,050028.jpg
7,050029.jpg
6,050030.jpg
2,050031.jpg
3,050032.jpg
9,050033.jpg
2,050034.jpg
0,050035.jpg
1,050036.jpg
6,050037.jpg
1,050038.jpg
5,050039.jpg
8,050040.jpg
5,050041.jpg
5,050042.jpg
4,050043.jpg
4,050044.jpg
5,050045.jpg
3,050046.jpg
2,050047.jpg
9,050048.jpg
6,050049.jpg
4,050050.jpg
9,050051.jpg
0,050052.jpg
5,050053.jpg
6,050054.jpg
2,050055.jpg
5,050056.jpg
6,050057.jpg
2,050058.jpg
0,050059.jpg
8,050060.jpg
5,050061.jpg
6,050062.jpg
4,050063.jpg
3,050064.jpg
5,050065.jpg
2,050066.jpg
8,050067.jpg
9,050068.jpg
7,050069.jpg
3,050070.jpg
4,050071.jpg
4,050072.jpg
0,050073.jpg
3,050074.jpg
8,050075.jpg
7,050076.jpg
2,050077.jpg
0,050078.jpg
8,050079.jpg
3,050080.jpg
2,050081.jpg
4,050082.jpg
7,050083.jpg
7,050084.jpg
9,050085.jpg
2,050086.jpg
0,050087.jpg
1,050088.jpg
0,050089.jpg
4,050090.jpg
4,050091.jpg
6,050092.jpg
2,050093.jpg
7,050094.jpg
5,050095.jpg
0,050096.jpg
6,050097.jpg
9,050098.jpg
1,050099.jpg
3,050100.jpg
8,050101.jpg
4,050102.jpg
1,050103.jpg
6,050104.jpg
5,050105.jpg
2,050106.jpg
0,050107.jpg
3,050108.jpg
6,050109.jpg
7,050110.jpg
8,050111.jpg
8,050112.jpg
7,050113.jpg
6,050114.jpg
1,050115.jpg
4,050116.jpg
5,050117.jpg
9,050118.jpg
6,050119.jpg
5,050120.jpg
1,050121.jpg
1,050122.jpg
9,050123.jpg
9,050124.jpg
5,050125.jpg
0,050126.jpg
4,050127.jpg
0,050128.jpg
6,050129.jpg
4,050130.jpg
7,050131.jpg
7,050132.jpg
3,050133.jpg
9,050134.jpg
3,050135.jpg
2,050136.jpg
4,050137.jpg
0,050138.jpg
3,050139.jpg
8,050140.jpg
9,050141.jpg
9,050142.jpg
2,050143.jpg
3,050144.jpg
9,050145.jpg
0,050146.jpg
0,050147.jpg
7,050148.jpg
2,050149.jpg
8,050150.jpg
1,050151.jpg
0,050152.jpg
5,050153.jpg
2,050154.jpg
8,050155.jpg
0,050156.jpg
4,050157.jpg
0,050158.jpg
1,050159.jpg
0,050160.jpg
1,050161.jpg
1,050162.jpg
3,050163.jpg
3,050164.jpg
9,050165.jpg
2,050166.jpg
2,050167.jpg
1,050168.jpg
9,050169.jpg
5,050170.jpg
6,050171.jpg
6,050172.jpg
4,050173.jpg
1,050174.jpg
4,050175.jpg
8,050176.jpg
5,050177.jpg
9,050178.jpg
7,050179.jpg
3,050180.jpg
9,050181.jpg
8,050182.jpg
6,050183.jpg
7,050184.jpg
0,050185.jpg
8,050186.jpg
3,050187.jpg
1,050188.jpg
8,050189.jpg
2,050190.jpg
7,050191.jpg
3,050192.jpg
0,050193.jpg
7,050194.jpg
7,050195.jpg
9,050196.jpg
3,050197.jpg
6,050198.jpg
3,050199.jpg
0,050200.jpg
7,050201.jpg
3,050202.jpg
9,050203.jpg
0,050204.jpg
6,050205.jpg
6,050206.jpg
2,050207.jpg
3,050208.jpg
5,050209.jpg
2,050210.jpg
3,050211.jpg
1,050212.jpg
9,050213.jpg
4,050214.jpg
3,050215.jpg
1,050216.jpg
0,050217.jpg
2,050218.jpg
7,050219.jpg
0,050220.jpg
6,050221.jpg
0,050222.jpg
2,050223.jpg
4,050224.jpg
0,050225.jpg
9,050226.jpg
8,050227.jpg
1,050228.jpg
7,050229.jpg
7,050230.jpg
0,050231.jpg
8,050232.jpg
4,050233.jpg
2,050234.jpg
7,050235.jpg
1,050236.jpg
4,050237.jpg
2,050238.jpg
6,050239.jpg
0,050240.jpg
7,050241.jpg
7,050242.jpg
3,050243.jpg
3,050244.jpg
8,050245.jpg
8,050246.jpg
0,050247.jpg
8,050248.jpg
8,050249.jpg
7,050250.jpg
0,050251.jpg
1,050252.jpg
1,050253.jpg
3,050254.jpg
2,050255.jpg
0,050256.jpg
5,050257.jpg
7,050258.jpg
7,050259.jpg
5,050260.jpg
5,050261.jpg
3,050262.jpg
5,050263.jpg
1,050264.jpg
3,050265.jpg
1,050266.jpg
0,050267.jpg
4,050268.jpg
1,050269.jpg
6,050270.jpg
4,050271.jpg
6,050272.jpg
1,050273.jpg
7,050274.jpg
3,050275.jpg
5,050276.jpg
8,050277.jpg
9,050278.jpg
3,050279.jpg
6,050280.jpg
4,050281.jpg
6,050282.jpg
4,050283.jpg
2,050284.jpg
4,050285.jpg
7,050286.jpg
3,050287.jpg
5,050288.jpg
8,050289.jpg
5,050290.jpg
1,050291.jpg
4,050292.jpg
0,050293.jpg
2,050294.jpg
4,050295.jpg
6,050296.jpg
0,050297.jpg
8,050298.jpg
1,050299.jpg
2,050300.jpg
9,050301.jpg
6,050302.jpg
0,050303.jpg
3,050304.jpg
5,050305.jpg
0,050306.jpg
2,050307.jpg
7,050308.jpg
0,050309.jpg
0,050310.jpg
5,050311.jpg
6,050312.jpg
2,050313.jpg
1,050314.jpg
8,050315.jpg
5,050316.jpg
6,050317.jpg
7,050318.jpg
4,050319.jpg
0,050320.jpg
9,050321.jpg
4,050322.jpg
6,050323.jpg
0,050324.jpg
3,050325.jpg
6,050326.jpg
8,050327.jpg
8,050328.jpg
7,050329.jpg
3,050330.jpg
2,050331.jpg
2,050332.jpg
1,050333.jpg
7,050334.jpg
6,050335.jpg
7,050336.jpg
2,050337.jpg
3,050338.jpg
6,050339.jpg
7,050340.jpg
4,050341.jpg
0,050342.jpg
2,050343.jpg
2,050344.jpg
3,050345.jpg
7,050346.jpg
8,050347.jpg
5,050348.jpg
2,050349.jpg
9,050350.jpg
6,050351.jpg
5,050352.jpg
7,050353.jpg
2,050354.jpg
8,050355.jpg
4,050356.jpg
5,050357.jpg
0,050358.jpg
5,050359.jpg
8,050360.jpg
5,050361.jpg
4,050362.jpg
5,050363.jpg
4,050364.jpg
1,050365.jpg
9,050366.jpg
9,050367.jpg
0,050368.jpg
3,050369.jpg
5,050370.jpg
1,050371.jpg
0,050372.jpg
9,050373.jpg
4,050374.jpg
1,050375.jpg
0,050376.jpg
7,050377.jpg
2,050378.jpg
4,050379.jpg
9,050380.jpg
4,050381.jpg
8,050382.jpg
9,050383.jpg
8,050384.jpg
0,050385.jpg
9,050386.jpg
6,050387.jpg
9,050388.jpg
0,050389.jpg
2,050390.jpg
6,050391.jpg
4,050392.jpg
0,050393.jpg
5,050394.jpg
7,050395.jpg
0,050396.jpg
8,050397.jpg
6,050398.jpg
4,050399.jpg
3,050400.jpg
8,050401.jpg
2,050402.jpg
0,050403.jpg
5,050404.jpg
9,050405.jpg
2,050406.jpg
1,050407.jpg
1,050408.jpg
3,050409.jpg
8,050410.jpg
0,050411.jpg
7,050412.jpg
3,050413.jpg
0,050414.jpg
3,050415.jpg
3,050416.jpg
7,050417.jpg
9,050418.jpg
5,050419.jpg
9,050420.jpg
0,050421.jpg
4,050422.jpg
1,050423.jpg
5,050424.jpg
5,050425.jpg
3,050426.jpg
1,050427.jpg
6,050428.jpg
1,050429.jpg
2,050430.jpg
5,050431.jpg
0,050432.jpg
5,050433.jpg
2,050434.jpg
5,050435.jpg
4,050436.jpg
8,050437.jpg
2,050438.jpg
3,050439.jpg
3,050440.jpg
9,050441.jpg
3,050442.jpg
5,050443.jpg
8,050444.jpg
1,050445.jpg
1,050446.jpg
1,050447.jpg
0,050448.jpg
6,050449.jpg
1,050450.jpg
4,050451.jpg
9,050452.jpg
7,050453.jpg
8,050454.jpg
5,050455.jpg
4,050456.jpg
1,050457.jpg
3,050458.jpg
3,050459.jpg
2,050460.jpg
4,050461.jpg
3,050462.jpg
4,050463.jpg
1,050464.jpg
4,050465.jpg
4,050466.jpg
9,050467.jpg
2,050468.jpg
2,050469.jpg
9,050470.jpg
2,050471.jpg
2,050472.jpg
7,050473.jpg
2,050474.jpg
6,050475.jpg
2,050476.jpg
1,050477.jpg
3,050478.jpg
7,050479.jpg
2,050480.jpg
1,050481.jpg
5,050482.jpg
5,050483.jpg
9,050484.jpg
4,050485.jpg
5,050486.jpg
3,050487.jpg
0,050488.jpg
4,050489.jpg
3,050490.jpg
3,050491.jpg
0,050492.jpg
0,050493.jpg
6,050494.jpg
3,050495.jpg
4,050496.jpg
1,050497.jpg
8,050498.jpg
7,050499.jpg
1,050500.jpg
3,050501.jpg
1,050502.jpg
9,050503.jpg
9,050504.jpg
7,050505.jpg
5,050506.jpg
7,050507.jpg
6,050508.jpg
2,050509.jpg
6,050510.jpg
0,050511.jpg
4,050512.jpg
4,050513.jpg
7,050514.jpg
7,050515.jpg
9,050516.jpg
5,050517.jpg
7,050518.jpg
8,050519.jpg
7,050520.jpg
9,050521.jpg
9,050522.jpg
8,050523.jpg
0,050524.jpg
6,050525.jpg
2,050526.jpg
2,050527.jpg
9,050528.jpg
0,050529.jpg
4,050530.jpg
0,050531.jpg
5,050532.jpg
9,050533.jpg
3,050534.jpg
3,050535.jpg
3,050536.jpg
8,050537.jpg
9,050538.jpg
9,050539.jpg
8,050540.jpg
8,050541.jpg
1,050542.jpg
2,050543.jpg
8,050544.jpg
5,050545.jpg
2,050546.jpg
8,050547.jpg
8,050548.jpg
9,050549.jpg
2,050550.jpg
7,050551.jpg
1,050552.jpg
6,050553.jpg
7,050554.jpg
5,050555.jpg
9,050556.jpg
8,050557.jpg
3,050558.jpg
4,050559.jpg
0,050560.jpg
4,050561.jpg
4,050562.jpg
6,050563.jpg
0,050564.jpg
2,050565.jpg
9,050566.jpg
7,050567.jpg
8,050568.jpg
5,050569.jpg
3,050570.jpg
3,050571.jpg
6,050572.jpg
2,050573.jpg
3,050574.jpg
1,050575.jpg
6,050576.jpg
7,050577.jpg
4,050578.jpg
5,050579.jpg
3,050580.jpg
6,050581.jpg
2,050582.jpg
7,050583.jpg
9,050584.jpg
7,050585.jpg
6,050586.jpg
0,050587.jpg
4,050588.jpg
2,050589.jpg
7,050590.jpg
8,050591.jpg
2,050592.jpg
0,050593.jpg
9,050594.jpg
1,050595.jpg
4,050596.jpg
2,050597.jpg
8,050598.jpg
2,050599.jpg
6,050600.jpg
8,050601.jpg
7,050602.jpg
5,050603.jpg
3,050604.jpg
1,050605.jpg
6,050606.jpg
2,050607.jpg
8,050608.jpg
1,050609.jpg
0,050610.jpg
8,050611.jpg
7,050612.jpg
8,050613.jpg
5,050614.jpg
5,050615.jpg
2,050616.jpg
7,050617.jpg
5,050618.jpg
6,050619.jpg
1,050620.jpg
2,050621.jpg
1,050622.jpg
5,050623.jpg
1,050624.jpg
8,050625.jpg
2,050626.jpg
1,050627.jpg
3,050628.jpg
1,050629.jpg
8,050630.jpg
6,050631.jpg
9,050632.jpg
2,050633.jpg
6,050634.jpg
2,050635.jpg
7,050636.jpg
2,050637.jpg
5,050638.jpg
3,050639.jpg
3,050640.jpg
0,050641.jpg
6,050642.jpg
4,050643.jpg
1,050644.jpg
9,050645.jpg
7,050646.jpg
2,050647.jpg
3,050648.jpg
1,050649.jpg
4,050650.jpg
6,050651.jpg
6,050652.jpg
5,050653.jpg
2,050654.jpg
9,050655.jpg
7,050656.jpg
5,050657.jpg
0,050658.jpg
5,050659.jpg
3,050660.jpg
9,050661.jpg
1,050662.jpg
8,050663.jpg
3,050664.jpg
9,050665.jpg
5,050666.jpg
1,050667.jpg
4,050668.jpg
5,050669.jpg
9,050670.jpg
1,050671.jpg
4,050672.jpg
6,050673.jpg
0,050674.jpg
4,050675.jpg
7,050676.jpg
6,050677.jpg
2,050678.jpg
8,050679.jpg
9,050680.jpg
6,050681.jpg
6,050682.jpg
5,050683.jpg
9,050684.jpg
6,050685.jpg
5,050686.jpg
3,050687.jpg
2,050688.jpg
5,050689.jpg
8,050690.jpg
0,050691.jpg
1,050692.jpg
6,050693.jpg
2,050694.jpg
2,050695.jpg
1,050696.jpg
1,050697.jpg
1,050698.jpg
0,050699.jpg
6,050700.jpg
8,050701.jpg
2,050702.jpg
6,050703.jpg
2,050704.jpg
6,050705.jpg
0,050706.jpg
5,050707.jpg
1,050708.jpg
8,050709.jpg
8,050710.jpg
5,050711.jpg
7,050712.jpg
3,050713.jpg
8,050714.jpg
7,050715.jpg
7,050716.jpg
2,050717.jpg
6,050718.jpg
7,050719.jpg
6,050720.jpg
4,050721.jpg
0,050722.jpg
5,050723.jpg
5,050724.jpg
1,050725.jpg
5,050726.jpg
8,050727.jpg
8,050728.jpg
5,050729.jpg
1,050730.jpg
6,050731.jpg
1,050732.jpg
1,050733.jpg
1,050734.jpg
3,050735.jpg
5,050736.jpg
4,050737.jpg
2,050738.jpg
9,050739.jpg
4,050740.jpg
2,050741.jpg
1,050742.jpg
1,050743.jpg
3,050744.jpg
8,050745.jpg
1,050746.jpg
5,050747.jpg
8,050748.jpg
1,050749.jpg
3,050750.jpg
1,050751.jpg
3,050752.jpg
7,050753.jpg
1,050754.jpg
1,050755.jpg
8,050756.jpg
5,050757.jpg
3,050758.jpg
4,050759.jpg
7,050760.jpg
1,050761.jpg
3,050762.jpg
1,050763.jpg
2,050764.jpg
7,050765.jpg
6,050766.jpg
5,050767.jpg
6,050768.jpg
7,050769.jpg
3,050770.jpg
3,050771.jpg
5,050772.jpg
2,050773.jpg
7,050774.jpg
1,050775.jpg
7,050776.jpg
1,050777.jpg
2,050778.jpg
4,050779.jpg
4,050780.jpg
2,050781.jpg
5,050782.jpg
5,050783.jpg
4,050784.jpg
7,050785.jpg
9,050786.jpg
8,050787.jpg
7,050788.jpg
6,050789.jpg
6,050790.jpg
7,050791.jpg
9,050792.jpg
2,050793.jpg
8,050794.jpg
0,050795.jpg
9,050796.jpg
4,050797.jpg
2,050798.jpg
2,050799.jpg
4,050800.jpg
1,050801.jpg
1,050802.jpg
7,050803.jpg
1,050804.jpg
7,050805.jpg
6,050806.jpg
2,050807.jpg
5,050808.jpg
8,050809.jpg
0,050810.jpg
0,050811.jpg
8,050812.jpg
5,050813.jpg
7,050814.jpg
9,050815.jpg
6,050816.jpg
5,050817.jpg
1,050818.jpg
9,050819.jpg
0,050820.jpg
8,050821.jpg
5,050822.jpg
7,050823.jpg
7,050824.jpg
3,050825.jpg
9,050826.jpg
9,050827.jpg
5,050828.jpg
9,050829.jpg
0,050830.jpg
9,050831.jpg
1,050832.jpg
5,050833.jpg
3,050834.jpg
7,050835.jpg
8,050836.jpg
1,050837.jpg
3,050838.jpg
8,050839.jpg
6,050840.jpg
7,050841.jpg
8,050842.jpg
1,050843.jpg
9,050844.jpg
5,050845.jpg
6,050846.jpg
1,050847.jpg
9,050848.jpg
1,050849.jpg
9,050850.jpg
1,050851.jpg
9,050852.jpg
6,050853.jpg
4,050854.jpg
0,050855.jpg
3,050856.jpg
7,050857.jpg
4,050858.jpg
6,050859.jpg
9,050860.jpg
3,050861.jpg
7,050862.jpg
6,050863.jpg
0,050864.jpg
6,050865.jpg
8,050866.jpg
5,050867.jpg
4,050868.jpg
7,050869.jpg
7,050870.jpg
2,050871.jpg
9,050872.jpg
9,050873.jpg
5,050874.jpg
2,050875.jpg
9,050876.jpg
6,050877.jpg
7,050878.jpg
8,050879.jpg
8,050880.jpg
2,050881.jpg
5,050882.jpg
5,050883.jpg
4,050884.jpg
2,050885.jpg
9,050886.jpg
3,050887.jpg
3,050888.jpg
8,050889.jpg
7,050890.jpg
5,050891.jpg
3,050892.jpg
0,050893.jpg
6,050894.jpg
5,050895.jpg
6,050896.jpg
0,050897.jpg
9,050898.jpg
7,050899.jpg
6,050900.jpg
7,050901.jpg
4,050902.jpg
5,050903.jpg
5,050904.jpg
4,050905.jpg
1,050906.jpg
1,050907.jpg
1,050908.jpg
7,050909.jpg
1,050910.jpg
1,050911.jpg
9,050912.jpg
0,050913.jpg
1,050914.jpg
8,050915.jpg
0,050916.jpg
8,050917.jpg
7,050918.jpg
4,050919.jpg
5,050920.jpg
2,050921.jpg
8,050922.jpg
6,050923.jpg
1,050924.jpg
9,050925.jpg
2,050926.jpg
6,050927.jpg
6,050928.jpg
7,050929.jpg
7,050930.jpg
8,050931.jpg
3,050932.jpg
7,050933.jpg
0,050934.jpg
4,050935.jpg
1,050936.jpg
8,050937.jpg
2,050938.jpg
7,050939.jpg
2,050940.jpg
3,050941.jpg
3,050942.jpg
4,050943.jpg
0,050944.jpg
8,050945.jpg
7,050946.jpg
5,050947.jpg
3,050948.jpg
3,050949.jpg
7,050950.jpg
8,050951.jpg
9,050952.jpg
4,050953.jpg
2,050954.jpg
2,050955.jpg
1,050956.jpg
9,050957.jpg
1,050958.jpg
5,050959.jpg
5,050960.jpg
0,050961.jpg
4,050962.jpg
6,050963.jpg
1,050964.jpg
1,050965.jpg
2,050966.jpg
8,050967.jpg
7,050968.jpg
5,050969.jpg
4,050970.jpg
0,050971.jpg
8,050972.jpg
5,050973.jpg
3,050974.jpg
8,050975.jpg
7,050976.jpg
3,050977.jpg
8,050978.jpg
6,050979.jpg
8,050980.jpg
0,050981.jpg
8,050982.jpg
1,050983.jpg
3,050984.jpg
7,050985.jpg
4,050986.jpg
3,050987.jpg
6,050988.jpg
6,050989.jpg
7,050990.jpg
3,050991.jpg
6,050992.jpg
2,050993.jpg
0,050994.jpg
5,050995.jpg
3,050996.jpg
6,050997.jpg
4,050998.jpg
7,050999.jpg
5,051000.jpg
0,051001.jpg
8,051002.jpg
5,051003.jpg
0,051004.jpg
6,051005.jpg
2,051006.jpg
8,051007.jpg
7,051008.jpg
0,051009.jpg
3,051010.jpg
5,051011.jpg
4,051012.jpg
4,051013.jpg
4,051014.jpg
0,051015.jpg
1,051016.jpg
4,051017.jpg
6,051018.jpg
5,051019.jpg
5,051020.jpg
0,051021.jpg
3,051022.jpg
4,051023.jpg
0,051024.jpg
0,051025.jpg
3,051026.jpg
5,051027.jpg
9,051028.jpg
9,051029.jpg
0,051030.jpg
8,051031.jpg
2,051032.jpg
1,051033.jpg
9,051034.jpg
4,051035.jpg
2,051036.jpg
5,051037.jpg
0,051038.jpg
9,051039.jpg
5,051040.jpg
7,051041.jpg
9,051042.jpg
7,051043.jpg
4,051044.jpg
9,051045.jpg
1,051046.jpg
7,051047.jpg
1,051048.jpg
9,051049.jpg
2,051050.jpg
8,051051.jpg
5,051052.jpg
5,051053.jpg
8,051054.jpg
2,051055.jpg
9,051056.jpg
7,051057.jpg
7,051058.jpg
3,051059.jpg
7,051060.jpg
2,051061.jpg
7,051062.jpg
8,051063.jpg
0,051064.jpg
6,051065.jpg
4,051066.jpg
1,051067.jpg
5,051068.jpg
5,051069.jpg
0,051070.jpg
5,051071.jpg
2,051072.jpg
2,051073.jpg
8,051074.jpg
3,051075.jpg
3,051076.jpg
1,051077.jpg
6,051078.jpg
4,051079.jpg
9,051080.jpg
1,051081.jpg
3,051082.jpg
8,051083.jpg
7,051084.jpg
6,051085.jpg
9,051086.jpg
0,051087.jpg
8,051088.jpg
8,051089.jpg
0,051090.jpg
9,051091.jpg
7,051092.jpg
7,051093.jpg
3,051094.jpg
9,051095.jpg
2,051096.jpg
4,051097.jpg
9,051098.jpg
4,051099.jpg
1,051100.jpg
0,051101.jpg
6,051102.jpg
6,051103.jpg
7,051104.jpg
3,051105.jpg
7,051106.jpg
4,051107.jpg
6,051108.jpg
7,051109.jpg
5,051110.jpg
1,051111.jpg
3,051112.jpg
5,051113.jpg
6,051114.jpg
5,051115.jpg
8,051116.jpg
0,051117.jpg
4,051118.jpg
0,051119.jpg
6,051120.jpg
8,051121.jpg
2,051122.jpg
9,051123.jpg
1,051124.jpg
4,051125.jpg
2,051126.jpg
8,051127.jpg
5,051128.jpg
2,051129.jpg
5,051130.jpg
1,051131.jpg
3,051132.jpg
7,051133.jpg
0,051134.jpg
0,051135.jpg
8,051136.jpg
7,051137.jpg
0,051138.jpg
6,051139.jpg
1,051140.jpg
2,051141.jpg
6,051142.jpg
0,051143.jpg
6,051144.jpg
6,051145.jpg
0,051146.jpg
1,051147.jpg
9,051148.jpg
3,051149.jpg
0,051150.jpg
1,051151.jpg
4,051152.jpg
6,051153.jpg
6,051154.jpg
3,051155.jpg
6,051156.jpg
0,051157.jpg
2,051158.jpg
7,051159.jpg
2,051160.jpg
5,051161.jpg
2,051162.jpg
0,051163.jpg
2,051164.jpg
7,051165.jpg
2,051166.jpg
0,051167.jpg
3,051168.jpg
5,051169.jpg
9,051170.jpg
7,051171.jpg
2,051172.jpg
3,051173.jpg
3,051174.jpg
5,051175.jpg
3,051176.jpg
6,051177.jpg
1,051178.jpg
0,051179.jpg
8,051180.jpg
2,051181.jpg
3,051182.jpg
4,051183.jpg
8,051184.jpg
5,051185.jpg
9,051186.jpg
6,051187.jpg
8,051188.jpg
5,051189.jpg
4,051190.jpg
2,051191.jpg
0,051192.jpg
9,051193.jpg
2,051194.jpg
3,051195.jpg
9,051196.jpg
8,051197.jpg
3,051198.jpg
9,051199.jpg
5,051200.jpg
0,051201.jpg
3,051202.jpg
1,051203.jpg
9,051204.jpg
3,051205.jpg
6,051206.jpg
8,051207.jpg
8,051208.jpg
5,051209.jpg
5,051210.jpg
7,051211.jpg
4,051212.jpg
7,051213.jpg
7,051214.jpg
8,051215.jpg
4,051216.jpg
0,051217.jpg
5,051218.jpg
1,051219.jpg
0,051220.jpg
4,051221.jpg
5,051222.jpg
3,051223.jpg
6,051224.jpg
5,051225.jpg
7,051226.jpg
5,051227.jpg
0,051228.jpg
7,051229.jpg
3,051230.jpg
5,051231.jpg
0,051232.jpg
7,051233.jpg
3,051234.jpg
2,051235.jpg
8,051236.jpg
6,051237.jpg
3,051238.jpg
2,051239.jpg
4,051240.jpg
4,051241.jpg
9,051242.jpg
6,051243.jpg
6,051244.jpg
3,051245.jpg
0,051246.jpg
1,051247.jpg
7,051248.jpg
3,051249.jpg
9,051250.jpg
3,051251.jpg
4,051252.jpg
0,051253.jpg
1,051254.jpg
2,051255.jpg
4,051256.jpg
2,051257.jpg
5,051258.jpg
9,051259.jpg
3,051260.jpg
1,051261.jpg
2,051262.jpg
2,051263.jpg
5,051264.jpg
5,051265.jpg
5,051266.jpg
8,051267.jpg
7,051268.jpg
8,051269.jpg
0,051270.jpg
4,051271.jpg
0,051272.jpg
6,051273.jpg
9,051274.jpg
2,051275.jpg
2,051276.jpg
9,051277.jpg
1,051278.jpg
3,051279.jpg
5,051280.jpg
0,051281.jpg
7,051282.jpg
5,051283.jpg
2,051284.jpg
2,051285.jpg
4,051286.jpg
6,051287.jpg
9,051288.jpg
8,051289.jpg
7,051290.jpg
4,051291.jpg
4,051292.jpg
5,051293.jpg
9,051294.jpg
2,051295.jpg
3,051296.jpg
4,051297.jpg
4,051298.jpg
6,051299.jpg
3,051300.jpg
3,051301.jpg
6,051302.jpg
2,051303.jpg
7,051304.jpg
0,051305.jpg
5,051306.jpg
0,051307.jpg
3,051308.jpg
1,051309.jpg
8,051310.jpg
2,051311.jpg
7,051312.jpg
9,051313.jpg
4,051314.jpg
2,051315.jpg
2,051316.jpg
0,051317.jpg
4,051318.jpg
6,051319.jpg
4,051320.jpg
4,051321.jpg
2,051322.jpg
3,051323.jpg
0,051324.jpg
0,051325.jpg
8,051326.jpg
7,051327.jpg
2,051328.jpg
4,051329.jpg
7,051330.jpg
8,051331.jpg
7,051332.jpg
0,051333.jpg
4,051334.jpg
3,051335.jpg
3,051336.jpg
9,051337.jpg
3,051338.jpg
2,051339.jpg
7,051340.jpg
8,051341.jpg
2,051342.jpg
6,051343.jpg
2,051344.jpg
2,051345.jpg
8,051346.jpg
5,051347.jpg
1,051348.jpg
7,051349.jpg
1,051350.jpg
0,051351.jpg
4,051352.jpg
9,051353.jpg
7,051354.jpg
6,051355.jpg
3,051356.jpg
0,051357.jpg
5,051358.jpg
8,051359.jpg
2,051360.jpg
2,051361.jpg
0,051362.jpg
7,051363.jpg
5,051364.jpg
3,051365.jpg
0,051366.jpg
4,051367.jpg
7,051368.jpg
3,051369.jpg
5,051370.jpg
8,051371.jpg
4,051372.jpg
9,051373.jpg
2,051374.jpg
3,051375.jpg
1,051376.jpg
9,051377.jpg
8,051378.jpg
6,051379.jpg
7,051380.jpg
3,051381.jpg
6,051382.jpg
5,051383.jpg
1,051384.jpg
9,051385.jpg
9,051386.jpg
2,051387.jpg
7,051388.jpg
1,051389.jpg
8,051390.jpg
5,051391.jpg
7,051392.jpg
5,051393.jpg
7,051394.jpg
7,051395.jpg
8,051396.jpg
0,051397.jpg
1,051398.jpg
3,051399.jpg
6,051400.jpg
6,051401.jpg
3,051402.jpg
5,051403.jpg
0,051404.jpg
3,051405.jpg
6,051406.jpg
3,051407.jpg
3,051408.jpg
8,051409.jpg
5,051410.jpg
4,051411.jpg
6,051412.jpg
0,051413.jpg
3,051414.jpg
0,051415.jpg
4,051416.jpg
7,051417.jpg
2,051418.jpg
5,051419.jpg
7,051420.jpg
3,051421.jpg
2,051422.jpg
0,051423.jpg
4,051424.jpg
0,051425.jpg
7,051426.jpg
9,051427.jpg
8,051428.jpg
3,051429.jpg
9,051430.jpg
1,051431.jpg
3,051432.jpg
0,051433.jpg
8,051434.jpg
1,051435.jpg
4,051436.jpg
2,051437.jpg
1,051438.jpg
4,051439.jpg
2,051440.jpg
1,051441.jpg
1,051442.jpg
8,051443.jpg
3,051444.jpg
9,051445.jpg
5,051446.jpg
9,051447.jpg
6,051448.jpg
1,051449.jpg
3,051450.jpg
6,051451.jpg
8,051452.jpg
5,051453.jpg
5,051454.jpg
2,051455.jpg
1,051456.jpg
3,051457.jpg
9,051458.jpg
9,051459.jpg
3,051460.jpg
1,051461.jpg
8,051462.jpg
3,051463.jpg
0,051464.jpg
4,051465.jpg
5,051466.jpg
3,051467.jpg
0,051468.jpg
3,051469.jpg
4,051470.jpg
8,051471.jpg
0,051472.jpg
1,051473.jpg
0,051474.jpg
8,051475.jpg
1,051476.jpg
6,051477.jpg
3,051478.jpg
5,051479.jpg
5,051480.jpg
6,051481.jpg
9,051482.jpg
1,051483.jpg
4,051484.jpg
9,051485.jpg
9,051486.jpg
1,051487.jpg
6,051488.jpg
6,051489.jpg
0,051490.jpg
4,051491.jpg
9,051492.jpg
3,051493.jpg
1,051494.jpg
7,051495.jpg
6,051496.jpg
5,051497.jpg
6,051498.jpg
1,051499.jpg
9,051500.jpg
4,051501.jpg
4,051502.jpg
1,051503.jpg
7,051504.jpg
7,051505.jpg
2,051506.jpg
3,051507.jpg
8,051508.jpg
7,051509.jpg
2,051510.jpg
3,051511.jpg
5,051512.jpg
9,051513.jpg
4,051514.jpg
8,051515.jpg
6,051516.jpg
6,051517.jpg
0,051518.jpg
0,051519.jpg
4,051520.jpg
0,051521.jpg
4,051522.jpg
0,051523.jpg
0,051524.jpg
6,051525.jpg
2,051526.jpg
4,051527.jpg
9,051528.jpg
2,051529.jpg
3,051530.jpg
4,051531.jpg
5,051532.jpg
2,051533.jpg
7,051534.jpg
3,051535.jpg
1,051536.jpg
5,051537.jpg
4,051538.jpg
9,051539.jpg
9,051540.jpg
2,051541.jpg
2,051542.jpg
7,051543.jpg
6,051544.jpg
4,051545.jpg
9,051546.jpg
6,051547.jpg
0,051548.jpg
3,051549.jpg
6,051550.jpg
4,051551.jpg
4,051552.jpg
5,051553.jpg
1,051554.jpg
5,051555.jpg
1,051556.jpg
9,051557.jpg
0,051558.jpg
2,051559.jpg
4,051560.jpg
7,051561.jpg
2,051562.jpg
1,051563.jpg
4,051564.jpg
9,051565.jpg
9,051566.jpg
2,051567.jpg
5,051568.jpg
4,051569.jpg
1,051570.jpg
6,051571.jpg
8,051572.jpg
9,051573.jpg
9,051574.jpg
5,051575.jpg
1,051576.jpg
4,051577.jpg
1,051578.jpg
4,051579.jpg
8,051580.jpg
5,051581.jpg
8,051582.jpg
7,051583.jpg
0,051584.jpg
6,051585.jpg
4,051586.jpg
6,051587.jpg
1,051588.jpg
7,051589.jpg
5,051590.jpg
8,051591.jpg
9,051592.jpg
4,051593.jpg
4,051594.jpg
4,051595.jpg
8,051596.jpg
6,051597.jpg
6,051598.jpg
3,051599.jpg
3,051600.jpg
7,051601.jpg
0,051602.jpg
4,051603.jpg
5,051604.jpg
6,051605.jpg
2,051606.jpg
3,051607.jpg
4,051608.jpg
9,051609.jpg
6,051610.jpg
9,051611.jpg
5,051612.jpg
9,051613.jpg
2,051614.jpg
0,051615.jpg
9,051616.jpg
2,051617.jpg
3,051618.jpg
0,051619.jpg
7,051620.jpg
0,051621.jpg
6,051622.jpg
0,051623.jpg
8,051624.jpg
5,051625.jpg
2,051626.jpg
3,051627.jpg
7,051628.jpg
3,051629.jpg
0,051630.jpg
2,051631.jpg
2,051632.jpg
2,051633.jpg
3,051634.jpg
2,051635.jpg
6,051636.jpg
4,051637.jpg
2,051638.jpg
4,051639.jpg
4,051640.jpg
6,051641.jpg
5,051642.jpg
2,051643.jpg
0,051644.jpg
7,051645.jpg
4,051646.jpg
2,051647.jpg
3,051648.jpg
0,051649.jpg
6,051650.jpg
3,051651.jpg
4,051652.jpg
4,051653.jpg
6,051654.jpg
3,051655.jpg
2,051656.jpg
2,051657.jpg
8,051658.jpg
7,051659.jpg
4,051660.jpg
6,051661.jpg
1,051662.jpg
3,051663.jpg
2,051664.jpg
4,051665.jpg
3,051666.jpg
6,051667.jpg
0,051668.jpg
0,051669.jpg
1,051670.jpg
3,051671.jpg
6,051672.jpg
9,051673.jpg
9,051674.jpg
5,051675.jpg
8,051676.jpg
0,051677.jpg
1,051678.jpg
9,051679.jpg
6,051680.jpg
8,051681.jpg
4,051682.jpg
9,051683.jpg
5,051684.jpg
5,051685.jpg
2,051686.jpg
8,051687.jpg
9,051688.jpg
0,051689.jpg
3,051690.jpg
5,051691.jpg
3,051692.jpg
3,051693.jpg
2,051694.jpg
3,051695.jpg
8,051696.jpg
7,051697.jpg
0,051698.jpg
4,051699.jpg
1,051700.jpg
0,051701.jpg
2,051702.jpg
1,051703.jpg
2,051704.jpg
3,051705.jpg
9,051706.jpg
3,051707.jpg
8,051708.jpg
4,051709.jpg
9,051710.jpg
8,051711.jpg
9,051712.jpg
7,051713.jpg
2,051714.jpg
8,051715.jpg
5,051716.jpg
3,051717.jpg
6,051718.jpg
1,051719.jpg
4,051720.jpg
1,051721.jpg
7,051722.jpg
5,051723.jpg
1,051724.jpg
0,051725.jpg
0,051726.jpg
4,051727.jpg
0,051728.jpg
9,051729.jpg
4,051730.jpg
3,051731.jpg
9,051732.jpg
9,051733.jpg
4,051734.jpg
0,051735.jpg
4,051736.jpg
3,051737.jpg
7,051738.jpg
6,051739.jpg
8,051740.jpg
1,051741.jpg
1,051742.jpg
7,051743.jpg
5,051744.jpg
8,051745.jpg
7,051746.jpg
5,051747.jpg
2,051748.jpg
9,051749.jpg
5,051750.jpg
1,051751.jpg
7,051752.jpg
0,051753.jpg
5,051754.jpg
3,051755.jpg
0,051756.jpg
8,051757.jpg
4,051758.jpg
7,051759.jpg
5,051760.jpg
1,051761.jpg
6,051762.jpg
6,051763.jpg
9,051764.jpg
2,051765.jpg
3,051766.jpg
5,051767.jpg
3,051768.jpg
8,051769.jpg
2,051770.jpg
4,051771.jpg
3,051772.jpg
9,051773.jpg
8,051774.jpg
5,051775.jpg
1,051776.jpg
7,051777.jpg
4,051778.jpg
9,051779.jpg
0,051780.jpg
7,051781.jpg
2,051782.jpg
6,051783.jpg
1,051784.jpg
9,051785.jpg
4,051786.jpg
4,051787.jpg
7,051788.jpg
6,051789.jpg
2,051790.jpg
9,051791.jpg
0,051792.jpg
1,051793.jpg
8,051794.jpg
1,051795.jpg
2,051796.jpg
2,051797.jpg
3,051798.jpg
6,051799.jpg
3,051800.jpg
0,051801.jpg
7,051802.jpg
9,051803.jpg
1,051804.jpg
8,051805.jpg
7,051806.jpg
6,051807.jpg
2,051808.jpg
9,051809.jpg
7,051810.jpg
4,051811.jpg
4,051812.jpg
9,051813.jpg
7,051814.jpg
5,051815.jpg
0,051816.jpg
3,051817.jpg
9,051818.jpg
8,051819.jpg
2,051820.jpg
9,051821.jpg
0,051822.jpg
2,051823.jpg
1,051824.jpg
8,051825.jpg
5,051826.jpg
2,051827.jpg
0,051828.jpg
4,051829.jpg
3,051830.jpg
5,051831.jpg
2,051832.jpg
8,051833.jpg
7,051834.jpg
4,051835.jpg
3,051836.jpg
7,051837.jpg
1,051838.jpg
5,051839.jpg
2,051840.jpg
4,051841.jpg
3,051842.jpg
1,051843.jpg
6,051844.jpg
7,051845.jpg
9,051846.jpg
2,051847.jpg
6,051848.jpg
4,051849.jpg
9,051850.jpg
1,051851.jpg
4,051852.jpg
9,051853.jpg
0,051854.jpg
3,051855.jpg
7,051856.jpg
0,051857.jpg
8,051858.jpg
8,051859.jpg
3,051860.jpg
4,051861.jpg
3,051862.jpg
7,051863.jpg
8,051864.jpg
7,051865.jpg
4,051866.jpg
9,051867.jpg
2,051868.jpg
4,051869.jpg
1,051870.jpg
2,051871.jpg
9,051872.jpg
3,051873.jpg
4,051874.jpg
1,051875.jpg
4,051876.jpg
0,051877.jpg
9,051878.jpg
8,051879.jpg
2,051880.jpg
5,051881.jpg
3,051882.jpg
9,051883.jpg
3,051884.jpg
2,051885.jpg
0,051886.jpg
9,051887.jpg
5,051888.jpg
9,051889.jpg
5,051890.jpg
9,051891.jpg
2,051892.jpg
0,051893.jpg
4,051894.jpg
7,051895.jpg
8,051896.jpg
2,051897.jpg
4,051898.jpg
0,051899.jpg
5,051900.jpg
5,051901.jpg
1,051902.jpg
8,051903.jpg
8,051904.jpg
4,051905.jpg
3,051906.jpg
8,051907.jpg
6,051908.jpg
4,051909.jpg
1,051910.jpg
6,051911.jpg
8,051912.jpg
9,051913.jpg
6,051914.jpg
0,051915.jpg
4,051916.jpg
1,051917.jpg
6,051918.jpg
7,051919.jpg
5,051920.jpg
0,051921.jpg
8,051922.jpg
4,051923.jpg
2,051924.jpg
9,051925.jpg
2,051926.jpg
1,051927.jpg
9,051928.jpg
1,051929.jpg
7,051930.jpg
4,051931.jpg
5,051932.jpg
6,051933.jpg
7,051934.jpg
8,051935.jpg
0,051936.jpg
4,051937.jpg
9,051938.jpg
0,051939.jpg
6,051940.jpg
1,051941.jpg
8,051942.jpg
9,051943.jpg
9,051944.jpg
3,051945.jpg
0,051946.jpg
8,051947.jpg
3,051948.jpg
2,051949.jpg
5,051950.jpg
4,051951.jpg
5,051952.jpg
9,051953.jpg
6,051954.jpg
5,051955.jpg
2,051956.jpg
0,051957.jpg
8,051958.jpg
8,051959.jpg
9,051960.jpg
4,051961.jpg
4,051962.jpg
4,051963.jpg
6,051964.jpg
6,051965.jpg
6,051966.jpg
1,051967.jpg
3,051968.jpg
3,051969.jpg
1,051970.jpg
2,051971.jpg
9,051972.jpg
5,051973.jpg
1,051974.jpg
4,051975.jpg
1,051976.jpg
5,051977.jpg
7,051978.jpg
0,051979.jpg
0,051980.jpg
7,051981.jpg
1,051982.jpg
4,051983.jpg
5,051984.jpg
4,051985.jpg
5,051986.jpg
8,051987.jpg
5,051988.jpg
4,051989.jpg
6,051990.jpg
3,051991.jpg
7,051992.jpg
7,051993.jpg
7,051994.jpg
5,051995.jpg
7,051996.jpg
9,051997.jpg
3,051998.jpg
4,051999.jpg
8,052000.jpg
9,052001.jpg
5,052002.jpg
1,052003.jpg
4,052004.jpg
2,052005.jpg
1,052006.jpg
4,052007.jpg
1,052008.jpg
6,052009.jpg
1,052010.jpg
7,052011.jpg
1,052012.jpg
3,052013.jpg
6,052014.jpg
3,052015.jpg
5,052016.jpg
3,052017.jpg
5,052018.jpg
1,052019.jpg
2,052020.jpg
8,052021.jpg
9,052022.jpg
6,052023.jpg
9,052024.jpg
6,052025.jpg
6,052026.jpg
4,052027.jpg
4,052028.jpg
6,052029.jpg
1,052030.jpg
1,052031.jpg
3,052032.jpg
5,052033.jpg
9,052034.jpg
1,052035.jpg
2,052036.jpg
0,052037.jpg
5,052038.jpg
9,052039.jpg
8,052040.jpg
1,052041.jpg
5,052042.jpg
6,052043.jpg
5,052044.jpg
6,052045.jpg
7,052046.jpg
0,052047.jpg
1,052048.jpg
7,052049.jpg
1,052050.jpg
9,052051.jpg
4,052052.jpg
5,052053.jpg
7,052054.jpg
0,052055.jpg
4,052056.jpg
7,052057.jpg
3,052058.jpg
6,052059.jpg
1,052060.jpg
1,052061.jpg
0,052062.jpg
2,052063.jpg
4,052064.jpg
2,052065.jpg
5,052066.jpg
2,052067.jpg
1,052068.jpg
2,052069.jpg
0,052070.jpg
2,052071.jpg
9,052072.jpg
9,052073.jpg
9,052074.jpg
1,052075.jpg
5,052076.jpg
5,052077.jpg
9,052078.jpg
3,052079.jpg
1,052080.jpg
8,052081.jpg
3,052082.jpg
4,052083.jpg
7,052084.jpg
9,052085.jpg
0,052086.jpg
8,052087.jpg
2,052088.jpg
9,052089.jpg
9,052090.jpg
4,052091.jpg
1,052092.jpg
3,052093.jpg
4,052094.jpg
3,052095.jpg
9,052096.jpg
1,052097.jpg
0,052098.jpg
0,052099.jpg
0,052100.jpg
3,052101.jpg
4,052102.jpg
9,052103.jpg
9,052104.jpg
4,052105.jpg
3,052106.jpg
2,052107.jpg
9,052108.jpg
7,052109.jpg
4,052110.jpg
6,052111.jpg
8,052112.jpg
7,052113.jpg
2,052114.jpg
0,052115.jpg
4,052116.jpg
9,052117.jpg
3,052118.jpg
6,052119.jpg
9,052120.jpg
4,052121.jpg
7,052122.jpg
7,052123.jpg
8,052124.jpg
8,052125.jpg
3,052126.jpg
6,052127.jpg
0,052128.jpg
0,052129.jpg
4,052130.jpg
3,052131.jpg
8,052132.jpg
7,052133.jpg
2,052134.jpg
1,052135.jpg
4,052136.jpg
4,052137.jpg
9,052138.jpg
3,052139.jpg
4,052140.jpg
2,052141.jpg
1,052142.jpg
4,052143.jpg
4,052144.jpg
1,052145.jpg
0,052146.jpg
4,052147.jpg
6,052148.jpg
3,052149.jpg
2,052150.jpg
2,052151.jpg
7,052152.jpg
3,052153.jpg
1,052154.jpg
5,052155.jpg
2,052156.jpg
6,052157.jpg
7,052158.jpg
6,052159.jpg
3,052160.jpg
4,052161.jpg
1,052162.jpg
0,052163.jpg
1,052164.jpg
7,052165.jpg
3,052166.jpg
7,052167.jpg
9,052168.jpg
3,052169.jpg
7,052170.jpg
2,052171.jpg
5,052172.jpg
8,052173.jpg
2,052174.jpg
5,052175.jpg
4,052176.jpg
2,052177.jpg
7,052178.jpg
3,052179.jpg
8,052180.jpg
8,052181.jpg
1,052182.jpg
4,052183.jpg
8,052184.jpg
3,052185.jpg
1,052186.jpg
9,052187.jpg
0,052188.jpg
9,052189.jpg
7,052190.jpg
0,052191.jpg
9,052192.jpg
7,052193.jpg
0,052194.jpg
1,052195.jpg
5,052196.jpg
3,052197.jpg
3,052198.jpg
6,052199.jpg
3,052200.jpg
8,052201.jpg
4,052202.jpg
5,052203.jpg
2,052204.jpg
5,052205.jpg
1,052206.jpg
8,052207.jpg
5,052208.jpg
1,052209.jpg
1,052210.jpg
8,052211.jpg
9,052212.jpg
3,052213.jpg
2,052214.jpg
7,052215.jpg
6,052216.jpg
1,052217.jpg
9,052218.jpg
6,052219.jpg
4,052220.jpg
0,052221.jpg
1,052222.jpg
3,052223.jpg
2,052224.jpg
0,052225.jpg
8,052226.jpg
6,052227.jpg
0,052228.jpg
2,052229.jpg
1,052230.jpg
1,052231.jpg
2,052232.jpg
2,052233.jpg
9,052234.jpg
2,052235.jpg
8,052236.jpg
6,052237.jpg
7,052238.jpg
7,052239.jpg
5,052240.jpg
2,052241.jpg
6,052242.jpg
1,052243.jpg
5,052244.jpg
8,052245.jpg
5,052246.jpg
7,052247.jpg
8,052248.jpg
3,052249.jpg
0,052250.jpg
0,052251.jpg
5,052252.jpg
9,052253.jpg
9,052254.jpg
6,052255.jpg
6,052256.jpg
6,052257.jpg
5,052258.jpg
6,052259.jpg
2,052260.jpg
7,052261.jpg
0,052262.jpg
1,052263.jpg
8,052264.jpg
8,052265.jpg
2,052266.jpg
0,052267.jpg
6,052268.jpg
9,052269.jpg
0,052270.jpg
9,052271.jpg
8,052272.jpg
2,052273.jpg
9,052274.jpg
9,052275.jpg
3,052276.jpg
5,052277.jpg
3,052278.jpg
6,052279.jpg
2,052280.jpg
4,052281.jpg
1,052282.jpg
3,052283.jpg
4,052284.jpg
8,052285.jpg
5,052286.jpg
0,052287.jpg
7,052288.jpg
3,052289.jpg
9,052290.jpg
5,052291.jpg
9,052292.jpg
1,052293.jpg
3,052294.jpg
5,052295.jpg
0,052296.jpg
3,052297.jpg
6,052298.jpg
4,052299.jpg
2,052300.jpg
9,052301.jpg
1,052302.jpg
0,052303.jpg
0,052304.jpg
0,052305.jpg
3,052306.jpg
6,052307.jpg
3,052308.jpg
0,052309.jpg
3,052310.jpg
4,052311.jpg
9,052312.jpg
7,052313.jpg
5,052314.jpg
7,052315.jpg
7,052316.jpg
3,052317.jpg
3,052318.jpg
0,052319.jpg
0,052320.jpg
6,052321.jpg
4,052322.jpg
6,052323.jpg
5,052324.jpg
4,052325.jpg
8,052326.jpg
6,052327.jpg
7,052328.jpg
2,052329.jpg
3,052330.jpg
1,052331.jpg
0,052332.jpg
4,052333.jpg
8,052334.jpg
4,052335.jpg
5,052336.jpg
3,052337.jpg
3,052338.jpg
5,052339.jpg
5,052340.jpg
3,052341.jpg
5,052342.jpg
7,052343.jpg
1,052344.jpg
4,052345.jpg
1,052346.jpg
4,052347.jpg
6,052348.jpg
4,052349.jpg
3,052350.jpg
4,052351.jpg
5,052352.jpg
1,052353.jpg
5,052354.jpg
0,052355.jpg
1,052356.jpg
1,052357.jpg
4,052358.jpg
5,052359.jpg
8,052360.jpg
4,052361.jpg
4,052362.jpg
6,052363.jpg
1,052364.jpg
6,052365.jpg
5,052366.jpg
9,052367.jpg
0,052368.jpg
3,052369.jpg
5,052370.jpg
2,052371.jpg
9,052372.jpg
3,052373.jpg
7,052374.jpg
6,052375.jpg
3,052376.jpg
6,052377.jpg
1,052378.jpg
5,052379.jpg
2,052380.jpg
2,052381.jpg
2,052382.jpg
8,052383.jpg
7,052384.jpg
4,052385.jpg
7,052386.jpg
1,052387.jpg
0,052388.jpg
8,052389.jpg
0,052390.jpg
7,052391.jpg
7,052392.jpg
9,052393.jpg
5,052394.jpg
4,052395.jpg
6,052396.jpg
6,052397.jpg
2,052398.jpg
8,052399.jpg
2,052400.jpg
1,052401.jpg
0,052402.jpg
1,052403.jpg
8,052404.jpg
6,052405.jpg
4,052406.jpg
5,052407.jpg
3,052408.jpg
7,052409.jpg
1,052410.jpg
5,052411.jpg
7,052412.jpg
8,052413.jpg
8,052414.jpg
9,052415.jpg
3,052416.jpg
4,052417.jpg
7,052418.jpg
4,052419.jpg
0,052420.jpg
0,052421.jpg
7,052422.jpg
7,052423.jpg
7,052424.jpg
3,052425.jpg
3,052426.jpg
4,052427.jpg
7,052428.jpg
5,052429.jpg
7,052430.jpg
1,052431.jpg
7,052432.jpg
2,052433.jpg
2,052434.jpg
0,052435.jpg
5,052436.jpg
8,052437.jpg
3,052438.jpg
8,052439.jpg
2,052440.jpg
3,052441.jpg
0,052442.jpg
3,052443.jpg
1,052444.jpg
7,052445.jpg
7,052446.jpg
0,052447.jpg
4,052448.jpg
5,052449.jpg
2,052450.jpg
1,052451.jpg
7,052452.jpg
6,052453.jpg
4,052454.jpg
4,052455.jpg
4,052456.jpg
3,052457.jpg
5,052458.jpg
0,052459.jpg
5,052460.jpg
4,052461.jpg
6,052462.jpg
7,052463.jpg
7,052464.jpg
7,052465.jpg
6,052466.jpg
3,052467.jpg
9,052468.jpg
2,052469.jpg
4,052470.jpg
9,052471.jpg
6,052472.jpg
3,052473.jpg
2,052474.jpg
0,052475.jpg
8,052476.jpg
8,052477.jpg
9,052478.jpg
3,052479.jpg
6,052480.jpg
5,052481.jpg
2,052482.jpg
7,052483.jpg
7,052484.jpg
6,052485.jpg
6,052486.jpg
5,052487.jpg
1,052488.jpg
6,052489.jpg
6,052490.jpg
2,052491.jpg
8,052492.jpg
7,052493.jpg
2,052494.jpg
2,052495.jpg
1,052496.jpg
2,052497.jpg
6,052498.jpg
5,052499.jpg
7,052500.jpg
8,052501.jpg
3,052502.jpg
8,052503.jpg
4,052504.jpg
2,052505.jpg
9,052506.jpg
0,052507.jpg
8,052508.jpg
5,052509.jpg
5,052510.jpg
3,052511.jpg
7,052512.jpg
5,052513.jpg
5,052514.jpg
5,052515.jpg
1,052516.jpg
3,052517.jpg
9,052518.jpg
2,052519.jpg
9,052520.jpg
7,052521.jpg
2,052522.jpg
8,052523.jpg
6,052524.jpg
6,052525.jpg
5,052526.jpg
0,052527.jpg
6,052528.jpg
3,052529.jpg
7,052530.jpg
1,052531.jpg
0,052532.jpg
8,052533.jpg
4,052534.jpg
4,052535.jpg
3,052536.jpg
8,052537.jpg
5,052538.jpg
6,052539.jpg
3,052540.jpg
5,052541.jpg
8,052542.jpg
9,052543.jpg
2,052544.jpg
9,052545.jpg
4,052546.jpg
5,052547.jpg
4,052548.jpg
1,052549.jpg
5,052550.jpg
7,052551.jpg
7,052552.jpg
2,052553.jpg
2,052554.jpg
5,052555.jpg
2,052556.jpg
4,052557.jpg
0,052558.jpg
8,052559.jpg
7,052560.jpg
5,052561.jpg
5,052562.jpg
6,052563.jpg
6,052564.jpg
7,052565.jpg
4,052566.jpg
0,052567.jpg
5,052568.jpg
9,052569.jpg
9,052570.jpg
3,052571.jpg
1,052572.jpg
1,052573.jpg
8,052574.jpg
9,052575.jpg
6,052576.jpg
7,052577.jpg
0,052578.jpg
2,052579.jpg
6,052580.jpg
5,052581.jpg
2,052582.jpg
4,052583.jpg
2,052584.jpg
0,052585.jpg
9,052586.jpg
4,052587.jpg
7,052588.jpg
4,052589.jpg
2,052590.jpg
6,052591.jpg
6,052592.jpg
6,052593.jpg
4,052594.jpg
3,052595.jpg
4,052596.jpg
2,052597.jpg
7,052598.jpg
7,052599.jpg
6,052600.jpg
0,052601.jpg
6,052602.jpg
4,052603.jpg
8,052604.jpg
1,052605.jpg
2,052606.jpg
4,052607.jpg
0,052608.jpg
4,052609.jpg
9,052610.jpg
3,052611.jpg
6,052612.jpg
5,052613.jpg
2,052614.jpg
6,052615.jpg
7,052616.jpg
4,052617.jpg
1,052618.jpg
6,052619.jpg
5,052620.jpg
4,052621.jpg
3,052622.jpg
5,052623.jpg
3,052624.jpg
6,052625.jpg
5,052626.jpg
9,052627.jpg
3,052628.jpg
1,052629.jpg
3,052630.jpg
1,052631.jpg
4,052632.jpg
4,052633.jpg
7,052634.jpg
5,052635.jpg
0,052636.jpg
3,052637.jpg
1,052638.jpg
7,052639.jpg
5,052640.jpg
9,052641.jpg
3,052642.jpg
4,052643.jpg
5,052644.jpg
9,052645.jpg
5,052646.jpg
9,052647.jpg
4,052648.jpg
7,052649.jpg
0,052650.jpg
9,052651.jpg
8,052652.jpg
5,052653.jpg
7,052654.jpg
4,052655.jpg
6,052656.jpg
1,052657.jpg
8,052658.jpg
7,052659.jpg
0,052660.jpg
5,052661.jpg
1,052662.jpg
3,052663.jpg
3,052664.jpg
3,052665.jpg
2,052666.jpg
5,052667.jpg
3,052668.jpg
6,052669.jpg
1,052670.jpg
9,052671.jpg
4,052672.jpg
8,052673.jpg
5,052674.jpg
2,052675.jpg
5,052676.jpg
3,052677.jpg
3,052678.jpg
6,052679.jpg
6,052680.jpg
4,052681.jpg
3,052682.jpg
5,052683.jpg
7,052684.jpg
9,052685.jpg
3,052686.jpg
0,052687.jpg
2,052688.jpg
2,052689.jpg
8,052690.jpg
4,052691.jpg
8,052692.jpg
3,052693.jpg
3,052694.jpg
1,052695.jpg
4,052696.jpg
8,052697.jpg
0,052698.jpg
1,052699.jpg
6,052700.jpg
4,052701.jpg
0,052702.jpg
3,052703.jpg
2,052704.jpg
0,052705.jpg
7,052706.jpg
8,052707.jpg
9,052708.jpg
5,052709.jpg
1,052710.jpg
2,052711.jpg
7,052712.jpg
9,052713.jpg
4,052714.jpg
0,052715.jpg
9,052716.jpg
5,052717.jpg
3,052718.jpg
0,052719.jpg
9,052720.jpg
2,052721.jpg
6,052722.jpg
1,052723.jpg
2,052724.jpg
1,052725.jpg
0,052726.jpg
0,052727.jpg
5,052728.jpg
4,052729.jpg
4,052730.jpg
7,052731.jpg
9,052732.jpg
2,052733.jpg
1,052734.jpg
0,052735.jpg
8,052736.jpg
0,052737.jpg
1,052738.jpg
4,052739.jpg
5,052740.jpg
4,052741.jpg
1,052742.jpg
3,052743.jpg
1,052744.jpg
0,052745.jpg
0,052746.jpg
4,052747.jpg
1,052748.jpg
3,052749.jpg
3,052750.jpg
8,052751.jpg
3,052752.jpg
7,052753.jpg
1,052754.jpg
1,052755.jpg
9,052756.jpg
5,052757.jpg
0,052758.jpg
3,052759.jpg
4,052760.jpg
0,052761.jpg
5,052762.jpg
6,052763.jpg
6,052764.jpg
4,052765.jpg
4,052766.jpg
6,052767.jpg
9,052768.jpg
7,052769.jpg
5,052770.jpg
2,052771.jpg
5,052772.jpg
2,052773.jpg
6,052774.jpg
8,052775.jpg
9,052776.jpg
6,052777.jpg
9,052778.jpg
7,052779.jpg
4,052780.jpg
6,052781.jpg
0,052782.jpg
7,052783.jpg
8,052784.jpg
5,052785.jpg
2,052786.jpg
6,052787.jpg
5,052788.jpg
6,052789.jpg
8,052790.jpg
6,052791.jpg
4,052792.jpg
4,052793.jpg
4,052794.jpg
5,052795.jpg
2,052796.jpg
0,052797.jpg
8,052798.jpg
6,052799.jpg
3,052800.jpg
9,052801.jpg
6,052802.jpg
6,052803.jpg
1,052804.jpg
9,052805.jpg
4,052806.jpg
6,052807.jpg
6,052808.jpg
7,052809.jpg
7,052810.jpg
9,052811.jpg
5,052812.jpg
8,052813.jpg
0,052814.jpg
0,052815.jpg
5,052816.jpg
3,052817.jpg
0,052818.jpg
6,052819.jpg
6,052820.jpg
0,052821.jpg
9,052822.jpg
1,052823.jpg
6,052824.jpg
4,052825.jpg
3,052826.jpg
6,052827.jpg
4,052828.jpg
2,052829.jpg
0,052830.jpg
9,052831.jpg
8,052832.jpg
8,052833.jpg
1,052834.jpg
2,052835.jpg
8,052836.jpg
9,052837.jpg
3,052838.jpg
0,052839.jpg
4,052840.jpg
0,052841.jpg
7,052842.jpg
4,052843.jpg
4,052844.jpg
7,052845.jpg
1,052846.jpg
7,052847.jpg
2,052848.jpg
3,052849.jpg
6,052850.jpg
4,052851.jpg
9,052852.jpg
8,052853.jpg
2,052854.jpg
6,052855.jpg
5,052856.jpg
0,052857.jpg
5,052858.jpg
9,052859.jpg
0,052860.jpg
7,052861.jpg
0,052862.jpg
2,052863.jpg
0,052864.jpg
2,052865.jpg
4,052866.jpg
4,052867.jpg
6,052868.jpg
3,052869.jpg
0,052870.jpg
0,052871.jpg
7,052872.jpg
4,052873.jpg
9,052874.jpg
8,052875.jpg
9,052876.jpg
6,052877.jpg
3,052878.jpg
8,052879.jpg
0,052880.jpg
1,052881.jpg
5,052882.jpg
5,052883.jpg
0,052884.jpg
6,052885.jpg
3,052886.jpg
9,052887.jpg
1,052888.jpg
5,052889.jpg
5,052890.jpg
4,052891.jpg
8,052892.jpg
9,052893.jpg
9,052894.jpg
2,052895.jpg
6,052896.jpg
7,052897.jpg
3,052898.jpg
6,052899.jpg
9,052900.jpg
0,052901.jpg
3,052902.jpg
3,052903.jpg
8,052904.jpg
4,052905.jpg
7,052906.jpg
6,052907.jpg
3,052908.jpg
1,052909.jpg
5,052910.jpg
8,052911.jpg
9,052912.jpg
7,052913.jpg
4,052914.jpg
0,052915.jpg
4,052916.jpg
2,052917.jpg
7,052918.jpg
4,052919.jpg
6,052920.jpg
8,052921.jpg
7,052922.jpg
1,052923.jpg
9,052924.jpg
4,052925.jpg
5,052926.jpg
2,052927.jpg
2,052928.jpg
8,052929.jpg
7,052930.jpg
0,052931.jpg
1,052932.jpg
6,052933.jpg
9,052934.jpg
9,052935.jpg
5,052936.jpg
3,052937.jpg
7,052938.jpg
3,052939.jpg
6,052940.jpg
1,052941.jpg
1,052942.jpg
1,052943.jpg
1,052944.jpg
2,052945.jpg
8,052946.jpg
6,052947.jpg
2,052948.jpg
3,052949.jpg
8,052950.jpg
2,052951.jpg
6,052952.jpg
6,052953.jpg
2,052954.jpg
3,052955.jpg
1,052956.jpg
5,052957.jpg
6,052958.jpg
5,052959.jpg
2,052960.jpg
0,052961.jpg
3,052962.jpg
6,052963.jpg
5,052964.jpg
4,052965.jpg
2,052966.jpg
2,052967.jpg
3,052968.jpg
8,052969.jpg
8,052970.jpg
7,052971.jpg
4,052972.jpg
7,052973.jpg
4,052974.jpg
4,052975.jpg
1,052976.jpg
2,052977.jpg
8,052978.jpg
4,052979.jpg
8,052980.jpg
0,052981.jpg
9,052982.jpg
5,052983.jpg
8,052984.jpg
5,052985.jpg
4,052986.jpg
5,052987.jpg
6,052988.jpg
6,052989.jpg
7,052990.jpg
6,052991.jpg
8,052992.jpg
8,052993.jpg
6,052994.jpg
4,052995.jpg
1,052996.jpg
5,052997.jpg
5,052998.jpg
6,052999.jpg
0,053000.jpg
2,053001.jpg
4,053002.jpg
4,053003.jpg
6,053004.jpg
1,053005.jpg
4,053006.jpg
3,053007.jpg
7,053008.jpg
2,053009.jpg
2,053010.jpg
9,053011.jpg
9,053012.jpg
4,053013.jpg
7,053014.jpg
0,053015.jpg
6,053016.jpg
7,053017.jpg
0,053018.jpg
1,053019.jpg
4,053020.jpg
8,053021.jpg
5,053022.jpg
9,053023.jpg
1,053024.jpg
7,053025.jpg
0,053026.jpg
0,053027.jpg
5,053028.jpg
1,053029.jpg
1,053030.jpg
0,053031.jpg
8,053032.jpg
9,053033.jpg
7,053034.jpg
6,053035.jpg
0,053036.jpg
0,053037.jpg
8,053038.jpg
7,053039.jpg
1,053040.jpg
9,053041.jpg
4,053042.jpg
2,053043.jpg
3,053044.jpg
9,053045.jpg
9,053046.jpg
6,053047.jpg
7,053048.jpg
0,053049.jpg
3,053050.jpg
1,053051.jpg
4,053052.jpg
2,053053.jpg
2,053054.jpg
1,053055.jpg
9,053056.jpg
3,053057.jpg
7,053058.jpg
9,053059.jpg
1,053060.jpg
7,053061.jpg
9,053062.jpg
4,053063.jpg
1,053064.jpg
1,053065.jpg
2,053066.jpg
3,053067.jpg
0,053068.jpg
3,053069.jpg
8,053070.jpg
8,053071.jpg
5,053072.jpg
7,053073.jpg
8,053074.jpg
4,053075.jpg
2,053076.jpg
0,053077.jpg
0,053078.jpg
4,053079.jpg
4,053080.jpg
7,053081.jpg
2,053082.jpg
4,053083.jpg
9,053084.jpg
2,053085.jpg
5,053086.jpg
2,053087.jpg
7,053088.jpg
4,053089.jpg
7,053090.jpg
7,053091.jpg
2,053092.jpg
8,053093.jpg
1,053094.jpg
9,053095.jpg
8,053096.jpg
1,053097.jpg
6,053098.jpg
7,053099.jpg
0,053100.jpg
5,053101.jpg
5,053102.jpg
5,053103.jpg
3,053104.jpg
1,053105.jpg
5,053106.jpg
7,053107.jpg
2,053108.jpg
3,053109.jpg
4,053110.jpg
0,053111.jpg
6,053112.jpg
4,053113.jpg
9,053114.jpg
6,053115.jpg
0,053116.jpg
9,053117.jpg
5,053118.jpg
9,053119.jpg
3,053120.jpg
2,053121.jpg
4,053122.jpg
1,053123.jpg
5,053124.jpg
9,053125.jpg
9,053126.jpg
2,053127.jpg
4,053128.jpg
3,053129.jpg
7,053130.jpg
9,053131.jpg
7,053132.jpg
7,053133.jpg
0,053134.jpg
3,053135.jpg
8,053136.jpg
7,053137.jpg
5,053138.jpg
6,053139.jpg
7,053140.jpg
6,053141.jpg
2,053142.jpg
9,053143.jpg
5,053144.jpg
4,053145.jpg
8,053146.jpg
0,053147.jpg
3,053148.jpg
5,053149.jpg
2,053150.jpg
4,053151.jpg
4,053152.jpg
4,053153.jpg
3,053154.jpg
9,053155.jpg
4,053156.jpg
2,053157.jpg
7,053158.jpg
5,053159.jpg
3,053160.jpg
3,053161.jpg
4,053162.jpg
6,053163.jpg
9,053164.jpg
8,053165.jpg
1,053166.jpg
4,053167.jpg
0,053168.jpg
9,053169.jpg
0,053170.jpg
1,053171.jpg
9,053172.jpg
7,053173.jpg
7,053174.jpg
2,053175.jpg
1,053176.jpg
1,053177.jpg
8,053178.jpg
1,053179.jpg
6,053180.jpg
1,053181.jpg
6,053182.jpg
9,053183.jpg
1,053184.jpg
9,053185.jpg
2,053186.jpg
1,053187.jpg
5,053188.jpg
7,053189.jpg
2,053190.jpg
2,053191.jpg
1,053192.jpg
3,053193.jpg
6,053194.jpg
5,053195.jpg
7,053196.jpg
7,053197.jpg
3,053198.jpg
1,053199.jpg
2,053200.jpg
2,053201.jpg
0,053202.jpg
6,053203.jpg
6,053204.jpg
6,053205.jpg
1,053206.jpg
2,053207.jpg
6,053208.jpg
7,053209.jpg
1,053210.jpg
5,053211.jpg
6,053212.jpg
5,053213.jpg
2,053214.jpg
5,053215.jpg
7,053216.jpg
7,053217.jpg
5,053218.jpg
7,053219.jpg
3,053220.jpg
1,053221.jpg
7,053222.jpg
1,053223.jpg
3,053224.jpg
1,053225.jpg
7,053226.jpg
7,053227.jpg
6,053228.jpg
5,053229.jpg
8,053230.jpg
7,053231.jpg
8,053232.jpg
7,053233.jpg
2,053234.jpg
2,053235.jpg
8,053236.jpg
8,053237.jpg
4,053238.jpg
8,053239.jpg
5,053240.jpg
7,053241.jpg
1,053242.jpg
3,053243.jpg
9,053244.jpg
0,053245.jpg
8,053246.jpg
6,053247.jpg
4,053248.jpg
8,053249.jpg
8,053250.jpg
8,053251.jpg
5,053252.jpg
2,053253.jpg
0,053254.jpg
6,053255.jpg
9,053256.jpg
0,053257.jpg
8,053258.jpg
5,053259.jpg
1,053260.jpg
7,053261.jpg
9,053262.jpg
7,053263.jpg
9,053264.jpg
6,053265.jpg
1,053266.jpg
0,053267.jpg
5,053268.jpg
5,053269.jpg
4,053270.jpg
6,053271.jpg
4,053272.jpg
1,053273.jpg
3,053274.jpg
3,053275.jpg
3,053276.jpg
6,053277.jpg
0,053278.jpg
1,053279.jpg
7,053280.jpg
3,053281.jpg
7,053282.jpg
2,053283.jpg
9,053284.jpg
8,053285.jpg
3,053286.jpg
1,053287.jpg
1,053288.jpg
8,053289.jpg
7,053290.jpg
6,053291.jpg
3,053292.jpg
4,053293.jpg
5,053294.jpg
9,053295.jpg
3,053296.jpg
6,053297.jpg
0,053298.jpg
2,053299.jpg
6,053300.jpg
5,053301.jpg
8,053302.jpg
5,053303.jpg
2,053304.jpg
4,053305.jpg
0,053306.jpg
8,053307.jpg
9,053308.jpg
5,053309.jpg
4,053310.jpg
7,053311.jpg
3,053312.jpg
7,053313.jpg
0,053314.jpg
6,053315.jpg
0,053316.jpg
5,053317.jpg
5,053318.jpg
9,053319.jpg
6,053320.jpg
3,053321.jpg
8,053322.jpg
2,053323.jpg
5,053324.jpg
9,053325.jpg
2,053326.jpg
7,053327.jpg
7,053328.jpg
3,053329.jpg
3,053330.jpg
4,053331.jpg
7,053332.jpg
9,053333.jpg
7,053334.jpg
4,053335.jpg
7,053336.jpg
6,053337.jpg
0,053338.jpg
7,053339.jpg
9,053340.jpg
2,053341.jpg
7,053342.jpg
5,053343.jpg
2,053344.jpg
8,053345.jpg
7,053346.jpg
4,053347.jpg
3,053348.jpg
9,053349.jpg
0,053350.jpg
7,053351.jpg
8,053352.jpg
9,053353.jpg
4,053354.jpg
1,053355.jpg
3,053356.jpg
5,053357.jpg
3,053358.jpg
1,053359.jpg
3,053360.jpg
9,053361.jpg
2,053362.jpg
1,053363.jpg
3,053364.jpg
3,053365.jpg
5,053366.jpg
9,053367.jpg
5,053368.jpg
6,053369.jpg
6,053370.jpg
7,053371.jpg
0,053372.jpg
0,053373.jpg
5,053374.jpg
9,053375.jpg
0,053376.jpg
3,053377.jpg
9,053378.jpg
1,053379.jpg
6,053380.jpg
1,053381.jpg
1,053382.jpg
3,053383.jpg
6,053384.jpg
7,053385.jpg
9,053386.jpg
1,053387.jpg
6,053388.jpg
0,053389.jpg
3,053390.jpg
1,053391.jpg
4,053392.jpg
9,053393.jpg
9,053394.jpg
9,053395.jpg
2,053396.jpg
6,053397.jpg
4,053398.jpg
0,053399.jpg
6,053400.jpg
3,053401.jpg
9,053402.jpg
8,053403.jpg
0,053404.jpg
4,053405.jpg
9,053406.jpg
8,053407.jpg
1,053408.jpg
2,053409.jpg
8,053410.jpg
4,053411.jpg
8,053412.jpg
3,053413.jpg
0,053414.jpg
5,053415.jpg
6,053416.jpg
9,053417.jpg
6,053418.jpg
7,053419.jpg
9,053420.jpg
3,053421.jpg
3,053422.jpg
5,053423.jpg
9,053424.jpg
6,053425.jpg
8,053426.jpg
9,053427.jpg
6,053428.jpg
0,053429.jpg
3,053430.jpg
9,053431.jpg
7,053432.jpg
9,053433.jpg
4,053434.jpg
0,053435.jpg
7,053436.jpg
5,053437.jpg
8,053438.jpg
8,053439.jpg
9,053440.jpg
4,053441.jpg
1,053442.jpg
6,053443.jpg
0,053444.jpg
1,053445.jpg
9,053446.jpg
5,053447.jpg
3,053448.jpg
8,053449.jpg
5,053450.jpg
0,053451.jpg
8,053452.jpg
4,053453.jpg
1,053454.jpg
1,053455.jpg
2,053456.jpg
3,053457.jpg
7,053458.jpg
2,053459.jpg
5,053460.jpg
6,053461.jpg
5,053462.jpg
8,053463.jpg
1,053464.jpg
6,053465.jpg
0,053466.jpg
1,053467.jpg
8,053468.jpg
5,053469.jpg
8,053470.jpg
2,053471.jpg
7,053472.jpg
9,053473.jpg
3,053474.jpg
3,053475.jpg
4,053476.jpg
9,053477.jpg
2,053478.jpg
8,053479.jpg
0,053480.jpg
8,053481.jpg
6,053482.jpg
1,053483.jpg
8,053484.jpg
6,053485.jpg
6,053486.jpg
7,053487.jpg
5,053488.jpg
1,053489.jpg
2,053490.jpg
7,053491.jpg
8,053492.jpg
4,053493.jpg
3,053494.jpg
0,053495.jpg
1,053496.jpg
8,053497.jpg
9,053498.jpg
3,053499.jpg
7,053500.jpg
9,053501.jpg
4,053502.jpg
6,053503.jpg
1,053504.jpg
2,053505.jpg
6,053506.jpg
4,053507.jpg
9,053508.jpg
3,053509.jpg
7,053510.jpg
2,053511.jpg
1,053512.jpg
0,053513.jpg
0,053514.jpg
4,053515.jpg
3,053516.jpg
5,053517.jpg
9,053518.jpg
9,053519.jpg
7,053520.jpg
6,053521.jpg
3,053522.jpg
0,053523.jpg
9,053524.jpg
1,053525.jpg
9,053526.jpg
9,053527.jpg
7,053528.jpg
3,053529.jpg
6,053530.jpg
7,053531.jpg
7,053532.jpg
6,053533.jpg
9,053534.jpg
0,053535.jpg
9,053536.jpg
5,053537.jpg
4,053538.jpg
9,053539.jpg
4,053540.jpg
1,053541.jpg
0,053542.jpg
3,053543.jpg
3,053544.jpg
2,053545.jpg
0,053546.jpg
6,053547.jpg
4,053548.jpg
3,053549.jpg
2,053550.jpg
5,053551.jpg
9,053552.jpg
9,053553.jpg
1,053554.jpg
0,053555.jpg
0,053556.jpg
6,053557.jpg
1,053558.jpg
0,053559.jpg
5,053560.jpg
2,053561.jpg
5,053562.jpg
4,053563.jpg
4,053564.jpg
3,053565.jpg
1,053566.jpg
9,053567.jpg
4,053568.jpg
0,053569.jpg
5,053570.jpg
7,053571.jpg
3,053572.jpg
6,053573.jpg
0,053574.jpg
5,053575.jpg
7,053576.jpg
6,053577.jpg
8,053578.jpg
2,053579.jpg
8,053580.jpg
1,053581.jpg
8,053582.jpg
3,053583.jpg
6,053584.jpg
6,053585.jpg
4,053586.jpg
1,053587.jpg
1,053588.jpg
0,053589.jpg
7,053590.jpg
7,053591.jpg
1,053592.jpg
7,053593.jpg
5,053594.jpg
9,053595.jpg
6,053596.jpg
1,053597.jpg
7,053598.jpg
8,053599.jpg
2,053600.jpg
9,053601.jpg
4,053602.jpg
6,053603.jpg
6,053604.jpg
0,053605.jpg
7,053606.jpg
8,053607.jpg
8,053608.jpg
6,053609.jpg
6,053610.jpg
9,053611.jpg
6,053612.jpg
5,053613.jpg
1,053614.jpg
2,053615.jpg
1,053616.jpg
8,053617.jpg
3,053618.jpg
9,053619.jpg
4,053620.jpg
6,053621.jpg
1,053622.jpg
2,053623.jpg
3,053624.jpg
1,053625.jpg
8,053626.jpg
7,053627.jpg
4,053628.jpg
5,053629.jpg
9,053630.jpg
2,053631.jpg
9,053632.jpg
9,053633.jpg
5,053634.jpg
7,053635.jpg
1,053636.jpg
8,053637.jpg
4,053638.jpg
2,053639.jpg
9,053640.jpg
7,053641.jpg
5,053642.jpg
7,053643.jpg
7,053644.jpg
5,053645.jpg
3,053646.jpg
0,053647.jpg
9,053648.jpg
9,053649.jpg
6,053650.jpg
1,053651.jpg
0,053652.jpg
5,053653.jpg
9,053654.jpg
3,053655.jpg
9,053656.jpg
6,053657.jpg
9,053658.jpg
9,053659.jpg
2,053660.jpg
8,053661.jpg
6,053662.jpg
6,053663.jpg
4,053664.jpg
4,053665.jpg
9,053666.jpg
0,053667.jpg
5,053668.jpg
5,053669.jpg
4,053670.jpg
2,053671.jpg
9,053672.jpg
5,053673.jpg
1,053674.jpg
6,053675.jpg
9,053676.jpg
9,053677.jpg
1,053678.jpg
4,053679.jpg
9,053680.jpg
7,053681.jpg
6,053682.jpg
1,053683.jpg
8,053684.jpg
2,053685.jpg
2,053686.jpg
4,053687.jpg
8,053688.jpg
4,053689.jpg
1,053690.jpg
2,053691.jpg
8,053692.jpg
0,053693.jpg
3,053694.jpg
6,053695.jpg
2,053696.jpg
1,053697.jpg
7,053698.jpg
8,053699.jpg
0,053700.jpg
6,053701.jpg
0,053702.jpg
5,053703.jpg
3,053704.jpg
7,053705.jpg
1,053706.jpg
7,053707.jpg
6,053708.jpg
4,053709.jpg
0,053710.jpg
9,053711.jpg
9,053712.jpg
3,053713.jpg
0,053714.jpg
9,053715.jpg
5,053716.jpg
7,053717.jpg
3,053718.jpg
6,053719.jpg
5,053720.jpg
9,053721.jpg
6,053722.jpg
4,053723.jpg
7,053724.jpg
8,053725.jpg
8,053726.jpg
6,053727.jpg
5,053728.jpg
2,053729.jpg
5,053730.jpg
4,053731.jpg
1,053732.jpg
3,053733.jpg
6,053734.jpg
0,053735.jpg
6,053736.jpg
2,053737.jpg
4,053738.jpg
5,053739.jpg
4,053740.jpg
0,053741.jpg
1,053742.jpg
1,053743.jpg
2,053744.jpg
4,053745.jpg
0,053746.jpg
9,053747.jpg
5,053748.jpg
5,053749.jpg
7,053750.jpg
1,053751.jpg
4,053752.jpg
6,053753.jpg
3,053754.jpg
8,053755.jpg
3,053756.jpg
5,053757.jpg
2,053758.jpg
3,053759.jpg
6,053760.jpg
8,053761.jpg
8,053762.jpg
0,053763.jpg
2,053764.jpg
4,053765.jpg
0,053766.jpg
0,053767.jpg
1,053768.jpg
7,053769.jpg
0,053770.jpg
5,053771.jpg
6,053772.jpg
8,053773.jpg
5,053774.jpg
6,053775.jpg
4,053776.jpg
7,053777.jpg
2,053778.jpg
9,053779.jpg
6,053780.jpg
5,053781.jpg
7,053782.jpg
9,053783.jpg
5,053784.jpg
6,053785.jpg
0,053786.jpg
9,053787.jpg
0,053788.jpg
6,053789.jpg
0,053790.jpg
0,053791.jpg
1,053792.jpg
1,053793.jpg
2,053794.jpg
9,053795.jpg
8,053796.jpg
6,053797.jpg
3,053798.jpg
1,053799.jpg
1,053800.jpg
3,053801.jpg
7,053802.jpg
3,053803.jpg
2,053804.jpg
3,053805.jpg
9,053806.jpg
6,053807.jpg
8,053808.jpg
0,053809.jpg
1,053810.jpg
0,053811.jpg
9,053812.jpg
7,053813.jpg
0,053814.jpg
4,053815.jpg
5,053816.jpg
8,053817.jpg
1,053818.jpg
4,053819.jpg
5,053820.jpg
5,053821.jpg
4,053822.jpg
0,053823.jpg
7,053824.jpg
3,053825.jpg
2,053826.jpg
2,053827.jpg
4,053828.jpg
1,053829.jpg
6,053830.jpg
4,053831.jpg
1,053832.jpg
5,053833.jpg
0,053834.jpg
6,053835.jpg
9,053836.jpg
0,053837.jpg
2,053838.jpg
2,053839.jpg
8,053840.jpg
6,053841.jpg
5,053842.jpg
4,053843.jpg
7,053844.jpg
5,053845.jpg
1,053846.jpg
7,053847.jpg
0,053848.jpg
1,053849.jpg
3,053850.jpg
0,053851.jpg
2,053852.jpg
5,053853.jpg
9,053854.jpg
0,053855.jpg
3,053856.jpg
7,053857.jpg
3,053858.jpg
8,053859.jpg
6,053860.jpg
3,053861.jpg
8,053862.jpg
6,053863.jpg
9,053864.jpg
2,053865.jpg
6,053866.jpg
3,053867.jpg
3,053868.jpg
2,053869.jpg
2,053870.jpg
1,053871.jpg
0,053872.jpg
8,053873.jpg
2,053874.jpg
8,053875.jpg
1,053876.jpg
2,053877.jpg
1,053878.jpg
1,053879.jpg
9,053880.jpg
5,053881.jpg
2,053882.jpg
4,053883.jpg
7,053884.jpg
6,053885.jpg
3,053886.jpg
1,053887.jpg
2,053888.jpg
8,053889.jpg
9,053890.jpg
4,053891.jpg
8,053892.jpg
1,053893.jpg
9,053894.jpg
5,053895.jpg
2,053896.jpg
8,053897.jpg
1,053898.jpg
7,053899.jpg
8,053900.jpg
6,053901.jpg
4,053902.jpg
8,053903.jpg
9,053904.jpg
8,053905.jpg
4,053906.jpg
8,053907.jpg
2,053908.jpg
0,053909.jpg
8,053910.jpg
2,053911.jpg
9,053912.jpg
0,053913.jpg
2,053914.jpg
9,053915.jpg
1,053916.jpg
8,053917.jpg
4,053918.jpg
7,053919.jpg
6,053920.jpg
8,053921.jpg
6,053922.jpg
2,053923.jpg
6,053924.jpg
1,053925.jpg
4,053926.jpg
7,053927.jpg
6,053928.jpg
8,053929.jpg
7,053930.jpg
8,053931.jpg
3,053932.jpg
2,053933.jpg
9,053934.jpg
3,053935.jpg
4,053936.jpg
8,053937.jpg
2,053938.jpg
9,053939.jpg
2,053940.jpg
3,053941.jpg
7,053942.jpg
2,053943.jpg
2,053944.jpg
2,053945.jpg
9,053946.jpg
1,053947.jpg
0,053948.jpg
4,053949.jpg
7,053950.jpg
1,053951.jpg
5,053952.jpg
7,053953.jpg
1,053954.jpg
0,053955.jpg
0,053956.jpg
5,053957.jpg
0,053958.jpg
4,053959.jpg
7,053960.jpg
2,053961.jpg
1,053962.jpg
6,053963.jpg
0,053964.jpg
4,053965.jpg
6,053966.jpg
9,053967.jpg
2,053968.jpg
1,053969.jpg
9,053970.jpg
2,053971.jpg
0,053972.jpg
0,053973.jpg
3,053974.jpg
4,053975.jpg
6,053976.jpg
3,053977.jpg
1,053978.jpg
5,053979.jpg
9,053980.jpg
0,053981.jpg
8,053982.jpg
6,053983.jpg
6,053984.jpg
2,053985.jpg
6,053986.jpg
0,053987.jpg
6,053988.jpg
9,053989.jpg
5,053990.jpg
0,053991.jpg
4,053992.jpg
3,053993.jpg
4,053994.jpg
8,053995.jpg
7,053996.jpg
5,053997.jpg
3,053998.jpg
9,053999.jpg
7,054000.jpg
4,054001.jpg
3,054002.jpg
6,054003.jpg
4,054004.jpg
7,054005.jpg
3,054006.jpg
2,054007.jpg
3,054008.jpg
1,054009.jpg
6,054010.jpg
6,054011.jpg
6,054012.jpg
5,054013.jpg
6,054014.jpg
3,054015.jpg
7,054016.jpg
3,054017.jpg
8,054018.jpg
8,054019.jpg
2,054020.jpg
3,054021.jpg
5,054022.jpg
6,054023.jpg
0,054024.jpg
0,054025.jpg
9,054026.jpg
0,054027.jpg
9,054028.jpg
2,054029.jpg
4,054030.jpg
0,054031.jpg
4,054032.jpg
3,054033.jpg
6,054034.jpg
1,054035.jpg
7,054036.jpg
7,054037.jpg
6,054038.jpg
0,054039.jpg
8,054040.jpg
9,054041.jpg
8,054042.jpg
2,054043.jpg
7,054044.jpg
7,054045.jpg
1,054046.jpg
3,054047.jpg
8,054048.jpg
5,054049.jpg
9,054050.jpg
9,054051.jpg
0,054052.jpg
0,054053.jpg
2,054054.jpg
2,054055.jpg
9,054056.jpg
7,054057.jpg
0,054058.jpg
4,054059.jpg
7,054060.jpg
8,054061.jpg
3,054062.jpg
0,054063.jpg
5,054064.jpg
6,054065.jpg
3,054066.jpg
9,054067.jpg
9,054068.jpg
6,054069.jpg
0,054070.jpg
8,054071.jpg
1,054072.jpg
8,054073.jpg
2,054074.jpg
0,054075.jpg
0,054076.jpg
0,054077.jpg
4,054078.jpg
4,054079.jpg
7,054080.jpg
6,054081.jpg
7,054082.jpg
5,054083.jpg
7,054084.jpg
3,054085.jpg
2,054086.jpg
7,054087.jpg
2,054088.jpg
8,054089.jpg
8,054090.jpg
9,054091.jpg
6,054092.jpg
3,054093.jpg
2,054094.jpg
9,054095.jpg
4,054096.jpg
7,054097.jpg
1,054098.jpg
5,054099.jpg
5,054100.jpg
3,054101.jpg
7,054102.jpg
8,054103.jpg
9,054104.jpg
3,054105.jpg
5,054106.jpg
3,054107.jpg
2,054108.jpg
5,054109.jpg
0,054110.jpg
5,054111.jpg
2,054112.jpg
3,054113.jpg
0,054114.jpg
2,054115.jpg
0,054116.jpg
2,054117.jpg
0,054118.jpg
6,054119.jpg
7,054120.jpg
6,054121.jpg
3,054122.jpg
0,054123.jpg
8,054124.jpg
4,054125.jpg
5,054126.jpg
4,054127.jpg
9,054128.jpg
1,054129.jpg
7,054130.jpg
0,054131.jpg
4,054132.jpg
3,054133.jpg
3,054134.jpg
0,054135.jpg
9,054136.jpg
6,054137.jpg
8,054138.jpg
8,054139.jpg
6,054140.jpg
2,054141.jpg
8,054142.jpg
1,054143.jpg
1,054144.jpg
0,054145.jpg
3,054146.jpg
0,054147.jpg
0,054148.jpg
8,054149.jpg
8,054150.jpg
7,054151.jpg
4,054152.jpg
5,054153.jpg
9,054154.jpg
6,054155.jpg
0,054156.jpg
3,054157.jpg
7,054158.jpg
0,054159.jpg
5,054160.jpg
4,054161.jpg
7,054162.jpg
0,054163.jpg
6,054164.jpg
2,054165.jpg
7,054166.jpg
5,054167.jpg
2,054168.jpg
7,054169.jpg
4,054170.jpg
8,054171.jpg
9,054172.jpg
2,054173.jpg
6,054174.jpg
2,054175.jpg
4,054176.jpg
1,054177.jpg
8,054178.jpg
4,054179.jpg
2,054180.jpg
8,054181.jpg
0,054182.jpg
5,054183.jpg
2,054184.jpg
5,054185.jpg
4,054186.jpg
9,054187.jpg
4,054188.jpg
6,054189.jpg
4,054190.jpg
5,054191.jpg
2,054192.jpg
9,054193.jpg
2,054194.jpg
8,054195.jpg
7,054196.jpg
6,054197.jpg
1,054198.jpg
5,054199.jpg
8,054200.jpg
2,054201.jpg
8,054202.jpg
0,054203.jpg
6,054204.jpg
2,054205.jpg
2,054206.jpg
4,054207.jpg
2,054208.jpg
1,054209.jpg
6,054210.jpg
2,054211.jpg
2,054212.jpg
7,054213.jpg
3,054214.jpg
9,054215.jpg
4,054216.jpg
8,054217.jpg
6,054218.jpg
0,054219.jpg
2,054220.jpg
0,054221.jpg
2,054222.jpg
8,054223.jpg
2,054224.jpg
1,054225.jpg
0,054226.jpg
6,054227.jpg
3,054228.jpg
6,054229.jpg
5,054230.jpg
4,054231.jpg
2,054232.jpg
8,054233.jpg
0,054234.jpg
2,054235.jpg
6,054236.jpg
1,054237.jpg
9,054238.jpg
7,054239.jpg
8,054240.jpg
8,054241.jpg
5,054242.jpg
9,054243.jpg
9,054244.jpg
3,054245.jpg
5,054246.jpg
4,054247.jpg
4,054248.jpg
8,054249.jpg
5,054250.jpg
2,054251.jpg
7,054252.jpg
3,054253.jpg
5,054254.jpg
1,054255.jpg
4,054256.jpg
2,054257.jpg
6,054258.jpg
7,054259.jpg
9,054260.jpg
4,054261.jpg
6,054262.jpg
0,054263.jpg
9,054264.jpg
6,054265.jpg
1,054266.jpg
0,054267.jpg
1,054268.jpg
2,054269.jpg
9,054270.jpg
9,054271.jpg
0,054272.jpg
7,054273.jpg
0,054274.jpg
6,054275.jpg
3,054276.jpg
3,054277.jpg
0,054278.jpg
4,054279.jpg
5,054280.jpg
8,054281.jpg
0,054282.jpg
0,054283.jpg
8,054284.jpg
8,054285.jpg
5,054286.jpg
2,054287.jpg
8,054288.jpg
6,054289.jpg
0,054290.jpg
1,054291.jpg
6,054292.jpg
8,054293.jpg
9,054294.jpg
3,054295.jpg
5,054296.jpg
4,054297.jpg
8,054298.jpg
8,054299.jpg
4,054300.jpg
4,054301.jpg
3,054302.jpg
2,054303.jpg
4,054304.jpg
8,054305.jpg
4,054306.jpg
4,054307.jpg
7,054308.jpg
9,054309.jpg
8,054310.jpg
2,054311.jpg
1,054312.jpg
9,054313.jpg
6,054314.jpg
4,054315.jpg
4,054316.jpg
3,054317.jpg
0,054318.jpg
8,054319.jpg
7,054320.jpg
1,054321.jpg
6,054322.jpg
9,054323.jpg
3,054324.jpg
7,054325.jpg
8,054326.jpg
3,054327.jpg
0,054328.jpg
9,054329.jpg
6,054330.jpg
2,054331.jpg
0,054332.jpg
3,054333.jpg
4,054334.jpg
4,054335.jpg
0,054336.jpg
8,054337.jpg
3,054338.jpg
6,054339.jpg
5,054340.jpg
7,054341.jpg
7,054342.jpg
2,054343.jpg
7,054344.jpg
1,054345.jpg
0,054346.jpg
9,054347.jpg
9,054348.jpg
1,054349.jpg
7,054350.jpg
6,054351.jpg
4,054352.jpg
2,054353.jpg
5,054354.jpg
8,054355.jpg
3,054356.jpg
3,054357.jpg
8,054358.jpg
1,054359.jpg
0,054360.jpg
0,054361.jpg
4,054362.jpg
5,054363.jpg
7,054364.jpg
2,054365.jpg
3,054366.jpg
1,054367.jpg
2,054368.jpg
8,054369.jpg
7,054370.jpg
7,054371.jpg
7,054372.jpg
4,054373.jpg
7,054374.jpg
0,054375.jpg
5,054376.jpg
5,054377.jpg
5,054378.jpg
8,054379.jpg
1,054380.jpg
8,054381.jpg
1,054382.jpg
9,054383.jpg
0,054384.jpg
9,054385.jpg
9,054386.jpg
7,054387.jpg
0,054388.jpg
1,054389.jpg
9,054390.jpg
2,054391.jpg
1,054392.jpg
4,054393.jpg
4,054394.jpg
0,054395.jpg
0,054396.jpg
5,054397.jpg
0,054398.jpg
1,054399.jpg
6,054400.jpg
7,054401.jpg
5,054402.jpg
1,054403.jpg
4,054404.jpg
8,054405.jpg
2,054406.jpg
1,054407.jpg
2,054408.jpg
9,054409.jpg
2,054410.jpg
1,054411.jpg
2,054412.jpg
1,054413.jpg
7,054414.jpg
3,054415.jpg
6,054416.jpg
2,054417.jpg
2,054418.jpg
8,054419.jpg
3,054420.jpg
0,054421.jpg
7,054422.jpg
0,054423.jpg
6,054424.jpg
0,054425.jpg
2,054426.jpg
3,054427.jpg
6,054428.jpg
9,054429.jpg
0,054430.jpg
1,054431.jpg
4,054432.jpg
9,054433.jpg
8,054434.jpg
8,054435.jpg
9,054436.jpg
4,054437.jpg
0,054438.jpg
0,054439.jpg
4,054440.jpg
7,054441.jpg
2,054442.jpg
2,054443.jpg
8,054444.jpg
3,054445.jpg
3,054446.jpg
6,054447.jpg
3,054448.jpg
0,054449.jpg
7,054450.jpg
6,054451.jpg
1,054452.jpg
1,054453.jpg
0,054454.jpg
7,054455.jpg
4,054456.jpg
7,054457.jpg
9,054458.jpg
7,054459.jpg
3,054460.jpg
2,054461.jpg
7,054462.jpg
5,054463.jpg
8,054464.jpg
8,054465.jpg
1,054466.jpg
8,054467.jpg
3,054468.jpg
5,054469.jpg
9,054470.jpg
4,054471.jpg
0,054472.jpg
8,054473.jpg
1,054474.jpg
7,054475.jpg
8,054476.jpg
1,054477.jpg
2,054478.jpg
2,054479.jpg
2,054480.jpg
9,054481.jpg
5,054482.jpg
8,054483.jpg
1,054484.jpg
7,054485.jpg
6,054486.jpg
0,054487.jpg
2,054488.jpg
5,054489.jpg
6,054490.jpg
3,054491.jpg
7,054492.jpg
1,054493.jpg
2,054494.jpg
6,054495.jpg
7,054496.jpg
3,054497.jpg
7,054498.jpg
1,054499.jpg
5,054500.jpg
2,054501.jpg
2,054502.jpg
1,054503.jpg
3,054504.jpg
3,054505.jpg
6,054506.jpg
6,054507.jpg
0,054508.jpg
4,054509.jpg
2,054510.jpg
1,054511.jpg
4,054512.jpg
8,054513.jpg
5,054514.jpg
0,054515.jpg
2,054516.jpg
4,054517.jpg
4,054518.jpg
4,054519.jpg
0,054520.jpg
0,054521.jpg
9,054522.jpg
2,054523.jpg
6,054524.jpg
9,054525.jpg
2,054526.jpg
7,054527.jpg
1,054528.jpg
3,054529.jpg
7,054530.jpg
3,054531.jpg
1,054532.jpg
7,054533.jpg
9,054534.jpg
3,054535.jpg
4,054536.jpg
5,054537.jpg
2,054538.jpg
3,054539.jpg
3,054540.jpg
0,054541.jpg
7,054542.jpg
6,054543.jpg
6,054544.jpg
4,054545.jpg
5,054546.jpg
6,054547.jpg
7,054548.jpg
0,054549.jpg
4,054550.jpg
5,054551.jpg
2,054552.jpg
6,054553.jpg
4,054554.jpg
9,054555.jpg
1,054556.jpg
4,054557.jpg
8,054558.jpg
3,054559.jpg
7,054560.jpg
0,054561.jpg
5,054562.jpg
6,054563.jpg
5,054564.jpg
6,054565.jpg
8,054566.jpg
6,054567.jpg
5,054568.jpg
5,054569.jpg
5,054570.jpg
4,054571.jpg
4,054572.jpg
5,054573.jpg
7,054574.jpg
3,054575.jpg
5,054576.jpg
6,054577.jpg
4,054578.jpg
4,054579.jpg
1,054580.jpg
2,054581.jpg
2,054582.jpg
9,054583.jpg
2,054584.jpg
9,054585.jpg
5,054586.jpg
2,054587.jpg
0,054588.jpg
4,054589.jpg
5,054590.jpg
2,054591.jpg
9,054592.jpg
8,054593.jpg
8,054594.jpg
4,054595.jpg
2,054596.jpg
1,054597.jpg
8,054598.jpg
7,054599.jpg
6,054600.jpg
6,054601.jpg
3,054602.jpg
0,054603.jpg
9,054604.jpg
7,054605.jpg
9,054606.jpg
6,054607.jpg
3,054608.jpg
3,054609.jpg
2,054610.jpg
6,054611.jpg
1,054612.jpg
8,054613.jpg
6,054614.jpg
8,054615.jpg
9,054616.jpg
6,054617.jpg
8,054618.jpg
5,054619.jpg
9,054620.jpg
2,054621.jpg
1,054622.jpg
4,054623.jpg
6,054624.jpg
1,054625.jpg
3,054626.jpg
6,054627.jpg
4,054628.jpg
5,054629.jpg
5,054630.jpg
1,054631.jpg
1,054632.jpg
8,054633.jpg
7,054634.jpg
7,054635.jpg
6,054636.jpg
8,054637.jpg
3,054638.jpg
6,054639.jpg
4,054640.jpg
6,054641.jpg
4,054642.jpg
9,054643.jpg
2,054644.jpg
7,054645.jpg
6,054646.jpg
0,054647.jpg
1,054648.jpg
4,054649.jpg
4,054650.jpg
4,054651.jpg
5,054652.jpg
2,054653.jpg
7,054654.jpg
7,054655.jpg
9,054656.jpg
6,054657.jpg
3,054658.jpg
3,054659.jpg
9,054660.jpg
9,054661.jpg
8,054662.jpg
1,054663.jpg
3,054664.jpg
3,054665.jpg
4,054666.jpg
9,054667.jpg
6,054668.jpg
5,054669.jpg
9,054670.jpg
3,054671.jpg
2,054672.jpg
0,054673.jpg
6,054674.jpg
7,054675.jpg
6,054676.jpg
3,054677.jpg
1,054678.jpg
8,054679.jpg
2,054680.jpg
3,054681.jpg
0,054682.jpg
1,054683.jpg
2,054684.jpg
4,054685.jpg
9,054686.jpg
9,054687.jpg
1,054688.jpg
9,054689.jpg
4,054690.jpg
3,054691.jpg
7,054692.jpg
2,054693.jpg
0,054694.jpg
1,054695.jpg
5,054696.jpg
9,054697.jpg
8,054698.jpg
1,054699.jpg
8,054700.jpg
5,054701.jpg
0,054702.jpg
5,054703.jpg
1,054704.jpg
3,054705.jpg
0,054706.jpg
9,054707.jpg
8,054708.jpg
0,054709.jpg
0,054710.jpg
9,054711.jpg
8,054712.jpg
3,054713.jpg
4,054714.jpg
2,054715.jpg
1,054716.jpg
5,054717.jpg
7,054718.jpg
7,054719.jpg
8,054720.jpg
3,054721.jpg
1,054722.jpg
5,054723.jpg
1,054724.jpg
4,054725.jpg
0,054726.jpg
0,054727.jpg
0,054728.jpg
3,054729.jpg
2,054730.jpg
7,054731.jpg
5,054732.jpg
5,054733.jpg
8,054734.jpg
8,054735.jpg
9,054736.jpg
5,054737.jpg
4,054738.jpg
8,054739.jpg
9,054740.jpg
6,054741.jpg
1,054742.jpg
2,054743.jpg
4,054744.jpg
9,054745.jpg
7,054746.jpg
9,054747.jpg
6,054748.jpg
8,054749.jpg
7,054750.jpg
4,054751.jpg
7,054752.jpg
4,054753.jpg
7,054754.jpg
7,054755.jpg
1,054756.jpg
4,054757.jpg
5,054758.jpg
1,054759.jpg
6,054760.jpg
1,054761.jpg
4,054762.jpg
6,054763.jpg
1,054764.jpg
2,054765.jpg
9,054766.jpg
4,054767.jpg
7,054768.jpg
4,054769.jpg
5,054770.jpg
5,054771.jpg
0,054772.jpg
1,054773.jpg
5,054774.jpg
5,054775.jpg
2,054776.jpg
9,054777.jpg
0,054778.jpg
7,054779.jpg
9,054780.jpg
9,054781.jpg
4,054782.jpg
5,054783.jpg
9,054784.jpg
3,054785.jpg
3,054786.jpg
0,054787.jpg
1,054788.jpg
8,054789.jpg
8,054790.jpg
6,054791.jpg
5,054792.jpg
9,054793.jpg
7,054794.jpg
0,054795.jpg
8,054796.jpg
2,054797.jpg
4,054798.jpg
0,054799.jpg
3,054800.jpg
1,054801.jpg
6,054802.jpg
9,054803.jpg
7,054804.jpg
4,054805.jpg
0,054806.jpg
6,054807.jpg
9,054808.jpg
3,054809.jpg
1,054810.jpg
4,054811.jpg
5,054812.jpg
8,054813.jpg
7,054814.jpg
7,054815.jpg
9,054816.jpg
3,054817.jpg
0,054818.jpg
3,054819.jpg
5,054820.jpg
0,054821.jpg
2,054822.jpg
9,054823.jpg
2,054824.jpg
0,054825.jpg
2,054826.jpg
9,054827.jpg
8,054828.jpg
3,054829.jpg
8,054830.jpg
9,054831.jpg
2,054832.jpg
2,054833.jpg
3,054834.jpg
8,054835.jpg
2,054836.jpg
8,054837.jpg
8,054838.jpg
2,054839.jpg
6,054840.jpg
3,054841.jpg
3,054842.jpg
4,054843.jpg
5,054844.jpg
0,054845.jpg
5,054846.jpg
7,054847.jpg
3,054848.jpg
9,054849.jpg
8,054850.jpg
2,054851.jpg
3,054852.jpg
6,054853.jpg
9,054854.jpg
6,054855.jpg
8,054856.jpg
0,054857.jpg
4,054858.jpg
0,054859.jpg
0,054860.jpg
4,054861.jpg
6,054862.jpg
3,054863.jpg
4,054864.jpg
0,054865.jpg
1,054866.jpg
0,054867.jpg
1,054868.jpg
9,054869.jpg
3,054870.jpg
8,054871.jpg
2,054872.jpg
6,054873.jpg
0,054874.jpg
0,054875.jpg
0,054876.jpg
7,054877.jpg
1,054878.jpg
1,054879.jpg
0,054880.jpg
8,054881.jpg
8,054882.jpg
6,054883.jpg
2,054884.jpg
3,054885.jpg
7,054886.jpg
8,054887.jpg
7,054888.jpg
8,054889.jpg
9,054890.jpg
7,054891.jpg
4,054892.jpg
7,054893.jpg
0,054894.jpg
6,054895.jpg
5,054896.jpg
4,054897.jpg
7,054898.jpg
9,054899.jpg
1,054900.jpg
7,054901.jpg
3,054902.jpg
2,054903.jpg
3,054904.jpg
8,054905.jpg
7,054906.jpg
7,054907.jpg
8,054908.jpg
4,054909.jpg
2,054910.jpg
8,054911.jpg
5,054912.jpg
9,054913.jpg
6,054914.jpg
5,054915.jpg
1,054916.jpg
9,054917.jpg
4,054918.jpg
4,054919.jpg
2,054920.jpg
7,054921.jpg
7,054922.jpg
2,054923.jpg
6,054924.jpg
2,054925.jpg
5,054926.jpg
9,054927.jpg
5,054928.jpg
9,054929.jpg
4,054930.jpg
1,054931.jpg
6,054932.jpg
2,054933.jpg
3,054934.jpg
2,054935.jpg
4,054936.jpg
6,054937.jpg
0,054938.jpg
0,054939.jpg
7,054940.jpg
6,054941.jpg
1,054942.jpg
2,054943.jpg
0,054944.jpg
5,054945.jpg
9,054946.jpg
9,054947.jpg
2,054948.jpg
7,054949.jpg
8,054950.jpg
3,054951.jpg
0,054952.jpg
4,054953.jpg
5,054954.jpg
5,054955.jpg
6,054956.jpg
7,054957.jpg
7,054958.jpg
7,054959.jpg
6,054960.jpg
3,054961.jpg
7,054962.jpg
6,054963.jpg
9,054964.jpg
4,054965.jpg
1,054966.jpg
1,054967.jpg
9,054968.jpg
4,054969.jpg
3,054970.jpg
7,054971.jpg
4,054972.jpg
4,054973.jpg
5,054974.jpg
2,054975.jpg
7,054976.jpg
5,054977.jpg
5,054978.jpg
1,054979.jpg
6,054980.jpg
4,054981.jpg
0,054982.jpg
2,054983.jpg
3,054984.jpg
1,054985.jpg
8,054986.jpg
6,054987.jpg
1,054988.jpg
5,054989.jpg
8,054990.jpg
3,054991.jpg
2,054992.jpg
4,054993.jpg
3,054994.jpg
9,054995.jpg
1,054996.jpg
9,054997.jpg
0,054998.jpg
2,054999.jpg
0,055000.jpg
8,055001.jpg
0,055002.jpg
6,055003.jpg
5,055004.jpg
8,055005.jpg
0,055006.jpg
4,055007.jpg
7,055008.jpg
8,055009.jpg
6,055010.jpg
7,055011.jpg
0,055012.jpg
9,055013.jpg
7,055014.jpg
3,055015.jpg
5,055016.jpg
0,055017.jpg
6,055018.jpg
0,055019.jpg
7,055020.jpg
7,055021.jpg
1,055022.jpg
6,055023.jpg
0,055024.jpg
9,055025.jpg
2,055026.jpg
7,055027.jpg
4,055028.jpg
2,055029.jpg
1,055030.jpg
2,055031.jpg
1,055032.jpg
6,055033.jpg
3,055034.jpg
5,055035.jpg
4,055036.jpg
5,055037.jpg
9,055038.jpg
9,055039.jpg
7,055040.jpg
7,055041.jpg
5,055042.jpg
5,055043.jpg
6,055044.jpg
4,055045.jpg
1,055046.jpg
1,055047.jpg
3,055048.jpg
2,055049.jpg
1,055050.jpg
4,055051.jpg
2,055052.jpg
8,055053.jpg
9,055054.jpg
1,055055.jpg
8,055056.jpg
6,055057.jpg
7,055058.jpg
0,055059.jpg
9,055060.jpg
5,055061.jpg
9,055062.jpg
4,055063.jpg
6,055064.jpg
3,055065.jpg
3,055066.jpg
7,055067.jpg
9,055068.jpg
3,055069.jpg
3,055070.jpg
9,055071.jpg
0,055072.jpg
1,055073.jpg
4,055074.jpg
2,055075.jpg
0,055076.jpg
3,055077.jpg
0,055078.jpg
3,055079.jpg
1,055080.jpg
2,055081.jpg
7,055082.jpg
3,055083.jpg
2,055084.jpg
8,055085.jpg
8,055086.jpg
8,055087.jpg
1,055088.jpg
7,055089.jpg
1,055090.jpg
6,055091.jpg
8,055092.jpg
1,055093.jpg
5,055094.jpg
1,055095.jpg
0,055096.jpg
5,055097.jpg
5,055098.jpg
7,055099.jpg
2,055100.jpg
5,055101.jpg
4,055102.jpg
5,055103.jpg
8,055104.jpg
9,055105.jpg
7,055106.jpg
0,055107.jpg
1,055108.jpg
1,055109.jpg
1,055110.jpg
0,055111.jpg
0,055112.jpg
0,055113.jpg
9,055114.jpg
3,055115.jpg
0,055116.jpg
3,055117.jpg
7,055118.jpg
7,055119.jpg
5,055120.jpg
4,055121.jpg
2,055122.jpg
9,055123.jpg
7,055124.jpg
2,055125.jpg
6,055126.jpg
0,055127.jpg
0,055128.jpg
2,055129.jpg
9,055130.jpg
7,055131.jpg
1,055132.jpg
2,055133.jpg
3,055134.jpg
3,055135.jpg
3,055136.jpg
1,055137.jpg
1,055138.jpg
7,055139.jpg
8,055140.jpg
4,055141.jpg
9,055142.jpg
5,055143.jpg
1,055144.jpg
8,055145.jpg
9,055146.jpg
5,055147.jpg
7,055148.jpg
1,055149.jpg
0,055150.jpg
1,055151.jpg
4,055152.jpg
3,055153.jpg
8,055154.jpg
4,055155.jpg
3,055156.jpg
0,055157.jpg
9,055158.jpg
6,055159.jpg
9,055160.jpg
1,055161.jpg
9,055162.jpg
0,055163.jpg
9,055164.jpg
8,055165.jpg
4,055166.jpg
3,055167.jpg
5,055168.jpg
4,055169.jpg
6,055170.jpg
2,055171.jpg
8,055172.jpg
1,055173.jpg
4,055174.jpg
7,055175.jpg
3,055176.jpg
0,055177.jpg
7,055178.jpg
7,055179.jpg
7,055180.jpg
8,055181.jpg
1,055182.jpg
9,055183.jpg
2,055184.jpg
9,055185.jpg
3,055186.jpg
4,055187.jpg
6,055188.jpg
5,055189.jpg
3,055190.jpg
4,055191.jpg
1,055192.jpg
8,055193.jpg
5,055194.jpg
0,055195.jpg
0,055196.jpg
1,055197.jpg
9,055198.jpg
9,055199.jpg
1,055200.jpg
5,055201.jpg
1,055202.jpg
5,055203.jpg
3,055204.jpg
0,055205.jpg
0,055206.jpg
9,055207.jpg
9,055208.jpg
4,055209.jpg
8,055210.jpg
9,055211.jpg
5,055212.jpg
1,055213.jpg
2,055214.jpg
4,055215.jpg
6,055216.jpg
4,055217.jpg
3,055218.jpg
8,055219.jpg
8,055220.jpg
2,055221.jpg
9,055222.jpg
4,055223.jpg
4,055224.jpg
5,055225.jpg
0,055226.jpg
7,055227.jpg
9,055228.jpg
9,055229.jpg
3,055230.jpg
9,055231.jpg
4,055232.jpg
3,055233.jpg
0,055234.jpg
5,055235.jpg
0,055236.jpg
2,055237.jpg
5,055238.jpg
0,055239.jpg
4,055240.jpg
2,055241.jpg
0,055242.jpg
8,055243.jpg
5,055244.jpg
7,055245.jpg
2,055246.jpg
5,055247.jpg
3,055248.jpg
2,055249.jpg
1,055250.jpg
8,055251.jpg
3,055252.jpg
5,055253.jpg
4,055254.jpg
8,055255.jpg
2,055256.jpg
9,055257.jpg
5,055258.jpg
1,055259.jpg
7,055260.jpg
3,055261.jpg
9,055262.jpg
7,055263.jpg
0,055264.jpg
8,055265.jpg
8,055266.jpg
2,055267.jpg
5,055268.jpg
3,055269.jpg
8,055270.jpg
1,055271.jpg
8,055272.jpg
9,055273.jpg
0,055274.jpg
3,055275.jpg
4,055276.jpg
3,055277.jpg
4,055278.jpg
3,055279.jpg
3,055280.jpg
4,055281.jpg
3,055282.jpg
4,055283.jpg
4,055284.jpg
0,055285.jpg
8,055286.jpg
2,055287.jpg
8,055288.jpg
7,055289.jpg
6,055290.jpg
2,055291.jpg
0,055292.jpg
0,055293.jpg
0,055294.jpg
2,055295.jpg
3,055296.jpg
4,055297.jpg
6,055298.jpg
7,055299.jpg
9,055300.jpg
6,055301.jpg
9,055302.jpg
7,055303.jpg
8,055304.jpg
2,055305.jpg
8,055306.jpg
3,055307.jpg
4,055308.jpg
1,055309.jpg
9,055310.jpg
9,055311.jpg
4,055312.jpg
4,055313.jpg
9,055314.jpg
4,055315.jpg
0,055316.jpg
4,055317.jpg
7,055318.jpg
3,055319.jpg
5,055320.jpg
4,055321.jpg
7,055322.jpg
4,055323.jpg
7,055324.jpg
6,055325.jpg
3,055326.jpg
7,055327.jpg
5,055328.jpg
1,055329.jpg
2,055330.jpg
4,055331.jpg
1,055332.jpg
2,055333.jpg
4,055334.jpg
4,055335.jpg
4,055336.jpg
8,055337.jpg
5,055338.jpg
9,055339.jpg
1,055340.jpg
2,055341.jpg
6,055342.jpg
1,055343.jpg
5,055344.jpg
5,055345.jpg
0,055346.jpg
2,055347.jpg
0,055348.jpg
9,055349.jpg
0,055350.jpg
6,055351.jpg
4,055352.jpg
8,055353.jpg
5,055354.jpg
0,055355.jpg
2,055356.jpg
3,055357.jpg
1,055358.jpg
6,055359.jpg
4,055360.jpg
3,055361.jpg
2,055362.jpg
3,055363.jpg
7,055364.jpg
7,055365.jpg
2,055366.jpg
4,055367.jpg
2,055368.jpg
5,055369.jpg
0,055370.jpg
6,055371.jpg
0,055372.jpg
1,055373.jpg
3,055374.jpg
1,055375.jpg
2,055376.jpg
1,055377.jpg
7,055378.jpg
2,055379.jpg
2,055380.jpg
0,055381.jpg
4,055382.jpg
5,055383.jpg
7,055384.jpg
0,055385.jpg
3,055386.jpg
7,055387.jpg
9,055388.jpg
9,055389.jpg
7,055390.jpg
1,055391.jpg
6,055392.jpg
9,055393.jpg
0,055394.jpg
6,055395.jpg
8,055396.jpg
5,055397.jpg
9,055398.jpg
6,055399.jpg
8,055400.jpg
2,055401.jpg
2,055402.jpg
1,055403.jpg
3,055404.jpg
7,055405.jpg
1,055406.jpg
0,055407.jpg
3,055408.jpg
8,055409.jpg
2,055410.jpg
4,055411.jpg
4,055412.jpg
2,055413.jpg
1,055414.jpg
5,055415.jpg
4,055416.jpg
9,055417.jpg
8,055418.jpg
5,055419.jpg
2,055420.jpg
3,055421.jpg
5,055422.jpg
2,055423.jpg
9,055424.jpg
0,055425.jpg
9,055426.jpg
0,055427.jpg
1,055428.jpg
6,055429.jpg
2,055430.jpg
4,055431.jpg
8,055432.jpg
0,055433.jpg
9,055434.jpg
8,055435.jpg
9,055436.jpg
0,055437.jpg
6,055438.jpg
1,055439.jpg
1,055440.jpg
4,055441.jpg
6,055442.jpg
0,055443.jpg
6,055444.jpg
8,055445.jpg
4,055446.jpg
7,055447.jpg
3,055448.jpg
9,055449.jpg
0,055450.jpg
4,055451.jpg
0,055452.jpg
8,055453.jpg
3,055454.jpg
6,055455.jpg
6,055456.jpg
0,055457.jpg
7,055458.jpg
8,055459.jpg
7,055460.jpg
9,055461.jpg
5,055462.jpg
7,055463.jpg
4,055464.jpg
2,055465.jpg
0,055466.jpg
0,055467.jpg
7,055468.jpg
6,055469.jpg
4,055470.jpg
4,055471.jpg
4,055472.jpg
9,055473.jpg
2,055474.jpg
1,055475.jpg
3,055476.jpg
9,055477.jpg
1,055478.jpg
0,055479.jpg
1,055480.jpg
1,055481.jpg
5,055482.jpg
0,055483.jpg
0,055484.jpg
0,055485.jpg
3,055486.jpg
4,055487.jpg
5,055488.jpg
7,055489.jpg
5,055490.jpg
2,055491.jpg
2,055492.jpg
2,055493.jpg
3,055494.jpg
8,055495.jpg
2,055496.jpg
5,055497.jpg
6,055498.jpg
1,055499.jpg
9,055500.jpg
5,055501.jpg
8,055502.jpg
3,055503.jpg
3,055504.jpg
9,055505.jpg
0,055506.jpg
4,055507.jpg
2,055508.jpg
1,055509.jpg
8,055510.jpg
8,055511.jpg
0,055512.jpg
0,055513.jpg
8,055514.jpg
1,055515.jpg
2,055516.jpg
4,055517.jpg
6,055518.jpg
5,055519.jpg
3,055520.jpg
5,055521.jpg
2,055522.jpg
0,055523.jpg
3,055524.jpg
6,055525.jpg
4,055526.jpg
6,055527.jpg
3,055528.jpg
9,055529.jpg
1,055530.jpg
5,055531.jpg
8,055532.jpg
7,055533.jpg
9,055534.jpg
3,055535.jpg
6,055536.jpg
9,055537.jpg
1,055538.jpg
8,055539.jpg
0,055540.jpg
1,055541.jpg
1,055542.jpg
4,055543.jpg
5,055544.jpg
5,055545.jpg
2,055546.jpg
5,055547.jpg
6,055548.jpg
9,055549.jpg
2,055550.jpg
9,055551.jpg
8,055552.jpg
2,055553.jpg
2,055554.jpg
9,055555.jpg
2,055556.jpg
6,055557.jpg
0,055558.jpg
4,055559.jpg
2,055560.jpg
7,055561.jpg
8,055562.jpg
1,055563.jpg
8,055564.jpg
1,055565.jpg
0,055566.jpg
4,055567.jpg
9,055568.jpg
2,055569.jpg
0,055570.jpg
0,055571.jpg
2,055572.jpg
4,055573.jpg
1,055574.jpg
0,055575.jpg
2,055576.jpg
1,055577.jpg
0,055578.jpg
6,055579.jpg
7,055580.jpg
9,055581.jpg
1,055582.jpg
8,055583.jpg
6,055584.jpg
7,055585.jpg
2,055586.jpg
3,055587.jpg
2,055588.jpg
1,055589.jpg
4,055590.jpg
4,055591.jpg
8,055592.jpg
0,055593.jpg
6,055594.jpg
0,055595.jpg
2,055596.jpg
6,055597.jpg
2,055598.jpg
0,055599.jpg
3,055600.jpg
9,055601.jpg
8,055602.jpg
7,055603.jpg
1,055604.jpg
5,055605.jpg
8,055606.jpg
7,055607.jpg
0,055608.jpg
8,055609.jpg
1,055610.jpg
1,055611.jpg
5,055612.jpg
0,055613.jpg
7,055614.jpg
0,055615.jpg
8,055616.jpg
0,055617.jpg
7,055618.jpg
6,055619.jpg
0,055620.jpg
8,055621.jpg
4,055622.jpg
4,055623.jpg
2,055624.jpg
0,055625.jpg
0,055626.jpg
8,055627.jpg
9,055628.jpg
5,055629.jpg
3,055630.jpg
3,055631.jpg
4,055632.jpg
7,055633.jpg
0,055634.jpg
5,055635.jpg
6,055636.jpg
6,055637.jpg
1,055638.jpg
5,055639.jpg
0,055640.jpg
0,055641.jpg
0,055642.jpg
4,055643.jpg
4,055644.jpg
4,055645.jpg
8,055646.jpg
1,055647.jpg
8,055648.jpg
4,055649.jpg
0,055650.jpg
5,055651.jpg
6,055652.jpg
9,055653.jpg
2,055654.jpg
6,055655.jpg
6,055656.jpg
9,055657.jpg
4,055658.jpg
3,055659.jpg
2,055660.jpg
3,055661.jpg
1,055662.jpg
0,055663.jpg
2,055664.jpg
2,055665.jpg
2,055666.jpg
6,055667.jpg
3,055668.jpg
2,055669.jpg
4,055670.jpg
9,055671.jpg
7,055672.jpg
5,055673.jpg
4,055674.jpg
4,055675.jpg
6,055676.jpg
0,055677.jpg
4,055678.jpg
7,055679.jpg
7,055680.jpg
5,055681.jpg
4,055682.jpg
5,055683.jpg
1,055684.jpg
4,055685.jpg
5,055686.jpg
2,055687.jpg
9,055688.jpg
8,055689.jpg
6,055690.jpg
9,055691.jpg
1,055692.jpg
4,055693.jpg
9,055694.jpg
9,055695.jpg
5,055696.jpg
3,055697.jpg
1,055698.jpg
3,055699.jpg
3,055700.jpg
3,055701.jpg
2,055702.jpg
6,055703.jpg
9,055704.jpg
3,055705.jpg
6,055706.jpg
0,055707.jpg
8,055708.jpg
7,055709.jpg
7,055710.jpg
9,055711.jpg
9,055712.jpg
0,055713.jpg
4,055714.jpg
9,055715.jpg
9,055716.jpg
8,055717.jpg
6,055718.jpg
3,055719.jpg
5,055720.jpg
9,055721.jpg
4,055722.jpg
8,055723.jpg
2,055724.jpg
4,055725.jpg
9,055726.jpg
8,055727.jpg
0,055728.jpg
6,055729.jpg
1,055730.jpg
2,055731.jpg
8,055732.jpg
2,055733.jpg
1,055734.jpg
9,055735.jpg
1,055736.jpg
8,055737.jpg
7,055738.jpg
3,055739.jpg
6,055740.jpg
6,055741.jpg
9,055742.jpg
6,055743.jpg
6,055744.jpg
3,055745.jpg
6,055746.jpg
7,055747.jpg
9,055748.jpg
8,055749.jpg
7,055750.jpg
2,055751.jpg
3,055752.jpg
5,055753.jpg
0,055754.jpg
0,055755.jpg
2,055756.jpg
9,055757.jpg
3,055758.jpg
1,055759.jpg
1,055760.jpg
1,055761.jpg
4,055762.jpg
0,055763.jpg
8,055764.jpg
0,055765.jpg
5,055766.jpg
9,055767.jpg
3,055768.jpg
3,055769.jpg
8,055770.jpg
9,055771.jpg
7,055772.jpg
8,055773.jpg
8,055774.jpg
1,055775.jpg
2,055776.jpg
9,055777.jpg
8,055778.jpg
5,055779.jpg
8,055780.jpg
5,055781.jpg
8,055782.jpg
4,055783.jpg
6,055784.jpg
7,055785.jpg
7,055786.jpg
8,055787.jpg
5,055788.jpg
3,055789.jpg
8,055790.jpg
7,055791.jpg
4,055792.jpg
4,055793.jpg
9,055794.jpg
3,055795.jpg
4,055796.jpg
3,055797.jpg
7,055798.jpg
8,055799.jpg
2,055800.jpg
7,055801.jpg
6,055802.jpg
8,055803.jpg
9,055804.jpg
0,055805.jpg
9,055806.jpg
9,055807.jpg
2,055808.jpg
0,055809.jpg
8,055810.jpg
1,055811.jpg
2,055812.jpg
9,055813.jpg
3,055814.jpg
5,055815.jpg
8,055816.jpg
2,055817.jpg
3,055818.jpg
1,055819.jpg
3,055820.jpg
1,055821.jpg
1,055822.jpg
2,055823.jpg
0,055824.jpg
8,055825.jpg
4,055826.jpg
5,055827.jpg
1,055828.jpg
3,055829.jpg
7,055830.jpg
3,055831.jpg
3,055832.jpg
9,055833.jpg
2,055834.jpg
7,055835.jpg
2,055836.jpg
0,055837.jpg
8,055838.jpg
9,055839.jpg
9,055840.jpg
1,055841.jpg
9,055842.jpg
1,055843.jpg
2,055844.jpg
9,055845.jpg
3,055846.jpg
2,055847.jpg
3,055848.jpg
6,055849.jpg
2,055850.jpg
7,055851.jpg
4,055852.jpg
8,055853.jpg
2,055854.jpg
7,055855.jpg
1,055856.jpg
4,055857.jpg
7,055858.jpg
2,055859.jpg
6,055860.jpg
0,055861.jpg
6,055862.jpg
3,055863.jpg
5,055864.jpg
3,055865.jpg
4,055866.jpg
6,055867.jpg
0,055868.jpg
3,055869.jpg
0,055870.jpg
8,055871.jpg
1,055872.jpg
1,055873.jpg
5,055874.jpg
2,055875.jpg
6,055876.jpg
5,055877.jpg
1,055878.jpg
1,055879.jpg
1,055880.jpg
7,055881.jpg
3,055882.jpg
4,055883.jpg
2,055884.jpg
0,055885.jpg
3,055886.jpg
5,055887.jpg
3,055888.jpg
7,055889.jpg
3,055890.jpg
5,055891.jpg
8,055892.jpg
6,055893.jpg
4,055894.jpg
2,055895.jpg
3,055896.jpg
1,055897.jpg
5,055898.jpg
2,055899.jpg
7,055900.jpg
3,055901.jpg
9,055902.jpg
9,055903.jpg
3,055904.jpg
6,055905.jpg
0,055906.jpg
4,055907.jpg
7,055908.jpg
0,055909.jpg
5,055910.jpg
0,055911.jpg
9,055912.jpg
7,055913.jpg
4,055914.jpg
5,055915.jpg
9,055916.jpg
8,055917.jpg
1,055918.jpg
6,055919.jpg
7,055920.jpg
6,055921.jpg
9,055922.jpg
7,055923.jpg
8,055924.jpg
8,055925.jpg
1,055926.jpg
9,055927.jpg
5,055928.jpg
0,055929.jpg
4,055930.jpg
5,055931.jpg
4,055932.jpg
9,055933.jpg
9,055934.jpg
2,055935.jpg
2,055936.jpg
0,055937.jpg
4,055938.jpg
1,055939.jpg
0,055940.jpg
6,055941.jpg
4,055942.jpg
8,055943.jpg
4,055944.jpg
9,055945.jpg
9,055946.jpg
2,055947.jpg
8,055948.jpg
9,055949.jpg
3,055950.jpg
8,055951.jpg
6,055952.jpg
8,055953.jpg
8,055954.jpg
4,055955.jpg
2,055956.jpg
0,055957.jpg
6,055958.jpg
2,055959.jpg
9,055960.jpg
1,055961.jpg
5,055962.jpg
0,055963.jpg
9,055964.jpg
4,055965.jpg
8,055966.jpg
3,055967.jpg
3,055968.jpg
4,055969.jpg
7,055970.jpg
1,055971.jpg
9,055972.jpg
7,055973.jpg
7,055974.jpg
6,055975.jpg
3,055976.jpg
0,055977.jpg
0,055978.jpg
9,055979.jpg
2,055980.jpg
1,055981.jpg
2,055982.jpg
1,055983.jpg
6,055984.jpg
4,055985.jpg
9,055986.jpg
9,055987.jpg
3,055988.jpg
0,055989.jpg
5,055990.jpg
7,055991.jpg
9,055992.jpg
6,055993.jpg
9,055994.jpg
9,055995.jpg
0,055996.jpg
8,055997.jpg
0,055998.jpg
6,055999.jpg
3,056000.jpg
7,056001.jpg
0,056002.jpg
2,056003.jpg
0,056004.jpg
0,056005.jpg
2,056006.jpg
2,056007.jpg
3,056008.jpg
1,056009.jpg
7,056010.jpg
1,056011.jpg
5,056012.jpg
7,056013.jpg
1,056014.jpg
1,056015.jpg
3,056016.jpg
7,056017.jpg
0,056018.jpg
5,056019.jpg
8,056020.jpg
5,056021.jpg
7,056022.jpg
5,056023.jpg
2,056024.jpg
2,056025.jpg
8,056026.jpg
7,056027.jpg
3,056028.jpg
4,056029.jpg
9,056030.jpg
6,056031.jpg
2,056032.jpg
9,056033.jpg
4,056034.jpg
6,056035.jpg
1,056036.jpg
9,056037.jpg
6,056038.jpg
3,056039.jpg
8,056040.jpg
3,056041.jpg
4,056042.jpg
5,056043.jpg
6,056044.jpg
4,056045.jpg
2,056046.jpg
6,056047.jpg
7,056048.jpg
2,056049.jpg
1,056050.jpg
7,056051.jpg
2,056052.jpg
0,056053.jpg
9,056054.jpg
2,056055.jpg
5,056056.jpg
3,056057.jpg
8,056058.jpg
7,056059.jpg
3,056060.jpg
0,056061.jpg
3,056062.jpg
7,056063.jpg
1,056064.jpg
5,056065.jpg
0,056066.jpg
5,056067.jpg
8,056068.jpg
4,056069.jpg
0,056070.jpg
6,056071.jpg
7,056072.jpg
5,056073.jpg
5,056074.jpg
8,056075.jpg
6,056076.jpg
6,056077.jpg
1,056078.jpg
6,056079.jpg
8,056080.jpg
6,056081.jpg
3,056082.jpg
3,056083.jpg
9,056084.jpg
8,056085.jpg
2,056086.jpg
3,056087.jpg
0,056088.jpg
1,056089.jpg
4,056090.jpg
1,056091.jpg
4,056092.jpg
8,056093.jpg
2,056094.jpg
9,056095.jpg
0,056096.jpg
4,056097.jpg
5,056098.jpg
0,056099.jpg
5,056100.jpg
1,056101.jpg
8,056102.jpg
9,056103.jpg
8,056104.jpg
4,056105.jpg
9,056106.jpg
9,056107.jpg
1,056108.jpg
9,056109.jpg
1,056110.jpg
4,056111.jpg
8,056112.jpg
0,056113.jpg
2,056114.jpg
6,056115.jpg
4,056116.jpg
8,056117.jpg
6,056118.jpg
9,056119.jpg
1,056120.jpg
3,056121.jpg
3,056122.jpg
6,056123.jpg
6,056124.jpg
4,056125.jpg
7,056126.jpg
6,056127.jpg
1,056128.jpg
2,056129.jpg
1,056130.jpg
0,056131.jpg
7,056132.jpg
3,056133.jpg
1,056134.jpg
7,056135.jpg
9,056136.jpg
4,056137.jpg
4,056138.jpg
3,056139.jpg
9,056140.jpg
8,056141.jpg
9,056142.jpg
3,056143.jpg
4,056144.jpg
3,056145.jpg
3,056146.jpg
8,056147.jpg
3,056148.jpg
0,056149.jpg
6,056150.jpg
6,056151.jpg
0,056152.jpg
6,056153.jpg
3,056154.jpg
8,056155.jpg
9,056156.jpg
5,056157.jpg
5,056158.jpg
6,056159.jpg
9,056160.jpg
2,056161.jpg
3,056162.jpg
5,056163.jpg
1,056164.jpg
3,056165.jpg
3,056166.jpg
5,056167.jpg
6,056168.jpg
2,056169.jpg
2,056170.jpg
5,056171.jpg
3,056172.jpg
6,056173.jpg
5,056174.jpg
7,056175.jpg
5,056176.jpg
6,056177.jpg
1,056178.jpg
2,056179.jpg
8,056180.jpg
4,056181.jpg
6,056182.jpg
6,056183.jpg
3,056184.jpg
5,056185.jpg
3,056186.jpg
4,056187.jpg
5,056188.jpg
9,056189.jpg
3,056190.jpg
4,056191.jpg
6,056192.jpg
9,056193.jpg
9,056194.jpg
7,056195.jpg
5,056196.jpg
6,056197.jpg
8,056198.jpg
0,056199.jpg
6,056200.jpg
1,056201.jpg
2,056202.jpg
7,056203.jpg
4,056204.jpg
0,056205.jpg
4,056206.jpg
3,056207.jpg
3,056208.jpg
9,056209.jpg
0,056210.jpg
3,056211.jpg
8,056212.jpg
7,056213.jpg
7,056214.jpg
4,056215.jpg
6,056216.jpg
7,056217.jpg
7,056218.jpg
6,056219.jpg
9,056220.jpg
3,056221.jpg
8,056222.jpg
7,056223.jpg
6,056224.jpg
2,056225.jpg
8,056226.jpg
2,056227.jpg
1,056228.jpg
6,056229.jpg
5,056230.jpg
2,056231.jpg
4,056232.jpg
5,056233.jpg
4,056234.jpg
5,056235.jpg
1,056236.jpg
8,056237.jpg
9,056238.jpg
0,056239.jpg
8,056240.jpg
6,056241.jpg
2,056242.jpg
0,056243.jpg
8,056244.jpg
7,056245.jpg
0,056246.jpg
5,056247.jpg
6,056248.jpg
7,056249.jpg
3,056250.jpg
3,056251.jpg
9,056252.jpg
7,056253.jpg
5,056254.jpg
5,056255.jpg
9,056256.jpg
1,056257.jpg
7,056258.jpg
7,056259.jpg
4,056260.jpg
1,056261.jpg
6,056262.jpg
1,056263.jpg
2,056264.jpg
8,056265.jpg
1,056266.jpg
5,056267.jpg
5,056268.jpg
9,056269.jpg
6,056270.jpg
0,056271.jpg
1,056272.jpg
9,056273.jpg
4,056274.jpg
7,056275.jpg
9,056276.jpg
3,056277.jpg
8,056278.jpg
2,056279.jpg
7,056280.jpg
7,056281.jpg
0,056282.jpg
2,056283.jpg
6,056284.jpg
2,056285.jpg
7,056286.jpg
6,056287.jpg
5,056288.jpg
6,056289.jpg
9,056290.jpg
9,056291.jpg
2,056292.jpg
6,056293.jpg
0,056294.jpg
8,056295.jpg
8,056296.jpg
5,056297.jpg
3,056298.jpg
5,056299.jpg
5,056300.jpg
9,056301.jpg
8,056302.jpg
2,056303.jpg
3,056304.jpg
8,056305.jpg
4,056306.jpg
3,056307.jpg
6,056308.jpg
2,056309.jpg
9,056310.jpg
0,056311.jpg
2,056312.jpg
1,056313.jpg
2,056314.jpg
9,056315.jpg
5,056316.jpg
4,056317.jpg
2,056318.jpg
5,056319.jpg
5,056320.jpg
1,056321.jpg
8,056322.jpg
2,056323.jpg
3,056324.jpg
2,056325.jpg
9,056326.jpg
6,056327.jpg
5,056328.jpg
5,056329.jpg
0,056330.jpg
6,056331.jpg
0,056332.jpg
4,056333.jpg
8,056334.jpg
8,056335.jpg
5,056336.jpg
9,056337.jpg
2,056338.jpg
4,056339.jpg
7,056340.jpg
3,056341.jpg
8,056342.jpg
6,056343.jpg
1,056344.jpg
8,056345.jpg
3,056346.jpg
6,056347.jpg
8,056348.jpg
3,056349.jpg
8,056350.jpg
6,056351.jpg
4,056352.jpg
3,056353.jpg
0,056354.jpg
6,056355.jpg
7,056356.jpg
4,056357.jpg
9,056358.jpg
5,056359.jpg
7,056360.jpg
2,056361.jpg
8,056362.jpg
3,056363.jpg
4,056364.jpg
5,056365.jpg
9,056366.jpg
0,056367.jpg
0,056368.jpg
3,056369.jpg
4,056370.jpg
0,056371.jpg
1,056372.jpg
2,056373.jpg
1,056374.jpg
5,056375.jpg
3,056376.jpg
1,056377.jpg
2,056378.jpg
1,056379.jpg
8,056380.jpg
1,056381.jpg
5,056382.jpg
4,056383.jpg
6,056384.jpg
3,056385.jpg
9,056386.jpg
2,056387.jpg
2,056388.jpg
8,056389.jpg
1,056390.jpg
2,056391.jpg
4,056392.jpg
7,056393.jpg
2,056394.jpg
9,056395.jpg
8,056396.jpg
6,056397.jpg
3,056398.jpg
1,056399.jpg
8,056400.jpg
6,056401.jpg
3,056402.jpg
8,056403.jpg
7,056404.jpg
7,056405.jpg
2,056406.jpg
3,056407.jpg
6,056408.jpg
0,056409.jpg
7,056410.jpg
8,056411.jpg
3,056412.jpg
6,056413.jpg
5,056414.jpg
3,056415.jpg
8,056416.jpg
3,056417.jpg
7,056418.jpg
5,056419.jpg
5,056420.jpg
1,056421.jpg
1,056422.jpg
4,056423.jpg
1,056424.jpg
1,056425.jpg
1,056426.jpg
3,056427.jpg
2,056428.jpg
1,056429.jpg
1,056430.jpg
5,056431.jpg
9,056432.jpg
6,056433.jpg
0,056434.jpg
3,056435.jpg
7,056436.jpg
8,056437.jpg
9,056438.jpg
3,056439.jpg
7,056440.jpg
5,056441.jpg
5,056442.jpg
2,056443.jpg
5,056444.jpg
8,056445.jpg
1,056446.jpg
6,056447.jpg
6,056448.jpg
5,056449.jpg
6,056450.jpg
1,056451.jpg
9,056452.jpg
5,056453.jpg
8,056454.jpg
4,056455.jpg
2,056456.jpg
9,056457.jpg
8,056458.jpg
7,056459.jpg
9,056460.jpg
3,056461.jpg
5,056462.jpg
8,056463.jpg
6,056464.jpg
8,056465.jpg
6,056466.jpg
3,056467.jpg
4,056468.jpg
1,056469.jpg
1,056470.jpg
2,056471.jpg
2,056472.jpg
7,056473.jpg
5,056474.jpg
0,056475.jpg
5,056476.jpg
2,056477.jpg
4,056478.jpg
0,056479.jpg
0,056480.jpg
2,056481.jpg
9,056482.jpg
0,056483.jpg
8,056484.jpg
9,056485.jpg
5,056486.jpg
5,056487.jpg
9,056488.jpg
3,056489.jpg
0,056490.jpg
7,056491.jpg
8,056492.jpg
0,056493.jpg
0,056494.jpg
7,056495.jpg
9,056496.jpg
4,056497.jpg
3,056498.jpg
3,056499.jpg
6,056500.jpg
7,056501.jpg
4,056502.jpg
7,056503.jpg
6,056504.jpg
2,056505.jpg
6,056506.jpg
0,056507.jpg
1,056508.jpg
4,056509.jpg
9,056510.jpg
2,056511.jpg
7,056512.jpg
1,056513.jpg
8,056514.jpg
1,056515.jpg
4,056516.jpg
9,056517.jpg
1,056518.jpg
8,056519.jpg
0,056520.jpg
8,056521.jpg
3,056522.jpg
2,056523.jpg
6,056524.jpg
1,056525.jpg
0,056526.jpg
9,056527.jpg
9,056528.jpg
7,056529.jpg
8,056530.jpg
3,056531.jpg
4,056532.jpg
7,056533.jpg
1,056534.jpg
0,056535.jpg
2,056536.jpg
0,056537.jpg
6,056538.jpg
7,056539.jpg
7,056540.jpg
5,056541.jpg
6,056542.jpg
1,056543.jpg
0,056544.jpg
2,056545.jpg
5,056546.jpg
3,056547.jpg
5,056548.jpg
3,056549.jpg
1,056550.jpg
0,056551.jpg
7,056552.jpg
3,056553.jpg
8,056554.jpg
9,056555.jpg
6,056556.jpg
0,056557.jpg
4,056558.jpg
0,056559.jpg
9,056560.jpg
2,056561.jpg
4,056562.jpg
3,056563.jpg
2,056564.jpg
6,056565.jpg
3,056566.jpg
5,056567.jpg
9,056568.jpg
1,056569.jpg
9,056570.jpg
4,056571.jpg
9,056572.jpg
7,056573.jpg
8,056574.jpg
0,056575.jpg
8,056576.jpg
2,056577.jpg
5,056578.jpg
0,056579.jpg
1,056580.jpg
2,056581.jpg
1,056582.jpg
3,056583.jpg
6,056584.jpg
0,056585.jpg
8,056586.jpg
5,056587.jpg
3,056588.jpg
5,056589.jpg
3,056590.jpg
3,056591.jpg
1,056592.jpg
0,056593.jpg
4,056594.jpg
0,056595.jpg
5,056596.jpg
4,056597.jpg
6,056598.jpg
3,056599.jpg
8,056600.jpg
2,056601.jpg
6,056602.jpg
6,056603.jpg
7,056604.jpg
0,056605.jpg
3,056606.jpg
6,056607.jpg
8,056608.jpg
1,056609.jpg
0,056610.jpg
5,056611.jpg
4,056612.jpg
4,056613.jpg
9,056614.jpg
5,056615.jpg
2,056616.jpg
3,056617.jpg
9,056618.jpg
7,056619.jpg
4,056620.jpg
1,056621.jpg
0,056622.jpg
0,056623.jpg
9,056624.jpg
8,056625.jpg
2,056626.jpg
0,056627.jpg
0,056628.jpg
9,056629.jpg
5,056630.jpg
8,056631.jpg
3,056632.jpg
3,056633.jpg
4,056634.jpg
4,056635.jpg
0,056636.jpg
0,056637.jpg
6,056638.jpg
7,056639.jpg
0,056640.jpg
8,056641.jpg
9,056642.jpg
8,056643.jpg
3,056644.jpg
2,056645.jpg
4,056646.jpg
2,056647.jpg
2,056648.jpg
7,056649.jpg
3,056650.jpg
7,056651.jpg
8,056652.jpg
1,056653.jpg
1,056654.jpg
8,056655.jpg
9,056656.jpg
7,056657.jpg
5,056658.jpg
7,056659.jpg
0,056660.jpg
4,056661.jpg
4,056662.jpg
0,056663.jpg
0,056664.jpg
0,056665.jpg
6,056666.jpg
5,056667.jpg
8,056668.jpg
6,056669.jpg
0,056670.jpg
3,056671.jpg
6,056672.jpg
2,056673.jpg
2,056674.jpg
1,056675.jpg
6,056676.jpg
8,056677.jpg
9,056678.jpg
1,056679.jpg
2,056680.jpg
4,056681.jpg
5,056682.jpg
2,056683.jpg
4,056684.jpg
3,056685.jpg
8,056686.jpg
5,056687.jpg
5,056688.jpg
0,056689.jpg
0,056690.jpg
8,056691.jpg
5,056692.jpg
4,056693.jpg
2,056694.jpg
1,056695.jpg
0,056696.jpg
5,056697.jpg
3,056698.jpg
8,056699.jpg
3,056700.jpg
4,056701.jpg
6,056702.jpg
6,056703.jpg
3,056704.jpg
3,056705.jpg
2,056706.jpg
6,056707.jpg
3,056708.jpg
1,056709.jpg
2,056710.jpg
6,056711.jpg
4,056712.jpg
5,056713.jpg
4,056714.jpg
9,056715.jpg
1,056716.jpg
7,056717.jpg
5,056718.jpg
8,056719.jpg
7,056720.jpg
2,056721.jpg
4,056722.jpg
1,056723.jpg
0,056724.jpg
5,056725.jpg
6,056726.jpg
6,056727.jpg
9,056728.jpg
0,056729.jpg
0,056730.jpg
1,056731.jpg
4,056732.jpg
9,056733.jpg
6,056734.jpg
9,056735.jpg
8,056736.jpg
5,056737.jpg
9,056738.jpg
8,056739.jpg
1,056740.jpg
5,056741.jpg
9,056742.jpg
4,056743.jpg
6,056744.jpg
8,056745.jpg
5,056746.jpg
8,056747.jpg
4,056748.jpg
7,056749.jpg
1,056750.jpg
7,056751.jpg
0,056752.jpg
2,056753.jpg
8,056754.jpg
3,056755.jpg
2,056756.jpg
8,056757.jpg
7,056758.jpg
7,056759.jpg
1,056760.jpg
6,056761.jpg
2,056762.jpg
2,056763.jpg
4,056764.jpg
6,056765.jpg
7,056766.jpg
0,056767.jpg
0,056768.jpg
3,056769.jpg
0,056770.jpg
2,056771.jpg
9,056772.jpg
5,056773.jpg
3,056774.jpg
4,056775.jpg
9,056776.jpg
9,056777.jpg
0,056778.jpg
9,056779.jpg
9,056780.jpg
5,056781.jpg
4,056782.jpg
4,056783.jpg
2,056784.jpg
6,056785.jpg
1,056786.jpg
2,056787.jpg
1,056788.jpg
0,056789.jpg
5,056790.jpg
7,056791.jpg
6,056792.jpg
3,056793.jpg
8,056794.jpg
0,056795.jpg
5,056796.jpg
1,056797.jpg
3,056798.jpg
7,056799.jpg
1,056800.jpg
7,056801.jpg
0,056802.jpg
5,056803.jpg
5,056804.jpg
8,056805.jpg
5,056806.jpg
2,056807.jpg
6,056808.jpg
5,056809.jpg
3,056810.jpg
6,056811.jpg
0,056812.jpg
6,056813.jpg
9,056814.jpg
0,056815.jpg
1,056816.jpg
9,056817.jpg
0,056818.jpg
9,056819.jpg
4,056820.jpg
5,056821.jpg
6,056822.jpg
4,056823.jpg
7,056824.jpg
2,056825.jpg
5,056826.jpg
5,056827.jpg
5,056828.jpg
1,056829.jpg
8,056830.jpg
4,056831.jpg
1,056832.jpg
8,056833.jpg
6,056834.jpg
7,056835.jpg
2,056836.jpg
3,056837.jpg
1,056838.jpg
3,056839.jpg
4,056840.jpg
9,056841.jpg
6,056842.jpg
3,056843.jpg
0,056844.jpg
6,056845.jpg
7,056846.jpg
2,056847.jpg
6,056848.jpg
8,056849.jpg
0,056850.jpg
3,056851.jpg
6,056852.jpg
8,056853.jpg
9,056854.jpg
1,056855.jpg
7,056856.jpg
4,056857.jpg
3,056858.jpg
5,056859.jpg
2,056860.jpg
6,056861.jpg
5,056862.jpg
0,056863.jpg
9,056864.jpg
9,056865.jpg
7,056866.jpg
5,056867.jpg
5,056868.jpg
3,056869.jpg
0,056870.jpg
4,056871.jpg
1,056872.jpg
3,056873.jpg
3,056874.jpg
3,056875.jpg
6,056876.jpg
3,056877.jpg
2,056878.jpg
7,056879.jpg
2,056880.jpg
1,056881.jpg
9,056882.jpg
8,056883.jpg
1,056884.jpg
2,056885.jpg
1,056886.jpg
5,056887.jpg
1,056888.jpg
6,056889.jpg
7,056890.jpg
0,056891.jpg
9,056892.jpg
7,056893.jpg
4,056894.jpg
1,056895.jpg
3,056896.jpg
0,056897.jpg
1,056898.jpg
0,056899.jpg
0,056900.jpg
3,056901.jpg
1,056902.jpg
9,056903.jpg
6,056904.jpg
4,056905.jpg
6,056906.jpg
0,056907.jpg
8,056908.jpg
0,056909.jpg
1,056910.jpg
4,056911.jpg
9,056912.jpg
9,056913.jpg
5,056914.jpg
1,056915.jpg
4,056916.jpg
6,056917.jpg
6,056918.jpg
2,056919.jpg
5,056920.jpg
2,056921.jpg
2,056922.jpg
6,056923.jpg
9,056924.jpg
5,056925.jpg
4,056926.jpg
8,056927.jpg
7,056928.jpg
6,056929.jpg
6,056930.jpg
5,056931.jpg
2,056932.jpg
9,056933.jpg
9,056934.jpg
3,056935.jpg
7,056936.jpg
0,056937.jpg
1,056938.jpg
1,056939.jpg
4,056940.jpg
9,056941.jpg
6,056942.jpg
7,056943.jpg
3,056944.jpg
2,056945.jpg
0,056946.jpg
9,056947.jpg
3,056948.jpg
5,056949.jpg
9,056950.jpg
8,056951.jpg
3,056952.jpg
1,056953.jpg
4,056954.jpg
1,056955.jpg
9,056956.jpg
5,056957.jpg
6,056958.jpg
5,056959.jpg
9,056960.jpg
2,056961.jpg
9,056962.jpg
3,056963.jpg
2,056964.jpg
0,056965.jpg
1,056966.jpg
6,056967.jpg
4,056968.jpg
3,056969.jpg
0,056970.jpg
2,056971.jpg
7,056972.jpg
4,056973.jpg
7,056974.jpg
2,056975.jpg
8,056976.jpg
9,056977.jpg
4,056978.jpg
4,056979.jpg
4,056980.jpg
0,056981.jpg
6,056982.jpg
8,056983.jpg
5,056984.jpg
6,056985.jpg
8,056986.jpg
9,056987.jpg
7,056988.jpg
2,056989.jpg
0,056990.jpg
8,056991.jpg
3,056992.jpg
1,056993.jpg
3,056994.jpg
9,056995.jpg
3,056996.jpg
2,056997.jpg
4,056998.jpg
7,056999.jpg
3,057000.jpg
6,057001.jpg
4,057002.jpg
6,057003.jpg
0,057004.jpg
6,057005.jpg
1,057006.jpg
8,057007.jpg
0,057008.jpg
6,057009.jpg
9,057010.jpg
9,057011.jpg
3,057012.jpg
7,057013.jpg
6,057014.jpg
7,057015.jpg
0,057016.jpg
1,057017.jpg
3,057018.jpg
3,057019.jpg
0,057020.jpg
4,057021.jpg
1,057022.jpg
1,057023.jpg
6,057024.jpg
9,057025.jpg
7,057026.jpg
2,057027.jpg
7,057028.jpg
5,057029.jpg
6,057030.jpg
0,057031.jpg
8,057032.jpg
1,057033.jpg
8,057034.jpg
0,057035.jpg
7,057036.jpg
3,057037.jpg
2,057038.jpg
0,057039.jpg
4,057040.jpg
8,057041.jpg
3,057042.jpg
8,057043.jpg
7,057044.jpg
4,057045.jpg
6,057046.jpg
4,057047.jpg
3,057048.jpg
3,057049.jpg
6,057050.jpg
4,057051.jpg
5,057052.jpg
5,057053.jpg
5,057054.jpg
6,057055.jpg
7,057056.jpg
0,057057.jpg
2,057058.jpg
2,057059.jpg
9,057060.jpg
1,057061.jpg
4,057062.jpg
6,057063.jpg
0,057064.jpg
1,057065.jpg
8,057066.jpg
0,057067.jpg
5,057068.jpg
5,057069.jpg
2,057070.jpg
2,057071.jpg
0,057072.jpg
0,057073.jpg
9,057074.jpg
7,057075.jpg
9,057076.jpg
1,057077.jpg
5,057078.jpg
7,057079.jpg
7,057080.jpg
7,057081.jpg
0,057082.jpg
1,057083.jpg
8,057084.jpg
8,057085.jpg
1,057086.jpg
8,057087.jpg
6,057088.jpg
8,057089.jpg
7,057090.jpg
5,057091.jpg
3,057092.jpg
4,057093.jpg
1,057094.jpg
7,057095.jpg
0,057096.jpg
1,057097.jpg
6,057098.jpg
3,057099.jpg
3,057100.jpg
3,057101.jpg
7,057102.jpg
9,057103.jpg
0,057104.jpg
9,057105.jpg
6,057106.jpg
7,057107.jpg
3,057108.jpg
5,057109.jpg
0,057110.jpg
9,057111.jpg
7,057112.jpg
7,057113.jpg
0,057114.jpg
4,057115.jpg
4,057116.jpg
5,057117.jpg
1,057118.jpg
2,057119.jpg
0,057120.jpg
3,057121.jpg
0,057122.jpg
6,057123.jpg
8,057124.jpg
1,057125.jpg
1,057126.jpg
1,057127.jpg
2,057128.jpg
1,057129.jpg
9,057130.jpg
0,057131.jpg
0,057132.jpg
7,057133.jpg
5,057134.jpg
4,057135.jpg
1,057136.jpg
2,057137.jpg
3,057138.jpg
3,057139.jpg
4,057140.jpg
0,057141.jpg
8,057142.jpg
4,057143.jpg
7,057144.jpg
7,057145.jpg
2,057146.jpg
1,057147.jpg
4,057148.jpg
6,057149.jpg
8,057150.jpg
2,057151.jpg
8,057152.jpg
4,057153.jpg
8,057154.jpg
3,057155.jpg
3,057156.jpg
8,057157.jpg
7,057158.jpg
5,057159.jpg
4,057160.jpg
8,057161.jpg
6,057162.jpg
8,057163.jpg
5,057164.jpg
7,057165.jpg
4,057166.jpg
9,057167.jpg
1,057168.jpg
5,057169.jpg
0,057170.jpg
5,057171.jpg
6,057172.jpg
3,057173.jpg
9,057174.jpg
7,057175.jpg
8,057176.jpg
8,057177.jpg
4,057178.jpg
3,057179.jpg
0,057180.jpg
0,057181.jpg
7,057182.jpg
3,057183.jpg
4,057184.jpg
3,057185.jpg
0,057186.jpg
2,057187.jpg
5,057188.jpg
6,057189.jpg
8,057190.jpg
0,057191.jpg
4,057192.jpg
9,057193.jpg
0,057194.jpg
6,057195.jpg
1,057196.jpg
4,057197.jpg
9,057198.jpg
8,057199.jpg
4,057200.jpg
1,057201.jpg
2,057202.jpg
5,057203.jpg
1,057204.jpg
2,057205.jpg
2,057206.jpg
8,057207.jpg
0,057208.jpg
1,057209.jpg
5,057210.jpg
4,057211.jpg
6,057212.jpg
4,057213.jpg
5,057214.jpg
8,057215.jpg
6,057216.jpg
1,057217.jpg
2,057218.jpg
8,057219.jpg
0,057220.jpg
5,057221.jpg
5,057222.jpg
3,057223.jpg
7,057224.jpg
5,057225.jpg
1,057226.jpg
4,057227.jpg
2,057228.jpg
2,057229.jpg
4,057230.jpg
5,057231.jpg
4,057232.jpg
4,057233.jpg
7,057234.jpg
5,057235.jpg
8,057236.jpg
6,057237.jpg
0,057238.jpg
1,057239.jpg
8,057240.jpg
1,057241.jpg
1,057242.jpg
8,057243.jpg
8,057244.jpg
6,057245.jpg
5,057246.jpg
9,057247.jpg
5,057248.jpg
1,057249.jpg
1,057250.jpg
0,057251.jpg
1,057252.jpg
9,057253.jpg
4,057254.jpg
4,057255.jpg
7,057256.jpg
4,057257.jpg
7,057258.jpg
1,057259.jpg
5,057260.jpg
8,057261.jpg
9,057262.jpg
0,057263.jpg
4,057264.jpg
7,057265.jpg
1,057266.jpg
9,057267.jpg
3,057268.jpg
3,057269.jpg
8,057270.jpg
8,057271.jpg
2,057272.jpg
4,057273.jpg
7,057274.jpg
1,057275.jpg
8,057276.jpg
1,057277.jpg
4,057278.jpg
5,057279.jpg
3,057280.jpg
5,057281.jpg
9,057282.jpg
6,057283.jpg
6,057284.jpg
6,057285.jpg
5,057286.jpg
9,057287.jpg
2,057288.jpg
1,057289.jpg
8,057290.jpg
2,057291.jpg
2,057292.jpg
3,057293.jpg
8,057294.jpg
6,057295.jpg
7,057296.jpg
9,057297.jpg
2,057298.jpg
0,057299.jpg
1,057300.jpg
5,057301.jpg
0,057302.jpg
7,057303.jpg
1,057304.jpg
8,057305.jpg
8,057306.jpg
3,057307.jpg
7,057308.jpg
3,057309.jpg
4,057310.jpg
4,057311.jpg
7,057312.jpg
5,057313.jpg
3,057314.jpg
6,057315.jpg
7,057316.jpg
9,057317.jpg
5,057318.jpg
5,057319.jpg
4,057320.jpg
7,057321.jpg
7,057322.jpg
5,057323.jpg
9,057324.jpg
5,057325.jpg
7,057326.jpg
9,057327.jpg
8,057328.jpg
4,057329.jpg
7,057330.jpg
3,057331.jpg
8,057332.jpg
6,057333.jpg
8,057334.jpg
6,057335.jpg
5,057336.jpg
0,057337.jpg
0,057338.jpg
5,057339.jpg
3,057340.jpg
2,057341.jpg
5,057342.jpg
8,057343.jpg
6,057344.jpg
3,057345.jpg
4,057346.jpg
9,057347.jpg
2,057348.jpg
6,057349.jpg
1,057350.jpg
9,057351.jpg
4,057352.jpg
3,057353.jpg
2,057354.jpg
1,057355.jpg
4,057356.jpg
5,057357.jpg
6,057358.jpg
8,057359.jpg
8,057360.jpg
9,057361.jpg
7,057362.jpg
9,057363.jpg
5,057364.jpg
0,057365.jpg
8,057366.jpg
0,057367.jpg
7,057368.jpg
9,057369.jpg
2,057370.jpg
7,057371.jpg
5,057372.jpg
3,057373.jpg
0,057374.jpg
2,057375.jpg
1,057376.jpg
0,057377.jpg
3,057378.jpg
5,057379.jpg
2,057380.jpg
8,057381.jpg
6,057382.jpg
8,057383.jpg
6,057384.jpg
5,057385.jpg
3,057386.jpg
0,057387.jpg
4,057388.jpg
2,057389.jpg
3,057390.jpg
9,057391.jpg
8,057392.jpg
7,057393.jpg
5,057394.jpg
3,057395.jpg
4,057396.jpg
1,057397.jpg
9,057398.jpg
0,057399.jpg
9,057400.jpg
9,057401.jpg
5,057402.jpg
6,057403.jpg
8,057404.jpg
3,057405.jpg
4,057406.jpg
7,057407.jpg
9,057408.jpg
8,057409.jpg
1,057410.jpg
7,057411.jpg
0,057412.jpg
3,057413.jpg
5,057414.jpg
5,057415.jpg
5,057416.jpg
5,057417.jpg
0,057418.jpg
5,057419.jpg
0,057420.jpg
5,057421.jpg
9,057422.jpg
0,057423.jpg
4,057424.jpg
2,057425.jpg
8,057426.jpg
6,057427.jpg
9,057428.jpg
0,057429.jpg
1,057430.jpg
5,057431.jpg
0,057432.jpg
3,057433.jpg
0,057434.jpg
7,057435.jpg
6,057436.jpg
1,057437.jpg
0,057438.jpg
7,057439.jpg
4,057440.jpg
2,057441.jpg
7,057442.jpg
8,057443.jpg
8,057444.jpg
3,057445.jpg
8,057446.jpg
1,057447.jpg
0,057448.jpg
3,057449.jpg
4,057450.jpg
4,057451.jpg
1,057452.jpg
0,057453.jpg
7,057454.jpg
2,057455.jpg
7,057456.jpg
8,057457.jpg
5,057458.jpg
1,057459.jpg
3,057460.jpg
3,057461.jpg
6,057462.jpg
0,057463.jpg
7,057464.jpg
1,057465.jpg
2,057466.jpg
1,057467.jpg
2,057468.jpg
8,057469.jpg
1,057470.jpg
0,057471.jpg
1,057472.jpg
2,057473.jpg
1,057474.jpg
4,057475.jpg
1,057476.jpg
9,057477.jpg
7,057478.jpg
4,057479.jpg
5,057480.jpg
7,057481.jpg
0,057482.jpg
5,057483.jpg
6,057484.jpg
4,057485.jpg
0,057486.jpg
7,057487.jpg
1,057488.jpg
5,057489.jpg
8,057490.jpg
5,057491.jpg
6,057492.jpg
5,057493.jpg
9,057494.jpg
5,057495.jpg
8,057496.jpg
5,057497.jpg
8,057498.jpg
1,057499.jpg
3,057500.jpg
4,057501.jpg
5,057502.jpg
8,057503.jpg
8,057504.jpg
3,057505.jpg
4,057506.jpg
2,057507.jpg
2,057508.jpg
6,057509.jpg
1,057510.jpg
3,057511.jpg
8,057512.jpg
0,057513.jpg
6,057514.jpg
0,057515.jpg
2,057516.jpg
4,057517.jpg
8,057518.jpg
6,057519.jpg
1,057520.jpg
3,057521.jpg
0,057522.jpg
4,057523.jpg
0,057524.jpg
8,057525.jpg
0,057526.jpg
0,057527.jpg
9,057528.jpg
8,057529.jpg
8,057530.jpg
9,057531.jpg
6,057532.jpg
1,057533.jpg
0,057534.jpg
3,057535.jpg
9,057536.jpg
3,057537.jpg
3,057538.jpg
8,057539.jpg
1,057540.jpg
9,057541.jpg
4,057542.jpg
0,057543.jpg
6,057544.jpg
7,057545.jpg
1,057546.jpg
5,057547.jpg
6,057548.jpg
8,057549.jpg
7,057550.jpg
6,057551.jpg
9,057552.jpg
3,057553.jpg
4,057554.jpg
4,057555.jpg
5,057556.jpg
4,057557.jpg
4,057558.jpg
3,057559.jpg
9,057560.jpg
9,057561.jpg
5,057562.jpg
1,057563.jpg
6,057564.jpg
0,057565.jpg
8,057566.jpg
0,057567.jpg
0,057568.jpg
2,057569.jpg
3,057570.jpg
7,057571.jpg
4,057572.jpg
8,057573.jpg
4,057574.jpg
8,057575.jpg
4,057576.jpg
6,057577.jpg
5,057578.jpg
8,057579.jpg
4,057580.jpg
5,057581.jpg
0,057582.jpg
8,057583.jpg
3,057584.jpg
7,057585.jpg
9,057586.jpg
8,057587.jpg
2,057588.jpg
3,057589.jpg
4,057590.jpg
7,057591.jpg
2,057592.jpg
4,057593.jpg
1,057594.jpg
2,057595.jpg
1,057596.jpg
5,057597.jpg
2,057598.jpg
7,057599.jpg
3,057600.jpg
7,057601.jpg
4,057602.jpg
2,057603.jpg
2,057604.jpg
7,057605.jpg
4,057606.jpg
0,057607.jpg
9,057608.jpg
9,057609.jpg
8,057610.jpg
5,057611.jpg
7,057612.jpg
3,057613.jpg
4,057614.jpg
6,057615.jpg
4,057616.jpg
7,057617.jpg
8,057618.jpg
7,057619.jpg
5,057620.jpg
0,057621.jpg
6,057622.jpg
0,057623.jpg
7,057624.jpg
7,057625.jpg
4,057626.jpg
6,057627.jpg
0,057628.jpg
4,057629.jpg
9,057630.jpg
1,057631.jpg
1,057632.jpg
9,057633.jpg
6,057634.jpg
7,057635.jpg
7,057636.jpg
6,057637.jpg
7,057638.jpg
9,057639.jpg
2,057640.jpg
6,057641.jpg
4,057642.jpg
2,057643.jpg
9,057644.jpg
2,057645.jpg
1,057646.jpg
1,057647.jpg
3,057648.jpg
7,057649.jpg
6,057650.jpg
7,057651.jpg
8,057652.jpg
2,057653.jpg
4,057654.jpg
1,057655.jpg
4,057656.jpg
9,057657.jpg
1,057658.jpg
6,057659.jpg
5,057660.jpg
7,057661.jpg
1,057662.jpg
8,057663.jpg
3,057664.jpg
6,057665.jpg
1,057666.jpg
9,057667.jpg
8,057668.jpg
7,057669.jpg
7,057670.jpg
8,057671.jpg
7,057672.jpg
8,057673.jpg
8,057674.jpg
0,057675.jpg
7,057676.jpg
5,057677.jpg
4,057678.jpg
6,057679.jpg
7,057680.jpg
1,057681.jpg
1,057682.jpg
5,057683.jpg
8,057684.jpg
3,057685.jpg
1,057686.jpg
0,057687.jpg
9,057688.jpg
1,057689.jpg
2,057690.jpg
5,057691.jpg
0,057692.jpg
7,057693.jpg
0,057694.jpg
3,057695.jpg
6,057696.jpg
3,057697.jpg
0,057698.jpg
4,057699.jpg
2,057700.jpg
9,057701.jpg
6,057702.jpg
7,057703.jpg
8,057704.jpg
3,057705.jpg
0,057706.jpg
4,057707.jpg
2,057708.jpg
2,057709.jpg
8,057710.jpg
9,057711.jpg
1,057712.jpg
6,057713.jpg
4,057714.jpg
8,057715.jpg
3,057716.jpg
5,057717.jpg
7,057718.jpg
0,057719.jpg
8,057720.jpg
7,057721.jpg
3,057722.jpg
1,057723.jpg
6,057724.jpg
3,057725.jpg
9,057726.jpg
7,057727.jpg
5,057728.jpg
2,057729.jpg
0,057730.jpg
6,057731.jpg
5,057732.jpg
8,057733.jpg
6,057734.jpg
9,057735.jpg
8,057736.jpg
1,057737.jpg
4,057738.jpg
4,057739.jpg
4,057740.jpg
5,057741.jpg
9,057742.jpg
3,057743.jpg
7,057744.jpg
4,057745.jpg
2,057746.jpg
4,057747.jpg
1,057748.jpg
2,057749.jpg
0,057750.jpg
3,057751.jpg
4,057752.jpg
2,057753.jpg
9,057754.jpg
6,057755.jpg
8,057756.jpg
1,057757.jpg
0,057758.jpg
8,057759.jpg
8,057760.jpg
9,057761.jpg
2,057762.jpg
3,057763.jpg
3,057764.jpg
4,057765.jpg
0,057766.jpg
1,057767.jpg
1,057768.jpg
5,057769.jpg
9,057770.jpg
8,057771.jpg
3,057772.jpg
6,057773.jpg
6,057774.jpg
9,057775.jpg
7,057776.jpg
1,057777.jpg
1,057778.jpg
2,057779.jpg
5,057780.jpg
7,057781.jpg
2,057782.jpg
9,057783.jpg
0,057784.jpg
0,057785.jpg
9,057786.jpg
9,057787.jpg
9,057788.jpg
5,057789.jpg
6,057790.jpg
1,057791.jpg
4,057792.jpg
2,057793.jpg
3,057794.jpg
2,057795.jpg
5,057796.jpg
6,057797.jpg
1,057798.jpg
3,057799.jpg
9,057800.jpg
0,057801.jpg
1,057802.jpg
4,057803.jpg
3,057804.jpg
0,057805.jpg
9,057806.jpg
4,057807.jpg
9,057808.jpg
3,057809.jpg
0,057810.jpg
3,057811.jpg
8,057812.jpg
7,057813.jpg
8,057814.jpg
7,057815.jpg
9,057816.jpg
8,057817.jpg
8,057818.jpg
3,057819.jpg
3,057820.jpg
0,057821.jpg
2,057822.jpg
6,057823.jpg
1,057824.jpg
9,057825.jpg
9,057826.jpg
5,057827.jpg
8,057828.jpg
9,057829.jpg
6,057830.jpg
1,057831.jpg
6,057832.jpg
6,057833.jpg
2,057834.jpg
6,057835.jpg
0,057836.jpg
1,057837.jpg
2,057838.jpg
3,057839.jpg
5,057840.jpg
7,057841.jpg
5,057842.jpg
1,057843.jpg
3,057844.jpg
4,057845.jpg
8,057846.jpg
9,057847.jpg
5,057848.jpg
8,057849.jpg
8,057850.jpg
0,057851.jpg
8,057852.jpg
5,057853.jpg
0,057854.jpg
7,057855.jpg
9,057856.jpg
6,057857.jpg
9,057858.jpg
0,057859.jpg
9,057860.jpg
1,057861.jpg
8,057862.jpg
3,057863.jpg
3,057864.jpg
4,057865.jpg
5,057866.jpg
7,057867.jpg
7,057868.jpg
4,057869.jpg
3,057870.jpg
5,057871.jpg
8,057872.jpg
6,057873.jpg
6,057874.jpg
6,057875.jpg
4,057876.jpg
2,057877.jpg
1,057878.jpg
2,057879.jpg
4,057880.jpg
7,057881.jpg
0,057882.jpg
8,057883.jpg
3,057884.jpg
4,057885.jpg
4,057886.jpg
9,057887.jpg
3,057888.jpg
2,057889.jpg
2,057890.jpg
9,057891.jpg
0,057892.jpg
7,057893.jpg
2,057894.jpg
9,057895.jpg
8,057896.jpg
6,057897.jpg
0,057898.jpg
4,057899.jpg
1,057900.jpg
4,057901.jpg
9,057902.jpg
2,057903.jpg
3,057904.jpg
6,057905.jpg
3,057906.jpg
8,057907.jpg
4,057908.jpg
5,057909.jpg
0,057910.jpg
0,057911.jpg
1,057912.jpg
3,057913.jpg
4,057914.jpg
4,057915.jpg
1,057916.jpg
8,057917.jpg
6,057918.jpg
0,057919.jpg
9,057920.jpg
5,057921.jpg
4,057922.jpg
1,057923.jpg
5,057924.jpg
9,057925.jpg
9,057926.jpg
1,057927.jpg
1,057928.jpg
9,057929.jpg
7,057930.jpg
6,057931.jpg
6,057932.jpg
3,057933.jpg
6,057934.jpg
0,057935.jpg
9,057936.jpg
0,057937.jpg
1,057938.jpg
1,057939.jpg
8,057940.jpg
3,057941.jpg
0,057942.jpg
8,057943.jpg
8,057944.jpg
1,057945.jpg
1,057946.jpg
3,057947.jpg
0,057948.jpg
4,057949.jpg
9,057950.jpg
3,057951.jpg
1,057952.jpg
1,057953.jpg
3,057954.jpg
4,057955.jpg
7,057956.jpg
7,057957.jpg
3,057958.jpg
5,057959.jpg
8,057960.jpg
3,057961.jpg
9,057962.jpg
2,057963.jpg
8,057964.jpg
2,057965.jpg
0,057966.jpg
4,057967.jpg
8,057968.jpg
2,057969.jpg
9,057970.jpg
6,057971.jpg
0,057972.jpg
5,057973.jpg
3,057974.jpg
3,057975.jpg
0,057976.jpg
9,057977.jpg
1,057978.jpg
4,057979.jpg
7,057980.jpg
8,057981.jpg
2,057982.jpg
2,057983.jpg
8,057984.jpg
1,057985.jpg
0,057986.jpg
2,057987.jpg
7,057988.jpg
9,057989.jpg
4,057990.jpg
2,057991.jpg
9,057992.jpg
6,057993.jpg
6,057994.jpg
9,057995.jpg
0,057996.jpg
4,057997.jpg
4,057998.jpg
4,057999.jpg
3,058000.jpg
8,058001.jpg
8,058002.jpg
9,058003.jpg
4,058004.jpg
3,058005.jpg
2,058006.jpg
8,058007.jpg
2,058008.jpg
4,058009.jpg
7,058010.jpg
8,058011.jpg
6,058012.jpg
5,058013.jpg
8,058014.jpg
4,058015.jpg
7,058016.jpg
7,058017.jpg
6,058018.jpg
6,058019.jpg
7,058020.jpg
1,058021.jpg
0,058022.jpg
9,058023.jpg
2,058024.jpg
3,058025.jpg
2,058026.jpg
1,058027.jpg
5,058028.jpg
7,058029.jpg
2,058030.jpg
4,058031.jpg
4,058032.jpg
9,058033.jpg
0,058034.jpg
8,058035.jpg
4,058036.jpg
5,058037.jpg
0,058038.jpg
4,058039.jpg
4,058040.jpg
7,058041.jpg
0,058042.jpg
9,058043.jpg
9,058044.jpg
4,058045.jpg
6,058046.jpg
5,058047.jpg
4,058048.jpg
5,058049.jpg
7,058050.jpg
7,058051.jpg
7,058052.jpg
5,058053.jpg
2,058054.jpg
5,058055.jpg
2,058056.jpg
7,058057.jpg
2,058058.jpg
9,058059.jpg
8,058060.jpg
9,058061.jpg
2,058062.jpg
0,058063.jpg
4,058064.jpg
1,058065.jpg
9,058066.jpg
5,058067.jpg
4,058068.jpg
7,058069.jpg
9,058070.jpg
5,058071.jpg
5,058072.jpg
6,058073.jpg
7,058074.jpg
5,058075.jpg
8,058076.jpg
6,058077.jpg
3,058078.jpg
1,058079.jpg
8,058080.jpg
1,058081.jpg
1,058082.jpg
6,058083.jpg
7,058084.jpg
6,058085.jpg
0,058086.jpg
9,058087.jpg
6,058088.jpg
0,058089.jpg
7,058090.jpg
9,058091.jpg
2,058092.jpg
2,058093.jpg
3,058094.jpg
3,058095.jpg
3,058096.jpg
0,058097.jpg
0,058098.jpg
2,058099.jpg
1,058100.jpg
6,058101.jpg
7,058102.jpg
9,058103.jpg
4,058104.jpg
3,058105.jpg
6,058106.jpg
5,058107.jpg
7,058108.jpg
4,058109.jpg
3,058110.jpg
4,058111.jpg
8,058112.jpg
2,058113.jpg
0,058114.jpg
6,058115.jpg
5,058116.jpg
2,058117.jpg
6,058118.jpg
1,058119.jpg
4,058120.jpg
4,058121.jpg
2,058122.jpg
2,058123.jpg
5,058124.jpg
4,058125.jpg
4,058126.jpg
3,058127.jpg
9,058128.jpg
6,058129.jpg
6,058130.jpg
7,058131.jpg
1,058132.jpg
6,058133.jpg
8,058134.jpg
1,058135.jpg
9,058136.jpg
4,058137.jpg
9,058138.jpg
4,058139.jpg
0,058140.jpg
3,058141.jpg
9,058142.jpg
3,058143.jpg
0,058144.jpg
5,058145.jpg
8,058146.jpg
5,058147.jpg
9,058148.jpg
4,058149.jpg
2,058150.jpg
4,058151.jpg
0,058152.jpg
3,058153.jpg
2,058154.jpg
7,058155.jpg
4,058156.jpg
7,058157.jpg
2,058158.jpg
5,058159.jpg
4,058160.jpg
4,058161.jpg
6,058162.jpg
6,058163.jpg
3,058164.jpg
1,058165.jpg
8,058166.jpg
9,058167.jpg
2,058168.jpg
9,058169.jpg
9,058170.jpg
3,058171.jpg
5,058172.jpg
9,058173.jpg
6,058174.jpg
1,058175.jpg
2,058176.jpg
3,058177.jpg
8,058178.jpg
3,058179.jpg
7,058180.jpg
1,058181.jpg
8,058182.jpg
6,058183.jpg
0,058184.jpg
2,058185.jpg
3,058186.jpg
2,058187.jpg
5,058188.jpg
5,058189.jpg
5,058190.jpg
8,058191.jpg
3,058192.jpg
5,058193.jpg
6,058194.jpg
3,058195.jpg
1,058196.jpg
4,058197.jpg
8,058198.jpg
3,058199.jpg
7,058200.jpg
8,058201.jpg
4,058202.jpg
9,058203.jpg
3,058204.jpg
5,058205.jpg
0,058206.jpg
8,058207.jpg
6,058208.jpg
3,058209.jpg
6,058210.jpg
2,058211.jpg
3,058212.jpg
4,058213.jpg
8,058214.jpg
4,058215.jpg
4,058216.jpg
0,058217.jpg
4,058218.jpg
2,058219.jpg
6,058220.jpg
6,058221.jpg
8,058222.jpg
3,058223.jpg
0,058224.jpg
9,058225.jpg
6,058226.jpg
8,058227.jpg
7,058228.jpg
4,058229.jpg
6,058230.jpg
2,058231.jpg
7,058232.jpg
7,058233.jpg
1,058234.jpg
9,058235.jpg
2,058236.jpg
5,058237.jpg
0,058238.jpg
1,058239.jpg
0,058240.jpg
1,058241.jpg
5,058242.jpg
8,058243.jpg
4,058244.jpg
1,058245.jpg
3,058246.jpg
9,058247.jpg
6,058248.jpg
8,058249.jpg
3,058250.jpg
6,058251.jpg
5,058252.jpg
0,058253.jpg
2,058254.jpg
5,058255.jpg
9,058256.jpg
3,058257.jpg
8,058258.jpg
0,058259.jpg
2,058260.jpg
6,058261.jpg
2,058262.jpg
7,058263.jpg
2,058264.jpg
6,058265.jpg
0,058266.jpg
2,058267.jpg
5,058268.jpg
0,058269.jpg
8,058270.jpg
0,058271.jpg
5,058272.jpg
9,058273.jpg
1,058274.jpg
5,058275.jpg
7,058276.jpg
4,058277.jpg
9,058278.jpg
0,058279.jpg
4,058280.jpg
4,058281.jpg
5,058282.jpg
1,058283.jpg
9,058284.jpg
6,058285.jpg
6,058286.jpg
7,058287.jpg
7,058288.jpg
1,058289.jpg
8,058290.jpg
6,058291.jpg
0,058292.jpg
4,058293.jpg
0,058294.jpg
3,058295.jpg
1,058296.jpg
9,058297.jpg
0,058298.jpg
8,058299.jpg
8,058300.jpg
5,058301.jpg
5,058302.jpg
6,058303.jpg
7,058304.jpg
1,058305.jpg
4,058306.jpg
7,058307.jpg
2,058308.jpg
5,058309.jpg
7,058310.jpg
9,058311.jpg
1,058312.jpg
0,058313.jpg
0,058314.jpg
8,058315.jpg
6,058316.jpg
9,058317.jpg
0,058318.jpg
2,058319.jpg
3,058320.jpg
9,058321.jpg
6,058322.jpg
0,058323.jpg
8,058324.jpg
4,058325.jpg
6,058326.jpg
8,058327.jpg
9,058328.jpg
7,058329.jpg
0,058330.jpg
6,058331.jpg
9,058332.jpg
3,058333.jpg
3,058334.jpg
0,058335.jpg
5,058336.jpg
6,058337.jpg
9,058338.jpg
1,058339.jpg
6,058340.jpg
6,058341.jpg
3,058342.jpg
6,058343.jpg
2,058344.jpg
5,058345.jpg
2,058346.jpg
0,058347.jpg
2,058348.jpg
5,058349.jpg
5,058350.jpg
1,058351.jpg
3,058352.jpg
2,058353.jpg
2,058354.jpg
3,058355.jpg
2,058356.jpg
3,058357.jpg
4,058358.jpg
6,058359.jpg
9,058360.jpg
2,058361.jpg
1,058362.jpg
9,058363.jpg
2,058364.jpg
3,058365.jpg
5,058366.jpg
7,058367.jpg
3,058368.jpg
0,058369.jpg
1,058370.jpg
5,058371.jpg
3,058372.jpg
3,058373.jpg
2,058374.jpg
3,058375.jpg
7,058376.jpg
9,058377.jpg
1,058378.jpg
5,058379.jpg
6,058380.jpg
4,058381.jpg
1,058382.jpg
7,058383.jpg
9,058384.jpg
0,058385.jpg
7,058386.jpg
0,058387.jpg
9,058388.jpg
6,058389.jpg
5,058390.jpg
9,058391.jpg
5,058392.jpg
5,058393.jpg
0,058394.jpg
5,058395.jpg
9,058396.jpg
9,058397.jpg
0,058398.jpg
3,058399.jpg
5,058400.jpg
9,058401.jpg
4,058402.jpg
0,058403.jpg
6,058404.jpg
3,058405.jpg
8,058406.jpg
6,058407.jpg
5,058408.jpg
4,058409.jpg
0,058410.jpg
1,058411.jpg
8,058412.jpg
4,058413.jpg
6,058414.jpg
8,058415.jpg
0,058416.jpg
4,058417.jpg
2,058418.jpg
0,058419.jpg
3,058420.jpg
2,058421.jpg
3,058422.jpg
9,058423.jpg
2,058424.jpg
0,058425.jpg
1,058426.jpg
5,058427.jpg
1,058428.jpg
1,058429.jpg
8,058430.jpg
8,058431.jpg
6,058432.jpg
9,058433.jpg
1,058434.jpg
1,058435.jpg
3,058436.jpg
5,058437.jpg
6,058438.jpg
8,058439.jpg
6,058440.jpg
4,058441.jpg
4,058442.jpg
9,058443.jpg
1,058444.jpg
5,058445.jpg
5,058446.jpg
9,058447.jpg
5,058448.jpg
7,058449.jpg
3,058450.jpg
2,058451.jpg
8,058452.jpg
7,058453.jpg
7,058454.jpg
9,058455.jpg
0,058456.jpg
8,058457.jpg
3,058458.jpg
5,058459.jpg
7,058460.jpg
8,058461.jpg
8,058462.jpg
5,058463.jpg
6,058464.jpg
7,058465.jpg
4,058466.jpg
0,058467.jpg
7,058468.jpg
5,058469.jpg
4,058470.jpg
9,058471.jpg
0,058472.jpg
7,058473.jpg
7,058474.jpg
6,058475.jpg
4,058476.jpg
4,058477.jpg
6,058478.jpg
4,058479.jpg
7,058480.jpg
0,058481.jpg
2,058482.jpg
6,058483.jpg
2,058484.jpg
5,058485.jpg
3,058486.jpg
7,058487.jpg
6,058488.jpg
5,058489.jpg
6,058490.jpg
5,058491.jpg
2,058492.jpg
4,058493.jpg
5,058494.jpg
9,058495.jpg
0,058496.jpg
0,058497.jpg
0,058498.jpg
5,058499.jpg
8,058500.jpg
3,058501.jpg
3,058502.jpg
3,058503.jpg
2,058504.jpg
8,058505.jpg
7,058506.jpg
2,058507.jpg
3,058508.jpg
3,058509.jpg
2,058510.jpg
3,058511.jpg
6,058512.jpg
2,058513.jpg
0,058514.jpg
5,058515.jpg
5,058516.jpg
0,058517.jpg
7,058518.jpg
8,058519.jpg
0,058520.jpg
3,058521.jpg
6,058522.jpg
1,058523.jpg
7,058524.jpg
5,058525.jpg
7,058526.jpg
7,058527.jpg
1,058528.jpg
3,058529.jpg
7,058530.jpg
5,058531.jpg
8,058532.jpg
6,058533.jpg
2,058534.jpg
6,058535.jpg
6,058536.jpg
4,058537.jpg
5,058538.jpg
8,058539.jpg
7,058540.jpg
1,058541.jpg
9,058542.jpg
8,058543.jpg
9,058544.jpg
4,058545.jpg
5,058546.jpg
4,058547.jpg
8,058548.jpg
5,058549.jpg
3,058550.jpg
9,058551.jpg
9,058552.jpg
4,058553.jpg
1,058554.jpg
7,058555.jpg
7,058556.jpg
4,058557.jpg
7,058558.jpg
6,058559.jpg
9,058560.jpg
9,058561.jpg
6,058562.jpg
8,058563.jpg
8,058564.jpg
4,058565.jpg
6,058566.jpg
4,058567.jpg
5,058568.jpg
5,058569.jpg
9,058570.jpg
5,058571.jpg
6,058572.jpg
3,058573.jpg
2,058574.jpg
5,058575.jpg
5,058576.jpg
5,058577.jpg
1,058578.jpg
1,058579.jpg
4,058580.jpg
8,058581.jpg
7,058582.jpg
2,058583.jpg
9,058584.jpg
2,058585.jpg
9,058586.jpg
5,058587.jpg
8,058588.jpg
4,058589.jpg
5,058590.jpg
6,058591.jpg
6,058592.jpg
3,058593.jpg
3,058594.jpg
9,058595.jpg
8,058596.jpg
9,058597.jpg
6,058598.jpg
3,058599.jpg
3,058600.jpg
5,058601.jpg
9,058602.jpg
5,058603.jpg
6,058604.jpg
4,058605.jpg
3,058606.jpg
0,058607.jpg
6,058608.jpg
3,058609.jpg
6,058610.jpg
4,058611.jpg
1,058612.jpg
3,058613.jpg
0,058614.jpg
1,058615.jpg
4,058616.jpg
3,058617.jpg
6,058618.jpg
5,058619.jpg
9,058620.jpg
7,058621.jpg
1,058622.jpg
5,058623.jpg
0,058624.jpg
8,058625.jpg
2,058626.jpg
6,058627.jpg
5,058628.jpg
9,058629.jpg
4,058630.jpg
8,058631.jpg
9,058632.jpg
9,058633.jpg
1,058634.jpg
4,058635.jpg
4,058636.jpg
7,058637.jpg
7,058638.jpg
4,058639.jpg
5,058640.jpg
9,058641.jpg
5,058642.jpg
5,058643.jpg
5,058644.jpg
1,058645.jpg
6,058646.jpg
4,058647.jpg
7,058648.jpg
7,058649.jpg
3,058650.jpg
2,058651.jpg
2,058652.jpg
4,058653.jpg
9,058654.jpg
7,058655.jpg
9,058656.jpg
5,058657.jpg
5,058658.jpg
4,058659.jpg
7,058660.jpg
8,058661.jpg
2,058662.jpg
5,058663.jpg
7,058664.jpg
6,058665.jpg
1,058666.jpg
4,058667.jpg
5,058668.jpg
8,058669.jpg
8,058670.jpg
0,058671.jpg
2,058672.jpg
9,058673.jpg
3,058674.jpg
1,058675.jpg
5,058676.jpg
5,058677.jpg
3,058678.jpg
9,058679.jpg
1,058680.jpg
9,058681.jpg
8,058682.jpg
2,058683.jpg
0,058684.jpg
7,058685.jpg
3,058686.jpg
0,058687.jpg
1,058688.jpg
5,058689.jpg
3,058690.jpg
3,058691.jpg
1,058692.jpg
1,058693.jpg
7,058694.jpg
8,058695.jpg
7,058696.jpg
1,058697.jpg
8,058698.jpg
1,058699.jpg
3,058700.jpg
3,058701.jpg
2,058702.jpg
4,058703.jpg
4,058704.jpg
6,058705.jpg
5,058706.jpg
5,058707.jpg
8,058708.jpg
9,058709.jpg
7,058710.jpg
6,058711.jpg
4,058712.jpg
4,058713.jpg
9,058714.jpg
7,058715.jpg
8,058716.jpg
5,058717.jpg
4,058718.jpg
3,058719.jpg
5,058720.jpg
8,058721.jpg
1,058722.jpg
2,058723.jpg
9,058724.jpg
6,058725.jpg
4,058726.jpg
3,058727.jpg
8,058728.jpg
4,058729.jpg
4,058730.jpg
4,058731.jpg
0,058732.jpg
2,058733.jpg
3,058734.jpg
0,058735.jpg
9,058736.jpg
1,058737.jpg
5,058738.jpg
4,058739.jpg
1,058740.jpg
8,058741.jpg
6,058742.jpg
4,058743.jpg
8,058744.jpg
3,058745.jpg
2,058746.jpg
6,058747.jpg
7,058748.jpg
4,058749.jpg
2,058750.jpg
5,058751.jpg
9,058752.jpg
9,058753.jpg
4,058754.jpg
2,058755.jpg
0,058756.jpg
2,058757.jpg
9,058758.jpg
4,058759.jpg
9,058760.jpg
4,058761.jpg
0,058762.jpg
0,058763.jpg
6,058764.jpg
8,058765.jpg
6,058766.jpg
2,058767.jpg
3,058768.jpg
6,058769.jpg
4,058770.jpg
1,058771.jpg
2,058772.jpg
5,058773.jpg
0,058774.jpg
3,058775.jpg
8,058776.jpg
4,058777.jpg
2,058778.jpg
3,058779.jpg
8,058780.jpg
2,058781.jpg
3,058782.jpg
0,058783.jpg
9,058784.jpg
4,058785.jpg
8,058786.jpg
3,058787.jpg
4,058788.jpg
9,058789.jpg
9,058790.jpg
1,058791.jpg
9,058792.jpg
9,058793.jpg
9,058794.jpg
0,058795.jpg
7,058796.jpg
0,058797.jpg
3,058798.jpg
9,058799.jpg
6,058800.jpg
1,058801.jpg
9,058802.jpg
9,058803.jpg
6,058804.jpg
5,058805.jpg
0,058806.jpg
8,058807.jpg
3,058808.jpg
9,058809.jpg
4,058810.jpg
6,058811.jpg
9,058812.jpg
0,058813.jpg
4,058814.jpg
9,058815.jpg
7,058816.jpg
4,058817.jpg
1,058818.jpg
7,058819.jpg
5,058820.jpg
3,058821.jpg
8,058822.jpg
6,058823.jpg
4,058824.jpg
1,058825.jpg
3,058826.jpg
1,058827.jpg
9,058828.jpg
1,058829.jpg
9,058830.jpg
9,058831.jpg
4,058832.jpg
4,058833.jpg
8,058834.jpg
2,058835.jpg
4,058836.jpg
0,058837.jpg
8,058838.jpg
6,058839.jpg
5,058840.jpg
8,058841.jpg
5,058842.jpg
4,058843.jpg
0,058844.jpg
8,058845.jpg
7,058846.jpg
1,058847.jpg
1,058848.jpg
1,058849.jpg
2,058850.jpg
2,058851.jpg
2,058852.jpg
4,058853.jpg
1,058854.jpg
9,058855.jpg
1,058856.jpg
9,058857.jpg
8,058858.jpg
3,058859.jpg
8,058860.jpg
0,058861.jpg
2,058862.jpg
9,058863.jpg
9,058864.jpg
2,058865.jpg
5,058866.jpg
3,058867.jpg
0,058868.jpg
8,058869.jpg
6,058870.jpg
5,058871.jpg
1,058872.jpg
3,058873.jpg
0,058874.jpg
6,058875.jpg
0,058876.jpg
9,058877.jpg
7,058878.jpg
3,058879.jpg
7,058880.jpg
0,058881.jpg
7,058882.jpg
3,058883.jpg
1,058884.jpg
6,058885.jpg
3,058886.jpg
0,058887.jpg
9,058888.jpg
3,058889.jpg
5,058890.jpg
5,058891.jpg
4,058892.jpg
8,058893.jpg
9,058894.jpg
7,058895.jpg
3,058896.jpg
2,058897.jpg
0,058898.jpg
2,058899.jpg
4,058900.jpg
5,058901.jpg
4,058902.jpg
9,058903.jpg
4,058904.jpg
1,058905.jpg
8,058906.jpg
7,058907.jpg
8,058908.jpg
0,058909.jpg
0,058910.jpg
2,058911.jpg
4,058912.jpg
2,058913.jpg
6,058914.jpg
3,058915.jpg
8,058916.jpg
5,058917.jpg
9,058918.jpg
3,058919.jpg
1,058920.jpg
6,058921.jpg
3,058922.jpg
0,058923.jpg
3,058924.jpg
1,058925.jpg
1,058926.jpg
8,058927.jpg
6,058928.jpg
9,058929.jpg
6,058930.jpg
7,058931.jpg
4,058932.jpg
6,058933.jpg
2,058934.jpg
2,058935.jpg
2,058936.jpg
6,058937.jpg
5,058938.jpg
4,058939.jpg
3,058940.jpg
4,058941.jpg
3,058942.jpg
1,058943.jpg
3,058944.jpg
8,058945.jpg
7,058946.jpg
3,058947.jpg
0,058948.jpg
1,058949.jpg
3,058950.jpg
2,058951.jpg
7,058952.jpg
2,058953.jpg
7,058954.jpg
7,058955.jpg
9,058956.jpg
2,058957.jpg
4,058958.jpg
1,058959.jpg
3,058960.jpg
4,058961.jpg
9,058962.jpg
2,058963.jpg
6,058964.jpg
2,058965.jpg
8,058966.jpg
8,058967.jpg
8,058968.jpg
5,058969.jpg
0,058970.jpg
1,058971.jpg
3,058972.jpg
2,058973.jpg
5,058974.jpg
0,058975.jpg
8,058976.jpg
2,058977.jpg
7,058978.jpg
5,058979.jpg
3,058980.jpg
7,058981.jpg
9,058982.jpg
6,058983.jpg
9,058984.jpg
8,058985.jpg
9,058986.jpg
1,058987.jpg
1,058988.jpg
2,058989.jpg
8,058990.jpg
8,058991.jpg
7,058992.jpg
2,058993.jpg
2,058994.jpg
0,058995.jpg
9,058996.jpg
8,058997.jpg
3,058998.jpg
6,058999.jpg
8,059000.jpg
5,059001.jpg
2,059002.jpg
6,059003.jpg
7,059004.jpg
4,059005.jpg
1,059006.jpg
0,059007.jpg
2,059008.jpg
5,059009.jpg
5,059010.jpg
8,059011.jpg
0,059012.jpg
1,059013.jpg
3,059014.jpg
8,059015.jpg
5,059016.jpg
8,059017.jpg
2,059018.jpg
3,059019.jpg
6,059020.jpg
4,059021.jpg
7,059022.jpg
7,059023.jpg
1,059024.jpg
1,059025.jpg
9,059026.jpg
9,059027.jpg
9,059028.jpg
7,059029.jpg
9,059030.jpg
7,059031.jpg
8,059032.jpg
4,059033.jpg
2,059034.jpg
9,059035.jpg
6,059036.jpg
6,059037.jpg
4,059038.jpg
2,059039.jpg
2,059040.jpg
2,059041.jpg
7,059042.jpg
7,059043.jpg
4,059044.jpg
4,059045.jpg
1,059046.jpg
0,059047.jpg
4,059048.jpg
8,059049.jpg
1,059050.jpg
1,059051.jpg
8,059052.jpg
7,059053.jpg
5,059054.jpg
3,059055.jpg
7,059056.jpg
8,059057.jpg
9,059058.jpg
9,059059.jpg
2,059060.jpg
6,059061.jpg
3,059062.jpg
6,059063.jpg
7,059064.jpg
7,059065.jpg
5,059066.jpg
9,059067.jpg
2,059068.jpg
0,059069.jpg
6,059070.jpg
3,059071.jpg
4,059072.jpg
5,059073.jpg
6,059074.jpg
8,059075.jpg
7,059076.jpg
8,059077.jpg
3,059078.jpg
2,059079.jpg
4,059080.jpg
5,059081.jpg
4,059082.jpg
5,059083.jpg
6,059084.jpg
0,059085.jpg
3,059086.jpg
1,059087.jpg
9,059088.jpg
3,059089.jpg
5,059090.jpg
9,059091.jpg
2,059092.jpg
9,059093.jpg
5,059094.jpg
8,059095.jpg
2,059096.jpg
8,059097.jpg
0,059098.jpg
9,059099.jpg
1,059100.jpg
3,059101.jpg
9,059102.jpg
8,059103.jpg
5,059104.jpg
0,059105.jpg
4,059106.jpg
0,059107.jpg
2,059108.jpg
0,059109.jpg
1,059110.jpg
5,059111.jpg
0,059112.jpg
7,059113.jpg
0,059114.jpg
5,059115.jpg
0,059116.jpg
0,059117.jpg
8,059118.jpg
3,059119.jpg
6,059120.jpg
5,059121.jpg
2,059122.jpg
4,059123.jpg
6,059124.jpg
0,059125.jpg
7,059126.jpg
8,059127.jpg
5,059128.jpg
9,059129.jpg
8,059130.jpg
0,059131.jpg
9,059132.jpg
1,059133.jpg
9,059134.jpg
7,059135.jpg
2,059136.jpg
1,059137.jpg
2,059138.jpg
8,059139.jpg
0,059140.jpg
1,059141.jpg
2,059142.jpg
8,059143.jpg
0,059144.jpg
8,059145.jpg
8,059146.jpg
2,059147.jpg
6,059148.jpg
6,059149.jpg
0,059150.jpg
1,059151.jpg
8,059152.jpg
9,059153.jpg
6,059154.jpg
1,059155.jpg
3,059156.jpg
8,059157.jpg
8,059158.jpg
8,059159.jpg
4,059160.jpg
2,059161.jpg
0,059162.jpg
6,059163.jpg
1,059164.jpg
8,059165.jpg
8,059166.jpg
0,059167.jpg
0,059168.jpg
9,059169.jpg
7,059170.jpg
8,059171.jpg
5,059172.jpg
5,059173.jpg
5,059174.jpg
2,059175.jpg
0,059176.jpg
5,059177.jpg
5,059178.jpg
4,059179.jpg
5,059180.jpg
1,059181.jpg
3,059182.jpg
1,059183.jpg
4,059184.jpg
7,059185.jpg
4,059186.jpg
5,059187.jpg
5,059188.jpg
6,059189.jpg
8,059190.jpg
9,059191.jpg
9,059192.jpg
3,059193.jpg
2,059194.jpg
4,059195.jpg
3,059196.jpg
2,059197.jpg
5,059198.jpg
9,059199.jpg
2,059200.jpg
3,059201.jpg
8,059202.jpg
6,059203.jpg
0,059204.jpg
0,059205.jpg
9,059206.jpg
3,059207.jpg
7,059208.jpg
3,059209.jpg
7,059210.jpg
5,059211.jpg
9,059212.jpg
9,059213.jpg
8,059214.jpg
1,059215.jpg
0,059216.jpg
5,059217.jpg
9,059218.jpg
9,059219.jpg
8,059220.jpg
4,059221.jpg
1,059222.jpg
1,059223.jpg
0,059224.jpg
9,059225.jpg
4,059226.jpg
6,059227.jpg
9,059228.jpg
7,059229.jpg
2,059230.jpg
4,059231.jpg
0,059232.jpg
2,059233.jpg
4,059234.jpg
1,059235.jpg
0,059236.jpg
9,059237.jpg
5,059238.jpg
8,059239.jpg
2,059240.jpg
0,059241.jpg
0,059242.jpg
2,059243.jpg
7,059244.jpg
5,059245.jpg
6,059246.jpg
6,059247.jpg
0,059248.jpg
0,059249.jpg
9,059250.jpg
8,059251.jpg
2,059252.jpg
6,059253.jpg
6,059254.jpg
7,059255.jpg
6,059256.jpg
6,059257.jpg
1,059258.jpg
1,059259.jpg
3,059260.jpg
7,059261.jpg
0,059262.jpg
3,059263.jpg
0,059264.jpg
6,059265.jpg
3,059266.jpg
8,059267.jpg
4,059268.jpg
7,059269.jpg
6,059270.jpg
7,059271.jpg
2,059272.jpg
0,059273.jpg
2,059274.jpg
9,059275.jpg
1,059276.jpg
3,059277.jpg
5,059278.jpg
9,059279.jpg
5,059280.jpg
4,059281.jpg
4,059282.jpg
1,059283.jpg
4,059284.jpg
1,059285.jpg
3,059286.jpg
2,059287.jpg
8,059288.jpg
7,059289.jpg
9,059290.jpg
5,059291.jpg
9,059292.jpg
2,059293.jpg
5,059294.jpg
8,059295.jpg
3,059296.jpg
4,059297.jpg
6,059298.jpg
2,059299.jpg
4,059300.jpg
5,059301.jpg
6,059302.jpg
7,059303.jpg
4,059304.jpg
2,059305.jpg
4,059306.jpg
0,059307.jpg
5,059308.jpg
1,059309.jpg
7,059310.jpg
9,059311.jpg
3,059312.jpg
9,059313.jpg
8,059314.jpg
2,059315.jpg
0,059316.jpg
4,059317.jpg
3,059318.jpg
0,059319.jpg
0,059320.jpg
1,059321.jpg
4,059322.jpg
3,059323.jpg
3,059324.jpg
1,059325.jpg
9,059326.jpg
3,059327.jpg
9,059328.jpg
7,059329.jpg
5,059330.jpg
4,059331.jpg
0,059332.jpg
1,059333.jpg
6,059334.jpg
9,059335.jpg
5,059336.jpg
9,059337.jpg
1,059338.jpg
1,059339.jpg
5,059340.jpg
4,059341.jpg
7,059342.jpg
5,059343.jpg
1,059344.jpg
1,059345.jpg
1,059346.jpg
2,059347.jpg
5,059348.jpg
4,059349.jpg
5,059350.jpg
0,059351.jpg
5,059352.jpg
2,059353.jpg
1,059354.jpg
4,059355.jpg
6,059356.jpg
6,059357.jpg
9,059358.jpg
8,059359.jpg
3,059360.jpg
8,059361.jpg
8,059362.jpg
8,059363.jpg
6,059364.jpg
8,059365.jpg
2,059366.jpg
3,059367.jpg
6,059368.jpg
3,059369.jpg
3,059370.jpg
6,059371.jpg
2,059372.jpg
0,059373.jpg
7,059374.jpg
8,059375.jpg
6,059376.jpg
9,059377.jpg
8,059378.jpg
0,059379.jpg
9,059380.jpg
9,059381.jpg
1,059382.jpg
1,059383.jpg
6,059384.jpg
0,059385.jpg
2,059386.jpg
5,059387.jpg
5,059388.jpg
7,059389.jpg
5,059390.jpg
8,059391.jpg
5,059392.jpg
4,059393.jpg
4,059394.jpg
7,059395.jpg
9,059396.jpg
2,059397.jpg
5,059398.jpg
8,059399.jpg
6,059400.jpg
6,059401.jpg
3,059402.jpg
7,059403.jpg
1,059404.jpg
0,059405.jpg
5,059406.jpg
3,059407.jpg
1,059408.jpg
2,059409.jpg
9,059410.jpg
0,059411.jpg
0,059412.jpg
8,059413.jpg
6,059414.jpg
8,059415.jpg
3,059416.jpg
2,059417.jpg
9,059418.jpg
3,059419.jpg
4,059420.jpg
9,059421.jpg
4,059422.jpg
8,059423.jpg
1,059424.jpg
3,059425.jpg
6,059426.jpg
4,059427.jpg
1,059428.jpg
6,059429.jpg
2,059430.jpg
5,059431.jpg
2,059432.jpg
4,059433.jpg
0,059434.jpg
7,059435.jpg
5,059436.jpg
5,059437.jpg
0,059438.jpg
5,059439.jpg
8,059440.jpg
0,059441.jpg
2,059442.jpg
2,059443.jpg
6,059444.jpg
7,059445.jpg
5,059446.jpg
4,059447.jpg
8,059448.jpg
3,059449.jpg
4,059450.jpg
2,059451.jpg
9,059452.jpg
0,059453.jpg
6,059454.jpg
1,059455.jpg
9,059456.jpg
3,059457.jpg
9,059458.jpg
5,059459.jpg
4,059460.jpg
1,059461.jpg
4,059462.jpg
7,059463.jpg
0,059464.jpg
9,059465.jpg
5,059466.jpg
4,059467.jpg
9,059468.jpg
6,059469.jpg
3,059470.jpg
7,059471.jpg
8,059472.jpg
4,059473.jpg
6,059474.jpg
2,059475.jpg
0,059476.jpg
5,059477.jpg
8,059478.jpg
5,059479.jpg
8,059480.jpg
9,059481.jpg
7,059482.jpg
2,059483.jpg
1,059484.jpg
1,059485.jpg
3,059486.jpg
9,059487.jpg
8,059488.jpg
1,059489.jpg
0,059490.jpg
8,059491.jpg
8,059492.jpg
9,059493.jpg
6,059494.jpg
4,059495.jpg
3,059496.jpg
6,059497.jpg
8,059498.jpg
1,059499.jpg
2,059500.jpg
4,059501.jpg
3,059502.jpg
6,059503.jpg
9,059504.jpg
0,059505.jpg
1,059506.jpg
8,059507.jpg
8,059508.jpg
0,059509.jpg
5,059510.jpg
2,059511.jpg
7,059512.jpg
6,059513.jpg
9,059514.jpg
8,059515.jpg
5,059516.jpg
3,059517.jpg
9,059518.jpg
0,059519.jpg
4,059520.jpg
7,059521.jpg
7,059522.jpg
8,059523.jpg
0,059524.jpg
4,059525.jpg
0,059526.jpg
6,059527.jpg
1,059528.jpg
6,059529.jpg
8,059530.jpg
4,059531.jpg
9,059532.jpg
0,059533.jpg
2,059534.jpg
1,059535.jpg
2,059536.jpg
7,059537.jpg
5,059538.jpg
3,059539.jpg
7,059540.jpg
4,059541.jpg
5,059542.jpg
4,059543.jpg
6,059544.jpg
9,059545.jpg
6,059546.jpg
9,059547.jpg
5,059548.jpg
2,059549.jpg
1,059550.jpg
7,059551.jpg
6,059552.jpg
8,059553.jpg
7,059554.jpg
6,059555.jpg
4,059556.jpg
7,059557.jpg
0,059558.jpg
4,059559.jpg
3,059560.jpg
7,059561.jpg
8,059562.jpg
9,059563.jpg
4,059564.jpg
4,059565.jpg
4,059566.jpg
5,059567.jpg
0,059568.jpg
8,059569.jpg
0,059570.jpg
7,059571.jpg
1,059572.jpg
6,059573.jpg
8,059574.jpg
4,059575.jpg
4,059576.jpg
5,059577.jpg
4,059578.jpg
3,059579.jpg
4,059580.jpg
4,059581.jpg
5,059582.jpg
9,059583.jpg
7,059584.jpg
4,059585.jpg
7,059586.jpg
5,059587.jpg
3,059588.jpg
7,059589.jpg
0,059590.jpg
8,059591.jpg
0,059592.jpg
0,059593.jpg
5,059594.jpg
2,059595.jpg
9,059596.jpg
8,059597.jpg
0,059598.jpg
1,059599.jpg
5,059600.jpg
4,059601.jpg
0,059602.jpg
0,059603.jpg
1,059604.jpg
1,059605.jpg
2,059606.jpg
7,059607.jpg
9,059608.jpg
9,059609.jpg
6,059610.jpg
4,059611.jpg
2,059612.jpg
1,059613.jpg
3,059614.jpg
0,059615.jpg
8,059616.jpg
4,059617.jpg
8,059618.jpg
0,059619.jpg
4,059620.jpg
8,059621.jpg
7,059622.jpg
0,059623.jpg
4,059624.jpg
8,059625.jpg
2,059626.jpg
5,059627.jpg
5,059628.jpg
8,059629.jpg
4,059630.jpg
9,059631.jpg
8,059632.jpg
7,059633.jpg
4,059634.jpg
1,059635.jpg
0,059636.jpg
2,059637.jpg
1,059638.jpg
6,059639.jpg
7,059640.jpg
5,059641.jpg
4,059642.jpg
2,059643.jpg
2,059644.jpg
4,059645.jpg
5,059646.jpg
9,059647.jpg
1,059648.jpg
6,059649.jpg
9,059650.jpg
1,059651.jpg
5,059652.jpg
9,059653.jpg
0,059654.jpg
7,059655.jpg
3,059656.jpg
3,059657.jpg
8,059658.jpg
5,059659.jpg
4,059660.jpg
4,059661.jpg
1,059662.jpg
0,059663.jpg
2,059664.jpg
2,059665.jpg
3,059666.jpg
5,059667.jpg
7,059668.jpg
8,059669.jpg
2,059670.jpg
0,059671.jpg
2,059672.jpg
3,059673.jpg
3,059674.jpg
4,059675.jpg
2,059676.jpg
8,059677.jpg
9,059678.jpg
2,059679.jpg
1,059680.jpg
2,059681.jpg
1,059682.jpg
7,059683.jpg
2,059684.jpg
5,059685.jpg
1,059686.jpg
2,059687.jpg
1,059688.jpg
1,059689.jpg
9,059690.jpg
2,059691.jpg
0,059692.jpg
6,059693.jpg
7,059694.jpg
4,059695.jpg
0,059696.jpg
3,059697.jpg
7,059698.jpg
3,059699.jpg
5,059700.jpg
5,059701.jpg
8,059702.jpg
8,059703.jpg
7,059704.jpg
6,059705.jpg
1,059706.jpg
2,059707.jpg
1,059708.jpg
4,059709.jpg
8,059710.jpg
2,059711.jpg
6,059712.jpg
5,059713.jpg
9,059714.jpg
7,059715.jpg
5,059716.jpg
1,059717.jpg
2,059718.jpg
6,059719.jpg
3,059720.jpg
4,059721.jpg
5,059722.jpg
2,059723.jpg
5,059724.jpg
5,059725.jpg
5,059726.jpg
3,059727.jpg
1,059728.jpg
8,059729.jpg
8,059730.jpg
3,059731.jpg
5,059732.jpg
2,059733.jpg
9,059734.jpg
8,059735.jpg
1,059736.jpg
7,059737.jpg
4,059738.jpg
8,059739.jpg
4,059740.jpg
2,059741.jpg
8,059742.jpg
4,059743.jpg
7,059744.jpg
9,059745.jpg
6,059746.jpg
6,059747.jpg
8,059748.jpg
0,059749.jpg
6,059750.jpg
3,059751.jpg
4,059752.jpg
6,059753.jpg
1,059754.jpg
5,059755.jpg
6,059756.jpg
4,059757.jpg
1,059758.jpg
1,059759.jpg
3,059760.jpg
2,059761.jpg
6,059762.jpg
9,059763.jpg
4,059764.jpg
9,059765.jpg
8,059766.jpg
8,059767.jpg
0,059768.jpg
0,059769.jpg
0,059770.jpg
4,059771.jpg
6,059772.jpg
9,059773.jpg
2,059774.jpg
9,059775.jpg
9,059776.jpg
3,059777.jpg
0,059778.jpg
1,059779.jpg
5,059780.jpg
4,059781.jpg
9,059782.jpg
5,059783.jpg
9,059784.jpg
7,059785.jpg
6,059786.jpg
0,059787.jpg
1,059788.jpg
7,059789.jpg
8,059790.jpg
7,059791.jpg
0,059792.jpg
1,059793.jpg
9,059794.jpg
9,059795.jpg
7,059796.jpg
2,059797.jpg
8,059798.jpg
8,059799.jpg
5,059800.jpg
6,059801.jpg
0,059802.jpg
0,059803.jpg
6,059804.jpg
4,059805.jpg
5,059806.jpg
8,059807.jpg
7,059808.jpg
6,059809.jpg
8,059810.jpg
9,059811.jpg
7,059812.jpg
2,059813.jpg
7,059814.jpg
1,059815.jpg
7,059816.jpg
3,059817.jpg
5,059818.jpg
1,059819.jpg
2,059820.jpg
1,059821.jpg
7,059822.jpg
5,059823.jpg
4,059824.jpg
8,059825.jpg
3,059826.jpg
0,059827.jpg
9,059828.jpg
9,059829.jpg
8,059830.jpg
1,059831.jpg
1,059832.jpg
5,059833.jpg
7,059834.jpg
8,059835.jpg
7,059836.jpg
7,059837.jpg
8,059838.jpg
2,059839.jpg
0,059840.jpg
8,059841.jpg
3,059842.jpg
9,059843.jpg
1,059844.jpg
1,059845.jpg
0,059846.jpg
1,059847.jpg
7,059848.jpg
1,059849.jpg
7,059850.jpg
7,059851.jpg
7,059852.jpg
1,059853.jpg
1,059854.jpg
2,059855.jpg
7,059856.jpg
7,059857.jpg
8,059858.jpg
4,059859.jpg
2,059860.jpg
9,059861.jpg
3,059862.jpg
4,059863.jpg
2,059864.jpg
7,059865.jpg
2,059866.jpg
7,059867.jpg
5,059868.jpg
3,059869.jpg
3,059870.jpg
0,059871.jpg
5,059872.jpg
3,059873.jpg
9,059874.jpg
8,059875.jpg
4,059876.jpg
5,059877.jpg
9,059878.jpg
4,059879.jpg
6,059880.jpg
2,059881.jpg
2,059882.jpg
2,059883.jpg
5,059884.jpg
2,059885.jpg
6,059886.jpg
4,059887.jpg
2,059888.jpg
6,059889.jpg
4,059890.jpg
9,059891.jpg
3,059892.jpg
5,059893.jpg
8,059894.jpg
2,059895.jpg
4,059896.jpg
3,059897.jpg
3,059898.jpg
9,059899.jpg
0,059900.jpg
1,059901.jpg
3,059902.jpg
5,059903.jpg
6,059904.jpg
0,059905.jpg
0,059906.jpg
9,059907.jpg
2,059908.jpg
9,059909.jpg
3,059910.jpg
0,059911.jpg
2,059912.jpg
8,059913.jpg
1,059914.jpg
1,059915.jpg
4,059916.jpg
2,059917.jpg
1,059918.jpg
8,059919.jpg
9,059920.jpg
4,059921.jpg
0,059922.jpg
8,059923.jpg
0,059924.jpg
1,059925.jpg
3,059926.jpg
5,059927.jpg
3,059928.jpg
8,059929.jpg
4,059930.jpg
1,059931.jpg
9,059932.jpg
0,059933.jpg
0,059934.jpg
3,059935.jpg
1,059936.jpg
2,059937.jpg
1,059938.jpg
7,059939.jpg
7,059940.jpg
5,059941.jpg
8,059942.jpg
0,059943.jpg
2,059944.jpg
2,059945.jpg
1,059946.jpg
3,059947.jpg
8,059948.jpg
8,059949.jpg
6,059950.jpg
7,059951.jpg
2,059952.jpg
2,059953.jpg
3,059954.jpg
5,059955.jpg
1,059956.jpg
2,059957.jpg
2,059958.jpg
4,059959.jpg
3,059960.jpg
6,059961.jpg
8,059962.jpg
4,059963.jpg
2,059964.jpg
0,059965.jpg
3,059966.jpg
8,059967.jpg
6,059968.jpg
6,059969.jpg
9,059970.jpg
3,059971.jpg
5,059972.jpg
6,059973.jpg
0,059974.jpg
4,059975.jpg
4,059976.jpg
2,059977.jpg
9,059978.jpg
7,059979.jpg
3,059980.jpg
2,059981.jpg
4,059982.jpg
5,059983.jpg
4,059984.jpg
0,059985.jpg
4,059986.jpg
6,059987.jpg
6,059988.jpg
1,059989.jpg
4,059990.jpg
1,059991.jpg
7,059992.jpg
2,059993.jpg
8,059994.jpg
5,059995.jpg
1,059996.jpg
3,059997.jpg
0,059998.jpg
5,059999.jpg
