2025-07-26 16:43:46 - AutoML - INFO - === AutoML Pipeline Logging Initialized ===
2025-07-26 16:43:46 - AutoML - INFO - Log level: INFO, File: results\logs\automl.log
2025-07-26 16:43:46 - AutoML - INFO - Random seed set to 42 for reproducibility
2025-07-26 16:43:46 - AutoML - INFO -  Initializing AutoML Pipeline...
2025-07-26 16:43:46 - AutoML.DataManager - INFO - Initialized DataManager for emotions dataset
2025-07-26 16:43:46 - AutoML.ModelFactory - INFO - ModelFactory initialized for emotions: 7 classes, 1 channels, 48x48 images
2025-07-26 16:43:46 - AutoML.ModelFactory - INFO - Strategic models available: ['resnet18', 'resnet34', 'efficientnet_b0', 'efficientnet_b1', 'convnext_tiny', 'mobilenetv3_large_100', 'densenet121']
2025-07-26 16:43:46 - AutoML - INFO -  Using GPU: NVIDIA GeForce RTX 3060 Laptop GPU (6.4GB)
2025-07-26 16:43:46 - AutoML.Trainer - INFO - Trainer initialized - Device: cuda
2025-07-26 16:43:46 - AutoML.Trainer - INFO - Max epochs: 50, Min epochs: 5
2025-07-26 16:43:46 - AutoML.BudgetManager - INFO - BudgetManager initialized:
2025-07-26 16:43:46 - AutoML.BudgetManager - INFO -   Total budget: 24.0 hours
2025-07-26 16:43:46 - AutoML.BudgetManager - INFO -   Architecture search: 16.8 hours (70%)
2025-07-26 16:43:46 - AutoML.BudgetManager - INFO -   Final training: 4.8 hours (20%)
2025-07-26 16:43:46 - AutoML.BudgetManager - INFO -   Buffer: 2.4 hours (10%)
2025-07-26 16:43:46 - AutoML.ComparativeEarlyStopping - INFO - ComparativeEarlyStopping initialized with confidence=0.65
2025-07-26 16:43:46 - AutoML.ComparativeEarlyStopping - INFO - Decision weights: {'statistical_significance': 0.35, 'performance_gap': 0.25, 'learning_trend': 0.25, 'resource_efficiency': 0.15}
2025-07-26 16:43:46 - AutoML.MetaHPOSelector - INFO - MetaHPOSelector initialized - Base trials: 8, Quick mode: False
2025-07-26 16:43:46 - AutoML.Pipeline - INFO - === AutoML Pipeline Initialized ===
2025-07-26 16:43:46 - AutoML.Pipeline - INFO - Configuration: emotions dataset
2025-07-26 16:43:46 - AutoML.Pipeline - INFO - Time budget: 24.0 hours
2025-07-26 16:43:46 - AutoML.Pipeline - INFO - Target: 7 classes
2025-07-26 16:43:46 - AutoML - INFO -  Starting AutoML execution...
2025-07-26 16:43:46 - AutoML.Pipeline - INFO - Starting AutoML Pipeline Execution
2025-07-26 16:43:46 - AutoML.Pipeline - INFO - === Phase 1: Dataset Analysis and Preparation ===
2025-07-26 16:43:46 - AutoML - INFO -  Starting: Dataset preparation
2025-07-26 16:43:46 - AutoML.DataManager - INFO - Setting up emotions datasets...
2025-07-26 16:43:46 - AutoML - INFO -  Starting: emotions dataset setup
2025-07-26 16:43:46 - AutoML.DatasetCharacteristics - INFO - Analyzing emotions dataset characteristics...
2025-07-26 16:43:46 - AutoML - INFO -  Starting: emotions dataset analysis
2025-07-26 16:43:46 - AutoML - INFO -  emotions dataset analysis completed in 0.27 seconds
2025-07-26 16:43:46 - AutoML.DatasetCharacteristics - INFO - Dataset analysis complete: 1000 samples analyzed
2025-07-26 16:43:46 - AutoML.DatasetCharacteristics - INFO - Complexity score: 5.00/10
2025-07-26 16:44:34 - AutoML.DataManager - INFO - Created stratified split: 22967 train, 5742 validation
2025-07-26 16:44:34 - AutoML.DataManager - INFO - Data splits - Train: 22967, Val: 5742, Test: 7178
2025-07-26 16:44:34 - AutoML - INFO -  emotions dataset setup completed in 48.21 seconds
2025-07-26 16:44:34 - AutoML.Pipeline - INFO - Dataset Analysis Complete:
2025-07-26 16:44:34 - AutoML.Pipeline - INFO -   Name: emotions
2025-07-26 16:44:34 - AutoML.Pipeline - INFO -   Samples: 28,709
2025-07-26 16:44:34 - AutoML.Pipeline - INFO -   Classes: 7
2025-07-26 16:44:34 - AutoML.Pipeline - INFO -   Image size: 48x48x1
2025-07-26 16:44:34 - AutoML.Pipeline - INFO -   Complexity: 5.0/10
2025-07-26 16:44:34 - AutoML.Pipeline - INFO -   Memory per sample: 0.009 MB
2025-07-26 16:44:34 - AutoML - INFO -  Dataset preparation completed in 48.21 seconds
2025-07-26 16:44:34 - AutoML.Pipeline - INFO - === Phase 2: Architecture Selection and Budget Allocation ===
2025-07-26 16:44:34 - AutoML - INFO -  Starting: Architecture selection
2025-07-26 16:44:34 - AutoML.Pipeline - INFO - Selected architectures: ['resnet18', 'efficientnet_b0', 'convnext_tiny', 'densenet121']
2025-07-26 16:44:34 - AutoML.ComparativeEarlyStopping - INFO - Registered architecture: resnet18
2025-07-26 16:44:34 - AutoML.ComparativeEarlyStopping - INFO - Registered architecture: efficientnet_b0
2025-07-26 16:44:34 - AutoML.ComparativeEarlyStopping - INFO - Registered architecture: convnext_tiny
2025-07-26 16:44:34 - AutoML.ComparativeEarlyStopping - INFO - Registered architecture: densenet121
2025-07-26 16:44:34 - AutoML.BudgetManager - INFO - Initial allocation: 4.20h and 3.2GB per architecture
2025-07-26 16:44:34 - AutoML.BudgetManager - INFO - Execution started with 4 architectures
2025-07-26 16:44:34 - AutoML.BudgetManager - INFO - Architecture queue: ['resnet18', 'efficientnet_b0', 'convnext_tiny', 'densenet121']
2025-07-26 16:44:34 - AutoML - INFO -  Architecture selection completed in 0.01 seconds
2025-07-26 16:44:34 - AutoML.Pipeline - INFO - === Phase 3: Intelligent Architecture Search ===
2025-07-26 16:44:34 - AutoML - INFO -  Starting: Architecture search
2025-07-26 16:44:34 - AutoML.Pipeline - INFO - Creating data loaders...
2025-07-26 16:44:34 - AutoML.DataManager - INFO - Using recommended batch size: 64
2025-07-26 16:44:34 - AutoML.DataManager - INFO - Creating dataloaders - batch_size: 64, image_size: 48
2025-07-26 16:44:34 - AutoML.AugmentationFactory - INFO - Auto-selected augmentation strategy: medium
2025-07-26 16:44:41 - AutoML.DataManager - INFO - Created stratified split: 22967 train, 5742 validation
2025-07-26 16:44:41 - AutoML.DataManager - INFO - DataLoaders created successfully
2025-07-26 16:44:41 - AutoML.Pipeline - INFO -   Train batches: 358
2025-07-26 16:44:41 - AutoML.Pipeline - INFO -   Validation batches: 90
2025-07-26 16:44:41 - AutoML.Pipeline - INFO -   Test batches: 113
2025-07-26 16:44:41 - AutoML.Pipeline - INFO - Processing architecture: resnet18
2025-07-26 16:44:41 - AutoML.BudgetManager - INFO - Started training resnet18 with 4.20h budget
2025-07-26 16:44:41 - AutoML.Pipeline - INFO - Starting HPO for resnet18
2025-07-26 16:44:41 - AutoML.MetaHPOSelector - INFO - Selecting HPO method for resnet18
2025-07-26 16:44:41 - AutoML.MetaHPOSelector - INFO -   Dataset complexity: 5.0
2025-07-26 16:44:41 - AutoML.MetaHPOSelector - INFO -   Available time: 16.8 hours
2025-07-26 16:44:41 - AutoML.MetaHPOSelector - INFO -   Search space size: 100000
2025-07-26 16:44:41 - AutoML.MetaHPOSelector - INFO - Trial budget for resnet18: 6 trials
2025-07-26 16:44:41 - AutoML.MetaHPOSelector - INFO -   Arch complexity: 2.0, Dataset complexity: 5.0
2025-07-26 16:44:41 - AutoML.MetaHPOSelector - INFO -   Available time: 16.8h
2025-07-26 16:44:41 - AutoML.MetaHPOSelector - INFO - Selected bayesian_optimization for resnet18
2025-07-26 16:44:41 - AutoML.MetaHPOSelector - INFO -   Trials: 6
2025-07-26 16:44:41 - AutoML.MetaHPOSelector - INFO -   Timeout: 36284s
2025-07-26 16:44:41 - AutoML.MetaHPOSelector - INFO -  Starting HPO for resnet18 with 6 trials
2025-07-26 16:44:41 - AutoML.HPO.bayesian_optimization - INFO - Starting Bayesian Optimization for resnet18
2025-07-26 16:44:41 - AutoML.Trainer - INFO - Evaluating hyperparameters for resnet18: {'learning_rate': 0.0005611516415334506, 'optimizer': 'sgd', 'weight_decay': 2.9380279387035334e-05, 'batch_size': 128, 'dropout_rate': 0.35403628889802274, 'pretrained': True, 'lr_scheduler': 'step', 'max_epochs': 20, 'momentum': 0.8272737450810651}
2025-07-26 16:44:41 - AutoML.ModelFactory - INFO - Creating resnet18 (pretrained=True, dropout=0.35403628889802274)
2025-07-26 16:44:41 - AutoML - INFO -  Starting: resnet18 creation
2025-07-26 16:44:42 - AutoML.ModelFactory - INFO - resnet18 created successfully:
2025-07-26 16:44:42 - AutoML.ModelFactory - INFO -   Parameters: 11,173,831
2025-07-26 16:44:42 - AutoML.ModelFactory - INFO -   Trainable: 11,173,831
2025-07-26 16:44:42 - AutoML.ModelFactory - INFO -   Model size: 42.62 MB
2025-07-26 16:44:42 - AutoML - INFO -  resnet18 creation completed in 1.16 seconds
2025-07-26 16:44:52 - AutoML.Trainer - INFO - Class distribution: {5: 77, 2: 82, 0: 82, 4: 107, 3: 165, 6: 122, 1: 5}
2025-07-26 16:44:52 - AutoML.Trainer - INFO - Class weights: [1.1149825783972125, 18.285714285714285, 1.1149825783972125, 0.5541125541125541, 0.8544726301735648, 1.1873840445269017, 0.7494145199063232]
2025-07-26 16:47:35 - AutoML.Trainer - INFO - Epoch 5/20 - Train Acc: 0.1733, Val Acc: 0.1717, Val Loss: 1.8258, Time: 29.1s
2025-07-26 16:50:00 - AutoML.Trainer - INFO - Epoch 10/20 - Train Acc: 0.2023, Val Acc: 0.2355, Val Loss: 1.7505, Time: 29.2s
2025-07-26 16:52:25 - AutoML.ComparativeEarlyStopping - INFO - Early stopping evaluation for resnet18:
2025-07-26 16:52:25 - AutoML.ComparativeEarlyStopping - INFO -   Decision scores: {'statistical_significance': 0.0, 'performance_gap': 0.0, 'learning_trend': 0.2, 'resource_efficiency': 0.0}
2025-07-26 16:52:25 - AutoML.ComparativeEarlyStopping - INFO -   Final score: 0.050
2025-07-26 16:52:25 - AutoML.ComparativeEarlyStopping - INFO -   Decision: CONTINUE
2025-07-26 16:52:25 - AutoML.Trainer - INFO - Epoch 15/20 - Train Acc: 0.2167, Val Acc: 0.2445, Val Loss: 1.7589, Time: 28.3s
2025-07-26 16:52:54 - AutoML.ComparativeEarlyStopping - INFO - Early stopping evaluation for resnet18:
2025-07-26 16:52:54 - AutoML.ComparativeEarlyStopping - INFO -   Decision scores: {'statistical_significance': 0.0, 'performance_gap': 0.0, 'learning_trend': 0.0, 'resource_efficiency': 0.0}
2025-07-26 16:52:54 - AutoML.ComparativeEarlyStopping - INFO -   Final score: 0.000
2025-07-26 16:52:54 - AutoML.ComparativeEarlyStopping - INFO -   Decision: CONTINUE
2025-07-26 16:53:23 - AutoML.ComparativeEarlyStopping - INFO - Early stopping evaluation for resnet18:
2025-07-26 16:53:23 - AutoML.ComparativeEarlyStopping - INFO -   Decision scores: {'statistical_significance': 0.0, 'performance_gap': 0.0, 'learning_trend': 0.0, 'resource_efficiency': 0.0}
2025-07-26 16:53:23 - AutoML.ComparativeEarlyStopping - INFO -   Final score: 0.000
2025-07-26 16:53:23 - AutoML.ComparativeEarlyStopping - INFO -   Decision: CONTINUE
2025-07-26 16:53:54 - AutoML.ComparativeEarlyStopping - INFO - Early stopping evaluation for resnet18:
2025-07-26 16:53:54 - AutoML.ComparativeEarlyStopping - INFO -   Decision scores: {'statistical_significance': 0.0, 'performance_gap': 0.0, 'learning_trend': 0.0, 'resource_efficiency': 0.0}
2025-07-26 16:53:54 - AutoML.ComparativeEarlyStopping - INFO -   Final score: 0.000
2025-07-26 16:53:54 - AutoML.ComparativeEarlyStopping - INFO -   Decision: CONTINUE
2025-07-26 16:54:25 - AutoML.ComparativeEarlyStopping - INFO - Early stopping evaluation for resnet18:
2025-07-26 16:54:25 - AutoML.ComparativeEarlyStopping - INFO -   Decision scores: {'statistical_significance': 0.0, 'performance_gap': 0.0, 'learning_trend': 0.0, 'resource_efficiency': 0.0}
2025-07-26 16:54:25 - AutoML.ComparativeEarlyStopping - INFO -   Final score: 0.000
2025-07-26 16:54:25 - AutoML.ComparativeEarlyStopping - INFO -   Decision: CONTINUE
2025-07-26 16:54:54 - AutoML.ComparativeEarlyStopping - INFO - Early stopping evaluation for resnet18:
2025-07-26 16:54:54 - AutoML.ComparativeEarlyStopping - INFO -   Decision scores: {'statistical_significance': 0.0, 'performance_gap': 0.0, 'learning_trend': 0.0, 'resource_efficiency': 0.0}
2025-07-26 16:54:54 - AutoML.ComparativeEarlyStopping - INFO -   Final score: 0.000
2025-07-26 16:54:54 - AutoML.ComparativeEarlyStopping - INFO -   Decision: CONTINUE
2025-07-26 16:54:54 - AutoML.Trainer - INFO - Epoch 20/20 - Train Acc: 0.2227, Val Acc: 0.2511, Val Loss: 1.7512, Time: 29.2s
2025-07-26 16:54:54 - AutoML.Trainer - INFO - Training completed for resnet18
2025-07-26 16:54:54 - AutoML.Trainer - INFO - Best validation accuracy: 0.2515
2025-07-26 16:54:54 - AutoML.Trainer - INFO - Total training time: 601.3s
2025-07-26 16:54:54 - AutoML.Trainer - INFO - Average epoch time: 30.1s
2025-07-26 16:54:54 - AutoML.Trainer - INFO - Evaluating hyperparameters for resnet18: {'learning_rate': 0.00023270677083837802, 'optimizer': 'adamw', 'weight_decay': 7.476312062252303e-05, 'batch_size': 32, 'dropout_rate': 0.22803499210851796, 'pretrained': True, 'lr_scheduler': 'cosine', 'max_epochs': 30, 'momentum': 0.8069675619079997}
2025-07-26 16:54:54 - AutoML.ModelFactory - INFO - Creating resnet18 (pretrained=True, dropout=0.22803499210851796)
2025-07-26 16:54:54 - AutoML - INFO -  Starting: resnet18 creation
2025-07-26 16:54:54 - AutoML.ModelFactory - INFO - resnet18 created successfully:
2025-07-26 16:54:54 - AutoML.ModelFactory - INFO -   Parameters: 11,173,831
2025-07-26 16:54:54 - AutoML.ModelFactory - INFO -   Trainable: 11,173,831
2025-07-26 16:54:54 - AutoML.ModelFactory - INFO -   Model size: 42.62 MB
2025-07-26 16:54:54 - AutoML - INFO -  resnet18 creation completed in 0.60 seconds
2025-07-26 16:55:05 - AutoML.Trainer - INFO - Class distribution: {5: 74, 2: 97, 6: 107, 3: 161, 0: 93, 4: 94, 1: 14}
2025-07-26 16:55:05 - AutoML.Trainer - INFO - Class weights: [0.9831029185867896, 6.530612244897959, 0.9425625920471281, 0.5678793256433008, 0.9726443768996961, 1.2355212355212355, 0.8544726301735648]
2025-07-26 16:57:37 - AutoML.ComparativeEarlyStopping - INFO - Early stopping evaluation for resnet18:
2025-07-26 16:57:37 - AutoML.ComparativeEarlyStopping - INFO -   Decision scores: {'statistical_significance': 0.0, 'performance_gap': 0.0, 'learning_trend': 0.5, 'resource_efficiency': 0.0}
2025-07-26 16:57:37 - AutoML.ComparativeEarlyStopping - INFO -   Final score: 0.125
2025-07-26 16:57:37 - AutoML.ComparativeEarlyStopping - INFO -   Decision: CONTINUE
2025-07-26 16:57:37 - AutoML.Trainer - INFO - Epoch 5/30 - Train Acc: 0.5105, Val Acc: 0.5178, Val Loss: 1.2819, Time: 29.4s
2025-07-26 16:58:08 - AutoML.ComparativeEarlyStopping - INFO - Early stopping evaluation for resnet18:
2025-07-26 16:58:08 - AutoML.ComparativeEarlyStopping - INFO -   Decision scores: {'statistical_significance': 0.0, 'performance_gap': 0.0, 'learning_trend': 0.5, 'resource_efficiency': 0.0}
2025-07-26 16:58:08 - AutoML.ComparativeEarlyStopping - INFO -   Final score: 0.125
2025-07-26 16:58:08 - AutoML.ComparativeEarlyStopping - INFO -   Decision: CONTINUE
2025-07-26 16:58:38 - AutoML.ComparativeEarlyStopping - INFO - Early stopping evaluation for resnet18:
2025-07-26 16:58:38 - AutoML.ComparativeEarlyStopping - INFO -   Decision scores: {'statistical_significance': 0.0, 'performance_gap': 0.0, 'learning_trend': 0.5, 'resource_efficiency': 0.0}
2025-07-26 16:58:38 - AutoML.ComparativeEarlyStopping - INFO -   Final score: 0.125
2025-07-26 16:58:38 - AutoML.ComparativeEarlyStopping - INFO -   Decision: CONTINUE
2025-07-26 16:59:08 - AutoML.ComparativeEarlyStopping - INFO - Early stopping evaluation for resnet18:
2025-07-26 16:59:08 - AutoML.ComparativeEarlyStopping - INFO -   Decision scores: {'statistical_significance': 0.0, 'performance_gap': 0.0, 'learning_trend': 0.5, 'resource_efficiency': 0.0}
2025-07-26 16:59:08 - AutoML.ComparativeEarlyStopping - INFO -   Final score: 0.125
2025-07-26 16:59:08 - AutoML.ComparativeEarlyStopping - INFO -   Decision: CONTINUE
2025-07-26 16:59:37 - AutoML.ComparativeEarlyStopping - INFO - Early stopping evaluation for resnet18:
2025-07-26 16:59:37 - AutoML.ComparativeEarlyStopping - INFO -   Decision scores: {'statistical_significance': 0.0, 'performance_gap': 0.0, 'learning_trend': 0.5, 'resource_efficiency': 0.0}
2025-07-26 16:59:37 - AutoML.ComparativeEarlyStopping - INFO -   Final score: 0.125
2025-07-26 16:59:37 - AutoML.ComparativeEarlyStopping - INFO -   Decision: CONTINUE
2025-07-26 17:00:06 - AutoML.ComparativeEarlyStopping - INFO - Early stopping evaluation for resnet18:
2025-07-26 17:00:06 - AutoML.ComparativeEarlyStopping - INFO -   Decision scores: {'statistical_significance': 0.0, 'performance_gap': 0.0, 'learning_trend': 0.0, 'resource_efficiency': 0.0}
2025-07-26 17:00:06 - AutoML.ComparativeEarlyStopping - INFO -   Final score: 0.000
2025-07-26 17:00:06 - AutoML.ComparativeEarlyStopping - INFO -   Decision: CONTINUE
2025-07-26 17:00:06 - AutoML.Trainer - INFO - Epoch 10/30 - Train Acc: 0.6002, Val Acc: 0.5677, Val Loss: 1.1853, Time: 29.3s
2025-07-26 17:00:36 - AutoML.ComparativeEarlyStopping - INFO - Early stopping evaluation for resnet18:
2025-07-26 17:00:36 - AutoML.ComparativeEarlyStopping - INFO -   Decision scores: {'statistical_significance': 0.0, 'performance_gap': 0.0, 'learning_trend': 0.0, 'resource_efficiency': 0.0}
2025-07-26 17:00:36 - AutoML.ComparativeEarlyStopping - INFO -   Final score: 0.000
2025-07-26 17:00:36 - AutoML.ComparativeEarlyStopping - INFO -   Decision: CONTINUE
2025-07-26 17:01:06 - AutoML.ComparativeEarlyStopping - INFO - Early stopping evaluation for resnet18:
2025-07-26 17:01:06 - AutoML.ComparativeEarlyStopping - INFO -   Decision scores: {'statistical_significance': 0.0, 'performance_gap': 0.0, 'learning_trend': 0.0, 'resource_efficiency': 0.0}
2025-07-26 17:01:06 - AutoML.ComparativeEarlyStopping - INFO -   Final score: 0.000
2025-07-26 17:01:06 - AutoML.ComparativeEarlyStopping - INFO -   Decision: CONTINUE
2025-07-26 17:01:37 - AutoML.ComparativeEarlyStopping - INFO - Early stopping evaluation for resnet18:
2025-07-26 17:01:37 - AutoML.ComparativeEarlyStopping - INFO -   Decision scores: {'statistical_significance': 0.0, 'performance_gap': 0.0, 'learning_trend': 0.0, 'resource_efficiency': 0.0}
2025-07-26 17:01:37 - AutoML.ComparativeEarlyStopping - INFO -   Final score: 0.000
2025-07-26 17:01:37 - AutoML.ComparativeEarlyStopping - INFO -   Decision: CONTINUE
2025-07-26 17:02:06 - AutoML.ComparativeEarlyStopping - INFO - Early stopping evaluation for resnet18:
2025-07-26 17:02:06 - AutoML.ComparativeEarlyStopping - INFO -   Decision scores: {'statistical_significance': 0.0, 'performance_gap': 0.0, 'learning_trend': 0.0, 'resource_efficiency': 0.0}
2025-07-26 17:02:06 - AutoML.ComparativeEarlyStopping - INFO -   Final score: 0.000
2025-07-26 17:02:06 - AutoML.ComparativeEarlyStopping - INFO -   Decision: CONTINUE
2025-07-26 17:02:36 - AutoML.ComparativeEarlyStopping - INFO - Early stopping evaluation for resnet18:
2025-07-26 17:02:36 - AutoML.ComparativeEarlyStopping - INFO -   Decision scores: {'statistical_significance': 0.0, 'performance_gap': 0.0, 'learning_trend': 0.0, 'resource_efficiency': 0.0}
2025-07-26 17:02:36 - AutoML.ComparativeEarlyStopping - INFO -   Final score: 0.000
2025-07-26 17:02:36 - AutoML.ComparativeEarlyStopping - INFO -   Decision: CONTINUE
2025-07-26 17:02:36 - AutoML.Trainer - INFO - Epoch 15/30 - Train Acc: 0.6639, Val Acc: 0.5902, Val Loss: 1.1900, Time: 30.0s
2025-07-26 17:03:06 - AutoML.ComparativeEarlyStopping - INFO - Early stopping evaluation for resnet18:
2025-07-26 17:03:06 - AutoML.ComparativeEarlyStopping - INFO -   Decision scores: {'statistical_significance': 0.0, 'performance_gap': 0.0, 'learning_trend': 0.0, 'resource_efficiency': 0.0}
2025-07-26 17:03:06 - AutoML.ComparativeEarlyStopping - INFO -   Final score: 0.000
2025-07-26 17:03:06 - AutoML.ComparativeEarlyStopping - INFO -   Decision: CONTINUE
2025-07-26 17:03:39 - AutoML.ComparativeEarlyStopping - INFO - Early stopping evaluation for resnet18:
2025-07-26 17:03:39 - AutoML.ComparativeEarlyStopping - INFO -   Decision scores: {'statistical_significance': 0.0, 'performance_gap': 0.0, 'learning_trend': 0.0, 'resource_efficiency': 0.0}
2025-07-26 17:03:39 - AutoML.ComparativeEarlyStopping - INFO -   Final score: 0.000
2025-07-26 17:03:39 - AutoML.ComparativeEarlyStopping - INFO -   Decision: CONTINUE
2025-07-26 17:04:08 - AutoML.ComparativeEarlyStopping - INFO - Early stopping evaluation for resnet18:
2025-07-26 17:04:08 - AutoML.ComparativeEarlyStopping - INFO -   Decision scores: {'statistical_significance': 0.0, 'performance_gap': 0.0, 'learning_trend': 0.0, 'resource_efficiency': 0.0}
2025-07-26 17:04:08 - AutoML.ComparativeEarlyStopping - INFO -   Final score: 0.000
2025-07-26 17:04:08 - AutoML.ComparativeEarlyStopping - INFO -   Decision: CONTINUE
2025-07-26 17:04:39 - AutoML.ComparativeEarlyStopping - INFO - Early stopping evaluation for resnet18:
2025-07-26 17:04:39 - AutoML.ComparativeEarlyStopping - INFO -   Decision scores: {'statistical_significance': 0.0, 'performance_gap': 0.0, 'learning_trend': 0.0, 'resource_efficiency': 0.0}
2025-07-26 17:04:39 - AutoML.ComparativeEarlyStopping - INFO -   Final score: 0.000
2025-07-26 17:04:39 - AutoML.ComparativeEarlyStopping - INFO -   Decision: CONTINUE
2025-07-26 17:05:09 - AutoML.ComparativeEarlyStopping - INFO - Early stopping evaluation for resnet18:
2025-07-26 17:05:09 - AutoML.ComparativeEarlyStopping - INFO -   Decision scores: {'statistical_significance': 0.0, 'performance_gap': 0.0, 'learning_trend': 0.0, 'resource_efficiency': 0.0}
2025-07-26 17:05:09 - AutoML.ComparativeEarlyStopping - INFO -   Final score: 0.000
2025-07-26 17:05:09 - AutoML.ComparativeEarlyStopping - INFO -   Decision: CONTINUE
2025-07-26 17:05:09 - AutoML.Trainer - INFO - Epoch 20/30 - Train Acc: 0.7058, Val Acc: 0.6008, Val Loss: 1.2380, Time: 30.2s
2025-07-26 17:05:40 - AutoML.ComparativeEarlyStopping - INFO - Early stopping evaluation for resnet18:
2025-07-26 17:05:40 - AutoML.ComparativeEarlyStopping - INFO -   Decision scores: {'statistical_significance': 0.0, 'performance_gap': 0.0, 'learning_trend': 0.0, 'resource_efficiency': 0.0}
2025-07-26 17:05:40 - AutoML.ComparativeEarlyStopping - INFO -   Final score: 0.000
2025-07-26 17:05:40 - AutoML.ComparativeEarlyStopping - INFO -   Decision: CONTINUE
2025-07-26 17:06:09 - AutoML.ComparativeEarlyStopping - INFO - Early stopping evaluation for resnet18:
2025-07-26 17:06:09 - AutoML.ComparativeEarlyStopping - INFO -   Decision scores: {'statistical_significance': 0.0, 'performance_gap': 0.0, 'learning_trend': 0.2, 'resource_efficiency': 0.0}
2025-07-26 17:06:09 - AutoML.ComparativeEarlyStopping - INFO -   Final score: 0.050
2025-07-26 17:06:09 - AutoML.ComparativeEarlyStopping - INFO -   Decision: CONTINUE
2025-07-26 17:06:39 - AutoML.ComparativeEarlyStopping - INFO - Early stopping evaluation for resnet18:
2025-07-26 17:06:39 - AutoML.ComparativeEarlyStopping - INFO -   Decision scores: {'statistical_significance': 0.0, 'performance_gap': 0.0, 'learning_trend': 0.2, 'resource_efficiency': 0.0}
2025-07-26 17:06:39 - AutoML.ComparativeEarlyStopping - INFO -   Final score: 0.050
2025-07-26 17:06:39 - AutoML.ComparativeEarlyStopping - INFO -   Decision: CONTINUE
2025-07-26 17:07:08 - AutoML.ComparativeEarlyStopping - INFO - Early stopping evaluation for resnet18:
2025-07-26 17:07:08 - AutoML.ComparativeEarlyStopping - INFO -   Decision scores: {'statistical_significance': 0.0, 'performance_gap': 0.0, 'learning_trend': 0.2, 'resource_efficiency': 0.0}
2025-07-26 17:07:08 - AutoML.ComparativeEarlyStopping - INFO -   Final score: 0.050
2025-07-26 17:07:08 - AutoML.ComparativeEarlyStopping - INFO -   Decision: CONTINUE
2025-07-26 17:07:37 - AutoML.ComparativeEarlyStopping - INFO - Early stopping evaluation for resnet18:
2025-07-26 17:07:37 - AutoML.ComparativeEarlyStopping - INFO -   Decision scores: {'statistical_significance': 0.0, 'performance_gap': 0.0, 'learning_trend': 0.2, 'resource_efficiency': 0.0}
2025-07-26 17:07:37 - AutoML.ComparativeEarlyStopping - INFO -   Final score: 0.050
2025-07-26 17:07:37 - AutoML.ComparativeEarlyStopping - INFO -   Decision: CONTINUE
2025-07-26 17:07:37 - AutoML.Trainer - INFO - Epoch 25/30 - Train Acc: 0.7328, Val Acc: 0.5996, Val Loss: 1.2573, Time: 29.0s
2025-07-26 17:08:07 - AutoML.ComparativeEarlyStopping - INFO - Early stopping evaluation for resnet18:
2025-07-26 17:08:07 - AutoML.ComparativeEarlyStopping - INFO -   Decision scores: {'statistical_significance': 0.0, 'performance_gap': 0.0, 'learning_trend': 0.2, 'resource_efficiency': 0.0}
2025-07-26 17:08:07 - AutoML.ComparativeEarlyStopping - INFO -   Final score: 0.050
2025-07-26 17:08:07 - AutoML.ComparativeEarlyStopping - INFO -   Decision: CONTINUE
2025-07-26 17:08:36 - AutoML.ComparativeEarlyStopping - INFO - Early stopping evaluation for resnet18:
2025-07-26 17:08:36 - AutoML.ComparativeEarlyStopping - INFO -   Decision scores: {'statistical_significance': 0.0, 'performance_gap': 0.0, 'learning_trend': 0.2, 'resource_efficiency': 0.0}
2025-07-26 17:08:36 - AutoML.ComparativeEarlyStopping - INFO -   Final score: 0.050
2025-07-26 17:08:36 - AutoML.ComparativeEarlyStopping - INFO -   Decision: CONTINUE
2025-07-26 17:09:05 - AutoML.ComparativeEarlyStopping - INFO - Early stopping evaluation for resnet18:
2025-07-26 17:09:05 - AutoML.ComparativeEarlyStopping - INFO -   Decision scores: {'statistical_significance': 0.0, 'performance_gap': 0.0, 'learning_trend': 0.7, 'resource_efficiency': 0.0}
2025-07-26 17:09:05 - AutoML.ComparativeEarlyStopping - INFO -   Final score: 0.175
2025-07-26 17:09:05 - AutoML.ComparativeEarlyStopping - INFO -   Decision: CONTINUE
2025-07-26 17:09:35 - AutoML.ComparativeEarlyStopping - INFO - Early stopping evaluation for resnet18:
2025-07-26 17:09:35 - AutoML.ComparativeEarlyStopping - INFO -   Decision scores: {'statistical_significance': 0.0, 'performance_gap': 0.0, 'learning_trend': 0.7, 'resource_efficiency': 0.0}
2025-07-26 17:09:35 - AutoML.ComparativeEarlyStopping - INFO -   Final score: 0.175
2025-07-26 17:09:35 - AutoML.ComparativeEarlyStopping - INFO -   Decision: CONTINUE
2025-07-26 17:10:04 - AutoML.ComparativeEarlyStopping - INFO - Early stopping evaluation for resnet18:
2025-07-26 17:10:04 - AutoML.ComparativeEarlyStopping - INFO -   Decision scores: {'statistical_significance': 0.0, 'performance_gap': 0.0, 'learning_trend': 0.5, 'resource_efficiency': 0.0}
2025-07-26 17:10:04 - AutoML.ComparativeEarlyStopping - INFO -   Final score: 0.125
2025-07-26 17:10:04 - AutoML.ComparativeEarlyStopping - INFO -   Decision: CONTINUE
2025-07-26 17:10:04 - AutoML.Trainer - INFO - Epoch 30/30 - Train Acc: 0.7370, Val Acc: 0.6000, Val Loss: 1.2682, Time: 28.8s
2025-07-26 17:10:04 - AutoML.Trainer - INFO - Training completed for resnet18
2025-07-26 17:10:04 - AutoML.Trainer - INFO - Best validation accuracy: 0.6015
2025-07-26 17:10:04 - AutoML.Trainer - INFO - Total training time: 898.6s
2025-07-26 17:10:04 - AutoML.Trainer - INFO - Average epoch time: 30.0s
2025-07-26 17:10:04 - AutoML.Trainer - INFO - Evaluating hyperparameters for resnet18: {'learning_rate': 0.0016409286730647919, 'optimizer': 'adam', 'weight_decay': 0.00788671412999049, 'batch_size': 32, 'dropout_rate': 0.22007624686980065, 'pretrained': True, 'lr_scheduler': 'step', 'max_epochs': 38, 'momentum': 0.8388169972400026}
2025-07-26 17:10:04 - AutoML.ModelFactory - INFO - Creating resnet18 (pretrained=True, dropout=0.22007624686980065)
2025-07-26 17:10:04 - AutoML - INFO -  Starting: resnet18 creation
2025-07-26 17:10:04 - AutoML.ModelFactory - INFO - resnet18 created successfully:
2025-07-26 17:10:04 - AutoML.ModelFactory - INFO -   Parameters: 11,173,831
2025-07-26 17:10:04 - AutoML.ModelFactory - INFO -   Trainable: 11,173,831
2025-07-26 17:10:04 - AutoML.ModelFactory - INFO -   Model size: 42.62 MB
2025-07-26 17:10:04 - AutoML - INFO -  resnet18 creation completed in 0.29 seconds
2025-07-26 17:10:14 - AutoML.Trainer - INFO - Class distribution: {3: 180, 5: 79, 0: 83, 2: 84, 6: 108, 4: 99, 1: 7}
2025-07-26 17:10:14 - AutoML.Trainer - INFO - Class weights: [1.1015490533562822, 13.061224489795919, 1.08843537414966, 0.5079365079365079, 0.9235209235209235, 1.1573236889692586, 0.8465608465608465]
2025-07-26 17:12:38 - AutoML.ComparativeEarlyStopping - INFO - Early stopping evaluation for resnet18:
2025-07-26 17:12:38 - AutoML.ComparativeEarlyStopping - INFO -   Decision scores: {'statistical_significance': 0.0, 'performance_gap': 0.0, 'learning_trend': 0.2, 'resource_efficiency': 0.0}
2025-07-26 17:12:38 - AutoML.ComparativeEarlyStopping - INFO -   Final score: 0.050
2025-07-26 17:12:38 - AutoML.ComparativeEarlyStopping - INFO -   Decision: CONTINUE
2025-07-26 17:12:38 - AutoML.Trainer - INFO - Epoch 5/38 - Train Acc: 0.3044, Val Acc: 0.3398, Val Loss: 1.6510, Time: 28.7s
2025-07-26 17:13:07 - AutoML.ComparativeEarlyStopping - INFO - Early stopping evaluation for resnet18:
2025-07-26 17:13:07 - AutoML.ComparativeEarlyStopping - INFO -   Decision scores: {'statistical_significance': 0.0, 'performance_gap': 0.0, 'learning_trend': 0.2, 'resource_efficiency': 0.0}
2025-07-26 17:13:07 - AutoML.ComparativeEarlyStopping - INFO -   Final score: 0.050
2025-07-26 17:13:07 - AutoML.ComparativeEarlyStopping - INFO -   Decision: CONTINUE
2025-07-26 17:13:36 - AutoML.ComparativeEarlyStopping - INFO - Early stopping evaluation for resnet18:
2025-07-26 17:13:36 - AutoML.ComparativeEarlyStopping - INFO -   Decision scores: {'statistical_significance': 0.0, 'performance_gap': 0.0, 'learning_trend': 0.2, 'resource_efficiency': 0.0}
2025-07-26 17:13:36 - AutoML.ComparativeEarlyStopping - INFO -   Final score: 0.050
2025-07-26 17:13:36 - AutoML.ComparativeEarlyStopping - INFO -   Decision: CONTINUE
2025-07-26 17:14:07 - AutoML.ComparativeEarlyStopping - INFO - Early stopping evaluation for resnet18:
2025-07-26 17:14:07 - AutoML.ComparativeEarlyStopping - INFO -   Decision scores: {'statistical_significance': 0.0, 'performance_gap': 0.0, 'learning_trend': 0.2, 'resource_efficiency': 0.0}
2025-07-26 17:14:07 - AutoML.ComparativeEarlyStopping - INFO -   Final score: 0.050
2025-07-26 17:14:07 - AutoML.ComparativeEarlyStopping - INFO -   Decision: CONTINUE
2025-07-26 17:14:37 - AutoML.ComparativeEarlyStopping - INFO - Early stopping evaluation for resnet18:
2025-07-26 17:14:37 - AutoML.ComparativeEarlyStopping - INFO -   Decision scores: {'statistical_significance': 0.0, 'performance_gap': 0.0, 'learning_trend': 0.2, 'resource_efficiency': 0.0}
2025-07-26 17:14:37 - AutoML.ComparativeEarlyStopping - INFO -   Final score: 0.050
2025-07-26 17:14:37 - AutoML.ComparativeEarlyStopping - INFO -   Decision: CONTINUE
2025-07-26 17:15:06 - AutoML.ComparativeEarlyStopping - INFO - Early stopping evaluation for resnet18:
2025-07-26 17:15:06 - AutoML.ComparativeEarlyStopping - INFO -   Decision scores: {'statistical_significance': 0.0, 'performance_gap': 0.0, 'learning_trend': 0.2, 'resource_efficiency': 0.0}
2025-07-26 17:15:06 - AutoML.ComparativeEarlyStopping - INFO -   Final score: 0.050
2025-07-26 17:15:06 - AutoML.ComparativeEarlyStopping - INFO -   Decision: CONTINUE
2025-07-26 17:15:06 - AutoML.Trainer - INFO - Epoch 10/38 - Train Acc: 0.3698, Val Acc: 0.4089, Val Loss: 1.5871, Time: 29.3s
2025-07-26 17:15:35 - AutoML.ComparativeEarlyStopping - INFO - Early stopping evaluation for resnet18:
2025-07-26 17:15:35 - AutoML.ComparativeEarlyStopping - INFO -   Decision scores: {'statistical_significance': 0.0, 'performance_gap': 0.0, 'learning_trend': 0.2, 'resource_efficiency': 0.0}
2025-07-26 17:15:35 - AutoML.ComparativeEarlyStopping - INFO -   Final score: 0.050
2025-07-26 17:15:35 - AutoML.ComparativeEarlyStopping - INFO -   Decision: CONTINUE
2025-07-26 17:16:04 - AutoML.ComparativeEarlyStopping - INFO - Early stopping evaluation for resnet18:
2025-07-26 17:16:04 - AutoML.ComparativeEarlyStopping - INFO -   Decision scores: {'statistical_significance': 0.0, 'performance_gap': 0.0, 'learning_trend': 0.2, 'resource_efficiency': 0.0}
2025-07-26 17:16:04 - AutoML.ComparativeEarlyStopping - INFO -   Final score: 0.050
2025-07-26 17:16:04 - AutoML.ComparativeEarlyStopping - INFO -   Decision: CONTINUE
2025-07-26 17:16:34 - AutoML.ComparativeEarlyStopping - INFO - Early stopping evaluation for resnet18:
2025-07-26 17:16:34 - AutoML.ComparativeEarlyStopping - INFO -   Decision scores: {'statistical_significance': 0.0, 'performance_gap': 0.0, 'learning_trend': 0.2, 'resource_efficiency': 0.0}
2025-07-26 17:16:34 - AutoML.ComparativeEarlyStopping - INFO -   Final score: 0.050
2025-07-26 17:16:34 - AutoML.ComparativeEarlyStopping - INFO -   Decision: CONTINUE
2025-07-26 17:17:04 - AutoML.ComparativeEarlyStopping - INFO - Early stopping evaluation for resnet18:
2025-07-26 17:17:04 - AutoML.ComparativeEarlyStopping - INFO -   Decision scores: {'statistical_significance': 0.0, 'performance_gap': 0.0, 'learning_trend': 0.2, 'resource_efficiency': 0.0}
2025-07-26 17:17:04 - AutoML.ComparativeEarlyStopping - INFO -   Final score: 0.050
2025-07-26 17:17:04 - AutoML.ComparativeEarlyStopping - INFO -   Decision: CONTINUE
2025-07-26 17:17:33 - AutoML.ComparativeEarlyStopping - INFO - Early stopping evaluation for resnet18:
2025-07-26 17:17:33 - AutoML.ComparativeEarlyStopping - INFO -   Decision scores: {'statistical_significance': 0.0, 'performance_gap': 0.0, 'learning_trend': 0.2, 'resource_efficiency': 0.0}
2025-07-26 17:17:33 - AutoML.ComparativeEarlyStopping - INFO -   Final score: 0.050
2025-07-26 17:17:33 - AutoML.ComparativeEarlyStopping - INFO -   Decision: CONTINUE
2025-07-26 17:17:33 - AutoML.Trainer - INFO - Epoch 15/38 - Train Acc: 0.4435, Val Acc: 0.4514, Val Loss: 1.4120, Time: 29.4s
2025-07-26 17:18:03 - AutoML.ComparativeEarlyStopping - INFO - Early stopping evaluation for resnet18:
2025-07-26 17:18:03 - AutoML.ComparativeEarlyStopping - INFO -   Decision scores: {'statistical_significance': 0.0, 'performance_gap': 0.0, 'learning_trend': 0.2, 'resource_efficiency': 0.0}
2025-07-26 17:18:03 - AutoML.ComparativeEarlyStopping - INFO -   Final score: 0.050
2025-07-26 17:18:03 - AutoML.ComparativeEarlyStopping - INFO -   Decision: CONTINUE
2025-07-26 17:18:33 - AutoML.ComparativeEarlyStopping - INFO - Early stopping evaluation for resnet18:
2025-07-26 17:18:33 - AutoML.ComparativeEarlyStopping - INFO -   Decision scores: {'statistical_significance': 0.0, 'performance_gap': 0.0, 'learning_trend': 0.2, 'resource_efficiency': 0.0}
2025-07-26 17:18:33 - AutoML.ComparativeEarlyStopping - INFO -   Final score: 0.050
2025-07-26 17:18:33 - AutoML.ComparativeEarlyStopping - INFO -   Decision: CONTINUE
2025-07-26 17:19:03 - AutoML.ComparativeEarlyStopping - INFO - Early stopping evaluation for resnet18:
2025-07-26 17:19:03 - AutoML.ComparativeEarlyStopping - INFO -   Decision scores: {'statistical_significance': 0.0, 'performance_gap': 0.0, 'learning_trend': 0.2, 'resource_efficiency': 0.0}
2025-07-26 17:19:03 - AutoML.ComparativeEarlyStopping - INFO -   Final score: 0.050
2025-07-26 17:19:03 - AutoML.ComparativeEarlyStopping - INFO -   Decision: CONTINUE
2025-07-26 17:19:33 - AutoML.ComparativeEarlyStopping - INFO - Early stopping evaluation for resnet18:
2025-07-26 17:19:33 - AutoML.ComparativeEarlyStopping - INFO -   Decision scores: {'statistical_significance': 0.0, 'performance_gap': 0.0, 'learning_trend': 0.2, 'resource_efficiency': 0.0}
2025-07-26 17:19:33 - AutoML.ComparativeEarlyStopping - INFO -   Final score: 0.050
2025-07-26 17:19:33 - AutoML.ComparativeEarlyStopping - INFO -   Decision: CONTINUE
2025-07-26 17:20:01 - AutoML.ComparativeEarlyStopping - INFO - Early stopping evaluation for resnet18:
2025-07-26 17:20:01 - AutoML.ComparativeEarlyStopping - INFO -   Decision scores: {'statistical_significance': 0.0, 'performance_gap': 0.0, 'learning_trend': 0.2, 'resource_efficiency': 0.0}
2025-07-26 17:20:01 - AutoML.ComparativeEarlyStopping - INFO -   Final score: 0.050
2025-07-26 17:20:01 - AutoML.ComparativeEarlyStopping - INFO -   Decision: CONTINUE
2025-07-26 17:20:01 - AutoML.Trainer - INFO - Epoch 20/38 - Train Acc: 0.4643, Val Acc: 0.4643, Val Loss: 1.4111, Time: 28.8s
2025-07-26 17:20:31 - AutoML.ComparativeEarlyStopping - INFO - Early stopping evaluation for resnet18:
2025-07-26 17:20:31 - AutoML.ComparativeEarlyStopping - INFO -   Decision scores: {'statistical_significance': 0.0, 'performance_gap': 0.0, 'learning_trend': 0.2, 'resource_efficiency': 0.0}
2025-07-26 17:20:31 - AutoML.ComparativeEarlyStopping - INFO -   Final score: 0.050
2025-07-26 17:20:31 - AutoML.ComparativeEarlyStopping - INFO -   Decision: CONTINUE
2025-07-26 17:21:00 - AutoML.ComparativeEarlyStopping - INFO - Early stopping evaluation for resnet18:
2025-07-26 17:21:00 - AutoML.ComparativeEarlyStopping - INFO -   Decision scores: {'statistical_significance': 0.0, 'performance_gap': 0.0, 'learning_trend': 0.2, 'resource_efficiency': 0.0}
2025-07-26 17:21:00 - AutoML.ComparativeEarlyStopping - INFO -   Final score: 0.050
2025-07-26 17:21:00 - AutoML.ComparativeEarlyStopping - INFO -   Decision: CONTINUE
2025-07-26 17:21:29 - AutoML.ComparativeEarlyStopping - INFO - Early stopping evaluation for resnet18:
2025-07-26 17:21:29 - AutoML.ComparativeEarlyStopping - INFO -   Decision scores: {'statistical_significance': 0.0, 'performance_gap': 0.0, 'learning_trend': 0.2, 'resource_efficiency': 0.0}
2025-07-26 17:21:29 - AutoML.ComparativeEarlyStopping - INFO -   Final score: 0.050
2025-07-26 17:21:29 - AutoML.ComparativeEarlyStopping - INFO -   Decision: CONTINUE
2025-07-26 17:22:00 - AutoML.ComparativeEarlyStopping - INFO - Early stopping evaluation for resnet18:
2025-07-26 17:22:00 - AutoML.ComparativeEarlyStopping - INFO -   Decision scores: {'statistical_significance': 0.0, 'performance_gap': 0.0, 'learning_trend': 0.2, 'resource_efficiency': 0.0}
2025-07-26 17:22:00 - AutoML.ComparativeEarlyStopping - INFO -   Final score: 0.050
2025-07-26 17:22:00 - AutoML.ComparativeEarlyStopping - INFO -   Decision: CONTINUE
2025-07-26 17:22:31 - AutoML.ComparativeEarlyStopping - INFO - Early stopping evaluation for resnet18:
2025-07-26 17:22:31 - AutoML.ComparativeEarlyStopping - INFO -   Decision scores: {'statistical_significance': 0.0, 'performance_gap': 0.0, 'learning_trend': 0.2, 'resource_efficiency': 0.0}
2025-07-26 17:22:31 - AutoML.ComparativeEarlyStopping - INFO -   Final score: 0.050
2025-07-26 17:22:31 - AutoML.ComparativeEarlyStopping - INFO -   Decision: CONTINUE
2025-07-26 17:22:31 - AutoML.Trainer - INFO - Epoch 25/38 - Train Acc: 0.4806, Val Acc: 0.4784, Val Loss: 1.3471, Time: 31.0s
2025-07-26 17:23:00 - AutoML.ComparativeEarlyStopping - INFO - Early stopping evaluation for resnet18:
2025-07-26 17:23:00 - AutoML.ComparativeEarlyStopping - INFO -   Decision scores: {'statistical_significance': 0.0, 'performance_gap': 0.0, 'learning_trend': 0.2, 'resource_efficiency': 0.0}
2025-07-26 17:23:00 - AutoML.ComparativeEarlyStopping - INFO -   Final score: 0.050
2025-07-26 17:23:00 - AutoML.ComparativeEarlyStopping - INFO -   Decision: CONTINUE
2025-07-26 17:23:32 - AutoML.ComparativeEarlyStopping - INFO - Early stopping evaluation for resnet18:
2025-07-26 17:23:32 - AutoML.ComparativeEarlyStopping - INFO -   Decision scores: {'statistical_significance': 0.0, 'performance_gap': 0.0, 'learning_trend': 0.2, 'resource_efficiency': 0.0}
2025-07-26 17:23:32 - AutoML.ComparativeEarlyStopping - INFO -   Final score: 0.050
2025-07-26 17:23:32 - AutoML.ComparativeEarlyStopping - INFO -   Decision: CONTINUE
2025-07-26 17:24:02 - AutoML.ComparativeEarlyStopping - INFO - Early stopping evaluation for resnet18:
2025-07-26 17:24:02 - AutoML.ComparativeEarlyStopping - INFO -   Decision scores: {'statistical_significance': 0.0, 'performance_gap': 0.0, 'learning_trend': 0.2, 'resource_efficiency': 0.0}
2025-07-26 17:24:02 - AutoML.ComparativeEarlyStopping - INFO -   Final score: 0.050
2025-07-26 17:24:02 - AutoML.ComparativeEarlyStopping - INFO -   Decision: CONTINUE
2025-07-26 17:24:31 - AutoML.ComparativeEarlyStopping - INFO - Early stopping evaluation for resnet18:
2025-07-26 17:24:31 - AutoML.ComparativeEarlyStopping - INFO -   Decision scores: {'statistical_significance': 0.0, 'performance_gap': 0.0, 'learning_trend': 0.0, 'resource_efficiency': 0.0}
2025-07-26 17:24:31 - AutoML.ComparativeEarlyStopping - INFO -   Final score: 0.000
2025-07-26 17:24:31 - AutoML.ComparativeEarlyStopping - INFO -   Decision: CONTINUE
2025-07-26 17:25:00 - AutoML.ComparativeEarlyStopping - INFO - Early stopping evaluation for resnet18:
2025-07-26 17:25:00 - AutoML.ComparativeEarlyStopping - INFO -   Decision scores: {'statistical_significance': 0.0, 'performance_gap': 0.0, 'learning_trend': 0.0, 'resource_efficiency': 0.0}
2025-07-26 17:25:00 - AutoML.ComparativeEarlyStopping - INFO -   Final score: 0.000
2025-07-26 17:25:00 - AutoML.ComparativeEarlyStopping - INFO -   Decision: CONTINUE
2025-07-26 17:25:00 - AutoML.Trainer - INFO - Epoch 30/38 - Train Acc: 0.4843, Val Acc: 0.4866, Val Loss: 1.3471, Time: 29.2s
2025-07-26 17:25:30 - AutoML.ComparativeEarlyStopping - INFO - Early stopping evaluation for resnet18:
2025-07-26 17:25:30 - AutoML.ComparativeEarlyStopping - INFO -   Decision scores: {'statistical_significance': 0.0, 'performance_gap': 0.0, 'learning_trend': 0.0, 'resource_efficiency': 0.0}
2025-07-26 17:25:30 - AutoML.ComparativeEarlyStopping - INFO -   Final score: 0.000
2025-07-26 17:25:30 - AutoML.ComparativeEarlyStopping - INFO -   Decision: CONTINUE
2025-07-26 17:26:01 - AutoML.ComparativeEarlyStopping - INFO - Early stopping evaluation for resnet18:
2025-07-26 17:26:01 - AutoML.ComparativeEarlyStopping - INFO -   Decision scores: {'statistical_significance': 0.0, 'performance_gap': 0.0, 'learning_trend': 0.0, 'resource_efficiency': 0.0}
2025-07-26 17:26:01 - AutoML.ComparativeEarlyStopping - INFO -   Final score: 0.000
2025-07-26 17:26:01 - AutoML.ComparativeEarlyStopping - INFO -   Decision: CONTINUE
2025-07-26 17:26:30 - AutoML.ComparativeEarlyStopping - INFO - Early stopping evaluation for resnet18:
2025-07-26 17:26:30 - AutoML.ComparativeEarlyStopping - INFO -   Decision scores: {'statistical_significance': 0.0, 'performance_gap': 0.0, 'learning_trend': 0.3, 'resource_efficiency': 0.0}
2025-07-26 17:26:30 - AutoML.ComparativeEarlyStopping - INFO -   Final score: 0.075
2025-07-26 17:26:30 - AutoML.ComparativeEarlyStopping - INFO -   Decision: CONTINUE
2025-07-26 17:26:59 - AutoML.ComparativeEarlyStopping - INFO - Early stopping evaluation for resnet18:
2025-07-26 17:26:59 - AutoML.ComparativeEarlyStopping - INFO -   Decision scores: {'statistical_significance': 0.0, 'performance_gap': 0.0, 'learning_trend': 0.0, 'resource_efficiency': 0.0}
2025-07-26 17:26:59 - AutoML.ComparativeEarlyStopping - INFO -   Final score: 0.000
2025-07-26 17:26:59 - AutoML.ComparativeEarlyStopping - INFO -   Decision: CONTINUE
2025-07-26 17:27:29 - AutoML.ComparativeEarlyStopping - INFO - Early stopping evaluation for resnet18:
2025-07-26 17:27:29 - AutoML.ComparativeEarlyStopping - INFO -   Decision scores: {'statistical_significance': 0.0, 'performance_gap': 0.0, 'learning_trend': 0.0, 'resource_efficiency': 0.0}
2025-07-26 17:27:29 - AutoML.ComparativeEarlyStopping - INFO -   Final score: 0.000
2025-07-26 17:27:29 - AutoML.ComparativeEarlyStopping - INFO -   Decision: CONTINUE
2025-07-26 17:27:29 - AutoML.Trainer - INFO - Epoch 35/38 - Train Acc: 0.4866, Val Acc: 0.4855, Val Loss: 1.3480, Time: 29.8s
2025-07-26 17:27:58 - AutoML.ComparativeEarlyStopping - INFO - Early stopping evaluation for resnet18:
2025-07-26 17:27:58 - AutoML.ComparativeEarlyStopping - INFO -   Decision scores: {'statistical_significance': 0.0, 'performance_gap': 0.0, 'learning_trend': 0.0, 'resource_efficiency': 0.0}
2025-07-26 17:27:58 - AutoML.ComparativeEarlyStopping - INFO -   Final score: 0.000
2025-07-26 17:27:58 - AutoML.ComparativeEarlyStopping - INFO -   Decision: CONTINUE
2025-07-26 17:28:28 - AutoML.ComparativeEarlyStopping - INFO - Early stopping evaluation for resnet18:
2025-07-26 17:28:28 - AutoML.ComparativeEarlyStopping - INFO -   Decision scores: {'statistical_significance': 0.0, 'performance_gap': 0.0, 'learning_trend': 0.3, 'resource_efficiency': 0.0}
2025-07-26 17:28:28 - AutoML.ComparativeEarlyStopping - INFO -   Final score: 0.075
2025-07-26 17:28:28 - AutoML.ComparativeEarlyStopping - INFO -   Decision: CONTINUE
2025-07-26 17:28:56 - AutoML.ComparativeEarlyStopping - INFO - Early stopping evaluation for resnet18:
2025-07-26 17:28:56 - AutoML.ComparativeEarlyStopping - INFO -   Decision scores: {'statistical_significance': 0.0, 'performance_gap': 0.0, 'learning_trend': 0.5, 'resource_efficiency': 0.0}
2025-07-26 17:28:56 - AutoML.ComparativeEarlyStopping - INFO -   Final score: 0.125
2025-07-26 17:28:56 - AutoML.ComparativeEarlyStopping - INFO -   Decision: CONTINUE
2025-07-26 17:28:56 - AutoML.Trainer - INFO - Epoch 38/38 - Train Acc: 0.4842, Val Acc: 0.4842, Val Loss: 1.3423, Time: 28.8s
2025-07-26 17:28:56 - AutoML.Trainer - INFO - Training completed for resnet18
2025-07-26 17:28:56 - AutoML.Trainer - INFO - Best validation accuracy: 0.4871
2025-07-26 17:28:56 - AutoML.Trainer - INFO - Total training time: 1121.9s
2025-07-26 17:28:56 - AutoML.Trainer - INFO - Average epoch time: 29.5s
2025-07-26 17:28:56 - AutoML.Trainer - INFO - Evaluating hyperparameters for resnet18: {'learning_rate': 0.0021137059440645744, 'optimizer': 'adam', 'weight_decay': 3.585612610345396e-05, 'batch_size': 32, 'dropout_rate': 0.29894998940554257, 'pretrained': True, 'lr_scheduler': 'cosine', 'max_epochs': 16, 'momentum': 0.8487995496144897}
2025-07-26 17:28:56 - AutoML.ModelFactory - INFO - Creating resnet18 (pretrained=True, dropout=0.29894998940554257)
2025-07-26 17:28:56 - AutoML - INFO -  Starting: resnet18 creation
2025-07-26 17:28:57 - AutoML.ModelFactory - INFO - resnet18 created successfully:
2025-07-26 17:28:57 - AutoML.ModelFactory - INFO -   Parameters: 11,173,831
2025-07-26 17:28:57 - AutoML.ModelFactory - INFO -   Trainable: 11,173,831
2025-07-26 17:28:57 - AutoML.ModelFactory - INFO -   Model size: 42.62 MB
2025-07-26 17:28:57 - AutoML - INFO -  resnet18 creation completed in 0.62 seconds
2025-07-26 17:29:07 - AutoML.Trainer - INFO - Class distribution: {4: 111, 0: 104, 5: 74, 6: 103, 3: 158, 2: 76, 1: 14}
2025-07-26 17:29:07 - AutoML.Trainer - INFO - Class weights: [0.8791208791208791, 6.530612244897959, 1.2030075187969924, 0.5786618444846293, 0.8236808236808236, 1.2355212355212355, 0.8876560332871013]
2025-07-26 17:31:35 - AutoML.ComparativeEarlyStopping - INFO - Early stopping evaluation for resnet18:
2025-07-26 17:31:35 - AutoML.ComparativeEarlyStopping - INFO -   Decision scores: {'statistical_significance': 0.0, 'performance_gap': 0.0, 'learning_trend': 0.5, 'resource_efficiency': 0.0}
2025-07-26 17:31:35 - AutoML.ComparativeEarlyStopping - INFO -   Final score: 0.125
2025-07-26 17:31:35 - AutoML.ComparativeEarlyStopping - INFO -   Decision: CONTINUE
2025-07-26 17:31:35 - AutoML.Trainer - INFO - Epoch 5/16 - Train Acc: 0.5649, Val Acc: 0.5772, Val Loss: 1.1965, Time: 29.4s
2025-07-26 17:32:05 - AutoML.ComparativeEarlyStopping - INFO - Early stopping evaluation for resnet18:
2025-07-26 17:32:05 - AutoML.ComparativeEarlyStopping - INFO -   Decision scores: {'statistical_significance': 0.0, 'performance_gap': 0.0, 'learning_trend': 0.5, 'resource_efficiency': 0.0}
2025-07-26 17:32:05 - AutoML.ComparativeEarlyStopping - INFO -   Final score: 0.125
2025-07-26 17:32:05 - AutoML.ComparativeEarlyStopping - INFO -   Decision: CONTINUE
2025-07-26 17:32:35 - AutoML.ComparativeEarlyStopping - INFO - Early stopping evaluation for resnet18:
2025-07-26 17:32:35 - AutoML.ComparativeEarlyStopping - INFO -   Decision scores: {'statistical_significance': 0.0, 'performance_gap': 0.0, 'learning_trend': 0.5, 'resource_efficiency': 0.0}
2025-07-26 17:32:35 - AutoML.ComparativeEarlyStopping - INFO -   Final score: 0.125
2025-07-26 17:32:35 - AutoML.ComparativeEarlyStopping - INFO -   Decision: CONTINUE
2025-07-26 17:33:04 - AutoML.ComparativeEarlyStopping - INFO - Early stopping evaluation for resnet18:
2025-07-26 17:33:04 - AutoML.ComparativeEarlyStopping - INFO -   Decision scores: {'statistical_significance': 0.0, 'performance_gap': 0.0, 'learning_trend': 0.5, 'resource_efficiency': 0.0}
2025-07-26 17:33:04 - AutoML.ComparativeEarlyStopping - INFO -   Final score: 0.125
2025-07-26 17:33:04 - AutoML.ComparativeEarlyStopping - INFO -   Decision: CONTINUE
2025-07-26 17:33:34 - AutoML.ComparativeEarlyStopping - INFO - Early stopping evaluation for resnet18:
2025-07-26 17:33:34 - AutoML.ComparativeEarlyStopping - INFO -   Decision scores: {'statistical_significance': 0.0, 'performance_gap': 0.0, 'learning_trend': 0.5, 'resource_efficiency': 0.0}
2025-07-26 17:33:34 - AutoML.ComparativeEarlyStopping - INFO -   Final score: 0.125
2025-07-26 17:33:34 - AutoML.ComparativeEarlyStopping - INFO -   Decision: CONTINUE
2025-07-26 17:34:04 - AutoML.ComparativeEarlyStopping - INFO - Early stopping evaluation for resnet18:
2025-07-26 17:34:04 - AutoML.ComparativeEarlyStopping - INFO -   Decision scores: {'statistical_significance': 0.0, 'performance_gap': 0.0, 'learning_trend': 0.0, 'resource_efficiency': 0.0}
2025-07-26 17:34:04 - AutoML.ComparativeEarlyStopping - INFO -   Final score: 0.000
2025-07-26 17:34:04 - AutoML.ComparativeEarlyStopping - INFO -   Decision: CONTINUE
2025-07-26 17:34:04 - AutoML.Trainer - INFO - Epoch 10/16 - Train Acc: 0.6628, Val Acc: 0.6108, Val Loss: 1.0963, Time: 30.5s
2025-07-26 17:34:36 - AutoML.ComparativeEarlyStopping - INFO - Early stopping evaluation for resnet18:
2025-07-26 17:34:36 - AutoML.ComparativeEarlyStopping - INFO -   Decision scores: {'statistical_significance': 0.0, 'performance_gap': 0.0, 'learning_trend': 0.0, 'resource_efficiency': 0.0}
2025-07-26 17:34:36 - AutoML.ComparativeEarlyStopping - INFO -   Final score: 0.000
2025-07-26 17:34:36 - AutoML.ComparativeEarlyStopping - INFO -   Decision: CONTINUE
2025-07-26 17:35:05 - AutoML.ComparativeEarlyStopping - INFO - Early stopping evaluation for resnet18:
2025-07-26 17:35:05 - AutoML.ComparativeEarlyStopping - INFO -   Decision scores: {'statistical_significance': 0.0, 'performance_gap': 0.0, 'learning_trend': 0.0, 'resource_efficiency': 0.0}
2025-07-26 17:35:05 - AutoML.ComparativeEarlyStopping - INFO -   Final score: 0.000
2025-07-26 17:35:05 - AutoML.ComparativeEarlyStopping - INFO -   Decision: CONTINUE
2025-07-26 17:35:35 - AutoML.ComparativeEarlyStopping - INFO - Early stopping evaluation for resnet18:
2025-07-26 17:35:35 - AutoML.ComparativeEarlyStopping - INFO -   Decision scores: {'statistical_significance': 0.0, 'performance_gap': 0.0, 'learning_trend': 0.0, 'resource_efficiency': 0.0}
2025-07-26 17:35:35 - AutoML.ComparativeEarlyStopping - INFO -   Final score: 0.000
2025-07-26 17:35:35 - AutoML.ComparativeEarlyStopping - INFO -   Decision: CONTINUE
2025-07-26 17:36:06 - AutoML.ComparativeEarlyStopping - INFO - Early stopping evaluation for resnet18:
2025-07-26 17:36:06 - AutoML.ComparativeEarlyStopping - INFO -   Decision scores: {'statistical_significance': 0.0, 'performance_gap': 0.0, 'learning_trend': 0.0, 'resource_efficiency': 0.0}
2025-07-26 17:36:06 - AutoML.ComparativeEarlyStopping - INFO -   Final score: 0.000
2025-07-26 17:36:06 - AutoML.ComparativeEarlyStopping - INFO -   Decision: CONTINUE
2025-07-26 17:36:36 - AutoML.ComparativeEarlyStopping - INFO - Early stopping evaluation for resnet18:
2025-07-26 17:36:36 - AutoML.ComparativeEarlyStopping - INFO -   Decision scores: {'statistical_significance': 0.0, 'performance_gap': 0.0, 'learning_trend': 0.0, 'resource_efficiency': 0.0}
2025-07-26 17:36:36 - AutoML.ComparativeEarlyStopping - INFO -   Final score: 0.000
2025-07-26 17:36:36 - AutoML.ComparativeEarlyStopping - INFO -   Decision: CONTINUE
2025-07-26 17:36:36 - AutoML.Trainer - INFO - Epoch 15/16 - Train Acc: 0.7881, Val Acc: 0.6332, Val Loss: 1.2171, Time: 29.7s
2025-07-26 17:37:05 - AutoML.ComparativeEarlyStopping - INFO - Early stopping evaluation for resnet18:
2025-07-26 17:37:05 - AutoML.ComparativeEarlyStopping - INFO -   Decision scores: {'statistical_significance': 0.0, 'performance_gap': 0.0, 'learning_trend': 0.0, 'resource_efficiency': 0.0}
2025-07-26 17:37:05 - AutoML.ComparativeEarlyStopping - INFO -   Final score: 0.000
2025-07-26 17:37:05 - AutoML.ComparativeEarlyStopping - INFO -   Decision: CONTINUE
2025-07-26 17:37:05 - AutoML.Trainer - INFO - Epoch 16/16 - Train Acc: 0.7959, Val Acc: 0.6367, Val Loss: 1.2383, Time: 29.2s
2025-07-26 17:37:05 - AutoML.Trainer - INFO - Training completed for resnet18
2025-07-26 17:37:05 - AutoML.Trainer - INFO - Best validation accuracy: 0.6367
2025-07-26 17:37:05 - AutoML.Trainer - INFO - Total training time: 477.9s
2025-07-26 17:37:05 - AutoML.Trainer - INFO - Average epoch time: 29.9s
2025-07-26 17:37:05 - AutoML.Trainer - INFO - Evaluating hyperparameters for resnet18: {'learning_rate': 0.0005989003672254305, 'optimizer': 'adamw', 'weight_decay': 6.963114377829287e-05, 'batch_size': 128, 'dropout_rate': 0.49344346830025865, 'pretrained': True, 'lr_scheduler': 'cosine', 'max_epochs': 36, 'momentum': 0.9060286015771426}
2025-07-26 17:37:05 - AutoML.ModelFactory - INFO - Creating resnet18 (pretrained=True, dropout=0.49344346830025865)
2025-07-26 17:37:05 - AutoML - INFO -  Starting: resnet18 creation
2025-07-26 17:37:06 - AutoML.ModelFactory - INFO - resnet18 created successfully:
2025-07-26 17:37:06 - AutoML.ModelFactory - INFO -   Parameters: 11,173,831
2025-07-26 17:37:06 - AutoML.ModelFactory - INFO -   Trainable: 11,173,831
2025-07-26 17:37:06 - AutoML.ModelFactory - INFO -   Model size: 42.62 MB
2025-07-26 17:37:06 - AutoML - INFO -  resnet18 creation completed in 0.67 seconds
2025-07-26 17:37:18 - AutoML.Trainer - INFO - Class distribution: {5: 61, 1: 14, 3: 160, 4: 126, 6: 111, 2: 97, 0: 71}
2025-07-26 17:37:18 - AutoML.Trainer - INFO - Class weights: [1.2877263581488934, 6.530612244897959, 0.9425625920471281, 0.5714285714285714, 0.7256235827664399, 1.4988290398126465, 0.8236808236808236]
2025-07-26 17:39:46 - AutoML.ComparativeEarlyStopping - INFO - Early stopping evaluation for resnet18:
2025-07-26 17:39:46 - AutoML.ComparativeEarlyStopping - INFO -   Decision scores: {'statistical_significance': 0.0, 'performance_gap': 0.0, 'learning_trend': 0.0, 'resource_efficiency': 0.0}
2025-07-26 17:39:46 - AutoML.ComparativeEarlyStopping - INFO -   Final score: 0.000
2025-07-26 17:39:46 - AutoML.ComparativeEarlyStopping - INFO -   Decision: CONTINUE
2025-07-26 17:39:46 - AutoML.Trainer - INFO - Epoch 5/36 - Train Acc: 0.5439, Val Acc: 0.5498, Val Loss: 1.1771, Time: 30.5s
2025-07-26 17:40:15 - AutoML.ComparativeEarlyStopping - INFO - Early stopping evaluation for resnet18:
2025-07-26 17:40:15 - AutoML.ComparativeEarlyStopping - INFO -   Decision scores: {'statistical_significance': 0.0, 'performance_gap': 0.0, 'learning_trend': 0.0, 'resource_efficiency': 0.0}
2025-07-26 17:40:15 - AutoML.ComparativeEarlyStopping - INFO -   Final score: 0.000
2025-07-26 17:40:15 - AutoML.ComparativeEarlyStopping - INFO -   Decision: CONTINUE
2025-07-26 17:40:44 - AutoML.ComparativeEarlyStopping - INFO - Early stopping evaluation for resnet18:
2025-07-26 17:40:44 - AutoML.ComparativeEarlyStopping - INFO -   Decision scores: {'statistical_significance': 0.0, 'performance_gap': 0.0, 'learning_trend': 0.0, 'resource_efficiency': 0.0}
2025-07-26 17:40:44 - AutoML.ComparativeEarlyStopping - INFO -   Final score: 0.000
2025-07-26 17:40:44 - AutoML.ComparativeEarlyStopping - INFO -   Decision: CONTINUE
2025-07-26 17:41:13 - AutoML.ComparativeEarlyStopping - INFO - Early stopping evaluation for resnet18:
2025-07-26 17:41:13 - AutoML.ComparativeEarlyStopping - INFO -   Decision scores: {'statistical_significance': 0.0, 'performance_gap': 0.0, 'learning_trend': 0.0, 'resource_efficiency': 0.0}
2025-07-26 17:41:13 - AutoML.ComparativeEarlyStopping - INFO -   Final score: 0.000
2025-07-26 17:41:13 - AutoML.ComparativeEarlyStopping - INFO -   Decision: CONTINUE
2025-07-26 17:41:48 - AutoML.ComparativeEarlyStopping - INFO - Early stopping evaluation for resnet18:
2025-07-26 17:41:48 - AutoML.ComparativeEarlyStopping - INFO -   Decision scores: {'statistical_significance': 0.0, 'performance_gap': 0.0, 'learning_trend': 0.0, 'resource_efficiency': 0.0}
2025-07-26 17:41:48 - AutoML.ComparativeEarlyStopping - INFO -   Final score: 0.000
2025-07-26 17:41:48 - AutoML.ComparativeEarlyStopping - INFO -   Decision: CONTINUE
2025-07-26 17:42:19 - AutoML.ComparativeEarlyStopping - INFO - Early stopping evaluation for resnet18:
2025-07-26 17:42:19 - AutoML.ComparativeEarlyStopping - INFO -   Decision scores: {'statistical_significance': 0.0, 'performance_gap': 0.0, 'learning_trend': 0.0, 'resource_efficiency': 0.0}
2025-07-26 17:42:19 - AutoML.ComparativeEarlyStopping - INFO -   Final score: 0.000
2025-07-26 17:42:19 - AutoML.ComparativeEarlyStopping - INFO -   Decision: CONTINUE
2025-07-26 17:42:19 - AutoML.Trainer - INFO - Epoch 10/36 - Train Acc: 0.6391, Val Acc: 0.5888, Val Loss: 1.0923, Time: 30.6s
2025-07-26 17:42:49 - AutoML.ComparativeEarlyStopping - INFO - Early stopping evaluation for resnet18:
2025-07-26 17:42:49 - AutoML.ComparativeEarlyStopping - INFO -   Decision scores: {'statistical_significance': 0.0, 'performance_gap': 0.0, 'learning_trend': 0.0, 'resource_efficiency': 0.0}
2025-07-26 17:42:49 - AutoML.ComparativeEarlyStopping - INFO -   Final score: 0.000
2025-07-26 17:42:49 - AutoML.ComparativeEarlyStopping - INFO -   Decision: CONTINUE
2025-07-26 17:43:19 - AutoML.ComparativeEarlyStopping - INFO - Early stopping evaluation for resnet18:
2025-07-26 17:43:19 - AutoML.ComparativeEarlyStopping - INFO -   Decision scores: {'statistical_significance': 0.0, 'performance_gap': 0.0, 'learning_trend': 0.0, 'resource_efficiency': 0.0}
2025-07-26 17:43:19 - AutoML.ComparativeEarlyStopping - INFO -   Final score: 0.000
2025-07-26 17:43:19 - AutoML.ComparativeEarlyStopping - INFO -   Decision: CONTINUE
2025-07-26 17:43:48 - AutoML.ComparativeEarlyStopping - INFO - Early stopping evaluation for resnet18:
2025-07-26 17:43:48 - AutoML.ComparativeEarlyStopping - INFO -   Decision scores: {'statistical_significance': 0.0, 'performance_gap': 0.0, 'learning_trend': 0.0, 'resource_efficiency': 0.0}
2025-07-26 17:43:48 - AutoML.ComparativeEarlyStopping - INFO -   Final score: 0.000
2025-07-26 17:43:48 - AutoML.ComparativeEarlyStopping - INFO -   Decision: CONTINUE
2025-07-26 17:44:18 - AutoML.ComparativeEarlyStopping - INFO - Early stopping evaluation for resnet18:
2025-07-26 17:44:18 - AutoML.ComparativeEarlyStopping - INFO -   Decision scores: {'statistical_significance': 0.0, 'performance_gap': 0.0, 'learning_trend': 0.0, 'resource_efficiency': 0.0}
2025-07-26 17:44:18 - AutoML.ComparativeEarlyStopping - INFO -   Final score: 0.000
2025-07-26 17:44:18 - AutoML.ComparativeEarlyStopping - INFO -   Decision: CONTINUE
2025-07-26 17:44:47 - AutoML.ComparativeEarlyStopping - INFO - Early stopping evaluation for resnet18:
2025-07-26 17:44:47 - AutoML.ComparativeEarlyStopping - INFO -   Decision scores: {'statistical_significance': 0.0, 'performance_gap': 0.0, 'learning_trend': 0.0, 'resource_efficiency': 0.0}
2025-07-26 17:44:47 - AutoML.ComparativeEarlyStopping - INFO -   Final score: 0.000
2025-07-26 17:44:47 - AutoML.ComparativeEarlyStopping - INFO -   Decision: CONTINUE
2025-07-26 17:44:47 - AutoML.Trainer - INFO - Epoch 15/36 - Train Acc: 0.7179, Val Acc: 0.6158, Val Loss: 1.2342, Time: 28.9s
2025-07-26 17:45:16 - AutoML.ComparativeEarlyStopping - INFO - Early stopping evaluation for resnet18:
2025-07-26 17:45:16 - AutoML.ComparativeEarlyStopping - INFO -   Decision scores: {'statistical_significance': 0.0, 'performance_gap': 0.0, 'learning_trend': 0.0, 'resource_efficiency': 0.0}
2025-07-26 17:45:16 - AutoML.ComparativeEarlyStopping - INFO -   Final score: 0.000
2025-07-26 17:45:16 - AutoML.ComparativeEarlyStopping - INFO -   Decision: CONTINUE
2025-07-26 17:45:46 - AutoML.ComparativeEarlyStopping - INFO - Early stopping evaluation for resnet18:
2025-07-26 17:45:46 - AutoML.ComparativeEarlyStopping - INFO -   Decision scores: {'statistical_significance': 0.0, 'performance_gap': 0.0, 'learning_trend': 0.0, 'resource_efficiency': 0.0}
2025-07-26 17:45:46 - AutoML.ComparativeEarlyStopping - INFO -   Final score: 0.000
2025-07-26 17:45:46 - AutoML.ComparativeEarlyStopping - INFO -   Decision: CONTINUE
2025-07-26 17:46:16 - AutoML.ComparativeEarlyStopping - INFO - Early stopping evaluation for resnet18:
2025-07-26 17:46:16 - AutoML.ComparativeEarlyStopping - INFO -   Decision scores: {'statistical_significance': 0.0, 'performance_gap': 0.0, 'learning_trend': 0.0, 'resource_efficiency': 0.0}
2025-07-26 17:46:16 - AutoML.ComparativeEarlyStopping - INFO -   Final score: 0.000
2025-07-26 17:46:16 - AutoML.ComparativeEarlyStopping - INFO -   Decision: CONTINUE
2025-07-26 17:46:47 - AutoML.ComparativeEarlyStopping - INFO - Early stopping evaluation for resnet18:
2025-07-26 17:46:47 - AutoML.ComparativeEarlyStopping - INFO -   Decision scores: {'statistical_significance': 0.0, 'performance_gap': 0.0, 'learning_trend': 0.0, 'resource_efficiency': 0.0}
2025-07-26 17:46:47 - AutoML.ComparativeEarlyStopping - INFO -   Final score: 0.000
2025-07-26 17:46:47 - AutoML.ComparativeEarlyStopping - INFO -   Decision: CONTINUE
2025-07-26 17:47:20 - AutoML.ComparativeEarlyStopping - INFO - Early stopping evaluation for resnet18:
2025-07-26 17:47:20 - AutoML.ComparativeEarlyStopping - INFO -   Decision scores: {'statistical_significance': 0.0, 'performance_gap': 0.0, 'learning_trend': 0.0, 'resource_efficiency': 0.0}
2025-07-26 17:47:20 - AutoML.ComparativeEarlyStopping - INFO -   Final score: 0.000
2025-07-26 17:47:20 - AutoML.ComparativeEarlyStopping - INFO -   Decision: CONTINUE
2025-07-26 17:47:20 - AutoML.Trainer - INFO - Epoch 20/36 - Train Acc: 0.7956, Val Acc: 0.6200, Val Loss: 1.3959, Time: 32.8s
2025-07-26 17:47:59 - AutoML.ComparativeEarlyStopping - INFO - Early stopping evaluation for resnet18:
2025-07-26 17:47:59 - AutoML.ComparativeEarlyStopping - INFO -   Decision scores: {'statistical_significance': 0.0, 'performance_gap': 0.0, 'learning_trend': 0.0, 'resource_efficiency': 0.0}
2025-07-26 17:47:59 - AutoML.ComparativeEarlyStopping - INFO -   Final score: 0.000
2025-07-26 17:47:59 - AutoML.ComparativeEarlyStopping - INFO -   Decision: CONTINUE
2025-07-26 17:48:38 - AutoML.ComparativeEarlyStopping - INFO - Early stopping evaluation for resnet18:
2025-07-26 17:48:38 - AutoML.ComparativeEarlyStopping - INFO -   Decision scores: {'statistical_significance': 0.0, 'performance_gap': 0.0, 'learning_trend': 0.0, 'resource_efficiency': 0.0}
2025-07-26 17:48:38 - AutoML.ComparativeEarlyStopping - INFO -   Final score: 0.000
2025-07-26 17:48:38 - AutoML.ComparativeEarlyStopping - INFO -   Decision: CONTINUE
2025-07-26 17:49:16 - AutoML.ComparativeEarlyStopping - INFO - Early stopping evaluation for resnet18:
2025-07-26 17:49:16 - AutoML.ComparativeEarlyStopping - INFO -   Decision scores: {'statistical_significance': 0.0, 'performance_gap': 0.0, 'learning_trend': 0.0, 'resource_efficiency': 0.0}
2025-07-26 17:49:16 - AutoML.ComparativeEarlyStopping - INFO -   Final score: 0.000
2025-07-26 17:49:16 - AutoML.ComparativeEarlyStopping - INFO -   Decision: CONTINUE
2025-07-26 17:49:46 - AutoML.ComparativeEarlyStopping - INFO - Early stopping evaluation for resnet18:
2025-07-26 17:49:46 - AutoML.ComparativeEarlyStopping - INFO -   Decision scores: {'statistical_significance': 0.0, 'performance_gap': 0.0, 'learning_trend': 0.0, 'resource_efficiency': 0.0}
2025-07-26 17:49:46 - AutoML.ComparativeEarlyStopping - INFO -   Final score: 0.000
2025-07-26 17:49:46 - AutoML.ComparativeEarlyStopping - INFO -   Decision: CONTINUE
2025-07-26 17:50:14 - AutoML.ComparativeEarlyStopping - INFO - Early stopping evaluation for resnet18:
2025-07-26 17:50:14 - AutoML.ComparativeEarlyStopping - INFO -   Decision scores: {'statistical_significance': 0.0, 'performance_gap': 0.0, 'learning_trend': 0.0, 'resource_efficiency': 0.0}
2025-07-26 17:50:14 - AutoML.ComparativeEarlyStopping - INFO -   Final score: 0.000
2025-07-26 17:50:14 - AutoML.ComparativeEarlyStopping - INFO -   Decision: CONTINUE
2025-07-26 17:50:14 - AutoML.Trainer - INFO - Epoch 25/36 - Train Acc: 0.8526, Val Acc: 0.6310, Val Loss: 1.5809, Time: 27.9s
2025-07-26 17:50:42 - AutoML.ComparativeEarlyStopping - INFO - Early stopping evaluation for resnet18:
2025-07-26 17:50:42 - AutoML.ComparativeEarlyStopping - INFO -   Decision scores: {'statistical_significance': 0.0, 'performance_gap': 0.0, 'learning_trend': 0.0, 'resource_efficiency': 0.0}
2025-07-26 17:50:42 - AutoML.ComparativeEarlyStopping - INFO -   Final score: 0.000
2025-07-26 17:50:42 - AutoML.ComparativeEarlyStopping - INFO -   Decision: CONTINUE
2025-07-26 17:51:10 - AutoML.ComparativeEarlyStopping - INFO - Early stopping evaluation for resnet18:
2025-07-26 17:51:10 - AutoML.ComparativeEarlyStopping - INFO -   Decision scores: {'statistical_significance': 0.0, 'performance_gap': 0.0, 'learning_trend': 0.0, 'resource_efficiency': 0.0}
2025-07-26 17:51:10 - AutoML.ComparativeEarlyStopping - INFO -   Final score: 0.000
2025-07-26 17:51:10 - AutoML.ComparativeEarlyStopping - INFO -   Decision: CONTINUE
2025-07-26 17:51:38 - AutoML.ComparativeEarlyStopping - INFO - Early stopping evaluation for resnet18:
2025-07-26 17:51:38 - AutoML.ComparativeEarlyStopping - INFO -   Decision scores: {'statistical_significance': 0.0, 'performance_gap': 0.0, 'learning_trend': 0.0, 'resource_efficiency': 0.0}
2025-07-26 17:51:38 - AutoML.ComparativeEarlyStopping - INFO -   Final score: 0.000
2025-07-26 17:51:38 - AutoML.ComparativeEarlyStopping - INFO -   Decision: CONTINUE
2025-07-26 17:52:07 - AutoML.ComparativeEarlyStopping - INFO - Early stopping evaluation for resnet18:
2025-07-26 17:52:07 - AutoML.ComparativeEarlyStopping - INFO -   Decision scores: {'statistical_significance': 0.0, 'performance_gap': 0.0, 'learning_trend': 0.0, 'resource_efficiency': 0.0}
2025-07-26 17:52:07 - AutoML.ComparativeEarlyStopping - INFO -   Final score: 0.000
2025-07-26 17:52:07 - AutoML.ComparativeEarlyStopping - INFO -   Decision: CONTINUE
2025-07-26 17:52:35 - AutoML.ComparativeEarlyStopping - INFO - Early stopping evaluation for resnet18:
2025-07-26 17:52:35 - AutoML.ComparativeEarlyStopping - INFO -   Decision scores: {'statistical_significance': 0.0, 'performance_gap': 0.0, 'learning_trend': 0.0, 'resource_efficiency': 0.0}
2025-07-26 17:52:35 - AutoML.ComparativeEarlyStopping - INFO -   Final score: 0.000
2025-07-26 17:52:35 - AutoML.ComparativeEarlyStopping - INFO -   Decision: CONTINUE
2025-07-26 17:52:35 - AutoML.Trainer - INFO - Epoch 30/36 - Train Acc: 0.8853, Val Acc: 0.6315, Val Loss: 1.6922, Time: 28.0s
2025-07-26 17:53:03 - AutoML.ComparativeEarlyStopping - INFO - Early stopping evaluation for resnet18:
2025-07-26 17:53:03 - AutoML.ComparativeEarlyStopping - INFO -   Decision scores: {'statistical_significance': 0.0, 'performance_gap': 0.0, 'learning_trend': 0.0, 'resource_efficiency': 0.0}
2025-07-26 17:53:03 - AutoML.ComparativeEarlyStopping - INFO -   Final score: 0.000
2025-07-26 17:53:03 - AutoML.ComparativeEarlyStopping - INFO -   Decision: CONTINUE
2025-07-26 17:53:33 - AutoML.ComparativeEarlyStopping - INFO - Early stopping evaluation for resnet18:
2025-07-26 17:53:33 - AutoML.ComparativeEarlyStopping - INFO -   Decision scores: {'statistical_significance': 0.0, 'performance_gap': 0.0, 'learning_trend': 0.0, 'resource_efficiency': 0.0}
2025-07-26 17:53:33 - AutoML.ComparativeEarlyStopping - INFO -   Final score: 0.000
2025-07-26 17:53:33 - AutoML.ComparativeEarlyStopping - INFO -   Decision: CONTINUE
2025-07-26 17:54:03 - AutoML.ComparativeEarlyStopping - INFO - Early stopping evaluation for resnet18:
2025-07-26 17:54:03 - AutoML.ComparativeEarlyStopping - INFO -   Decision scores: {'statistical_significance': 0.0, 'performance_gap': 0.0, 'learning_trend': 0.0, 'resource_efficiency': 0.0}
2025-07-26 17:54:03 - AutoML.ComparativeEarlyStopping - INFO -   Final score: 0.000
2025-07-26 17:54:03 - AutoML.ComparativeEarlyStopping - INFO -   Decision: CONTINUE
2025-07-26 17:54:33 - AutoML.ComparativeEarlyStopping - INFO - Early stopping evaluation for resnet18:
2025-07-26 17:54:33 - AutoML.ComparativeEarlyStopping - INFO -   Decision scores: {'statistical_significance': 0.0, 'performance_gap': 0.0, 'learning_trend': 0.0, 'resource_efficiency': 0.0}
2025-07-26 17:54:33 - AutoML.ComparativeEarlyStopping - INFO -   Final score: 0.000
2025-07-26 17:54:33 - AutoML.ComparativeEarlyStopping - INFO -   Decision: CONTINUE
2025-07-26 17:55:02 - AutoML.ComparativeEarlyStopping - INFO - Early stopping evaluation for resnet18:
2025-07-26 17:55:02 - AutoML.ComparativeEarlyStopping - INFO -   Decision scores: {'statistical_significance': 0.0, 'performance_gap': 0.0, 'learning_trend': 0.0, 'resource_efficiency': 0.0}
2025-07-26 17:55:02 - AutoML.ComparativeEarlyStopping - INFO -   Final score: 0.000
2025-07-26 17:55:02 - AutoML.ComparativeEarlyStopping - INFO -   Decision: CONTINUE
2025-07-26 17:55:02 - AutoML.Trainer - INFO - Epoch 35/36 - Train Acc: 0.8977, Val Acc: 0.6301, Val Loss: 1.7147, Time: 29.5s
2025-07-26 17:55:31 - AutoML.ComparativeEarlyStopping - INFO - Early stopping evaluation for resnet18:
2025-07-26 17:55:31 - AutoML.ComparativeEarlyStopping - INFO -   Decision scores: {'statistical_significance': 0.0, 'performance_gap': 0.0, 'learning_trend': 0.0, 'resource_efficiency': 0.0}
2025-07-26 17:55:31 - AutoML.ComparativeEarlyStopping - INFO -   Final score: 0.000
2025-07-26 17:55:31 - AutoML.ComparativeEarlyStopping - INFO -   Decision: CONTINUE
2025-07-26 17:55:31 - AutoML.Trainer - INFO - Epoch 36/36 - Train Acc: 0.8956, Val Acc: 0.6297, Val Loss: 1.7320, Time: 28.9s
2025-07-26 17:55:31 - AutoML.Trainer - INFO - Training completed for resnet18
2025-07-26 17:55:31 - AutoML.Trainer - INFO - Best validation accuracy: 0.6355
2025-07-26 17:55:31 - AutoML.Trainer - INFO - Total training time: 1092.8s
2025-07-26 17:55:31 - AutoML.Trainer - INFO - Average epoch time: 30.4s
2025-07-26 17:55:31 - AutoML.Trainer - INFO - Evaluating hyperparameters for resnet18: {'learning_rate': 0.0028708753481954683, 'optimizer': 'sgd', 'weight_decay': 2.2264204303769678e-05, 'batch_size': 32, 'dropout_rate': 0.1554911608578311, 'pretrained': True, 'lr_scheduler': 'step', 'max_epochs': 38, 'momentum': 0.8708322387742924}
2025-07-26 17:55:31 - AutoML.ModelFactory - INFO - Creating resnet18 (pretrained=True, dropout=0.1554911608578311)
2025-07-26 17:55:31 - AutoML - INFO -  Starting: resnet18 creation
2025-07-26 17:55:32 - AutoML.ModelFactory - INFO - resnet18 created successfully:
2025-07-26 17:55:32 - AutoML.ModelFactory - INFO -   Parameters: 11,173,831
2025-07-26 17:55:32 - AutoML.ModelFactory - INFO -   Trainable: 11,173,831
2025-07-26 17:55:32 - AutoML.ModelFactory - INFO -   Model size: 42.62 MB
2025-07-26 17:55:32 - AutoML - INFO -  resnet18 creation completed in 0.32 seconds
2025-07-26 17:55:42 - AutoML.Trainer - INFO - Class distribution: {5: 66, 3: 172, 4: 107, 2: 95, 6: 108, 0: 80, 1: 12}
2025-07-26 17:55:42 - AutoML.Trainer - INFO - Class weights: [1.1428571428571428, 7.619047619047619, 0.9624060150375939, 0.53156146179402, 0.8544726301735648, 1.3852813852813852, 0.8465608465608465]
2025-07-26 17:58:10 - AutoML.ComparativeEarlyStopping - INFO - Early stopping evaluation for resnet18:
2025-07-26 17:58:10 - AutoML.ComparativeEarlyStopping - INFO -   Decision scores: {'statistical_significance': 0.0, 'performance_gap': 0.0, 'learning_trend': 0.0, 'resource_efficiency': 0.0}
2025-07-26 17:58:10 - AutoML.ComparativeEarlyStopping - INFO -   Final score: 0.000
2025-07-26 17:58:10 - AutoML.ComparativeEarlyStopping - INFO -   Decision: CONTINUE
2025-07-26 17:58:10 - AutoML.Trainer - INFO - Epoch 5/38 - Train Acc: 0.3481, Val Acc: 0.3629, Val Loss: 1.6186, Time: 30.7s
2025-07-26 17:58:40 - AutoML.ComparativeEarlyStopping - INFO - Early stopping evaluation for resnet18:
2025-07-26 17:58:40 - AutoML.ComparativeEarlyStopping - INFO -   Decision scores: {'statistical_significance': 0.0, 'performance_gap': 0.0, 'learning_trend': 0.0, 'resource_efficiency': 0.0}
2025-07-26 17:58:40 - AutoML.ComparativeEarlyStopping - INFO -   Final score: 0.000
2025-07-26 17:58:40 - AutoML.ComparativeEarlyStopping - INFO -   Decision: CONTINUE
2025-07-26 17:59:10 - AutoML.ComparativeEarlyStopping - INFO - Early stopping evaluation for resnet18:
2025-07-26 17:59:10 - AutoML.ComparativeEarlyStopping - INFO -   Decision scores: {'statistical_significance': 0.0, 'performance_gap': 0.0, 'learning_trend': 0.0, 'resource_efficiency': 0.0}
2025-07-26 17:59:10 - AutoML.ComparativeEarlyStopping - INFO -   Final score: 0.000
2025-07-26 17:59:10 - AutoML.ComparativeEarlyStopping - INFO -   Decision: CONTINUE
2025-07-26 17:59:40 - AutoML.ComparativeEarlyStopping - INFO - Early stopping evaluation for resnet18:
2025-07-26 17:59:40 - AutoML.ComparativeEarlyStopping - INFO -   Decision scores: {'statistical_significance': 0.0, 'performance_gap': 0.0, 'learning_trend': 0.0, 'resource_efficiency': 0.0}
2025-07-26 17:59:40 - AutoML.ComparativeEarlyStopping - INFO -   Final score: 0.000
2025-07-26 17:59:40 - AutoML.ComparativeEarlyStopping - INFO -   Decision: CONTINUE
2025-07-26 18:00:08 - AutoML.ComparativeEarlyStopping - INFO - Early stopping evaluation for resnet18:
2025-07-26 18:00:08 - AutoML.ComparativeEarlyStopping - INFO -   Decision scores: {'statistical_significance': 0.0, 'performance_gap': 0.0, 'learning_trend': 0.0, 'resource_efficiency': 0.0}
2025-07-26 18:00:08 - AutoML.ComparativeEarlyStopping - INFO -   Final score: 0.000
2025-07-26 18:00:08 - AutoML.ComparativeEarlyStopping - INFO -   Decision: CONTINUE
2025-07-26 18:00:36 - AutoML.ComparativeEarlyStopping - INFO - Early stopping evaluation for resnet18:
2025-07-26 18:00:36 - AutoML.ComparativeEarlyStopping - INFO -   Decision scores: {'statistical_significance': 0.0, 'performance_gap': 0.0, 'learning_trend': 0.0, 'resource_efficiency': 0.0}
2025-07-26 18:00:36 - AutoML.ComparativeEarlyStopping - INFO -   Final score: 0.000
2025-07-26 18:00:36 - AutoML.ComparativeEarlyStopping - INFO -   Decision: CONTINUE
2025-07-26 18:00:36 - AutoML.Trainer - INFO - Epoch 10/38 - Train Acc: 0.4100, Val Acc: 0.4239, Val Loss: 1.4879, Time: 28.4s
2025-07-26 18:01:05 - AutoML.ComparativeEarlyStopping - INFO - Early stopping evaluation for resnet18:
2025-07-26 18:01:05 - AutoML.ComparativeEarlyStopping - INFO -   Decision scores: {'statistical_significance': 0.0, 'performance_gap': 0.0, 'learning_trend': 0.0, 'resource_efficiency': 0.0}
2025-07-26 18:01:05 - AutoML.ComparativeEarlyStopping - INFO -   Final score: 0.000
2025-07-26 18:01:05 - AutoML.ComparativeEarlyStopping - INFO -   Decision: CONTINUE
2025-07-26 18:01:35 - AutoML.ComparativeEarlyStopping - INFO - Early stopping evaluation for resnet18:
2025-07-26 18:01:35 - AutoML.ComparativeEarlyStopping - INFO -   Decision scores: {'statistical_significance': 0.0, 'performance_gap': 0.0, 'learning_trend': 0.0, 'resource_efficiency': 0.0}
2025-07-26 18:01:35 - AutoML.ComparativeEarlyStopping - INFO -   Final score: 0.000
2025-07-26 18:01:35 - AutoML.ComparativeEarlyStopping - INFO -   Decision: CONTINUE
2025-07-26 18:02:04 - AutoML.ComparativeEarlyStopping - INFO - Early stopping evaluation for resnet18:
2025-07-26 18:02:04 - AutoML.ComparativeEarlyStopping - INFO -   Decision scores: {'statistical_significance': 0.0, 'performance_gap': 0.0, 'learning_trend': 0.0, 'resource_efficiency': 0.0}
2025-07-26 18:02:04 - AutoML.ComparativeEarlyStopping - INFO -   Final score: 0.000
2025-07-26 18:02:04 - AutoML.ComparativeEarlyStopping - INFO -   Decision: CONTINUE
2025-07-26 18:02:33 - AutoML.ComparativeEarlyStopping - INFO - Early stopping evaluation for resnet18:
2025-07-26 18:02:33 - AutoML.ComparativeEarlyStopping - INFO -   Decision scores: {'statistical_significance': 0.0, 'performance_gap': 0.0, 'learning_trend': 0.0, 'resource_efficiency': 0.0}
2025-07-26 18:02:33 - AutoML.ComparativeEarlyStopping - INFO -   Final score: 0.000
2025-07-26 18:02:33 - AutoML.ComparativeEarlyStopping - INFO -   Decision: CONTINUE
2025-07-26 18:03:02 - AutoML.ComparativeEarlyStopping - INFO - Early stopping evaluation for resnet18:
2025-07-26 18:03:02 - AutoML.ComparativeEarlyStopping - INFO -   Decision scores: {'statistical_significance': 0.0, 'performance_gap': 0.0, 'learning_trend': 0.0, 'resource_efficiency': 0.0}
2025-07-26 18:03:02 - AutoML.ComparativeEarlyStopping - INFO -   Final score: 0.000
2025-07-26 18:03:02 - AutoML.ComparativeEarlyStopping - INFO -   Decision: CONTINUE
2025-07-26 18:03:02 - AutoML.Trainer - INFO - Epoch 15/38 - Train Acc: 0.4273, Val Acc: 0.4345, Val Loss: 1.4588, Time: 29.2s
2025-07-26 18:03:31 - AutoML.ComparativeEarlyStopping - INFO - Early stopping evaluation for resnet18:
2025-07-26 18:03:31 - AutoML.ComparativeEarlyStopping - INFO -   Decision scores: {'statistical_significance': 0.0, 'performance_gap': 0.0, 'learning_trend': 0.0, 'resource_efficiency': 0.0}
2025-07-26 18:03:31 - AutoML.ComparativeEarlyStopping - INFO -   Final score: 0.000
2025-07-26 18:03:31 - AutoML.ComparativeEarlyStopping - INFO -   Decision: CONTINUE
2025-07-26 18:03:59 - AutoML.ComparativeEarlyStopping - INFO - Early stopping evaluation for resnet18:
2025-07-26 18:03:59 - AutoML.ComparativeEarlyStopping - INFO -   Decision scores: {'statistical_significance': 0.0, 'performance_gap': 0.0, 'learning_trend': 0.0, 'resource_efficiency': 0.0}
2025-07-26 18:03:59 - AutoML.ComparativeEarlyStopping - INFO -   Final score: 0.000
2025-07-26 18:03:59 - AutoML.ComparativeEarlyStopping - INFO -   Decision: CONTINUE
2025-07-26 18:04:29 - AutoML.ComparativeEarlyStopping - INFO - Early stopping evaluation for resnet18:
2025-07-26 18:04:29 - AutoML.ComparativeEarlyStopping - INFO -   Decision scores: {'statistical_significance': 0.0, 'performance_gap': 0.0, 'learning_trend': 0.0, 'resource_efficiency': 0.0}
2025-07-26 18:04:29 - AutoML.ComparativeEarlyStopping - INFO -   Final score: 0.000
2025-07-26 18:04:29 - AutoML.ComparativeEarlyStopping - INFO -   Decision: CONTINUE
2025-07-26 18:04:57 - AutoML.ComparativeEarlyStopping - INFO - Early stopping evaluation for resnet18:
2025-07-26 18:04:57 - AutoML.ComparativeEarlyStopping - INFO -   Decision scores: {'statistical_significance': 0.0, 'performance_gap': 0.0, 'learning_trend': 0.0, 'resource_efficiency': 0.0}
2025-07-26 18:04:57 - AutoML.ComparativeEarlyStopping - INFO -   Final score: 0.000
2025-07-26 18:04:57 - AutoML.ComparativeEarlyStopping - INFO -   Decision: CONTINUE
2025-07-26 18:05:26 - AutoML.ComparativeEarlyStopping - INFO - Early stopping evaluation for resnet18:
2025-07-26 18:05:26 - AutoML.ComparativeEarlyStopping - INFO -   Decision scores: {'statistical_significance': 0.0, 'performance_gap': 0.0, 'learning_trend': 0.0, 'resource_efficiency': 0.0}
2025-07-26 18:05:26 - AutoML.ComparativeEarlyStopping - INFO -   Final score: 0.000
2025-07-26 18:05:26 - AutoML.ComparativeEarlyStopping - INFO -   Decision: CONTINUE
2025-07-26 18:05:26 - AutoML.Trainer - INFO - Epoch 20/38 - Train Acc: 0.4368, Val Acc: 0.4420, Val Loss: 1.4461, Time: 28.5s
2025-07-26 18:05:55 - AutoML.ComparativeEarlyStopping - INFO - Early stopping evaluation for resnet18:
2025-07-26 18:05:55 - AutoML.ComparativeEarlyStopping - INFO -   Decision scores: {'statistical_significance': 0.0, 'performance_gap': 0.0, 'learning_trend': 0.0, 'resource_efficiency': 0.0}
2025-07-26 18:05:55 - AutoML.ComparativeEarlyStopping - INFO -   Final score: 0.000
2025-07-26 18:05:55 - AutoML.ComparativeEarlyStopping - INFO -   Decision: CONTINUE
2025-07-26 18:06:25 - AutoML.ComparativeEarlyStopping - INFO - Early stopping evaluation for resnet18:
2025-07-26 18:06:25 - AutoML.ComparativeEarlyStopping - INFO -   Decision scores: {'statistical_significance': 0.0, 'performance_gap': 0.0, 'learning_trend': 0.0, 'resource_efficiency': 0.0}
2025-07-26 18:06:25 - AutoML.ComparativeEarlyStopping - INFO -   Final score: 0.000
2025-07-26 18:06:25 - AutoML.ComparativeEarlyStopping - INFO -   Decision: CONTINUE
2025-07-26 18:06:54 - AutoML.ComparativeEarlyStopping - INFO - Early stopping evaluation for resnet18:
2025-07-26 18:06:54 - AutoML.ComparativeEarlyStopping - INFO -   Decision scores: {'statistical_significance': 0.0, 'performance_gap': 0.0, 'learning_trend': 0.5, 'resource_efficiency': 0.0}
2025-07-26 18:06:54 - AutoML.ComparativeEarlyStopping - INFO -   Final score: 0.125
2025-07-26 18:06:54 - AutoML.ComparativeEarlyStopping - INFO -   Decision: CONTINUE
2025-07-26 18:07:23 - AutoML.ComparativeEarlyStopping - INFO - Early stopping evaluation for resnet18:
2025-07-26 18:07:23 - AutoML.ComparativeEarlyStopping - INFO -   Decision scores: {'statistical_significance': 0.0, 'performance_gap': 0.0, 'learning_trend': 0.5, 'resource_efficiency': 0.0}
2025-07-26 18:07:23 - AutoML.ComparativeEarlyStopping - INFO -   Final score: 0.125
2025-07-26 18:07:23 - AutoML.ComparativeEarlyStopping - INFO -   Decision: CONTINUE
2025-07-26 18:07:53 - AutoML.ComparativeEarlyStopping - INFO - Early stopping evaluation for resnet18:
2025-07-26 18:07:53 - AutoML.ComparativeEarlyStopping - INFO -   Decision scores: {'statistical_significance': 0.0, 'performance_gap': 0.0, 'learning_trend': 0.5, 'resource_efficiency': 0.0}
2025-07-26 18:07:53 - AutoML.ComparativeEarlyStopping - INFO -   Final score: 0.125
2025-07-26 18:07:53 - AutoML.ComparativeEarlyStopping - INFO -   Decision: CONTINUE
2025-07-26 18:07:53 - AutoML.Trainer - INFO - Epoch 25/38 - Train Acc: 0.4345, Val Acc: 0.4397, Val Loss: 1.4447, Time: 29.4s
2025-07-26 18:08:21 - AutoML.ComparativeEarlyStopping - INFO - Early stopping evaluation for resnet18:
2025-07-26 18:08:21 - AutoML.ComparativeEarlyStopping - INFO -   Decision scores: {'statistical_significance': 0.0, 'performance_gap': 0.0, 'learning_trend': 0.5, 'resource_efficiency': 0.0}
2025-07-26 18:08:21 - AutoML.ComparativeEarlyStopping - INFO -   Final score: 0.125
2025-07-26 18:08:21 - AutoML.ComparativeEarlyStopping - INFO -   Decision: CONTINUE
2025-07-26 18:08:50 - AutoML.ComparativeEarlyStopping - INFO - Early stopping evaluation for resnet18:
2025-07-26 18:08:50 - AutoML.ComparativeEarlyStopping - INFO -   Decision scores: {'statistical_significance': 0.0, 'performance_gap': 0.0, 'learning_trend': 0.5, 'resource_efficiency': 0.0}
2025-07-26 18:08:50 - AutoML.ComparativeEarlyStopping - INFO -   Final score: 0.125
2025-07-26 18:08:50 - AutoML.ComparativeEarlyStopping - INFO -   Decision: CONTINUE
2025-07-26 18:09:20 - AutoML.ComparativeEarlyStopping - INFO - Early stopping evaluation for resnet18:
2025-07-26 18:09:20 - AutoML.ComparativeEarlyStopping - INFO -   Decision scores: {'statistical_significance': 0.0, 'performance_gap': 0.0, 'learning_trend': 0.0, 'resource_efficiency': 0.0}
2025-07-26 18:09:20 - AutoML.ComparativeEarlyStopping - INFO -   Final score: 0.000
2025-07-26 18:09:20 - AutoML.ComparativeEarlyStopping - INFO -   Decision: CONTINUE
2025-07-26 18:09:49 - AutoML.ComparativeEarlyStopping - INFO - Early stopping evaluation for resnet18:
2025-07-26 18:09:49 - AutoML.ComparativeEarlyStopping - INFO -   Decision scores: {'statistical_significance': 0.0, 'performance_gap': 0.0, 'learning_trend': 0.0, 'resource_efficiency': 0.0}
2025-07-26 18:09:49 - AutoML.ComparativeEarlyStopping - INFO -   Final score: 0.000
2025-07-26 18:09:49 - AutoML.ComparativeEarlyStopping - INFO -   Decision: CONTINUE
2025-07-26 18:10:18 - AutoML.ComparativeEarlyStopping - INFO - Early stopping evaluation for resnet18:
2025-07-26 18:10:18 - AutoML.ComparativeEarlyStopping - INFO -   Decision scores: {'statistical_significance': 0.0, 'performance_gap': 0.0, 'learning_trend': 0.0, 'resource_efficiency': 0.0}
2025-07-26 18:10:18 - AutoML.ComparativeEarlyStopping - INFO -   Final score: 0.000
2025-07-26 18:10:18 - AutoML.ComparativeEarlyStopping - INFO -   Decision: CONTINUE
2025-07-26 18:10:18 - AutoML.Trainer - INFO - Epoch 30/38 - Train Acc: 0.4339, Val Acc: 0.4342, Val Loss: 1.4457, Time: 29.1s
2025-07-26 18:10:47 - AutoML.ComparativeEarlyStopping - INFO - Early stopping evaluation for resnet18:
2025-07-26 18:10:47 - AutoML.ComparativeEarlyStopping - INFO -   Decision scores: {'statistical_significance': 0.0, 'performance_gap': 0.0, 'learning_trend': 0.0, 'resource_efficiency': 0.0}
2025-07-26 18:10:47 - AutoML.ComparativeEarlyStopping - INFO -   Final score: 0.000
2025-07-26 18:10:47 - AutoML.ComparativeEarlyStopping - INFO -   Decision: CONTINUE
2025-07-26 18:11:17 - AutoML.ComparativeEarlyStopping - INFO - Early stopping evaluation for resnet18:
2025-07-26 18:11:17 - AutoML.ComparativeEarlyStopping - INFO -   Decision scores: {'statistical_significance': 0.0, 'performance_gap': 0.0, 'learning_trend': 0.0, 'resource_efficiency': 0.0}
2025-07-26 18:11:17 - AutoML.ComparativeEarlyStopping - INFO -   Final score: 0.000
2025-07-26 18:11:17 - AutoML.ComparativeEarlyStopping - INFO -   Decision: CONTINUE
2025-07-26 18:11:46 - AutoML.ComparativeEarlyStopping - INFO - Early stopping evaluation for resnet18:
2025-07-26 18:11:46 - AutoML.ComparativeEarlyStopping - INFO -   Decision scores: {'statistical_significance': 0.0, 'performance_gap': 0.0, 'learning_trend': 0.0, 'resource_efficiency': 0.0}
2025-07-26 18:11:46 - AutoML.ComparativeEarlyStopping - INFO -   Final score: 0.000
2025-07-26 18:11:46 - AutoML.ComparativeEarlyStopping - INFO -   Decision: CONTINUE
2025-07-26 18:12:16 - AutoML.ComparativeEarlyStopping - INFO - Early stopping evaluation for resnet18:
2025-07-26 18:12:16 - AutoML.ComparativeEarlyStopping - INFO -   Decision scores: {'statistical_significance': 0.0, 'performance_gap': 0.0, 'learning_trend': 0.3, 'resource_efficiency': 0.0}
2025-07-26 18:12:16 - AutoML.ComparativeEarlyStopping - INFO -   Final score: 0.075
2025-07-26 18:12:16 - AutoML.ComparativeEarlyStopping - INFO -   Decision: CONTINUE
2025-07-26 18:12:45 - AutoML.ComparativeEarlyStopping - INFO - Early stopping evaluation for resnet18:
2025-07-26 18:12:45 - AutoML.ComparativeEarlyStopping - INFO -   Decision scores: {'statistical_significance': 0.0, 'performance_gap': 0.0, 'learning_trend': 0.3, 'resource_efficiency': 0.0}
2025-07-26 18:12:45 - AutoML.ComparativeEarlyStopping - INFO -   Final score: 0.075
2025-07-26 18:12:45 - AutoML.ComparativeEarlyStopping - INFO -   Decision: CONTINUE
2025-07-26 18:12:45 - AutoML.Trainer - INFO - Epoch 35/38 - Train Acc: 0.4375, Val Acc: 0.4370, Val Loss: 1.4458, Time: 29.5s
2025-07-26 18:13:15 - AutoML.ComparativeEarlyStopping - INFO - Early stopping evaluation for resnet18:
2025-07-26 18:13:15 - AutoML.ComparativeEarlyStopping - INFO -   Decision scores: {'statistical_significance': 0.0, 'performance_gap': 0.0, 'learning_trend': 0.5, 'resource_efficiency': 0.0}
2025-07-26 18:13:15 - AutoML.ComparativeEarlyStopping - INFO -   Final score: 0.125
2025-07-26 18:13:15 - AutoML.ComparativeEarlyStopping - INFO -   Decision: CONTINUE
2025-07-26 18:13:45 - AutoML.ComparativeEarlyStopping - INFO - Early stopping evaluation for resnet18:
2025-07-26 18:13:45 - AutoML.ComparativeEarlyStopping - INFO -   Decision scores: {'statistical_significance': 0.0, 'performance_gap': 0.0, 'learning_trend': 0.5, 'resource_efficiency': 0.0}
2025-07-26 18:13:45 - AutoML.ComparativeEarlyStopping - INFO -   Final score: 0.125
2025-07-26 18:13:45 - AutoML.ComparativeEarlyStopping - INFO -   Decision: CONTINUE
2025-07-26 18:14:14 - AutoML.ComparativeEarlyStopping - INFO - Early stopping evaluation for resnet18:
2025-07-26 18:14:14 - AutoML.ComparativeEarlyStopping - INFO -   Decision scores: {'statistical_significance': 0.0, 'performance_gap': 0.0, 'learning_trend': 0.5, 'resource_efficiency': 0.0}
2025-07-26 18:14:14 - AutoML.ComparativeEarlyStopping - INFO -   Final score: 0.125
2025-07-26 18:14:14 - AutoML.ComparativeEarlyStopping - INFO -   Decision: CONTINUE
2025-07-26 18:14:14 - AutoML.Trainer - INFO - Epoch 38/38 - Train Acc: 0.4352, Val Acc: 0.4371, Val Loss: 1.4436, Time: 29.5s
2025-07-26 18:14:14 - AutoML.Trainer - INFO - Training completed for resnet18
2025-07-26 18:14:14 - AutoML.Trainer - INFO - Best validation accuracy: 0.4420
2025-07-26 18:14:14 - AutoML.Trainer - INFO - Total training time: 1112.1s
2025-07-26 18:14:14 - AutoML.Trainer - INFO - Average epoch time: 29.3s
2025-07-26 18:14:14 - AutoML.MetaHPOSelector - INFO -  HPO completed for resnet18 in 5373.4s
2025-07-26 18:14:14 - AutoML.MetaHPOSelector - INFO -    Best score: 0.6367 (6 trials)
2025-07-26 18:14:14 - AutoML.Pipeline - INFO - HPO completed for resnet18:
2025-07-26 18:14:14 - AutoML.Pipeline - INFO -   Best score: 0.6367
2025-07-26 18:14:14 - AutoML.Pipeline - INFO -   Best params: {'learning_rate': 0.0021137059440645744, 'optimizer': 'adam', 'weight_decay': 3.585612610345396e-05, 'batch_size': 32, 'dropout_rate': 0.29894998940554257, 'pretrained': True, 'lr_scheduler': 'cosine', 'max_epochs': 16, 'momentum': 0.8487995496144897}
2025-07-26 18:14:14 - AutoML.Pipeline - INFO -   Method used: bayesian_optimization
2025-07-26 18:14:14 - AutoML.Pipeline - INFO -   Trials completed: 6
2025-07-26 18:14:14 - AutoML.ComparativeEarlyStopping - INFO - Early stopping evaluation for resnet18:
2025-07-26 18:14:14 - AutoML.ComparativeEarlyStopping - INFO -   Decision scores: {'statistical_significance': 0.0, 'performance_gap': 0.0, 'learning_trend': 0.5, 'resource_efficiency': 0.0}
2025-07-26 18:14:14 - AutoML.ComparativeEarlyStopping - INFO -   Final score: 0.125
2025-07-26 18:14:14 - AutoML.ComparativeEarlyStopping - INFO -   Decision: CONTINUE
2025-07-26 18:14:14 - AutoML.Pipeline - INFO - Processing architecture: efficientnet_b0
2025-07-26 18:14:14 - AutoML.BudgetManager - INFO - Started training efficientnet_b0 with 4.20h budget
2025-07-26 18:14:14 - AutoML.Pipeline - INFO - Starting HPO for efficientnet_b0
2025-07-26 18:14:14 - AutoML.MetaHPOSelector - INFO - Selecting HPO method for efficientnet_b0
2025-07-26 18:14:14 - AutoML.MetaHPOSelector - INFO -   Dataset complexity: 5.0
2025-07-26 18:14:14 - AutoML.MetaHPOSelector - INFO -   Available time: 15.3 hours
2025-07-26 18:14:14 - AutoML.MetaHPOSelector - INFO -   Search space size: 100000
2025-07-26 18:14:14 - AutoML.MetaHPOSelector - INFO - Trial budget for efficientnet_b0: 8 trials
2025-07-26 18:14:14 - AutoML.MetaHPOSelector - INFO -   Arch complexity: 3.5, Dataset complexity: 5.0
2025-07-26 18:14:14 - AutoML.MetaHPOSelector - INFO -   Available time: 15.3h
2025-07-26 18:14:14 - AutoML.MetaHPOSelector - INFO - Selected bayesian_optimization for efficientnet_b0
2025-07-26 18:14:14 - AutoML.MetaHPOSelector - INFO -   Trials: 8
2025-07-26 18:14:14 - AutoML.MetaHPOSelector - INFO -   Timeout: 33060s
2025-07-26 18:14:14 - AutoML.MetaHPOSelector - INFO -  Starting HPO for efficientnet_b0 with 8 trials
2025-07-26 18:14:14 - AutoML.HPO.bayesian_optimization - INFO - Starting Bayesian Optimization for efficientnet_b0
2025-07-26 18:14:14 - AutoML.Trainer - INFO - Evaluating hyperparameters for efficientnet_b0: {'learning_rate': 0.0005611516415334506, 'optimizer': 'rmsprop', 'weight_decay': 2.05133826308745e-06, 'batch_size': 128, 'dropout_rate': 0.3124217733388137, 'pretrained': True, 'lr_scheduler': 'step', 'max_epochs': 20}
2025-07-26 18:14:14 - AutoML.ModelFactory - INFO - Creating efficientnet_b0 (pretrained=True, dropout=0.3124217733388137)
2025-07-26 18:14:14 - AutoML - INFO -  Starting: efficientnet_b0 creation
2025-07-26 18:14:14 - AutoML.ModelFactory - INFO - efficientnet_b0 created successfully:
2025-07-26 18:14:14 - AutoML.ModelFactory - INFO -   Parameters: 4,015,939
2025-07-26 18:14:14 - AutoML.ModelFactory - INFO -   Trainable: 4,015,939
2025-07-26 18:14:14 - AutoML.ModelFactory - INFO -   Model size: 15.32 MB
2025-07-26 18:14:14 - AutoML - INFO -  efficientnet_b0 creation completed in 0.30 seconds
2025-07-26 18:14:25 - AutoML.Trainer - INFO - Class distribution: {3: 154, 5: 65, 0: 85, 6: 117, 2: 105, 4: 102, 1: 12}
2025-07-26 18:14:25 - AutoML.Trainer - INFO - Class weights: [1.0756302521008403, 7.619047619047619, 0.8707482993197279, 0.5936920222634509, 0.896358543417367, 1.4065934065934067, 0.7814407814407814]
2025-07-26 18:17:22 - AutoML.Trainer - INFO - Epoch 5/20 - Train Acc: 0.5173, Val Acc: 0.5247, Val Loss: 1.2617, Time: 39.6s
2025-07-26 18:20:21 - AutoML.Trainer - INFO - Epoch 10/20 - Train Acc: 0.6497, Val Acc: 0.5954, Val Loss: 1.1635, Time: 34.6s
2025-07-26 18:23:14 - AutoML.ComparativeEarlyStopping - INFO - Early stopping evaluation for efficientnet_b0:
2025-07-26 18:23:14 - AutoML.ComparativeEarlyStopping - INFO -   Decision scores: {'statistical_significance': 0.0, 'performance_gap': 0.0, 'learning_trend': 0.2, 'resource_efficiency': 0.0}
2025-07-26 18:23:14 - AutoML.ComparativeEarlyStopping - INFO -   Final score: 0.050
2025-07-26 18:23:14 - AutoML.ComparativeEarlyStopping - INFO -   Decision: CONTINUE
2025-07-26 18:23:14 - AutoML.Trainer - INFO - Epoch 15/20 - Train Acc: 0.7574, Val Acc: 0.6233, Val Loss: 1.1850, Time: 34.4s
2025-07-26 18:23:49 - AutoML.ComparativeEarlyStopping - INFO - Early stopping evaluation for efficientnet_b0:
2025-07-26 18:23:49 - AutoML.ComparativeEarlyStopping - INFO -   Decision scores: {'statistical_significance': 0.0, 'performance_gap': 0.0, 'learning_trend': 0.2, 'resource_efficiency': 0.0}
2025-07-26 18:23:49 - AutoML.ComparativeEarlyStopping - INFO -   Final score: 0.050
2025-07-26 18:23:49 - AutoML.ComparativeEarlyStopping - INFO -   Decision: CONTINUE
2025-07-26 18:24:26 - AutoML.ComparativeEarlyStopping - INFO - Early stopping evaluation for efficientnet_b0:
2025-07-26 18:24:26 - AutoML.ComparativeEarlyStopping - INFO -   Decision scores: {'statistical_significance': 0.0, 'performance_gap': 0.0, 'learning_trend': 0.2, 'resource_efficiency': 0.0}
2025-07-26 18:24:26 - AutoML.ComparativeEarlyStopping - INFO -   Final score: 0.050
2025-07-26 18:24:26 - AutoML.ComparativeEarlyStopping - INFO -   Decision: CONTINUE
2025-07-26 18:25:01 - AutoML.ComparativeEarlyStopping - INFO - Early stopping evaluation for efficientnet_b0:
2025-07-26 18:25:01 - AutoML.ComparativeEarlyStopping - INFO -   Decision scores: {'statistical_significance': 0.0, 'performance_gap': 0.0, 'learning_trend': 0.2, 'resource_efficiency': 0.0}
2025-07-26 18:25:01 - AutoML.ComparativeEarlyStopping - INFO -   Final score: 0.050
2025-07-26 18:25:01 - AutoML.ComparativeEarlyStopping - INFO -   Decision: CONTINUE
2025-07-26 18:25:37 - AutoML.ComparativeEarlyStopping - INFO - Early stopping evaluation for efficientnet_b0:
2025-07-26 18:25:37 - AutoML.ComparativeEarlyStopping - INFO -   Decision scores: {'statistical_significance': 0.0, 'performance_gap': 0.0, 'learning_trend': 0.2, 'resource_efficiency': 0.0}
2025-07-26 18:25:37 - AutoML.ComparativeEarlyStopping - INFO -   Final score: 0.050
2025-07-26 18:25:37 - AutoML.ComparativeEarlyStopping - INFO -   Decision: CONTINUE
2025-07-26 18:26:13 - AutoML.ComparativeEarlyStopping - INFO - Early stopping evaluation for efficientnet_b0:
2025-07-26 18:26:13 - AutoML.ComparativeEarlyStopping - INFO -   Decision scores: {'statistical_significance': 0.0, 'performance_gap': 0.0, 'learning_trend': 0.2, 'resource_efficiency': 0.0}
2025-07-26 18:26:13 - AutoML.ComparativeEarlyStopping - INFO -   Final score: 0.050
2025-07-26 18:26:13 - AutoML.ComparativeEarlyStopping - INFO -   Decision: CONTINUE
2025-07-26 18:26:13 - AutoML.Trainer - INFO - Epoch 20/20 - Train Acc: 0.7956, Val Acc: 0.6259, Val Loss: 1.3382, Time: 36.2s
2025-07-26 18:26:13 - AutoML.Trainer - INFO - Training completed for efficientnet_b0
2025-07-26 18:26:13 - AutoML.Trainer - INFO - Best validation accuracy: 0.6296
2025-07-26 18:26:13 - AutoML.Trainer - INFO - Total training time: 708.2s
2025-07-26 18:26:13 - AutoML.Trainer - INFO - Average epoch time: 35.4s
2025-07-26 18:26:13 - AutoML.Trainer - INFO - Evaluating hyperparameters for efficientnet_b0: {'learning_rate': 0.0002310201887845295, 'optimizer': 'adam', 'weight_decay': 7.30953983591291e-06, 'batch_size': 64, 'dropout_rate': 0.20990855298810754, 'pretrained': True, 'lr_scheduler': 'step', 'max_epochs': 28}
2025-07-26 18:26:13 - AutoML.ModelFactory - INFO - Creating efficientnet_b0 (pretrained=True, dropout=0.20990855298810754)
2025-07-26 18:26:13 - AutoML - INFO -  Starting: efficientnet_b0 creation
2025-07-26 18:26:14 - AutoML.ModelFactory - INFO - efficientnet_b0 created successfully:
2025-07-26 18:26:14 - AutoML.ModelFactory - INFO -   Parameters: 4,015,939
2025-07-26 18:26:14 - AutoML.ModelFactory - INFO -   Trainable: 4,015,939
2025-07-26 18:26:14 - AutoML.ModelFactory - INFO -   Model size: 15.32 MB
2025-07-26 18:26:14 - AutoML - INFO -  efficientnet_b0 creation completed in 0.34 seconds
2025-07-26 18:26:25 - AutoML.Trainer - INFO - Class distribution: {4: 104, 0: 106, 5: 70, 3: 153, 2: 91, 1: 10, 6: 106}
2025-07-26 18:26:25 - AutoML.Trainer - INFO - Class weights: [0.862533692722372, 9.142857142857142, 1.0047095761381475, 0.5975723622782446, 0.8791208791208791, 1.3061224489795917, 0.862533692722372]
2025-07-26 18:29:27 - AutoML.ComparativeEarlyStopping - INFO - Early stopping evaluation for efficientnet_b0:
2025-07-26 18:29:27 - AutoML.ComparativeEarlyStopping - INFO -   Decision scores: {'statistical_significance': 0.0, 'performance_gap': 0.42595495181702026, 'learning_trend': 0.2, 'resource_efficiency': 0.2595496571108463}
2025-07-26 18:29:27 - AutoML.ComparativeEarlyStopping - INFO -   Final score: 0.195
2025-07-26 18:29:27 - AutoML.ComparativeEarlyStopping - INFO -   Decision: CONTINUE
2025-07-26 18:29:27 - AutoML.Trainer - INFO - Epoch 5/28 - Train Acc: 0.4088, Val Acc: 0.4491, Val Loss: 1.4371, Time: 36.8s
2025-07-26 18:30:02 - AutoML.ComparativeEarlyStopping - INFO - Early stopping evaluation for efficientnet_b0:
2025-07-26 18:30:02 - AutoML.ComparativeEarlyStopping - INFO -   Decision scores: {'statistical_significance': 0.0, 'performance_gap': 0.023946360153256907, 'learning_trend': 0.2, 'resource_efficiency': 0.1860379127952152}
2025-07-26 18:30:02 - AutoML.ComparativeEarlyStopping - INFO -   Final score: 0.084
2025-07-26 18:30:02 - AutoML.ComparativeEarlyStopping - INFO -   Decision: CONTINUE
2025-07-26 18:30:37 - AutoML.ComparativeEarlyStopping - INFO - Early stopping evaluation for efficientnet_b0:
2025-07-26 18:30:37 - AutoML.ComparativeEarlyStopping - INFO -   Decision scores: {'statistical_significance': 0.0, 'performance_gap': 0.0, 'learning_trend': 0.2, 'resource_efficiency': 0.12109433316663476}
2025-07-26 18:30:37 - AutoML.ComparativeEarlyStopping - INFO -   Final score: 0.068
2025-07-26 18:30:37 - AutoML.ComparativeEarlyStopping - INFO -   Decision: CONTINUE
2025-07-26 18:31:11 - AutoML.ComparativeEarlyStopping - INFO - Early stopping evaluation for efficientnet_b0:
2025-07-26 18:31:11 - AutoML.ComparativeEarlyStopping - INFO -   Decision scores: {'statistical_significance': 0.0, 'performance_gap': 0.0, 'learning_trend': 0.2, 'resource_efficiency': 0.05910071282061835}
2025-07-26 18:31:11 - AutoML.ComparativeEarlyStopping - INFO -   Final score: 0.059
2025-07-26 18:31:11 - AutoML.ComparativeEarlyStopping - INFO -   Decision: CONTINUE
2025-07-26 18:31:45 - AutoML.ComparativeEarlyStopping - INFO - Early stopping evaluation for efficientnet_b0:
2025-07-26 18:31:45 - AutoML.ComparativeEarlyStopping - INFO -   Decision scores: {'statistical_significance': 0.0, 'performance_gap': 0.0, 'learning_trend': 0.2, 'resource_efficiency': 0.019253210170704582}
2025-07-26 18:31:45 - AutoML.ComparativeEarlyStopping - INFO -   Final score: 0.053
2025-07-26 18:31:45 - AutoML.ComparativeEarlyStopping - INFO -   Decision: CONTINUE
2025-07-26 18:32:24 - AutoML.ComparativeEarlyStopping - INFO - Early stopping evaluation for efficientnet_b0:
2025-07-26 18:32:24 - AutoML.ComparativeEarlyStopping - INFO -   Decision scores: {'statistical_significance': 0.0, 'performance_gap': 0.0, 'learning_trend': 0.2, 'resource_efficiency': 0.03128181720660217}
2025-07-26 18:32:24 - AutoML.ComparativeEarlyStopping - INFO -   Final score: 0.055
2025-07-26 18:32:24 - AutoML.ComparativeEarlyStopping - INFO -   Decision: CONTINUE
2025-07-26 18:32:24 - AutoML.Trainer - INFO - Epoch 10/28 - Train Acc: 0.5486, Val Acc: 0.5078, Val Loss: 1.3089, Time: 38.8s
2025-07-26 18:32:59 - AutoML.ComparativeEarlyStopping - INFO - Early stopping evaluation for efficientnet_b0:
2025-07-26 18:32:59 - AutoML.ComparativeEarlyStopping - INFO -   Decision scores: {'statistical_significance': 0.0, 'performance_gap': 0.0, 'learning_trend': 0.2, 'resource_efficiency': 0.01557084139667908}
2025-07-26 18:32:59 - AutoML.ComparativeEarlyStopping - INFO -   Final score: 0.052
2025-07-26 18:32:59 - AutoML.ComparativeEarlyStopping - INFO -   Decision: CONTINUE
2025-07-26 18:33:33 - AutoML.ComparativeEarlyStopping - INFO - Early stopping evaluation for efficientnet_b0:
2025-07-26 18:33:33 - AutoML.ComparativeEarlyStopping - INFO -   Decision scores: {'statistical_significance': 0.0, 'performance_gap': 0.0, 'learning_trend': 0.2, 'resource_efficiency': 0.0}
2025-07-26 18:33:33 - AutoML.ComparativeEarlyStopping - INFO -   Final score: 0.050
2025-07-26 18:33:33 - AutoML.ComparativeEarlyStopping - INFO -   Decision: CONTINUE
2025-07-26 18:34:08 - AutoML.ComparativeEarlyStopping - INFO - Early stopping evaluation for efficientnet_b0:
2025-07-26 18:34:08 - AutoML.ComparativeEarlyStopping - INFO -   Decision scores: {'statistical_significance': 0.0, 'performance_gap': 0.0, 'learning_trend': 0.2, 'resource_efficiency': 0.0}
2025-07-26 18:34:08 - AutoML.ComparativeEarlyStopping - INFO -   Final score: 0.050
2025-07-26 18:34:08 - AutoML.ComparativeEarlyStopping - INFO -   Decision: CONTINUE
2025-07-26 18:34:46 - AutoML.ComparativeEarlyStopping - INFO - Early stopping evaluation for efficientnet_b0:
2025-07-26 18:34:46 - AutoML.ComparativeEarlyStopping - INFO -   Decision scores: {'statistical_significance': 0.0, 'performance_gap': 0.0, 'learning_trend': 0.2, 'resource_efficiency': 0.0}
2025-07-26 18:34:46 - AutoML.ComparativeEarlyStopping - INFO -   Final score: 0.050
2025-07-26 18:34:46 - AutoML.ComparativeEarlyStopping - INFO -   Decision: CONTINUE
2025-07-26 18:35:21 - AutoML.ComparativeEarlyStopping - INFO - Early stopping evaluation for efficientnet_b0:
2025-07-26 18:35:21 - AutoML.ComparativeEarlyStopping - INFO -   Decision scores: {'statistical_significance': 0.0, 'performance_gap': 0.0, 'learning_trend': 0.2, 'resource_efficiency': 0.0}
2025-07-26 18:35:21 - AutoML.ComparativeEarlyStopping - INFO -   Final score: 0.050
2025-07-26 18:35:21 - AutoML.ComparativeEarlyStopping - INFO -   Decision: CONTINUE
2025-07-26 18:35:21 - AutoML.Trainer - INFO - Epoch 15/28 - Train Acc: 0.6144, Val Acc: 0.5535, Val Loss: 1.3149, Time: 35.5s
2025-07-26 18:35:58 - AutoML.ComparativeEarlyStopping - INFO - Early stopping evaluation for efficientnet_b0:
2025-07-26 18:35:58 - AutoML.ComparativeEarlyStopping - INFO -   Decision scores: {'statistical_significance': 0.0, 'performance_gap': 0.0, 'learning_trend': 0.2, 'resource_efficiency': 0.0}
2025-07-26 18:35:58 - AutoML.ComparativeEarlyStopping - INFO -   Final score: 0.050
2025-07-26 18:35:58 - AutoML.ComparativeEarlyStopping - INFO -   Decision: CONTINUE
2025-07-26 18:36:34 - AutoML.ComparativeEarlyStopping - INFO - Early stopping evaluation for efficientnet_b0:
2025-07-26 18:36:34 - AutoML.ComparativeEarlyStopping - INFO -   Decision scores: {'statistical_significance': 0.0, 'performance_gap': 0.0, 'learning_trend': 0.2, 'resource_efficiency': 0.0}
2025-07-26 18:36:34 - AutoML.ComparativeEarlyStopping - INFO -   Final score: 0.050
2025-07-26 18:36:34 - AutoML.ComparativeEarlyStopping - INFO -   Decision: CONTINUE
2025-07-26 18:37:10 - AutoML.ComparativeEarlyStopping - INFO - Early stopping evaluation for efficientnet_b0:
2025-07-26 18:37:10 - AutoML.ComparativeEarlyStopping - INFO -   Decision scores: {'statistical_significance': 0.0, 'performance_gap': 0.0, 'learning_trend': 0.2, 'resource_efficiency': 0.0}
2025-07-26 18:37:10 - AutoML.ComparativeEarlyStopping - INFO -   Final score: 0.050
2025-07-26 18:37:10 - AutoML.ComparativeEarlyStopping - INFO -   Decision: CONTINUE
2025-07-26 18:37:46 - AutoML.ComparativeEarlyStopping - INFO - Early stopping evaluation for efficientnet_b0:
2025-07-26 18:37:46 - AutoML.ComparativeEarlyStopping - INFO -   Decision scores: {'statistical_significance': 0.0, 'performance_gap': 0.0, 'learning_trend': 0.2, 'resource_efficiency': 0.0}
2025-07-26 18:37:46 - AutoML.ComparativeEarlyStopping - INFO -   Final score: 0.050
2025-07-26 18:37:46 - AutoML.ComparativeEarlyStopping - INFO -   Decision: CONTINUE
2025-07-26 18:38:23 - AutoML.ComparativeEarlyStopping - INFO - Early stopping evaluation for efficientnet_b0:
2025-07-26 18:38:23 - AutoML.ComparativeEarlyStopping - INFO -   Decision scores: {'statistical_significance': 0.0, 'performance_gap': 0.0, 'learning_trend': 0.2, 'resource_efficiency': 0.0}
2025-07-26 18:38:23 - AutoML.ComparativeEarlyStopping - INFO -   Final score: 0.050
2025-07-26 18:38:23 - AutoML.ComparativeEarlyStopping - INFO -   Decision: CONTINUE
2025-07-26 18:38:23 - AutoML.Trainer - INFO - Epoch 20/28 - Train Acc: 0.6422, Val Acc: 0.5583, Val Loss: 1.3639, Time: 36.5s
2025-07-26 18:39:00 - AutoML.ComparativeEarlyStopping - INFO - Early stopping evaluation for efficientnet_b0:
2025-07-26 18:39:00 - AutoML.ComparativeEarlyStopping - INFO -   Decision scores: {'statistical_significance': 0.0, 'performance_gap': 0.0, 'learning_trend': 0.2, 'resource_efficiency': 0.0}
2025-07-26 18:39:00 - AutoML.ComparativeEarlyStopping - INFO -   Final score: 0.050
2025-07-26 18:39:00 - AutoML.ComparativeEarlyStopping - INFO -   Decision: CONTINUE
2025-07-26 18:39:37 - AutoML.ComparativeEarlyStopping - INFO - Early stopping evaluation for efficientnet_b0:
2025-07-26 18:39:37 - AutoML.ComparativeEarlyStopping - INFO -   Decision scores: {'statistical_significance': 0.0, 'performance_gap': 0.0, 'learning_trend': 0.2, 'resource_efficiency': 0.0}
2025-07-26 18:39:37 - AutoML.ComparativeEarlyStopping - INFO -   Final score: 0.050
2025-07-26 18:39:37 - AutoML.ComparativeEarlyStopping - INFO -   Decision: CONTINUE
2025-07-26 18:40:13 - AutoML.ComparativeEarlyStopping - INFO - Early stopping evaluation for efficientnet_b0:
2025-07-26 18:40:13 - AutoML.ComparativeEarlyStopping - INFO -   Decision scores: {'statistical_significance': 0.0, 'performance_gap': 0.0, 'learning_trend': 0.2, 'resource_efficiency': 0.0}
2025-07-26 18:40:13 - AutoML.ComparativeEarlyStopping - INFO -   Final score: 0.050
2025-07-26 18:40:13 - AutoML.ComparativeEarlyStopping - INFO -   Decision: CONTINUE
2025-07-26 18:40:49 - AutoML.ComparativeEarlyStopping - INFO - Early stopping evaluation for efficientnet_b0:
2025-07-26 18:40:49 - AutoML.ComparativeEarlyStopping - INFO -   Decision scores: {'statistical_significance': 0.0, 'performance_gap': 0.0, 'learning_trend': 0.0, 'resource_efficiency': 0.0}
2025-07-26 18:40:49 - AutoML.ComparativeEarlyStopping - INFO -   Final score: 0.000
2025-07-26 18:40:49 - AutoML.ComparativeEarlyStopping - INFO -   Decision: CONTINUE
2025-07-26 18:41:25 - AutoML.ComparativeEarlyStopping - INFO - Early stopping evaluation for efficientnet_b0:
2025-07-26 18:41:25 - AutoML.ComparativeEarlyStopping - INFO -   Decision scores: {'statistical_significance': 0.0, 'performance_gap': 0.0, 'learning_trend': 0.0, 'resource_efficiency': 0.0}
2025-07-26 18:41:25 - AutoML.ComparativeEarlyStopping - INFO -   Final score: 0.000
2025-07-26 18:41:25 - AutoML.ComparativeEarlyStopping - INFO -   Decision: CONTINUE
2025-07-26 18:41:25 - AutoML.Trainer - INFO - Epoch 25/28 - Train Acc: 0.6527, Val Acc: 0.5639, Val Loss: 1.3732, Time: 35.9s
2025-07-26 18:42:02 - AutoML.ComparativeEarlyStopping - INFO - Early stopping evaluation for efficientnet_b0:
2025-07-26 18:42:02 - AutoML.ComparativeEarlyStopping - INFO -   Decision scores: {'statistical_significance': 0.0, 'performance_gap': 0.0, 'learning_trend': 0.0, 'resource_efficiency': 0.0}
2025-07-26 18:42:02 - AutoML.ComparativeEarlyStopping - INFO -   Final score: 0.000
2025-07-26 18:42:02 - AutoML.ComparativeEarlyStopping - INFO -   Decision: CONTINUE
2025-07-26 18:42:38 - AutoML.ComparativeEarlyStopping - INFO - Early stopping evaluation for efficientnet_b0:
2025-07-26 18:42:38 - AutoML.ComparativeEarlyStopping - INFO -   Decision scores: {'statistical_significance': 0.0, 'performance_gap': 0.0, 'learning_trend': 0.0, 'resource_efficiency': 0.0}
2025-07-26 18:42:38 - AutoML.ComparativeEarlyStopping - INFO -   Final score: 0.000
2025-07-26 18:42:38 - AutoML.ComparativeEarlyStopping - INFO -   Decision: CONTINUE
2025-07-26 18:43:14 - AutoML.ComparativeEarlyStopping - INFO - Early stopping evaluation for efficientnet_b0:
2025-07-26 18:43:14 - AutoML.ComparativeEarlyStopping - INFO -   Decision scores: {'statistical_significance': 0.0, 'performance_gap': 0.0, 'learning_trend': 0.0, 'resource_efficiency': 0.0}
2025-07-26 18:43:14 - AutoML.ComparativeEarlyStopping - INFO -   Final score: 0.000
2025-07-26 18:43:14 - AutoML.ComparativeEarlyStopping - INFO -   Decision: CONTINUE
2025-07-26 18:43:14 - AutoML.Trainer - INFO - Epoch 28/28 - Train Acc: 0.6607, Val Acc: 0.5608, Val Loss: 1.3458, Time: 36.0s
2025-07-26 18:43:14 - AutoML.Trainer - INFO - Training completed for efficientnet_b0
2025-07-26 18:43:14 - AutoML.Trainer - INFO - Best validation accuracy: 0.5686
2025-07-26 18:43:14 - AutoML.Trainer - INFO - Total training time: 1009.1s
2025-07-26 18:43:14 - AutoML.Trainer - INFO - Average epoch time: 36.0s
2025-07-26 18:43:14 - AutoML.Trainer - INFO - Evaluating hyperparameters for efficientnet_b0: {'learning_rate': 0.0015304852121831463, 'optimizer': 'adamw', 'weight_decay': 1.3492834268013243e-06, 'batch_size': 64, 'dropout_rate': 0.12930163420191518, 'pretrained': True, 'lr_scheduler': 'cosine', 'max_epochs': 27}
2025-07-26 18:43:14 - AutoML.ModelFactory - INFO - Creating efficientnet_b0 (pretrained=True, dropout=0.12930163420191518)
2025-07-26 18:43:14 - AutoML - INFO -  Starting: efficientnet_b0 creation
2025-07-26 18:43:14 - AutoML.ModelFactory - INFO - efficientnet_b0 created successfully:
2025-07-26 18:43:14 - AutoML.ModelFactory - INFO -   Parameters: 4,015,939
2025-07-26 18:43:14 - AutoML.ModelFactory - INFO -   Trainable: 4,015,939
2025-07-26 18:43:14 - AutoML.ModelFactory - INFO -   Model size: 15.32 MB
2025-07-26 18:43:14 - AutoML - INFO -  efficientnet_b0 creation completed in 0.30 seconds
2025-07-26 18:43:25 - AutoML.Trainer - INFO - Class distribution: {6: 98, 5: 87, 4: 111, 2: 90, 3: 158, 0: 87, 1: 9}
2025-07-26 18:43:25 - AutoML.Trainer - INFO - Class weights: [1.0509031198686372, 10.158730158730158, 1.0158730158730158, 0.5786618444846293, 0.8236808236808236, 1.0509031198686372, 0.9329446064139941]
2025-07-26 18:46:32 - AutoML.ComparativeEarlyStopping - INFO - Early stopping evaluation for efficientnet_b0:
2025-07-26 18:46:32 - AutoML.ComparativeEarlyStopping - INFO -   Decision scores: {'statistical_significance': 0.0, 'performance_gap': 0.0, 'learning_trend': 0.0, 'resource_efficiency': 0.0734291381650054}
2025-07-26 18:46:32 - AutoML.ComparativeEarlyStopping - INFO -   Final score: 0.011
2025-07-26 18:46:32 - AutoML.ComparativeEarlyStopping - INFO -   Decision: CONTINUE
2025-07-26 18:46:32 - AutoML.Trainer - INFO - Epoch 5/27 - Train Acc: 0.5235, Val Acc: 0.5282, Val Loss: 1.2501, Time: 42.0s
2025-07-26 18:47:18 - AutoML.ComparativeEarlyStopping - INFO - Early stopping evaluation for efficientnet_b0:
2025-07-26 18:47:18 - AutoML.ComparativeEarlyStopping - INFO -   Decision scores: {'statistical_significance': 0.0, 'performance_gap': 0.0, 'learning_trend': 0.0, 'resource_efficiency': 0.12026343538150397}
2025-07-26 18:47:18 - AutoML.ComparativeEarlyStopping - INFO -   Final score: 0.018
2025-07-26 18:47:18 - AutoML.ComparativeEarlyStopping - INFO -   Decision: CONTINUE
2025-07-26 18:47:54 - AutoML.ComparativeEarlyStopping - INFO - Early stopping evaluation for efficientnet_b0:
2025-07-26 18:47:54 - AutoML.ComparativeEarlyStopping - INFO -   Decision scores: {'statistical_significance': 0.0, 'performance_gap': 0.0, 'learning_trend': 0.0, 'resource_efficiency': 0.10353356991587637}
2025-07-26 18:47:54 - AutoML.ComparativeEarlyStopping - INFO -   Final score: 0.016
2025-07-26 18:47:54 - AutoML.ComparativeEarlyStopping - INFO -   Decision: CONTINUE
2025-07-26 18:48:30 - AutoML.ComparativeEarlyStopping - INFO - Early stopping evaluation for efficientnet_b0:
2025-07-26 18:48:30 - AutoML.ComparativeEarlyStopping - INFO -   Decision scores: {'statistical_significance': 0.0, 'performance_gap': 0.0, 'learning_trend': 0.0, 'resource_efficiency': 0.041069059077608605}
2025-07-26 18:48:30 - AutoML.ComparativeEarlyStopping - INFO -   Final score: 0.006
2025-07-26 18:48:30 - AutoML.ComparativeEarlyStopping - INFO -   Decision: CONTINUE
2025-07-26 18:49:06 - AutoML.ComparativeEarlyStopping - INFO - Early stopping evaluation for efficientnet_b0:
2025-07-26 18:49:06 - AutoML.ComparativeEarlyStopping - INFO -   Decision scores: {'statistical_significance': 0.0, 'performance_gap': 0.0, 'learning_trend': 0.0, 'resource_efficiency': 0.0}
2025-07-26 18:49:06 - AutoML.ComparativeEarlyStopping - INFO -   Final score: 0.000
2025-07-26 18:49:06 - AutoML.ComparativeEarlyStopping - INFO -   Decision: CONTINUE
2025-07-26 18:49:42 - AutoML.ComparativeEarlyStopping - INFO - Early stopping evaluation for efficientnet_b0:
2025-07-26 18:49:42 - AutoML.ComparativeEarlyStopping - INFO -   Decision scores: {'statistical_significance': 0.0, 'performance_gap': 0.0, 'learning_trend': 0.0, 'resource_efficiency': 0.0}
2025-07-26 18:49:42 - AutoML.ComparativeEarlyStopping - INFO -   Final score: 0.000
2025-07-26 18:49:42 - AutoML.ComparativeEarlyStopping - INFO -   Decision: CONTINUE
2025-07-26 18:49:42 - AutoML.Trainer - INFO - Epoch 10/27 - Train Acc: 0.6119, Val Acc: 0.5794, Val Loss: 1.2089, Time: 35.1s
2025-07-26 18:50:17 - AutoML.ComparativeEarlyStopping - INFO - Early stopping evaluation for efficientnet_b0:
2025-07-26 18:50:17 - AutoML.ComparativeEarlyStopping - INFO -   Decision scores: {'statistical_significance': 0.0, 'performance_gap': 0.0, 'learning_trend': 0.0, 'resource_efficiency': 0.0}
2025-07-26 18:50:17 - AutoML.ComparativeEarlyStopping - INFO -   Final score: 0.000
2025-07-26 18:50:17 - AutoML.ComparativeEarlyStopping - INFO -   Decision: CONTINUE
2025-07-26 18:50:52 - AutoML.ComparativeEarlyStopping - INFO - Early stopping evaluation for efficientnet_b0:
2025-07-26 18:50:52 - AutoML.ComparativeEarlyStopping - INFO -   Decision scores: {'statistical_significance': 0.0, 'performance_gap': 0.0, 'learning_trend': 0.0, 'resource_efficiency': 0.0}
2025-07-26 18:50:52 - AutoML.ComparativeEarlyStopping - INFO -   Final score: 0.000
2025-07-26 18:50:52 - AutoML.ComparativeEarlyStopping - INFO -   Decision: CONTINUE
2025-07-26 18:51:28 - AutoML.ComparativeEarlyStopping - INFO - Early stopping evaluation for efficientnet_b0:
2025-07-26 18:51:28 - AutoML.ComparativeEarlyStopping - INFO -   Decision scores: {'statistical_significance': 0.0, 'performance_gap': 0.0, 'learning_trend': 0.0, 'resource_efficiency': 0.0}
2025-07-26 18:51:28 - AutoML.ComparativeEarlyStopping - INFO -   Final score: 0.000
2025-07-26 18:51:28 - AutoML.ComparativeEarlyStopping - INFO -   Decision: CONTINUE
2025-07-26 18:52:05 - AutoML.ComparativeEarlyStopping - INFO - Early stopping evaluation for efficientnet_b0:
2025-07-26 18:52:05 - AutoML.ComparativeEarlyStopping - INFO -   Decision scores: {'statistical_significance': 0.0, 'performance_gap': 0.0, 'learning_trend': 0.0, 'resource_efficiency': 0.0}
2025-07-26 18:52:05 - AutoML.ComparativeEarlyStopping - INFO -   Final score: 0.000
2025-07-26 18:52:05 - AutoML.ComparativeEarlyStopping - INFO -   Decision: CONTINUE
2025-07-26 18:52:40 - AutoML.ComparativeEarlyStopping - INFO - Early stopping evaluation for efficientnet_b0:
2025-07-26 18:52:40 - AutoML.ComparativeEarlyStopping - INFO -   Decision scores: {'statistical_significance': 0.0, 'performance_gap': 0.0, 'learning_trend': 0.0, 'resource_efficiency': 0.0}
2025-07-26 18:52:40 - AutoML.ComparativeEarlyStopping - INFO -   Final score: 0.000
2025-07-26 18:52:40 - AutoML.ComparativeEarlyStopping - INFO -   Decision: CONTINUE
2025-07-26 18:52:40 - AutoML.Trainer - INFO - Epoch 15/27 - Train Acc: 0.7284, Val Acc: 0.5853, Val Loss: 1.2661, Time: 34.6s
2025-07-26 18:53:27 - AutoML.ComparativeEarlyStopping - INFO - Early stopping evaluation for efficientnet_b0:
2025-07-26 18:53:27 - AutoML.ComparativeEarlyStopping - INFO -   Decision scores: {'statistical_significance': 0.0, 'performance_gap': 0.0, 'learning_trend': 0.0, 'resource_efficiency': 0.0}
2025-07-26 18:53:27 - AutoML.ComparativeEarlyStopping - INFO -   Final score: 0.000
2025-07-26 18:53:27 - AutoML.ComparativeEarlyStopping - INFO -   Decision: CONTINUE
2025-07-26 18:54:01 - AutoML.ComparativeEarlyStopping - INFO - Early stopping evaluation for efficientnet_b0:
2025-07-26 18:54:01 - AutoML.ComparativeEarlyStopping - INFO -   Decision scores: {'statistical_significance': 0.0, 'performance_gap': 0.0, 'learning_trend': 0.0, 'resource_efficiency': 0.0}
2025-07-26 18:54:01 - AutoML.ComparativeEarlyStopping - INFO -   Final score: 0.000
2025-07-26 18:54:01 - AutoML.ComparativeEarlyStopping - INFO -   Decision: CONTINUE
2025-07-26 18:54:39 - AutoML.ComparativeEarlyStopping - INFO - Early stopping evaluation for efficientnet_b0:
2025-07-26 18:54:39 - AutoML.ComparativeEarlyStopping - INFO -   Decision scores: {'statistical_significance': 0.0, 'performance_gap': 0.0, 'learning_trend': 0.0, 'resource_efficiency': 0.0}
2025-07-26 18:54:39 - AutoML.ComparativeEarlyStopping - INFO -   Final score: 0.000
2025-07-26 18:54:39 - AutoML.ComparativeEarlyStopping - INFO -   Decision: CONTINUE
2025-07-26 18:55:13 - AutoML.ComparativeEarlyStopping - INFO - Early stopping evaluation for efficientnet_b0:
2025-07-26 18:55:13 - AutoML.ComparativeEarlyStopping - INFO -   Decision scores: {'statistical_significance': 0.0, 'performance_gap': 0.0, 'learning_trend': 0.0, 'resource_efficiency': 0.0}
2025-07-26 18:55:13 - AutoML.ComparativeEarlyStopping - INFO -   Final score: 0.000
2025-07-26 18:55:13 - AutoML.ComparativeEarlyStopping - INFO -   Decision: CONTINUE
2025-07-26 18:55:48 - AutoML.ComparativeEarlyStopping - INFO - Early stopping evaluation for efficientnet_b0:
2025-07-26 18:55:48 - AutoML.ComparativeEarlyStopping - INFO -   Decision scores: {'statistical_significance': 0.0, 'performance_gap': 0.0, 'learning_trend': 0.0, 'resource_efficiency': 0.0}
2025-07-26 18:55:48 - AutoML.ComparativeEarlyStopping - INFO -   Final score: 0.000
2025-07-26 18:55:48 - AutoML.ComparativeEarlyStopping - INFO -   Decision: CONTINUE
2025-07-26 18:55:48 - AutoML.Trainer - INFO - Epoch 20/27 - Train Acc: 0.8669, Val Acc: 0.6202, Val Loss: 1.6348, Time: 34.3s
2025-07-26 18:56:23 - AutoML.ComparativeEarlyStopping - INFO - Early stopping evaluation for efficientnet_b0:
2025-07-26 18:56:23 - AutoML.ComparativeEarlyStopping - INFO -   Decision scores: {'statistical_significance': 0.0, 'performance_gap': 0.0, 'learning_trend': 0.0, 'resource_efficiency': 0.0}
2025-07-26 18:56:23 - AutoML.ComparativeEarlyStopping - INFO -   Final score: 0.000
2025-07-26 18:56:23 - AutoML.ComparativeEarlyStopping - INFO -   Decision: CONTINUE
2025-07-26 18:56:57 - AutoML.ComparativeEarlyStopping - INFO - Early stopping evaluation for efficientnet_b0:
2025-07-26 18:56:57 - AutoML.ComparativeEarlyStopping - INFO -   Decision scores: {'statistical_significance': 0.0, 'performance_gap': 0.0, 'learning_trend': 0.0, 'resource_efficiency': 0.0}
2025-07-26 18:56:57 - AutoML.ComparativeEarlyStopping - INFO -   Final score: 0.000
2025-07-26 18:56:57 - AutoML.ComparativeEarlyStopping - INFO -   Decision: CONTINUE
2025-07-26 18:57:33 - AutoML.ComparativeEarlyStopping - INFO - Early stopping evaluation for efficientnet_b0:
2025-07-26 18:57:33 - AutoML.ComparativeEarlyStopping - INFO -   Decision scores: {'statistical_significance': 0.0, 'performance_gap': 0.0, 'learning_trend': 0.0, 'resource_efficiency': 0.0}
2025-07-26 18:57:33 - AutoML.ComparativeEarlyStopping - INFO -   Final score: 0.000
2025-07-26 18:57:33 - AutoML.ComparativeEarlyStopping - INFO -   Decision: CONTINUE
2025-07-26 18:58:08 - AutoML.ComparativeEarlyStopping - INFO - Early stopping evaluation for efficientnet_b0:
2025-07-26 18:58:08 - AutoML.ComparativeEarlyStopping - INFO -   Decision scores: {'statistical_significance': 0.0, 'performance_gap': 0.0, 'learning_trend': 0.0, 'resource_efficiency': 0.0}
2025-07-26 18:58:08 - AutoML.ComparativeEarlyStopping - INFO -   Final score: 0.000
2025-07-26 18:58:08 - AutoML.ComparativeEarlyStopping - INFO -   Decision: CONTINUE
2025-07-26 18:58:44 - AutoML.ComparativeEarlyStopping - INFO - Early stopping evaluation for efficientnet_b0:
2025-07-26 18:58:44 - AutoML.ComparativeEarlyStopping - INFO -   Decision scores: {'statistical_significance': 0.0, 'performance_gap': 0.0, 'learning_trend': 0.0, 'resource_efficiency': 0.0}
2025-07-26 18:58:44 - AutoML.ComparativeEarlyStopping - INFO -   Final score: 0.000
2025-07-26 18:58:44 - AutoML.ComparativeEarlyStopping - INFO -   Decision: CONTINUE
2025-07-26 18:58:44 - AutoML.Trainer - INFO - Epoch 25/27 - Train Acc: 0.9477, Val Acc: 0.6266, Val Loss: 2.1219, Time: 35.8s
2025-07-26 18:59:21 - AutoML.ComparativeEarlyStopping - INFO - Early stopping evaluation for efficientnet_b0:
2025-07-26 18:59:21 - AutoML.ComparativeEarlyStopping - INFO -   Decision scores: {'statistical_significance': 0.0, 'performance_gap': 0.0, 'learning_trend': 0.0, 'resource_efficiency': 0.0}
2025-07-26 18:59:21 - AutoML.ComparativeEarlyStopping - INFO -   Final score: 0.000
2025-07-26 18:59:21 - AutoML.ComparativeEarlyStopping - INFO -   Decision: CONTINUE
2025-07-26 18:59:57 - AutoML.ComparativeEarlyStopping - INFO - Early stopping evaluation for efficientnet_b0:
2025-07-26 18:59:57 - AutoML.ComparativeEarlyStopping - INFO -   Decision scores: {'statistical_significance': 0.0, 'performance_gap': 0.0, 'learning_trend': 0.0, 'resource_efficiency': 0.0}
2025-07-26 18:59:57 - AutoML.ComparativeEarlyStopping - INFO -   Final score: 0.000
2025-07-26 18:59:57 - AutoML.ComparativeEarlyStopping - INFO -   Decision: CONTINUE
2025-07-26 18:59:57 - AutoML.Trainer - INFO - Epoch 27/27 - Train Acc: 0.9540, Val Acc: 0.6278, Val Loss: 2.1239, Time: 35.9s
2025-07-26 18:59:57 - AutoML.Trainer - INFO - Training completed for efficientnet_b0
2025-07-26 18:59:57 - AutoML.Trainer - INFO - Best validation accuracy: 0.6294
2025-07-26 18:59:57 - AutoML.Trainer - INFO - Total training time: 991.6s
2025-07-26 18:59:57 - AutoML.Trainer - INFO - Average epoch time: 36.7s
2025-07-26 18:59:57 - AutoML.Trainer - INFO - Evaluating hyperparameters for efficientnet_b0: {'learning_rate': 0.00011715937392307068, 'optimizer': 'rmsprop', 'weight_decay': 4.201672054372532e-06, 'batch_size': 256, 'dropout_rate': 0.3325398470083344, 'pretrained': True, 'lr_scheduler': 'cosine', 'max_epochs': 38}
2025-07-26 18:59:57 - AutoML.ModelFactory - INFO - Creating efficientnet_b0 (pretrained=True, dropout=0.3325398470083344)
2025-07-26 18:59:57 - AutoML - INFO -  Starting: efficientnet_b0 creation
2025-07-26 18:59:57 - AutoML.ModelFactory - INFO - efficientnet_b0 created successfully:
2025-07-26 18:59:57 - AutoML.ModelFactory - INFO -   Parameters: 4,015,939
2025-07-26 18:59:57 - AutoML.ModelFactory - INFO -   Trainable: 4,015,939
2025-07-26 18:59:57 - AutoML.ModelFactory - INFO -   Model size: 15.32 MB
2025-07-26 18:59:57 - AutoML - INFO -  efficientnet_b0 creation completed in 0.26 seconds
2025-07-26 19:00:08 - AutoML.Trainer - INFO - Class distribution: {4: 115, 3: 147, 2: 94, 5: 66, 6: 122, 0: 87, 1: 9}
2025-07-26 19:00:08 - AutoML.Trainer - INFO - Class weights: [1.0509031198686372, 10.158730158730158, 0.9726443768996961, 0.6219630709426628, 0.7950310559006211, 1.3852813852813852, 0.7494145199063232]
2025-07-26 19:03:06 - AutoML.ComparativeEarlyStopping - INFO - Early stopping evaluation for efficientnet_b0:
2025-07-26 19:03:06 - AutoML.ComparativeEarlyStopping - INFO -   Decision scores: {'statistical_significance': 0.0, 'performance_gap': 0.44119354464182065, 'learning_trend': 0.0, 'resource_efficiency': 0.24461748990676901}
2025-07-26 19:03:06 - AutoML.ComparativeEarlyStopping - INFO -   Final score: 0.147
2025-07-26 19:03:06 - AutoML.ComparativeEarlyStopping - INFO -   Decision: CONTINUE
2025-07-26 19:03:06 - AutoML.Trainer - INFO - Epoch 5/38 - Train Acc: 0.4032, Val Acc: 0.4410, Val Loss: 1.5023, Time: 36.6s
2025-07-26 19:03:41 - AutoML.ComparativeEarlyStopping - INFO - Early stopping evaluation for efficientnet_b0:
2025-07-26 19:03:41 - AutoML.ComparativeEarlyStopping - INFO -   Decision scores: {'statistical_significance': 0.0, 'performance_gap': 0.0, 'learning_trend': 0.0, 'resource_efficiency': 0.17830931740767642}
2025-07-26 19:03:41 - AutoML.ComparativeEarlyStopping - INFO -   Final score: 0.027
2025-07-26 19:03:41 - AutoML.ComparativeEarlyStopping - INFO -   Decision: CONTINUE
2025-07-26 19:04:18 - AutoML.ComparativeEarlyStopping - INFO - Early stopping evaluation for efficientnet_b0:
2025-07-26 19:04:18 - AutoML.ComparativeEarlyStopping - INFO -   Decision scores: {'statistical_significance': 0.0, 'performance_gap': 0.0, 'learning_trend': 0.0, 'resource_efficiency': 0.13101102667295494}
2025-07-26 19:04:18 - AutoML.ComparativeEarlyStopping - INFO -   Final score: 0.020
2025-07-26 19:04:18 - AutoML.ComparativeEarlyStopping - INFO -   Decision: CONTINUE
2025-07-26 19:04:54 - AutoML.ComparativeEarlyStopping - INFO - Early stopping evaluation for efficientnet_b0:
2025-07-26 19:04:54 - AutoML.ComparativeEarlyStopping - INFO -   Decision scores: {'statistical_significance': 0.0, 'performance_gap': 0.0, 'learning_trend': 0.0, 'resource_efficiency': 0.08994062715013751}
2025-07-26 19:04:54 - AutoML.ComparativeEarlyStopping - INFO -   Final score: 0.013
2025-07-26 19:04:54 - AutoML.ComparativeEarlyStopping - INFO -   Decision: CONTINUE
2025-07-26 19:05:30 - AutoML.ComparativeEarlyStopping - INFO - Early stopping evaluation for efficientnet_b0:
2025-07-26 19:05:30 - AutoML.ComparativeEarlyStopping - INFO -   Decision scores: {'statistical_significance': 0.0, 'performance_gap': 0.0, 'learning_trend': 0.0, 'resource_efficiency': 0.054967163775593075}
2025-07-26 19:05:30 - AutoML.ComparativeEarlyStopping - INFO -   Final score: 0.008
2025-07-26 19:05:30 - AutoML.ComparativeEarlyStopping - INFO -   Decision: CONTINUE
2025-07-26 19:06:06 - AutoML.ComparativeEarlyStopping - INFO - Early stopping evaluation for efficientnet_b0:
2025-07-26 19:06:06 - AutoML.ComparativeEarlyStopping - INFO -   Decision scores: {'statistical_significance': 0.0, 'performance_gap': 0.0, 'learning_trend': 0.0, 'resource_efficiency': 0.02755791125258822}
2025-07-26 19:06:06 - AutoML.ComparativeEarlyStopping - INFO -   Final score: 0.004
2025-07-26 19:06:06 - AutoML.ComparativeEarlyStopping - INFO -   Decision: CONTINUE
2025-07-26 19:06:06 - AutoML.Trainer - INFO - Epoch 10/38 - Train Acc: 0.5467, Val Acc: 0.5279, Val Loss: 1.2851, Time: 35.7s
2025-07-26 19:06:41 - AutoML.ComparativeEarlyStopping - INFO - Early stopping evaluation for efficientnet_b0:
2025-07-26 19:06:41 - AutoML.ComparativeEarlyStopping - INFO -   Decision scores: {'statistical_significance': 0.0, 'performance_gap': 0.0, 'learning_trend': 0.0, 'resource_efficiency': 0.0}
2025-07-26 19:06:41 - AutoML.ComparativeEarlyStopping - INFO -   Final score: 0.000
2025-07-26 19:06:41 - AutoML.ComparativeEarlyStopping - INFO -   Decision: CONTINUE
2025-07-26 19:07:17 - AutoML.ComparativeEarlyStopping - INFO - Early stopping evaluation for efficientnet_b0:
2025-07-26 19:07:17 - AutoML.ComparativeEarlyStopping - INFO -   Decision scores: {'statistical_significance': 0.0, 'performance_gap': 0.0, 'learning_trend': 0.0, 'resource_efficiency': 0.0}
2025-07-26 19:07:17 - AutoML.ComparativeEarlyStopping - INFO -   Final score: 0.000
2025-07-26 19:07:17 - AutoML.ComparativeEarlyStopping - INFO -   Decision: CONTINUE
2025-07-26 19:07:53 - AutoML.ComparativeEarlyStopping - INFO - Early stopping evaluation for efficientnet_b0:
2025-07-26 19:07:53 - AutoML.ComparativeEarlyStopping - INFO -   Decision scores: {'statistical_significance': 0.0, 'performance_gap': 0.0, 'learning_trend': 0.0, 'resource_efficiency': 0.0}
2025-07-26 19:07:53 - AutoML.ComparativeEarlyStopping - INFO -   Final score: 0.000
2025-07-26 19:07:53 - AutoML.ComparativeEarlyStopping - INFO -   Decision: CONTINUE
2025-07-26 19:08:29 - AutoML.ComparativeEarlyStopping - INFO - Early stopping evaluation for efficientnet_b0:
2025-07-26 19:08:29 - AutoML.ComparativeEarlyStopping - INFO -   Decision scores: {'statistical_significance': 0.0, 'performance_gap': 0.0, 'learning_trend': 0.0, 'resource_efficiency': 0.0}
2025-07-26 19:08:29 - AutoML.ComparativeEarlyStopping - INFO -   Final score: 0.000
2025-07-26 19:08:29 - AutoML.ComparativeEarlyStopping - INFO -   Decision: CONTINUE
2025-07-26 19:09:14 - AutoML.ComparativeEarlyStopping - INFO - Early stopping evaluation for efficientnet_b0:
2025-07-26 19:09:14 - AutoML.ComparativeEarlyStopping - INFO -   Decision scores: {'statistical_significance': 0.0, 'performance_gap': 0.0, 'learning_trend': 0.0, 'resource_efficiency': 0.02938188920345286}
2025-07-26 19:09:14 - AutoML.ComparativeEarlyStopping - INFO -   Final score: 0.004
2025-07-26 19:09:14 - AutoML.ComparativeEarlyStopping - INFO -   Decision: CONTINUE
2025-07-26 19:09:14 - AutoML.Trainer - INFO - Epoch 15/38 - Train Acc: 0.6487, Val Acc: 0.5585, Val Loss: 1.3222, Time: 45.5s
2025-07-26 19:09:50 - AutoML.ComparativeEarlyStopping - INFO - Early stopping evaluation for efficientnet_b0:
2025-07-26 19:09:50 - AutoML.ComparativeEarlyStopping - INFO -   Decision scores: {'statistical_significance': 0.0, 'performance_gap': 0.0, 'learning_trend': 0.0, 'resource_efficiency': 0.013006711021221418}
2025-07-26 19:09:50 - AutoML.ComparativeEarlyStopping - INFO -   Final score: 0.002
2025-07-26 19:09:50 - AutoML.ComparativeEarlyStopping - INFO -   Decision: CONTINUE
2025-07-26 19:10:26 - AutoML.ComparativeEarlyStopping - INFO - Early stopping evaluation for efficientnet_b0:
2025-07-26 19:10:26 - AutoML.ComparativeEarlyStopping - INFO -   Decision scores: {'statistical_significance': 0.0, 'performance_gap': 0.0, 'learning_trend': 0.0, 'resource_efficiency': 0.015147612007014977}
2025-07-26 19:10:26 - AutoML.ComparativeEarlyStopping - INFO -   Final score: 0.002
2025-07-26 19:10:26 - AutoML.ComparativeEarlyStopping - INFO -   Decision: CONTINUE
2025-07-26 19:11:00 - AutoML.ComparativeEarlyStopping - INFO - Early stopping evaluation for efficientnet_b0:
2025-07-26 19:11:00 - AutoML.ComparativeEarlyStopping - INFO -   Decision scores: {'statistical_significance': 0.0, 'performance_gap': 0.0, 'learning_trend': 0.0, 'resource_efficiency': 0.0}
2025-07-26 19:11:00 - AutoML.ComparativeEarlyStopping - INFO -   Final score: 0.000
2025-07-26 19:11:00 - AutoML.ComparativeEarlyStopping - INFO -   Decision: CONTINUE
2025-07-26 19:11:37 - AutoML.ComparativeEarlyStopping - INFO - Early stopping evaluation for efficientnet_b0:
2025-07-26 19:11:37 - AutoML.ComparativeEarlyStopping - INFO -   Decision scores: {'statistical_significance': 0.0, 'performance_gap': 0.0, 'learning_trend': 0.0, 'resource_efficiency': 0.0}
2025-07-26 19:11:37 - AutoML.ComparativeEarlyStopping - INFO -   Final score: 0.000
2025-07-26 19:11:37 - AutoML.ComparativeEarlyStopping - INFO -   Decision: CONTINUE
2025-07-26 19:12:12 - AutoML.ComparativeEarlyStopping - INFO - Early stopping evaluation for efficientnet_b0:
2025-07-26 19:12:12 - AutoML.ComparativeEarlyStopping - INFO -   Decision scores: {'statistical_significance': 0.0, 'performance_gap': 0.0, 'learning_trend': 0.0, 'resource_efficiency': 0.0}
2025-07-26 19:12:12 - AutoML.ComparativeEarlyStopping - INFO -   Final score: 0.000
2025-07-26 19:12:12 - AutoML.ComparativeEarlyStopping - INFO -   Decision: CONTINUE
2025-07-26 19:12:12 - AutoML.Trainer - INFO - Epoch 20/38 - Train Acc: 0.7358, Val Acc: 0.5822, Val Loss: 1.4078, Time: 35.7s
2025-07-26 19:12:49 - AutoML.ComparativeEarlyStopping - INFO - Early stopping evaluation for efficientnet_b0:
2025-07-26 19:12:49 - AutoML.ComparativeEarlyStopping - INFO -   Decision scores: {'statistical_significance': 0.0, 'performance_gap': 0.0, 'learning_trend': 0.0, 'resource_efficiency': 0.0}
2025-07-26 19:12:49 - AutoML.ComparativeEarlyStopping - INFO -   Final score: 0.000
2025-07-26 19:12:49 - AutoML.ComparativeEarlyStopping - INFO -   Decision: CONTINUE
2025-07-26 19:13:25 - AutoML.ComparativeEarlyStopping - INFO - Early stopping evaluation for efficientnet_b0:
2025-07-26 19:13:25 - AutoML.ComparativeEarlyStopping - INFO -   Decision scores: {'statistical_significance': 0.0, 'performance_gap': 0.0, 'learning_trend': 0.0, 'resource_efficiency': 0.0}
2025-07-26 19:13:25 - AutoML.ComparativeEarlyStopping - INFO -   Final score: 0.000
2025-07-26 19:13:25 - AutoML.ComparativeEarlyStopping - INFO -   Decision: CONTINUE
2025-07-26 19:14:01 - AutoML.ComparativeEarlyStopping - INFO - Early stopping evaluation for efficientnet_b0:
2025-07-26 19:14:01 - AutoML.ComparativeEarlyStopping - INFO -   Decision scores: {'statistical_significance': 0.0, 'performance_gap': 0.0, 'learning_trend': 0.0, 'resource_efficiency': 0.0}
2025-07-26 19:14:01 - AutoML.ComparativeEarlyStopping - INFO -   Final score: 0.000
2025-07-26 19:14:01 - AutoML.ComparativeEarlyStopping - INFO -   Decision: CONTINUE
2025-07-26 19:14:39 - AutoML.ComparativeEarlyStopping - INFO - Early stopping evaluation for efficientnet_b0:
2025-07-26 19:14:39 - AutoML.ComparativeEarlyStopping - INFO -   Decision scores: {'statistical_significance': 0.0, 'performance_gap': 0.0, 'learning_trend': 0.0, 'resource_efficiency': 0.0}
2025-07-26 19:14:39 - AutoML.ComparativeEarlyStopping - INFO -   Final score: 0.000
2025-07-26 19:14:39 - AutoML.ComparativeEarlyStopping - INFO -   Decision: CONTINUE
2025-07-26 19:15:16 - AutoML.ComparativeEarlyStopping - INFO - Early stopping evaluation for efficientnet_b0:
2025-07-26 19:15:16 - AutoML.ComparativeEarlyStopping - INFO -   Decision scores: {'statistical_significance': 0.0, 'performance_gap': 0.0, 'learning_trend': 0.0, 'resource_efficiency': 0.0}
2025-07-26 19:15:16 - AutoML.ComparativeEarlyStopping - INFO -   Final score: 0.000
2025-07-26 19:15:16 - AutoML.ComparativeEarlyStopping - INFO -   Decision: CONTINUE
2025-07-26 19:15:16 - AutoML.Trainer - INFO - Epoch 25/38 - Train Acc: 0.7990, Val Acc: 0.5794, Val Loss: 1.6283, Time: 37.4s
2025-07-26 19:15:54 - AutoML.ComparativeEarlyStopping - INFO - Early stopping evaluation for efficientnet_b0:
2025-07-26 19:15:54 - AutoML.ComparativeEarlyStopping - INFO -   Decision scores: {'statistical_significance': 0.0, 'performance_gap': 0.0, 'learning_trend': 0.0, 'resource_efficiency': 0.0}
2025-07-26 19:15:54 - AutoML.ComparativeEarlyStopping - INFO -   Final score: 0.000
2025-07-26 19:15:54 - AutoML.ComparativeEarlyStopping - INFO -   Decision: CONTINUE
2025-07-26 19:16:30 - AutoML.ComparativeEarlyStopping - INFO - Early stopping evaluation for efficientnet_b0:
2025-07-26 19:16:30 - AutoML.ComparativeEarlyStopping - INFO -   Decision scores: {'statistical_significance': 0.0, 'performance_gap': 0.0, 'learning_trend': 0.0, 'resource_efficiency': 0.0}
2025-07-26 19:16:30 - AutoML.ComparativeEarlyStopping - INFO -   Final score: 0.000
2025-07-26 19:16:30 - AutoML.ComparativeEarlyStopping - INFO -   Decision: CONTINUE
2025-07-26 19:17:05 - AutoML.ComparativeEarlyStopping - INFO - Early stopping evaluation for efficientnet_b0:
2025-07-26 19:17:05 - AutoML.ComparativeEarlyStopping - INFO -   Decision scores: {'statistical_significance': 0.0, 'performance_gap': 0.0, 'learning_trend': 0.0, 'resource_efficiency': 0.0}
2025-07-26 19:17:05 - AutoML.ComparativeEarlyStopping - INFO -   Final score: 0.000
2025-07-26 19:17:05 - AutoML.ComparativeEarlyStopping - INFO -   Decision: CONTINUE
2025-07-26 19:17:41 - AutoML.ComparativeEarlyStopping - INFO - Early stopping evaluation for efficientnet_b0:
2025-07-26 19:17:41 - AutoML.ComparativeEarlyStopping - INFO -   Decision scores: {'statistical_significance': 0.0, 'performance_gap': 0.0, 'learning_trend': 0.0, 'resource_efficiency': 0.0}
2025-07-26 19:17:41 - AutoML.ComparativeEarlyStopping - INFO -   Final score: 0.000
2025-07-26 19:17:41 - AutoML.ComparativeEarlyStopping - INFO -   Decision: CONTINUE
2025-07-26 19:18:19 - AutoML.ComparativeEarlyStopping - INFO - Early stopping evaluation for efficientnet_b0:
2025-07-26 19:18:19 - AutoML.ComparativeEarlyStopping - INFO -   Decision scores: {'statistical_significance': 0.0, 'performance_gap': 0.0, 'learning_trend': 0.0, 'resource_efficiency': 0.0}
2025-07-26 19:18:19 - AutoML.ComparativeEarlyStopping - INFO -   Final score: 0.000
2025-07-26 19:18:19 - AutoML.ComparativeEarlyStopping - INFO -   Decision: CONTINUE
2025-07-26 19:18:19 - AutoML.Trainer - INFO - Epoch 30/38 - Train Acc: 0.8325, Val Acc: 0.5909, Val Loss: 1.7510, Time: 37.1s
2025-07-26 19:18:54 - AutoML.ComparativeEarlyStopping - INFO - Early stopping evaluation for efficientnet_b0:
2025-07-26 19:18:54 - AutoML.ComparativeEarlyStopping - INFO -   Decision scores: {'statistical_significance': 0.0, 'performance_gap': 0.0, 'learning_trend': 0.0, 'resource_efficiency': 0.0}
2025-07-26 19:18:54 - AutoML.ComparativeEarlyStopping - INFO -   Final score: 0.000
2025-07-26 19:18:54 - AutoML.ComparativeEarlyStopping - INFO -   Decision: CONTINUE
2025-07-26 19:19:30 - AutoML.ComparativeEarlyStopping - INFO - Early stopping evaluation for efficientnet_b0:
2025-07-26 19:19:30 - AutoML.ComparativeEarlyStopping - INFO -   Decision scores: {'statistical_significance': 0.0, 'performance_gap': 0.0, 'learning_trend': 0.0, 'resource_efficiency': 0.0}
2025-07-26 19:19:30 - AutoML.ComparativeEarlyStopping - INFO -   Final score: 0.000
2025-07-26 19:19:30 - AutoML.ComparativeEarlyStopping - INFO -   Decision: CONTINUE
2025-07-26 19:20:06 - AutoML.ComparativeEarlyStopping - INFO - Early stopping evaluation for efficientnet_b0:
2025-07-26 19:20:06 - AutoML.ComparativeEarlyStopping - INFO -   Decision scores: {'statistical_significance': 0.0, 'performance_gap': 0.0, 'learning_trend': 0.0, 'resource_efficiency': 0.0}
2025-07-26 19:20:06 - AutoML.ComparativeEarlyStopping - INFO -   Final score: 0.000
2025-07-26 19:20:06 - AutoML.ComparativeEarlyStopping - INFO -   Decision: CONTINUE
2025-07-26 19:20:42 - AutoML.ComparativeEarlyStopping - INFO - Early stopping evaluation for efficientnet_b0:
2025-07-26 19:20:42 - AutoML.ComparativeEarlyStopping - INFO -   Decision scores: {'statistical_significance': 0.0, 'performance_gap': 0.0, 'learning_trend': 0.0, 'resource_efficiency': 0.0}
2025-07-26 19:20:42 - AutoML.ComparativeEarlyStopping - INFO -   Final score: 0.000
2025-07-26 19:20:42 - AutoML.ComparativeEarlyStopping - INFO -   Decision: CONTINUE
2025-07-26 19:21:18 - AutoML.ComparativeEarlyStopping - INFO - Early stopping evaluation for efficientnet_b0:
2025-07-26 19:21:18 - AutoML.ComparativeEarlyStopping - INFO -   Decision scores: {'statistical_significance': 0.0, 'performance_gap': 0.0, 'learning_trend': 0.0, 'resource_efficiency': 0.0}
2025-07-26 19:21:18 - AutoML.ComparativeEarlyStopping - INFO -   Final score: 0.000
2025-07-26 19:21:18 - AutoML.ComparativeEarlyStopping - INFO -   Decision: CONTINUE
2025-07-26 19:21:18 - AutoML.Trainer - INFO - Epoch 35/38 - Train Acc: 0.8523, Val Acc: 0.5890, Val Loss: 1.8301, Time: 35.7s
2025-07-26 19:22:02 - AutoML.ComparativeEarlyStopping - INFO - Early stopping evaluation for efficientnet_b0:
2025-07-26 19:22:02 - AutoML.ComparativeEarlyStopping - INFO -   Decision scores: {'statistical_significance': 0.0, 'performance_gap': 0.0, 'learning_trend': 0.0, 'resource_efficiency': 0.0}
2025-07-26 19:22:02 - AutoML.ComparativeEarlyStopping - INFO -   Final score: 0.000
2025-07-26 19:22:02 - AutoML.ComparativeEarlyStopping - INFO -   Decision: CONTINUE
2025-07-26 19:22:37 - AutoML.ComparativeEarlyStopping - INFO - Early stopping evaluation for efficientnet_b0:
2025-07-26 19:22:37 - AutoML.ComparativeEarlyStopping - INFO -   Decision scores: {'statistical_significance': 0.0, 'performance_gap': 0.0, 'learning_trend': 0.0, 'resource_efficiency': 0.0}
2025-07-26 19:22:37 - AutoML.ComparativeEarlyStopping - INFO -   Final score: 0.000
2025-07-26 19:22:37 - AutoML.ComparativeEarlyStopping - INFO -   Decision: CONTINUE
2025-07-26 19:23:16 - AutoML.ComparativeEarlyStopping - INFO - Early stopping evaluation for efficientnet_b0:
2025-07-26 19:23:16 - AutoML.ComparativeEarlyStopping - INFO -   Decision scores: {'statistical_significance': 0.0, 'performance_gap': 0.0, 'learning_trend': 0.0, 'resource_efficiency': 0.0}
2025-07-26 19:23:16 - AutoML.ComparativeEarlyStopping - INFO -   Final score: 0.000
2025-07-26 19:23:16 - AutoML.ComparativeEarlyStopping - INFO -   Decision: CONTINUE
2025-07-26 19:23:16 - AutoML.Trainer - INFO - Epoch 38/38 - Train Acc: 0.8537, Val Acc: 0.5895, Val Loss: 1.7995, Time: 39.2s
2025-07-26 19:23:16 - AutoML.Trainer - INFO - Training completed for efficientnet_b0
2025-07-26 19:23:16 - AutoML.Trainer - INFO - Best validation accuracy: 0.5909
2025-07-26 19:23:16 - AutoML.Trainer - INFO - Total training time: 1388.7s
2025-07-26 19:23:16 - AutoML.Trainer - INFO - Average epoch time: 36.5s
2025-07-26 19:23:16 - AutoML.Trainer - INFO - Evaluating hyperparameters for efficientnet_b0: {'learning_rate': 0.00015030900645056822, 'optimizer': 'adam', 'weight_decay': 5.989003672254308e-06, 'batch_size': 64, 'dropout_rate': 0.2628088249474746, 'pretrained': True, 'lr_scheduler': 'step', 'max_epochs': 40}
2025-07-26 19:23:16 - AutoML.ModelFactory - INFO - Creating efficientnet_b0 (pretrained=True, dropout=0.2628088249474746)
2025-07-26 19:23:16 - AutoML - INFO -  Starting: efficientnet_b0 creation
2025-07-26 19:23:17 - AutoML.ModelFactory - INFO - efficientnet_b0 created successfully:
2025-07-26 19:23:17 - AutoML.ModelFactory - INFO -   Parameters: 4,015,939
2025-07-26 19:23:17 - AutoML.ModelFactory - INFO -   Trainable: 4,015,939
2025-07-26 19:23:17 - AutoML.ModelFactory - INFO -   Model size: 15.32 MB
2025-07-26 19:23:17 - AutoML - INFO -  efficientnet_b0 creation completed in 0.29 seconds
2025-07-26 19:23:28 - AutoML.Trainer - INFO - Class distribution: {3: 155, 0: 77, 2: 97, 6: 121, 4: 117, 5: 70, 1: 3}
2025-07-26 19:23:28 - AutoML.Trainer - INFO - Class weights: [1.1873840445269017, 30.476190476190474, 0.9425625920471281, 0.5898617511520737, 0.7814407814407814, 1.3061224489795917, 0.755608028335301]
2025-07-26 19:26:29 - AutoML.ComparativeEarlyStopping - INFO - Early stopping evaluation for efficientnet_b0:
2025-07-26 19:26:29 - AutoML.ComparativeEarlyStopping - INFO -   Decision scores: {'statistical_significance': 0.0, 'performance_gap': 1.0, 'learning_trend': 0.0, 'resource_efficiency': 0.5398441747339449}
2025-07-26 19:26:29 - AutoML.ComparativeEarlyStopping - INFO -   Final score: 0.331
2025-07-26 19:26:29 - AutoML.ComparativeEarlyStopping - INFO -   Decision: CONTINUE
2025-07-26 19:26:29 - AutoML.Trainer - INFO - Epoch 5/40 - Train Acc: 0.2492, Val Acc: 0.2858, Val Loss: 1.5691, Time: 36.4s
2025-07-26 19:27:04 - AutoML.ComparativeEarlyStopping - INFO - Early stopping evaluation for efficientnet_b0:
2025-07-26 19:27:04 - AutoML.ComparativeEarlyStopping - INFO -   Decision scores: {'statistical_significance': 0.0, 'performance_gap': 1.0, 'learning_trend': 0.0, 'resource_efficiency': 0.48620205196666566}
2025-07-26 19:27:04 - AutoML.ComparativeEarlyStopping - INFO -   Final score: 0.323
2025-07-26 19:27:04 - AutoML.ComparativeEarlyStopping - INFO -   Decision: CONTINUE
2025-07-26 19:27:41 - AutoML.ComparativeEarlyStopping - INFO - Early stopping evaluation for efficientnet_b0:
2025-07-26 19:27:41 - AutoML.ComparativeEarlyStopping - INFO -   Decision scores: {'statistical_significance': 0.0, 'performance_gap': 1.0, 'learning_trend': 0.0, 'resource_efficiency': 0.41155642006385207}
2025-07-26 19:27:41 - AutoML.ComparativeEarlyStopping - INFO -   Final score: 0.312
2025-07-26 19:27:41 - AutoML.ComparativeEarlyStopping - INFO -   Decision: CONTINUE
2025-07-26 19:28:17 - AutoML.ComparativeEarlyStopping - INFO - Early stopping evaluation for efficientnet_b0:
2025-07-26 19:28:17 - AutoML.ComparativeEarlyStopping - INFO -   Decision scores: {'statistical_significance': 0.0, 'performance_gap': 1.0, 'learning_trend': 0.0, 'resource_efficiency': 0.3646419872464246}
2025-07-26 19:28:17 - AutoML.ComparativeEarlyStopping - INFO -   Final score: 0.305
2025-07-26 19:28:17 - AutoML.ComparativeEarlyStopping - INFO -   Decision: CONTINUE
2025-07-26 19:28:52 - AutoML.ComparativeEarlyStopping - INFO - Early stopping evaluation for efficientnet_b0:
2025-07-26 19:28:52 - AutoML.ComparativeEarlyStopping - INFO -   Decision scores: {'statistical_significance': 0.0, 'performance_gap': 0.9549518170207827, 'learning_trend': 0.0, 'resource_efficiency': 0.32294799605411584}
2025-07-26 19:28:52 - AutoML.ComparativeEarlyStopping - INFO -   Final score: 0.287
2025-07-26 19:28:52 - AutoML.ComparativeEarlyStopping - INFO -   Decision: CONTINUE
2025-07-26 19:29:30 - AutoML.ComparativeEarlyStopping - INFO - Early stopping evaluation for efficientnet_b0:
2025-07-26 19:29:30 - AutoML.ComparativeEarlyStopping - INFO -   Decision scores: {'statistical_significance': 0.0, 'performance_gap': 0.7612039939626155, 'learning_trend': 0.0, 'resource_efficiency': 0.2993337782996043}
2025-07-26 19:29:30 - AutoML.ComparativeEarlyStopping - INFO -   Final score: 0.235
2025-07-26 19:29:30 - AutoML.ComparativeEarlyStopping - INFO -   Decision: CONTINUE
2025-07-26 19:29:30 - AutoML.Trainer - INFO - Epoch 10/40 - Train Acc: 0.3795, Val Acc: 0.4026, Val Loss: 1.4100, Time: 37.2s
2025-07-26 19:30:06 - AutoML.ComparativeEarlyStopping - INFO - Early stopping evaluation for efficientnet_b0:
2025-07-26 19:30:06 - AutoML.ComparativeEarlyStopping - INFO -   Decision scores: {'statistical_significance': 0.0, 'performance_gap': 0.534802043422733, 'learning_trend': 0.0, 'resource_efficiency': 0.26430868119794027}
2025-07-26 19:30:06 - AutoML.ComparativeEarlyStopping - INFO -   Final score: 0.173
2025-07-26 19:30:06 - AutoML.ComparativeEarlyStopping - INFO -   Decision: CONTINUE
2025-07-26 19:30:42 - AutoML.ComparativeEarlyStopping - INFO - Early stopping evaluation for efficientnet_b0:
2025-07-26 19:30:42 - AutoML.ComparativeEarlyStopping - INFO -   Decision scores: {'statistical_significance': 0.0, 'performance_gap': 0.2967897364449093, 'learning_trend': 0.0, 'resource_efficiency': 0.23256625238212325}
2025-07-26 19:30:42 - AutoML.ComparativeEarlyStopping - INFO -   Final score: 0.109
2025-07-26 19:30:42 - AutoML.ComparativeEarlyStopping - INFO -   Decision: CONTINUE
2025-07-26 19:31:17 - AutoML.ComparativeEarlyStopping - INFO - Early stopping evaluation for efficientnet_b0:
2025-07-26 19:31:17 - AutoML.ComparativeEarlyStopping - INFO -   Decision scores: {'statistical_significance': 0.0, 'performance_gap': 0.22857889237199655, 'learning_trend': 0.0, 'resource_efficiency': 0.21103793160099504}
2025-07-26 19:31:17 - AutoML.ComparativeEarlyStopping - INFO -   Final score: 0.089
2025-07-26 19:31:17 - AutoML.ComparativeEarlyStopping - INFO -   Decision: CONTINUE
2025-07-26 19:31:58 - AutoML.ComparativeEarlyStopping - INFO - Early stopping evaluation for efficientnet_b0:
2025-07-26 19:31:58 - AutoML.ComparativeEarlyStopping - INFO -   Decision scores: {'statistical_significance': 0.0, 'performance_gap': 0.15673981191222652, 'learning_trend': 0.0, 'resource_efficiency': 0.23129322927611484}
2025-07-26 19:31:58 - AutoML.ComparativeEarlyStopping - INFO -   Final score: 0.074
2025-07-26 19:31:58 - AutoML.ComparativeEarlyStopping - INFO -   Decision: CONTINUE
2025-07-26 19:32:34 - AutoML.ComparativeEarlyStopping - INFO - Early stopping evaluation for efficientnet_b0:
2025-07-26 19:32:34 - AutoML.ComparativeEarlyStopping - INFO -   Decision scores: {'statistical_significance': 0.0, 'performance_gap': 0.13859862997794015, 'learning_trend': 0.0, 'resource_efficiency': 0.2331152306164107}
2025-07-26 19:32:34 - AutoML.ComparativeEarlyStopping - INFO -   Final score: 0.070
2025-07-26 19:32:34 - AutoML.ComparativeEarlyStopping - INFO -   Decision: CONTINUE
2025-07-26 19:32:34 - AutoML.Trainer - INFO - Epoch 15/40 - Train Acc: 0.4216, Val Acc: 0.4249, Val Loss: 1.4089, Time: 36.6s
2025-07-26 19:33:10 - AutoML.ComparativeEarlyStopping - INFO - Early stopping evaluation for efficientnet_b0:
2025-07-26 19:33:10 - AutoML.ComparativeEarlyStopping - INFO -   Decision scores: {'statistical_significance': 0.0, 'performance_gap': 0.06893649135028476, 'learning_trend': 0.0, 'resource_efficiency': 0.22409876850329669}
2025-07-26 19:33:10 - AutoML.ComparativeEarlyStopping - INFO -   Final score: 0.051
2025-07-26 19:33:10 - AutoML.ComparativeEarlyStopping - INFO -   Decision: CONTINUE
2025-07-26 19:33:46 - AutoML.ComparativeEarlyStopping - INFO - Early stopping evaluation for efficientnet_b0:
2025-07-26 19:33:46 - AutoML.ComparativeEarlyStopping - INFO -   Decision scores: {'statistical_significance': 0.0, 'performance_gap': 0.03918495297805663, 'learning_trend': 0.0, 'resource_efficiency': 0.18993997029739262}
2025-07-26 19:33:46 - AutoML.ComparativeEarlyStopping - INFO -   Final score: 0.038
2025-07-26 19:33:46 - AutoML.ComparativeEarlyStopping - INFO -   Decision: CONTINUE
2025-07-26 19:34:23 - AutoML.ComparativeEarlyStopping - INFO - Early stopping evaluation for efficientnet_b0:
2025-07-26 19:34:23 - AutoML.ComparativeEarlyStopping - INFO -   Decision scores: {'statistical_significance': 0.0, 'performance_gap': 0.0, 'learning_trend': 0.0, 'resource_efficiency': 0.18430626577069975}
2025-07-26 19:34:23 - AutoML.ComparativeEarlyStopping - INFO -   Final score: 0.028
2025-07-26 19:34:23 - AutoML.ComparativeEarlyStopping - INFO -   Decision: CONTINUE
2025-07-26 19:35:00 - AutoML.ComparativeEarlyStopping - INFO - Early stopping evaluation for efficientnet_b0:
2025-07-26 19:35:00 - AutoML.ComparativeEarlyStopping - INFO -   Decision scores: {'statistical_significance': 0.0, 'performance_gap': 0.0, 'learning_trend': 0.0, 'resource_efficiency': 0.18626103122668514}
2025-07-26 19:35:00 - AutoML.ComparativeEarlyStopping - INFO -   Final score: 0.028
2025-07-26 19:35:00 - AutoML.ComparativeEarlyStopping - INFO -   Decision: CONTINUE
2025-07-26 19:35:36 - AutoML.ComparativeEarlyStopping - INFO - Early stopping evaluation for efficientnet_b0:
2025-07-26 19:35:36 - AutoML.ComparativeEarlyStopping - INFO -   Decision scores: {'statistical_significance': 0.0, 'performance_gap': 0.0, 'learning_trend': 0.0, 'resource_efficiency': 0.17784815984255675}
2025-07-26 19:35:36 - AutoML.ComparativeEarlyStopping - INFO -   Final score: 0.027
2025-07-26 19:35:36 - AutoML.ComparativeEarlyStopping - INFO -   Decision: CONTINUE
2025-07-26 19:35:36 - AutoML.Trainer - INFO - Epoch 20/40 - Train Acc: 0.4491, Val Acc: 0.4481, Val Loss: 1.4346, Time: 35.9s
2025-07-26 19:36:14 - AutoML.ComparativeEarlyStopping - INFO - Early stopping evaluation for efficientnet_b0:
2025-07-26 19:36:14 - AutoML.ComparativeEarlyStopping - INFO -   Decision scores: {'statistical_significance': 0.0, 'performance_gap': 0.0, 'learning_trend': 0.0, 'resource_efficiency': 0.18045977153424586}
2025-07-26 19:36:14 - AutoML.ComparativeEarlyStopping - INFO -   Final score: 0.027
2025-07-26 19:36:14 - AutoML.ComparativeEarlyStopping - INFO -   Decision: CONTINUE
2025-07-26 19:36:49 - AutoML.ComparativeEarlyStopping - INFO - Early stopping evaluation for efficientnet_b0:
2025-07-26 19:36:49 - AutoML.ComparativeEarlyStopping - INFO -   Decision scores: {'statistical_significance': 0.0, 'performance_gap': 0.0, 'learning_trend': 0.0, 'resource_efficiency': 0.16686025790048953}
2025-07-26 19:36:49 - AutoML.ComparativeEarlyStopping - INFO -   Final score: 0.025
2025-07-26 19:36:49 - AutoML.ComparativeEarlyStopping - INFO -   Decision: CONTINUE
2025-07-26 19:37:25 - AutoML.ComparativeEarlyStopping - INFO - Early stopping evaluation for efficientnet_b0:
2025-07-26 19:37:25 - AutoML.ComparativeEarlyStopping - INFO -   Decision scores: {'statistical_significance': 0.0, 'performance_gap': 0.0, 'learning_trend': 0.0, 'resource_efficiency': 0.1641838797162397}
2025-07-26 19:37:25 - AutoML.ComparativeEarlyStopping - INFO -   Final score: 0.025
2025-07-26 19:37:25 - AutoML.ComparativeEarlyStopping - INFO -   Decision: CONTINUE
2025-07-26 19:38:01 - AutoML.ComparativeEarlyStopping - INFO - Early stopping evaluation for efficientnet_b0:
2025-07-26 19:38:01 - AutoML.ComparativeEarlyStopping - INFO -   Decision scores: {'statistical_significance': 0.0, 'performance_gap': 0.0, 'learning_trend': 0.0, 'resource_efficiency': 0.14335110519598326}
2025-07-26 19:38:01 - AutoML.ComparativeEarlyStopping - INFO -   Final score: 0.022
2025-07-26 19:38:01 - AutoML.ComparativeEarlyStopping - INFO -   Decision: CONTINUE
2025-07-26 19:38:37 - AutoML.ComparativeEarlyStopping - INFO - Early stopping evaluation for efficientnet_b0:
2025-07-26 19:38:37 - AutoML.ComparativeEarlyStopping - INFO -   Decision scores: {'statistical_significance': 0.0, 'performance_gap': 0.0, 'learning_trend': 0.0, 'resource_efficiency': 0.15003872288527353}
2025-07-26 19:38:37 - AutoML.ComparativeEarlyStopping - INFO -   Final score: 0.023
2025-07-26 19:38:37 - AutoML.ComparativeEarlyStopping - INFO -   Decision: CONTINUE
2025-07-26 19:38:37 - AutoML.Trainer - INFO - Epoch 25/40 - Train Acc: 0.4561, Val Acc: 0.4559, Val Loss: 1.4930, Time: 36.8s
2025-07-26 19:39:13 - AutoML.ComparativeEarlyStopping - INFO - Early stopping evaluation for efficientnet_b0:
2025-07-26 19:39:13 - AutoML.ComparativeEarlyStopping - INFO -   Decision scores: {'statistical_significance': 0.0, 'performance_gap': 0.0, 'learning_trend': 0.0, 'resource_efficiency': 0.14954483031671895}
2025-07-26 19:39:13 - AutoML.ComparativeEarlyStopping - INFO -   Final score: 0.022
2025-07-26 19:39:13 - AutoML.ComparativeEarlyStopping - INFO -   Decision: CONTINUE
2025-07-26 19:39:50 - AutoML.ComparativeEarlyStopping - INFO - Early stopping evaluation for efficientnet_b0:
2025-07-26 19:39:50 - AutoML.ComparativeEarlyStopping - INFO -   Decision scores: {'statistical_significance': 0.0, 'performance_gap': 0.0, 'learning_trend': 0.0, 'resource_efficiency': 0.15679061191897226}
2025-07-26 19:39:50 - AutoML.ComparativeEarlyStopping - INFO -   Final score: 0.024
2025-07-26 19:39:50 - AutoML.ComparativeEarlyStopping - INFO -   Decision: CONTINUE
2025-07-26 19:40:25 - AutoML.ComparativeEarlyStopping - INFO - Early stopping evaluation for efficientnet_b0:
2025-07-26 19:40:25 - AutoML.ComparativeEarlyStopping - INFO -   Decision scores: {'statistical_significance': 0.0, 'performance_gap': 0.0, 'learning_trend': 0.0, 'resource_efficiency': 0.14666314540679293}
2025-07-26 19:40:25 - AutoML.ComparativeEarlyStopping - INFO -   Final score: 0.022
2025-07-26 19:40:25 - AutoML.ComparativeEarlyStopping - INFO -   Decision: CONTINUE
2025-07-26 19:41:01 - AutoML.ComparativeEarlyStopping - INFO - Early stopping evaluation for efficientnet_b0:
2025-07-26 19:41:01 - AutoML.ComparativeEarlyStopping - INFO -   Decision scores: {'statistical_significance': 0.0, 'performance_gap': 0.0, 'learning_trend': 0.0, 'resource_efficiency': 0.14278537859649676}
2025-07-26 19:41:01 - AutoML.ComparativeEarlyStopping - INFO -   Final score: 0.021
2025-07-26 19:41:01 - AutoML.ComparativeEarlyStopping - INFO -   Decision: CONTINUE
2025-07-26 19:41:37 - AutoML.ComparativeEarlyStopping - INFO - Early stopping evaluation for efficientnet_b0:
2025-07-26 19:41:37 - AutoML.ComparativeEarlyStopping - INFO -   Decision scores: {'statistical_significance': 0.0, 'performance_gap': 0.0, 'learning_trend': 0.0, 'resource_efficiency': 0.13435097869353452}
2025-07-26 19:41:37 - AutoML.ComparativeEarlyStopping - INFO -   Final score: 0.020
2025-07-26 19:41:37 - AutoML.ComparativeEarlyStopping - INFO -   Decision: CONTINUE
2025-07-26 19:41:37 - AutoML.Trainer - INFO - Epoch 30/40 - Train Acc: 0.4613, Val Acc: 0.4561, Val Loss: 1.4544, Time: 36.0s
2025-07-26 19:42:12 - AutoML.ComparativeEarlyStopping - INFO - Early stopping evaluation for efficientnet_b0:
2025-07-26 19:42:12 - AutoML.ComparativeEarlyStopping - INFO -   Decision scores: {'statistical_significance': 0.0, 'performance_gap': 0.0, 'learning_trend': 0.0, 'resource_efficiency': 0.13690962384210914}
2025-07-26 19:42:12 - AutoML.ComparativeEarlyStopping - INFO -   Final score: 0.021
2025-07-26 19:42:12 - AutoML.ComparativeEarlyStopping - INFO -   Decision: CONTINUE
2025-07-26 19:42:49 - AutoML.ComparativeEarlyStopping - INFO - Early stopping evaluation for efficientnet_b0:
2025-07-26 19:42:49 - AutoML.ComparativeEarlyStopping - INFO -   Decision scores: {'statistical_significance': 0.0, 'performance_gap': 0.0, 'learning_trend': 0.0, 'resource_efficiency': 0.14529154331327931}
2025-07-26 19:42:49 - AutoML.ComparativeEarlyStopping - INFO -   Final score: 0.022
2025-07-26 19:42:49 - AutoML.ComparativeEarlyStopping - INFO -   Decision: CONTINUE
2025-07-26 19:43:29 - AutoML.ComparativeEarlyStopping - INFO - Early stopping evaluation for efficientnet_b0:
2025-07-26 19:43:29 - AutoML.ComparativeEarlyStopping - INFO -   Decision scores: {'statistical_significance': 0.0, 'performance_gap': 0.0, 'learning_trend': 0.0, 'resource_efficiency': 0.1793456313402747}
2025-07-26 19:43:29 - AutoML.ComparativeEarlyStopping - INFO -   Final score: 0.027
2025-07-26 19:43:29 - AutoML.ComparativeEarlyStopping - INFO -   Decision: CONTINUE
2025-07-26 19:44:04 - AutoML.ComparativeEarlyStopping - INFO - Early stopping evaluation for efficientnet_b0:
2025-07-26 19:44:04 - AutoML.ComparativeEarlyStopping - INFO -   Decision scores: {'statistical_significance': 0.0, 'performance_gap': 0.0, 'learning_trend': 0.0, 'resource_efficiency': 0.17605680582249905}
2025-07-26 19:44:04 - AutoML.ComparativeEarlyStopping - INFO -   Final score: 0.026
2025-07-26 19:44:04 - AutoML.ComparativeEarlyStopping - INFO -   Decision: CONTINUE
2025-07-26 19:44:42 - AutoML.ComparativeEarlyStopping - INFO - Early stopping evaluation for efficientnet_b0:
2025-07-26 19:44:42 - AutoML.ComparativeEarlyStopping - INFO -   Decision scores: {'statistical_significance': 0.0, 'performance_gap': 0.0, 'learning_trend': 0.0, 'resource_efficiency': 0.1862050089562194}
2025-07-26 19:44:42 - AutoML.ComparativeEarlyStopping - INFO -   Final score: 0.028
2025-07-26 19:44:42 - AutoML.ComparativeEarlyStopping - INFO -   Decision: CONTINUE
2025-07-26 19:44:42 - AutoML.Trainer - INFO - Epoch 35/40 - Train Acc: 0.4617, Val Acc: 0.4559, Val Loss: 1.4486, Time: 38.1s
2025-07-26 19:45:19 - AutoML.ComparativeEarlyStopping - INFO - Early stopping evaluation for efficientnet_b0:
2025-07-26 19:45:19 - AutoML.ComparativeEarlyStopping - INFO -   Decision scores: {'statistical_significance': 0.0, 'performance_gap': 0.0, 'learning_trend': 0.0, 'resource_efficiency': 0.15565399040246086}
2025-07-26 19:45:19 - AutoML.ComparativeEarlyStopping - INFO -   Final score: 0.023
2025-07-26 19:45:19 - AutoML.ComparativeEarlyStopping - INFO -   Decision: CONTINUE
2025-07-26 19:45:54 - AutoML.ComparativeEarlyStopping - INFO - Early stopping evaluation for efficientnet_b0:
2025-07-26 19:45:54 - AutoML.ComparativeEarlyStopping - INFO -   Decision scores: {'statistical_significance': 0.0, 'performance_gap': 0.0, 'learning_trend': 0.0, 'resource_efficiency': 0.15678851056207965}
2025-07-26 19:45:54 - AutoML.ComparativeEarlyStopping - INFO -   Final score: 0.024
2025-07-26 19:45:54 - AutoML.ComparativeEarlyStopping - INFO -   Decision: CONTINUE
2025-07-26 19:46:29 - AutoML.ComparativeEarlyStopping - INFO - Early stopping evaluation for efficientnet_b0:
2025-07-26 19:46:29 - AutoML.ComparativeEarlyStopping - INFO -   Decision scores: {'statistical_significance': 0.0, 'performance_gap': 0.0, 'learning_trend': 0.0, 'resource_efficiency': 0.13498010245022918}
2025-07-26 19:46:29 - AutoML.ComparativeEarlyStopping - INFO -   Final score: 0.020
2025-07-26 19:46:29 - AutoML.ComparativeEarlyStopping - INFO -   Decision: CONTINUE
2025-07-26 19:47:05 - AutoML.ComparativeEarlyStopping - INFO - Early stopping evaluation for efficientnet_b0:
2025-07-26 19:47:05 - AutoML.ComparativeEarlyStopping - INFO -   Decision scores: {'statistical_significance': 0.0, 'performance_gap': 0.0, 'learning_trend': 0.5, 'resource_efficiency': 0.13588639772805178}
2025-07-26 19:47:05 - AutoML.ComparativeEarlyStopping - INFO -   Final score: 0.145
2025-07-26 19:47:05 - AutoML.ComparativeEarlyStopping - INFO -   Decision: CONTINUE
2025-07-26 19:47:41 - AutoML.ComparativeEarlyStopping - INFO - Early stopping evaluation for efficientnet_b0:
2025-07-26 19:47:41 - AutoML.ComparativeEarlyStopping - INFO -   Decision scores: {'statistical_significance': 0.0, 'performance_gap': 0.0, 'learning_trend': 0.3, 'resource_efficiency': 0.13918455729570367}
2025-07-26 19:47:41 - AutoML.ComparativeEarlyStopping - INFO -   Final score: 0.096
2025-07-26 19:47:41 - AutoML.ComparativeEarlyStopping - INFO -   Decision: CONTINUE
2025-07-26 19:47:41 - AutoML.Trainer - INFO - Epoch 40/40 - Train Acc: 0.4561, Val Acc: 0.4551, Val Loss: 1.4530, Time: 35.8s
2025-07-26 19:47:41 - AutoML.Trainer - INFO - Training completed for efficientnet_b0
2025-07-26 19:47:41 - AutoML.Trainer - INFO - Best validation accuracy: 0.4587
2025-07-26 19:47:41 - AutoML.Trainer - INFO - Total training time: 1453.3s
2025-07-26 19:47:41 - AutoML.Trainer - INFO - Average epoch time: 36.3s
2025-07-26 19:47:41 - AutoML.Trainer - INFO - Evaluating hyperparameters for efficientnet_b0: {'learning_rate': 0.0035033984911586884, 'optimizer': 'adam', 'weight_decay': 2.59247566047516e-05, 'batch_size': 64, 'dropout_rate': 0.13476071785753893, 'pretrained': True, 'lr_scheduler': 'cosine', 'max_epochs': 16}
2025-07-26 19:47:41 - AutoML.ModelFactory - INFO - Creating efficientnet_b0 (pretrained=True, dropout=0.13476071785753893)
2025-07-26 19:47:41 - AutoML - INFO -  Starting: efficientnet_b0 creation
2025-07-26 19:47:41 - AutoML.ModelFactory - INFO - efficientnet_b0 created successfully:
2025-07-26 19:47:41 - AutoML.ModelFactory - INFO -   Parameters: 4,015,939
2025-07-26 19:47:41 - AutoML.ModelFactory - INFO -   Trainable: 4,015,939
2025-07-26 19:47:41 - AutoML.ModelFactory - INFO -   Model size: 15.32 MB
2025-07-26 19:47:41 - AutoML - INFO -  efficientnet_b0 creation completed in 0.24 seconds
2025-07-26 19:47:52 - AutoML.Trainer - INFO - Class distribution: {6: 109, 3: 171, 5: 63, 1: 11, 4: 103, 2: 92, 0: 91}
2025-07-26 19:47:52 - AutoML.Trainer - INFO - Class weights: [1.0047095761381475, 8.311688311688311, 0.9937888198757764, 0.5346700083542189, 0.8876560332871013, 1.4512471655328798, 0.8387942332896461]
2025-07-26 19:50:53 - AutoML.ComparativeEarlyStopping - INFO - Early stopping evaluation for efficientnet_b0:
2025-07-26 19:50:53 - AutoML.ComparativeEarlyStopping - INFO -   Decision scores: {'statistical_significance': 0.0, 'performance_gap': 0.0, 'learning_trend': 0.5, 'resource_efficiency': 0.04504872369868074}
2025-07-26 19:50:53 - AutoML.ComparativeEarlyStopping - INFO -   Final score: 0.132
2025-07-26 19:50:53 - AutoML.ComparativeEarlyStopping - INFO -   Decision: CONTINUE
2025-07-26 19:50:53 - AutoML.Trainer - INFO - Epoch 5/16 - Train Acc: 0.5241, Val Acc: 0.5164, Val Loss: 1.3063, Time: 35.8s
2025-07-26 19:51:29 - AutoML.ComparativeEarlyStopping - INFO - Early stopping evaluation for efficientnet_b0:
2025-07-26 19:51:29 - AutoML.ComparativeEarlyStopping - INFO -   Decision scores: {'statistical_significance': 0.0, 'performance_gap': 0.0, 'learning_trend': 0.5, 'resource_efficiency': 0.007239103994177931}
2025-07-26 19:51:29 - AutoML.ComparativeEarlyStopping - INFO -   Final score: 0.126
2025-07-26 19:51:29 - AutoML.ComparativeEarlyStopping - INFO -   Decision: CONTINUE
2025-07-26 19:52:04 - AutoML.ComparativeEarlyStopping - INFO - Early stopping evaluation for efficientnet_b0:
2025-07-26 19:52:04 - AutoML.ComparativeEarlyStopping - INFO -   Decision scores: {'statistical_significance': 0.0, 'performance_gap': 0.0, 'learning_trend': 0.5, 'resource_efficiency': 0.0}
2025-07-26 19:52:04 - AutoML.ComparativeEarlyStopping - INFO -   Final score: 0.125
2025-07-26 19:52:04 - AutoML.ComparativeEarlyStopping - INFO -   Decision: CONTINUE
2025-07-26 19:52:43 - AutoML.ComparativeEarlyStopping - INFO - Early stopping evaluation for efficientnet_b0:
2025-07-26 19:52:43 - AutoML.ComparativeEarlyStopping - INFO -   Decision scores: {'statistical_significance': 0.0, 'performance_gap': 0.0, 'learning_trend': 0.5, 'resource_efficiency': 0.0}
2025-07-26 19:52:43 - AutoML.ComparativeEarlyStopping - INFO -   Final score: 0.125
2025-07-26 19:52:43 - AutoML.ComparativeEarlyStopping - INFO -   Decision: CONTINUE
2025-07-26 19:53:19 - AutoML.ComparativeEarlyStopping - INFO - Early stopping evaluation for efficientnet_b0:
2025-07-26 19:53:19 - AutoML.ComparativeEarlyStopping - INFO -   Decision scores: {'statistical_significance': 0.0, 'performance_gap': 0.0, 'learning_trend': 0.5, 'resource_efficiency': 0.0}
2025-07-26 19:53:19 - AutoML.ComparativeEarlyStopping - INFO -   Final score: 0.125
2025-07-26 19:53:19 - AutoML.ComparativeEarlyStopping - INFO -   Decision: CONTINUE
2025-07-26 19:53:55 - AutoML.ComparativeEarlyStopping - INFO - Early stopping evaluation for efficientnet_b0:
2025-07-26 19:53:55 - AutoML.ComparativeEarlyStopping - INFO -   Decision scores: {'statistical_significance': 0.0, 'performance_gap': 0.0, 'learning_trend': 0.0, 'resource_efficiency': 0.0}
2025-07-26 19:53:55 - AutoML.ComparativeEarlyStopping - INFO -   Final score: 0.000
2025-07-26 19:53:55 - AutoML.ComparativeEarlyStopping - INFO -   Decision: CONTINUE
2025-07-26 19:53:55 - AutoML.Trainer - INFO - Epoch 10/16 - Train Acc: 0.5998, Val Acc: 0.5846, Val Loss: 1.1101, Time: 35.9s
2025-07-26 19:54:30 - AutoML.ComparativeEarlyStopping - INFO - Early stopping evaluation for efficientnet_b0:
2025-07-26 19:54:30 - AutoML.ComparativeEarlyStopping - INFO -   Decision scores: {'statistical_significance': 0.0, 'performance_gap': 0.0, 'learning_trend': 0.0, 'resource_efficiency': 0.0}
2025-07-26 19:54:30 - AutoML.ComparativeEarlyStopping - INFO -   Final score: 0.000
2025-07-26 19:54:30 - AutoML.ComparativeEarlyStopping - INFO -   Decision: CONTINUE
2025-07-26 19:55:06 - AutoML.ComparativeEarlyStopping - INFO - Early stopping evaluation for efficientnet_b0:
2025-07-26 19:55:06 - AutoML.ComparativeEarlyStopping - INFO -   Decision scores: {'statistical_significance': 0.0, 'performance_gap': 0.0, 'learning_trend': 0.0, 'resource_efficiency': 0.0}
2025-07-26 19:55:06 - AutoML.ComparativeEarlyStopping - INFO -   Final score: 0.000
2025-07-26 19:55:06 - AutoML.ComparativeEarlyStopping - INFO -   Decision: CONTINUE
2025-07-26 19:55:42 - AutoML.ComparativeEarlyStopping - INFO - Early stopping evaluation for efficientnet_b0:
2025-07-26 19:55:42 - AutoML.ComparativeEarlyStopping - INFO -   Decision scores: {'statistical_significance': 0.0, 'performance_gap': 0.0, 'learning_trend': 0.0, 'resource_efficiency': 0.0}
2025-07-26 19:55:42 - AutoML.ComparativeEarlyStopping - INFO -   Final score: 0.000
2025-07-26 19:55:42 - AutoML.ComparativeEarlyStopping - INFO -   Decision: CONTINUE
2025-07-26 19:56:18 - AutoML.ComparativeEarlyStopping - INFO - Early stopping evaluation for efficientnet_b0:
2025-07-26 19:56:18 - AutoML.ComparativeEarlyStopping - INFO -   Decision scores: {'statistical_significance': 0.0, 'performance_gap': 0.0, 'learning_trend': 0.0, 'resource_efficiency': 0.0}
2025-07-26 19:56:18 - AutoML.ComparativeEarlyStopping - INFO -   Final score: 0.000
2025-07-26 19:56:18 - AutoML.ComparativeEarlyStopping - INFO -   Decision: CONTINUE
2025-07-26 19:56:53 - AutoML.ComparativeEarlyStopping - INFO - Early stopping evaluation for efficientnet_b0:
2025-07-26 19:56:53 - AutoML.ComparativeEarlyStopping - INFO -   Decision scores: {'statistical_significance': 0.0, 'performance_gap': 0.0, 'learning_trend': 0.0, 'resource_efficiency': 0.0}
2025-07-26 19:56:53 - AutoML.ComparativeEarlyStopping - INFO -   Final score: 0.000
2025-07-26 19:56:53 - AutoML.ComparativeEarlyStopping - INFO -   Decision: CONTINUE
2025-07-26 19:56:53 - AutoML.Trainer - INFO - Epoch 15/16 - Train Acc: 0.7347, Val Acc: 0.6149, Val Loss: 1.8872, Time: 35.1s
2025-07-26 19:57:29 - AutoML.ComparativeEarlyStopping - INFO - Early stopping evaluation for efficientnet_b0:
2025-07-26 19:57:29 - AutoML.ComparativeEarlyStopping - INFO -   Decision scores: {'statistical_significance': 0.0, 'performance_gap': 0.0, 'learning_trend': 0.0, 'resource_efficiency': 0.0}
2025-07-26 19:57:29 - AutoML.ComparativeEarlyStopping - INFO -   Final score: 0.000
2025-07-26 19:57:29 - AutoML.ComparativeEarlyStopping - INFO -   Decision: CONTINUE
2025-07-26 19:57:29 - AutoML.Trainer - INFO - Epoch 16/16 - Train Acc: 0.7514, Val Acc: 0.6134, Val Loss: 1.3164, Time: 35.8s
2025-07-26 19:57:29 - AutoML.Trainer - INFO - Training completed for efficientnet_b0
2025-07-26 19:57:29 - AutoML.Trainer - INFO - Best validation accuracy: 0.6149
2025-07-26 19:57:29 - AutoML.Trainer - INFO - Total training time: 576.4s
2025-07-26 19:57:29 - AutoML.Trainer - INFO - Average epoch time: 36.0s
2025-07-26 19:57:29 - AutoML.Trainer - INFO - Evaluating hyperparameters for efficientnet_b0: {'learning_rate': 0.0004187594718900631, 'optimizer': 'adamw', 'weight_decay': 5.948746813219775e-05, 'batch_size': 256, 'dropout_rate': 0.2683831592708489, 'pretrained': True, 'lr_scheduler': 'cosine', 'max_epochs': 26}
2025-07-26 19:57:29 - AutoML.ModelFactory - INFO - Creating efficientnet_b0 (pretrained=True, dropout=0.2683831592708489)
2025-07-26 19:57:29 - AutoML - INFO -  Starting: efficientnet_b0 creation
2025-07-26 19:57:29 - AutoML.ModelFactory - INFO - efficientnet_b0 created successfully:
2025-07-26 19:57:29 - AutoML.ModelFactory - INFO -   Parameters: 4,015,939
2025-07-26 19:57:29 - AutoML.ModelFactory - INFO -   Trainable: 4,015,939
2025-07-26 19:57:29 - AutoML.ModelFactory - INFO -   Model size: 15.32 MB
2025-07-26 19:57:29 - AutoML - INFO -  efficientnet_b0 creation completed in 0.54 seconds
2025-07-26 19:57:39 - AutoML.Trainer - INFO - Class distribution: {5: 77, 6: 108, 3: 168, 2: 86, 4: 108, 0: 88, 1: 5}
2025-07-26 19:57:39 - AutoML.Trainer - INFO - Class weights: [1.0389610389610389, 18.285714285714285, 1.06312292358804, 0.54421768707483, 0.8465608465608465, 1.1873840445269017, 0.8465608465608465]
2025-07-26 20:00:37 - AutoML.ComparativeEarlyStopping - INFO - Early stopping evaluation for efficientnet_b0:
2025-07-26 20:00:37 - AutoML.ComparativeEarlyStopping - INFO -   Decision scores: {'statistical_significance': 0.0, 'performance_gap': 0.3105770347149664, 'learning_trend': 0.0, 'resource_efficiency': 0.23180038470512931}
2025-07-26 20:00:37 - AutoML.ComparativeEarlyStopping - INFO -   Final score: 0.112
2025-07-26 20:00:37 - AutoML.ComparativeEarlyStopping - INFO -   Decision: CONTINUE
2025-07-26 20:00:37 - AutoML.Trainer - INFO - Epoch 5/26 - Train Acc: 0.4250, Val Acc: 0.4330, Val Loss: 1.4021, Time: 37.5s
2025-07-26 20:01:13 - AutoML.ComparativeEarlyStopping - INFO - Early stopping evaluation for efficientnet_b0:
2025-07-26 20:01:13 - AutoML.ComparativeEarlyStopping - INFO -   Decision scores: {'statistical_significance': 0.0, 'performance_gap': 0.0, 'learning_trend': 0.0, 'resource_efficiency': 0.1909840502862361}
2025-07-26 20:01:13 - AutoML.ComparativeEarlyStopping - INFO -   Final score: 0.029
2025-07-26 20:01:13 - AutoML.ComparativeEarlyStopping - INFO -   Decision: CONTINUE
2025-07-26 20:01:48 - AutoML.ComparativeEarlyStopping - INFO - Early stopping evaluation for efficientnet_b0:
2025-07-26 20:01:48 - AutoML.ComparativeEarlyStopping - INFO -   Decision scores: {'statistical_significance': 0.0, 'performance_gap': 0.0, 'learning_trend': 0.0, 'resource_efficiency': 0.14274576094209857}
2025-07-26 20:01:48 - AutoML.ComparativeEarlyStopping - INFO -   Final score: 0.021
2025-07-26 20:01:48 - AutoML.ComparativeEarlyStopping - INFO -   Decision: CONTINUE
2025-07-26 20:02:23 - AutoML.ComparativeEarlyStopping - INFO - Early stopping evaluation for efficientnet_b0:
2025-07-26 20:02:23 - AutoML.ComparativeEarlyStopping - INFO -   Decision scores: {'statistical_significance': 0.0, 'performance_gap': 0.0, 'learning_trend': 0.0, 'resource_efficiency': 0.08702206299491755}
2025-07-26 20:02:23 - AutoML.ComparativeEarlyStopping - INFO -   Final score: 0.013
2025-07-26 20:02:23 - AutoML.ComparativeEarlyStopping - INFO -   Decision: CONTINUE
2025-07-26 20:03:11 - AutoML.ComparativeEarlyStopping - INFO - Early stopping evaluation for efficientnet_b0:
2025-07-26 20:03:11 - AutoML.ComparativeEarlyStopping - INFO -   Decision scores: {'statistical_significance': 0.0, 'performance_gap': 0.0, 'learning_trend': 0.0, 'resource_efficiency': 0.14947297263406645}
2025-07-26 20:03:11 - AutoML.ComparativeEarlyStopping - INFO -   Final score: 0.022
2025-07-26 20:03:11 - AutoML.ComparativeEarlyStopping - INFO -   Decision: CONTINUE
2025-07-26 20:03:59 - AutoML.ComparativeEarlyStopping - INFO - Early stopping evaluation for efficientnet_b0:
2025-07-26 20:03:59 - AutoML.ComparativeEarlyStopping - INFO -   Decision scores: {'statistical_significance': 0.0, 'performance_gap': 0.0, 'learning_trend': 0.0, 'resource_efficiency': 0.20266394465023174}
2025-07-26 20:03:59 - AutoML.ComparativeEarlyStopping - INFO -   Final score: 0.030
2025-07-26 20:03:59 - AutoML.ComparativeEarlyStopping - INFO -   Decision: CONTINUE
2025-07-26 20:03:59 - AutoML.Trainer - INFO - Epoch 10/26 - Train Acc: 0.5480, Val Acc: 0.5300, Val Loss: 1.2992, Time: 47.5s
2025-07-26 20:04:47 - AutoML.ComparativeEarlyStopping - INFO - Early stopping evaluation for efficientnet_b0:
2025-07-26 20:04:47 - AutoML.ComparativeEarlyStopping - INFO -   Decision scores: {'statistical_significance': 0.0, 'performance_gap': 0.0, 'learning_trend': 0.0, 'resource_efficiency': 0.25378670503511724}
2025-07-26 20:04:47 - AutoML.ComparativeEarlyStopping - INFO -   Final score: 0.038
2025-07-26 20:04:47 - AutoML.ComparativeEarlyStopping - INFO -   Decision: CONTINUE
2025-07-26 20:05:34 - AutoML.ComparativeEarlyStopping - INFO - Early stopping evaluation for efficientnet_b0:
2025-07-26 20:05:34 - AutoML.ComparativeEarlyStopping - INFO -   Decision scores: {'statistical_significance': 0.0, 'performance_gap': 0.0, 'learning_trend': 0.0, 'resource_efficiency': 0.23669009638099103}
2025-07-26 20:05:34 - AutoML.ComparativeEarlyStopping - INFO -   Final score: 0.036
2025-07-26 20:05:34 - AutoML.ComparativeEarlyStopping - INFO -   Decision: CONTINUE
2025-07-26 20:06:22 - AutoML.ComparativeEarlyStopping - INFO - Early stopping evaluation for efficientnet_b0:
2025-07-26 20:06:22 - AutoML.ComparativeEarlyStopping - INFO -   Decision scores: {'statistical_significance': 0.0, 'performance_gap': 0.0, 'learning_trend': 0.0, 'resource_efficiency': 0.23115833394018526}
2025-07-26 20:06:22 - AutoML.ComparativeEarlyStopping - INFO -   Final score: 0.035
2025-07-26 20:06:22 - AutoML.ComparativeEarlyStopping - INFO -   Decision: CONTINUE
2025-07-26 20:07:10 - AutoML.ComparativeEarlyStopping - INFO - Early stopping evaluation for efficientnet_b0:
2025-07-26 20:07:10 - AutoML.ComparativeEarlyStopping - INFO -   Decision scores: {'statistical_significance': 0.0, 'performance_gap': 0.0, 'learning_trend': 0.0, 'resource_efficiency': 0.2122357736143049}
2025-07-26 20:07:10 - AutoML.ComparativeEarlyStopping - INFO -   Final score: 0.032
2025-07-26 20:07:10 - AutoML.ComparativeEarlyStopping - INFO -   Decision: CONTINUE
2025-07-26 20:07:58 - AutoML.ComparativeEarlyStopping - INFO - Early stopping evaluation for efficientnet_b0:
2025-07-26 20:07:58 - AutoML.ComparativeEarlyStopping - INFO -   Decision scores: {'statistical_significance': 0.0, 'performance_gap': 0.0, 'learning_trend': 0.0, 'resource_efficiency': 0.20484251945309928}
2025-07-26 20:07:58 - AutoML.ComparativeEarlyStopping - INFO -   Final score: 0.031
2025-07-26 20:07:58 - AutoML.ComparativeEarlyStopping - INFO -   Decision: CONTINUE
2025-07-26 20:07:58 - AutoML.Trainer - INFO - Epoch 15/26 - Train Acc: 0.6566, Val Acc: 0.5683, Val Loss: 1.4445, Time: 48.0s
2025-07-26 20:08:46 - AutoML.ComparativeEarlyStopping - INFO - Early stopping evaluation for efficientnet_b0:
2025-07-26 20:08:46 - AutoML.ComparativeEarlyStopping - INFO -   Decision scores: {'statistical_significance': 0.0, 'performance_gap': 0.0, 'learning_trend': 0.0, 'resource_efficiency': 0.19448396578819171}
2025-07-26 20:08:46 - AutoML.ComparativeEarlyStopping - INFO -   Final score: 0.029
2025-07-26 20:08:46 - AutoML.ComparativeEarlyStopping - INFO -   Decision: CONTINUE
2025-07-26 20:09:34 - AutoML.ComparativeEarlyStopping - INFO - Early stopping evaluation for efficientnet_b0:
2025-07-26 20:09:34 - AutoML.ComparativeEarlyStopping - INFO -   Decision scores: {'statistical_significance': 0.0, 'performance_gap': 0.0, 'learning_trend': 0.0, 'resource_efficiency': 0.1985586258834573}
2025-07-26 20:09:34 - AutoML.ComparativeEarlyStopping - INFO -   Final score: 0.030
2025-07-26 20:09:34 - AutoML.ComparativeEarlyStopping - INFO -   Decision: CONTINUE
2025-07-26 20:10:23 - AutoML.ComparativeEarlyStopping - INFO - Early stopping evaluation for efficientnet_b0:
2025-07-26 20:10:23 - AutoML.ComparativeEarlyStopping - INFO -   Decision scores: {'statistical_significance': 0.0, 'performance_gap': 0.0, 'learning_trend': 0.0, 'resource_efficiency': 0.19679484757215027}
2025-07-26 20:10:23 - AutoML.ComparativeEarlyStopping - INFO -   Final score: 0.030
2025-07-26 20:10:23 - AutoML.ComparativeEarlyStopping - INFO -   Decision: CONTINUE
2025-07-26 20:11:10 - AutoML.ComparativeEarlyStopping - INFO - Early stopping evaluation for efficientnet_b0:
2025-07-26 20:11:10 - AutoML.ComparativeEarlyStopping - INFO -   Decision scores: {'statistical_significance': 0.0, 'performance_gap': 0.0, 'learning_trend': 0.0, 'resource_efficiency': 0.1880686701735914}
2025-07-26 20:11:10 - AutoML.ComparativeEarlyStopping - INFO -   Final score: 0.028
2025-07-26 20:11:10 - AutoML.ComparativeEarlyStopping - INFO -   Decision: CONTINUE
2025-07-26 20:11:58 - AutoML.ComparativeEarlyStopping - INFO - Early stopping evaluation for efficientnet_b0:
2025-07-26 20:11:58 - AutoML.ComparativeEarlyStopping - INFO -   Decision scores: {'statistical_significance': 0.0, 'performance_gap': 0.0, 'learning_trend': 0.0, 'resource_efficiency': 0.18168717834607673}
2025-07-26 20:11:58 - AutoML.ComparativeEarlyStopping - INFO -   Final score: 0.027
2025-07-26 20:11:58 - AutoML.ComparativeEarlyStopping - INFO -   Decision: CONTINUE
2025-07-26 20:11:58 - AutoML.Trainer - INFO - Epoch 20/26 - Train Acc: 0.7778, Val Acc: 0.5819, Val Loss: 1.6342, Time: 48.2s
2025-07-26 20:12:46 - AutoML.ComparativeEarlyStopping - INFO - Early stopping evaluation for efficientnet_b0:
2025-07-26 20:12:46 - AutoML.ComparativeEarlyStopping - INFO -   Decision scores: {'statistical_significance': 0.0, 'performance_gap': 0.0, 'learning_trend': 0.0, 'resource_efficiency': 0.17749306421383237}
2025-07-26 20:12:46 - AutoML.ComparativeEarlyStopping - INFO -   Final score: 0.027
2025-07-26 20:12:46 - AutoML.ComparativeEarlyStopping - INFO -   Decision: CONTINUE
2025-07-26 20:13:34 - AutoML.ComparativeEarlyStopping - INFO - Early stopping evaluation for efficientnet_b0:
2025-07-26 20:13:34 - AutoML.ComparativeEarlyStopping - INFO -   Decision scores: {'statistical_significance': 0.0, 'performance_gap': 0.0, 'learning_trend': 0.0, 'resource_efficiency': 0.17034685731827848}
2025-07-26 20:13:34 - AutoML.ComparativeEarlyStopping - INFO -   Final score: 0.026
2025-07-26 20:13:34 - AutoML.ComparativeEarlyStopping - INFO -   Decision: CONTINUE
2025-07-26 20:14:23 - AutoML.ComparativeEarlyStopping - INFO - Early stopping evaluation for efficientnet_b0:
2025-07-26 20:14:23 - AutoML.ComparativeEarlyStopping - INFO -   Decision scores: {'statistical_significance': 0.0, 'performance_gap': 0.0, 'learning_trend': 0.0, 'resource_efficiency': 0.1711519446025549}
2025-07-26 20:14:23 - AutoML.ComparativeEarlyStopping - INFO -   Final score: 0.026
2025-07-26 20:14:23 - AutoML.ComparativeEarlyStopping - INFO -   Decision: CONTINUE
2025-07-26 20:15:11 - AutoML.ComparativeEarlyStopping - INFO - Early stopping evaluation for efficientnet_b0:
2025-07-26 20:15:11 - AutoML.ComparativeEarlyStopping - INFO -   Decision scores: {'statistical_significance': 0.0, 'performance_gap': 0.0, 'learning_trend': 0.0, 'resource_efficiency': 0.17033477987530077}
2025-07-26 20:15:11 - AutoML.ComparativeEarlyStopping - INFO -   Final score: 0.026
2025-07-26 20:15:11 - AutoML.ComparativeEarlyStopping - INFO -   Decision: CONTINUE
2025-07-26 20:15:59 - AutoML.ComparativeEarlyStopping - INFO - Early stopping evaluation for efficientnet_b0:
2025-07-26 20:15:59 - AutoML.ComparativeEarlyStopping - INFO -   Decision scores: {'statistical_significance': 0.0, 'performance_gap': 0.0, 'learning_trend': 0.0, 'resource_efficiency': 0.17345938366545122}
2025-07-26 20:15:59 - AutoML.ComparativeEarlyStopping - INFO -   Final score: 0.026
2025-07-26 20:15:59 - AutoML.ComparativeEarlyStopping - INFO -   Decision: CONTINUE
2025-07-26 20:15:59 - AutoML.Trainer - INFO - Epoch 25/26 - Train Acc: 0.8400, Val Acc: 0.5902, Val Loss: 1.8345, Time: 47.5s
2025-07-26 20:16:47 - AutoML.ComparativeEarlyStopping - INFO - Early stopping evaluation for efficientnet_b0:
2025-07-26 20:16:47 - AutoML.ComparativeEarlyStopping - INFO -   Decision scores: {'statistical_significance': 0.0, 'performance_gap': 0.0, 'learning_trend': 0.0, 'resource_efficiency': 0.16784412779701818}
2025-07-26 20:16:47 - AutoML.ComparativeEarlyStopping - INFO -   Final score: 0.025
2025-07-26 20:16:47 - AutoML.ComparativeEarlyStopping - INFO -   Decision: CONTINUE
2025-07-26 20:16:47 - AutoML.Trainer - INFO - Epoch 26/26 - Train Acc: 0.8421, Val Acc: 0.5911, Val Loss: 1.8146, Time: 48.1s
2025-07-26 20:16:47 - AutoML.Trainer - INFO - Training completed for efficientnet_b0
2025-07-26 20:16:47 - AutoML.Trainer - INFO - Best validation accuracy: 0.5942
2025-07-26 20:16:47 - AutoML.Trainer - INFO - Total training time: 1147.5s
2025-07-26 20:16:47 - AutoML.Trainer - INFO - Average epoch time: 44.1s
2025-07-26 20:16:47 - AutoML.Trainer - INFO - Evaluating hyperparameters for efficientnet_b0: {'learning_rate': 0.0001124186209579306, 'optimizer': 'adam', 'weight_decay': 4.253162363790871e-06, 'batch_size': 64, 'dropout_rate': 0.3266653415629146, 'pretrained': True, 'lr_scheduler': 'plateau', 'max_epochs': 19}
2025-07-26 20:16:47 - AutoML.ModelFactory - INFO - Creating efficientnet_b0 (pretrained=True, dropout=0.3266653415629146)
2025-07-26 20:16:47 - AutoML - INFO -  Starting: efficientnet_b0 creation
2025-07-26 20:16:47 - AutoML.ModelFactory - INFO - efficientnet_b0 created successfully:
2025-07-26 20:16:47 - AutoML.ModelFactory - INFO -   Parameters: 4,015,939
2025-07-26 20:16:47 - AutoML.ModelFactory - INFO -   Trainable: 4,015,939
2025-07-26 20:16:47 - AutoML.ModelFactory - INFO -   Model size: 15.32 MB
2025-07-26 20:16:47 - AutoML - INFO -  efficientnet_b0 creation completed in 0.37 seconds
2025-07-26 20:16:59 - AutoML.Trainer - INFO - Class distribution: {6: 96, 3: 162, 2: 91, 0: 106, 5: 60, 4: 115, 1: 10}
2025-07-26 20:16:59 - AutoML.Trainer - INFO - Class weights: [0.862533692722372, 9.142857142857142, 1.0047095761381475, 0.564373897707231, 0.7950310559006211, 1.5238095238095237, 0.9523809523809523]
2025-07-26 20:20:59 - AutoML.ComparativeEarlyStopping - INFO - Early stopping evaluation for efficientnet_b0:
2025-07-26 20:20:59 - AutoML.ComparativeEarlyStopping - INFO -   Decision scores: {'statistical_significance': 0.0, 'performance_gap': 1.0, 'learning_trend': 0.0, 'resource_efficiency': 0.5594829762085731}
2025-07-26 20:20:59 - AutoML.ComparativeEarlyStopping - INFO -   Final score: 0.334
2025-07-26 20:20:59 - AutoML.ComparativeEarlyStopping - INFO -   Decision: CONTINUE
2025-07-26 20:20:59 - AutoML.Trainer - INFO - Epoch 5/19 - Train Acc: 0.3058, Val Acc: 0.3511, Val Loss: 1.6849, Time: 48.4s
2025-07-26 20:21:47 - AutoML.ComparativeEarlyStopping - INFO - Early stopping evaluation for efficientnet_b0:
2025-07-26 20:21:47 - AutoML.ComparativeEarlyStopping - INFO -   Decision scores: {'statistical_significance': 0.0, 'performance_gap': 1.0, 'learning_trend': 0.0, 'resource_efficiency': 0.5195227492387071}
2025-07-26 20:21:47 - AutoML.ComparativeEarlyStopping - INFO -   Final score: 0.328
2025-07-26 20:21:47 - AutoML.ComparativeEarlyStopping - INFO -   Decision: CONTINUE
2025-07-26 20:22:38 - AutoML.ComparativeEarlyStopping - INFO - Early stopping evaluation for efficientnet_b0:
2025-07-26 20:22:38 - AutoML.ComparativeEarlyStopping - INFO -   Decision scores: {'statistical_significance': 0.0, 'performance_gap': 0.8395738999187274, 'learning_trend': 0.0, 'resource_efficiency': 0.49109031810205606}
2025-07-26 20:22:38 - AutoML.ComparativeEarlyStopping - INFO -   Final score: 0.284
2025-07-26 20:22:38 - AutoML.ComparativeEarlyStopping - INFO -   Decision: CONTINUE
2025-07-26 20:23:25 - AutoML.ComparativeEarlyStopping - INFO - Early stopping evaluation for efficientnet_b0:
2025-07-26 20:23:25 - AutoML.ComparativeEarlyStopping - INFO -   Decision scores: {'statistical_significance': 0.0, 'performance_gap': 0.572535701846047, 'learning_trend': 0.0, 'resource_efficiency': 0.45709067340799636}
2025-07-26 20:23:25 - AutoML.ComparativeEarlyStopping - INFO -   Final score: 0.212
2025-07-26 20:23:25 - AutoML.ComparativeEarlyStopping - INFO -   Decision: CONTINUE
2025-07-26 20:25:17 - AutoML.ComparativeEarlyStopping - INFO - Early stopping evaluation for efficientnet_b0:
2025-07-26 20:25:17 - AutoML.ComparativeEarlyStopping - INFO -   Decision scores: {'statistical_significance': 0.0, 'performance_gap': 0.34323116219667976, 'learning_trend': 0.0, 'resource_efficiency': 0.6053230970315557}
2025-07-26 20:25:17 - AutoML.ComparativeEarlyStopping - INFO -   Final score: 0.177
2025-07-26 20:25:17 - AutoML.ComparativeEarlyStopping - INFO -   Decision: CONTINUE
2025-07-26 20:26:06 - AutoML.ComparativeEarlyStopping - INFO - Early stopping evaluation for efficientnet_b0:
2025-07-26 20:26:06 - AutoML.ComparativeEarlyStopping - INFO -   Decision scores: {'statistical_significance': 0.0, 'performance_gap': 0.15819110646696916, 'learning_trend': 0.0, 'resource_efficiency': 0.5865802694787046}
2025-07-26 20:26:06 - AutoML.ComparativeEarlyStopping - INFO -   Final score: 0.128
2025-07-26 20:26:06 - AutoML.ComparativeEarlyStopping - INFO -   Decision: CONTINUE
2025-07-26 20:26:06 - AutoML.Trainer - INFO - Epoch 10/19 - Train Acc: 0.4311, Val Acc: 0.4389, Val Loss: 1.4449, Time: 48.8s
2025-07-26 20:26:53 - AutoML.ComparativeEarlyStopping - INFO - Early stopping evaluation for efficientnet_b0:
2025-07-26 20:26:53 - AutoML.ComparativeEarlyStopping - INFO -   Decision scores: {'statistical_significance': 0.0, 'performance_gap': 0.029751538372228825, 'learning_trend': 0.0, 'resource_efficiency': 0.5770083094906459}
2025-07-26 20:26:53 - AutoML.ComparativeEarlyStopping - INFO -   Final score: 0.094
2025-07-26 20:26:53 - AutoML.ComparativeEarlyStopping - INFO -   Decision: CONTINUE
2025-07-26 20:27:28 - AutoML.ComparativeEarlyStopping - INFO - Early stopping evaluation for efficientnet_b0:
2025-07-26 20:27:28 - AutoML.ComparativeEarlyStopping - INFO -   Decision scores: {'statistical_significance': 0.0, 'performance_gap': 0.0, 'learning_trend': 0.0, 'resource_efficiency': 0.29915222562498456}
2025-07-26 20:27:28 - AutoML.ComparativeEarlyStopping - INFO -   Final score: 0.045
2025-07-26 20:27:28 - AutoML.ComparativeEarlyStopping - INFO -   Decision: CONTINUE
2025-07-26 20:28:02 - AutoML.ComparativeEarlyStopping - INFO - Early stopping evaluation for efficientnet_b0:
2025-07-26 20:28:02 - AutoML.ComparativeEarlyStopping - INFO -   Decision scores: {'statistical_significance': 0.0, 'performance_gap': 0.0, 'learning_trend': 0.0, 'resource_efficiency': 0.18224975945117738}
2025-07-26 20:28:02 - AutoML.ComparativeEarlyStopping - INFO -   Final score: 0.027
2025-07-26 20:28:02 - AutoML.ComparativeEarlyStopping - INFO -   Decision: CONTINUE
2025-07-26 20:28:36 - AutoML.ComparativeEarlyStopping - INFO - Early stopping evaluation for efficientnet_b0:
2025-07-26 20:28:36 - AutoML.ComparativeEarlyStopping - INFO -   Decision scores: {'statistical_significance': 0.0, 'performance_gap': 0.0, 'learning_trend': 0.0, 'resource_efficiency': 0.04392673938491942}
2025-07-26 20:28:36 - AutoML.ComparativeEarlyStopping - INFO -   Final score: 0.007
2025-07-26 20:28:36 - AutoML.ComparativeEarlyStopping - INFO -   Decision: CONTINUE
2025-07-26 20:29:11 - AutoML.ComparativeEarlyStopping - INFO - Early stopping evaluation for efficientnet_b0:
2025-07-26 20:29:11 - AutoML.ComparativeEarlyStopping - INFO -   Decision scores: {'statistical_significance': 0.0, 'performance_gap': 0.0, 'learning_trend': 0.0, 'resource_efficiency': 0.021903680566952133}
2025-07-26 20:29:11 - AutoML.ComparativeEarlyStopping - INFO -   Final score: 0.003
2025-07-26 20:29:11 - AutoML.ComparativeEarlyStopping - INFO -   Decision: CONTINUE
2025-07-26 20:29:11 - AutoML.Trainer - INFO - Epoch 15/19 - Train Acc: 0.5244, Val Acc: 0.5002, Val Loss: 1.3244, Time: 34.4s
2025-07-26 20:29:46 - AutoML.ComparativeEarlyStopping - INFO - Early stopping evaluation for efficientnet_b0:
2025-07-26 20:29:46 - AutoML.ComparativeEarlyStopping - INFO -   Decision scores: {'statistical_significance': 0.0, 'performance_gap': 0.0, 'learning_trend': 0.0, 'resource_efficiency': 0.009638545703678503}
2025-07-26 20:29:46 - AutoML.ComparativeEarlyStopping - INFO -   Final score: 0.001
2025-07-26 20:29:46 - AutoML.ComparativeEarlyStopping - INFO -   Decision: CONTINUE
2025-07-26 20:30:22 - AutoML.ComparativeEarlyStopping - INFO - Early stopping evaluation for efficientnet_b0:
2025-07-26 20:30:22 - AutoML.ComparativeEarlyStopping - INFO -   Decision scores: {'statistical_significance': 0.0, 'performance_gap': 0.0, 'learning_trend': 0.0, 'resource_efficiency': 0.002039550270641066}
2025-07-26 20:30:22 - AutoML.ComparativeEarlyStopping - INFO -   Final score: 0.000
2025-07-26 20:30:22 - AutoML.ComparativeEarlyStopping - INFO -   Decision: CONTINUE
2025-07-26 20:30:58 - AutoML.ComparativeEarlyStopping - INFO - Early stopping evaluation for efficientnet_b0:
2025-07-26 20:30:58 - AutoML.ComparativeEarlyStopping - INFO -   Decision scores: {'statistical_significance': 0.0, 'performance_gap': 0.0, 'learning_trend': 0.0, 'resource_efficiency': 0.0}
2025-07-26 20:30:58 - AutoML.ComparativeEarlyStopping - INFO -   Final score: 0.000
2025-07-26 20:30:58 - AutoML.ComparativeEarlyStopping - INFO -   Decision: CONTINUE
2025-07-26 20:31:34 - AutoML.ComparativeEarlyStopping - INFO - Early stopping evaluation for efficientnet_b0:
2025-07-26 20:31:34 - AutoML.ComparativeEarlyStopping - INFO -   Decision scores: {'statistical_significance': 0.0, 'performance_gap': 0.0, 'learning_trend': 0.0, 'resource_efficiency': 0.0}
2025-07-26 20:31:34 - AutoML.ComparativeEarlyStopping - INFO -   Final score: 0.000
2025-07-26 20:31:34 - AutoML.ComparativeEarlyStopping - INFO -   Decision: CONTINUE
2025-07-26 20:31:34 - AutoML.Trainer - INFO - Epoch 19/19 - Train Acc: 0.5986, Val Acc: 0.5392, Val Loss: 1.3504, Time: 35.7s
2025-07-26 20:31:34 - AutoML.Trainer - INFO - Training completed for efficientnet_b0
2025-07-26 20:31:34 - AutoML.Trainer - INFO - Best validation accuracy: 0.5432
2025-07-26 20:31:34 - AutoML.Trainer - INFO - Total training time: 874.7s
2025-07-26 20:31:34 - AutoML.Trainer - INFO - Average epoch time: 46.0s
2025-07-26 20:31:34 - AutoML.MetaHPOSelector - INFO -  HPO completed for efficientnet_b0 in 8239.5s
2025-07-26 20:31:34 - AutoML.MetaHPOSelector - INFO -    Best score: 0.6296 (8 trials)
2025-07-26 20:31:34 - AutoML.Pipeline - INFO - HPO completed for efficientnet_b0:
2025-07-26 20:31:34 - AutoML.Pipeline - INFO -   Best score: 0.6296
2025-07-26 20:31:34 - AutoML.Pipeline - INFO -   Best params: {'learning_rate': 0.0005611516415334506, 'optimizer': 'rmsprop', 'weight_decay': 2.05133826308745e-06, 'batch_size': 128, 'dropout_rate': 0.3124217733388137, 'pretrained': True, 'lr_scheduler': 'step', 'max_epochs': 20}
2025-07-26 20:31:34 - AutoML.Pipeline - INFO -   Method used: bayesian_optimization
2025-07-26 20:31:34 - AutoML.Pipeline - INFO -   Trials completed: 8
2025-07-26 20:31:34 - AutoML.ComparativeEarlyStopping - INFO - Early stopping evaluation for efficientnet_b0:
2025-07-26 20:31:34 - AutoML.ComparativeEarlyStopping - INFO -   Decision scores: {'statistical_significance': 0.0, 'performance_gap': 0.0, 'learning_trend': 0.0, 'resource_efficiency': 0.0}
2025-07-26 20:31:34 - AutoML.ComparativeEarlyStopping - INFO -   Final score: 0.000
2025-07-26 20:31:34 - AutoML.ComparativeEarlyStopping - INFO -   Decision: CONTINUE
2025-07-26 20:31:34 - AutoML.Pipeline - INFO - Processing architecture: convnext_tiny
2025-07-26 20:31:34 - AutoML.BudgetManager - INFO - Started training convnext_tiny with 4.20h budget
2025-07-26 20:31:34 - AutoML.Pipeline - INFO - Starting HPO for convnext_tiny
2025-07-26 20:31:34 - AutoML.MetaHPOSelector - INFO - Selecting HPO method for convnext_tiny
2025-07-26 20:31:34 - AutoML.MetaHPOSelector - INFO -   Dataset complexity: 5.0
2025-07-26 20:31:34 - AutoML.MetaHPOSelector - INFO -   Available time: 13.0 hours
2025-07-26 20:31:34 - AutoML.MetaHPOSelector - INFO -   Search space size: 100000
2025-07-26 20:31:34 - AutoML.MetaHPOSelector - INFO - Trial budget for convnext_tiny: 11 trials
2025-07-26 20:31:34 - AutoML.MetaHPOSelector - INFO -   Arch complexity: 4.5, Dataset complexity: 5.0
2025-07-26 20:31:34 - AutoML.MetaHPOSelector - INFO -   Available time: 13.0h
2025-07-26 20:31:34 - AutoML.MetaHPOSelector - INFO - Selected bayesian_optimization for convnext_tiny
2025-07-26 20:31:34 - AutoML.MetaHPOSelector - INFO -   Trials: 11
2025-07-26 20:31:34 - AutoML.MetaHPOSelector - INFO -   Timeout: 28116s
2025-07-26 20:31:34 - AutoML.MetaHPOSelector - INFO -  Starting HPO for convnext_tiny with 11 trials
2025-07-26 20:31:34 - AutoML.HPO.bayesian_optimization - INFO - Starting Bayesian Optimization for convnext_tiny
2025-07-26 20:31:34 - AutoML.Trainer - INFO - Evaluating hyperparameters for convnext_tiny: {'learning_rate': 0.0005611516415334506, 'optimizer': 'adamw', 'weight_decay': 0.07969454818643935, 'batch_size': 32, 'dropout_rate': 0.02904180608409973, 'pretrained': True, 'lr_scheduler': 'cosine', 'max_epochs': 37}
2025-07-26 20:31:34 - AutoML.ModelFactory - INFO - Creating convnext_tiny (pretrained=True, dropout=0.02904180608409973)
2025-07-26 20:31:34 - AutoML - INFO -  Starting: convnext_tiny creation
2025-07-26 20:31:34 - AutoML.ModelFactory - INFO - convnext_tiny created successfully:
2025-07-26 20:31:34 - AutoML.ModelFactory - INFO -   Parameters: 27,822,439
2025-07-26 20:31:34 - AutoML.ModelFactory - INFO -   Trainable: 27,822,439
2025-07-26 20:31:34 - AutoML.ModelFactory - INFO -   Model size: 106.13 MB
2025-07-26 20:31:34 - AutoML - INFO -  convnext_tiny creation completed in 0.86 seconds
2025-07-26 20:31:45 - AutoML.Trainer - INFO - Class distribution: {5: 80, 3: 154, 4: 109, 1: 9, 0: 75, 6: 116, 2: 97}
2025-07-26 20:31:45 - AutoML.Trainer - INFO - Class weights: [1.2190476190476192, 10.158730158730158, 0.9425625920471281, 0.5936920222634509, 0.8387942332896461, 1.1428571428571428, 0.7881773399014779]
2025-07-26 20:34:55 - AutoML.Trainer - INFO - Epoch 5/37 - Train Acc: 0.3463, Val Acc: 0.4133, Val Loss: 1.5830, Time: 38.4s
2025-07-26 20:38:10 - AutoML.Trainer - INFO - Epoch 10/37 - Train Acc: 0.4776, Val Acc: 0.4861, Val Loss: 1.3251, Time: 38.2s
2025-07-26 20:41:26 - AutoML.ComparativeEarlyStopping - INFO - Early stopping evaluation for convnext_tiny:
2025-07-26 20:41:26 - AutoML.ComparativeEarlyStopping - INFO -   Decision scores: {'statistical_significance': 1.0, 'performance_gap': 0.37008011145942266, 'learning_trend': 0.2, 'resource_efficiency': 0.13316131259813713}
2025-07-26 20:41:26 - AutoML.ComparativeEarlyStopping - INFO -   Final score: 0.512
2025-07-26 20:41:26 - AutoML.ComparativeEarlyStopping - INFO -   Decision: CONTINUE
2025-07-26 20:41:26 - AutoML.Trainer - INFO - Epoch 15/37 - Train Acc: 0.5461, Val Acc: 0.5439, Val Loss: 1.2363, Time: 39.0s
2025-07-26 20:42:29 - AutoML.ComparativeEarlyStopping - INFO - Early stopping evaluation for convnext_tiny:
2025-07-26 20:42:29 - AutoML.ComparativeEarlyStopping - INFO -   Decision scores: {'statistical_significance': 0.5, 'performance_gap': 0.1415012190874282, 'learning_trend': 0.2, 'resource_efficiency': 0.25760131062169966}
2025-07-26 20:42:29 - AutoML.ComparativeEarlyStopping - INFO -   Final score: 0.299
2025-07-26 20:42:29 - AutoML.ComparativeEarlyStopping - INFO -   Decision: CONTINUE
2025-07-26 20:43:07 - AutoML.ComparativeEarlyStopping - INFO - Early stopping evaluation for convnext_tiny:
2025-07-26 20:43:07 - AutoML.ComparativeEarlyStopping - INFO -   Decision scores: {'statistical_significance': 0.5, 'performance_gap': 0.0, 'learning_trend': 0.2, 'resource_efficiency': 0.2277364736512858}
2025-07-26 20:43:07 - AutoML.ComparativeEarlyStopping - INFO -   Final score: 0.259
2025-07-26 20:43:07 - AutoML.ComparativeEarlyStopping - INFO -   Decision: CONTINUE
2025-07-26 20:43:46 - AutoML.ComparativeEarlyStopping - INFO - Early stopping evaluation for convnext_tiny:
2025-07-26 20:43:46 - AutoML.ComparativeEarlyStopping - INFO -   Decision scores: {'statistical_significance': 0.0, 'performance_gap': 0.0, 'learning_trend': 0.2, 'resource_efficiency': 0.20810413426902286}
2025-07-26 20:43:46 - AutoML.ComparativeEarlyStopping - INFO -   Final score: 0.081
2025-07-26 20:43:46 - AutoML.ComparativeEarlyStopping - INFO -   Decision: CONTINUE
2025-07-26 20:44:25 - AutoML.ComparativeEarlyStopping - INFO - Early stopping evaluation for convnext_tiny:
2025-07-26 20:44:25 - AutoML.ComparativeEarlyStopping - INFO -   Decision scores: {'statistical_significance': 0.0, 'performance_gap': 0.0, 'learning_trend': 0.2, 'resource_efficiency': 0.02513084582680969}
2025-07-26 20:44:25 - AutoML.ComparativeEarlyStopping - INFO -   Final score: 0.054
2025-07-26 20:44:25 - AutoML.ComparativeEarlyStopping - INFO -   Decision: CONTINUE
2025-07-26 20:45:03 - AutoML.ComparativeEarlyStopping - INFO - Early stopping evaluation for convnext_tiny:
2025-07-26 20:45:03 - AutoML.ComparativeEarlyStopping - INFO -   Decision scores: {'statistical_significance': 0.0, 'performance_gap': 0.0, 'learning_trend': 0.2, 'resource_efficiency': 0.004998343991214238}
2025-07-26 20:45:03 - AutoML.ComparativeEarlyStopping - INFO -   Final score: 0.051
2025-07-26 20:45:03 - AutoML.ComparativeEarlyStopping - INFO -   Decision: CONTINUE
2025-07-26 20:45:03 - AutoML.Trainer - INFO - Epoch 20/37 - Train Acc: 0.6471, Val Acc: 0.5810, Val Loss: 1.2146, Time: 37.9s
2025-07-26 20:45:42 - AutoML.ComparativeEarlyStopping - INFO - Early stopping evaluation for convnext_tiny:
2025-07-26 20:45:42 - AutoML.ComparativeEarlyStopping - INFO -   Decision scores: {'statistical_significance': 0.0, 'performance_gap': 0.0, 'learning_trend': 0.2, 'resource_efficiency': 0.011626862079504252}
2025-07-26 20:45:42 - AutoML.ComparativeEarlyStopping - INFO -   Final score: 0.052
2025-07-26 20:45:42 - AutoML.ComparativeEarlyStopping - INFO -   Decision: CONTINUE
2025-07-26 20:46:21 - AutoML.ComparativeEarlyStopping - INFO - Early stopping evaluation for convnext_tiny:
2025-07-26 20:46:21 - AutoML.ComparativeEarlyStopping - INFO -   Decision scores: {'statistical_significance': 0.0, 'performance_gap': 0.0, 'learning_trend': 0.2, 'resource_efficiency': 0.00011524262314366318}
2025-07-26 20:46:21 - AutoML.ComparativeEarlyStopping - INFO -   Final score: 0.050
2025-07-26 20:46:21 - AutoML.ComparativeEarlyStopping - INFO -   Decision: CONTINUE
2025-07-26 20:47:00 - AutoML.ComparativeEarlyStopping - INFO - Early stopping evaluation for convnext_tiny:
2025-07-26 20:47:00 - AutoML.ComparativeEarlyStopping - INFO -   Decision scores: {'statistical_significance': 0.0, 'performance_gap': 0.0, 'learning_trend': 0.2, 'resource_efficiency': 0.008296678716220751}
2025-07-26 20:47:00 - AutoML.ComparativeEarlyStopping - INFO -   Final score: 0.051
2025-07-26 20:47:00 - AutoML.ComparativeEarlyStopping - INFO -   Decision: CONTINUE
2025-07-26 20:47:39 - AutoML.ComparativeEarlyStopping - INFO - Early stopping evaluation for convnext_tiny:
2025-07-26 20:47:39 - AutoML.ComparativeEarlyStopping - INFO -   Decision scores: {'statistical_significance': 0.0, 'performance_gap': 0.0, 'learning_trend': 0.2, 'resource_efficiency': 0.0}
2025-07-26 20:47:39 - AutoML.ComparativeEarlyStopping - INFO -   Final score: 0.050
2025-07-26 20:47:39 - AutoML.ComparativeEarlyStopping - INFO -   Decision: CONTINUE
2025-07-26 20:48:18 - AutoML.ComparativeEarlyStopping - INFO - Early stopping evaluation for convnext_tiny:
2025-07-26 20:48:18 - AutoML.ComparativeEarlyStopping - INFO -   Decision scores: {'statistical_significance': 0.0, 'performance_gap': 0.0, 'learning_trend': 0.2, 'resource_efficiency': 0.0}
2025-07-26 20:48:18 - AutoML.ComparativeEarlyStopping - INFO -   Final score: 0.050
2025-07-26 20:48:18 - AutoML.ComparativeEarlyStopping - INFO -   Decision: CONTINUE
2025-07-26 20:48:18 - AutoML.Trainer - INFO - Epoch 25/37 - Train Acc: 0.7496, Val Acc: 0.5881, Val Loss: 1.3138, Time: 38.5s
2025-07-26 20:48:57 - AutoML.ComparativeEarlyStopping - INFO - Early stopping evaluation for convnext_tiny:
2025-07-26 20:48:57 - AutoML.ComparativeEarlyStopping - INFO -   Decision scores: {'statistical_significance': 0.0, 'performance_gap': 0.0, 'learning_trend': 0.2, 'resource_efficiency': 0.0}
2025-07-26 20:48:57 - AutoML.ComparativeEarlyStopping - INFO -   Final score: 0.050
2025-07-26 20:48:57 - AutoML.ComparativeEarlyStopping - INFO -   Decision: CONTINUE
2025-07-26 20:49:36 - AutoML.ComparativeEarlyStopping - INFO - Early stopping evaluation for convnext_tiny:
2025-07-26 20:49:36 - AutoML.ComparativeEarlyStopping - INFO -   Decision scores: {'statistical_significance': 0.0, 'performance_gap': 0.0, 'learning_trend': 0.2, 'resource_efficiency': 0.0}
2025-07-26 20:49:36 - AutoML.ComparativeEarlyStopping - INFO -   Final score: 0.050
2025-07-26 20:49:36 - AutoML.ComparativeEarlyStopping - INFO -   Decision: CONTINUE
2025-07-26 20:50:15 - AutoML.ComparativeEarlyStopping - INFO - Early stopping evaluation for convnext_tiny:
2025-07-26 20:50:15 - AutoML.ComparativeEarlyStopping - INFO -   Decision scores: {'statistical_significance': 0.0, 'performance_gap': 0.0, 'learning_trend': 0.2, 'resource_efficiency': 0.0}
2025-07-26 20:50:15 - AutoML.ComparativeEarlyStopping - INFO -   Final score: 0.050
2025-07-26 20:50:15 - AutoML.ComparativeEarlyStopping - INFO -   Decision: CONTINUE
2025-07-26 20:50:54 - AutoML.ComparativeEarlyStopping - INFO - Early stopping evaluation for convnext_tiny:
2025-07-26 20:50:54 - AutoML.ComparativeEarlyStopping - INFO -   Decision scores: {'statistical_significance': 0.0, 'performance_gap': 0.0, 'learning_trend': 0.0, 'resource_efficiency': 0.0}
2025-07-26 20:50:54 - AutoML.ComparativeEarlyStopping - INFO -   Final score: 0.000
2025-07-26 20:50:54 - AutoML.ComparativeEarlyStopping - INFO -   Decision: CONTINUE
2025-07-26 20:51:33 - AutoML.ComparativeEarlyStopping - INFO - Early stopping evaluation for convnext_tiny:
2025-07-26 20:51:33 - AutoML.ComparativeEarlyStopping - INFO -   Decision scores: {'statistical_significance': 0.0, 'performance_gap': 0.0, 'learning_trend': 0.0, 'resource_efficiency': 0.0}
2025-07-26 20:51:33 - AutoML.ComparativeEarlyStopping - INFO -   Final score: 0.000
2025-07-26 20:51:33 - AutoML.ComparativeEarlyStopping - INFO -   Decision: CONTINUE
2025-07-26 20:51:33 - AutoML.Trainer - INFO - Epoch 30/37 - Train Acc: 0.8434, Val Acc: 0.6014, Val Loss: 1.5797, Time: 38.9s
2025-07-26 20:52:11 - AutoML.ComparativeEarlyStopping - INFO - Early stopping evaluation for convnext_tiny:
2025-07-26 20:52:11 - AutoML.ComparativeEarlyStopping - INFO -   Decision scores: {'statistical_significance': 0.0, 'performance_gap': 0.0, 'learning_trend': 0.0, 'resource_efficiency': 0.0}
2025-07-26 20:52:11 - AutoML.ComparativeEarlyStopping - INFO -   Final score: 0.000
2025-07-26 20:52:11 - AutoML.ComparativeEarlyStopping - INFO -   Decision: CONTINUE
2025-07-26 20:52:50 - AutoML.ComparativeEarlyStopping - INFO - Early stopping evaluation for convnext_tiny:
2025-07-26 20:52:50 - AutoML.ComparativeEarlyStopping - INFO -   Decision scores: {'statistical_significance': 0.0, 'performance_gap': 0.0, 'learning_trend': 0.0, 'resource_efficiency': 0.0}
2025-07-26 20:52:50 - AutoML.ComparativeEarlyStopping - INFO -   Final score: 0.000
2025-07-26 20:52:50 - AutoML.ComparativeEarlyStopping - INFO -   Decision: CONTINUE
2025-07-26 20:53:27 - AutoML.ComparativeEarlyStopping - INFO - Early stopping evaluation for convnext_tiny:
2025-07-26 20:53:27 - AutoML.ComparativeEarlyStopping - INFO -   Decision scores: {'statistical_significance': 0.0, 'performance_gap': 0.0, 'learning_trend': 0.0, 'resource_efficiency': 0.0}
2025-07-26 20:53:27 - AutoML.ComparativeEarlyStopping - INFO -   Final score: 0.000
2025-07-26 20:53:27 - AutoML.ComparativeEarlyStopping - INFO -   Decision: CONTINUE
2025-07-26 20:54:04 - AutoML.ComparativeEarlyStopping - INFO - Early stopping evaluation for convnext_tiny:
2025-07-26 20:54:04 - AutoML.ComparativeEarlyStopping - INFO -   Decision scores: {'statistical_significance': 0.0, 'performance_gap': 0.0, 'learning_trend': 0.0, 'resource_efficiency': 0.0}
2025-07-26 20:54:04 - AutoML.ComparativeEarlyStopping - INFO -   Final score: 0.000
2025-07-26 20:54:04 - AutoML.ComparativeEarlyStopping - INFO -   Decision: CONTINUE
2025-07-26 20:54:42 - AutoML.ComparativeEarlyStopping - INFO - Early stopping evaluation for convnext_tiny:
2025-07-26 20:54:42 - AutoML.ComparativeEarlyStopping - INFO -   Decision scores: {'statistical_significance': 0.0, 'performance_gap': 0.0, 'learning_trend': 0.0, 'resource_efficiency': 0.0}
2025-07-26 20:54:42 - AutoML.ComparativeEarlyStopping - INFO -   Final score: 0.000
2025-07-26 20:54:42 - AutoML.ComparativeEarlyStopping - INFO -   Decision: CONTINUE
2025-07-26 20:54:42 - AutoML.Trainer - INFO - Epoch 35/37 - Train Acc: 0.8849, Val Acc: 0.6008, Val Loss: 1.8494, Time: 37.2s
2025-07-26 20:55:20 - AutoML.ComparativeEarlyStopping - INFO - Early stopping evaluation for convnext_tiny:
2025-07-26 20:55:20 - AutoML.ComparativeEarlyStopping - INFO -   Decision scores: {'statistical_significance': 0.0, 'performance_gap': 0.0, 'learning_trend': 0.0, 'resource_efficiency': 0.0}
2025-07-26 20:55:20 - AutoML.ComparativeEarlyStopping - INFO -   Final score: 0.000
2025-07-26 20:55:20 - AutoML.ComparativeEarlyStopping - INFO -   Decision: CONTINUE
2025-07-26 20:56:00 - AutoML.ComparativeEarlyStopping - INFO - Early stopping evaluation for convnext_tiny:
2025-07-26 20:56:00 - AutoML.ComparativeEarlyStopping - INFO -   Decision scores: {'statistical_significance': 0.0, 'performance_gap': 0.0, 'learning_trend': 0.0, 'resource_efficiency': 0.0}
2025-07-26 20:56:00 - AutoML.ComparativeEarlyStopping - INFO -   Final score: 0.000
2025-07-26 20:56:00 - AutoML.ComparativeEarlyStopping - INFO -   Decision: CONTINUE
2025-07-26 20:56:00 - AutoML.Trainer - INFO - Epoch 37/37 - Train Acc: 0.8870, Val Acc: 0.6010, Val Loss: 1.8803, Time: 40.1s
2025-07-26 20:56:00 - AutoML.Trainer - INFO - Training completed for convnext_tiny
2025-07-26 20:56:00 - AutoML.Trainer - INFO - Best validation accuracy: 0.6038
2025-07-26 20:56:00 - AutoML.Trainer - INFO - Total training time: 1454.5s
2025-07-26 20:56:00 - AutoML.Trainer - INFO - Average epoch time: 39.3s
2025-07-26 20:56:00 - AutoML.Trainer - INFO - Evaluating hyperparameters for convnext_tiny: {'learning_rate': 0.0015930522616241021, 'optimizer': 'adamw', 'weight_decay': 0.02607024758370768, 'batch_size': 64, 'dropout_rate': 0.09091248360355031, 'pretrained': True, 'lr_scheduler': 'cosine', 'max_epochs': 19}
2025-07-26 20:56:00 - AutoML.ModelFactory - INFO - Creating convnext_tiny (pretrained=True, dropout=0.09091248360355031)
2025-07-26 20:56:00 - AutoML - INFO -  Starting: convnext_tiny creation
2025-07-26 20:56:00 - AutoML.ModelFactory - INFO - convnext_tiny created successfully:
2025-07-26 20:56:00 - AutoML.ModelFactory - INFO -   Parameters: 27,822,439
2025-07-26 20:56:00 - AutoML.ModelFactory - INFO -   Trainable: 27,822,439
2025-07-26 20:56:00 - AutoML.ModelFactory - INFO -   Model size: 106.13 MB
2025-07-26 20:56:00 - AutoML - INFO -  convnext_tiny creation completed in 0.56 seconds
2025-07-26 20:56:12 - AutoML.Trainer - INFO - Class distribution: {3: 155, 6: 118, 0: 104, 5: 67, 2: 86, 4: 104, 1: 6}
2025-07-26 20:56:12 - AutoML.Trainer - INFO - Class weights: [0.8791208791208791, 15.238095238095237, 1.06312292358804, 0.5898617511520737, 0.8791208791208791, 1.3646055437100213, 0.774818401937046]
2025-07-26 20:59:21 - AutoML.ComparativeEarlyStopping - INFO - Early stopping evaluation for convnext_tiny:
2025-07-26 20:59:21 - AutoML.ComparativeEarlyStopping - INFO -   Decision scores: {'statistical_significance': 0.0, 'performance_gap': 1.0, 'learning_trend': 0.0, 'resource_efficiency': 0.8342515757234121}
2025-07-26 20:59:21 - AutoML.ComparativeEarlyStopping - INFO -   Final score: 0.375
2025-07-26 20:59:21 - AutoML.ComparativeEarlyStopping - INFO -   Decision: CONTINUE
2025-07-26 20:59:21 - AutoML.Trainer - INFO - Epoch 5/19 - Train Acc: 0.0638, Val Acc: 0.0152, Val Loss: 1.9405, Time: 37.8s
2025-07-26 20:59:59 - AutoML.ComparativeEarlyStopping - INFO - Early stopping evaluation for convnext_tiny:
2025-07-26 20:59:59 - AutoML.ComparativeEarlyStopping - INFO -   Decision scores: {'statistical_significance': 0.0, 'performance_gap': 1.0, 'learning_trend': 0.0, 'resource_efficiency': 0.8339024286762853}
2025-07-26 20:59:59 - AutoML.ComparativeEarlyStopping - INFO -   Final score: 0.375
2025-07-26 20:59:59 - AutoML.ComparativeEarlyStopping - INFO -   Decision: CONTINUE
2025-07-26 21:00:37 - AutoML.ComparativeEarlyStopping - INFO - Early stopping evaluation for convnext_tiny:
2025-07-26 21:00:37 - AutoML.ComparativeEarlyStopping - INFO -   Decision scores: {'statistical_significance': 0.5, 'performance_gap': 1.0, 'learning_trend': 0.0, 'resource_efficiency': 0.9733464667053615}
2025-07-26 21:00:37 - AutoML.ComparativeEarlyStopping - INFO -   Final score: 0.571
2025-07-26 21:00:37 - AutoML.ComparativeEarlyStopping - INFO -   Decision: CONTINUE
2025-07-26 21:01:14 - AutoML.ComparativeEarlyStopping - INFO - Early stopping evaluation for convnext_tiny:
2025-07-26 21:01:14 - AutoML.ComparativeEarlyStopping - INFO -   Decision scores: {'statistical_significance': 0.5, 'performance_gap': 1.0, 'learning_trend': 0.0, 'resource_efficiency': 0.9731848855922827}
2025-07-26 21:01:14 - AutoML.ComparativeEarlyStopping - INFO -   Final score: 0.571
2025-07-26 21:01:14 - AutoML.ComparativeEarlyStopping - INFO -   Decision: CONTINUE
2025-07-26 21:01:55 - AutoML.ComparativeEarlyStopping - INFO - Early stopping evaluation for convnext_tiny:
2025-07-26 21:01:55 - AutoML.ComparativeEarlyStopping - INFO -   Decision scores: {'statistical_significance': 0.5, 'performance_gap': 1.0, 'learning_trend': 0.4, 'resource_efficiency': 0.9738740070412281}
2025-07-26 21:01:55 - AutoML.ComparativeEarlyStopping - INFO -   Final score: 0.671
2025-07-26 21:01:55 - AutoML.ComparativeEarlyStopping - INFO -   Decision: CONTINUE
2025-07-26 21:02:33 - AutoML.ComparativeEarlyStopping - INFO - Early stopping evaluation for convnext_tiny:
2025-07-26 21:02:33 - AutoML.ComparativeEarlyStopping - INFO -   Decision scores: {'statistical_significance': 1.0, 'performance_gap': 1.0, 'learning_trend': 1.0, 'resource_efficiency': 0.9739287956211188}
2025-07-26 21:02:33 - AutoML.ComparativeEarlyStopping - INFO -   Final score: 0.996
2025-07-26 21:02:33 - AutoML.ComparativeEarlyStopping - INFO -   Decision: STOP
2025-07-26 21:02:33 - AutoML.ComparativeEarlyStopping - INFO -   Primary reason: StoppingReason.STATISTICAL_SIGNIFICANCE
2025-07-26 21:02:33 - AutoML.Trainer - INFO - Early stopping triggered for convnext_tiny at epoch 10
2025-07-26 21:02:33 - AutoML.Trainer - INFO - Reason: StoppingReason.STATISTICAL_SIGNIFICANCE, Confidence: 0.996
2025-07-26 21:02:33 - AutoML.Trainer - INFO - Training completed for convnext_tiny
2025-07-26 21:02:33 - AutoML.Trainer - INFO - Best validation accuracy: 0.2513
2025-07-26 21:02:33 - AutoML.Trainer - INFO - Total training time: 380.7s
2025-07-26 21:02:33 - AutoML.Trainer - INFO - Average epoch time: 38.1s
2025-07-26 21:02:33 - AutoML.Trainer - INFO - Evaluating hyperparameters for convnext_tiny: {'learning_rate': 0.0004059611610484307, 'optimizer': 'adamw', 'weight_decay': 0.01120760621186057, 'batch_size': 128, 'dropout_rate': 0.14607232426760908, 'pretrained': True, 'lr_scheduler': 'cosine', 'max_epochs': 24}
2025-07-26 21:02:33 - AutoML.ModelFactory - INFO - Creating convnext_tiny (pretrained=True, dropout=0.14607232426760908)
2025-07-26 21:02:33 - AutoML - INFO -  Starting: convnext_tiny creation
2025-07-26 21:02:33 - AutoML.ModelFactory - INFO - convnext_tiny created successfully:
2025-07-26 21:02:33 - AutoML.ModelFactory - INFO -   Parameters: 27,822,439
2025-07-26 21:02:33 - AutoML.ModelFactory - INFO -   Trainable: 27,822,439
2025-07-26 21:02:33 - AutoML.ModelFactory - INFO -   Model size: 106.13 MB
2025-07-26 21:02:33 - AutoML - INFO -  convnext_tiny creation completed in 0.48 seconds
2025-07-26 21:02:44 - AutoML.Trainer - INFO - Class distribution: {4: 109, 6: 116, 0: 107, 2: 86, 3: 160, 5: 56, 1: 6}
2025-07-26 21:02:44 - AutoML.Trainer - INFO - Class weights: [0.8544726301735648, 15.238095238095237, 1.06312292358804, 0.5714285714285714, 0.8387942332896461, 1.6326530612244898, 0.7881773399014779]
2025-07-26 21:05:58 - AutoML.ComparativeEarlyStopping - INFO - Early stopping evaluation for convnext_tiny:
2025-07-26 21:05:58 - AutoML.ComparativeEarlyStopping - INFO -   Decision scores: {'statistical_significance': 1.0, 'performance_gap': 1.0, 'learning_trend': 0.7, 'resource_efficiency': 0.3978462426967785}
2025-07-26 21:05:58 - AutoML.ComparativeEarlyStopping - INFO -   Final score: 0.835
2025-07-26 21:05:58 - AutoML.ComparativeEarlyStopping - INFO -   Decision: STOP
2025-07-26 21:05:58 - AutoML.ComparativeEarlyStopping - INFO -   Primary reason: StoppingReason.STATISTICAL_SIGNIFICANCE
2025-07-26 21:05:58 - AutoML.Trainer - INFO - Early stopping triggered for convnext_tiny at epoch 5
2025-07-26 21:05:58 - AutoML.Trainer - INFO - Reason: StoppingReason.STATISTICAL_SIGNIFICANCE, Confidence: 0.835
2025-07-26 21:05:58 - AutoML.Trainer - INFO - Training completed for convnext_tiny
2025-07-26 21:05:58 - AutoML.Trainer - INFO - Best validation accuracy: 0.3856
2025-07-26 21:05:58 - AutoML.Trainer - INFO - Total training time: 193.8s
2025-07-26 21:05:58 - AutoML.Trainer - INFO - Average epoch time: 38.8s
2025-07-26 21:05:58 - AutoML.Trainer - INFO - Evaluating hyperparameters for convnext_tiny: {'learning_rate': 0.000816845589476017, 'optimizer': 'adamw', 'weight_decay': 0.037183641805732096, 'batch_size': 128, 'dropout_rate': 0.3037724259507192, 'pretrained': True, 'lr_scheduler': 'cosine', 'max_epochs': 19}
2025-07-26 21:05:58 - AutoML.ModelFactory - INFO - Creating convnext_tiny (pretrained=True, dropout=0.3037724259507192)
2025-07-26 21:05:58 - AutoML - INFO -  Starting: convnext_tiny creation
2025-07-26 21:05:59 - AutoML.ModelFactory - INFO - convnext_tiny created successfully:
2025-07-26 21:05:59 - AutoML.ModelFactory - INFO -   Parameters: 27,822,439
2025-07-26 21:05:59 - AutoML.ModelFactory - INFO -   Trainable: 27,822,439
2025-07-26 21:05:59 - AutoML.ModelFactory - INFO -   Model size: 106.13 MB
2025-07-26 21:05:59 - AutoML - INFO -  convnext_tiny creation completed in 0.43 seconds
2025-07-26 21:06:10 - AutoML.Trainer - INFO - Class distribution: {4: 105, 0: 83, 5: 60, 3: 176, 2: 92, 6: 115, 1: 9}
2025-07-26 21:06:10 - AutoML.Trainer - INFO - Class weights: [1.1015490533562822, 10.158730158730158, 0.9937888198757764, 0.5194805194805194, 0.8707482993197279, 1.5238095238095237, 0.7950310559006211]
2025-07-26 21:09:15 - AutoML.ComparativeEarlyStopping - INFO - Early stopping evaluation for convnext_tiny:
2025-07-26 21:09:15 - AutoML.ComparativeEarlyStopping - INFO -   Decision scores: {'statistical_significance': 1.0, 'performance_gap': 1.0, 'learning_trend': 0.2, 'resource_efficiency': 0.6455509508663257}
2025-07-26 21:09:15 - AutoML.ComparativeEarlyStopping - INFO -   Final score: 0.747
2025-07-26 21:09:15 - AutoML.ComparativeEarlyStopping - INFO -   Decision: STOP
2025-07-26 21:09:15 - AutoML.ComparativeEarlyStopping - INFO -   Primary reason: StoppingReason.STATISTICAL_SIGNIFICANCE
2025-07-26 21:09:15 - AutoML.Trainer - INFO - Early stopping triggered for convnext_tiny at epoch 5
2025-07-26 21:09:15 - AutoML.Trainer - INFO - Reason: StoppingReason.STATISTICAL_SIGNIFICANCE, Confidence: 0.747
2025-07-26 21:09:15 - AutoML.Trainer - INFO - Training completed for convnext_tiny
2025-07-26 21:09:15 - AutoML.Trainer - INFO - Best validation accuracy: 0.2248
2025-07-26 21:09:15 - AutoML.Trainer - INFO - Total training time: 185.7s
2025-07-26 21:09:15 - AutoML.Trainer - INFO - Average epoch time: 37.1s
2025-07-26 21:09:15 - AutoML.Trainer - INFO - Evaluating hyperparameters for convnext_tiny: {'learning_rate': 0.00013492834268013249, 'optimizer': 'adamw', 'weight_decay': 0.07902619549708234, 'batch_size': 32, 'dropout_rate': 0.34211651325607845, 'pretrained': True, 'lr_scheduler': 'cosine', 'max_epochs': 26}
2025-07-26 21:09:15 - AutoML.ModelFactory - INFO - Creating convnext_tiny (pretrained=True, dropout=0.34211651325607845)
2025-07-26 21:09:15 - AutoML - INFO -  Starting: convnext_tiny creation
2025-07-26 21:09:16 - AutoML.ModelFactory - INFO - convnext_tiny created successfully:
2025-07-26 21:09:16 - AutoML.ModelFactory - INFO -   Parameters: 27,822,439
2025-07-26 21:09:16 - AutoML.ModelFactory - INFO -   Trainable: 27,822,439
2025-07-26 21:09:16 - AutoML.ModelFactory - INFO -   Model size: 106.13 MB
2025-07-26 21:09:16 - AutoML - INFO -  convnext_tiny creation completed in 0.41 seconds
2025-07-26 21:09:27 - AutoML.Trainer - INFO - Class distribution: {2: 88, 4: 127, 3: 163, 5: 65, 6: 113, 0: 72, 1: 12}
2025-07-26 21:09:27 - AutoML.Trainer - INFO - Class weights: [1.2698412698412698, 7.619047619047619, 1.0389610389610389, 0.5609114811568799, 0.7199100112485939, 1.4065934065934067, 0.809102402022756]
2025-07-26 21:12:35 - AutoML.ComparativeEarlyStopping - INFO - Early stopping evaluation for convnext_tiny:
2025-07-26 21:12:35 - AutoML.ComparativeEarlyStopping - INFO -   Decision scores: {'statistical_significance': 1.0, 'performance_gap': 0.0, 'learning_trend': 0.2, 'resource_efficiency': 0.0}
2025-07-26 21:12:35 - AutoML.ComparativeEarlyStopping - INFO -   Final score: 0.400
2025-07-26 21:12:35 - AutoML.ComparativeEarlyStopping - INFO -   Decision: CONTINUE
2025-07-26 21:12:35 - AutoML.Trainer - INFO - Epoch 5/26 - Train Acc: 0.6598, Val Acc: 0.5785, Val Loss: 1.1588, Time: 38.6s
2025-07-26 21:13:14 - AutoML.ComparativeEarlyStopping - INFO - Early stopping evaluation for convnext_tiny:
2025-07-26 21:13:14 - AutoML.ComparativeEarlyStopping - INFO -   Decision scores: {'statistical_significance': 1.0, 'performance_gap': 0.0, 'learning_trend': 0.2, 'resource_efficiency': 0.0}
2025-07-26 21:13:14 - AutoML.ComparativeEarlyStopping - INFO -   Final score: 0.400
2025-07-26 21:13:14 - AutoML.ComparativeEarlyStopping - INFO -   Decision: CONTINUE
2025-07-26 21:13:53 - AutoML.ComparativeEarlyStopping - INFO - Early stopping evaluation for convnext_tiny:
2025-07-26 21:13:53 - AutoML.ComparativeEarlyStopping - INFO -   Decision scores: {'statistical_significance': 1.0, 'performance_gap': 0.0, 'learning_trend': 0.2, 'resource_efficiency': 0.0}
2025-07-26 21:13:53 - AutoML.ComparativeEarlyStopping - INFO -   Final score: 0.400
2025-07-26 21:13:53 - AutoML.ComparativeEarlyStopping - INFO -   Decision: CONTINUE
2025-07-26 21:14:31 - AutoML.ComparativeEarlyStopping - INFO - Early stopping evaluation for convnext_tiny:
2025-07-26 21:14:31 - AutoML.ComparativeEarlyStopping - INFO -   Decision scores: {'statistical_significance': 1.0, 'performance_gap': 0.0, 'learning_trend': 0.2, 'resource_efficiency': 0.0}
2025-07-26 21:14:31 - AutoML.ComparativeEarlyStopping - INFO -   Final score: 0.400
2025-07-26 21:14:31 - AutoML.ComparativeEarlyStopping - INFO -   Decision: CONTINUE
2025-07-26 21:15:11 - AutoML.ComparativeEarlyStopping - INFO - Early stopping evaluation for convnext_tiny:
2025-07-26 21:15:11 - AutoML.ComparativeEarlyStopping - INFO -   Decision scores: {'statistical_significance': 1.0, 'performance_gap': 0.0, 'learning_trend': 0.0, 'resource_efficiency': 0.0}
2025-07-26 21:15:11 - AutoML.ComparativeEarlyStopping - INFO -   Final score: 0.350
2025-07-26 21:15:11 - AutoML.ComparativeEarlyStopping - INFO -   Decision: CONTINUE
2025-07-26 21:15:50 - AutoML.ComparativeEarlyStopping - INFO - Early stopping evaluation for convnext_tiny:
2025-07-26 21:15:50 - AutoML.ComparativeEarlyStopping - INFO -   Decision scores: {'statistical_significance': 1.0, 'performance_gap': 0.0, 'learning_trend': 0.0, 'resource_efficiency': 0.0}
2025-07-26 21:15:50 - AutoML.ComparativeEarlyStopping - INFO -   Final score: 0.350
2025-07-26 21:15:50 - AutoML.ComparativeEarlyStopping - INFO -   Decision: CONTINUE
2025-07-26 21:15:50 - AutoML.Trainer - INFO - Epoch 10/26 - Train Acc: 0.8416, Val Acc: 0.6203, Val Loss: 1.4239, Time: 39.4s
2025-07-26 21:16:28 - AutoML.ComparativeEarlyStopping - INFO - Early stopping evaluation for convnext_tiny:
2025-07-26 21:16:28 - AutoML.ComparativeEarlyStopping - INFO -   Decision scores: {'statistical_significance': 1.0, 'performance_gap': 0.0, 'learning_trend': 0.0, 'resource_efficiency': 0.0}
2025-07-26 21:16:28 - AutoML.ComparativeEarlyStopping - INFO -   Final score: 0.350
2025-07-26 21:16:28 - AutoML.ComparativeEarlyStopping - INFO -   Decision: CONTINUE
2025-07-26 21:17:08 - AutoML.ComparativeEarlyStopping - INFO - Early stopping evaluation for convnext_tiny:
2025-07-26 21:17:08 - AutoML.ComparativeEarlyStopping - INFO -   Decision scores: {'statistical_significance': 1.0, 'performance_gap': 0.0, 'learning_trend': 0.0, 'resource_efficiency': 0.0}
2025-07-26 21:17:08 - AutoML.ComparativeEarlyStopping - INFO -   Final score: 0.350
2025-07-26 21:17:08 - AutoML.ComparativeEarlyStopping - INFO -   Decision: CONTINUE
2025-07-26 21:17:47 - AutoML.ComparativeEarlyStopping - INFO - Early stopping evaluation for convnext_tiny:
2025-07-26 21:17:47 - AutoML.ComparativeEarlyStopping - INFO -   Decision scores: {'statistical_significance': 1.0, 'performance_gap': 0.0, 'learning_trend': 0.0, 'resource_efficiency': 0.0}
2025-07-26 21:17:47 - AutoML.ComparativeEarlyStopping - INFO -   Final score: 0.350
2025-07-26 21:17:47 - AutoML.ComparativeEarlyStopping - INFO -   Decision: CONTINUE
2025-07-26 21:18:25 - AutoML.ComparativeEarlyStopping - INFO - Early stopping evaluation for convnext_tiny:
2025-07-26 21:18:25 - AutoML.ComparativeEarlyStopping - INFO -   Decision scores: {'statistical_significance': 1.0, 'performance_gap': 0.0, 'learning_trend': 0.0, 'resource_efficiency': 0.0}
2025-07-26 21:18:25 - AutoML.ComparativeEarlyStopping - INFO -   Final score: 0.350
2025-07-26 21:18:25 - AutoML.ComparativeEarlyStopping - INFO -   Decision: CONTINUE
2025-07-26 21:19:12 - AutoML.ComparativeEarlyStopping - INFO - Early stopping evaluation for convnext_tiny:
2025-07-26 21:19:12 - AutoML.ComparativeEarlyStopping - INFO -   Decision scores: {'statistical_significance': 1.0, 'performance_gap': 0.0, 'learning_trend': 0.0, 'resource_efficiency': 0.0}
2025-07-26 21:19:12 - AutoML.ComparativeEarlyStopping - INFO -   Final score: 0.350
2025-07-26 21:19:12 - AutoML.ComparativeEarlyStopping - INFO -   Decision: CONTINUE
2025-07-26 21:19:12 - AutoML.Trainer - INFO - Epoch 15/26 - Train Acc: 0.9471, Val Acc: 0.6358, Val Loss: 1.7734, Time: 47.7s
2025-07-26 21:19:51 - AutoML.ComparativeEarlyStopping - INFO - Early stopping evaluation for convnext_tiny:
2025-07-26 21:19:51 - AutoML.ComparativeEarlyStopping - INFO -   Decision scores: {'statistical_significance': 1.0, 'performance_gap': 0.0, 'learning_trend': 0.0, 'resource_efficiency': 0.0}
2025-07-26 21:19:51 - AutoML.ComparativeEarlyStopping - INFO -   Final score: 0.350
2025-07-26 21:19:51 - AutoML.ComparativeEarlyStopping - INFO -   Decision: CONTINUE
2025-07-26 21:20:29 - AutoML.ComparativeEarlyStopping - INFO - Early stopping evaluation for convnext_tiny:
2025-07-26 21:20:29 - AutoML.ComparativeEarlyStopping - INFO -   Decision scores: {'statistical_significance': 1.0, 'performance_gap': 0.0, 'learning_trend': 0.0, 'resource_efficiency': 0.0}
2025-07-26 21:20:29 - AutoML.ComparativeEarlyStopping - INFO -   Final score: 0.350
2025-07-26 21:20:29 - AutoML.ComparativeEarlyStopping - INFO -   Decision: CONTINUE
2025-07-26 21:21:08 - AutoML.ComparativeEarlyStopping - INFO - Early stopping evaluation for convnext_tiny:
2025-07-26 21:21:08 - AutoML.ComparativeEarlyStopping - INFO -   Decision scores: {'statistical_significance': 1.0, 'performance_gap': 0.0, 'learning_trend': 0.0, 'resource_efficiency': 0.0}
2025-07-26 21:21:08 - AutoML.ComparativeEarlyStopping - INFO -   Final score: 0.350
2025-07-26 21:21:08 - AutoML.ComparativeEarlyStopping - INFO -   Decision: CONTINUE
2025-07-26 21:21:46 - AutoML.ComparativeEarlyStopping - INFO - Early stopping evaluation for convnext_tiny:
2025-07-26 21:21:46 - AutoML.ComparativeEarlyStopping - INFO -   Decision scores: {'statistical_significance': 1.0, 'performance_gap': 0.0, 'learning_trend': 0.0, 'resource_efficiency': 0.0}
2025-07-26 21:21:46 - AutoML.ComparativeEarlyStopping - INFO -   Final score: 0.350
2025-07-26 21:21:46 - AutoML.ComparativeEarlyStopping - INFO -   Decision: CONTINUE
2025-07-26 21:22:27 - AutoML.ComparativeEarlyStopping - INFO - Early stopping evaluation for convnext_tiny:
2025-07-26 21:22:27 - AutoML.ComparativeEarlyStopping - INFO -   Decision scores: {'statistical_significance': 1.0, 'performance_gap': 0.0, 'learning_trend': 0.0, 'resource_efficiency': 0.0}
2025-07-26 21:22:27 - AutoML.ComparativeEarlyStopping - INFO -   Final score: 0.350
2025-07-26 21:22:27 - AutoML.ComparativeEarlyStopping - INFO -   Decision: CONTINUE
2025-07-26 21:22:27 - AutoML.Trainer - INFO - Epoch 20/26 - Train Acc: 0.9798, Val Acc: 0.6526, Val Loss: 2.1773, Time: 40.6s
2025-07-26 21:23:04 - AutoML.ComparativeEarlyStopping - INFO - Early stopping evaluation for convnext_tiny:
2025-07-26 21:23:04 - AutoML.ComparativeEarlyStopping - INFO -   Decision scores: {'statistical_significance': 1.0, 'performance_gap': 0.0, 'learning_trend': 0.0, 'resource_efficiency': 0.0}
2025-07-26 21:23:04 - AutoML.ComparativeEarlyStopping - INFO -   Final score: 0.350
2025-07-26 21:23:04 - AutoML.ComparativeEarlyStopping - INFO -   Decision: CONTINUE
2025-07-26 21:23:45 - AutoML.ComparativeEarlyStopping - INFO - Early stopping evaluation for convnext_tiny:
2025-07-26 21:23:45 - AutoML.ComparativeEarlyStopping - INFO -   Decision scores: {'statistical_significance': 1.0, 'performance_gap': 0.0, 'learning_trend': 0.0, 'resource_efficiency': 0.0}
2025-07-26 21:23:45 - AutoML.ComparativeEarlyStopping - INFO -   Final score: 0.350
2025-07-26 21:23:45 - AutoML.ComparativeEarlyStopping - INFO -   Decision: CONTINUE
2025-07-26 21:24:38 - AutoML.ComparativeEarlyStopping - INFO - Early stopping evaluation for convnext_tiny:
2025-07-26 21:24:38 - AutoML.ComparativeEarlyStopping - INFO -   Decision scores: {'statistical_significance': 0.5, 'performance_gap': 0.0, 'learning_trend': 0.0, 'resource_efficiency': 0.01484756869180659}
2025-07-26 21:24:38 - AutoML.ComparativeEarlyStopping - INFO -   Final score: 0.177
2025-07-26 21:24:38 - AutoML.ComparativeEarlyStopping - INFO -   Decision: CONTINUE
2025-07-26 21:25:17 - AutoML.ComparativeEarlyStopping - INFO - Early stopping evaluation for convnext_tiny:
2025-07-26 21:25:17 - AutoML.ComparativeEarlyStopping - INFO -   Decision scores: {'statistical_significance': 0.5, 'performance_gap': 0.0, 'learning_trend': 0.0, 'resource_efficiency': 0.01581035388075469}
2025-07-26 21:25:17 - AutoML.ComparativeEarlyStopping - INFO -   Final score: 0.177
2025-07-26 21:25:17 - AutoML.ComparativeEarlyStopping - INFO -   Decision: CONTINUE
2025-07-26 21:25:55 - AutoML.ComparativeEarlyStopping - INFO - Early stopping evaluation for convnext_tiny:
2025-07-26 21:25:55 - AutoML.ComparativeEarlyStopping - INFO -   Decision scores: {'statistical_significance': 0.5, 'performance_gap': 0.0, 'learning_trend': 0.0, 'resource_efficiency': 0.0}
2025-07-26 21:25:55 - AutoML.ComparativeEarlyStopping - INFO -   Final score: 0.175
2025-07-26 21:25:55 - AutoML.ComparativeEarlyStopping - INFO -   Decision: CONTINUE
2025-07-26 21:25:55 - AutoML.Trainer - INFO - Epoch 25/26 - Train Acc: 0.9894, Val Acc: 0.6550, Val Loss: 2.3865, Time: 38.4s
2025-07-26 21:26:35 - AutoML.ComparativeEarlyStopping - INFO - Early stopping evaluation for convnext_tiny:
2025-07-26 21:26:35 - AutoML.ComparativeEarlyStopping - INFO -   Decision scores: {'statistical_significance': 0.5, 'performance_gap': 0.0, 'learning_trend': 0.0, 'resource_efficiency': 0.0}
2025-07-26 21:26:35 - AutoML.ComparativeEarlyStopping - INFO -   Final score: 0.175
2025-07-26 21:26:35 - AutoML.ComparativeEarlyStopping - INFO -   Decision: CONTINUE
2025-07-26 21:26:35 - AutoML.Trainer - INFO - Epoch 26/26 - Train Acc: 0.9897, Val Acc: 0.6550, Val Loss: 2.3850, Time: 40.2s
2025-07-26 21:26:35 - AutoML.Trainer - INFO - Training completed for convnext_tiny
2025-07-26 21:26:35 - AutoML.Trainer - INFO - Best validation accuracy: 0.6562
2025-07-26 21:26:35 - AutoML.Trainer - INFO - Total training time: 1028.9s
2025-07-26 21:26:35 - AutoML.Trainer - INFO - Average epoch time: 39.6s
2025-07-26 21:26:36 - AutoML.Trainer - INFO - Evaluating hyperparameters for convnext_tiny: {'learning_rate': 0.00017541893487450815, 'optimizer': 'adamw', 'weight_decay': 0.009780337016659405, 'batch_size': 64, 'dropout_rate': 0.15585553804470548, 'pretrained': True, 'lr_scheduler': 'cosine', 'max_epochs': 28}
2025-07-26 21:26:36 - AutoML.ModelFactory - INFO - Creating convnext_tiny (pretrained=True, dropout=0.15585553804470548)
2025-07-26 21:26:36 - AutoML - INFO -  Starting: convnext_tiny creation
2025-07-26 21:26:36 - AutoML.ModelFactory - INFO - convnext_tiny created successfully:
2025-07-26 21:26:36 - AutoML.ModelFactory - INFO -   Parameters: 27,822,439
2025-07-26 21:26:36 - AutoML.ModelFactory - INFO -   Trainable: 27,822,439
2025-07-26 21:26:36 - AutoML.ModelFactory - INFO -   Model size: 106.13 MB
2025-07-26 21:26:36 - AutoML - INFO -  convnext_tiny creation completed in 0.53 seconds
2025-07-26 21:26:47 - AutoML.Trainer - INFO - Class distribution: {3: 159, 2: 87, 4: 106, 6: 128, 0: 82, 5: 71, 1: 7}
2025-07-26 21:26:47 - AutoML.Trainer - INFO - Class weights: [1.1149825783972125, 13.061224489795919, 1.0509031198686372, 0.5750224618149147, 0.862533692722372, 1.2877263581488934, 0.7142857142857143]
2025-07-26 21:30:02 - AutoML.ComparativeEarlyStopping - INFO - Early stopping evaluation for convnext_tiny:
2025-07-26 21:30:02 - AutoML.ComparativeEarlyStopping - INFO -   Decision scores: {'statistical_significance': 0.5, 'performance_gap': 0.0, 'learning_trend': 0.0, 'resource_efficiency': 0.04078522046313249}
2025-07-26 21:30:02 - AutoML.ComparativeEarlyStopping - INFO -   Final score: 0.181
2025-07-26 21:30:02 - AutoML.ComparativeEarlyStopping - INFO -   Decision: CONTINUE
2025-07-26 21:30:02 - AutoML.Trainer - INFO - Epoch 5/28 - Train Acc: 0.5981, Val Acc: 0.5700, Val Loss: 1.1181, Time: 38.1s
2025-07-26 21:30:40 - AutoML.ComparativeEarlyStopping - INFO - Early stopping evaluation for convnext_tiny:
2025-07-26 21:30:40 - AutoML.ComparativeEarlyStopping - INFO -   Decision scores: {'statistical_significance': 0.5, 'performance_gap': 0.0, 'learning_trend': 0.0, 'resource_efficiency': 0.033217632261508645}
2025-07-26 21:30:40 - AutoML.ComparativeEarlyStopping - INFO -   Final score: 0.180
2025-07-26 21:30:40 - AutoML.ComparativeEarlyStopping - INFO -   Decision: CONTINUE
2025-07-26 21:31:18 - AutoML.ComparativeEarlyStopping - INFO - Early stopping evaluation for convnext_tiny:
2025-07-26 21:31:18 - AutoML.ComparativeEarlyStopping - INFO -   Decision scores: {'statistical_significance': 0.5, 'performance_gap': 0.0, 'learning_trend': 0.0, 'resource_efficiency': 0.0}
2025-07-26 21:31:18 - AutoML.ComparativeEarlyStopping - INFO -   Final score: 0.175
2025-07-26 21:31:18 - AutoML.ComparativeEarlyStopping - INFO -   Decision: CONTINUE
2025-07-26 21:31:57 - AutoML.ComparativeEarlyStopping - INFO - Early stopping evaluation for convnext_tiny:
2025-07-26 21:31:57 - AutoML.ComparativeEarlyStopping - INFO -   Decision scores: {'statistical_significance': 0.5, 'performance_gap': 0.0, 'learning_trend': 0.0, 'resource_efficiency': 0.0}
2025-07-26 21:31:57 - AutoML.ComparativeEarlyStopping - INFO -   Final score: 0.175
2025-07-26 21:31:57 - AutoML.ComparativeEarlyStopping - INFO -   Decision: CONTINUE
2025-07-26 21:32:36 - AutoML.ComparativeEarlyStopping - INFO - Early stopping evaluation for convnext_tiny:
2025-07-26 21:32:36 - AutoML.ComparativeEarlyStopping - INFO -   Decision scores: {'statistical_significance': 0.5, 'performance_gap': 0.0, 'learning_trend': 0.0, 'resource_efficiency': 0.0}
2025-07-26 21:32:36 - AutoML.ComparativeEarlyStopping - INFO -   Final score: 0.175
2025-07-26 21:32:36 - AutoML.ComparativeEarlyStopping - INFO -   Decision: CONTINUE
2025-07-26 21:33:16 - AutoML.ComparativeEarlyStopping - INFO - Early stopping evaluation for convnext_tiny:
2025-07-26 21:33:16 - AutoML.ComparativeEarlyStopping - INFO -   Decision scores: {'statistical_significance': 0.5, 'performance_gap': 0.0, 'learning_trend': 0.0, 'resource_efficiency': 0.0}
2025-07-26 21:33:16 - AutoML.ComparativeEarlyStopping - INFO -   Final score: 0.175
2025-07-26 21:33:16 - AutoML.ComparativeEarlyStopping - INFO -   Decision: CONTINUE
2025-07-26 21:33:16 - AutoML.Trainer - INFO - Epoch 10/28 - Train Acc: 0.7342, Val Acc: 0.6224, Val Loss: 1.1007, Time: 39.5s
2025-07-26 21:33:54 - AutoML.ComparativeEarlyStopping - INFO - Early stopping evaluation for convnext_tiny:
2025-07-26 21:33:54 - AutoML.ComparativeEarlyStopping - INFO -   Decision scores: {'statistical_significance': 0.5, 'performance_gap': 0.0, 'learning_trend': 0.0, 'resource_efficiency': 0.0}
2025-07-26 21:33:54 - AutoML.ComparativeEarlyStopping - INFO -   Final score: 0.175
2025-07-26 21:33:54 - AutoML.ComparativeEarlyStopping - INFO -   Decision: CONTINUE
2025-07-26 21:34:35 - AutoML.ComparativeEarlyStopping - INFO - Early stopping evaluation for convnext_tiny:
2025-07-26 21:34:35 - AutoML.ComparativeEarlyStopping - INFO -   Decision scores: {'statistical_significance': 0.5, 'performance_gap': 0.0, 'learning_trend': 0.0, 'resource_efficiency': 0.0}
2025-07-26 21:34:35 - AutoML.ComparativeEarlyStopping - INFO -   Final score: 0.175
2025-07-26 21:34:35 - AutoML.ComparativeEarlyStopping - INFO -   Decision: CONTINUE
2025-07-26 21:35:14 - AutoML.ComparativeEarlyStopping - INFO - Early stopping evaluation for convnext_tiny:
2025-07-26 21:35:14 - AutoML.ComparativeEarlyStopping - INFO -   Decision scores: {'statistical_significance': 0.5, 'performance_gap': 0.0, 'learning_trend': 0.0, 'resource_efficiency': 0.0}
2025-07-26 21:35:14 - AutoML.ComparativeEarlyStopping - INFO -   Final score: 0.175
2025-07-26 21:35:14 - AutoML.ComparativeEarlyStopping - INFO -   Decision: CONTINUE
2025-07-26 21:35:53 - AutoML.ComparativeEarlyStopping - INFO - Early stopping evaluation for convnext_tiny:
2025-07-26 21:35:53 - AutoML.ComparativeEarlyStopping - INFO -   Decision scores: {'statistical_significance': 0.5, 'performance_gap': 0.0, 'learning_trend': 0.0, 'resource_efficiency': 0.0}
2025-07-26 21:35:53 - AutoML.ComparativeEarlyStopping - INFO -   Final score: 0.175
2025-07-26 21:35:53 - AutoML.ComparativeEarlyStopping - INFO -   Decision: CONTINUE
2025-07-26 21:36:33 - AutoML.ComparativeEarlyStopping - INFO - Early stopping evaluation for convnext_tiny:
2025-07-26 21:36:33 - AutoML.ComparativeEarlyStopping - INFO -   Decision scores: {'statistical_significance': 0.5, 'performance_gap': 0.0, 'learning_trend': 0.0, 'resource_efficiency': 0.0}
2025-07-26 21:36:33 - AutoML.ComparativeEarlyStopping - INFO -   Final score: 0.175
2025-07-26 21:36:33 - AutoML.ComparativeEarlyStopping - INFO -   Decision: CONTINUE
2025-07-26 21:36:33 - AutoML.Trainer - INFO - Epoch 15/28 - Train Acc: 0.8854, Val Acc: 0.6357, Val Loss: 1.4668, Time: 39.6s
2025-07-26 21:37:11 - AutoML.ComparativeEarlyStopping - INFO - Early stopping evaluation for convnext_tiny:
2025-07-26 21:37:11 - AutoML.ComparativeEarlyStopping - INFO -   Decision scores: {'statistical_significance': 0.5, 'performance_gap': 0.0, 'learning_trend': 0.0, 'resource_efficiency': 0.0}
2025-07-26 21:37:11 - AutoML.ComparativeEarlyStopping - INFO -   Final score: 0.175
2025-07-26 21:37:11 - AutoML.ComparativeEarlyStopping - INFO -   Decision: CONTINUE
2025-07-26 21:37:53 - AutoML.ComparativeEarlyStopping - INFO - Early stopping evaluation for convnext_tiny:
2025-07-26 21:37:53 - AutoML.ComparativeEarlyStopping - INFO -   Decision scores: {'statistical_significance': 0.5, 'performance_gap': 0.0, 'learning_trend': 0.0, 'resource_efficiency': 0.0}
2025-07-26 21:37:53 - AutoML.ComparativeEarlyStopping - INFO -   Final score: 0.175
2025-07-26 21:37:53 - AutoML.ComparativeEarlyStopping - INFO -   Decision: CONTINUE
2025-07-26 21:38:31 - AutoML.ComparativeEarlyStopping - INFO - Early stopping evaluation for convnext_tiny:
2025-07-26 21:38:31 - AutoML.ComparativeEarlyStopping - INFO -   Decision scores: {'statistical_significance': 0.5, 'performance_gap': 0.0, 'learning_trend': 0.0, 'resource_efficiency': 0.0}
2025-07-26 21:38:31 - AutoML.ComparativeEarlyStopping - INFO -   Final score: 0.175
2025-07-26 21:38:31 - AutoML.ComparativeEarlyStopping - INFO -   Decision: CONTINUE
2025-07-26 21:39:11 - AutoML.ComparativeEarlyStopping - INFO - Early stopping evaluation for convnext_tiny:
2025-07-26 21:39:11 - AutoML.ComparativeEarlyStopping - INFO -   Decision scores: {'statistical_significance': 0.5, 'performance_gap': 0.0, 'learning_trend': 0.0, 'resource_efficiency': 0.0}
2025-07-26 21:39:11 - AutoML.ComparativeEarlyStopping - INFO -   Final score: 0.175
2025-07-26 21:39:11 - AutoML.ComparativeEarlyStopping - INFO -   Decision: CONTINUE
2025-07-26 21:39:49 - AutoML.ComparativeEarlyStopping - INFO - Early stopping evaluation for convnext_tiny:
2025-07-26 21:39:49 - AutoML.ComparativeEarlyStopping - INFO -   Decision scores: {'statistical_significance': 0.0, 'performance_gap': 0.0, 'learning_trend': 0.0, 'resource_efficiency': 0.0}
2025-07-26 21:39:49 - AutoML.ComparativeEarlyStopping - INFO -   Final score: 0.000
2025-07-26 21:39:49 - AutoML.ComparativeEarlyStopping - INFO -   Decision: CONTINUE
2025-07-26 21:39:49 - AutoML.Trainer - INFO - Epoch 20/28 - Train Acc: 0.9586, Val Acc: 0.6369, Val Loss: 2.0014, Time: 37.8s
2025-07-26 21:40:26 - AutoML.ComparativeEarlyStopping - INFO - Early stopping evaluation for convnext_tiny:
2025-07-26 21:40:26 - AutoML.ComparativeEarlyStopping - INFO -   Decision scores: {'statistical_significance': 0.0, 'performance_gap': 0.0, 'learning_trend': 0.0, 'resource_efficiency': 0.0}
2025-07-26 21:40:26 - AutoML.ComparativeEarlyStopping - INFO -   Final score: 0.000
2025-07-26 21:40:26 - AutoML.ComparativeEarlyStopping - INFO -   Decision: CONTINUE
2025-07-26 21:41:04 - AutoML.ComparativeEarlyStopping - INFO - Early stopping evaluation for convnext_tiny:
2025-07-26 21:41:04 - AutoML.ComparativeEarlyStopping - INFO -   Decision scores: {'statistical_significance': 0.0, 'performance_gap': 0.0, 'learning_trend': 0.0, 'resource_efficiency': 0.0}
2025-07-26 21:41:04 - AutoML.ComparativeEarlyStopping - INFO -   Final score: 0.000
2025-07-26 21:41:04 - AutoML.ComparativeEarlyStopping - INFO -   Decision: CONTINUE
2025-07-26 21:41:41 - AutoML.ComparativeEarlyStopping - INFO - Early stopping evaluation for convnext_tiny:
2025-07-26 21:41:41 - AutoML.ComparativeEarlyStopping - INFO -   Decision scores: {'statistical_significance': 0.0, 'performance_gap': 0.0, 'learning_trend': 0.0, 'resource_efficiency': 0.0}
2025-07-26 21:41:41 - AutoML.ComparativeEarlyStopping - INFO -   Final score: 0.000
2025-07-26 21:41:41 - AutoML.ComparativeEarlyStopping - INFO -   Decision: CONTINUE
2025-07-26 21:42:20 - AutoML.ComparativeEarlyStopping - INFO - Early stopping evaluation for convnext_tiny:
2025-07-26 21:42:20 - AutoML.ComparativeEarlyStopping - INFO -   Decision scores: {'statistical_significance': 0.0, 'performance_gap': 0.0, 'learning_trend': 0.0, 'resource_efficiency': 0.0}
2025-07-26 21:42:20 - AutoML.ComparativeEarlyStopping - INFO -   Final score: 0.000
2025-07-26 21:42:20 - AutoML.ComparativeEarlyStopping - INFO -   Decision: CONTINUE
2025-07-26 21:43:00 - AutoML.ComparativeEarlyStopping - INFO - Early stopping evaluation for convnext_tiny:
2025-07-26 21:43:00 - AutoML.ComparativeEarlyStopping - INFO -   Decision scores: {'statistical_significance': 0.0, 'performance_gap': 0.0, 'learning_trend': 0.0, 'resource_efficiency': 0.0}
2025-07-26 21:43:00 - AutoML.ComparativeEarlyStopping - INFO -   Final score: 0.000
2025-07-26 21:43:00 - AutoML.ComparativeEarlyStopping - INFO -   Decision: CONTINUE
2025-07-26 21:43:00 - AutoML.Trainer - INFO - Epoch 25/28 - Train Acc: 0.9815, Val Acc: 0.6458, Val Loss: 2.2864, Time: 39.2s
2025-07-26 21:43:38 - AutoML.ComparativeEarlyStopping - INFO - Early stopping evaluation for convnext_tiny:
2025-07-26 21:43:38 - AutoML.ComparativeEarlyStopping - INFO -   Decision scores: {'statistical_significance': 0.0, 'performance_gap': 0.0, 'learning_trend': 0.0, 'resource_efficiency': 0.0}
2025-07-26 21:43:38 - AutoML.ComparativeEarlyStopping - INFO -   Final score: 0.000
2025-07-26 21:43:38 - AutoML.ComparativeEarlyStopping - INFO -   Decision: CONTINUE
2025-07-26 21:44:18 - AutoML.ComparativeEarlyStopping - INFO - Early stopping evaluation for convnext_tiny:
2025-07-26 21:44:18 - AutoML.ComparativeEarlyStopping - INFO -   Decision scores: {'statistical_significance': 0.0, 'performance_gap': 0.0, 'learning_trend': 0.0, 'resource_efficiency': 0.0}
2025-07-26 21:44:18 - AutoML.ComparativeEarlyStopping - INFO -   Final score: 0.000
2025-07-26 21:44:18 - AutoML.ComparativeEarlyStopping - INFO -   Decision: CONTINUE
2025-07-26 21:44:56 - AutoML.ComparativeEarlyStopping - INFO - Early stopping evaluation for convnext_tiny:
2025-07-26 21:44:56 - AutoML.ComparativeEarlyStopping - INFO -   Decision scores: {'statistical_significance': 0.0, 'performance_gap': 0.0, 'learning_trend': 0.0, 'resource_efficiency': 0.0}
2025-07-26 21:44:56 - AutoML.ComparativeEarlyStopping - INFO -   Final score: 0.000
2025-07-26 21:44:56 - AutoML.ComparativeEarlyStopping - INFO -   Decision: CONTINUE
2025-07-26 21:44:56 - AutoML.Trainer - INFO - Epoch 28/28 - Train Acc: 0.9844, Val Acc: 0.6487, Val Loss: 2.3717, Time: 38.1s
2025-07-26 21:44:56 - AutoML.Trainer - INFO - Training completed for convnext_tiny
2025-07-26 21:44:56 - AutoML.Trainer - INFO - Best validation accuracy: 0.6501
2025-07-26 21:44:56 - AutoML.Trainer - INFO - Total training time: 1088.6s
2025-07-26 21:44:56 - AutoML.Trainer - INFO - Average epoch time: 38.9s
2025-07-26 21:44:56 - AutoML.Trainer - INFO - Evaluating hyperparameters for convnext_tiny: {'learning_rate': 0.0012399967836846098, 'optimizer': 'adamw', 'weight_decay': 0.0023426581058204046, 'batch_size': 32, 'dropout_rate': 0.29894998940554257, 'pretrained': True, 'lr_scheduler': 'cosine', 'max_epochs': 38}
2025-07-26 21:44:56 - AutoML.ModelFactory - INFO - Creating convnext_tiny (pretrained=True, dropout=0.29894998940554257)
2025-07-26 21:44:56 - AutoML - INFO -  Starting: convnext_tiny creation
2025-07-26 21:44:57 - AutoML.ModelFactory - INFO - convnext_tiny created successfully:
2025-07-26 21:44:57 - AutoML.ModelFactory - INFO -   Parameters: 27,822,439
2025-07-26 21:44:57 - AutoML.ModelFactory - INFO -   Trainable: 27,822,439
2025-07-26 21:44:57 - AutoML.ModelFactory - INFO -   Model size: 106.13 MB
2025-07-26 21:44:57 - AutoML - INFO -  convnext_tiny creation completed in 0.53 seconds
2025-07-26 21:45:08 - AutoML.Trainer - INFO - Class distribution: {5: 79, 3: 181, 6: 105, 4: 103, 2: 91, 0: 76, 1: 5}
2025-07-26 21:45:08 - AutoML.Trainer - INFO - Class weights: [1.2030075187969924, 18.285714285714285, 1.0047095761381475, 0.505130228887135, 0.8876560332871013, 1.1573236889692586, 0.8707482993197279]
2025-07-26 21:48:19 - AutoML.ComparativeEarlyStopping - INFO - Early stopping evaluation for convnext_tiny:
2025-07-26 21:48:19 - AutoML.ComparativeEarlyStopping - INFO -   Decision scores: {'statistical_significance': 0.5, 'performance_gap': 1.0, 'learning_trend': 0.6000000000000001, 'resource_efficiency': 0.9739704405266876}
2025-07-26 21:48:19 - AutoML.ComparativeEarlyStopping - INFO -   Final score: 0.721
2025-07-26 21:48:19 - AutoML.ComparativeEarlyStopping - INFO -   Decision: STOP
2025-07-26 21:48:19 - AutoML.ComparativeEarlyStopping - INFO -   Primary reason: StoppingReason.PERFORMANCE_GAP
2025-07-26 21:48:19 - AutoML.Trainer - INFO - Early stopping triggered for convnext_tiny at epoch 5
2025-07-26 21:48:19 - AutoML.Trainer - INFO - Reason: StoppingReason.PERFORMANCE_GAP, Confidence: 0.721
2025-07-26 21:48:19 - AutoML.Trainer - INFO - Training completed for convnext_tiny
2025-07-26 21:48:19 - AutoML.Trainer - INFO - Best validation accuracy: 0.0152
2025-07-26 21:48:19 - AutoML.Trainer - INFO - Total training time: 191.3s
2025-07-26 21:48:19 - AutoML.Trainer - INFO - Average epoch time: 38.3s
2025-07-26 21:48:19 - AutoML.Trainer - INFO - Evaluating hyperparameters for convnext_tiny: {'learning_rate': 0.00015030900645056822, 'optimizer': 'adamw', 'weight_decay': 0.0024658447214487376, 'batch_size': 128, 'dropout_rate': 0.41436875457596467, 'pretrained': True, 'lr_scheduler': 'cosine', 'max_epochs': 24}
2025-07-26 21:48:19 - AutoML.ModelFactory - INFO - Creating convnext_tiny (pretrained=True, dropout=0.41436875457596467)
2025-07-26 21:48:19 - AutoML - INFO -  Starting: convnext_tiny creation
2025-07-26 21:48:20 - AutoML.ModelFactory - INFO - convnext_tiny created successfully:
2025-07-26 21:48:20 - AutoML.ModelFactory - INFO -   Parameters: 27,822,439
2025-07-26 21:48:20 - AutoML.ModelFactory - INFO -   Trainable: 27,822,439
2025-07-26 21:48:20 - AutoML.ModelFactory - INFO -   Model size: 106.13 MB
2025-07-26 21:48:20 - AutoML - INFO -  convnext_tiny creation completed in 0.42 seconds
2025-07-26 21:48:32 - AutoML.Trainer - INFO - Class distribution: {4: 117, 3: 158, 5: 66, 2: 91, 0: 81, 6: 122, 1: 5}
2025-07-26 21:48:32 - AutoML.Trainer - INFO - Class weights: [1.128747795414462, 18.285714285714285, 1.0047095761381475, 0.5786618444846293, 0.7814407814407814, 1.3852813852813852, 0.7494145199063232]
2025-07-26 21:51:41 - AutoML.ComparativeEarlyStopping - INFO - Early stopping evaluation for convnext_tiny:
2025-07-26 21:51:41 - AutoML.ComparativeEarlyStopping - INFO -   Decision scores: {'statistical_significance': 0.0, 'performance_gap': 0.0, 'learning_trend': 0.0, 'resource_efficiency': 0.0}
2025-07-26 21:51:41 - AutoML.ComparativeEarlyStopping - INFO -   Final score: 0.000
2025-07-26 21:51:41 - AutoML.ComparativeEarlyStopping - INFO -   Decision: CONTINUE
2025-07-26 21:51:41 - AutoML.Trainer - INFO - Epoch 5/24 - Train Acc: 0.5970, Val Acc: 0.5730, Val Loss: 1.0815, Time: 36.9s
2025-07-26 21:52:18 - AutoML.ComparativeEarlyStopping - INFO - Early stopping evaluation for convnext_tiny:
2025-07-26 21:52:18 - AutoML.ComparativeEarlyStopping - INFO -   Decision scores: {'statistical_significance': 0.0, 'performance_gap': 0.0, 'learning_trend': 0.0, 'resource_efficiency': 0.0}
2025-07-26 21:52:18 - AutoML.ComparativeEarlyStopping - INFO -   Final score: 0.000
2025-07-26 21:52:18 - AutoML.ComparativeEarlyStopping - INFO -   Decision: CONTINUE
2025-07-26 21:52:56 - AutoML.ComparativeEarlyStopping - INFO - Early stopping evaluation for convnext_tiny:
2025-07-26 21:52:56 - AutoML.ComparativeEarlyStopping - INFO -   Decision scores: {'statistical_significance': 0.0, 'performance_gap': 0.0, 'learning_trend': 0.0, 'resource_efficiency': 0.0}
2025-07-26 21:52:56 - AutoML.ComparativeEarlyStopping - INFO -   Final score: 0.000
2025-07-26 21:52:56 - AutoML.ComparativeEarlyStopping - INFO -   Decision: CONTINUE
2025-07-26 21:53:34 - AutoML.ComparativeEarlyStopping - INFO - Early stopping evaluation for convnext_tiny:
2025-07-26 21:53:34 - AutoML.ComparativeEarlyStopping - INFO -   Decision scores: {'statistical_significance': 0.0, 'performance_gap': 0.0, 'learning_trend': 0.0, 'resource_efficiency': 0.0}
2025-07-26 21:53:34 - AutoML.ComparativeEarlyStopping - INFO -   Final score: 0.000
2025-07-26 21:53:34 - AutoML.ComparativeEarlyStopping - INFO -   Decision: CONTINUE
2025-07-26 21:54:12 - AutoML.ComparativeEarlyStopping - INFO - Early stopping evaluation for convnext_tiny:
2025-07-26 21:54:12 - AutoML.ComparativeEarlyStopping - INFO -   Decision scores: {'statistical_significance': 0.0, 'performance_gap': 0.0, 'learning_trend': 0.0, 'resource_efficiency': 0.0}
2025-07-26 21:54:12 - AutoML.ComparativeEarlyStopping - INFO -   Final score: 0.000
2025-07-26 21:54:12 - AutoML.ComparativeEarlyStopping - INFO -   Decision: CONTINUE
2025-07-26 21:54:51 - AutoML.ComparativeEarlyStopping - INFO - Early stopping evaluation for convnext_tiny:
2025-07-26 21:54:51 - AutoML.ComparativeEarlyStopping - INFO -   Decision scores: {'statistical_significance': 0.0, 'performance_gap': 0.0, 'learning_trend': 0.0, 'resource_efficiency': 0.0}
2025-07-26 21:54:51 - AutoML.ComparativeEarlyStopping - INFO -   Final score: 0.000
2025-07-26 21:54:51 - AutoML.ComparativeEarlyStopping - INFO -   Decision: CONTINUE
2025-07-26 21:54:51 - AutoML.Trainer - INFO - Epoch 10/24 - Train Acc: 0.7619, Val Acc: 0.6381, Val Loss: 1.2602, Time: 39.5s
2025-07-26 21:55:30 - AutoML.ComparativeEarlyStopping - INFO - Early stopping evaluation for convnext_tiny:
2025-07-26 21:55:30 - AutoML.ComparativeEarlyStopping - INFO -   Decision scores: {'statistical_significance': 0.0, 'performance_gap': 0.0, 'learning_trend': 0.0, 'resource_efficiency': 0.0}
2025-07-26 21:55:30 - AutoML.ComparativeEarlyStopping - INFO -   Final score: 0.000
2025-07-26 21:55:30 - AutoML.ComparativeEarlyStopping - INFO -   Decision: CONTINUE
2025-07-26 21:56:08 - AutoML.ComparativeEarlyStopping - INFO - Early stopping evaluation for convnext_tiny:
2025-07-26 21:56:08 - AutoML.ComparativeEarlyStopping - INFO -   Decision scores: {'statistical_significance': 0.0, 'performance_gap': 0.0, 'learning_trend': 0.0, 'resource_efficiency': 0.0}
2025-07-26 21:56:08 - AutoML.ComparativeEarlyStopping - INFO -   Final score: 0.000
2025-07-26 21:56:08 - AutoML.ComparativeEarlyStopping - INFO -   Decision: CONTINUE
2025-07-26 21:56:47 - AutoML.ComparativeEarlyStopping - INFO - Early stopping evaluation for convnext_tiny:
2025-07-26 21:56:47 - AutoML.ComparativeEarlyStopping - INFO -   Decision scores: {'statistical_significance': 0.0, 'performance_gap': 0.0, 'learning_trend': 0.0, 'resource_efficiency': 0.0}
2025-07-26 21:56:47 - AutoML.ComparativeEarlyStopping - INFO -   Final score: 0.000
2025-07-26 21:56:47 - AutoML.ComparativeEarlyStopping - INFO -   Decision: CONTINUE
2025-07-26 21:57:25 - AutoML.ComparativeEarlyStopping - INFO - Early stopping evaluation for convnext_tiny:
2025-07-26 21:57:25 - AutoML.ComparativeEarlyStopping - INFO -   Decision scores: {'statistical_significance': 0.0, 'performance_gap': 0.0, 'learning_trend': 0.0, 'resource_efficiency': 0.0}
2025-07-26 21:57:25 - AutoML.ComparativeEarlyStopping - INFO -   Final score: 0.000
2025-07-26 21:57:25 - AutoML.ComparativeEarlyStopping - INFO -   Decision: CONTINUE
2025-07-26 21:58:05 - AutoML.ComparativeEarlyStopping - INFO - Early stopping evaluation for convnext_tiny:
2025-07-26 21:58:05 - AutoML.ComparativeEarlyStopping - INFO -   Decision scores: {'statistical_significance': 0.0, 'performance_gap': 0.0, 'learning_trend': 0.0, 'resource_efficiency': 0.0}
2025-07-26 21:58:05 - AutoML.ComparativeEarlyStopping - INFO -   Final score: 0.000
2025-07-26 21:58:05 - AutoML.ComparativeEarlyStopping - INFO -   Decision: CONTINUE
2025-07-26 21:58:05 - AutoML.Trainer - INFO - Epoch 15/24 - Train Acc: 0.9228, Val Acc: 0.6466, Val Loss: 2.0769, Time: 39.5s
2025-07-26 21:58:43 - AutoML.ComparativeEarlyStopping - INFO - Early stopping evaluation for convnext_tiny:
2025-07-26 21:58:43 - AutoML.ComparativeEarlyStopping - INFO -   Decision scores: {'statistical_significance': 0.0, 'performance_gap': 0.0, 'learning_trend': 0.0, 'resource_efficiency': 0.0}
2025-07-26 21:58:43 - AutoML.ComparativeEarlyStopping - INFO -   Final score: 0.000
2025-07-26 21:58:43 - AutoML.ComparativeEarlyStopping - INFO -   Decision: CONTINUE
2025-07-26 21:59:19 - AutoML.ComparativeEarlyStopping - INFO - Early stopping evaluation for convnext_tiny:
2025-07-26 21:59:19 - AutoML.ComparativeEarlyStopping - INFO -   Decision scores: {'statistical_significance': 0.0, 'performance_gap': 0.0, 'learning_trend': 0.0, 'resource_efficiency': 0.0}
2025-07-26 21:59:19 - AutoML.ComparativeEarlyStopping - INFO -   Final score: 0.000
2025-07-26 21:59:19 - AutoML.ComparativeEarlyStopping - INFO -   Decision: CONTINUE
2025-07-26 21:59:56 - AutoML.ComparativeEarlyStopping - INFO - Early stopping evaluation for convnext_tiny:
2025-07-26 21:59:56 - AutoML.ComparativeEarlyStopping - INFO -   Decision scores: {'statistical_significance': 0.0, 'performance_gap': 0.0, 'learning_trend': 0.0, 'resource_efficiency': 0.0}
2025-07-26 21:59:56 - AutoML.ComparativeEarlyStopping - INFO -   Final score: 0.000
2025-07-26 21:59:56 - AutoML.ComparativeEarlyStopping - INFO -   Decision: CONTINUE
2025-07-26 22:00:32 - AutoML.ComparativeEarlyStopping - INFO - Early stopping evaluation for convnext_tiny:
2025-07-26 22:00:32 - AutoML.ComparativeEarlyStopping - INFO -   Decision scores: {'statistical_significance': 0.0, 'performance_gap': 0.0, 'learning_trend': 0.0, 'resource_efficiency': 0.0}
2025-07-26 22:00:32 - AutoML.ComparativeEarlyStopping - INFO -   Final score: 0.000
2025-07-26 22:00:32 - AutoML.ComparativeEarlyStopping - INFO -   Decision: CONTINUE
2025-07-26 22:01:08 - AutoML.ComparativeEarlyStopping - INFO - Early stopping evaluation for convnext_tiny:
2025-07-26 22:01:08 - AutoML.ComparativeEarlyStopping - INFO -   Decision scores: {'statistical_significance': 0.0, 'performance_gap': 0.0, 'learning_trend': 0.0, 'resource_efficiency': 0.0}
2025-07-26 22:01:08 - AutoML.ComparativeEarlyStopping - INFO -   Final score: 0.000
2025-07-26 22:01:08 - AutoML.ComparativeEarlyStopping - INFO -   Decision: CONTINUE
2025-07-26 22:01:08 - AutoML.Trainer - INFO - Epoch 20/24 - Train Acc: 0.9721, Val Acc: 0.6411, Val Loss: 2.4458, Time: 36.2s
2025-07-26 22:01:45 - AutoML.ComparativeEarlyStopping - INFO - Early stopping evaluation for convnext_tiny:
2025-07-26 22:01:45 - AutoML.ComparativeEarlyStopping - INFO -   Decision scores: {'statistical_significance': 0.0, 'performance_gap': 0.0, 'learning_trend': 0.0, 'resource_efficiency': 0.0}
2025-07-26 22:01:45 - AutoML.ComparativeEarlyStopping - INFO -   Final score: 0.000
2025-07-26 22:01:45 - AutoML.ComparativeEarlyStopping - INFO -   Decision: CONTINUE
2025-07-26 22:02:23 - AutoML.ComparativeEarlyStopping - INFO - Early stopping evaluation for convnext_tiny:
2025-07-26 22:02:23 - AutoML.ComparativeEarlyStopping - INFO -   Decision scores: {'statistical_significance': 0.0, 'performance_gap': 0.0, 'learning_trend': 0.2, 'resource_efficiency': 0.0}
2025-07-26 22:02:23 - AutoML.ComparativeEarlyStopping - INFO -   Final score: 0.050
2025-07-26 22:02:23 - AutoML.ComparativeEarlyStopping - INFO -   Decision: CONTINUE
2025-07-26 22:02:59 - AutoML.ComparativeEarlyStopping - INFO - Early stopping evaluation for convnext_tiny:
2025-07-26 22:02:59 - AutoML.ComparativeEarlyStopping - INFO -   Decision scores: {'statistical_significance': 0.0, 'performance_gap': 0.0, 'learning_trend': 0.2, 'resource_efficiency': 0.0}
2025-07-26 22:02:59 - AutoML.ComparativeEarlyStopping - INFO -   Final score: 0.050
2025-07-26 22:02:59 - AutoML.ComparativeEarlyStopping - INFO -   Decision: CONTINUE
2025-07-26 22:03:36 - AutoML.ComparativeEarlyStopping - INFO - Early stopping evaluation for convnext_tiny:
2025-07-26 22:03:36 - AutoML.ComparativeEarlyStopping - INFO -   Decision scores: {'statistical_significance': 0.0, 'performance_gap': 0.0, 'learning_trend': 0.2, 'resource_efficiency': 0.0}
2025-07-26 22:03:36 - AutoML.ComparativeEarlyStopping - INFO -   Final score: 0.050
2025-07-26 22:03:36 - AutoML.ComparativeEarlyStopping - INFO -   Decision: CONTINUE
2025-07-26 22:03:36 - AutoML.Trainer - INFO - Epoch 24/24 - Train Acc: 0.9816, Val Acc: 0.6480, Val Loss: 2.7195, Time: 36.6s
2025-07-26 22:03:36 - AutoML.Trainer - INFO - Training completed for convnext_tiny
2025-07-26 22:03:36 - AutoML.Trainer - INFO - Best validation accuracy: 0.6493
2025-07-26 22:03:36 - AutoML.Trainer - INFO - Total training time: 903.6s
2025-07-26 22:03:36 - AutoML.Trainer - INFO - Average epoch time: 37.6s
2025-07-26 22:03:36 - AutoML.Trainer - INFO - Evaluating hyperparameters for convnext_tiny: {'learning_rate': 0.0003646439558980723, 'optimizer': 'adamw', 'weight_decay': 0.012172847081122434, 'batch_size': 256, 'dropout_rate': 0.3861223846483287, 'pretrained': True, 'lr_scheduler': 'cosine', 'max_epochs': 20}
2025-07-26 22:03:36 - AutoML.ModelFactory - INFO - Creating convnext_tiny (pretrained=True, dropout=0.3861223846483287)
2025-07-26 22:03:36 - AutoML - INFO -  Starting: convnext_tiny creation
2025-07-26 22:03:36 - AutoML.ModelFactory - INFO - convnext_tiny created successfully:
2025-07-26 22:03:36 - AutoML.ModelFactory - INFO -   Parameters: 27,822,439
2025-07-26 22:03:36 - AutoML.ModelFactory - INFO -   Trainable: 27,822,439
2025-07-26 22:03:36 - AutoML.ModelFactory - INFO -   Model size: 106.13 MB
2025-07-26 22:03:36 - AutoML - INFO -  convnext_tiny creation completed in 0.44 seconds
2025-07-26 22:03:47 - AutoML.Trainer - INFO - Class distribution: {2: 96, 6: 103, 3: 169, 4: 108, 0: 73, 5: 76, 1: 15}
2025-07-26 22:03:47 - AutoML.Trainer - INFO - Class weights: [1.2524461839530332, 6.095238095238095, 0.9523809523809523, 0.5409974640743872, 0.8465608465608465, 1.2030075187969924, 0.8876560332871013]
2025-07-26 22:06:50 - AutoML.ComparativeEarlyStopping - INFO - Early stopping evaluation for convnext_tiny:
2025-07-26 22:06:50 - AutoML.ComparativeEarlyStopping - INFO -   Decision scores: {'statistical_significance': 0.0, 'performance_gap': 1.0, 'learning_trend': 0.2, 'resource_efficiency': 0.2911899207337725}
2025-07-26 22:06:50 - AutoML.ComparativeEarlyStopping - INFO -   Final score: 0.344
2025-07-26 22:06:50 - AutoML.ComparativeEarlyStopping - INFO -   Decision: CONTINUE
2025-07-26 22:06:50 - AutoML.Trainer - INFO - Epoch 5/20 - Train Acc: 0.3987, Val Acc: 0.4356, Val Loss: 1.4904, Time: 36.9s
2025-07-26 22:07:27 - AutoML.ComparativeEarlyStopping - INFO - Early stopping evaluation for convnext_tiny:
2025-07-26 22:07:27 - AutoML.ComparativeEarlyStopping - INFO -   Decision scores: {'statistical_significance': 0.0, 'performance_gap': 1.0, 'learning_trend': 0.2, 'resource_efficiency': 0.20945787231987079}
2025-07-26 22:07:27 - AutoML.ComparativeEarlyStopping - INFO -   Final score: 0.331
2025-07-26 22:07:27 - AutoML.ComparativeEarlyStopping - INFO -   Decision: CONTINUE
2025-07-26 22:08:03 - AutoML.ComparativeEarlyStopping - INFO - Early stopping evaluation for convnext_tiny:
2025-07-26 22:08:03 - AutoML.ComparativeEarlyStopping - INFO -   Decision scores: {'statistical_significance': 0.0, 'performance_gap': 0.8548124927435292, 'learning_trend': 0.2, 'resource_efficiency': 0.14561272261795466}
2025-07-26 22:08:03 - AutoML.ComparativeEarlyStopping - INFO -   Final score: 0.286
2025-07-26 22:08:03 - AutoML.ComparativeEarlyStopping - INFO -   Decision: CONTINUE
2025-07-26 22:08:39 - AutoML.ComparativeEarlyStopping - INFO - Early stopping evaluation for convnext_tiny:
2025-07-26 22:08:39 - AutoML.ComparativeEarlyStopping - INFO -   Decision scores: {'statistical_significance': 0.0, 'performance_gap': 0.5427841634738202, 'learning_trend': 0.2, 'resource_efficiency': 0.09135256444659623}
2025-07-26 22:08:39 - AutoML.ComparativeEarlyStopping - INFO -   Final score: 0.199
2025-07-26 22:08:39 - AutoML.ComparativeEarlyStopping - INFO -   Decision: CONTINUE
2025-07-26 22:09:15 - AutoML.ComparativeEarlyStopping - INFO - Early stopping evaluation for convnext_tiny:
2025-07-26 22:09:15 - AutoML.ComparativeEarlyStopping - INFO -   Decision scores: {'statistical_significance': 0.0, 'performance_gap': 0.37515964240102256, 'learning_trend': 0.2, 'resource_efficiency': 0.06624876711017802}
2025-07-26 22:09:15 - AutoML.ComparativeEarlyStopping - INFO -   Final score: 0.154
2025-07-26 22:09:15 - AutoML.ComparativeEarlyStopping - INFO -   Decision: CONTINUE
2025-07-26 22:09:53 - AutoML.ComparativeEarlyStopping - INFO - Early stopping evaluation for convnext_tiny:
2025-07-26 22:09:53 - AutoML.ComparativeEarlyStopping - INFO -   Decision scores: {'statistical_significance': 0.0, 'performance_gap': 0.10086497155462892, 'learning_trend': 0.2, 'resource_efficiency': 0.03977689979246679}
2025-07-26 22:09:53 - AutoML.ComparativeEarlyStopping - INFO -   Final score: 0.081
2025-07-26 22:09:53 - AutoML.ComparativeEarlyStopping - INFO -   Decision: CONTINUE
2025-07-26 22:09:53 - AutoML.Trainer - INFO - Epoch 10/20 - Train Acc: 0.5731, Val Acc: 0.5622, Val Loss: 1.2428, Time: 37.7s
2025-07-26 22:10:30 - AutoML.ComparativeEarlyStopping - INFO - Early stopping evaluation for convnext_tiny:
2025-07-26 22:10:30 - AutoML.ComparativeEarlyStopping - INFO -   Decision scores: {'statistical_significance': 0.0, 'performance_gap': 0.0, 'learning_trend': 0.2, 'resource_efficiency': 0.00904967426052461}
2025-07-26 22:10:30 - AutoML.ComparativeEarlyStopping - INFO -   Final score: 0.051
2025-07-26 22:10:30 - AutoML.ComparativeEarlyStopping - INFO -   Decision: CONTINUE
2025-07-26 22:11:07 - AutoML.ComparativeEarlyStopping - INFO - Early stopping evaluation for convnext_tiny:
2025-07-26 22:11:07 - AutoML.ComparativeEarlyStopping - INFO -   Decision scores: {'statistical_significance': 0.0, 'performance_gap': 0.0, 'learning_trend': 0.2, 'resource_efficiency': 0.0}
2025-07-26 22:11:07 - AutoML.ComparativeEarlyStopping - INFO -   Final score: 0.050
2025-07-26 22:11:07 - AutoML.ComparativeEarlyStopping - INFO -   Decision: CONTINUE
2025-07-26 22:11:44 - AutoML.ComparativeEarlyStopping - INFO - Early stopping evaluation for convnext_tiny:
2025-07-26 22:11:44 - AutoML.ComparativeEarlyStopping - INFO -   Decision scores: {'statistical_significance': 0.0, 'performance_gap': 0.0, 'learning_trend': 0.2, 'resource_efficiency': 0.0}
2025-07-26 22:11:44 - AutoML.ComparativeEarlyStopping - INFO -   Final score: 0.050
2025-07-26 22:11:44 - AutoML.ComparativeEarlyStopping - INFO -   Decision: CONTINUE
2025-07-26 22:12:21 - AutoML.ComparativeEarlyStopping - INFO - Early stopping evaluation for convnext_tiny:
2025-07-26 22:12:21 - AutoML.ComparativeEarlyStopping - INFO -   Decision scores: {'statistical_significance': 0.0, 'performance_gap': 0.0, 'learning_trend': 0.2, 'resource_efficiency': 0.0}
2025-07-26 22:12:21 - AutoML.ComparativeEarlyStopping - INFO -   Final score: 0.050
2025-07-26 22:12:21 - AutoML.ComparativeEarlyStopping - INFO -   Decision: CONTINUE
2025-07-26 22:12:57 - AutoML.ComparativeEarlyStopping - INFO - Early stopping evaluation for convnext_tiny:
2025-07-26 22:12:57 - AutoML.ComparativeEarlyStopping - INFO -   Decision scores: {'statistical_significance': 0.0, 'performance_gap': 0.0, 'learning_trend': 0.2, 'resource_efficiency': 0.0}
2025-07-26 22:12:57 - AutoML.ComparativeEarlyStopping - INFO -   Final score: 0.050
2025-07-26 22:12:57 - AutoML.ComparativeEarlyStopping - INFO -   Decision: CONTINUE
2025-07-26 22:12:57 - AutoML.Trainer - INFO - Epoch 15/20 - Train Acc: 0.7041, Val Acc: 0.5918, Val Loss: 1.1898, Time: 36.2s
2025-07-26 22:13:33 - AutoML.ComparativeEarlyStopping - INFO - Early stopping evaluation for convnext_tiny:
2025-07-26 22:13:33 - AutoML.ComparativeEarlyStopping - INFO -   Decision scores: {'statistical_significance': 0.0, 'performance_gap': 0.0, 'learning_trend': 0.2, 'resource_efficiency': 0.0}
2025-07-26 22:13:33 - AutoML.ComparativeEarlyStopping - INFO -   Final score: 0.050
2025-07-26 22:13:33 - AutoML.ComparativeEarlyStopping - INFO -   Decision: CONTINUE
2025-07-26 22:14:11 - AutoML.ComparativeEarlyStopping - INFO - Early stopping evaluation for convnext_tiny:
2025-07-26 22:14:11 - AutoML.ComparativeEarlyStopping - INFO -   Decision scores: {'statistical_significance': 0.0, 'performance_gap': 0.0, 'learning_trend': 0.2, 'resource_efficiency': 0.0}
2025-07-26 22:14:11 - AutoML.ComparativeEarlyStopping - INFO -   Final score: 0.050
2025-07-26 22:14:11 - AutoML.ComparativeEarlyStopping - INFO -   Decision: CONTINUE
2025-07-26 22:14:49 - AutoML.ComparativeEarlyStopping - INFO - Early stopping evaluation for convnext_tiny:
2025-07-26 22:14:49 - AutoML.ComparativeEarlyStopping - INFO -   Decision scores: {'statistical_significance': 0.0, 'performance_gap': 0.0, 'learning_trend': 0.2, 'resource_efficiency': 0.0}
2025-07-26 22:14:49 - AutoML.ComparativeEarlyStopping - INFO -   Final score: 0.050
2025-07-26 22:14:49 - AutoML.ComparativeEarlyStopping - INFO -   Decision: CONTINUE
2025-07-26 22:15:27 - AutoML.ComparativeEarlyStopping - INFO - Early stopping evaluation for convnext_tiny:
2025-07-26 22:15:27 - AutoML.ComparativeEarlyStopping - INFO -   Decision scores: {'statistical_significance': 0.0, 'performance_gap': 0.0, 'learning_trend': 0.2, 'resource_efficiency': 0.0}
2025-07-26 22:15:27 - AutoML.ComparativeEarlyStopping - INFO -   Final score: 0.050
2025-07-26 22:15:27 - AutoML.ComparativeEarlyStopping - INFO -   Decision: CONTINUE
2025-07-26 22:16:03 - AutoML.ComparativeEarlyStopping - INFO - Early stopping evaluation for convnext_tiny:
2025-07-26 22:16:03 - AutoML.ComparativeEarlyStopping - INFO -   Decision scores: {'statistical_significance': 0.0, 'performance_gap': 0.0, 'learning_trend': 0.2, 'resource_efficiency': 0.0}
2025-07-26 22:16:03 - AutoML.ComparativeEarlyStopping - INFO -   Final score: 0.050
2025-07-26 22:16:03 - AutoML.ComparativeEarlyStopping - INFO -   Decision: CONTINUE
2025-07-26 22:16:03 - AutoML.Trainer - INFO - Epoch 20/20 - Train Acc: 0.7711, Val Acc: 0.6141, Val Loss: 1.2944, Time: 36.1s
2025-07-26 22:16:03 - AutoML.Trainer - INFO - Training completed for convnext_tiny
2025-07-26 22:16:03 - AutoML.Trainer - INFO - Best validation accuracy: 0.6144
2025-07-26 22:16:03 - AutoML.Trainer - INFO - Total training time: 735.5s
2025-07-26 22:16:03 - AutoML.Trainer - INFO - Average epoch time: 36.8s
2025-07-26 22:16:03 - AutoML.Trainer - INFO - Evaluating hyperparameters for convnext_tiny: {'learning_rate': 0.00010257563974185662, 'optimizer': 'adamw', 'weight_decay': 0.04274869455295218, 'batch_size': 128, 'dropout_rate': 0.1792328642721363, 'pretrained': True, 'lr_scheduler': 'cosine', 'max_epochs': 18}
2025-07-26 22:16:03 - AutoML.ModelFactory - INFO - Creating convnext_tiny (pretrained=True, dropout=0.1792328642721363)
2025-07-26 22:16:03 - AutoML - INFO -  Starting: convnext_tiny creation
2025-07-26 22:16:03 - AutoML.ModelFactory - INFO - convnext_tiny created successfully:
2025-07-26 22:16:03 - AutoML.ModelFactory - INFO -   Parameters: 27,822,439
2025-07-26 22:16:03 - AutoML.ModelFactory - INFO -   Trainable: 27,822,439
2025-07-26 22:16:03 - AutoML.ModelFactory - INFO -   Model size: 106.13 MB
2025-07-26 22:16:03 - AutoML - INFO -  convnext_tiny creation completed in 0.42 seconds
2025-07-26 22:16:13 - AutoML.Trainer - INFO - Class distribution: {6: 91, 3: 172, 2: 86, 4: 113, 0: 85, 1: 14, 5: 79}
2025-07-26 22:16:13 - AutoML.Trainer - INFO - Class weights: [1.0756302521008403, 6.530612244897959, 1.06312292358804, 0.53156146179402, 0.809102402022756, 1.1573236889692586, 1.0047095761381475]
2025-07-26 22:19:19 - AutoML.ComparativeEarlyStopping - INFO - Early stopping evaluation for convnext_tiny:
2025-07-26 22:19:19 - AutoML.ComparativeEarlyStopping - INFO -   Decision scores: {'statistical_significance': 0.0, 'performance_gap': 0.0, 'learning_trend': 0.0, 'resource_efficiency': 0.0}
2025-07-26 22:19:19 - AutoML.ComparativeEarlyStopping - INFO -   Final score: 0.000
2025-07-26 22:19:19 - AutoML.ComparativeEarlyStopping - INFO -   Decision: CONTINUE
2025-07-26 22:19:19 - AutoML.Trainer - INFO - Epoch 5/18 - Train Acc: 0.7071, Val Acc: 0.6273, Val Loss: 1.0915, Time: 36.2s
2025-07-26 22:19:56 - AutoML.ComparativeEarlyStopping - INFO - Early stopping evaluation for convnext_tiny:
2025-07-26 22:19:56 - AutoML.ComparativeEarlyStopping - INFO -   Decision scores: {'statistical_significance': 0.0, 'performance_gap': 0.0, 'learning_trend': 0.0, 'resource_efficiency': 0.0}
2025-07-26 22:19:56 - AutoML.ComparativeEarlyStopping - INFO -   Final score: 0.000
2025-07-26 22:19:56 - AutoML.ComparativeEarlyStopping - INFO -   Decision: CONTINUE
2025-07-26 22:20:52 - AutoML.ComparativeEarlyStopping - INFO - Early stopping evaluation for convnext_tiny:
2025-07-26 22:20:52 - AutoML.ComparativeEarlyStopping - INFO -   Decision scores: {'statistical_significance': 0.0, 'performance_gap': 0.0, 'learning_trend': 0.0, 'resource_efficiency': 0.02188856563839925}
2025-07-26 22:20:52 - AutoML.ComparativeEarlyStopping - INFO -   Final score: 0.003
2025-07-26 22:20:52 - AutoML.ComparativeEarlyStopping - INFO -   Decision: CONTINUE
2025-07-26 22:21:27 - AutoML.ComparativeEarlyStopping - INFO - Early stopping evaluation for convnext_tiny:
2025-07-26 22:21:27 - AutoML.ComparativeEarlyStopping - INFO -   Decision scores: {'statistical_significance': 0.0, 'performance_gap': 0.0, 'learning_trend': 0.0, 'resource_efficiency': 0.010088106654706386}
2025-07-26 22:21:27 - AutoML.ComparativeEarlyStopping - INFO -   Final score: 0.002
2025-07-26 22:21:27 - AutoML.ComparativeEarlyStopping - INFO -   Decision: CONTINUE
2025-07-26 22:22:03 - AutoML.ComparativeEarlyStopping - INFO - Early stopping evaluation for convnext_tiny:
2025-07-26 22:22:03 - AutoML.ComparativeEarlyStopping - INFO -   Decision scores: {'statistical_significance': 0.0, 'performance_gap': 0.0, 'learning_trend': 0.0, 'resource_efficiency': 0.0}
2025-07-26 22:22:03 - AutoML.ComparativeEarlyStopping - INFO -   Final score: 0.000
2025-07-26 22:22:03 - AutoML.ComparativeEarlyStopping - INFO -   Decision: CONTINUE
2025-07-26 22:22:39 - AutoML.ComparativeEarlyStopping - INFO - Early stopping evaluation for convnext_tiny:
2025-07-26 22:22:39 - AutoML.ComparativeEarlyStopping - INFO -   Decision scores: {'statistical_significance': 0.0, 'performance_gap': 0.0, 'learning_trend': 0.0, 'resource_efficiency': 0.0}
2025-07-26 22:22:39 - AutoML.ComparativeEarlyStopping - INFO -   Final score: 0.000
2025-07-26 22:22:39 - AutoML.ComparativeEarlyStopping - INFO -   Decision: CONTINUE
2025-07-26 22:22:39 - AutoML.Trainer - INFO - Epoch 10/18 - Train Acc: 0.9042, Val Acc: 0.6459, Val Loss: 1.6180, Time: 36.8s
2025-07-26 22:23:16 - AutoML.ComparativeEarlyStopping - INFO - Early stopping evaluation for convnext_tiny:
2025-07-26 22:23:16 - AutoML.ComparativeEarlyStopping - INFO -   Decision scores: {'statistical_significance': 0.0, 'performance_gap': 0.0, 'learning_trend': 0.0, 'resource_efficiency': 0.0}
2025-07-26 22:23:16 - AutoML.ComparativeEarlyStopping - INFO -   Final score: 0.000
2025-07-26 22:23:16 - AutoML.ComparativeEarlyStopping - INFO -   Decision: CONTINUE
2025-07-26 22:23:52 - AutoML.ComparativeEarlyStopping - INFO - Early stopping evaluation for convnext_tiny:
2025-07-26 22:23:52 - AutoML.ComparativeEarlyStopping - INFO -   Decision scores: {'statistical_significance': 0.0, 'performance_gap': 0.0, 'learning_trend': 0.0, 'resource_efficiency': 0.0}
2025-07-26 22:23:52 - AutoML.ComparativeEarlyStopping - INFO -   Final score: 0.000
2025-07-26 22:23:52 - AutoML.ComparativeEarlyStopping - INFO -   Decision: CONTINUE
2025-07-26 22:24:29 - AutoML.ComparativeEarlyStopping - INFO - Early stopping evaluation for convnext_tiny:
2025-07-26 22:24:29 - AutoML.ComparativeEarlyStopping - INFO -   Decision scores: {'statistical_significance': 0.0, 'performance_gap': 0.0, 'learning_trend': 0.0, 'resource_efficiency': 0.0}
2025-07-26 22:24:29 - AutoML.ComparativeEarlyStopping - INFO -   Final score: 0.000
2025-07-26 22:24:29 - AutoML.ComparativeEarlyStopping - INFO -   Decision: CONTINUE
2025-07-26 22:25:05 - AutoML.ComparativeEarlyStopping - INFO - Early stopping evaluation for convnext_tiny:
2025-07-26 22:25:05 - AutoML.ComparativeEarlyStopping - INFO -   Decision scores: {'statistical_significance': 0.0, 'performance_gap': 0.0, 'learning_trend': 0.0, 'resource_efficiency': 0.0}
2025-07-26 22:25:05 - AutoML.ComparativeEarlyStopping - INFO -   Final score: 0.000
2025-07-26 22:25:05 - AutoML.ComparativeEarlyStopping - INFO -   Decision: CONTINUE
2025-07-26 22:25:41 - AutoML.ComparativeEarlyStopping - INFO - Early stopping evaluation for convnext_tiny:
2025-07-26 22:25:41 - AutoML.ComparativeEarlyStopping - INFO -   Decision scores: {'statistical_significance': 0.0, 'performance_gap': 0.0, 'learning_trend': 0.0, 'resource_efficiency': 0.0}
2025-07-26 22:25:41 - AutoML.ComparativeEarlyStopping - INFO -   Final score: 0.000
2025-07-26 22:25:41 - AutoML.ComparativeEarlyStopping - INFO -   Decision: CONTINUE
2025-07-26 22:25:41 - AutoML.Trainer - INFO - Epoch 15/18 - Train Acc: 0.9739, Val Acc: 0.6583, Val Loss: 2.1887, Time: 35.8s
2025-07-26 22:26:18 - AutoML.ComparativeEarlyStopping - INFO - Early stopping evaluation for convnext_tiny:
2025-07-26 22:26:18 - AutoML.ComparativeEarlyStopping - INFO -   Decision scores: {'statistical_significance': 0.0, 'performance_gap': 0.0, 'learning_trend': 0.0, 'resource_efficiency': 0.0}
2025-07-26 22:26:18 - AutoML.ComparativeEarlyStopping - INFO -   Final score: 0.000
2025-07-26 22:26:18 - AutoML.ComparativeEarlyStopping - INFO -   Decision: CONTINUE
2025-07-26 22:26:54 - AutoML.ComparativeEarlyStopping - INFO - Early stopping evaluation for convnext_tiny:
2025-07-26 22:26:54 - AutoML.ComparativeEarlyStopping - INFO -   Decision scores: {'statistical_significance': 0.0, 'performance_gap': 0.0, 'learning_trend': 0.0, 'resource_efficiency': 0.0}
2025-07-26 22:26:54 - AutoML.ComparativeEarlyStopping - INFO -   Final score: 0.000
2025-07-26 22:26:54 - AutoML.ComparativeEarlyStopping - INFO -   Decision: CONTINUE
2025-07-26 22:27:31 - AutoML.ComparativeEarlyStopping - INFO - Early stopping evaluation for convnext_tiny:
2025-07-26 22:27:31 - AutoML.ComparativeEarlyStopping - INFO -   Decision scores: {'statistical_significance': 0.0, 'performance_gap': 0.0, 'learning_trend': 0.0, 'resource_efficiency': 0.0}
2025-07-26 22:27:31 - AutoML.ComparativeEarlyStopping - INFO -   Final score: 0.000
2025-07-26 22:27:31 - AutoML.ComparativeEarlyStopping - INFO -   Decision: CONTINUE
2025-07-26 22:27:31 - AutoML.Trainer - INFO - Epoch 18/18 - Train Acc: 0.9828, Val Acc: 0.6576, Val Loss: 2.3649, Time: 36.8s
2025-07-26 22:27:31 - AutoML.Trainer - INFO - Training completed for convnext_tiny
2025-07-26 22:27:31 - AutoML.Trainer - INFO - Best validation accuracy: 0.6583
2025-07-26 22:27:31 - AutoML.Trainer - INFO - Total training time: 677.9s
2025-07-26 22:27:31 - AutoML.Trainer - INFO - Average epoch time: 37.7s
2025-07-26 22:27:31 - AutoML.Trainer - INFO - Evaluating hyperparameters for convnext_tiny: {'learning_rate': 0.005716982760261905, 'optimizer': 'adamw', 'weight_decay': 0.0010280029617905616, 'batch_size': 256, 'dropout_rate': 0.21358205012960332, 'pretrained': True, 'lr_scheduler': 'cosine', 'max_epochs': 15}
2025-07-26 22:27:31 - AutoML.ModelFactory - INFO - Creating convnext_tiny (pretrained=True, dropout=0.21358205012960332)
2025-07-26 22:27:31 - AutoML - INFO -  Starting: convnext_tiny creation
2025-07-26 22:27:32 - AutoML.ModelFactory - INFO - convnext_tiny created successfully:
2025-07-26 22:27:32 - AutoML.ModelFactory - INFO -   Parameters: 27,822,439
2025-07-26 22:27:32 - AutoML.ModelFactory - INFO -   Trainable: 27,822,439
2025-07-26 22:27:32 - AutoML.ModelFactory - INFO -   Model size: 106.13 MB
2025-07-26 22:27:32 - AutoML - INFO -  convnext_tiny creation completed in 0.50 seconds
2025-07-26 22:27:43 - AutoML.Trainer - INFO - Class distribution: {0: 94, 4: 127, 6: 102, 3: 161, 5: 66, 2: 85, 1: 5}
2025-07-26 22:27:43 - AutoML.Trainer - INFO - Class weights: [0.9726443768996961, 18.285714285714285, 1.0756302521008403, 0.5678793256433008, 0.7199100112485939, 1.3852813852813852, 0.896358543417367]
2025-07-26 22:30:47 - AutoML.ComparativeEarlyStopping - INFO - Early stopping evaluation for convnext_tiny:
2025-07-26 22:30:47 - AutoML.ComparativeEarlyStopping - INFO -   Decision scores: {'statistical_significance': 0.0, 'performance_gap': 1.0, 'learning_trend': 0.6000000000000001, 'resource_efficiency': 0.9721753423989783}
2025-07-26 22:30:47 - AutoML.ComparativeEarlyStopping - INFO -   Final score: 0.546
2025-07-26 22:30:47 - AutoML.ComparativeEarlyStopping - INFO -   Decision: CONTINUE
2025-07-26 22:30:47 - AutoML.Trainer - INFO - Epoch 5/15 - Train Acc: 0.0470, Val Acc: 0.0152, Val Loss: 1.9327, Time: 36.2s
2025-07-26 22:31:23 - AutoML.ComparativeEarlyStopping - INFO - Early stopping evaluation for convnext_tiny:
2025-07-26 22:31:23 - AutoML.ComparativeEarlyStopping - INFO -   Decision scores: {'statistical_significance': 0.0, 'performance_gap': 1.0, 'learning_trend': 0.6000000000000001, 'resource_efficiency': 0.9722878390091512}
2025-07-26 22:31:23 - AutoML.ComparativeEarlyStopping - INFO -   Final score: 0.546
2025-07-26 22:31:23 - AutoML.ComparativeEarlyStopping - INFO -   Decision: CONTINUE
2025-07-26 22:32:00 - AutoML.ComparativeEarlyStopping - INFO - Early stopping evaluation for convnext_tiny:
2025-07-26 22:32:00 - AutoML.ComparativeEarlyStopping - INFO -   Decision scores: {'statistical_significance': 0.0, 'performance_gap': 1.0, 'learning_trend': 0.6000000000000001, 'resource_efficiency': 0.9722895705816016}
2025-07-26 22:32:00 - AutoML.ComparativeEarlyStopping - INFO -   Final score: 0.546
2025-07-26 22:32:00 - AutoML.ComparativeEarlyStopping - INFO -   Decision: CONTINUE
2025-07-26 22:32:38 - AutoML.ComparativeEarlyStopping - INFO - Early stopping evaluation for convnext_tiny:
2025-07-26 22:32:38 - AutoML.ComparativeEarlyStopping - INFO -   Decision scores: {'statistical_significance': 0.0, 'performance_gap': 1.0, 'learning_trend': 0.6000000000000001, 'resource_efficiency': 0.9728873573826904}
2025-07-26 22:32:38 - AutoML.ComparativeEarlyStopping - INFO -   Final score: 0.546
2025-07-26 22:32:38 - AutoML.ComparativeEarlyStopping - INFO -   Decision: CONTINUE
2025-07-26 22:33:14 - AutoML.ComparativeEarlyStopping - INFO - Early stopping evaluation for convnext_tiny:
2025-07-26 22:33:14 - AutoML.ComparativeEarlyStopping - INFO -   Decision scores: {'statistical_significance': 0.0, 'performance_gap': 1.0, 'learning_trend': 0.6000000000000001, 'resource_efficiency': 0.9727466409777371}
2025-07-26 22:33:14 - AutoML.ComparativeEarlyStopping - INFO -   Final score: 0.546
2025-07-26 22:33:14 - AutoML.ComparativeEarlyStopping - INFO -   Decision: CONTINUE
2025-07-26 22:33:50 - AutoML.ComparativeEarlyStopping - INFO - Early stopping evaluation for convnext_tiny:
2025-07-26 22:33:50 - AutoML.ComparativeEarlyStopping - INFO -   Decision scores: {'statistical_significance': 0.0, 'performance_gap': 1.0, 'learning_trend': 0.8999999999999999, 'resource_efficiency': 0.9726904093952234}
2025-07-26 22:33:50 - AutoML.ComparativeEarlyStopping - INFO -   Final score: 0.621
2025-07-26 22:33:50 - AutoML.ComparativeEarlyStopping - INFO -   Decision: CONTINUE
2025-07-26 22:33:50 - AutoML.Trainer - INFO - Epoch 10/15 - Train Acc: 0.0152, Val Acc: 0.0152, Val Loss: 1.9318, Time: 36.3s
2025-07-26 22:34:26 - AutoML.ComparativeEarlyStopping - INFO - Early stopping evaluation for convnext_tiny:
2025-07-26 22:34:26 - AutoML.ComparativeEarlyStopping - INFO -   Decision scores: {'statistical_significance': 0.0, 'performance_gap': 1.0, 'learning_trend': 0.8999999999999999, 'resource_efficiency': 0.9720247105532849}
2025-07-26 22:34:26 - AutoML.ComparativeEarlyStopping - INFO -   Final score: 0.621
2025-07-26 22:34:26 - AutoML.ComparativeEarlyStopping - INFO -   Decision: CONTINUE
2025-07-26 22:36:00 - AutoML.ComparativeEarlyStopping - INFO - Early stopping evaluation for convnext_tiny:
2025-07-26 22:36:00 - AutoML.ComparativeEarlyStopping - INFO -   Decision scores: {'statistical_significance': 0.0, 'performance_gap': 1.0, 'learning_trend': 0.8999999999999999, 'resource_efficiency': 0.981797027019106}
2025-07-26 22:36:00 - AutoML.ComparativeEarlyStopping - INFO -   Final score: 0.622
2025-07-26 22:36:00 - AutoML.ComparativeEarlyStopping - INFO -   Decision: CONTINUE
2025-07-26 22:37:25 - AutoML.ComparativeEarlyStopping - INFO - Early stopping evaluation for convnext_tiny:
2025-07-26 22:37:25 - AutoML.ComparativeEarlyStopping - INFO -   Decision scores: {'statistical_significance': 0.0, 'performance_gap': 1.0, 'learning_trend': 0.8999999999999999, 'resource_efficiency': 0.9858913476848055}
2025-07-26 22:37:25 - AutoML.ComparativeEarlyStopping - INFO -   Final score: 0.623
2025-07-26 22:37:25 - AutoML.ComparativeEarlyStopping - INFO -   Decision: CONTINUE
2025-07-26 22:38:08 - AutoML.ComparativeEarlyStopping - INFO - Early stopping evaluation for convnext_tiny:
2025-07-26 22:38:08 - AutoML.ComparativeEarlyStopping - INFO -   Decision scores: {'statistical_significance': 0.0, 'performance_gap': 1.0, 'learning_trend': 0.8999999999999999, 'resource_efficiency': 0.9863853615085683}
2025-07-26 22:38:08 - AutoML.ComparativeEarlyStopping - INFO -   Final score: 0.623
2025-07-26 22:38:08 - AutoML.ComparativeEarlyStopping - INFO -   Decision: CONTINUE
2025-07-26 22:38:46 - AutoML.ComparativeEarlyStopping - INFO - Early stopping evaluation for convnext_tiny:
2025-07-26 22:38:46 - AutoML.ComparativeEarlyStopping - INFO -   Decision scores: {'statistical_significance': 0.0, 'performance_gap': 1.0, 'learning_trend': 0.8999999999999999, 'resource_efficiency': 0.9817503855161117}
2025-07-26 22:38:46 - AutoML.ComparativeEarlyStopping - INFO -   Final score: 0.622
2025-07-26 22:38:46 - AutoML.ComparativeEarlyStopping - INFO -   Decision: CONTINUE
2025-07-26 22:38:46 - AutoML.Trainer - INFO - Epoch 15/15 - Train Acc: 0.0152, Val Acc: 0.0152, Val Loss: 1.9318, Time: 37.3s
2025-07-26 22:38:46 - AutoML.Trainer - INFO - Training completed for convnext_tiny
2025-07-26 22:38:46 - AutoML.Trainer - INFO - Best validation accuracy: 0.0152
2025-07-26 22:38:46 - AutoML.Trainer - INFO - Total training time: 662.9s
2025-07-26 22:38:46 - AutoML.Trainer - INFO - Average epoch time: 44.2s
2025-07-26 22:38:46 - AutoML.MetaHPOSelector - INFO -  HPO completed for convnext_tiny in 7632.1s
2025-07-26 22:38:46 - AutoML.MetaHPOSelector - INFO -    Best score: 0.6583 (11 trials)
2025-07-26 22:38:46 - AutoML.Pipeline - INFO - HPO completed for convnext_tiny:
2025-07-26 22:38:46 - AutoML.Pipeline - INFO -   Best score: 0.6583
2025-07-26 22:38:46 - AutoML.Pipeline - INFO -   Best params: {'learning_rate': 0.00010257563974185662, 'optimizer': 'adamw', 'weight_decay': 0.04274869455295218, 'batch_size': 128, 'dropout_rate': 0.1792328642721363, 'pretrained': True, 'lr_scheduler': 'cosine', 'max_epochs': 18}
2025-07-26 22:38:46 - AutoML.Pipeline - INFO -   Method used: bayesian_optimization
2025-07-26 22:38:46 - AutoML.Pipeline - INFO -   Trials completed: 11
2025-07-26 22:38:46 - AutoML.ComparativeEarlyStopping - INFO - Early stopping evaluation for convnext_tiny:
2025-07-26 22:38:46 - AutoML.ComparativeEarlyStopping - INFO -   Decision scores: {'statistical_significance': 0.0, 'performance_gap': 1.0, 'learning_trend': 0.8999999999999999, 'resource_efficiency': 0.9817503855161117}
2025-07-26 22:38:46 - AutoML.ComparativeEarlyStopping - INFO -   Final score: 0.622
2025-07-26 22:38:46 - AutoML.ComparativeEarlyStopping - INFO -   Decision: CONTINUE
2025-07-26 22:38:46 - AutoML.Pipeline - INFO - Processing architecture: densenet121
2025-07-26 22:38:46 - AutoML.BudgetManager - INFO - Started training densenet121 with 4.20h budget
2025-07-26 22:38:46 - AutoML.Pipeline - INFO - Starting HPO for densenet121
2025-07-26 22:38:46 - AutoML.MetaHPOSelector - INFO - Selecting HPO method for densenet121
2025-07-26 22:38:46 - AutoML.MetaHPOSelector - INFO -   Dataset complexity: 5.0
2025-07-26 22:38:46 - AutoML.MetaHPOSelector - INFO -   Available time: 10.9 hours
2025-07-26 22:38:46 - AutoML.MetaHPOSelector - INFO -   Search space size: 100000
2025-07-26 22:38:46 - AutoML.MetaHPOSelector - INFO - Trial budget for densenet121: 8 trials
2025-07-26 22:38:46 - AutoML.MetaHPOSelector - INFO -   Arch complexity: 4.0, Dataset complexity: 5.0
2025-07-26 22:38:46 - AutoML.MetaHPOSelector - INFO -   Available time: 10.9h
2025-07-26 22:38:46 - AutoML.MetaHPOSelector - INFO - Selected successive_halving for densenet121
2025-07-26 22:38:46 - AutoML.MetaHPOSelector - INFO -   Trials: 16
2025-07-26 22:38:46 - AutoML.MetaHPOSelector - INFO -   Timeout: 23537s
2025-07-26 22:38:46 - AutoML.MetaHPOSelector - INFO -  Starting HPO for densenet121 with 16 trials
2025-07-26 22:38:46 - AutoML.HPO.successive_halving - INFO - Starting Successive Halving for densenet121
2025-07-26 22:38:46 - AutoML.HPO.successive_halving - INFO - Successive halving round: 16 candidates, resource: 0.20
2025-07-26 22:38:46 - AutoML.Trainer - INFO - Evaluating hyperparameters for densenet121: {'learning_rate': 0.002387729564057807, 'optimizer': 'adam', 'weight_decay': 0.003400767674600176, 'batch_size': 32, 'dropout_rate': 0.18008639883380073, 'pretrained': True, 'lr_scheduler': 'step', 'max_epochs': 18}
2025-07-26 22:38:46 - AutoML.ModelFactory - INFO - Creating densenet121 (pretrained=True, dropout=0.18008639883380073)
2025-07-26 22:38:46 - AutoML - INFO -  Starting: densenet121 creation
2025-07-26 22:38:52 - AutoML.ModelFactory - INFO - densenet121 created successfully:
2025-07-26 22:38:52 - AutoML.ModelFactory - INFO -   Parameters: 6,954,759
2025-07-26 22:38:52 - AutoML.ModelFactory - INFO -   Trainable: 6,954,759
2025-07-26 22:38:52 - AutoML.ModelFactory - INFO -   Model size: 26.53 MB
2025-07-26 22:38:52 - AutoML - INFO -  densenet121 creation completed in 5.95 seconds
2025-07-26 22:39:02 - AutoML.Trainer - INFO - Class distribution: {3: 160, 0: 83, 1: 9, 6: 104, 4: 96, 5: 92, 2: 96}
2025-07-26 22:39:02 - AutoML.Trainer - INFO - Class weights: [1.1015490533562822, 10.158730158730158, 0.9523809523809523, 0.5714285714285714, 0.9523809523809523, 0.9937888198757764, 0.8791208791208791]
2025-07-26 22:43:39 - AutoML.Trainer - INFO - Epoch 5/18 - Train Acc: 0.1692, Val Acc: 0.1686, Val Loss: 1.9517, Time: 52.6s
2025-07-26 22:45:00 - AutoML.Trainer - ERROR - Training failed for densenet121: Caught RuntimeError in DataLoader worker process 0.
Original Traceback (most recent call last):
  File "C:\Users\yaswa\AppData\Local\Programs\Python\Python310\lib\site-packages\torch\utils\data\_utils\worker.py", line 351, in _worker_loop
    data = fetcher.fetch(index)  # type: ignore[possibly-undefined]
  File "C:\Users\yaswa\AppData\Local\Programs\Python\Python310\lib\site-packages\torch\utils\data\_utils\fetch.py", line 55, in fetch
    return self.collate_fn(data)
  File "C:\Users\yaswa\AppData\Local\Programs\Python\Python310\lib\site-packages\torch\utils\data\_utils\collate.py", line 398, in default_collate
    return collate(batch, collate_fn_map=default_collate_fn_map)
  File "C:\Users\yaswa\AppData\Local\Programs\Python\Python310\lib\site-packages\torch\utils\data\_utils\collate.py", line 211, in collate
    return [
  File "C:\Users\yaswa\AppData\Local\Programs\Python\Python310\lib\site-packages\torch\utils\data\_utils\collate.py", line 212, in <listcomp>
    collate(samples, collate_fn_map=collate_fn_map)
  File "C:\Users\yaswa\AppData\Local\Programs\Python\Python310\lib\site-packages\torch\utils\data\_utils\collate.py", line 155, in collate
    return collate_fn_map[elem_type](batch, collate_fn_map=collate_fn_map)
  File "C:\Users\yaswa\AppData\Local\Programs\Python\Python310\lib\site-packages\torch\utils\data\_utils\collate.py", line 270, in collate_tensor_fn
    storage = elem._typed_storage()._new_shared(numel, device=elem.device)
  File "C:\Users\yaswa\AppData\Local\Programs\Python\Python310\lib\site-packages\torch\storage.py", line 1180, in _new_shared
    untyped_storage = torch.UntypedStorage._new_shared(
  File "C:\Users\yaswa\AppData\Local\Programs\Python\Python310\lib\site-packages\torch\storage.py", line 400, in _new_shared
    return cls._new_using_filename_cpu(size)
RuntimeError: Couldn't open shared file mapping: <torch_11936_1807487390_130>, error code: <1455>

2025-07-26 22:45:00 - AutoML.Trainer - INFO - Evaluating hyperparameters for densenet121: {'learning_rate': 0.0007524107452057033, 'optimizer': 'adamw', 'weight_decay': 0.000552188629137525, 'batch_size': 128, 'dropout_rate': 0.3425381221938447, 'pretrained': True, 'lr_scheduler': 'step', 'max_epochs': 25}
2025-07-26 22:45:00 - AutoML.ModelFactory - INFO - Creating densenet121 (pretrained=True, dropout=0.3425381221938447)
2025-07-26 22:45:00 - AutoML - INFO -  Starting: densenet121 creation
2025-07-26 22:45:01 - AutoML.ModelFactory - INFO - densenet121 created successfully:
2025-07-26 22:45:01 - AutoML.ModelFactory - INFO -   Parameters: 6,954,759
2025-07-26 22:45:01 - AutoML.ModelFactory - INFO -   Trainable: 6,954,759
2025-07-26 22:45:01 - AutoML.ModelFactory - INFO -   Model size: 26.53 MB
2025-07-26 22:45:01 - AutoML - INFO -  densenet121 creation completed in 1.24 seconds
2025-07-26 22:45:13 - AutoML.Trainer - INFO - Class distribution: {4: 97, 3: 159, 6: 127, 0: 101, 2: 77, 5: 72, 1: 7}
2025-07-26 22:45:13 - AutoML.Trainer - INFO - Class weights: [0.9052333804809052, 13.061224489795919, 1.1873840445269017, 0.5750224618149147, 0.9425625920471281, 1.2698412698412698, 0.7199100112485939]
2025-07-26 22:47:04 - AutoML.Trainer - ERROR - Training failed for densenet121: Caught RuntimeError in DataLoader worker process 0.
Original Traceback (most recent call last):
  File "C:\Users\yaswa\AppData\Local\Programs\Python\Python310\lib\site-packages\torch\utils\data\_utils\worker.py", line 351, in _worker_loop
    data = fetcher.fetch(index)  # type: ignore[possibly-undefined]
  File "C:\Users\yaswa\AppData\Local\Programs\Python\Python310\lib\site-packages\torch\utils\data\_utils\fetch.py", line 55, in fetch
    return self.collate_fn(data)
  File "C:\Users\yaswa\AppData\Local\Programs\Python\Python310\lib\site-packages\torch\utils\data\_utils\collate.py", line 398, in default_collate
    return collate(batch, collate_fn_map=default_collate_fn_map)
  File "C:\Users\yaswa\AppData\Local\Programs\Python\Python310\lib\site-packages\torch\utils\data\_utils\collate.py", line 211, in collate
    return [
  File "C:\Users\yaswa\AppData\Local\Programs\Python\Python310\lib\site-packages\torch\utils\data\_utils\collate.py", line 212, in <listcomp>
    collate(samples, collate_fn_map=collate_fn_map)
  File "C:\Users\yaswa\AppData\Local\Programs\Python\Python310\lib\site-packages\torch\utils\data\_utils\collate.py", line 155, in collate
    return collate_fn_map[elem_type](batch, collate_fn_map=collate_fn_map)
  File "C:\Users\yaswa\AppData\Local\Programs\Python\Python310\lib\site-packages\torch\utils\data\_utils\collate.py", line 270, in collate_tensor_fn
    storage = elem._typed_storage()._new_shared(numel, device=elem.device)
  File "C:\Users\yaswa\AppData\Local\Programs\Python\Python310\lib\site-packages\torch\storage.py", line 1180, in _new_shared
    untyped_storage = torch.UntypedStorage._new_shared(
  File "C:\Users\yaswa\AppData\Local\Programs\Python\Python310\lib\site-packages\torch\storage.py", line 400, in _new_shared
    return cls._new_using_filename_cpu(size)
RuntimeError: Couldn't open shared file mapping: <torch_29188_2448784387_192>, error code: <1455>

2025-07-26 22:47:04 - AutoML.Trainer - INFO - Evaluating hyperparameters for densenet121: {'learning_rate': 0.0004872902103530702, 'optimizer': 'adam', 'weight_decay': 0.002303401411988108, 'batch_size': 256, 'dropout_rate': 0.4431722614674135, 'pretrained': True, 'lr_scheduler': 'step', 'max_epochs': 30}
2025-07-26 22:47:04 - AutoML.ModelFactory - INFO - Creating densenet121 (pretrained=True, dropout=0.4431722614674135)
2025-07-26 22:47:04 - AutoML - INFO -  Starting: densenet121 creation
2025-07-26 22:47:06 - AutoML.ModelFactory - INFO - densenet121 created successfully:
2025-07-26 22:47:06 - AutoML.ModelFactory - INFO -   Parameters: 6,954,759
2025-07-26 22:47:06 - AutoML.ModelFactory - INFO -   Trainable: 6,954,759
2025-07-26 22:47:06 - AutoML.ModelFactory - INFO -   Model size: 26.53 MB
2025-07-26 22:47:06 - AutoML - INFO -  densenet121 creation completed in 1.82 seconds
2025-07-26 22:47:18 - AutoML.Trainer - INFO - Class distribution: {4: 110, 3: 173, 6: 91, 2: 93, 5: 77, 0: 90, 1: 6}
2025-07-26 22:47:18 - AutoML.Trainer - INFO - Class weights: [1.0158730158730158, 15.238095238095237, 0.9831029185867896, 0.5284888521882741, 0.8311688311688312, 1.1873840445269017, 1.0047095761381475]
2025-07-26 22:47:37 - AutoML.Trainer - ERROR - Training failed for densenet121: Caught RuntimeError in DataLoader worker process 0.
Original Traceback (most recent call last):
  File "C:\Users\yaswa\AppData\Local\Programs\Python\Python310\lib\site-packages\torch\utils\data\_utils\worker.py", line 351, in _worker_loop
    data = fetcher.fetch(index)  # type: ignore[possibly-undefined]
  File "C:\Users\yaswa\AppData\Local\Programs\Python\Python310\lib\site-packages\torch\utils\data\_utils\fetch.py", line 55, in fetch
    return self.collate_fn(data)
  File "C:\Users\yaswa\AppData\Local\Programs\Python\Python310\lib\site-packages\torch\utils\data\_utils\collate.py", line 398, in default_collate
    return collate(batch, collate_fn_map=default_collate_fn_map)
  File "C:\Users\yaswa\AppData\Local\Programs\Python\Python310\lib\site-packages\torch\utils\data\_utils\collate.py", line 211, in collate
    return [
  File "C:\Users\yaswa\AppData\Local\Programs\Python\Python310\lib\site-packages\torch\utils\data\_utils\collate.py", line 212, in <listcomp>
    collate(samples, collate_fn_map=collate_fn_map)
  File "C:\Users\yaswa\AppData\Local\Programs\Python\Python310\lib\site-packages\torch\utils\data\_utils\collate.py", line 155, in collate
    return collate_fn_map[elem_type](batch, collate_fn_map=collate_fn_map)
  File "C:\Users\yaswa\AppData\Local\Programs\Python\Python310\lib\site-packages\torch\utils\data\_utils\collate.py", line 270, in collate_tensor_fn
    storage = elem._typed_storage()._new_shared(numel, device=elem.device)
  File "C:\Users\yaswa\AppData\Local\Programs\Python\Python310\lib\site-packages\torch\storage.py", line 1180, in _new_shared
    untyped_storage = torch.UntypedStorage._new_shared(
  File "C:\Users\yaswa\AppData\Local\Programs\Python\Python310\lib\site-packages\torch\storage.py", line 400, in _new_shared
    return cls._new_using_filename_cpu(size)
RuntimeError: Couldn't open shared file mapping: <torch_7620_2826600068_98>, error code: <1455>

2025-07-26 22:47:37 - AutoML.Trainer - INFO - Evaluating hyperparameters for densenet121: {'learning_rate': 0.00016617823304336922, 'optimizer': 'adamw', 'weight_decay': 0.0022645844464295826, 'batch_size': 32, 'dropout_rate': 0.4708516477730016, 'pretrained': True, 'lr_scheduler': 'step', 'max_epochs': 26}
2025-07-26 22:47:37 - AutoML.ModelFactory - INFO - Creating densenet121 (pretrained=True, dropout=0.4708516477730016)
2025-07-26 22:47:37 - AutoML - INFO -  Starting: densenet121 creation
2025-07-26 22:47:39 - AutoML.ModelFactory - INFO - densenet121 created successfully:
2025-07-26 22:47:39 - AutoML.ModelFactory - INFO -   Parameters: 6,954,759
2025-07-26 22:47:39 - AutoML.ModelFactory - INFO -   Trainable: 6,954,759
2025-07-26 22:47:39 - AutoML.ModelFactory - INFO -   Model size: 26.53 MB
2025-07-26 22:47:39 - AutoML - INFO -  densenet121 creation completed in 1.24 seconds
2025-07-26 22:47:51 - AutoML.Trainer - INFO - Class distribution: {4: 122, 5: 74, 2: 80, 0: 95, 3: 143, 6: 111, 1: 15}
2025-07-26 22:47:51 - AutoML.Trainer - INFO - Class weights: [0.9624060150375939, 6.095238095238095, 1.1428571428571428, 0.6393606393606394, 0.7494145199063232, 1.2355212355212355, 0.8236808236808236]
2025-07-26 22:49:20 - AutoML.Trainer - ERROR - Training failed for densenet121: Caught RuntimeError in DataLoader worker process 1.
Original Traceback (most recent call last):
  File "C:\Users\yaswa\AppData\Local\Programs\Python\Python310\lib\site-packages\torch\utils\data\_utils\worker.py", line 351, in _worker_loop
    data = fetcher.fetch(index)  # type: ignore[possibly-undefined]
  File "C:\Users\yaswa\AppData\Local\Programs\Python\Python310\lib\site-packages\torch\utils\data\_utils\fetch.py", line 55, in fetch
    return self.collate_fn(data)
  File "C:\Users\yaswa\AppData\Local\Programs\Python\Python310\lib\site-packages\torch\utils\data\_utils\collate.py", line 398, in default_collate
    return collate(batch, collate_fn_map=default_collate_fn_map)
  File "C:\Users\yaswa\AppData\Local\Programs\Python\Python310\lib\site-packages\torch\utils\data\_utils\collate.py", line 211, in collate
    return [
  File "C:\Users\yaswa\AppData\Local\Programs\Python\Python310\lib\site-packages\torch\utils\data\_utils\collate.py", line 212, in <listcomp>
    collate(samples, collate_fn_map=collate_fn_map)
  File "C:\Users\yaswa\AppData\Local\Programs\Python\Python310\lib\site-packages\torch\utils\data\_utils\collate.py", line 155, in collate
    return collate_fn_map[elem_type](batch, collate_fn_map=collate_fn_map)
  File "C:\Users\yaswa\AppData\Local\Programs\Python\Python310\lib\site-packages\torch\utils\data\_utils\collate.py", line 270, in collate_tensor_fn
    storage = elem._typed_storage()._new_shared(numel, device=elem.device)
  File "C:\Users\yaswa\AppData\Local\Programs\Python\Python310\lib\site-packages\torch\storage.py", line 1180, in _new_shared
    untyped_storage = torch.UntypedStorage._new_shared(
  File "C:\Users\yaswa\AppData\Local\Programs\Python\Python310\lib\site-packages\torch\storage.py", line 400, in _new_shared
    return cls._new_using_filename_cpu(size)
RuntimeError: Couldn't open shared file mapping: <torch_33212_3552765904_44>, error code: <1455>

2025-07-26 22:49:20 - AutoML.Trainer - INFO - Evaluating hyperparameters for densenet121: {'learning_rate': 0.004575601509236136, 'optimizer': 'adam', 'weight_decay': 0.0023462310836246565, 'batch_size': 32, 'dropout_rate': 0.4843544516899896, 'pretrained': True, 'lr_scheduler': 'cosine', 'max_epochs': 26}
2025-07-26 22:49:20 - AutoML.ModelFactory - INFO - Creating densenet121 (pretrained=True, dropout=0.4843544516899896)
2025-07-26 22:49:20 - AutoML - INFO -  Starting: densenet121 creation
2025-07-26 22:49:23 - AutoML.ModelFactory - INFO - densenet121 created successfully:
2025-07-26 22:49:23 - AutoML.ModelFactory - INFO -   Parameters: 6,954,759
2025-07-26 22:49:23 - AutoML.ModelFactory - INFO -   Trainable: 6,954,759
2025-07-26 22:49:23 - AutoML.ModelFactory - INFO -   Model size: 26.53 MB
2025-07-26 22:49:23 - AutoML - INFO -  densenet121 creation completed in 2.49 seconds
2025-07-26 22:49:35 - AutoML.Trainer - INFO - Class distribution: {3: 173, 5: 68, 6: 111, 2: 83, 0: 82, 4: 115, 1: 8}
2025-07-26 22:49:35 - AutoML.Trainer - INFO - Class weights: [1.1149825783972125, 11.428571428571429, 1.1015490533562822, 0.5284888521882741, 0.7950310559006211, 1.3445378151260505, 0.8236808236808236]
2025-07-26 22:49:51 - AutoML.Trainer - ERROR - Training failed for densenet121: Caught RuntimeError in DataLoader worker process 0.
Original Traceback (most recent call last):
  File "C:\Users\yaswa\AppData\Local\Programs\Python\Python310\lib\site-packages\torch\utils\data\_utils\worker.py", line 351, in _worker_loop
    data = fetcher.fetch(index)  # type: ignore[possibly-undefined]
  File "C:\Users\yaswa\AppData\Local\Programs\Python\Python310\lib\site-packages\torch\utils\data\_utils\fetch.py", line 55, in fetch
    return self.collate_fn(data)
  File "C:\Users\yaswa\AppData\Local\Programs\Python\Python310\lib\site-packages\torch\utils\data\_utils\collate.py", line 398, in default_collate
    return collate(batch, collate_fn_map=default_collate_fn_map)
  File "C:\Users\yaswa\AppData\Local\Programs\Python\Python310\lib\site-packages\torch\utils\data\_utils\collate.py", line 211, in collate
    return [
  File "C:\Users\yaswa\AppData\Local\Programs\Python\Python310\lib\site-packages\torch\utils\data\_utils\collate.py", line 212, in <listcomp>
    collate(samples, collate_fn_map=collate_fn_map)
  File "C:\Users\yaswa\AppData\Local\Programs\Python\Python310\lib\site-packages\torch\utils\data\_utils\collate.py", line 155, in collate
    return collate_fn_map[elem_type](batch, collate_fn_map=collate_fn_map)
  File "C:\Users\yaswa\AppData\Local\Programs\Python\Python310\lib\site-packages\torch\utils\data\_utils\collate.py", line 270, in collate_tensor_fn
    storage = elem._typed_storage()._new_shared(numel, device=elem.device)
  File "C:\Users\yaswa\AppData\Local\Programs\Python\Python310\lib\site-packages\torch\storage.py", line 1180, in _new_shared
    untyped_storage = torch.UntypedStorage._new_shared(
  File "C:\Users\yaswa\AppData\Local\Programs\Python\Python310\lib\site-packages\torch\storage.py", line 400, in _new_shared
    return cls._new_using_filename_cpu(size)
RuntimeError: Couldn't open shared file mapping: <torch_32424_1827909935_84>, error code: <1455>

2025-07-26 22:49:51 - AutoML.Trainer - INFO - Evaluating hyperparameters for densenet121: {'learning_rate': 0.00011235252003847501, 'optimizer': 'adam', 'weight_decay': 0.0050123405513959945, 'batch_size': 256, 'dropout_rate': 0.2731788484781609, 'pretrained': True, 'lr_scheduler': 'cosine', 'max_epochs': 16}
2025-07-26 22:49:51 - AutoML.ModelFactory - INFO - Creating densenet121 (pretrained=True, dropout=0.2731788484781609)
2025-07-26 22:49:51 - AutoML - INFO -  Starting: densenet121 creation
2025-07-26 22:49:53 - AutoML.ModelFactory - INFO - densenet121 created successfully:
2025-07-26 22:49:53 - AutoML.ModelFactory - INFO -   Parameters: 6,954,759
2025-07-26 22:49:53 - AutoML.ModelFactory - INFO -   Trainable: 6,954,759
2025-07-26 22:49:53 - AutoML.ModelFactory - INFO -   Model size: 26.53 MB
2025-07-26 22:49:53 - AutoML - INFO -  densenet121 creation completed in 2.11 seconds
2025-07-26 22:50:05 - AutoML.Trainer - INFO - Class distribution: {3: 171, 6: 122, 0: 85, 2: 82, 5: 70, 4: 98, 1: 12}
2025-07-26 22:50:05 - AutoML.Trainer - INFO - Class weights: [1.0756302521008403, 7.619047619047619, 1.1149825783972125, 0.5346700083542189, 0.9329446064139941, 1.3061224489795917, 0.7494145199063232]
2025-07-26 22:51:19 - AutoML.Trainer - ERROR - Training failed for densenet121: Caught RuntimeError in DataLoader worker process 0.
Original Traceback (most recent call last):
  File "C:\Users\yaswa\AppData\Local\Programs\Python\Python310\lib\site-packages\torch\utils\data\_utils\worker.py", line 351, in _worker_loop
    data = fetcher.fetch(index)  # type: ignore[possibly-undefined]
  File "C:\Users\yaswa\AppData\Local\Programs\Python\Python310\lib\site-packages\torch\utils\data\_utils\fetch.py", line 55, in fetch
    return self.collate_fn(data)
  File "C:\Users\yaswa\AppData\Local\Programs\Python\Python310\lib\site-packages\torch\utils\data\_utils\collate.py", line 398, in default_collate
    return collate(batch, collate_fn_map=default_collate_fn_map)
  File "C:\Users\yaswa\AppData\Local\Programs\Python\Python310\lib\site-packages\torch\utils\data\_utils\collate.py", line 211, in collate
    return [
  File "C:\Users\yaswa\AppData\Local\Programs\Python\Python310\lib\site-packages\torch\utils\data\_utils\collate.py", line 212, in <listcomp>
    collate(samples, collate_fn_map=collate_fn_map)
  File "C:\Users\yaswa\AppData\Local\Programs\Python\Python310\lib\site-packages\torch\utils\data\_utils\collate.py", line 155, in collate
    return collate_fn_map[elem_type](batch, collate_fn_map=collate_fn_map)
  File "C:\Users\yaswa\AppData\Local\Programs\Python\Python310\lib\site-packages\torch\utils\data\_utils\collate.py", line 270, in collate_tensor_fn
    storage = elem._typed_storage()._new_shared(numel, device=elem.device)
  File "C:\Users\yaswa\AppData\Local\Programs\Python\Python310\lib\site-packages\torch\storage.py", line 1180, in _new_shared
    untyped_storage = torch.UntypedStorage._new_shared(
  File "C:\Users\yaswa\AppData\Local\Programs\Python\Python310\lib\site-packages\torch\storage.py", line 400, in _new_shared
    return cls._new_using_filename_cpu(size)
RuntimeError: Couldn't open shared file mapping: <torch_25036_790047952_52>, error code: <1455>

2025-07-26 22:51:19 - AutoML.Trainer - INFO - Evaluating hyperparameters for densenet121: {'learning_rate': 0.0009374833626645846, 'optimizer': 'adamw', 'weight_decay': 0.0008649634049579392, 'batch_size': 64, 'dropout_rate': 0.45202266933363355, 'pretrained': True, 'lr_scheduler': 'cosine', 'max_epochs': 19}
2025-07-26 22:51:19 - AutoML.ModelFactory - INFO - Creating densenet121 (pretrained=True, dropout=0.45202266933363355)
2025-07-26 22:51:19 - AutoML - INFO -  Starting: densenet121 creation
2025-07-26 22:51:29 - AutoML.ModelFactory - INFO - densenet121 created successfully:
2025-07-26 22:51:29 - AutoML.ModelFactory - INFO -   Parameters: 6,954,759
2025-07-26 22:51:29 - AutoML.ModelFactory - INFO -   Trainable: 6,954,759
2025-07-26 22:51:29 - AutoML.ModelFactory - INFO -   Model size: 26.53 MB
2025-07-26 22:51:29 - AutoML - INFO -  densenet121 creation completed in 10.35 seconds
2025-07-26 22:51:47 - AutoML.Trainer - WARNING - Failed to calculate class weights: Caught RuntimeError in DataLoader worker process 0.
Original Traceback (most recent call last):
  File "C:\Users\yaswa\AppData\Local\Programs\Python\Python310\lib\site-packages\torch\utils\data\_utils\worker.py", line 351, in _worker_loop
    data = fetcher.fetch(index)  # type: ignore[possibly-undefined]
  File "C:\Users\yaswa\AppData\Local\Programs\Python\Python310\lib\site-packages\torch\utils\data\_utils\fetch.py", line 55, in fetch
    return self.collate_fn(data)
  File "C:\Users\yaswa\AppData\Local\Programs\Python\Python310\lib\site-packages\torch\utils\data\_utils\collate.py", line 398, in default_collate
    return collate(batch, collate_fn_map=default_collate_fn_map)
  File "C:\Users\yaswa\AppData\Local\Programs\Python\Python310\lib\site-packages\torch\utils\data\_utils\collate.py", line 211, in collate
    return [
  File "C:\Users\yaswa\AppData\Local\Programs\Python\Python310\lib\site-packages\torch\utils\data\_utils\collate.py", line 212, in <listcomp>
    collate(samples, collate_fn_map=collate_fn_map)
  File "C:\Users\yaswa\AppData\Local\Programs\Python\Python310\lib\site-packages\torch\utils\data\_utils\collate.py", line 155, in collate
    return collate_fn_map[elem_type](batch, collate_fn_map=collate_fn_map)
  File "C:\Users\yaswa\AppData\Local\Programs\Python\Python310\lib\site-packages\torch\utils\data\_utils\collate.py", line 270, in collate_tensor_fn
    storage = elem._typed_storage()._new_shared(numel, device=elem.device)
  File "C:\Users\yaswa\AppData\Local\Programs\Python\Python310\lib\site-packages\torch\storage.py", line 1180, in _new_shared
    untyped_storage = torch.UntypedStorage._new_shared(
  File "C:\Users\yaswa\AppData\Local\Programs\Python\Python310\lib\site-packages\torch\storage.py", line 400, in _new_shared
    return cls._new_using_filename_cpu(size)
RuntimeError: Couldn't open shared file mapping: <torch_35844_1771652372_6>, error code: <1455>
, using standard loss
2025-07-27 00:35:45 - AutoML - INFO - === AutoML Pipeline Logging Initialized ===
2025-07-27 00:35:45 - AutoML - INFO - Log level: INFO, File: results\logs\automl.log
2025-07-27 00:35:45 - AutoML - INFO - Random seed set to 42 for reproducibility
2025-07-27 00:35:45 - AutoML - INFO -  Initializing AutoML Pipeline...
2025-07-27 00:35:45 - AutoML.DataManager - INFO - Initialized DataManager for emotions dataset
2025-07-27 00:35:45 - AutoML.ModelFactory - INFO - ModelFactory initialized for emotions: 7 classes, 1 channels, 48x48 images
2025-07-27 00:35:45 - AutoML.ModelFactory - INFO - Strategic models available: ['resnet18', 'resnet34', 'efficientnet_b0', 'efficientnet_b1', 'convnext_tiny', 'mobilenetv3_large_100', 'densenet121']
2025-07-27 00:35:45 - AutoML - INFO -  Using GPU: NVIDIA GeForce RTX 3060 Laptop GPU (6.4GB)
2025-07-27 00:35:45 - AutoML.Trainer - INFO - Trainer initialized - Device: cuda
2025-07-27 00:35:45 - AutoML.Trainer - INFO - Max epochs: 50, Min epochs: 5
2025-07-27 00:35:45 - AutoML.BudgetManager - INFO - BudgetManager initialized:
2025-07-27 00:35:45 - AutoML.BudgetManager - INFO -   Total budget: 24.0 hours
2025-07-27 00:35:45 - AutoML.BudgetManager - INFO -   Architecture search: 16.8 hours (70%)
2025-07-27 00:35:45 - AutoML.BudgetManager - INFO -   Final training: 4.8 hours (20%)
2025-07-27 00:35:45 - AutoML.BudgetManager - INFO -   Buffer: 2.4 hours (10%)
2025-07-27 00:35:45 - AutoML.ComparativeEarlyStopping - INFO - ComparativeEarlyStopping initialized with confidence=0.65
2025-07-27 00:35:45 - AutoML.ComparativeEarlyStopping - INFO - Decision weights: {'statistical_significance': 0.35, 'performance_gap': 0.25, 'learning_trend': 0.25, 'resource_efficiency': 0.15}
2025-07-27 00:35:45 - AutoML.MetaHPOSelector - INFO - MetaHPOSelector initialized - Base trials: 8, Quick mode: False
2025-07-27 00:35:45 - AutoML.Pipeline - INFO - === AutoML Pipeline Initialized ===
2025-07-27 00:35:45 - AutoML.Pipeline - INFO - Configuration: emotions dataset
2025-07-27 00:35:45 - AutoML.Pipeline - INFO - Time budget: 24.0 hours
2025-07-27 00:35:45 - AutoML.Pipeline - INFO - Target: 7 classes
2025-07-27 00:35:45 - AutoML - INFO -  Starting AutoML execution...
2025-07-27 00:35:45 - AutoML.Pipeline - INFO - Starting AutoML Pipeline Execution
2025-07-27 00:35:45 - AutoML.Pipeline - INFO - === Phase 1: Dataset Analysis and Preparation ===
2025-07-27 00:35:45 - AutoML - INFO -  Starting: Dataset preparation
2025-07-27 00:35:45 - AutoML.DataManager - INFO - Setting up emotions datasets...
2025-07-27 00:35:45 - AutoML - INFO -  Starting: emotions dataset setup
2025-07-27 00:35:45 - AutoML.DatasetCharacteristics - INFO - Analyzing emotions dataset characteristics...
2025-07-27 00:35:45 - AutoML - INFO -  Starting: emotions dataset analysis
2025-07-27 00:35:46 - AutoML - INFO -  emotions dataset analysis completed in 0.51 seconds
2025-07-27 00:35:46 - AutoML.DatasetCharacteristics - INFO - Dataset analysis complete: 1000 samples analyzed
2025-07-27 00:35:46 - AutoML.DatasetCharacteristics - INFO - Complexity score: 5.00/10
2025-07-27 00:37:57 - AutoML.DataManager - INFO - Created stratified split: 22967 train, 5742 validation
2025-07-27 00:37:57 - AutoML.DataManager - INFO - Data splits - Train: 22967, Val: 5742, Test: 7178
2025-07-27 00:37:57 - AutoML - INFO -  emotions dataset setup completed in 2.20 minutes
2025-07-27 00:37:57 - AutoML.Pipeline - INFO - Dataset Analysis Complete:
2025-07-27 00:37:57 - AutoML.Pipeline - INFO -   Name: emotions
2025-07-27 00:37:57 - AutoML.Pipeline - INFO -   Samples: 28,709
2025-07-27 00:37:57 - AutoML.Pipeline - INFO -   Classes: 7
2025-07-27 00:37:57 - AutoML.Pipeline - INFO -   Image size: 48x48x1
2025-07-27 00:37:57 - AutoML.Pipeline - INFO -   Complexity: 5.0/10
2025-07-27 00:37:57 - AutoML.Pipeline - INFO -   Memory per sample: 0.009 MB
2025-07-27 00:37:57 - AutoML - INFO -  Dataset preparation completed in 2.20 minutes
2025-07-27 00:37:57 - AutoML.Pipeline - INFO - === Phase 2: Architecture Selection and Budget Allocation ===
2025-07-27 00:37:57 - AutoML - INFO -  Starting: Architecture selection
2025-07-27 00:37:57 - AutoML.Pipeline - INFO - Selected architectures: ['resnet18', 'efficientnet_b0', 'convnext_tiny', 'densenet121']
2025-07-27 00:37:57 - AutoML.ComparativeEarlyStopping - INFO - Registered architecture: resnet18
2025-07-27 00:37:57 - AutoML.ComparativeEarlyStopping - INFO - Registered architecture: efficientnet_b0
2025-07-27 00:37:57 - AutoML.ComparativeEarlyStopping - INFO - Registered architecture: convnext_tiny
2025-07-27 00:37:57 - AutoML.ComparativeEarlyStopping - INFO - Registered architecture: densenet121
2025-07-27 00:37:57 - AutoML.BudgetManager - INFO - Initial allocation: 4.20h and 3.2GB per architecture
2025-07-27 00:37:57 - AutoML.BudgetManager - INFO - Execution started with 4 architectures
2025-07-27 00:37:57 - AutoML.BudgetManager - INFO - Architecture queue: ['resnet18', 'efficientnet_b0', 'convnext_tiny', 'densenet121']
2025-07-27 00:37:57 - AutoML - INFO -  Architecture selection completed in 0.01 seconds
2025-07-27 00:37:57 - AutoML.Pipeline - INFO - === Phase 3: Intelligent Architecture Search ===
2025-07-27 00:37:57 - AutoML - INFO -  Starting: Architecture search
2025-07-27 00:37:57 - AutoML.Pipeline - INFO - Creating data loaders...
2025-07-27 00:37:57 - AutoML.DataManager - INFO - Using recommended batch size: 64
2025-07-27 00:37:57 - AutoML.DataManager - INFO - Creating dataloaders - batch_size: 64, image_size: 48
2025-07-27 00:37:57 - AutoML.AugmentationFactory - INFO - Auto-selected augmentation strategy: medium
2025-07-27 00:38:04 - AutoML.DataManager - INFO - Created stratified split: 22967 train, 5742 validation
2025-07-27 00:38:04 - AutoML.DataManager - INFO - DataLoaders created successfully
2025-07-27 00:38:04 - AutoML.Pipeline - INFO -   Train batches: 358
2025-07-27 00:38:04 - AutoML.Pipeline - INFO -   Validation batches: 90
2025-07-27 00:38:04 - AutoML.Pipeline - INFO -   Test batches: 113
2025-07-27 00:38:04 - AutoML.Pipeline - INFO - Processing architecture: resnet18
2025-07-27 00:38:04 - AutoML.BudgetManager - INFO - Started training resnet18 with 4.20h budget
2025-07-27 00:38:04 - AutoML.Pipeline - INFO - Starting HPO for resnet18
2025-07-27 00:38:04 - AutoML.MetaHPOSelector - INFO - Selecting HPO method for resnet18
2025-07-27 00:38:04 - AutoML.MetaHPOSelector - INFO -   Dataset complexity: 5.0
2025-07-27 00:38:04 - AutoML.MetaHPOSelector - INFO -   Available time: 16.8 hours
2025-07-27 00:38:04 - AutoML.MetaHPOSelector - INFO -   Search space size: 100000
2025-07-27 00:38:04 - AutoML.MetaHPOSelector - INFO - Trial budget for resnet18: 6 trials
2025-07-27 00:38:04 - AutoML.MetaHPOSelector - INFO -   Arch complexity: 2.0, Dataset complexity: 5.0
2025-07-27 00:38:04 - AutoML.MetaHPOSelector - INFO -   Available time: 16.8h
2025-07-27 00:38:04 - AutoML.MetaHPOSelector - INFO - Selected bayesian_optimization for resnet18
2025-07-27 00:38:04 - AutoML.MetaHPOSelector - INFO -   Trials: 6
2025-07-27 00:38:04 - AutoML.MetaHPOSelector - INFO -   Timeout: 36284s
2025-07-27 00:38:04 - AutoML.MetaHPOSelector - INFO -  Starting HPO for resnet18 with 6 trials
2025-07-27 00:38:04 - AutoML.HPO.bayesian_optimization - INFO - Starting Bayesian Optimization for resnet18
2025-07-27 00:38:04 - AutoML.Trainer - INFO - Evaluating hyperparameters for resnet18: {'learning_rate': 0.0005611516415334506, 'optimizer': 'sgd', 'weight_decay': 2.9380279387035334e-05, 'batch_size': 128, 'dropout_rate': 0.35403628889802274, 'pretrained': True, 'lr_scheduler': 'step', 'max_epochs': 20, 'momentum': 0.8272737450810651}
2025-07-27 00:38:04 - AutoML.ModelFactory - INFO - Creating resnet18 (pretrained=True, dropout=0.35403628889802274)
2025-07-27 00:38:04 - AutoML - INFO -  Starting: resnet18 creation
2025-07-27 00:38:04 - AutoML.ModelFactory - INFO - resnet18 created successfully:
2025-07-27 00:38:04 - AutoML.ModelFactory - INFO -   Parameters: 11,173,831
2025-07-27 00:38:04 - AutoML.ModelFactory - INFO -   Trainable: 11,173,831
2025-07-27 00:38:04 - AutoML.ModelFactory - INFO -   Model size: 42.62 MB
2025-07-27 00:38:04 - AutoML - INFO -  resnet18 creation completed in 0.48 seconds
2025-07-27 00:38:15 - AutoML.Trainer - INFO - Class distribution: {5: 77, 2: 82, 0: 82, 4: 107, 3: 165, 6: 122, 1: 5}
2025-07-27 00:38:15 - AutoML.Trainer - INFO - Class weights: [1.1149825783972125, 18.285714285714285, 1.1149825783972125, 0.5541125541125541, 0.8544726301735648, 1.1873840445269017, 0.7494145199063232]
2025-07-27 00:40:36 - AutoML.Trainer - INFO - Epoch 5/20 - Train Acc: 0.1762, Val Acc: 0.1900, Val Loss: 1.8199, Time: 28.2s
2025-07-27 00:43:00 - AutoML.Trainer - INFO - Epoch 10/20 - Train Acc: 0.2212, Val Acc: 0.2407, Val Loss: 1.7563, Time: 31.6s
2025-07-27 00:46:09 - AutoML.ComparativeEarlyStopping - INFO - Early stopping evaluation for resnet18:
2025-07-27 00:46:09 - AutoML.ComparativeEarlyStopping - INFO -   Decision scores: {'statistical_significance': 0.0, 'performance_gap': 0.0, 'learning_trend': 0.0, 'resource_efficiency': 0.0}
2025-07-27 00:46:09 - AutoML.ComparativeEarlyStopping - INFO -   Final score: 0.000
2025-07-27 00:46:09 - AutoML.ComparativeEarlyStopping - INFO -   Decision: CONTINUE
2025-07-27 00:46:09 - AutoML.Trainer - INFO - Epoch 15/20 - Train Acc: 0.2217, Val Acc: 0.2402, Val Loss: 1.7557, Time: 37.1s
2025-07-27 00:46:44 - AutoML.ComparativeEarlyStopping - INFO - Early stopping evaluation for resnet18:
2025-07-27 00:46:44 - AutoML.ComparativeEarlyStopping - INFO -   Decision scores: {'statistical_significance': 0.0, 'performance_gap': 0.0, 'learning_trend': 0.0, 'resource_efficiency': 0.0}
2025-07-27 00:46:44 - AutoML.ComparativeEarlyStopping - INFO -   Final score: 0.000
2025-07-27 00:46:44 - AutoML.ComparativeEarlyStopping - INFO -   Decision: CONTINUE
2025-07-27 00:47:13 - AutoML.ComparativeEarlyStopping - INFO - Early stopping evaluation for resnet18:
2025-07-27 00:47:13 - AutoML.ComparativeEarlyStopping - INFO -   Decision scores: {'statistical_significance': 0.0, 'performance_gap': 0.0, 'learning_trend': 0.0, 'resource_efficiency': 0.0}
2025-07-27 00:47:13 - AutoML.ComparativeEarlyStopping - INFO -   Final score: 0.000
2025-07-27 00:47:13 - AutoML.ComparativeEarlyStopping - INFO -   Decision: CONTINUE
2025-07-27 00:47:44 - AutoML.ComparativeEarlyStopping - INFO - Early stopping evaluation for resnet18:
2025-07-27 00:47:44 - AutoML.ComparativeEarlyStopping - INFO -   Decision scores: {'statistical_significance': 0.0, 'performance_gap': 0.0, 'learning_trend': 0.0, 'resource_efficiency': 0.0}
2025-07-27 00:47:44 - AutoML.ComparativeEarlyStopping - INFO -   Final score: 0.000
2025-07-27 00:47:44 - AutoML.ComparativeEarlyStopping - INFO -   Decision: CONTINUE
2025-07-27 00:48:13 - AutoML.ComparativeEarlyStopping - INFO - Early stopping evaluation for resnet18:
2025-07-27 00:48:13 - AutoML.ComparativeEarlyStopping - INFO -   Decision scores: {'statistical_significance': 0.0, 'performance_gap': 0.0, 'learning_trend': 0.0, 'resource_efficiency': 0.0}
2025-07-27 00:48:13 - AutoML.ComparativeEarlyStopping - INFO -   Final score: 0.000
2025-07-27 00:48:13 - AutoML.ComparativeEarlyStopping - INFO -   Decision: CONTINUE
2025-07-27 00:48:41 - AutoML.ComparativeEarlyStopping - INFO - Early stopping evaluation for resnet18:
2025-07-27 00:48:41 - AutoML.ComparativeEarlyStopping - INFO -   Decision scores: {'statistical_significance': 0.0, 'performance_gap': 0.0, 'learning_trend': 0.0, 'resource_efficiency': 0.0}
2025-07-27 00:48:41 - AutoML.ComparativeEarlyStopping - INFO -   Final score: 0.000
2025-07-27 00:48:41 - AutoML.ComparativeEarlyStopping - INFO -   Decision: CONTINUE
2025-07-27 00:48:41 - AutoML.Trainer - INFO - Epoch 20/20 - Train Acc: 0.2298, Val Acc: 0.2433, Val Loss: 1.7474, Time: 28.6s
2025-07-27 00:48:41 - AutoML.Trainer - INFO - Training completed for resnet18
2025-07-27 00:48:41 - AutoML.Trainer - INFO - Best validation accuracy: 0.2478
2025-07-27 00:48:41 - AutoML.Trainer - INFO - Total training time: 626.0s
2025-07-27 00:48:41 - AutoML.Trainer - INFO - Average epoch time: 31.3s
2025-07-27 00:48:41 - AutoML.Trainer - INFO - Evaluating hyperparameters for resnet18: {'learning_rate': 0.00023270677083837802, 'optimizer': 'adamw', 'weight_decay': 7.476312062252303e-05, 'batch_size': 32, 'dropout_rate': 0.22803499210851796, 'pretrained': True, 'lr_scheduler': 'cosine', 'max_epochs': 30, 'momentum': 0.8069675619079997}
2025-07-27 00:48:41 - AutoML.ModelFactory - INFO - Creating resnet18 (pretrained=True, dropout=0.22803499210851796)
2025-07-27 00:48:41 - AutoML - INFO -  Starting: resnet18 creation
2025-07-27 00:48:42 - AutoML.ModelFactory - INFO - resnet18 created successfully:
2025-07-27 00:48:42 - AutoML.ModelFactory - INFO -   Parameters: 11,173,831
2025-07-27 00:48:42 - AutoML.ModelFactory - INFO -   Trainable: 11,173,831
2025-07-27 00:48:42 - AutoML.ModelFactory - INFO -   Model size: 42.62 MB
2025-07-27 00:48:42 - AutoML - INFO -  resnet18 creation completed in 0.29 seconds
2025-07-27 00:48:52 - AutoML.Trainer - INFO - Class distribution: {5: 74, 2: 97, 6: 107, 3: 161, 0: 93, 4: 94, 1: 14}
2025-07-27 00:48:52 - AutoML.Trainer - INFO - Class weights: [0.9831029185867896, 6.530612244897959, 0.9425625920471281, 0.5678793256433008, 0.9726443768996961, 1.2355212355212355, 0.8544726301735648]
2025-07-27 00:51:17 - AutoML.ComparativeEarlyStopping - INFO - Early stopping evaluation for resnet18:
2025-07-27 00:51:17 - AutoML.ComparativeEarlyStopping - INFO -   Decision scores: {'statistical_significance': 0.0, 'performance_gap': 0.0, 'learning_trend': 0.5, 'resource_efficiency': 0.0}
2025-07-27 00:51:17 - AutoML.ComparativeEarlyStopping - INFO -   Final score: 0.125
2025-07-27 00:51:17 - AutoML.ComparativeEarlyStopping - INFO -   Decision: CONTINUE
2025-07-27 00:51:17 - AutoML.Trainer - INFO - Epoch 5/30 - Train Acc: 0.5110, Val Acc: 0.5200, Val Loss: 1.2870, Time: 29.0s
2025-07-27 00:51:47 - AutoML.ComparativeEarlyStopping - INFO - Early stopping evaluation for resnet18:
2025-07-27 00:51:47 - AutoML.ComparativeEarlyStopping - INFO -   Decision scores: {'statistical_significance': 0.0, 'performance_gap': 0.0, 'learning_trend': 0.5, 'resource_efficiency': 0.0}
2025-07-27 00:51:47 - AutoML.ComparativeEarlyStopping - INFO -   Final score: 0.125
2025-07-27 00:51:47 - AutoML.ComparativeEarlyStopping - INFO -   Decision: CONTINUE
2025-07-27 00:52:18 - AutoML.ComparativeEarlyStopping - INFO - Early stopping evaluation for resnet18:
2025-07-27 00:52:18 - AutoML.ComparativeEarlyStopping - INFO -   Decision scores: {'statistical_significance': 0.0, 'performance_gap': 0.0, 'learning_trend': 0.5, 'resource_efficiency': 0.0}
2025-07-27 00:52:18 - AutoML.ComparativeEarlyStopping - INFO -   Final score: 0.125
2025-07-27 00:52:18 - AutoML.ComparativeEarlyStopping - INFO -   Decision: CONTINUE
2025-07-27 00:52:47 - AutoML.ComparativeEarlyStopping - INFO - Early stopping evaluation for resnet18:
2025-07-27 00:52:47 - AutoML.ComparativeEarlyStopping - INFO -   Decision scores: {'statistical_significance': 0.0, 'performance_gap': 0.0, 'learning_trend': 0.5, 'resource_efficiency': 0.0}
2025-07-27 00:52:47 - AutoML.ComparativeEarlyStopping - INFO -   Final score: 0.125
2025-07-27 00:52:47 - AutoML.ComparativeEarlyStopping - INFO -   Decision: CONTINUE
2025-07-27 00:53:17 - AutoML.ComparativeEarlyStopping - INFO - Early stopping evaluation for resnet18:
2025-07-27 00:53:17 - AutoML.ComparativeEarlyStopping - INFO -   Decision scores: {'statistical_significance': 0.0, 'performance_gap': 0.0, 'learning_trend': 0.5, 'resource_efficiency': 0.0}
2025-07-27 00:53:17 - AutoML.ComparativeEarlyStopping - INFO -   Final score: 0.125
2025-07-27 00:53:17 - AutoML.ComparativeEarlyStopping - INFO -   Decision: CONTINUE
2025-07-27 00:53:46 - AutoML.ComparativeEarlyStopping - INFO - Early stopping evaluation for resnet18:
2025-07-27 00:53:46 - AutoML.ComparativeEarlyStopping - INFO -   Decision scores: {'statistical_significance': 0.0, 'performance_gap': 0.0, 'learning_trend': 0.0, 'resource_efficiency': 0.0}
2025-07-27 00:53:46 - AutoML.ComparativeEarlyStopping - INFO -   Final score: 0.000
2025-07-27 00:53:46 - AutoML.ComparativeEarlyStopping - INFO -   Decision: CONTINUE
2025-07-27 00:53:46 - AutoML.Trainer - INFO - Epoch 10/30 - Train Acc: 0.6024, Val Acc: 0.5711, Val Loss: 1.2025, Time: 29.1s
2025-07-27 00:54:15 - AutoML.ComparativeEarlyStopping - INFO - Early stopping evaluation for resnet18:
2025-07-27 00:54:15 - AutoML.ComparativeEarlyStopping - INFO -   Decision scores: {'statistical_significance': 0.0, 'performance_gap': 0.0, 'learning_trend': 0.0, 'resource_efficiency': 0.0}
2025-07-27 00:54:15 - AutoML.ComparativeEarlyStopping - INFO -   Final score: 0.000
2025-07-27 00:54:15 - AutoML.ComparativeEarlyStopping - INFO -   Decision: CONTINUE
2025-07-27 00:54:43 - AutoML.ComparativeEarlyStopping - INFO - Early stopping evaluation for resnet18:
2025-07-27 00:54:43 - AutoML.ComparativeEarlyStopping - INFO -   Decision scores: {'statistical_significance': 0.0, 'performance_gap': 0.0, 'learning_trend': 0.0, 'resource_efficiency': 0.0}
2025-07-27 00:54:43 - AutoML.ComparativeEarlyStopping - INFO -   Final score: 0.000
2025-07-27 00:54:43 - AutoML.ComparativeEarlyStopping - INFO -   Decision: CONTINUE
2025-07-27 00:55:12 - AutoML.ComparativeEarlyStopping - INFO - Early stopping evaluation for resnet18:
2025-07-27 00:55:12 - AutoML.ComparativeEarlyStopping - INFO -   Decision scores: {'statistical_significance': 0.0, 'performance_gap': 0.0, 'learning_trend': 0.0, 'resource_efficiency': 0.0}
2025-07-27 00:55:12 - AutoML.ComparativeEarlyStopping - INFO -   Final score: 0.000
2025-07-27 00:55:12 - AutoML.ComparativeEarlyStopping - INFO -   Decision: CONTINUE
2025-07-27 00:55:42 - AutoML.ComparativeEarlyStopping - INFO - Early stopping evaluation for resnet18:
2025-07-27 00:55:42 - AutoML.ComparativeEarlyStopping - INFO -   Decision scores: {'statistical_significance': 0.0, 'performance_gap': 0.0, 'learning_trend': 0.0, 'resource_efficiency': 0.0}
2025-07-27 00:55:42 - AutoML.ComparativeEarlyStopping - INFO -   Final score: 0.000
2025-07-27 00:55:42 - AutoML.ComparativeEarlyStopping - INFO -   Decision: CONTINUE
2025-07-27 00:56:12 - AutoML.ComparativeEarlyStopping - INFO - Early stopping evaluation for resnet18:
2025-07-27 00:56:12 - AutoML.ComparativeEarlyStopping - INFO -   Decision scores: {'statistical_significance': 0.0, 'performance_gap': 0.0, 'learning_trend': 0.0, 'resource_efficiency': 0.0}
2025-07-27 00:56:12 - AutoML.ComparativeEarlyStopping - INFO -   Final score: 0.000
2025-07-27 00:56:12 - AutoML.ComparativeEarlyStopping - INFO -   Decision: CONTINUE
2025-07-27 00:56:12 - AutoML.Trainer - INFO - Epoch 15/30 - Train Acc: 0.6662, Val Acc: 0.5914, Val Loss: 1.2243, Time: 30.4s
2025-07-27 00:56:43 - AutoML.ComparativeEarlyStopping - INFO - Early stopping evaluation for resnet18:
2025-07-27 00:56:43 - AutoML.ComparativeEarlyStopping - INFO -   Decision scores: {'statistical_significance': 0.0, 'performance_gap': 0.0, 'learning_trend': 0.0, 'resource_efficiency': 0.0}
2025-07-27 00:56:43 - AutoML.ComparativeEarlyStopping - INFO -   Final score: 0.000
2025-07-27 00:56:43 - AutoML.ComparativeEarlyStopping - INFO -   Decision: CONTINUE
2025-07-27 00:57:12 - AutoML.ComparativeEarlyStopping - INFO - Early stopping evaluation for resnet18:
2025-07-27 00:57:12 - AutoML.ComparativeEarlyStopping - INFO -   Decision scores: {'statistical_significance': 0.0, 'performance_gap': 0.0, 'learning_trend': 0.0, 'resource_efficiency': 0.0}
2025-07-27 00:57:12 - AutoML.ComparativeEarlyStopping - INFO -   Final score: 0.000
2025-07-27 00:57:12 - AutoML.ComparativeEarlyStopping - INFO -   Decision: CONTINUE
2025-07-27 00:57:41 - AutoML.ComparativeEarlyStopping - INFO - Early stopping evaluation for resnet18:
2025-07-27 00:57:41 - AutoML.ComparativeEarlyStopping - INFO -   Decision scores: {'statistical_significance': 0.0, 'performance_gap': 0.0, 'learning_trend': 0.0, 'resource_efficiency': 0.0}
2025-07-27 00:57:41 - AutoML.ComparativeEarlyStopping - INFO -   Final score: 0.000
2025-07-27 00:57:41 - AutoML.ComparativeEarlyStopping - INFO -   Decision: CONTINUE
2025-07-27 00:58:13 - AutoML.ComparativeEarlyStopping - INFO - Early stopping evaluation for resnet18:
2025-07-27 00:58:13 - AutoML.ComparativeEarlyStopping - INFO -   Decision scores: {'statistical_significance': 0.0, 'performance_gap': 0.0, 'learning_trend': 0.0, 'resource_efficiency': 0.0}
2025-07-27 00:58:13 - AutoML.ComparativeEarlyStopping - INFO -   Final score: 0.000
2025-07-27 00:58:13 - AutoML.ComparativeEarlyStopping - INFO -   Decision: CONTINUE
2025-07-27 00:58:45 - AutoML.ComparativeEarlyStopping - INFO - Early stopping evaluation for resnet18:
2025-07-27 00:58:45 - AutoML.ComparativeEarlyStopping - INFO -   Decision scores: {'statistical_significance': 0.0, 'performance_gap': 0.0, 'learning_trend': 0.0, 'resource_efficiency': 0.0}
2025-07-27 00:58:45 - AutoML.ComparativeEarlyStopping - INFO -   Final score: 0.000
2025-07-27 00:58:45 - AutoML.ComparativeEarlyStopping - INFO -   Decision: CONTINUE
2025-07-27 00:58:45 - AutoML.Trainer - INFO - Epoch 20/30 - Train Acc: 0.7115, Val Acc: 0.5986, Val Loss: 1.2772, Time: 32.2s
2025-07-27 00:59:14 - AutoML.ComparativeEarlyStopping - INFO - Early stopping evaluation for resnet18:
2025-07-27 00:59:14 - AutoML.ComparativeEarlyStopping - INFO -   Decision scores: {'statistical_significance': 0.0, 'performance_gap': 0.0, 'learning_trend': 0.0, 'resource_efficiency': 0.0}
2025-07-27 00:59:14 - AutoML.ComparativeEarlyStopping - INFO -   Final score: 0.000
2025-07-27 00:59:14 - AutoML.ComparativeEarlyStopping - INFO -   Decision: CONTINUE
2025-07-27 00:59:44 - AutoML.ComparativeEarlyStopping - INFO - Early stopping evaluation for resnet18:
2025-07-27 00:59:44 - AutoML.ComparativeEarlyStopping - INFO -   Decision scores: {'statistical_significance': 0.0, 'performance_gap': 0.0, 'learning_trend': 0.2, 'resource_efficiency': 0.0}
2025-07-27 00:59:44 - AutoML.ComparativeEarlyStopping - INFO -   Final score: 0.050
2025-07-27 00:59:44 - AutoML.ComparativeEarlyStopping - INFO -   Decision: CONTINUE
2025-07-27 01:00:14 - AutoML.ComparativeEarlyStopping - INFO - Early stopping evaluation for resnet18:
2025-07-27 01:00:14 - AutoML.ComparativeEarlyStopping - INFO -   Decision scores: {'statistical_significance': 0.0, 'performance_gap': 0.0, 'learning_trend': 0.2, 'resource_efficiency': 0.0}
2025-07-27 01:00:14 - AutoML.ComparativeEarlyStopping - INFO -   Final score: 0.050
2025-07-27 01:00:14 - AutoML.ComparativeEarlyStopping - INFO -   Decision: CONTINUE
2025-07-27 01:00:44 - AutoML.ComparativeEarlyStopping - INFO - Early stopping evaluation for resnet18:
2025-07-27 01:00:44 - AutoML.ComparativeEarlyStopping - INFO -   Decision scores: {'statistical_significance': 0.0, 'performance_gap': 0.0, 'learning_trend': 0.2, 'resource_efficiency': 0.0}
2025-07-27 01:00:44 - AutoML.ComparativeEarlyStopping - INFO -   Final score: 0.050
2025-07-27 01:00:44 - AutoML.ComparativeEarlyStopping - INFO -   Decision: CONTINUE
2025-07-27 01:01:14 - AutoML.ComparativeEarlyStopping - INFO - Early stopping evaluation for resnet18:
2025-07-27 01:01:14 - AutoML.ComparativeEarlyStopping - INFO -   Decision scores: {'statistical_significance': 0.0, 'performance_gap': 0.0, 'learning_trend': 0.2, 'resource_efficiency': 0.0}
2025-07-27 01:01:14 - AutoML.ComparativeEarlyStopping - INFO -   Final score: 0.050
2025-07-27 01:01:14 - AutoML.ComparativeEarlyStopping - INFO -   Decision: CONTINUE
2025-07-27 01:01:14 - AutoML.Trainer - INFO - Epoch 25/30 - Train Acc: 0.7363, Val Acc: 0.5989, Val Loss: 1.3129, Time: 30.0s
2025-07-27 01:01:44 - AutoML.ComparativeEarlyStopping - INFO - Early stopping evaluation for resnet18:
2025-07-27 01:01:44 - AutoML.ComparativeEarlyStopping - INFO -   Decision scores: {'statistical_significance': 0.0, 'performance_gap': 0.0, 'learning_trend': 0.2, 'resource_efficiency': 0.0}
2025-07-27 01:01:44 - AutoML.ComparativeEarlyStopping - INFO -   Final score: 0.050
2025-07-27 01:01:44 - AutoML.ComparativeEarlyStopping - INFO -   Decision: CONTINUE
2025-07-27 01:02:14 - AutoML.ComparativeEarlyStopping - INFO - Early stopping evaluation for resnet18:
2025-07-27 01:02:14 - AutoML.ComparativeEarlyStopping - INFO -   Decision scores: {'statistical_significance': 0.0, 'performance_gap': 0.0, 'learning_trend': 0.5, 'resource_efficiency': 0.0}
2025-07-27 01:02:14 - AutoML.ComparativeEarlyStopping - INFO -   Final score: 0.125
2025-07-27 01:02:14 - AutoML.ComparativeEarlyStopping - INFO -   Decision: CONTINUE
2025-07-27 01:02:44 - AutoML.ComparativeEarlyStopping - INFO - Early stopping evaluation for resnet18:
2025-07-27 01:02:44 - AutoML.ComparativeEarlyStopping - INFO -   Decision scores: {'statistical_significance': 0.0, 'performance_gap': 0.0, 'learning_trend': 0.5, 'resource_efficiency': 0.0}
2025-07-27 01:02:44 - AutoML.ComparativeEarlyStopping - INFO -   Final score: 0.125
2025-07-27 01:02:44 - AutoML.ComparativeEarlyStopping - INFO -   Decision: CONTINUE
2025-07-27 01:03:12 - AutoML.ComparativeEarlyStopping - INFO - Early stopping evaluation for resnet18:
2025-07-27 01:03:12 - AutoML.ComparativeEarlyStopping - INFO -   Decision scores: {'statistical_significance': 0.0, 'performance_gap': 0.0, 'learning_trend': 0.7, 'resource_efficiency': 0.0}
2025-07-27 01:03:12 - AutoML.ComparativeEarlyStopping - INFO -   Final score: 0.175
2025-07-27 01:03:12 - AutoML.ComparativeEarlyStopping - INFO -   Decision: CONTINUE
2025-07-27 01:03:41 - AutoML.ComparativeEarlyStopping - INFO - Early stopping evaluation for resnet18:
2025-07-27 01:03:41 - AutoML.ComparativeEarlyStopping - INFO -   Decision scores: {'statistical_significance': 0.0, 'performance_gap': 0.0, 'learning_trend': 0.7, 'resource_efficiency': 0.0}
2025-07-27 01:03:41 - AutoML.ComparativeEarlyStopping - INFO -   Final score: 0.175
2025-07-27 01:03:41 - AutoML.ComparativeEarlyStopping - INFO -   Decision: CONTINUE
2025-07-27 01:03:41 - AutoML.Trainer - INFO - Epoch 30/30 - Train Acc: 0.7436, Val Acc: 0.5960, Val Loss: 1.3191, Time: 29.1s
2025-07-27 01:03:41 - AutoML.Trainer - INFO - Training completed for resnet18
2025-07-27 01:03:41 - AutoML.Trainer - INFO - Best validation accuracy: 0.6010
2025-07-27 01:03:41 - AutoML.Trainer - INFO - Total training time: 889.3s
2025-07-27 01:03:41 - AutoML.Trainer - INFO - Average epoch time: 29.6s
2025-07-27 01:03:41 - AutoML.Trainer - INFO - Evaluating hyperparameters for resnet18: {'learning_rate': 0.0016409286730647919, 'optimizer': 'adam', 'weight_decay': 0.00788671412999049, 'batch_size': 32, 'dropout_rate': 0.22007624686980065, 'pretrained': True, 'lr_scheduler': 'step', 'max_epochs': 38, 'momentum': 0.8388169972400026}
2025-07-27 01:03:41 - AutoML.ModelFactory - INFO - Creating resnet18 (pretrained=True, dropout=0.22007624686980065)
2025-07-27 01:03:41 - AutoML - INFO -  Starting: resnet18 creation
2025-07-27 01:03:41 - AutoML.ModelFactory - INFO - resnet18 created successfully:
2025-07-27 01:03:41 - AutoML.ModelFactory - INFO -   Parameters: 11,173,831
2025-07-27 01:03:41 - AutoML.ModelFactory - INFO -   Trainable: 11,173,831
2025-07-27 01:03:41 - AutoML.ModelFactory - INFO -   Model size: 42.62 MB
2025-07-27 01:03:41 - AutoML - INFO -  resnet18 creation completed in 0.32 seconds
2025-07-27 01:03:52 - AutoML.Trainer - INFO - Class distribution: {3: 180, 5: 79, 0: 83, 2: 84, 6: 108, 4: 99, 1: 7}
2025-07-27 01:03:52 - AutoML.Trainer - INFO - Class weights: [1.1015490533562822, 13.061224489795919, 1.08843537414966, 0.5079365079365079, 0.9235209235209235, 1.1573236889692586, 0.8465608465608465]
2025-07-27 01:06:22 - AutoML.ComparativeEarlyStopping - INFO - Early stopping evaluation for resnet18:
2025-07-27 01:06:22 - AutoML.ComparativeEarlyStopping - INFO -   Decision scores: {'statistical_significance': 0.0, 'performance_gap': 0.0, 'learning_trend': 0.2, 'resource_efficiency': 0.0}
2025-07-27 01:06:22 - AutoML.ComparativeEarlyStopping - INFO -   Final score: 0.050
2025-07-27 01:06:22 - AutoML.ComparativeEarlyStopping - INFO -   Decision: CONTINUE
2025-07-27 01:06:22 - AutoML.Trainer - INFO - Epoch 5/38 - Train Acc: 0.3292, Val Acc: 0.3814, Val Loss: 1.6533, Time: 30.7s
2025-07-27 01:06:52 - AutoML.ComparativeEarlyStopping - INFO - Early stopping evaluation for resnet18:
2025-07-27 01:06:52 - AutoML.ComparativeEarlyStopping - INFO -   Decision scores: {'statistical_significance': 0.0, 'performance_gap': 0.0, 'learning_trend': 0.2, 'resource_efficiency': 0.0}
2025-07-27 01:06:52 - AutoML.ComparativeEarlyStopping - INFO -   Final score: 0.050
2025-07-27 01:06:52 - AutoML.ComparativeEarlyStopping - INFO -   Decision: CONTINUE
2025-07-27 01:07:21 - AutoML.ComparativeEarlyStopping - INFO - Early stopping evaluation for resnet18:
2025-07-27 01:07:21 - AutoML.ComparativeEarlyStopping - INFO -   Decision scores: {'statistical_significance': 0.0, 'performance_gap': 0.0, 'learning_trend': 0.2, 'resource_efficiency': 0.0}
2025-07-27 01:07:21 - AutoML.ComparativeEarlyStopping - INFO -   Final score: 0.050
2025-07-27 01:07:21 - AutoML.ComparativeEarlyStopping - INFO -   Decision: CONTINUE
2025-07-27 01:07:50 - AutoML.ComparativeEarlyStopping - INFO - Early stopping evaluation for resnet18:
2025-07-27 01:07:50 - AutoML.ComparativeEarlyStopping - INFO -   Decision scores: {'statistical_significance': 0.0, 'performance_gap': 0.0, 'learning_trend': 0.2, 'resource_efficiency': 0.0}
2025-07-27 01:07:50 - AutoML.ComparativeEarlyStopping - INFO -   Final score: 0.050
2025-07-27 01:07:50 - AutoML.ComparativeEarlyStopping - INFO -   Decision: CONTINUE
2025-07-27 01:08:19 - AutoML.ComparativeEarlyStopping - INFO - Early stopping evaluation for resnet18:
2025-07-27 01:08:19 - AutoML.ComparativeEarlyStopping - INFO -   Decision scores: {'statistical_significance': 0.0, 'performance_gap': 0.0, 'learning_trend': 0.2, 'resource_efficiency': 0.0}
2025-07-27 01:08:19 - AutoML.ComparativeEarlyStopping - INFO -   Final score: 0.050
2025-07-27 01:08:19 - AutoML.ComparativeEarlyStopping - INFO -   Decision: CONTINUE
2025-07-27 01:08:50 - AutoML.ComparativeEarlyStopping - INFO - Early stopping evaluation for resnet18:
2025-07-27 01:08:50 - AutoML.ComparativeEarlyStopping - INFO -   Decision scores: {'statistical_significance': 0.0, 'performance_gap': 0.0, 'learning_trend': 0.2, 'resource_efficiency': 0.0}
2025-07-27 01:08:50 - AutoML.ComparativeEarlyStopping - INFO -   Final score: 0.050
2025-07-27 01:08:50 - AutoML.ComparativeEarlyStopping - INFO -   Decision: CONTINUE
2025-07-27 01:08:50 - AutoML.Trainer - INFO - Epoch 10/38 - Train Acc: 0.3763, Val Acc: 0.3804, Val Loss: 1.6208, Time: 30.3s
2025-07-27 01:09:21 - AutoML.ComparativeEarlyStopping - INFO - Early stopping evaluation for resnet18:
2025-07-27 01:09:21 - AutoML.ComparativeEarlyStopping - INFO -   Decision scores: {'statistical_significance': 0.0, 'performance_gap': 0.0, 'learning_trend': 0.2, 'resource_efficiency': 0.0}
2025-07-27 01:09:21 - AutoML.ComparativeEarlyStopping - INFO -   Final score: 0.050
2025-07-27 01:09:21 - AutoML.ComparativeEarlyStopping - INFO -   Decision: CONTINUE
2025-07-27 01:09:52 - AutoML.ComparativeEarlyStopping - INFO - Early stopping evaluation for resnet18:
2025-07-27 01:09:52 - AutoML.ComparativeEarlyStopping - INFO -   Decision scores: {'statistical_significance': 0.0, 'performance_gap': 0.0, 'learning_trend': 0.2, 'resource_efficiency': 0.0}
2025-07-27 01:09:52 - AutoML.ComparativeEarlyStopping - INFO -   Final score: 0.050
2025-07-27 01:09:52 - AutoML.ComparativeEarlyStopping - INFO -   Decision: CONTINUE
2025-07-27 01:10:23 - AutoML.ComparativeEarlyStopping - INFO - Early stopping evaluation for resnet18:
2025-07-27 01:10:23 - AutoML.ComparativeEarlyStopping - INFO -   Decision scores: {'statistical_significance': 0.0, 'performance_gap': 0.0, 'learning_trend': 0.2, 'resource_efficiency': 0.0}
2025-07-27 01:10:23 - AutoML.ComparativeEarlyStopping - INFO -   Final score: 0.050
2025-07-27 01:10:23 - AutoML.ComparativeEarlyStopping - INFO -   Decision: CONTINUE
2025-07-27 01:10:52 - AutoML.ComparativeEarlyStopping - INFO - Early stopping evaluation for resnet18:
2025-07-27 01:10:52 - AutoML.ComparativeEarlyStopping - INFO -   Decision scores: {'statistical_significance': 0.0, 'performance_gap': 0.0, 'learning_trend': 0.2, 'resource_efficiency': 0.0}
2025-07-27 01:10:52 - AutoML.ComparativeEarlyStopping - INFO -   Final score: 0.050
2025-07-27 01:10:52 - AutoML.ComparativeEarlyStopping - INFO -   Decision: CONTINUE
2025-07-27 01:11:21 - AutoML.ComparativeEarlyStopping - INFO - Early stopping evaluation for resnet18:
2025-07-27 01:11:21 - AutoML.ComparativeEarlyStopping - INFO -   Decision scores: {'statistical_significance': 0.0, 'performance_gap': 0.0, 'learning_trend': 0.2, 'resource_efficiency': 0.0}
2025-07-27 01:11:21 - AutoML.ComparativeEarlyStopping - INFO -   Final score: 0.050
2025-07-27 01:11:21 - AutoML.ComparativeEarlyStopping - INFO -   Decision: CONTINUE
2025-07-27 01:11:21 - AutoML.Trainer - INFO - Epoch 15/38 - Train Acc: 0.4583, Val Acc: 0.4659, Val Loss: 1.3884, Time: 29.1s
2025-07-27 01:11:50 - AutoML.ComparativeEarlyStopping - INFO - Early stopping evaluation for resnet18:
2025-07-27 01:11:50 - AutoML.ComparativeEarlyStopping - INFO -   Decision scores: {'statistical_significance': 0.0, 'performance_gap': 0.0, 'learning_trend': 0.2, 'resource_efficiency': 0.0}
2025-07-27 01:11:50 - AutoML.ComparativeEarlyStopping - INFO -   Final score: 0.050
2025-07-27 01:11:50 - AutoML.ComparativeEarlyStopping - INFO -   Decision: CONTINUE
2025-07-27 01:12:20 - AutoML.ComparativeEarlyStopping - INFO - Early stopping evaluation for resnet18:
2025-07-27 01:12:20 - AutoML.ComparativeEarlyStopping - INFO -   Decision scores: {'statistical_significance': 0.0, 'performance_gap': 0.0, 'learning_trend': 0.2, 'resource_efficiency': 0.0}
2025-07-27 01:12:20 - AutoML.ComparativeEarlyStopping - INFO -   Final score: 0.050
2025-07-27 01:12:20 - AutoML.ComparativeEarlyStopping - INFO -   Decision: CONTINUE
2025-07-27 01:12:50 - AutoML.ComparativeEarlyStopping - INFO - Early stopping evaluation for resnet18:
2025-07-27 01:12:50 - AutoML.ComparativeEarlyStopping - INFO -   Decision scores: {'statistical_significance': 0.0, 'performance_gap': 0.0, 'learning_trend': 0.2, 'resource_efficiency': 0.0}
2025-07-27 01:12:50 - AutoML.ComparativeEarlyStopping - INFO -   Final score: 0.050
2025-07-27 01:12:50 - AutoML.ComparativeEarlyStopping - INFO -   Decision: CONTINUE
2025-07-27 01:13:19 - AutoML.ComparativeEarlyStopping - INFO - Early stopping evaluation for resnet18:
2025-07-27 01:13:19 - AutoML.ComparativeEarlyStopping - INFO -   Decision scores: {'statistical_significance': 0.0, 'performance_gap': 0.0, 'learning_trend': 0.2, 'resource_efficiency': 0.0}
2025-07-27 01:13:19 - AutoML.ComparativeEarlyStopping - INFO -   Final score: 0.050
2025-07-27 01:13:19 - AutoML.ComparativeEarlyStopping - INFO -   Decision: CONTINUE
2025-07-27 01:13:49 - AutoML.ComparativeEarlyStopping - INFO - Early stopping evaluation for resnet18:
2025-07-27 01:13:49 - AutoML.ComparativeEarlyStopping - INFO -   Decision scores: {'statistical_significance': 0.0, 'performance_gap': 0.0, 'learning_trend': 0.2, 'resource_efficiency': 0.0}
2025-07-27 01:13:49 - AutoML.ComparativeEarlyStopping - INFO -   Final score: 0.050
2025-07-27 01:13:49 - AutoML.ComparativeEarlyStopping - INFO -   Decision: CONTINUE
2025-07-27 01:13:49 - AutoML.Trainer - INFO - Epoch 20/38 - Train Acc: 0.4832, Val Acc: 0.4828, Val Loss: 1.3781, Time: 29.5s
2025-07-27 01:14:18 - AutoML.ComparativeEarlyStopping - INFO - Early stopping evaluation for resnet18:
2025-07-27 01:14:18 - AutoML.ComparativeEarlyStopping - INFO -   Decision scores: {'statistical_significance': 0.0, 'performance_gap': 0.0, 'learning_trend': 0.2, 'resource_efficiency': 0.0}
2025-07-27 01:14:18 - AutoML.ComparativeEarlyStopping - INFO -   Final score: 0.050
2025-07-27 01:14:18 - AutoML.ComparativeEarlyStopping - INFO -   Decision: CONTINUE
2025-07-27 01:14:48 - AutoML.ComparativeEarlyStopping - INFO - Early stopping evaluation for resnet18:
2025-07-27 01:14:48 - AutoML.ComparativeEarlyStopping - INFO -   Decision scores: {'statistical_significance': 0.0, 'performance_gap': 0.0, 'learning_trend': 0.2, 'resource_efficiency': 0.0}
2025-07-27 01:14:48 - AutoML.ComparativeEarlyStopping - INFO -   Final score: 0.050
2025-07-27 01:14:48 - AutoML.ComparativeEarlyStopping - INFO -   Decision: CONTINUE
2025-07-27 01:15:16 - AutoML.ComparativeEarlyStopping - INFO - Early stopping evaluation for resnet18:
2025-07-27 01:15:16 - AutoML.ComparativeEarlyStopping - INFO -   Decision scores: {'statistical_significance': 0.0, 'performance_gap': 0.0, 'learning_trend': 0.2, 'resource_efficiency': 0.0}
2025-07-27 01:15:16 - AutoML.ComparativeEarlyStopping - INFO -   Final score: 0.050
2025-07-27 01:15:16 - AutoML.ComparativeEarlyStopping - INFO -   Decision: CONTINUE
2025-07-27 01:15:44 - AutoML.ComparativeEarlyStopping - INFO - Early stopping evaluation for resnet18:
2025-07-27 01:15:44 - AutoML.ComparativeEarlyStopping - INFO -   Decision scores: {'statistical_significance': 0.0, 'performance_gap': 0.0, 'learning_trend': 0.2, 'resource_efficiency': 0.0}
2025-07-27 01:15:44 - AutoML.ComparativeEarlyStopping - INFO -   Final score: 0.050
2025-07-27 01:15:44 - AutoML.ComparativeEarlyStopping - INFO -   Decision: CONTINUE
2025-07-27 01:16:13 - AutoML.ComparativeEarlyStopping - INFO - Early stopping evaluation for resnet18:
2025-07-27 01:16:13 - AutoML.ComparativeEarlyStopping - INFO -   Decision scores: {'statistical_significance': 0.0, 'performance_gap': 0.0, 'learning_trend': 0.2, 'resource_efficiency': 0.0}
2025-07-27 01:16:13 - AutoML.ComparativeEarlyStopping - INFO -   Final score: 0.050
2025-07-27 01:16:13 - AutoML.ComparativeEarlyStopping - INFO -   Decision: CONTINUE
2025-07-27 01:16:13 - AutoML.Trainer - INFO - Epoch 25/38 - Train Acc: 0.4985, Val Acc: 0.4972, Val Loss: 1.3335, Time: 28.7s
2025-07-27 01:16:41 - AutoML.ComparativeEarlyStopping - INFO - Early stopping evaluation for resnet18:
2025-07-27 01:16:41 - AutoML.ComparativeEarlyStopping - INFO -   Decision scores: {'statistical_significance': 0.0, 'performance_gap': 0.0, 'learning_trend': 0.2, 'resource_efficiency': 0.0}
2025-07-27 01:16:41 - AutoML.ComparativeEarlyStopping - INFO -   Final score: 0.050
2025-07-27 01:16:41 - AutoML.ComparativeEarlyStopping - INFO -   Decision: CONTINUE
2025-07-27 01:17:10 - AutoML.ComparativeEarlyStopping - INFO - Early stopping evaluation for resnet18:
2025-07-27 01:17:10 - AutoML.ComparativeEarlyStopping - INFO -   Decision scores: {'statistical_significance': 0.0, 'performance_gap': 0.0, 'learning_trend': 0.2, 'resource_efficiency': 0.0}
2025-07-27 01:17:10 - AutoML.ComparativeEarlyStopping - INFO -   Final score: 0.050
2025-07-27 01:17:10 - AutoML.ComparativeEarlyStopping - INFO -   Decision: CONTINUE
2025-07-27 01:17:40 - AutoML.ComparativeEarlyStopping - INFO - Early stopping evaluation for resnet18:
2025-07-27 01:17:40 - AutoML.ComparativeEarlyStopping - INFO -   Decision scores: {'statistical_significance': 0.0, 'performance_gap': 0.0, 'learning_trend': 0.2, 'resource_efficiency': 0.0}
2025-07-27 01:17:40 - AutoML.ComparativeEarlyStopping - INFO -   Final score: 0.050
2025-07-27 01:17:40 - AutoML.ComparativeEarlyStopping - INFO -   Decision: CONTINUE
2025-07-27 01:18:08 - AutoML.ComparativeEarlyStopping - INFO - Early stopping evaluation for resnet18:
2025-07-27 01:18:08 - AutoML.ComparativeEarlyStopping - INFO -   Decision scores: {'statistical_significance': 0.0, 'performance_gap': 0.0, 'learning_trend': 0.0, 'resource_efficiency': 0.0}
2025-07-27 01:18:08 - AutoML.ComparativeEarlyStopping - INFO -   Final score: 0.000
2025-07-27 01:18:08 - AutoML.ComparativeEarlyStopping - INFO -   Decision: CONTINUE
2025-07-27 01:18:38 - AutoML.ComparativeEarlyStopping - INFO - Early stopping evaluation for resnet18:
2025-07-27 01:18:38 - AutoML.ComparativeEarlyStopping - INFO -   Decision scores: {'statistical_significance': 0.0, 'performance_gap': 0.0, 'learning_trend': 0.0, 'resource_efficiency': 0.0}
2025-07-27 01:18:38 - AutoML.ComparativeEarlyStopping - INFO -   Final score: 0.000
2025-07-27 01:18:38 - AutoML.ComparativeEarlyStopping - INFO -   Decision: CONTINUE
2025-07-27 01:18:38 - AutoML.Trainer - INFO - Epoch 30/38 - Train Acc: 0.5009, Val Acc: 0.5051, Val Loss: 1.3283, Time: 29.5s
2025-07-27 01:19:06 - AutoML.ComparativeEarlyStopping - INFO - Early stopping evaluation for resnet18:
2025-07-27 01:19:06 - AutoML.ComparativeEarlyStopping - INFO -   Decision scores: {'statistical_significance': 0.0, 'performance_gap': 0.0, 'learning_trend': 0.0, 'resource_efficiency': 0.0}
2025-07-27 01:19:06 - AutoML.ComparativeEarlyStopping - INFO -   Final score: 0.000
2025-07-27 01:19:06 - AutoML.ComparativeEarlyStopping - INFO -   Decision: CONTINUE
2025-07-27 01:19:36 - AutoML.ComparativeEarlyStopping - INFO - Early stopping evaluation for resnet18:
2025-07-27 01:19:36 - AutoML.ComparativeEarlyStopping - INFO -   Decision scores: {'statistical_significance': 0.0, 'performance_gap': 0.0, 'learning_trend': 0.0, 'resource_efficiency': 0.0}
2025-07-27 01:19:36 - AutoML.ComparativeEarlyStopping - INFO -   Final score: 0.000
2025-07-27 01:19:36 - AutoML.ComparativeEarlyStopping - INFO -   Decision: CONTINUE
2025-07-27 01:20:05 - AutoML.ComparativeEarlyStopping - INFO - Early stopping evaluation for resnet18:
2025-07-27 01:20:05 - AutoML.ComparativeEarlyStopping - INFO -   Decision scores: {'statistical_significance': 0.0, 'performance_gap': 0.0, 'learning_trend': 0.0, 'resource_efficiency': 0.0}
2025-07-27 01:20:05 - AutoML.ComparativeEarlyStopping - INFO -   Final score: 0.000
2025-07-27 01:20:05 - AutoML.ComparativeEarlyStopping - INFO -   Decision: CONTINUE
2025-07-27 01:20:33 - AutoML.ComparativeEarlyStopping - INFO - Early stopping evaluation for resnet18:
2025-07-27 01:20:33 - AutoML.ComparativeEarlyStopping - INFO -   Decision scores: {'statistical_significance': 0.0, 'performance_gap': 0.0, 'learning_trend': 0.0, 'resource_efficiency': 0.0}
2025-07-27 01:20:33 - AutoML.ComparativeEarlyStopping - INFO -   Final score: 0.000
2025-07-27 01:20:33 - AutoML.ComparativeEarlyStopping - INFO -   Decision: CONTINUE
2025-07-27 01:21:02 - AutoML.ComparativeEarlyStopping - INFO - Early stopping evaluation for resnet18:
2025-07-27 01:21:02 - AutoML.ComparativeEarlyStopping - INFO -   Decision scores: {'statistical_significance': 0.0, 'performance_gap': 0.0, 'learning_trend': 0.0, 'resource_efficiency': 0.0}
2025-07-27 01:21:02 - AutoML.ComparativeEarlyStopping - INFO -   Final score: 0.000
2025-07-27 01:21:02 - AutoML.ComparativeEarlyStopping - INFO -   Decision: CONTINUE
2025-07-27 01:21:02 - AutoML.Trainer - INFO - Epoch 35/38 - Train Acc: 0.5033, Val Acc: 0.5005, Val Loss: 1.3308, Time: 28.8s
2025-07-27 01:21:30 - AutoML.ComparativeEarlyStopping - INFO - Early stopping evaluation for resnet18:
2025-07-27 01:21:30 - AutoML.ComparativeEarlyStopping - INFO -   Decision scores: {'statistical_significance': 0.0, 'performance_gap': 0.0, 'learning_trend': 0.0, 'resource_efficiency': 0.0}
2025-07-27 01:21:30 - AutoML.ComparativeEarlyStopping - INFO -   Final score: 0.000
2025-07-27 01:21:30 - AutoML.ComparativeEarlyStopping - INFO -   Decision: CONTINUE
2025-07-27 01:21:59 - AutoML.ComparativeEarlyStopping - INFO - Early stopping evaluation for resnet18:
2025-07-27 01:21:59 - AutoML.ComparativeEarlyStopping - INFO -   Decision scores: {'statistical_significance': 0.0, 'performance_gap': 0.0, 'learning_trend': 0.0, 'resource_efficiency': 0.0}
2025-07-27 01:21:59 - AutoML.ComparativeEarlyStopping - INFO -   Final score: 0.000
2025-07-27 01:21:59 - AutoML.ComparativeEarlyStopping - INFO -   Decision: CONTINUE
2025-07-27 01:22:27 - AutoML.ComparativeEarlyStopping - INFO - Early stopping evaluation for resnet18:
2025-07-27 01:22:27 - AutoML.ComparativeEarlyStopping - INFO -   Decision scores: {'statistical_significance': 0.0, 'performance_gap': 0.0, 'learning_trend': 0.5, 'resource_efficiency': 0.0}
2025-07-27 01:22:27 - AutoML.ComparativeEarlyStopping - INFO -   Final score: 0.125
2025-07-27 01:22:27 - AutoML.ComparativeEarlyStopping - INFO -   Decision: CONTINUE
2025-07-27 01:22:27 - AutoML.Trainer - INFO - Epoch 38/38 - Train Acc: 0.5054, Val Acc: 0.4979, Val Loss: 1.3276, Time: 28.6s
2025-07-27 01:22:27 - AutoML.Trainer - INFO - Training completed for resnet18
2025-07-27 01:22:27 - AutoML.Trainer - INFO - Best validation accuracy: 0.5051
2025-07-27 01:22:27 - AutoML.Trainer - INFO - Total training time: 1115.6s
2025-07-27 01:22:27 - AutoML.Trainer - INFO - Average epoch time: 29.4s
2025-07-27 01:22:27 - AutoML.Trainer - INFO - Evaluating hyperparameters for resnet18: {'learning_rate': 0.0021137059440645744, 'optimizer': 'adam', 'weight_decay': 3.585612610345396e-05, 'batch_size': 32, 'dropout_rate': 0.29894998940554257, 'pretrained': True, 'lr_scheduler': 'cosine', 'max_epochs': 16, 'momentum': 0.8487995496144897}
2025-07-27 01:22:27 - AutoML.ModelFactory - INFO - Creating resnet18 (pretrained=True, dropout=0.29894998940554257)
2025-07-27 01:22:27 - AutoML - INFO -  Starting: resnet18 creation
2025-07-27 01:22:28 - AutoML.ModelFactory - INFO - resnet18 created successfully:
2025-07-27 01:22:28 - AutoML.ModelFactory - INFO -   Parameters: 11,173,831
2025-07-27 01:22:28 - AutoML.ModelFactory - INFO -   Trainable: 11,173,831
2025-07-27 01:22:28 - AutoML.ModelFactory - INFO -   Model size: 42.62 MB
2025-07-27 01:22:28 - AutoML - INFO -  resnet18 creation completed in 0.78 seconds
2025-07-27 01:22:38 - AutoML.Trainer - INFO - Class distribution: {4: 111, 0: 104, 5: 74, 6: 103, 3: 158, 2: 76, 1: 14}
2025-07-27 01:22:38 - AutoML.Trainer - INFO - Class weights: [0.8791208791208791, 6.530612244897959, 1.2030075187969924, 0.5786618444846293, 0.8236808236808236, 1.2355212355212355, 0.8876560332871013]
2025-07-27 01:25:08 - AutoML.ComparativeEarlyStopping - INFO - Early stopping evaluation for resnet18:
2025-07-27 01:25:08 - AutoML.ComparativeEarlyStopping - INFO -   Decision scores: {'statistical_significance': 0.0, 'performance_gap': 0.0, 'learning_trend': 0.5, 'resource_efficiency': 0.0}
2025-07-27 01:25:08 - AutoML.ComparativeEarlyStopping - INFO -   Final score: 0.125
2025-07-27 01:25:08 - AutoML.ComparativeEarlyStopping - INFO -   Decision: CONTINUE
2025-07-27 01:25:08 - AutoML.Trainer - INFO - Epoch 5/16 - Train Acc: 0.5663, Val Acc: 0.5817, Val Loss: 1.1789, Time: 29.1s
2025-07-27 01:25:43 - AutoML.ComparativeEarlyStopping - INFO - Early stopping evaluation for resnet18:
2025-07-27 01:25:43 - AutoML.ComparativeEarlyStopping - INFO -   Decision scores: {'statistical_significance': 0.0, 'performance_gap': 0.0, 'learning_trend': 0.5, 'resource_efficiency': 0.0}
2025-07-27 01:25:43 - AutoML.ComparativeEarlyStopping - INFO -   Final score: 0.125
2025-07-27 01:25:43 - AutoML.ComparativeEarlyStopping - INFO -   Decision: CONTINUE
2025-07-27 01:26:12 - AutoML.ComparativeEarlyStopping - INFO - Early stopping evaluation for resnet18:
2025-07-27 01:26:12 - AutoML.ComparativeEarlyStopping - INFO -   Decision scores: {'statistical_significance': 0.0, 'performance_gap': 0.0, 'learning_trend': 0.5, 'resource_efficiency': 0.0}
2025-07-27 01:26:12 - AutoML.ComparativeEarlyStopping - INFO -   Final score: 0.125
2025-07-27 01:26:12 - AutoML.ComparativeEarlyStopping - INFO -   Decision: CONTINUE
2025-07-27 01:26:41 - AutoML.ComparativeEarlyStopping - INFO - Early stopping evaluation for resnet18:
2025-07-27 01:26:41 - AutoML.ComparativeEarlyStopping - INFO -   Decision scores: {'statistical_significance': 0.0, 'performance_gap': 0.0, 'learning_trend': 0.5, 'resource_efficiency': 0.0}
2025-07-27 01:26:41 - AutoML.ComparativeEarlyStopping - INFO -   Final score: 0.125
2025-07-27 01:26:41 - AutoML.ComparativeEarlyStopping - INFO -   Decision: CONTINUE
2025-07-27 01:27:12 - AutoML.ComparativeEarlyStopping - INFO - Early stopping evaluation for resnet18:
2025-07-27 01:27:12 - AutoML.ComparativeEarlyStopping - INFO -   Decision scores: {'statistical_significance': 0.0, 'performance_gap': 0.0, 'learning_trend': 0.5, 'resource_efficiency': 0.0}
2025-07-27 01:27:12 - AutoML.ComparativeEarlyStopping - INFO -   Final score: 0.125
2025-07-27 01:27:12 - AutoML.ComparativeEarlyStopping - INFO -   Decision: CONTINUE
2025-07-27 01:27:49 - AutoML.ComparativeEarlyStopping - INFO - Early stopping evaluation for resnet18:
2025-07-27 01:27:49 - AutoML.ComparativeEarlyStopping - INFO -   Decision scores: {'statistical_significance': 0.0, 'performance_gap': 0.0, 'learning_trend': 0.0, 'resource_efficiency': 0.0}
2025-07-27 01:27:49 - AutoML.ComparativeEarlyStopping - INFO -   Final score: 0.000
2025-07-27 01:27:49 - AutoML.ComparativeEarlyStopping - INFO -   Decision: CONTINUE
2025-07-27 01:27:49 - AutoML.Trainer - INFO - Epoch 10/16 - Train Acc: 0.6641, Val Acc: 0.6172, Val Loss: 1.0970, Time: 36.4s
2025-07-27 01:28:24 - AutoML.ComparativeEarlyStopping - INFO - Early stopping evaluation for resnet18:
2025-07-27 01:28:24 - AutoML.ComparativeEarlyStopping - INFO -   Decision scores: {'statistical_significance': 0.0, 'performance_gap': 0.0, 'learning_trend': 0.0, 'resource_efficiency': 0.0}
2025-07-27 01:28:24 - AutoML.ComparativeEarlyStopping - INFO -   Final score: 0.000
2025-07-27 01:28:24 - AutoML.ComparativeEarlyStopping - INFO -   Decision: CONTINUE
2025-07-27 01:29:00 - AutoML.ComparativeEarlyStopping - INFO - Early stopping evaluation for resnet18:
2025-07-27 01:29:00 - AutoML.ComparativeEarlyStopping - INFO -   Decision scores: {'statistical_significance': 0.0, 'performance_gap': 0.0, 'learning_trend': 0.0, 'resource_efficiency': 0.0}
2025-07-27 01:29:00 - AutoML.ComparativeEarlyStopping - INFO -   Final score: 0.000
2025-07-27 01:29:00 - AutoML.ComparativeEarlyStopping - INFO -   Decision: CONTINUE
2025-07-27 01:29:36 - AutoML.ComparativeEarlyStopping - INFO - Early stopping evaluation for resnet18:
2025-07-27 01:29:36 - AutoML.ComparativeEarlyStopping - INFO -   Decision scores: {'statistical_significance': 0.0, 'performance_gap': 0.0, 'learning_trend': 0.0, 'resource_efficiency': 0.0}
2025-07-27 01:29:36 - AutoML.ComparativeEarlyStopping - INFO -   Final score: 0.000
2025-07-27 01:29:36 - AutoML.ComparativeEarlyStopping - INFO -   Decision: CONTINUE
2025-07-27 01:30:12 - AutoML.ComparativeEarlyStopping - INFO - Early stopping evaluation for resnet18:
2025-07-27 01:30:12 - AutoML.ComparativeEarlyStopping - INFO -   Decision scores: {'statistical_significance': 0.0, 'performance_gap': 0.0, 'learning_trend': 0.0, 'resource_efficiency': 0.0}
2025-07-27 01:30:12 - AutoML.ComparativeEarlyStopping - INFO -   Final score: 0.000
2025-07-27 01:30:12 - AutoML.ComparativeEarlyStopping - INFO -   Decision: CONTINUE
2025-07-27 01:30:47 - AutoML.ComparativeEarlyStopping - INFO - Early stopping evaluation for resnet18:
2025-07-27 01:30:47 - AutoML.ComparativeEarlyStopping - INFO -   Decision scores: {'statistical_significance': 0.0, 'performance_gap': 0.0, 'learning_trend': 0.0, 'resource_efficiency': 0.0}
2025-07-27 01:30:47 - AutoML.ComparativeEarlyStopping - INFO -   Final score: 0.000
2025-07-27 01:30:47 - AutoML.ComparativeEarlyStopping - INFO -   Decision: CONTINUE
2025-07-27 01:30:47 - AutoML.Trainer - INFO - Epoch 15/16 - Train Acc: 0.7828, Val Acc: 0.6388, Val Loss: 1.2275, Time: 34.9s
2025-07-27 01:31:23 - AutoML.ComparativeEarlyStopping - INFO - Early stopping evaluation for resnet18:
2025-07-27 01:31:23 - AutoML.ComparativeEarlyStopping - INFO -   Decision scores: {'statistical_significance': 0.0, 'performance_gap': 0.0, 'learning_trend': 0.0, 'resource_efficiency': 0.0}
2025-07-27 01:31:23 - AutoML.ComparativeEarlyStopping - INFO -   Final score: 0.000
2025-07-27 01:31:23 - AutoML.ComparativeEarlyStopping - INFO -   Decision: CONTINUE
2025-07-27 01:31:23 - AutoML.Trainer - INFO - Epoch 16/16 - Train Acc: 0.7917, Val Acc: 0.6381, Val Loss: 1.2389, Time: 35.4s
2025-07-27 01:31:23 - AutoML.Trainer - INFO - Training completed for resnet18
2025-07-27 01:31:23 - AutoML.Trainer - INFO - Best validation accuracy: 0.6409
2025-07-27 01:31:23 - AutoML.Trainer - INFO - Total training time: 524.5s
2025-07-27 01:31:23 - AutoML.Trainer - INFO - Average epoch time: 32.8s
2025-07-27 01:31:23 - AutoML.Trainer - INFO - Evaluating hyperparameters for resnet18: {'learning_rate': 0.0005989003672254305, 'optimizer': 'adamw', 'weight_decay': 6.963114377829287e-05, 'batch_size': 128, 'dropout_rate': 0.49344346830025865, 'pretrained': True, 'lr_scheduler': 'cosine', 'max_epochs': 36, 'momentum': 0.9060286015771426}
2025-07-27 01:31:23 - AutoML.ModelFactory - INFO - Creating resnet18 (pretrained=True, dropout=0.49344346830025865)
2025-07-27 01:31:23 - AutoML - INFO -  Starting: resnet18 creation
2025-07-27 01:31:23 - AutoML.ModelFactory - INFO - resnet18 created successfully:
2025-07-27 01:31:23 - AutoML.ModelFactory - INFO -   Parameters: 11,173,831
2025-07-27 01:31:23 - AutoML.ModelFactory - INFO -   Trainable: 11,173,831
2025-07-27 01:31:23 - AutoML.ModelFactory - INFO -   Model size: 42.62 MB
2025-07-27 01:31:23 - AutoML - INFO -  resnet18 creation completed in 0.50 seconds
2025-07-27 01:31:34 - AutoML.Trainer - INFO - Class distribution: {5: 61, 1: 14, 3: 160, 4: 126, 6: 111, 2: 97, 0: 71}
2025-07-27 01:31:34 - AutoML.Trainer - INFO - Class weights: [1.2877263581488934, 6.530612244897959, 0.9425625920471281, 0.5714285714285714, 0.7256235827664399, 1.4988290398126465, 0.8236808236808236]
2025-07-27 01:34:41 - AutoML.ComparativeEarlyStopping - INFO - Early stopping evaluation for resnet18:
2025-07-27 01:34:41 - AutoML.ComparativeEarlyStopping - INFO -   Decision scores: {'statistical_significance': 0.0, 'performance_gap': 0.0, 'learning_trend': 0.0, 'resource_efficiency': 0.0}
2025-07-27 01:34:41 - AutoML.ComparativeEarlyStopping - INFO -   Final score: 0.000
2025-07-27 01:34:41 - AutoML.ComparativeEarlyStopping - INFO -   Decision: CONTINUE
2025-07-27 01:34:41 - AutoML.Trainer - INFO - Epoch 5/36 - Train Acc: 0.5371, Val Acc: 0.5453, Val Loss: 1.1784, Time: 40.6s
2025-07-27 01:35:16 - AutoML.ComparativeEarlyStopping - INFO - Early stopping evaluation for resnet18:
2025-07-27 01:35:16 - AutoML.ComparativeEarlyStopping - INFO -   Decision scores: {'statistical_significance': 0.0, 'performance_gap': 0.0, 'learning_trend': 0.0, 'resource_efficiency': 0.0}
2025-07-27 01:35:16 - AutoML.ComparativeEarlyStopping - INFO -   Final score: 0.000
2025-07-27 01:35:16 - AutoML.ComparativeEarlyStopping - INFO -   Decision: CONTINUE
2025-07-27 01:35:52 - AutoML.ComparativeEarlyStopping - INFO - Early stopping evaluation for resnet18:
2025-07-27 01:35:52 - AutoML.ComparativeEarlyStopping - INFO -   Decision scores: {'statistical_significance': 0.0, 'performance_gap': 0.0, 'learning_trend': 0.0, 'resource_efficiency': 0.0}
2025-07-27 01:35:52 - AutoML.ComparativeEarlyStopping - INFO -   Final score: 0.000
2025-07-27 01:35:52 - AutoML.ComparativeEarlyStopping - INFO -   Decision: CONTINUE
2025-07-27 01:36:29 - AutoML.ComparativeEarlyStopping - INFO - Early stopping evaluation for resnet18:
2025-07-27 01:36:29 - AutoML.ComparativeEarlyStopping - INFO -   Decision scores: {'statistical_significance': 0.0, 'performance_gap': 0.0, 'learning_trend': 0.0, 'resource_efficiency': 0.0}
2025-07-27 01:36:29 - AutoML.ComparativeEarlyStopping - INFO -   Final score: 0.000
2025-07-27 01:36:29 - AutoML.ComparativeEarlyStopping - INFO -   Decision: CONTINUE
2025-07-27 01:37:06 - AutoML.ComparativeEarlyStopping - INFO - Early stopping evaluation for resnet18:
2025-07-27 01:37:06 - AutoML.ComparativeEarlyStopping - INFO -   Decision scores: {'statistical_significance': 0.0, 'performance_gap': 0.0, 'learning_trend': 0.0, 'resource_efficiency': 0.0}
2025-07-27 01:37:06 - AutoML.ComparativeEarlyStopping - INFO -   Final score: 0.000
2025-07-27 01:37:06 - AutoML.ComparativeEarlyStopping - INFO -   Decision: CONTINUE
2025-07-27 01:37:41 - AutoML.ComparativeEarlyStopping - INFO - Early stopping evaluation for resnet18:
2025-07-27 01:37:41 - AutoML.ComparativeEarlyStopping - INFO -   Decision scores: {'statistical_significance': 0.0, 'performance_gap': 0.0, 'learning_trend': 0.0, 'resource_efficiency': 0.0}
2025-07-27 01:37:41 - AutoML.ComparativeEarlyStopping - INFO -   Final score: 0.000
2025-07-27 01:37:41 - AutoML.ComparativeEarlyStopping - INFO -   Decision: CONTINUE
2025-07-27 01:37:41 - AutoML.Trainer - INFO - Epoch 10/36 - Train Acc: 0.6299, Val Acc: 0.5859, Val Loss: 1.1453, Time: 35.1s
2025-07-27 01:38:15 - AutoML.ComparativeEarlyStopping - INFO - Early stopping evaluation for resnet18:
2025-07-27 01:38:15 - AutoML.ComparativeEarlyStopping - INFO -   Decision scores: {'statistical_significance': 0.0, 'performance_gap': 0.0, 'learning_trend': 0.0, 'resource_efficiency': 0.0}
2025-07-27 01:38:15 - AutoML.ComparativeEarlyStopping - INFO -   Final score: 0.000
2025-07-27 01:38:15 - AutoML.ComparativeEarlyStopping - INFO -   Decision: CONTINUE
2025-07-27 01:38:43 - AutoML.ComparativeEarlyStopping - INFO - Early stopping evaluation for resnet18:
2025-07-27 01:38:43 - AutoML.ComparativeEarlyStopping - INFO -   Decision scores: {'statistical_significance': 0.0, 'performance_gap': 0.0, 'learning_trend': 0.0, 'resource_efficiency': 0.0}
2025-07-27 01:38:43 - AutoML.ComparativeEarlyStopping - INFO -   Final score: 0.000
2025-07-27 01:38:43 - AutoML.ComparativeEarlyStopping - INFO -   Decision: CONTINUE
2025-07-27 01:39:11 - AutoML.ComparativeEarlyStopping - INFO - Early stopping evaluation for resnet18:
2025-07-27 01:39:11 - AutoML.ComparativeEarlyStopping - INFO -   Decision scores: {'statistical_significance': 0.0, 'performance_gap': 0.0, 'learning_trend': 0.0, 'resource_efficiency': 0.0}
2025-07-27 01:39:11 - AutoML.ComparativeEarlyStopping - INFO -   Final score: 0.000
2025-07-27 01:39:11 - AutoML.ComparativeEarlyStopping - INFO -   Decision: CONTINUE
2025-07-27 01:39:40 - AutoML.ComparativeEarlyStopping - INFO - Early stopping evaluation for resnet18:
2025-07-27 01:39:40 - AutoML.ComparativeEarlyStopping - INFO -   Decision scores: {'statistical_significance': 0.0, 'performance_gap': 0.0, 'learning_trend': 0.0, 'resource_efficiency': 0.0}
2025-07-27 01:39:40 - AutoML.ComparativeEarlyStopping - INFO -   Final score: 0.000
2025-07-27 01:39:40 - AutoML.ComparativeEarlyStopping - INFO -   Decision: CONTINUE
2025-07-27 01:40:08 - AutoML.ComparativeEarlyStopping - INFO - Early stopping evaluation for resnet18:
2025-07-27 01:40:08 - AutoML.ComparativeEarlyStopping - INFO -   Decision scores: {'statistical_significance': 0.0, 'performance_gap': 0.0, 'learning_trend': 0.0, 'resource_efficiency': 0.0}
2025-07-27 01:40:08 - AutoML.ComparativeEarlyStopping - INFO -   Final score: 0.000
2025-07-27 01:40:08 - AutoML.ComparativeEarlyStopping - INFO -   Decision: CONTINUE
2025-07-27 01:40:08 - AutoML.Trainer - INFO - Epoch 15/36 - Train Acc: 0.7119, Val Acc: 0.6031, Val Loss: 1.2228, Time: 28.1s
2025-07-27 01:40:36 - AutoML.ComparativeEarlyStopping - INFO - Early stopping evaluation for resnet18:
2025-07-27 01:40:36 - AutoML.ComparativeEarlyStopping - INFO -   Decision scores: {'statistical_significance': 0.0, 'performance_gap': 0.0, 'learning_trend': 0.0, 'resource_efficiency': 0.0}
2025-07-27 01:40:36 - AutoML.ComparativeEarlyStopping - INFO -   Final score: 0.000
2025-07-27 01:40:36 - AutoML.ComparativeEarlyStopping - INFO -   Decision: CONTINUE
2025-07-27 01:41:04 - AutoML.ComparativeEarlyStopping - INFO - Early stopping evaluation for resnet18:
2025-07-27 01:41:04 - AutoML.ComparativeEarlyStopping - INFO -   Decision scores: {'statistical_significance': 0.0, 'performance_gap': 0.0, 'learning_trend': 0.0, 'resource_efficiency': 0.0}
2025-07-27 01:41:04 - AutoML.ComparativeEarlyStopping - INFO -   Final score: 0.000
2025-07-27 01:41:04 - AutoML.ComparativeEarlyStopping - INFO -   Decision: CONTINUE
2025-07-27 01:41:31 - AutoML.ComparativeEarlyStopping - INFO - Early stopping evaluation for resnet18:
2025-07-27 01:41:31 - AutoML.ComparativeEarlyStopping - INFO -   Decision scores: {'statistical_significance': 0.0, 'performance_gap': 0.0, 'learning_trend': 0.0, 'resource_efficiency': 0.0}
2025-07-27 01:41:31 - AutoML.ComparativeEarlyStopping - INFO -   Final score: 0.000
2025-07-27 01:41:31 - AutoML.ComparativeEarlyStopping - INFO -   Decision: CONTINUE
2025-07-27 01:42:00 - AutoML.ComparativeEarlyStopping - INFO - Early stopping evaluation for resnet18:
2025-07-27 01:42:00 - AutoML.ComparativeEarlyStopping - INFO -   Decision scores: {'statistical_significance': 0.0, 'performance_gap': 0.0, 'learning_trend': 0.0, 'resource_efficiency': 0.0}
2025-07-27 01:42:00 - AutoML.ComparativeEarlyStopping - INFO -   Final score: 0.000
2025-07-27 01:42:00 - AutoML.ComparativeEarlyStopping - INFO -   Decision: CONTINUE
2025-07-27 01:42:28 - AutoML.ComparativeEarlyStopping - INFO - Early stopping evaluation for resnet18:
2025-07-27 01:42:28 - AutoML.ComparativeEarlyStopping - INFO -   Decision scores: {'statistical_significance': 0.0, 'performance_gap': 0.0, 'learning_trend': 0.0, 'resource_efficiency': 0.0}
2025-07-27 01:42:28 - AutoML.ComparativeEarlyStopping - INFO -   Final score: 0.000
2025-07-27 01:42:28 - AutoML.ComparativeEarlyStopping - INFO -   Decision: CONTINUE
2025-07-27 01:42:28 - AutoML.Trainer - INFO - Epoch 20/36 - Train Acc: 0.7867, Val Acc: 0.6165, Val Loss: 1.3963, Time: 28.5s
2025-07-27 01:42:57 - AutoML.ComparativeEarlyStopping - INFO - Early stopping evaluation for resnet18:
2025-07-27 01:42:57 - AutoML.ComparativeEarlyStopping - INFO -   Decision scores: {'statistical_significance': 0.0, 'performance_gap': 0.0, 'learning_trend': 0.0, 'resource_efficiency': 0.0}
2025-07-27 01:42:57 - AutoML.ComparativeEarlyStopping - INFO -   Final score: 0.000
2025-07-27 01:42:57 - AutoML.ComparativeEarlyStopping - INFO -   Decision: CONTINUE
2025-07-27 01:43:26 - AutoML.ComparativeEarlyStopping - INFO - Early stopping evaluation for resnet18:
2025-07-27 01:43:26 - AutoML.ComparativeEarlyStopping - INFO -   Decision scores: {'statistical_significance': 0.0, 'performance_gap': 0.0, 'learning_trend': 0.0, 'resource_efficiency': 0.0}
2025-07-27 01:43:26 - AutoML.ComparativeEarlyStopping - INFO -   Final score: 0.000
2025-07-27 01:43:26 - AutoML.ComparativeEarlyStopping - INFO -   Decision: CONTINUE
2025-07-27 01:43:55 - AutoML.ComparativeEarlyStopping - INFO - Early stopping evaluation for resnet18:
2025-07-27 01:43:55 - AutoML.ComparativeEarlyStopping - INFO -   Decision scores: {'statistical_significance': 0.0, 'performance_gap': 0.0, 'learning_trend': 0.0, 'resource_efficiency': 0.0}
2025-07-27 01:43:55 - AutoML.ComparativeEarlyStopping - INFO -   Final score: 0.000
2025-07-27 01:43:55 - AutoML.ComparativeEarlyStopping - INFO -   Decision: CONTINUE
2025-07-27 01:44:26 - AutoML.ComparativeEarlyStopping - INFO - Early stopping evaluation for resnet18:
2025-07-27 01:44:26 - AutoML.ComparativeEarlyStopping - INFO -   Decision scores: {'statistical_significance': 0.0, 'performance_gap': 0.0, 'learning_trend': 0.0, 'resource_efficiency': 0.0}
2025-07-27 01:44:26 - AutoML.ComparativeEarlyStopping - INFO -   Final score: 0.000
2025-07-27 01:44:26 - AutoML.ComparativeEarlyStopping - INFO -   Decision: CONTINUE
2025-07-27 01:44:55 - AutoML.ComparativeEarlyStopping - INFO - Early stopping evaluation for resnet18:
2025-07-27 01:44:55 - AutoML.ComparativeEarlyStopping - INFO -   Decision scores: {'statistical_significance': 0.0, 'performance_gap': 0.0, 'learning_trend': 0.0, 'resource_efficiency': 0.0}
2025-07-27 01:44:55 - AutoML.ComparativeEarlyStopping - INFO -   Final score: 0.000
2025-07-27 01:44:55 - AutoML.ComparativeEarlyStopping - INFO -   Decision: CONTINUE
2025-07-27 01:44:55 - AutoML.Trainer - INFO - Epoch 25/36 - Train Acc: 0.8458, Val Acc: 0.6165, Val Loss: 1.5838, Time: 29.8s
2025-07-27 01:45:30 - AutoML.ComparativeEarlyStopping - INFO - Early stopping evaluation for resnet18:
2025-07-27 01:45:30 - AutoML.ComparativeEarlyStopping - INFO -   Decision scores: {'statistical_significance': 0.0, 'performance_gap': 0.0, 'learning_trend': 0.0, 'resource_efficiency': 0.0}
2025-07-27 01:45:30 - AutoML.ComparativeEarlyStopping - INFO -   Final score: 0.000
2025-07-27 01:45:30 - AutoML.ComparativeEarlyStopping - INFO -   Decision: CONTINUE
2025-07-27 01:46:00 - AutoML.ComparativeEarlyStopping - INFO - Early stopping evaluation for resnet18:
2025-07-27 01:46:00 - AutoML.ComparativeEarlyStopping - INFO -   Decision scores: {'statistical_significance': 0.0, 'performance_gap': 0.0, 'learning_trend': 0.0, 'resource_efficiency': 0.0}
2025-07-27 01:46:00 - AutoML.ComparativeEarlyStopping - INFO -   Final score: 0.000
2025-07-27 01:46:00 - AutoML.ComparativeEarlyStopping - INFO -   Decision: CONTINUE
2025-07-27 01:46:29 - AutoML.ComparativeEarlyStopping - INFO - Early stopping evaluation for resnet18:
2025-07-27 01:46:29 - AutoML.ComparativeEarlyStopping - INFO -   Decision scores: {'statistical_significance': 0.0, 'performance_gap': 0.0, 'learning_trend': 0.0, 'resource_efficiency': 0.0}
2025-07-27 01:46:29 - AutoML.ComparativeEarlyStopping - INFO -   Final score: 0.000
2025-07-27 01:46:29 - AutoML.ComparativeEarlyStopping - INFO -   Decision: CONTINUE
2025-07-27 01:46:58 - AutoML.ComparativeEarlyStopping - INFO - Early stopping evaluation for resnet18:
2025-07-27 01:46:58 - AutoML.ComparativeEarlyStopping - INFO -   Decision scores: {'statistical_significance': 0.0, 'performance_gap': 0.0, 'learning_trend': 0.0, 'resource_efficiency': 0.0}
2025-07-27 01:46:58 - AutoML.ComparativeEarlyStopping - INFO -   Final score: 0.000
2025-07-27 01:46:58 - AutoML.ComparativeEarlyStopping - INFO -   Decision: CONTINUE
2025-07-27 01:47:27 - AutoML.ComparativeEarlyStopping - INFO - Early stopping evaluation for resnet18:
2025-07-27 01:47:27 - AutoML.ComparativeEarlyStopping - INFO -   Decision scores: {'statistical_significance': 0.0, 'performance_gap': 0.0, 'learning_trend': 0.0, 'resource_efficiency': 0.0}
2025-07-27 01:47:27 - AutoML.ComparativeEarlyStopping - INFO -   Final score: 0.000
2025-07-27 01:47:27 - AutoML.ComparativeEarlyStopping - INFO -   Decision: CONTINUE
2025-07-27 01:47:27 - AutoML.Trainer - INFO - Epoch 30/36 - Train Acc: 0.8752, Val Acc: 0.6242, Val Loss: 1.6933, Time: 28.9s
2025-07-27 01:47:56 - AutoML.ComparativeEarlyStopping - INFO - Early stopping evaluation for resnet18:
2025-07-27 01:47:56 - AutoML.ComparativeEarlyStopping - INFO -   Decision scores: {'statistical_significance': 0.0, 'performance_gap': 0.0, 'learning_trend': 0.0, 'resource_efficiency': 0.0}
2025-07-27 01:47:56 - AutoML.ComparativeEarlyStopping - INFO -   Final score: 0.000
2025-07-27 01:47:56 - AutoML.ComparativeEarlyStopping - INFO -   Decision: CONTINUE
2025-07-27 01:48:25 - AutoML.ComparativeEarlyStopping - INFO - Early stopping evaluation for resnet18:
2025-07-27 01:48:25 - AutoML.ComparativeEarlyStopping - INFO -   Decision scores: {'statistical_significance': 0.0, 'performance_gap': 0.0, 'learning_trend': 0.0, 'resource_efficiency': 0.0}
2025-07-27 01:48:25 - AutoML.ComparativeEarlyStopping - INFO -   Final score: 0.000
2025-07-27 01:48:25 - AutoML.ComparativeEarlyStopping - INFO -   Decision: CONTINUE
2025-07-27 01:48:54 - AutoML.ComparativeEarlyStopping - INFO - Early stopping evaluation for resnet18:
2025-07-27 01:48:54 - AutoML.ComparativeEarlyStopping - INFO -   Decision scores: {'statistical_significance': 0.0, 'performance_gap': 0.0, 'learning_trend': 0.0, 'resource_efficiency': 0.0}
2025-07-27 01:48:54 - AutoML.ComparativeEarlyStopping - INFO -   Final score: 0.000
2025-07-27 01:48:54 - AutoML.ComparativeEarlyStopping - INFO -   Decision: CONTINUE
2025-07-27 01:49:24 - AutoML.ComparativeEarlyStopping - INFO - Early stopping evaluation for resnet18:
2025-07-27 01:49:24 - AutoML.ComparativeEarlyStopping - INFO -   Decision scores: {'statistical_significance': 0.0, 'performance_gap': 0.0, 'learning_trend': 0.0, 'resource_efficiency': 0.0}
2025-07-27 01:49:24 - AutoML.ComparativeEarlyStopping - INFO -   Final score: 0.000
2025-07-27 01:49:24 - AutoML.ComparativeEarlyStopping - INFO -   Decision: CONTINUE
2025-07-27 01:49:56 - AutoML.ComparativeEarlyStopping - INFO - Early stopping evaluation for resnet18:
2025-07-27 01:49:56 - AutoML.ComparativeEarlyStopping - INFO -   Decision scores: {'statistical_significance': 0.0, 'performance_gap': 0.0, 'learning_trend': 0.0, 'resource_efficiency': 0.0}
2025-07-27 01:49:56 - AutoML.ComparativeEarlyStopping - INFO -   Final score: 0.000
2025-07-27 01:49:56 - AutoML.ComparativeEarlyStopping - INFO -   Decision: CONTINUE
2025-07-27 01:49:56 - AutoML.Trainer - INFO - Epoch 35/36 - Train Acc: 0.8886, Val Acc: 0.6245, Val Loss: 1.7207, Time: 32.5s
2025-07-27 01:50:27 - AutoML.ComparativeEarlyStopping - INFO - Early stopping evaluation for resnet18:
2025-07-27 01:50:27 - AutoML.ComparativeEarlyStopping - INFO -   Decision scores: {'statistical_significance': 0.0, 'performance_gap': 0.0, 'learning_trend': 0.0, 'resource_efficiency': 0.0}
2025-07-27 01:50:27 - AutoML.ComparativeEarlyStopping - INFO -   Final score: 0.000
2025-07-27 01:50:27 - AutoML.ComparativeEarlyStopping - INFO -   Decision: CONTINUE
2025-07-27 01:50:27 - AutoML.Trainer - INFO - Epoch 36/36 - Train Acc: 0.8872, Val Acc: 0.6240, Val Loss: 1.7508, Time: 30.7s
2025-07-27 01:50:27 - AutoML.Trainer - INFO - Training completed for resnet18
2025-07-27 01:50:27 - AutoML.Trainer - INFO - Best validation accuracy: 0.6245
2025-07-27 01:50:27 - AutoML.Trainer - INFO - Total training time: 1132.8s
2025-07-27 01:50:27 - AutoML.Trainer - INFO - Average epoch time: 31.5s
2025-07-27 01:50:27 - AutoML.Trainer - INFO - Evaluating hyperparameters for resnet18: {'learning_rate': 0.0028708753481954683, 'optimizer': 'sgd', 'weight_decay': 2.2264204303769678e-05, 'batch_size': 32, 'dropout_rate': 0.1554911608578311, 'pretrained': True, 'lr_scheduler': 'step', 'max_epochs': 38, 'momentum': 0.8708322387742924}
2025-07-27 01:50:27 - AutoML.ModelFactory - INFO - Creating resnet18 (pretrained=True, dropout=0.1554911608578311)
2025-07-27 01:50:27 - AutoML - INFO -  Starting: resnet18 creation
2025-07-27 01:50:27 - AutoML.ModelFactory - INFO - resnet18 created successfully:
2025-07-27 01:50:27 - AutoML.ModelFactory - INFO -   Parameters: 11,173,831
2025-07-27 01:50:27 - AutoML.ModelFactory - INFO -   Trainable: 11,173,831
2025-07-27 01:50:27 - AutoML.ModelFactory - INFO -   Model size: 42.62 MB
2025-07-27 01:50:27 - AutoML - INFO -  resnet18 creation completed in 0.58 seconds
2025-07-27 01:50:38 - AutoML.Trainer - INFO - Class distribution: {5: 66, 3: 172, 4: 107, 2: 95, 6: 108, 0: 80, 1: 12}
2025-07-27 01:50:38 - AutoML.Trainer - INFO - Class weights: [1.1428571428571428, 7.619047619047619, 0.9624060150375939, 0.53156146179402, 0.8544726301735648, 1.3852813852813852, 0.8465608465608465]
2025-07-27 01:53:03 - AutoML.ComparativeEarlyStopping - INFO - Early stopping evaluation for resnet18:
2025-07-27 01:53:03 - AutoML.ComparativeEarlyStopping - INFO -   Decision scores: {'statistical_significance': 0.0, 'performance_gap': 0.0, 'learning_trend': 0.0, 'resource_efficiency': 0.0}
2025-07-27 01:53:03 - AutoML.ComparativeEarlyStopping - INFO -   Final score: 0.000
2025-07-27 01:53:03 - AutoML.ComparativeEarlyStopping - INFO -   Decision: CONTINUE
2025-07-27 01:53:03 - AutoML.Trainer - INFO - Epoch 5/38 - Train Acc: 0.3481, Val Acc: 0.3687, Val Loss: 1.6218, Time: 30.9s
2025-07-27 01:53:31 - AutoML.ComparativeEarlyStopping - INFO - Early stopping evaluation for resnet18:
2025-07-27 01:53:31 - AutoML.ComparativeEarlyStopping - INFO -   Decision scores: {'statistical_significance': 0.0, 'performance_gap': 0.0, 'learning_trend': 0.0, 'resource_efficiency': 0.0}
2025-07-27 01:53:31 - AutoML.ComparativeEarlyStopping - INFO -   Final score: 0.000
2025-07-27 01:53:31 - AutoML.ComparativeEarlyStopping - INFO -   Decision: CONTINUE
2025-07-27 01:54:02 - AutoML.ComparativeEarlyStopping - INFO - Early stopping evaluation for resnet18:
2025-07-27 01:54:02 - AutoML.ComparativeEarlyStopping - INFO -   Decision scores: {'statistical_significance': 0.0, 'performance_gap': 0.0, 'learning_trend': 0.0, 'resource_efficiency': 0.0}
2025-07-27 01:54:02 - AutoML.ComparativeEarlyStopping - INFO -   Final score: 0.000
2025-07-27 01:54:02 - AutoML.ComparativeEarlyStopping - INFO -   Decision: CONTINUE
2025-07-27 01:54:31 - AutoML.ComparativeEarlyStopping - INFO - Early stopping evaluation for resnet18:
2025-07-27 01:54:31 - AutoML.ComparativeEarlyStopping - INFO -   Decision scores: {'statistical_significance': 0.0, 'performance_gap': 0.0, 'learning_trend': 0.0, 'resource_efficiency': 0.0}
2025-07-27 01:54:31 - AutoML.ComparativeEarlyStopping - INFO -   Final score: 0.000
2025-07-27 01:54:31 - AutoML.ComparativeEarlyStopping - INFO -   Decision: CONTINUE
2025-07-27 01:55:00 - AutoML.ComparativeEarlyStopping - INFO - Early stopping evaluation for resnet18:
2025-07-27 01:55:00 - AutoML.ComparativeEarlyStopping - INFO -   Decision scores: {'statistical_significance': 0.0, 'performance_gap': 0.0, 'learning_trend': 0.0, 'resource_efficiency': 0.0}
2025-07-27 01:55:00 - AutoML.ComparativeEarlyStopping - INFO -   Final score: 0.000
2025-07-27 01:55:00 - AutoML.ComparativeEarlyStopping - INFO -   Decision: CONTINUE
2025-07-27 01:55:30 - AutoML.ComparativeEarlyStopping - INFO - Early stopping evaluation for resnet18:
2025-07-27 01:55:30 - AutoML.ComparativeEarlyStopping - INFO -   Decision scores: {'statistical_significance': 0.0, 'performance_gap': 0.0, 'learning_trend': 0.0, 'resource_efficiency': 0.0}
2025-07-27 01:55:30 - AutoML.ComparativeEarlyStopping - INFO -   Final score: 0.000
2025-07-27 01:55:30 - AutoML.ComparativeEarlyStopping - INFO -   Decision: CONTINUE
2025-07-27 01:55:30 - AutoML.Trainer - INFO - Epoch 10/38 - Train Acc: 0.4107, Val Acc: 0.4206, Val Loss: 1.4839, Time: 30.1s
2025-07-27 01:55:59 - AutoML.ComparativeEarlyStopping - INFO - Early stopping evaluation for resnet18:
2025-07-27 01:55:59 - AutoML.ComparativeEarlyStopping - INFO -   Decision scores: {'statistical_significance': 0.0, 'performance_gap': 0.0, 'learning_trend': 0.0, 'resource_efficiency': 0.0}
2025-07-27 01:55:59 - AutoML.ComparativeEarlyStopping - INFO -   Final score: 0.000
2025-07-27 01:55:59 - AutoML.ComparativeEarlyStopping - INFO -   Decision: CONTINUE
2025-07-27 01:56:27 - AutoML.ComparativeEarlyStopping - INFO - Early stopping evaluation for resnet18:
2025-07-27 01:56:27 - AutoML.ComparativeEarlyStopping - INFO -   Decision scores: {'statistical_significance': 0.0, 'performance_gap': 0.0, 'learning_trend': 0.0, 'resource_efficiency': 0.0}
2025-07-27 01:56:27 - AutoML.ComparativeEarlyStopping - INFO -   Final score: 0.000
2025-07-27 01:56:27 - AutoML.ComparativeEarlyStopping - INFO -   Decision: CONTINUE
2025-07-27 01:56:55 - AutoML.ComparativeEarlyStopping - INFO - Early stopping evaluation for resnet18:
2025-07-27 01:56:55 - AutoML.ComparativeEarlyStopping - INFO -   Decision scores: {'statistical_significance': 0.0, 'performance_gap': 0.0, 'learning_trend': 0.0, 'resource_efficiency': 0.0}
2025-07-27 01:56:55 - AutoML.ComparativeEarlyStopping - INFO -   Final score: 0.000
2025-07-27 01:56:55 - AutoML.ComparativeEarlyStopping - INFO -   Decision: CONTINUE
2025-07-27 01:57:25 - AutoML.ComparativeEarlyStopping - INFO - Early stopping evaluation for resnet18:
2025-07-27 01:57:25 - AutoML.ComparativeEarlyStopping - INFO -   Decision scores: {'statistical_significance': 0.0, 'performance_gap': 0.0, 'learning_trend': 0.0, 'resource_efficiency': 0.0}
2025-07-27 01:57:25 - AutoML.ComparativeEarlyStopping - INFO -   Final score: 0.000
2025-07-27 01:57:25 - AutoML.ComparativeEarlyStopping - INFO -   Decision: CONTINUE
2025-07-27 01:57:53 - AutoML.ComparativeEarlyStopping - INFO - Early stopping evaluation for resnet18:
2025-07-27 01:57:53 - AutoML.ComparativeEarlyStopping - INFO -   Decision scores: {'statistical_significance': 0.0, 'performance_gap': 0.0, 'learning_trend': 0.0, 'resource_efficiency': 0.0}
2025-07-27 01:57:53 - AutoML.ComparativeEarlyStopping - INFO -   Final score: 0.000
2025-07-27 01:57:53 - AutoML.ComparativeEarlyStopping - INFO -   Decision: CONTINUE
2025-07-27 01:57:53 - AutoML.Trainer - INFO - Epoch 15/38 - Train Acc: 0.4277, Val Acc: 0.4262, Val Loss: 1.4631, Time: 28.5s
2025-07-27 01:58:22 - AutoML.ComparativeEarlyStopping - INFO - Early stopping evaluation for resnet18:
2025-07-27 01:58:22 - AutoML.ComparativeEarlyStopping - INFO -   Decision scores: {'statistical_significance': 0.0, 'performance_gap': 0.0, 'learning_trend': 0.0, 'resource_efficiency': 0.0}
2025-07-27 01:58:22 - AutoML.ComparativeEarlyStopping - INFO -   Final score: 0.000
2025-07-27 01:58:22 - AutoML.ComparativeEarlyStopping - INFO -   Decision: CONTINUE
2025-07-27 01:58:51 - AutoML.ComparativeEarlyStopping - INFO - Early stopping evaluation for resnet18:
2025-07-27 01:58:51 - AutoML.ComparativeEarlyStopping - INFO -   Decision scores: {'statistical_significance': 0.0, 'performance_gap': 0.0, 'learning_trend': 0.0, 'resource_efficiency': 0.0}
2025-07-27 01:58:51 - AutoML.ComparativeEarlyStopping - INFO -   Final score: 0.000
2025-07-27 01:58:51 - AutoML.ComparativeEarlyStopping - INFO -   Decision: CONTINUE
2025-07-27 01:59:20 - AutoML.ComparativeEarlyStopping - INFO - Early stopping evaluation for resnet18:
2025-07-27 01:59:20 - AutoML.ComparativeEarlyStopping - INFO -   Decision scores: {'statistical_significance': 0.0, 'performance_gap': 0.0, 'learning_trend': 0.0, 'resource_efficiency': 0.0}
2025-07-27 01:59:20 - AutoML.ComparativeEarlyStopping - INFO -   Final score: 0.000
2025-07-27 01:59:20 - AutoML.ComparativeEarlyStopping - INFO -   Decision: CONTINUE
2025-07-27 01:59:49 - AutoML.ComparativeEarlyStopping - INFO - Early stopping evaluation for resnet18:
2025-07-27 01:59:49 - AutoML.ComparativeEarlyStopping - INFO -   Decision scores: {'statistical_significance': 0.0, 'performance_gap': 0.0, 'learning_trend': 0.0, 'resource_efficiency': 0.0}
2025-07-27 01:59:49 - AutoML.ComparativeEarlyStopping - INFO -   Final score: 0.000
2025-07-27 01:59:49 - AutoML.ComparativeEarlyStopping - INFO -   Decision: CONTINUE
2025-07-27 02:00:18 - AutoML.ComparativeEarlyStopping - INFO - Early stopping evaluation for resnet18:
2025-07-27 02:00:18 - AutoML.ComparativeEarlyStopping - INFO -   Decision scores: {'statistical_significance': 0.0, 'performance_gap': 0.0, 'learning_trend': 0.0, 'resource_efficiency': 0.0}
2025-07-27 02:00:18 - AutoML.ComparativeEarlyStopping - INFO -   Final score: 0.000
2025-07-27 02:00:18 - AutoML.ComparativeEarlyStopping - INFO -   Decision: CONTINUE
2025-07-27 02:00:18 - AutoML.Trainer - INFO - Epoch 20/38 - Train Acc: 0.4309, Val Acc: 0.4312, Val Loss: 1.4575, Time: 29.1s
2025-07-27 02:00:49 - AutoML.ComparativeEarlyStopping - INFO - Early stopping evaluation for resnet18:
2025-07-27 02:00:49 - AutoML.ComparativeEarlyStopping - INFO -   Decision scores: {'statistical_significance': 0.0, 'performance_gap': 0.0, 'learning_trend': 0.0, 'resource_efficiency': 0.0}
2025-07-27 02:00:49 - AutoML.ComparativeEarlyStopping - INFO -   Final score: 0.000
2025-07-27 02:00:49 - AutoML.ComparativeEarlyStopping - INFO -   Decision: CONTINUE
2025-07-27 02:01:18 - AutoML.ComparativeEarlyStopping - INFO - Early stopping evaluation for resnet18:
2025-07-27 02:01:18 - AutoML.ComparativeEarlyStopping - INFO -   Decision scores: {'statistical_significance': 0.0, 'performance_gap': 0.0, 'learning_trend': 0.0, 'resource_efficiency': 0.0}
2025-07-27 02:01:18 - AutoML.ComparativeEarlyStopping - INFO -   Final score: 0.000
2025-07-27 02:01:18 - AutoML.ComparativeEarlyStopping - INFO -   Decision: CONTINUE
2025-07-27 02:01:47 - AutoML.ComparativeEarlyStopping - INFO - Early stopping evaluation for resnet18:
2025-07-27 02:01:47 - AutoML.ComparativeEarlyStopping - INFO -   Decision scores: {'statistical_significance': 0.0, 'performance_gap': 0.0, 'learning_trend': 0.0, 'resource_efficiency': 0.0}
2025-07-27 02:01:47 - AutoML.ComparativeEarlyStopping - INFO -   Final score: 0.000
2025-07-27 02:01:47 - AutoML.ComparativeEarlyStopping - INFO -   Decision: CONTINUE
2025-07-27 02:02:16 - AutoML.ComparativeEarlyStopping - INFO - Early stopping evaluation for resnet18:
2025-07-27 02:02:16 - AutoML.ComparativeEarlyStopping - INFO -   Decision scores: {'statistical_significance': 0.0, 'performance_gap': 0.0, 'learning_trend': 0.5, 'resource_efficiency': 0.0}
2025-07-27 02:02:16 - AutoML.ComparativeEarlyStopping - INFO -   Final score: 0.125
2025-07-27 02:02:16 - AutoML.ComparativeEarlyStopping - INFO -   Decision: CONTINUE
2025-07-27 02:02:44 - AutoML.ComparativeEarlyStopping - INFO - Early stopping evaluation for resnet18:
2025-07-27 02:02:44 - AutoML.ComparativeEarlyStopping - INFO -   Decision scores: {'statistical_significance': 0.0, 'performance_gap': 0.0, 'learning_trend': 0.0, 'resource_efficiency': 0.0}
2025-07-27 02:02:44 - AutoML.ComparativeEarlyStopping - INFO -   Final score: 0.000
2025-07-27 02:02:44 - AutoML.ComparativeEarlyStopping - INFO -   Decision: CONTINUE
2025-07-27 02:02:44 - AutoML.Trainer - INFO - Epoch 25/38 - Train Acc: 0.4331, Val Acc: 0.4361, Val Loss: 1.4551, Time: 28.5s
2025-07-27 02:03:13 - AutoML.ComparativeEarlyStopping - INFO - Early stopping evaluation for resnet18:
2025-07-27 02:03:13 - AutoML.ComparativeEarlyStopping - INFO -   Decision scores: {'statistical_significance': 0.0, 'performance_gap': 0.0, 'learning_trend': 0.0, 'resource_efficiency': 0.0}
2025-07-27 02:03:13 - AutoML.ComparativeEarlyStopping - INFO -   Final score: 0.000
2025-07-27 02:03:13 - AutoML.ComparativeEarlyStopping - INFO -   Decision: CONTINUE
2025-07-27 02:03:41 - AutoML.ComparativeEarlyStopping - INFO - Early stopping evaluation for resnet18:
2025-07-27 02:03:41 - AutoML.ComparativeEarlyStopping - INFO -   Decision scores: {'statistical_significance': 0.0, 'performance_gap': 0.0, 'learning_trend': 0.0, 'resource_efficiency': 0.0}
2025-07-27 02:03:41 - AutoML.ComparativeEarlyStopping - INFO -   Final score: 0.000
2025-07-27 02:03:41 - AutoML.ComparativeEarlyStopping - INFO -   Decision: CONTINUE
2025-07-27 02:04:12 - AutoML.ComparativeEarlyStopping - INFO - Early stopping evaluation for resnet18:
2025-07-27 02:04:12 - AutoML.ComparativeEarlyStopping - INFO -   Decision scores: {'statistical_significance': 0.0, 'performance_gap': 0.0, 'learning_trend': 0.0, 'resource_efficiency': 0.0}
2025-07-27 02:04:12 - AutoML.ComparativeEarlyStopping - INFO -   Final score: 0.000
2025-07-27 02:04:12 - AutoML.ComparativeEarlyStopping - INFO -   Decision: CONTINUE
2025-07-27 02:04:41 - AutoML.ComparativeEarlyStopping - INFO - Early stopping evaluation for resnet18:
2025-07-27 02:04:41 - AutoML.ComparativeEarlyStopping - INFO -   Decision scores: {'statistical_significance': 0.0, 'performance_gap': 0.0, 'learning_trend': 0.0, 'resource_efficiency': 0.0}
2025-07-27 02:04:41 - AutoML.ComparativeEarlyStopping - INFO -   Final score: 0.000
2025-07-27 02:04:41 - AutoML.ComparativeEarlyStopping - INFO -   Decision: CONTINUE
2025-07-27 02:05:11 - AutoML.ComparativeEarlyStopping - INFO - Early stopping evaluation for resnet18:
2025-07-27 02:05:11 - AutoML.ComparativeEarlyStopping - INFO -   Decision scores: {'statistical_significance': 0.0, 'performance_gap': 0.0, 'learning_trend': 0.0, 'resource_efficiency': 0.0}
2025-07-27 02:05:11 - AutoML.ComparativeEarlyStopping - INFO -   Final score: 0.000
2025-07-27 02:05:11 - AutoML.ComparativeEarlyStopping - INFO -   Decision: CONTINUE
2025-07-27 02:05:11 - AutoML.Trainer - INFO - Epoch 30/38 - Train Acc: 0.4362, Val Acc: 0.4324, Val Loss: 1.4589, Time: 29.7s
2025-07-27 02:05:39 - AutoML.ComparativeEarlyStopping - INFO - Early stopping evaluation for resnet18:
2025-07-27 02:05:39 - AutoML.ComparativeEarlyStopping - INFO -   Decision scores: {'statistical_significance': 0.0, 'performance_gap': 0.0, 'learning_trend': 0.0, 'resource_efficiency': 0.0}
2025-07-27 02:05:39 - AutoML.ComparativeEarlyStopping - INFO -   Final score: 0.000
2025-07-27 02:05:39 - AutoML.ComparativeEarlyStopping - INFO -   Decision: CONTINUE
2025-07-27 02:06:08 - AutoML.ComparativeEarlyStopping - INFO - Early stopping evaluation for resnet18:
2025-07-27 02:06:08 - AutoML.ComparativeEarlyStopping - INFO -   Decision scores: {'statistical_significance': 0.0, 'performance_gap': 0.0, 'learning_trend': 0.0, 'resource_efficiency': 0.0}
2025-07-27 02:06:08 - AutoML.ComparativeEarlyStopping - INFO -   Final score: 0.000
2025-07-27 02:06:08 - AutoML.ComparativeEarlyStopping - INFO -   Decision: CONTINUE
2025-07-27 02:06:36 - AutoML.ComparativeEarlyStopping - INFO - Early stopping evaluation for resnet18:
2025-07-27 02:06:36 - AutoML.ComparativeEarlyStopping - INFO -   Decision scores: {'statistical_significance': 0.0, 'performance_gap': 0.0, 'learning_trend': 0.0, 'resource_efficiency': 0.0}
2025-07-27 02:06:36 - AutoML.ComparativeEarlyStopping - INFO -   Final score: 0.000
2025-07-27 02:06:36 - AutoML.ComparativeEarlyStopping - INFO -   Decision: CONTINUE
2025-07-27 02:07:05 - AutoML.ComparativeEarlyStopping - INFO - Early stopping evaluation for resnet18:
2025-07-27 02:07:05 - AutoML.ComparativeEarlyStopping - INFO -   Decision scores: {'statistical_significance': 0.0, 'performance_gap': 0.0, 'learning_trend': 0.5, 'resource_efficiency': 0.0}
2025-07-27 02:07:05 - AutoML.ComparativeEarlyStopping - INFO -   Final score: 0.125
2025-07-27 02:07:05 - AutoML.ComparativeEarlyStopping - INFO -   Decision: CONTINUE
2025-07-27 02:07:34 - AutoML.ComparativeEarlyStopping - INFO - Early stopping evaluation for resnet18:
2025-07-27 02:07:34 - AutoML.ComparativeEarlyStopping - INFO -   Decision scores: {'statistical_significance': 0.0, 'performance_gap': 0.0, 'learning_trend': 0.3, 'resource_efficiency': 0.0}
2025-07-27 02:07:34 - AutoML.ComparativeEarlyStopping - INFO -   Final score: 0.075
2025-07-27 02:07:34 - AutoML.ComparativeEarlyStopping - INFO -   Decision: CONTINUE
2025-07-27 02:07:34 - AutoML.Trainer - INFO - Epoch 35/38 - Train Acc: 0.4349, Val Acc: 0.4328, Val Loss: 1.4544, Time: 28.8s
2025-07-27 02:08:06 - AutoML.ComparativeEarlyStopping - INFO - Early stopping evaluation for resnet18:
2025-07-27 02:08:06 - AutoML.ComparativeEarlyStopping - INFO -   Decision scores: {'statistical_significance': 0.0, 'performance_gap': 0.0, 'learning_trend': 0.5, 'resource_efficiency': 0.0}
2025-07-27 02:08:06 - AutoML.ComparativeEarlyStopping - INFO -   Final score: 0.125
2025-07-27 02:08:06 - AutoML.ComparativeEarlyStopping - INFO -   Decision: CONTINUE
2025-07-27 02:08:34 - AutoML.ComparativeEarlyStopping - INFO - Early stopping evaluation for resnet18:
2025-07-27 02:08:34 - AutoML.ComparativeEarlyStopping - INFO -   Decision scores: {'statistical_significance': 0.0, 'performance_gap': 0.0, 'learning_trend': 0.5, 'resource_efficiency': 0.0}
2025-07-27 02:08:34 - AutoML.ComparativeEarlyStopping - INFO -   Final score: 0.125
2025-07-27 02:08:34 - AutoML.ComparativeEarlyStopping - INFO -   Decision: CONTINUE
2025-07-27 02:09:03 - AutoML.ComparativeEarlyStopping - INFO - Early stopping evaluation for resnet18:
2025-07-27 02:09:03 - AutoML.ComparativeEarlyStopping - INFO -   Decision scores: {'statistical_significance': 0.0, 'performance_gap': 0.0, 'learning_trend': 0.5, 'resource_efficiency': 0.0}
2025-07-27 02:09:03 - AutoML.ComparativeEarlyStopping - INFO -   Final score: 0.125
2025-07-27 02:09:03 - AutoML.ComparativeEarlyStopping - INFO -   Decision: CONTINUE
2025-07-27 02:09:03 - AutoML.Trainer - INFO - Epoch 38/38 - Train Acc: 0.4354, Val Acc: 0.4248, Val Loss: 1.4549, Time: 28.6s
2025-07-27 02:09:03 - AutoML.Trainer - INFO - Training completed for resnet18
2025-07-27 02:09:03 - AutoML.Trainer - INFO - Best validation accuracy: 0.4361
2025-07-27 02:09:03 - AutoML.Trainer - INFO - Total training time: 1105.0s
2025-07-27 02:09:03 - AutoML.Trainer - INFO - Average epoch time: 29.1s
2025-07-27 02:09:03 - AutoML.MetaHPOSelector - INFO -  HPO completed for resnet18 in 5459.5s
2025-07-27 02:09:03 - AutoML.MetaHPOSelector - INFO -    Best score: 0.6409 (6 trials)
2025-07-27 02:09:03 - AutoML.Pipeline - INFO - HPO completed for resnet18:
2025-07-27 02:09:03 - AutoML.Pipeline - INFO -   Best score: 0.6409
2025-07-27 02:09:03 - AutoML.Pipeline - INFO -   Best params: {'learning_rate': 0.0021137059440645744, 'optimizer': 'adam', 'weight_decay': 3.585612610345396e-05, 'batch_size': 32, 'dropout_rate': 0.29894998940554257, 'pretrained': True, 'lr_scheduler': 'cosine', 'max_epochs': 16, 'momentum': 0.8487995496144897}
2025-07-27 02:09:03 - AutoML.Pipeline - INFO -   Method used: bayesian_optimization
2025-07-27 02:09:03 - AutoML.Pipeline - INFO -   Trials completed: 6
2025-07-27 02:09:03 - AutoML.ComparativeEarlyStopping - INFO - Early stopping evaluation for resnet18:
2025-07-27 02:09:03 - AutoML.ComparativeEarlyStopping - INFO -   Decision scores: {'statistical_significance': 0.0, 'performance_gap': 0.0, 'learning_trend': 0.5, 'resource_efficiency': 0.0}
2025-07-27 02:09:03 - AutoML.ComparativeEarlyStopping - INFO -   Final score: 0.125
2025-07-27 02:09:03 - AutoML.ComparativeEarlyStopping - INFO -   Decision: CONTINUE
2025-07-27 02:09:03 - AutoML.Pipeline - INFO - Processing architecture: efficientnet_b0
2025-07-27 02:09:03 - AutoML.BudgetManager - INFO - Started training efficientnet_b0 with 4.20h budget
2025-07-27 02:09:03 - AutoML.Pipeline - INFO - Starting HPO for efficientnet_b0
2025-07-27 02:09:03 - AutoML.MetaHPOSelector - INFO - Selecting HPO method for efficientnet_b0
2025-07-27 02:09:03 - AutoML.MetaHPOSelector - INFO -   Dataset complexity: 5.0
2025-07-27 02:09:03 - AutoML.MetaHPOSelector - INFO -   Available time: 15.3 hours
2025-07-27 02:09:03 - AutoML.MetaHPOSelector - INFO -   Search space size: 100000
2025-07-27 02:09:03 - AutoML.MetaHPOSelector - INFO - Trial budget for efficientnet_b0: 8 trials
2025-07-27 02:09:03 - AutoML.MetaHPOSelector - INFO -   Arch complexity: 3.5, Dataset complexity: 5.0
2025-07-27 02:09:03 - AutoML.MetaHPOSelector - INFO -   Available time: 15.3h
2025-07-27 02:09:03 - AutoML.MetaHPOSelector - INFO - Selected bayesian_optimization for efficientnet_b0
2025-07-27 02:09:03 - AutoML.MetaHPOSelector - INFO -   Trials: 8
2025-07-27 02:09:03 - AutoML.MetaHPOSelector - INFO -   Timeout: 33008s
2025-07-27 02:09:03 - AutoML.MetaHPOSelector - INFO -  Starting HPO for efficientnet_b0 with 8 trials
2025-07-27 02:09:03 - AutoML.HPO.bayesian_optimization - INFO - Starting Bayesian Optimization for efficientnet_b0
2025-07-27 02:09:03 - AutoML.Trainer - INFO - Evaluating hyperparameters for efficientnet_b0: {'learning_rate': 0.0005611516415334506, 'optimizer': 'rmsprop', 'weight_decay': 2.05133826308745e-06, 'batch_size': 128, 'dropout_rate': 0.3124217733388137, 'pretrained': True, 'lr_scheduler': 'step', 'max_epochs': 20}
2025-07-27 02:09:03 - AutoML.ModelFactory - INFO - Creating efficientnet_b0 (pretrained=True, dropout=0.3124217733388137)
2025-07-27 02:09:03 - AutoML - INFO -  Starting: efficientnet_b0 creation
2025-07-27 02:09:03 - AutoML.ModelFactory - INFO - efficientnet_b0 created successfully:
2025-07-27 02:09:03 - AutoML.ModelFactory - INFO -   Parameters: 4,015,939
2025-07-27 02:09:03 - AutoML.ModelFactory - INFO -   Trainable: 4,015,939
2025-07-27 02:09:03 - AutoML.ModelFactory - INFO -   Model size: 15.32 MB
2025-07-27 02:09:03 - AutoML - INFO -  efficientnet_b0 creation completed in 0.34 seconds
2025-07-27 02:09:14 - AutoML.Trainer - INFO - Class distribution: {3: 154, 5: 65, 0: 85, 6: 117, 2: 105, 4: 102, 1: 12}
2025-07-27 02:09:14 - AutoML.Trainer - INFO - Class weights: [1.0756302521008403, 7.619047619047619, 0.8707482993197279, 0.5936920222634509, 0.896358543417367, 1.4065934065934067, 0.7814407814407814]
2025-07-27 02:12:07 - AutoML.Trainer - INFO - Epoch 5/20 - Train Acc: 0.5398, Val Acc: 0.5531, Val Loss: 1.2063, Time: 34.1s
2025-07-27 02:15:02 - AutoML.Trainer - INFO - Epoch 10/20 - Train Acc: 0.6630, Val Acc: 0.6066, Val Loss: 1.1856, Time: 35.8s
2025-07-27 02:17:57 - AutoML.ComparativeEarlyStopping - INFO - Early stopping evaluation for efficientnet_b0:
2025-07-27 02:17:57 - AutoML.ComparativeEarlyStopping - INFO -   Decision scores: {'statistical_significance': 0.0, 'performance_gap': 0.0, 'learning_trend': 0.2, 'resource_efficiency': 0.0}
2025-07-27 02:17:57 - AutoML.ComparativeEarlyStopping - INFO -   Final score: 0.050
2025-07-27 02:17:57 - AutoML.ComparativeEarlyStopping - INFO -   Decision: CONTINUE
2025-07-27 02:17:57 - AutoML.Trainer - INFO - Epoch 15/20 - Train Acc: 0.7764, Val Acc: 0.6275, Val Loss: 1.2924, Time: 34.9s
2025-07-27 02:18:32 - AutoML.ComparativeEarlyStopping - INFO - Early stopping evaluation for efficientnet_b0:
2025-07-27 02:18:32 - AutoML.ComparativeEarlyStopping - INFO -   Decision scores: {'statistical_significance': 0.0, 'performance_gap': 0.0, 'learning_trend': 0.2, 'resource_efficiency': 0.0}
2025-07-27 02:18:32 - AutoML.ComparativeEarlyStopping - INFO -   Final score: 0.050
2025-07-27 02:18:32 - AutoML.ComparativeEarlyStopping - INFO -   Decision: CONTINUE
2025-07-27 02:19:08 - AutoML.ComparativeEarlyStopping - INFO - Early stopping evaluation for efficientnet_b0:
2025-07-27 02:19:08 - AutoML.ComparativeEarlyStopping - INFO -   Decision scores: {'statistical_significance': 0.0, 'performance_gap': 0.0, 'learning_trend': 0.2, 'resource_efficiency': 0.0}
2025-07-27 02:19:08 - AutoML.ComparativeEarlyStopping - INFO -   Final score: 0.050
2025-07-27 02:19:08 - AutoML.ComparativeEarlyStopping - INFO -   Decision: CONTINUE
2025-07-27 02:19:44 - AutoML.ComparativeEarlyStopping - INFO - Early stopping evaluation for efficientnet_b0:
2025-07-27 02:19:44 - AutoML.ComparativeEarlyStopping - INFO -   Decision scores: {'statistical_significance': 0.0, 'performance_gap': 0.0, 'learning_trend': 0.2, 'resource_efficiency': 0.0}
2025-07-27 02:19:44 - AutoML.ComparativeEarlyStopping - INFO -   Final score: 0.050
2025-07-27 02:19:44 - AutoML.ComparativeEarlyStopping - INFO -   Decision: CONTINUE
2025-07-27 02:20:20 - AutoML.ComparativeEarlyStopping - INFO - Early stopping evaluation for efficientnet_b0:
2025-07-27 02:20:20 - AutoML.ComparativeEarlyStopping - INFO -   Decision scores: {'statistical_significance': 0.0, 'performance_gap': 0.0, 'learning_trend': 0.2, 'resource_efficiency': 0.0}
2025-07-27 02:20:20 - AutoML.ComparativeEarlyStopping - INFO -   Final score: 0.050
2025-07-27 02:20:20 - AutoML.ComparativeEarlyStopping - INFO -   Decision: CONTINUE
2025-07-27 02:20:57 - AutoML.ComparativeEarlyStopping - INFO - Early stopping evaluation for efficientnet_b0:
2025-07-27 02:20:57 - AutoML.ComparativeEarlyStopping - INFO -   Decision scores: {'statistical_significance': 0.0, 'performance_gap': 0.0, 'learning_trend': 0.5, 'resource_efficiency': 0.0}
2025-07-27 02:20:57 - AutoML.ComparativeEarlyStopping - INFO -   Final score: 0.125
2025-07-27 02:20:57 - AutoML.ComparativeEarlyStopping - INFO -   Decision: CONTINUE
2025-07-27 02:20:57 - AutoML.Trainer - INFO - Epoch 20/20 - Train Acc: 0.8178, Val Acc: 0.6245, Val Loss: 1.4221, Time: 36.9s
2025-07-27 02:20:57 - AutoML.Trainer - INFO - Training completed for efficientnet_b0
2025-07-27 02:20:57 - AutoML.Trainer - INFO - Best validation accuracy: 0.6327
2025-07-27 02:20:57 - AutoML.Trainer - INFO - Total training time: 702.5s
2025-07-27 02:20:57 - AutoML.Trainer - INFO - Average epoch time: 35.1s
2025-07-27 02:20:57 - AutoML.Trainer - INFO - Evaluating hyperparameters for efficientnet_b0: {'learning_rate': 0.0002310201887845295, 'optimizer': 'adam', 'weight_decay': 7.30953983591291e-06, 'batch_size': 64, 'dropout_rate': 0.20990855298810754, 'pretrained': True, 'lr_scheduler': 'step', 'max_epochs': 28}
2025-07-27 02:20:57 - AutoML.ModelFactory - INFO - Creating efficientnet_b0 (pretrained=True, dropout=0.20990855298810754)
2025-07-27 02:20:57 - AutoML - INFO -  Starting: efficientnet_b0 creation
2025-07-27 02:20:57 - AutoML.ModelFactory - INFO - efficientnet_b0 created successfully:
2025-07-27 02:20:57 - AutoML.ModelFactory - INFO -   Parameters: 4,015,939
2025-07-27 02:20:57 - AutoML.ModelFactory - INFO -   Trainable: 4,015,939
2025-07-27 02:20:57 - AutoML.ModelFactory - INFO -   Model size: 15.32 MB
2025-07-27 02:20:57 - AutoML - INFO -  efficientnet_b0 creation completed in 0.23 seconds
2025-07-27 02:21:07 - AutoML.Trainer - INFO - Class distribution: {4: 104, 0: 106, 5: 70, 3: 153, 2: 91, 1: 10, 6: 106}
2025-07-27 02:21:07 - AutoML.Trainer - INFO - Class weights: [0.862533692722372, 9.142857142857142, 1.0047095761381475, 0.5975723622782446, 0.8791208791208791, 1.3061224489795917, 0.862533692722372]
2025-07-27 02:24:07 - AutoML.ComparativeEarlyStopping - INFO - Early stopping evaluation for efficientnet_b0:
2025-07-27 02:24:07 - AutoML.ComparativeEarlyStopping - INFO -   Decision scores: {'statistical_significance': 0.0, 'performance_gap': 0.4898119122257051, 'learning_trend': 0.2, 'resource_efficiency': 0.2541721664536546}
2025-07-27 02:24:07 - AutoML.ComparativeEarlyStopping - INFO -   Final score: 0.211
2025-07-27 02:24:07 - AutoML.ComparativeEarlyStopping - INFO -   Decision: CONTINUE
2025-07-27 02:24:07 - AutoML.Trainer - INFO - Epoch 5/28 - Train Acc: 0.4118, Val Acc: 0.4331, Val Loss: 1.4531, Time: 35.9s
2025-07-27 02:24:42 - AutoML.ComparativeEarlyStopping - INFO - Early stopping evaluation for efficientnet_b0:
2025-07-27 02:24:42 - AutoML.ComparativeEarlyStopping - INFO -   Decision scores: {'statistical_significance': 0.0, 'performance_gap': 0.09360849878091229, 'learning_trend': 0.2, 'resource_efficiency': 0.19267602967331465}
2025-07-27 02:24:42 - AutoML.ComparativeEarlyStopping - INFO -   Final score: 0.102
2025-07-27 02:24:42 - AutoML.ComparativeEarlyStopping - INFO -   Decision: CONTINUE
2025-07-27 02:25:18 - AutoML.ComparativeEarlyStopping - INFO - Early stopping evaluation for efficientnet_b0:
2025-07-27 02:25:18 - AutoML.ComparativeEarlyStopping - INFO -   Decision scores: {'statistical_significance': 0.0, 'performance_gap': 0.0, 'learning_trend': 0.2, 'resource_efficiency': 0.10407065551258987}
2025-07-27 02:25:18 - AutoML.ComparativeEarlyStopping - INFO -   Final score: 0.066
2025-07-27 02:25:18 - AutoML.ComparativeEarlyStopping - INFO -   Decision: CONTINUE
2025-07-27 02:25:54 - AutoML.ComparativeEarlyStopping - INFO - Early stopping evaluation for efficientnet_b0:
2025-07-27 02:25:54 - AutoML.ComparativeEarlyStopping - INFO -   Decision scores: {'statistical_significance': 0.0, 'performance_gap': 0.0, 'learning_trend': 0.2, 'resource_efficiency': 0.05004213088987586}
2025-07-27 02:25:54 - AutoML.ComparativeEarlyStopping - INFO -   Final score: 0.058
2025-07-27 02:25:54 - AutoML.ComparativeEarlyStopping - INFO -   Decision: CONTINUE
2025-07-27 02:26:29 - AutoML.ComparativeEarlyStopping - INFO - Early stopping evaluation for efficientnet_b0:
2025-07-27 02:26:29 - AutoML.ComparativeEarlyStopping - INFO -   Decision scores: {'statistical_significance': 0.0, 'performance_gap': 0.0, 'learning_trend': 0.2, 'resource_efficiency': 0.02170343811816222}
2025-07-27 02:26:29 - AutoML.ComparativeEarlyStopping - INFO -   Final score: 0.053
2025-07-27 02:26:29 - AutoML.ComparativeEarlyStopping - INFO -   Decision: CONTINUE
2025-07-27 02:27:05 - AutoML.ComparativeEarlyStopping - INFO - Early stopping evaluation for efficientnet_b0:
2025-07-27 02:27:05 - AutoML.ComparativeEarlyStopping - INFO -   Decision scores: {'statistical_significance': 0.0, 'performance_gap': 0.0, 'learning_trend': 0.2, 'resource_efficiency': 0.0}
2025-07-27 02:27:05 - AutoML.ComparativeEarlyStopping - INFO -   Final score: 0.050
2025-07-27 02:27:05 - AutoML.ComparativeEarlyStopping - INFO -   Decision: CONTINUE
2025-07-27 02:27:05 - AutoML.Trainer - INFO - Epoch 10/28 - Train Acc: 0.5470, Val Acc: 0.5186, Val Loss: 1.2640, Time: 35.6s
2025-07-27 02:27:40 - AutoML.ComparativeEarlyStopping - INFO - Early stopping evaluation for efficientnet_b0:
2025-07-27 02:27:40 - AutoML.ComparativeEarlyStopping - INFO -   Decision scores: {'statistical_significance': 0.0, 'performance_gap': 0.0, 'learning_trend': 0.2, 'resource_efficiency': 0.0}
2025-07-27 02:27:40 - AutoML.ComparativeEarlyStopping - INFO -   Final score: 0.050
2025-07-27 02:27:40 - AutoML.ComparativeEarlyStopping - INFO -   Decision: CONTINUE
2025-07-27 02:28:15 - AutoML.ComparativeEarlyStopping - INFO - Early stopping evaluation for efficientnet_b0:
2025-07-27 02:28:15 - AutoML.ComparativeEarlyStopping - INFO -   Decision scores: {'statistical_significance': 0.0, 'performance_gap': 0.0, 'learning_trend': 0.2, 'resource_efficiency': 0.0}
2025-07-27 02:28:15 - AutoML.ComparativeEarlyStopping - INFO -   Final score: 0.050
2025-07-27 02:28:15 - AutoML.ComparativeEarlyStopping - INFO -   Decision: CONTINUE
2025-07-27 02:28:50 - AutoML.ComparativeEarlyStopping - INFO - Early stopping evaluation for efficientnet_b0:
2025-07-27 02:28:50 - AutoML.ComparativeEarlyStopping - INFO -   Decision scores: {'statistical_significance': 0.0, 'performance_gap': 0.0, 'learning_trend': 0.2, 'resource_efficiency': 0.0}
2025-07-27 02:28:50 - AutoML.ComparativeEarlyStopping - INFO -   Final score: 0.050
2025-07-27 02:28:50 - AutoML.ComparativeEarlyStopping - INFO -   Decision: CONTINUE
2025-07-27 02:29:31 - AutoML.ComparativeEarlyStopping - INFO - Early stopping evaluation for efficientnet_b0:
2025-07-27 02:29:31 - AutoML.ComparativeEarlyStopping - INFO -   Decision scores: {'statistical_significance': 0.0, 'performance_gap': 0.0, 'learning_trend': 0.2, 'resource_efficiency': 0.0}
2025-07-27 02:29:31 - AutoML.ComparativeEarlyStopping - INFO -   Final score: 0.050
2025-07-27 02:29:31 - AutoML.ComparativeEarlyStopping - INFO -   Decision: CONTINUE
2025-07-27 02:30:09 - AutoML.ComparativeEarlyStopping - INFO - Early stopping evaluation for efficientnet_b0:
2025-07-27 02:30:09 - AutoML.ComparativeEarlyStopping - INFO -   Decision scores: {'statistical_significance': 0.0, 'performance_gap': 0.0, 'learning_trend': 0.2, 'resource_efficiency': 0.0}
2025-07-27 02:30:09 - AutoML.ComparativeEarlyStopping - INFO -   Final score: 0.050
2025-07-27 02:30:09 - AutoML.ComparativeEarlyStopping - INFO -   Decision: CONTINUE
2025-07-27 02:30:09 - AutoML.Trainer - INFO - Epoch 15/28 - Train Acc: 0.6138, Val Acc: 0.5580, Val Loss: 1.2616, Time: 37.4s
2025-07-27 02:30:44 - AutoML.ComparativeEarlyStopping - INFO - Early stopping evaluation for efficientnet_b0:
2025-07-27 02:30:44 - AutoML.ComparativeEarlyStopping - INFO -   Decision scores: {'statistical_significance': 0.0, 'performance_gap': 0.0, 'learning_trend': 0.2, 'resource_efficiency': 0.0}
2025-07-27 02:30:44 - AutoML.ComparativeEarlyStopping - INFO -   Final score: 0.050
2025-07-27 02:30:44 - AutoML.ComparativeEarlyStopping - INFO -   Decision: CONTINUE
2025-07-27 02:31:20 - AutoML.ComparativeEarlyStopping - INFO - Early stopping evaluation for efficientnet_b0:
2025-07-27 02:31:20 - AutoML.ComparativeEarlyStopping - INFO -   Decision scores: {'statistical_significance': 0.0, 'performance_gap': 0.0, 'learning_trend': 0.2, 'resource_efficiency': 0.0}
2025-07-27 02:31:20 - AutoML.ComparativeEarlyStopping - INFO -   Final score: 0.050
2025-07-27 02:31:20 - AutoML.ComparativeEarlyStopping - INFO -   Decision: CONTINUE
2025-07-27 02:31:55 - AutoML.ComparativeEarlyStopping - INFO - Early stopping evaluation for efficientnet_b0:
2025-07-27 02:31:55 - AutoML.ComparativeEarlyStopping - INFO -   Decision scores: {'statistical_significance': 0.0, 'performance_gap': 0.0, 'learning_trend': 0.2, 'resource_efficiency': 0.0}
2025-07-27 02:31:55 - AutoML.ComparativeEarlyStopping - INFO -   Final score: 0.050
2025-07-27 02:31:55 - AutoML.ComparativeEarlyStopping - INFO -   Decision: CONTINUE
2025-07-27 02:32:30 - AutoML.ComparativeEarlyStopping - INFO - Early stopping evaluation for efficientnet_b0:
2025-07-27 02:32:30 - AutoML.ComparativeEarlyStopping - INFO -   Decision scores: {'statistical_significance': 0.0, 'performance_gap': 0.0, 'learning_trend': 0.2, 'resource_efficiency': 0.0}
2025-07-27 02:32:30 - AutoML.ComparativeEarlyStopping - INFO -   Final score: 0.050
2025-07-27 02:32:30 - AutoML.ComparativeEarlyStopping - INFO -   Decision: CONTINUE
2025-07-27 02:33:06 - AutoML.ComparativeEarlyStopping - INFO - Early stopping evaluation for efficientnet_b0:
2025-07-27 02:33:06 - AutoML.ComparativeEarlyStopping - INFO -   Decision scores: {'statistical_significance': 0.0, 'performance_gap': 0.0, 'learning_trend': 0.2, 'resource_efficiency': 0.0}
2025-07-27 02:33:06 - AutoML.ComparativeEarlyStopping - INFO -   Final score: 0.050
2025-07-27 02:33:06 - AutoML.ComparativeEarlyStopping - INFO -   Decision: CONTINUE
2025-07-27 02:33:06 - AutoML.Trainer - INFO - Epoch 20/28 - Train Acc: 0.6436, Val Acc: 0.5622, Val Loss: 1.3529, Time: 35.5s
2025-07-27 02:33:41 - AutoML.ComparativeEarlyStopping - INFO - Early stopping evaluation for efficientnet_b0:
2025-07-27 02:33:41 - AutoML.ComparativeEarlyStopping - INFO -   Decision scores: {'statistical_significance': 0.0, 'performance_gap': 0.0, 'learning_trend': 0.2, 'resource_efficiency': 0.0}
2025-07-27 02:33:41 - AutoML.ComparativeEarlyStopping - INFO -   Final score: 0.050
2025-07-27 02:33:41 - AutoML.ComparativeEarlyStopping - INFO -   Decision: CONTINUE
2025-07-27 02:34:18 - AutoML.ComparativeEarlyStopping - INFO - Early stopping evaluation for efficientnet_b0:
2025-07-27 02:34:18 - AutoML.ComparativeEarlyStopping - INFO -   Decision scores: {'statistical_significance': 0.0, 'performance_gap': 0.0, 'learning_trend': 0.2, 'resource_efficiency': 0.0}
2025-07-27 02:34:18 - AutoML.ComparativeEarlyStopping - INFO -   Final score: 0.050
2025-07-27 02:34:18 - AutoML.ComparativeEarlyStopping - INFO -   Decision: CONTINUE
2025-07-27 02:34:53 - AutoML.ComparativeEarlyStopping - INFO - Early stopping evaluation for efficientnet_b0:
2025-07-27 02:34:53 - AutoML.ComparativeEarlyStopping - INFO -   Decision scores: {'statistical_significance': 0.0, 'performance_gap': 0.0, 'learning_trend': 0.0, 'resource_efficiency': 0.0}
2025-07-27 02:34:53 - AutoML.ComparativeEarlyStopping - INFO -   Final score: 0.000
2025-07-27 02:34:53 - AutoML.ComparativeEarlyStopping - INFO -   Decision: CONTINUE
2025-07-27 02:35:30 - AutoML.ComparativeEarlyStopping - INFO - Early stopping evaluation for efficientnet_b0:
2025-07-27 02:35:30 - AutoML.ComparativeEarlyStopping - INFO -   Decision scores: {'statistical_significance': 0.0, 'performance_gap': 0.0, 'learning_trend': 0.0, 'resource_efficiency': 0.0}
2025-07-27 02:35:30 - AutoML.ComparativeEarlyStopping - INFO -   Final score: 0.000
2025-07-27 02:35:30 - AutoML.ComparativeEarlyStopping - INFO -   Decision: CONTINUE
2025-07-27 02:36:05 - AutoML.ComparativeEarlyStopping - INFO - Early stopping evaluation for efficientnet_b0:
2025-07-27 02:36:05 - AutoML.ComparativeEarlyStopping - INFO -   Decision scores: {'statistical_significance': 0.0, 'performance_gap': 0.0, 'learning_trend': 0.0, 'resource_efficiency': 0.0}
2025-07-27 02:36:05 - AutoML.ComparativeEarlyStopping - INFO -   Final score: 0.000
2025-07-27 02:36:05 - AutoML.ComparativeEarlyStopping - INFO -   Decision: CONTINUE
2025-07-27 02:36:05 - AutoML.Trainer - INFO - Epoch 25/28 - Train Acc: 0.6589, Val Acc: 0.5650, Val Loss: 1.2969, Time: 35.2s
2025-07-27 02:36:40 - AutoML.ComparativeEarlyStopping - INFO - Early stopping evaluation for efficientnet_b0:
2025-07-27 02:36:40 - AutoML.ComparativeEarlyStopping - INFO -   Decision scores: {'statistical_significance': 0.0, 'performance_gap': 0.0, 'learning_trend': 0.0, 'resource_efficiency': 0.0}
2025-07-27 02:36:40 - AutoML.ComparativeEarlyStopping - INFO -   Final score: 0.000
2025-07-27 02:36:40 - AutoML.ComparativeEarlyStopping - INFO -   Decision: CONTINUE
2025-07-27 02:37:16 - AutoML.ComparativeEarlyStopping - INFO - Early stopping evaluation for efficientnet_b0:
2025-07-27 02:37:16 - AutoML.ComparativeEarlyStopping - INFO -   Decision scores: {'statistical_significance': 0.0, 'performance_gap': 0.0, 'learning_trend': 0.0, 'resource_efficiency': 0.0}
2025-07-27 02:37:16 - AutoML.ComparativeEarlyStopping - INFO -   Final score: 0.000
2025-07-27 02:37:16 - AutoML.ComparativeEarlyStopping - INFO -   Decision: CONTINUE
2025-07-27 02:37:52 - AutoML.ComparativeEarlyStopping - INFO - Early stopping evaluation for efficientnet_b0:
2025-07-27 02:37:52 - AutoML.ComparativeEarlyStopping - INFO -   Decision scores: {'statistical_significance': 0.0, 'performance_gap': 0.0, 'learning_trend': 0.0, 'resource_efficiency': 0.0}
2025-07-27 02:37:52 - AutoML.ComparativeEarlyStopping - INFO -   Final score: 0.000
2025-07-27 02:37:52 - AutoML.ComparativeEarlyStopping - INFO -   Decision: CONTINUE
2025-07-27 02:37:52 - AutoML.Trainer - INFO - Epoch 28/28 - Train Acc: 0.6641, Val Acc: 0.5636, Val Loss: 1.2974, Time: 36.4s
2025-07-27 02:37:52 - AutoML.Trainer - INFO - Training completed for efficientnet_b0
2025-07-27 02:37:52 - AutoML.Trainer - INFO - Best validation accuracy: 0.5681
2025-07-27 02:37:52 - AutoML.Trainer - INFO - Total training time: 1004.6s
2025-07-27 02:37:52 - AutoML.Trainer - INFO - Average epoch time: 35.9s
2025-07-27 02:37:52 - AutoML.Trainer - INFO - Evaluating hyperparameters for efficientnet_b0: {'learning_rate': 0.0015304852121831463, 'optimizer': 'adamw', 'weight_decay': 1.3492834268013243e-06, 'batch_size': 64, 'dropout_rate': 0.12930163420191518, 'pretrained': True, 'lr_scheduler': 'cosine', 'max_epochs': 27}
2025-07-27 02:37:52 - AutoML.ModelFactory - INFO - Creating efficientnet_b0 (pretrained=True, dropout=0.12930163420191518)
2025-07-27 02:37:52 - AutoML - INFO -  Starting: efficientnet_b0 creation
2025-07-27 02:37:52 - AutoML.ModelFactory - INFO - efficientnet_b0 created successfully:
2025-07-27 02:37:52 - AutoML.ModelFactory - INFO -   Parameters: 4,015,939
2025-07-27 02:37:52 - AutoML.ModelFactory - INFO -   Trainable: 4,015,939
2025-07-27 02:37:52 - AutoML.ModelFactory - INFO -   Model size: 15.32 MB
2025-07-27 02:37:52 - AutoML - INFO -  efficientnet_b0 creation completed in 0.27 seconds
2025-07-27 02:38:03 - AutoML.Trainer - INFO - Class distribution: {6: 98, 5: 87, 4: 111, 2: 90, 3: 158, 0: 87, 1: 9}
2025-07-27 02:38:03 - AutoML.Trainer - INFO - Class weights: [1.0509031198686372, 10.158730158730158, 1.0158730158730158, 0.5786618444846293, 0.8236808236808236, 1.0509031198686372, 0.9329446064139941]
2025-07-27 02:41:03 - AutoML.ComparativeEarlyStopping - INFO - Early stopping evaluation for efficientnet_b0:
2025-07-27 02:41:03 - AutoML.ComparativeEarlyStopping - INFO -   Decision scores: {'statistical_significance': 0.0, 'performance_gap': 0.0, 'learning_trend': 0.0, 'resource_efficiency': 0.0670423027889212}
2025-07-27 02:41:03 - AutoML.ComparativeEarlyStopping - INFO -   Final score: 0.010
2025-07-27 02:41:03 - AutoML.ComparativeEarlyStopping - INFO -   Decision: CONTINUE
2025-07-27 02:41:03 - AutoML.Trainer - INFO - Epoch 5/27 - Train Acc: 0.4866, Val Acc: 0.5212, Val Loss: 1.3197, Time: 35.4s
2025-07-27 02:41:38 - AutoML.ComparativeEarlyStopping - INFO - Early stopping evaluation for efficientnet_b0:
2025-07-27 02:41:38 - AutoML.ComparativeEarlyStopping - INFO -   Decision scores: {'statistical_significance': 0.0, 'performance_gap': 0.0, 'learning_trend': 0.0, 'resource_efficiency': 0.024396625366330804}
2025-07-27 02:41:38 - AutoML.ComparativeEarlyStopping - INFO -   Final score: 0.004
2025-07-27 02:41:38 - AutoML.ComparativeEarlyStopping - INFO -   Decision: CONTINUE
2025-07-27 02:42:14 - AutoML.ComparativeEarlyStopping - INFO - Early stopping evaluation for efficientnet_b0:
2025-07-27 02:42:14 - AutoML.ComparativeEarlyStopping - INFO -   Decision scores: {'statistical_significance': 0.0, 'performance_gap': 0.0, 'learning_trend': 0.0, 'resource_efficiency': 0.0}
2025-07-27 02:42:14 - AutoML.ComparativeEarlyStopping - INFO -   Final score: 0.000
2025-07-27 02:42:14 - AutoML.ComparativeEarlyStopping - INFO -   Decision: CONTINUE
2025-07-27 02:42:50 - AutoML.ComparativeEarlyStopping - INFO - Early stopping evaluation for efficientnet_b0:
2025-07-27 02:42:50 - AutoML.ComparativeEarlyStopping - INFO -   Decision scores: {'statistical_significance': 0.0, 'performance_gap': 0.0, 'learning_trend': 0.0, 'resource_efficiency': 0.0}
2025-07-27 02:42:50 - AutoML.ComparativeEarlyStopping - INFO -   Final score: 0.000
2025-07-27 02:42:50 - AutoML.ComparativeEarlyStopping - INFO -   Decision: CONTINUE
2025-07-27 02:43:26 - AutoML.ComparativeEarlyStopping - INFO - Early stopping evaluation for efficientnet_b0:
2025-07-27 02:43:26 - AutoML.ComparativeEarlyStopping - INFO -   Decision scores: {'statistical_significance': 0.0, 'performance_gap': 0.0, 'learning_trend': 0.0, 'resource_efficiency': 0.0}
2025-07-27 02:43:26 - AutoML.ComparativeEarlyStopping - INFO -   Final score: 0.000
2025-07-27 02:43:26 - AutoML.ComparativeEarlyStopping - INFO -   Decision: CONTINUE
2025-07-27 02:44:01 - AutoML.ComparativeEarlyStopping - INFO - Early stopping evaluation for efficientnet_b0:
2025-07-27 02:44:01 - AutoML.ComparativeEarlyStopping - INFO -   Decision scores: {'statistical_significance': 0.0, 'performance_gap': 0.0, 'learning_trend': 0.0, 'resource_efficiency': 0.0}
2025-07-27 02:44:01 - AutoML.ComparativeEarlyStopping - INFO -   Final score: 0.000
2025-07-27 02:44:01 - AutoML.ComparativeEarlyStopping - INFO -   Decision: CONTINUE
2025-07-27 02:44:01 - AutoML.Trainer - INFO - Epoch 10/27 - Train Acc: 0.5735, Val Acc: 0.5662, Val Loss: 1.1977, Time: 35.5s
2025-07-27 02:44:38 - AutoML.ComparativeEarlyStopping - INFO - Early stopping evaluation for efficientnet_b0:
2025-07-27 02:44:38 - AutoML.ComparativeEarlyStopping - INFO -   Decision scores: {'statistical_significance': 0.0, 'performance_gap': 0.0, 'learning_trend': 0.0, 'resource_efficiency': 0.0}
2025-07-27 02:44:38 - AutoML.ComparativeEarlyStopping - INFO -   Final score: 0.000
2025-07-27 02:44:38 - AutoML.ComparativeEarlyStopping - INFO -   Decision: CONTINUE
2025-07-27 02:45:13 - AutoML.ComparativeEarlyStopping - INFO - Early stopping evaluation for efficientnet_b0:
2025-07-27 02:45:13 - AutoML.ComparativeEarlyStopping - INFO -   Decision scores: {'statistical_significance': 0.0, 'performance_gap': 0.0, 'learning_trend': 0.0, 'resource_efficiency': 0.0}
2025-07-27 02:45:13 - AutoML.ComparativeEarlyStopping - INFO -   Final score: 0.000
2025-07-27 02:45:13 - AutoML.ComparativeEarlyStopping - INFO -   Decision: CONTINUE
2025-07-27 02:45:49 - AutoML.ComparativeEarlyStopping - INFO - Early stopping evaluation for efficientnet_b0:
2025-07-27 02:45:49 - AutoML.ComparativeEarlyStopping - INFO -   Decision scores: {'statistical_significance': 0.0, 'performance_gap': 0.0, 'learning_trend': 0.0, 'resource_efficiency': 0.0}
2025-07-27 02:45:49 - AutoML.ComparativeEarlyStopping - INFO -   Final score: 0.000
2025-07-27 02:45:49 - AutoML.ComparativeEarlyStopping - INFO -   Decision: CONTINUE
2025-07-27 02:46:24 - AutoML.ComparativeEarlyStopping - INFO - Early stopping evaluation for efficientnet_b0:
2025-07-27 02:46:24 - AutoML.ComparativeEarlyStopping - INFO -   Decision scores: {'statistical_significance': 0.0, 'performance_gap': 0.0, 'learning_trend': 0.0, 'resource_efficiency': 0.0}
2025-07-27 02:46:24 - AutoML.ComparativeEarlyStopping - INFO -   Final score: 0.000
2025-07-27 02:46:24 - AutoML.ComparativeEarlyStopping - INFO -   Decision: CONTINUE
2025-07-27 02:47:00 - AutoML.ComparativeEarlyStopping - INFO - Early stopping evaluation for efficientnet_b0:
2025-07-27 02:47:00 - AutoML.ComparativeEarlyStopping - INFO -   Decision scores: {'statistical_significance': 0.0, 'performance_gap': 0.0, 'learning_trend': 0.0, 'resource_efficiency': 0.0}
2025-07-27 02:47:00 - AutoML.ComparativeEarlyStopping - INFO -   Final score: 0.000
2025-07-27 02:47:00 - AutoML.ComparativeEarlyStopping - INFO -   Decision: CONTINUE
2025-07-27 02:47:00 - AutoML.Trainer - INFO - Epoch 15/27 - Train Acc: 0.6580, Val Acc: 0.6059, Val Loss: 1.2132, Time: 35.6s
2025-07-27 02:47:35 - AutoML.ComparativeEarlyStopping - INFO - Early stopping evaluation for efficientnet_b0:
2025-07-27 02:47:35 - AutoML.ComparativeEarlyStopping - INFO -   Decision scores: {'statistical_significance': 0.0, 'performance_gap': 0.0, 'learning_trend': 0.0, 'resource_efficiency': 0.0}
2025-07-27 02:47:35 - AutoML.ComparativeEarlyStopping - INFO -   Final score: 0.000
2025-07-27 02:47:35 - AutoML.ComparativeEarlyStopping - INFO -   Decision: CONTINUE
2025-07-27 02:48:15 - AutoML.ComparativeEarlyStopping - INFO - Early stopping evaluation for efficientnet_b0:
2025-07-27 02:48:15 - AutoML.ComparativeEarlyStopping - INFO -   Decision scores: {'statistical_significance': 0.0, 'performance_gap': 0.0, 'learning_trend': 0.0, 'resource_efficiency': 0.0}
2025-07-27 02:48:15 - AutoML.ComparativeEarlyStopping - INFO -   Final score: 0.000
2025-07-27 02:48:15 - AutoML.ComparativeEarlyStopping - INFO -   Decision: CONTINUE
2025-07-27 02:48:50 - AutoML.ComparativeEarlyStopping - INFO - Early stopping evaluation for efficientnet_b0:
2025-07-27 02:48:50 - AutoML.ComparativeEarlyStopping - INFO -   Decision scores: {'statistical_significance': 0.0, 'performance_gap': 0.0, 'learning_trend': 0.0, 'resource_efficiency': 0.0}
2025-07-27 02:48:50 - AutoML.ComparativeEarlyStopping - INFO -   Final score: 0.000
2025-07-27 02:48:50 - AutoML.ComparativeEarlyStopping - INFO -   Decision: CONTINUE
2025-07-27 02:49:28 - AutoML.ComparativeEarlyStopping - INFO - Early stopping evaluation for efficientnet_b0:
2025-07-27 02:49:28 - AutoML.ComparativeEarlyStopping - INFO -   Decision scores: {'statistical_significance': 0.0, 'performance_gap': 0.0, 'learning_trend': 0.0, 'resource_efficiency': 0.0}
2025-07-27 02:49:28 - AutoML.ComparativeEarlyStopping - INFO -   Final score: 0.000
2025-07-27 02:49:28 - AutoML.ComparativeEarlyStopping - INFO -   Decision: CONTINUE
2025-07-27 02:50:04 - AutoML.ComparativeEarlyStopping - INFO - Early stopping evaluation for efficientnet_b0:
2025-07-27 02:50:04 - AutoML.ComparativeEarlyStopping - INFO -   Decision scores: {'statistical_significance': 0.0, 'performance_gap': 0.0, 'learning_trend': 0.0, 'resource_efficiency': 0.0}
2025-07-27 02:50:04 - AutoML.ComparativeEarlyStopping - INFO -   Final score: 0.000
2025-07-27 02:50:04 - AutoML.ComparativeEarlyStopping - INFO -   Decision: CONTINUE
2025-07-27 02:50:04 - AutoML.Trainer - INFO - Epoch 20/27 - Train Acc: 0.7981, Val Acc: 0.6047, Val Loss: 1.3821, Time: 36.4s
2025-07-27 02:50:39 - AutoML.ComparativeEarlyStopping - INFO - Early stopping evaluation for efficientnet_b0:
2025-07-27 02:50:39 - AutoML.ComparativeEarlyStopping - INFO -   Decision scores: {'statistical_significance': 0.0, 'performance_gap': 0.0, 'learning_trend': 0.0, 'resource_efficiency': 0.0}
2025-07-27 02:50:39 - AutoML.ComparativeEarlyStopping - INFO -   Final score: 0.000
2025-07-27 02:50:39 - AutoML.ComparativeEarlyStopping - INFO -   Decision: CONTINUE
2025-07-27 02:51:15 - AutoML.ComparativeEarlyStopping - INFO - Early stopping evaluation for efficientnet_b0:
2025-07-27 02:51:15 - AutoML.ComparativeEarlyStopping - INFO -   Decision scores: {'statistical_significance': 0.0, 'performance_gap': 0.0, 'learning_trend': 0.0, 'resource_efficiency': 0.0}
2025-07-27 02:51:15 - AutoML.ComparativeEarlyStopping - INFO -   Final score: 0.000
2025-07-27 02:51:15 - AutoML.ComparativeEarlyStopping - INFO -   Decision: CONTINUE
2025-07-27 02:51:50 - AutoML.ComparativeEarlyStopping - INFO - Early stopping evaluation for efficientnet_b0:
2025-07-27 02:51:50 - AutoML.ComparativeEarlyStopping - INFO -   Decision scores: {'statistical_significance': 0.0, 'performance_gap': 0.0, 'learning_trend': 0.0, 'resource_efficiency': 0.0}
2025-07-27 02:51:50 - AutoML.ComparativeEarlyStopping - INFO -   Final score: 0.000
2025-07-27 02:51:50 - AutoML.ComparativeEarlyStopping - INFO -   Decision: CONTINUE
2025-07-27 02:52:26 - AutoML.ComparativeEarlyStopping - INFO - Early stopping evaluation for efficientnet_b0:
2025-07-27 02:52:26 - AutoML.ComparativeEarlyStopping - INFO -   Decision scores: {'statistical_significance': 0.0, 'performance_gap': 0.0, 'learning_trend': 0.0, 'resource_efficiency': 0.0}
2025-07-27 02:52:26 - AutoML.ComparativeEarlyStopping - INFO -   Final score: 0.000
2025-07-27 02:52:26 - AutoML.ComparativeEarlyStopping - INFO -   Decision: CONTINUE
2025-07-27 02:53:01 - AutoML.ComparativeEarlyStopping - INFO - Early stopping evaluation for efficientnet_b0:
2025-07-27 02:53:01 - AutoML.ComparativeEarlyStopping - INFO -   Decision scores: {'statistical_significance': 0.0, 'performance_gap': 0.0, 'learning_trend': 0.0, 'resource_efficiency': 0.0}
2025-07-27 02:53:01 - AutoML.ComparativeEarlyStopping - INFO -   Final score: 0.000
2025-07-27 02:53:01 - AutoML.ComparativeEarlyStopping - INFO -   Decision: CONTINUE
2025-07-27 02:53:01 - AutoML.Trainer - INFO - Epoch 25/27 - Train Acc: 0.9025, Val Acc: 0.6181, Val Loss: 1.8402, Time: 35.3s
2025-07-27 02:53:37 - AutoML.ComparativeEarlyStopping - INFO - Early stopping evaluation for efficientnet_b0:
2025-07-27 02:53:37 - AutoML.ComparativeEarlyStopping - INFO -   Decision scores: {'statistical_significance': 0.0, 'performance_gap': 0.0, 'learning_trend': 0.0, 'resource_efficiency': 0.0}
2025-07-27 02:53:37 - AutoML.ComparativeEarlyStopping - INFO -   Final score: 0.000
2025-07-27 02:53:37 - AutoML.ComparativeEarlyStopping - INFO -   Decision: CONTINUE
2025-07-27 02:54:14 - AutoML.ComparativeEarlyStopping - INFO - Early stopping evaluation for efficientnet_b0:
2025-07-27 02:54:14 - AutoML.ComparativeEarlyStopping - INFO -   Decision scores: {'statistical_significance': 0.0, 'performance_gap': 0.0, 'learning_trend': 0.0, 'resource_efficiency': 0.0}
2025-07-27 02:54:14 - AutoML.ComparativeEarlyStopping - INFO -   Final score: 0.000
2025-07-27 02:54:14 - AutoML.ComparativeEarlyStopping - INFO -   Decision: CONTINUE
2025-07-27 02:54:14 - AutoML.Trainer - INFO - Epoch 27/27 - Train Acc: 0.9166, Val Acc: 0.6189, Val Loss: 1.8616, Time: 36.9s
2025-07-27 02:54:14 - AutoML.Trainer - INFO - Training completed for efficientnet_b0
2025-07-27 02:54:14 - AutoML.Trainer - INFO - Best validation accuracy: 0.6189
2025-07-27 02:54:14 - AutoML.Trainer - INFO - Total training time: 970.7s
2025-07-27 02:54:14 - AutoML.Trainer - INFO - Average epoch time: 36.0s
2025-07-27 02:54:14 - AutoML.Trainer - INFO - Evaluating hyperparameters for efficientnet_b0: {'learning_rate': 0.00011715937392307068, 'optimizer': 'rmsprop', 'weight_decay': 4.201672054372532e-06, 'batch_size': 256, 'dropout_rate': 0.3325398470083344, 'pretrained': True, 'lr_scheduler': 'cosine', 'max_epochs': 38}
2025-07-27 02:54:14 - AutoML.ModelFactory - INFO - Creating efficientnet_b0 (pretrained=True, dropout=0.3325398470083344)
2025-07-27 02:54:14 - AutoML - INFO -  Starting: efficientnet_b0 creation
2025-07-27 02:54:14 - AutoML.ModelFactory - INFO - efficientnet_b0 created successfully:
2025-07-27 02:54:14 - AutoML.ModelFactory - INFO -   Parameters: 4,015,939
2025-07-27 02:54:14 - AutoML.ModelFactory - INFO -   Trainable: 4,015,939
2025-07-27 02:54:14 - AutoML.ModelFactory - INFO -   Model size: 15.32 MB
2025-07-27 02:54:14 - AutoML - INFO -  efficientnet_b0 creation completed in 0.24 seconds
2025-07-27 02:54:25 - AutoML.Trainer - INFO - Class distribution: {4: 115, 3: 147, 2: 94, 5: 66, 6: 122, 0: 87, 1: 9}
2025-07-27 02:54:25 - AutoML.Trainer - INFO - Class weights: [1.0509031198686372, 10.158730158730158, 0.9726443768996961, 0.6219630709426628, 0.7950310559006211, 1.3852813852813852, 0.7494145199063232]
2025-07-27 02:57:21 - AutoML.ComparativeEarlyStopping - INFO - Early stopping evaluation for efficientnet_b0:
2025-07-27 02:57:21 - AutoML.ComparativeEarlyStopping - INFO -   Decision scores: {'statistical_significance': 0.0, 'performance_gap': 0.5609253454081038, 'learning_trend': 0.0, 'resource_efficiency': 0.25248732658685136}
2025-07-27 02:57:21 - AutoML.ComparativeEarlyStopping - INFO -   Final score: 0.178
2025-07-27 02:57:21 - AutoML.ComparativeEarlyStopping - INFO -   Decision: CONTINUE
2025-07-27 02:57:21 - AutoML.Trainer - INFO - Epoch 5/38 - Train Acc: 0.3688, Val Acc: 0.4288, Val Loss: 1.4989, Time: 35.4s
2025-07-27 02:57:56 - AutoML.ComparativeEarlyStopping - INFO - Early stopping evaluation for efficientnet_b0:
2025-07-27 02:57:56 - AutoML.ComparativeEarlyStopping - INFO -   Decision scores: {'statistical_significance': 0.0, 'performance_gap': 0.06821084407291345, 'learning_trend': 0.0, 'resource_efficiency': 0.17087181716235345}
2025-07-27 02:57:56 - AutoML.ComparativeEarlyStopping - INFO -   Final score: 0.043
2025-07-27 02:57:56 - AutoML.ComparativeEarlyStopping - INFO -   Decision: CONTINUE
2025-07-27 02:58:32 - AutoML.ComparativeEarlyStopping - INFO - Early stopping evaluation for efficientnet_b0:
2025-07-27 02:58:32 - AutoML.ComparativeEarlyStopping - INFO -   Decision scores: {'statistical_significance': 0.0, 'performance_gap': 0.0, 'learning_trend': 0.0, 'resource_efficiency': 0.11664675159987992}
2025-07-27 02:58:32 - AutoML.ComparativeEarlyStopping - INFO -   Final score: 0.017
2025-07-27 02:58:32 - AutoML.ComparativeEarlyStopping - INFO -   Decision: CONTINUE
2025-07-27 02:59:07 - AutoML.ComparativeEarlyStopping - INFO - Early stopping evaluation for efficientnet_b0:
2025-07-27 02:59:07 - AutoML.ComparativeEarlyStopping - INFO -   Decision scores: {'statistical_significance': 0.0, 'performance_gap': 0.0, 'learning_trend': 0.0, 'resource_efficiency': 0.07734266258560851}
2025-07-27 02:59:07 - AutoML.ComparativeEarlyStopping - INFO -   Final score: 0.012
2025-07-27 02:59:07 - AutoML.ComparativeEarlyStopping - INFO -   Decision: CONTINUE
2025-07-27 02:59:43 - AutoML.ComparativeEarlyStopping - INFO - Early stopping evaluation for efficientnet_b0:
2025-07-27 02:59:43 - AutoML.ComparativeEarlyStopping - INFO -   Decision scores: {'statistical_significance': 0.0, 'performance_gap': 0.0, 'learning_trend': 0.0, 'resource_efficiency': 0.05979042083743946}
2025-07-27 02:59:43 - AutoML.ComparativeEarlyStopping - INFO -   Final score: 0.009
2025-07-27 02:59:43 - AutoML.ComparativeEarlyStopping - INFO -   Decision: CONTINUE
2025-07-27 03:00:19 - AutoML.ComparativeEarlyStopping - INFO - Early stopping evaluation for efficientnet_b0:
2025-07-27 03:00:19 - AutoML.ComparativeEarlyStopping - INFO -   Decision scores: {'statistical_significance': 0.0, 'performance_gap': 0.0, 'learning_trend': 0.0, 'resource_efficiency': 0.03772617698290881}
2025-07-27 03:00:19 - AutoML.ComparativeEarlyStopping - INFO -   Final score: 0.006
2025-07-27 03:00:19 - AutoML.ComparativeEarlyStopping - INFO -   Decision: CONTINUE
2025-07-27 03:00:19 - AutoML.Trainer - INFO - Epoch 10/38 - Train Acc: 0.5247, Val Acc: 0.5040, Val Loss: 1.2990, Time: 35.4s
2025-07-27 03:00:54 - AutoML.ComparativeEarlyStopping - INFO - Early stopping evaluation for efficientnet_b0:
2025-07-27 03:00:54 - AutoML.ComparativeEarlyStopping - INFO -   Decision scores: {'statistical_significance': 0.0, 'performance_gap': 0.0, 'learning_trend': 0.0, 'resource_efficiency': 0.012916508817417793}
2025-07-27 03:00:54 - AutoML.ComparativeEarlyStopping - INFO -   Final score: 0.002
2025-07-27 03:00:54 - AutoML.ComparativeEarlyStopping - INFO -   Decision: CONTINUE
2025-07-27 03:01:29 - AutoML.ComparativeEarlyStopping - INFO - Early stopping evaluation for efficientnet_b0:
2025-07-27 03:01:29 - AutoML.ComparativeEarlyStopping - INFO -   Decision scores: {'statistical_significance': 0.0, 'performance_gap': 0.0, 'learning_trend': 0.0, 'resource_efficiency': 0.0}
2025-07-27 03:01:29 - AutoML.ComparativeEarlyStopping - INFO -   Final score: 0.000
2025-07-27 03:01:29 - AutoML.ComparativeEarlyStopping - INFO -   Decision: CONTINUE
2025-07-27 03:02:04 - AutoML.ComparativeEarlyStopping - INFO - Early stopping evaluation for efficientnet_b0:
2025-07-27 03:02:04 - AutoML.ComparativeEarlyStopping - INFO -   Decision scores: {'statistical_significance': 0.0, 'performance_gap': 0.0, 'learning_trend': 0.0, 'resource_efficiency': 0.0}
2025-07-27 03:02:04 - AutoML.ComparativeEarlyStopping - INFO -   Final score: 0.000
2025-07-27 03:02:04 - AutoML.ComparativeEarlyStopping - INFO -   Decision: CONTINUE
2025-07-27 03:02:40 - AutoML.ComparativeEarlyStopping - INFO - Early stopping evaluation for efficientnet_b0:
2025-07-27 03:02:40 - AutoML.ComparativeEarlyStopping - INFO -   Decision scores: {'statistical_significance': 0.0, 'performance_gap': 0.0, 'learning_trend': 0.0, 'resource_efficiency': 0.0}
2025-07-27 03:02:40 - AutoML.ComparativeEarlyStopping - INFO -   Final score: 0.000
2025-07-27 03:02:40 - AutoML.ComparativeEarlyStopping - INFO -   Decision: CONTINUE
2025-07-27 03:03:16 - AutoML.ComparativeEarlyStopping - INFO - Early stopping evaluation for efficientnet_b0:
2025-07-27 03:03:16 - AutoML.ComparativeEarlyStopping - INFO -   Decision scores: {'statistical_significance': 0.0, 'performance_gap': 0.0, 'learning_trend': 0.0, 'resource_efficiency': 0.0}
2025-07-27 03:03:16 - AutoML.ComparativeEarlyStopping - INFO -   Final score: 0.000
2025-07-27 03:03:16 - AutoML.ComparativeEarlyStopping - INFO -   Decision: CONTINUE
2025-07-27 03:03:16 - AutoML.Trainer - INFO - Epoch 15/38 - Train Acc: 0.6082, Val Acc: 0.5455, Val Loss: 1.3070, Time: 35.4s
2025-07-27 03:03:51 - AutoML.ComparativeEarlyStopping - INFO - Early stopping evaluation for efficientnet_b0:
2025-07-27 03:03:51 - AutoML.ComparativeEarlyStopping - INFO -   Decision scores: {'statistical_significance': 0.0, 'performance_gap': 0.0, 'learning_trend': 0.0, 'resource_efficiency': 0.0}
2025-07-27 03:03:51 - AutoML.ComparativeEarlyStopping - INFO -   Final score: 0.000
2025-07-27 03:03:51 - AutoML.ComparativeEarlyStopping - INFO -   Decision: CONTINUE
2025-07-27 03:04:27 - AutoML.ComparativeEarlyStopping - INFO - Early stopping evaluation for efficientnet_b0:
2025-07-27 03:04:27 - AutoML.ComparativeEarlyStopping - INFO -   Decision scores: {'statistical_significance': 0.0, 'performance_gap': 0.0, 'learning_trend': 0.0, 'resource_efficiency': 0.0}
2025-07-27 03:04:27 - AutoML.ComparativeEarlyStopping - INFO -   Final score: 0.000
2025-07-27 03:04:27 - AutoML.ComparativeEarlyStopping - INFO -   Decision: CONTINUE
2025-07-27 03:05:03 - AutoML.ComparativeEarlyStopping - INFO - Early stopping evaluation for efficientnet_b0:
2025-07-27 03:05:03 - AutoML.ComparativeEarlyStopping - INFO -   Decision scores: {'statistical_significance': 0.0, 'performance_gap': 0.0, 'learning_trend': 0.0, 'resource_efficiency': 0.0}
2025-07-27 03:05:03 - AutoML.ComparativeEarlyStopping - INFO -   Final score: 0.000
2025-07-27 03:05:03 - AutoML.ComparativeEarlyStopping - INFO -   Decision: CONTINUE
2025-07-27 03:05:40 - AutoML.ComparativeEarlyStopping - INFO - Early stopping evaluation for efficientnet_b0:
2025-07-27 03:05:40 - AutoML.ComparativeEarlyStopping - INFO -   Decision scores: {'statistical_significance': 0.0, 'performance_gap': 0.0, 'learning_trend': 0.0, 'resource_efficiency': 0.0}
2025-07-27 03:05:40 - AutoML.ComparativeEarlyStopping - INFO -   Final score: 0.000
2025-07-27 03:05:40 - AutoML.ComparativeEarlyStopping - INFO -   Decision: CONTINUE
2025-07-27 03:06:15 - AutoML.ComparativeEarlyStopping - INFO - Early stopping evaluation for efficientnet_b0:
2025-07-27 03:06:15 - AutoML.ComparativeEarlyStopping - INFO -   Decision scores: {'statistical_significance': 0.0, 'performance_gap': 0.0, 'learning_trend': 0.0, 'resource_efficiency': 0.0}
2025-07-27 03:06:15 - AutoML.ComparativeEarlyStopping - INFO -   Final score: 0.000
2025-07-27 03:06:15 - AutoML.ComparativeEarlyStopping - INFO -   Decision: CONTINUE
2025-07-27 03:06:15 - AutoML.Trainer - INFO - Epoch 20/38 - Train Acc: 0.6789, Val Acc: 0.5712, Val Loss: 1.3683, Time: 35.2s
2025-07-27 03:06:51 - AutoML.ComparativeEarlyStopping - INFO - Early stopping evaluation for efficientnet_b0:
2025-07-27 03:06:51 - AutoML.ComparativeEarlyStopping - INFO -   Decision scores: {'statistical_significance': 0.0, 'performance_gap': 0.0, 'learning_trend': 0.0, 'resource_efficiency': 0.0}
2025-07-27 03:06:51 - AutoML.ComparativeEarlyStopping - INFO -   Final score: 0.000
2025-07-27 03:06:51 - AutoML.ComparativeEarlyStopping - INFO -   Decision: CONTINUE
2025-07-27 03:07:26 - AutoML.ComparativeEarlyStopping - INFO - Early stopping evaluation for efficientnet_b0:
2025-07-27 03:07:26 - AutoML.ComparativeEarlyStopping - INFO -   Decision scores: {'statistical_significance': 0.0, 'performance_gap': 0.0, 'learning_trend': 0.0, 'resource_efficiency': 0.0}
2025-07-27 03:07:26 - AutoML.ComparativeEarlyStopping - INFO -   Final score: 0.000
2025-07-27 03:07:26 - AutoML.ComparativeEarlyStopping - INFO -   Decision: CONTINUE
2025-07-27 03:08:01 - AutoML.ComparativeEarlyStopping - INFO - Early stopping evaluation for efficientnet_b0:
2025-07-27 03:08:01 - AutoML.ComparativeEarlyStopping - INFO -   Decision scores: {'statistical_significance': 0.0, 'performance_gap': 0.0, 'learning_trend': 0.0, 'resource_efficiency': 0.0}
2025-07-27 03:08:01 - AutoML.ComparativeEarlyStopping - INFO -   Final score: 0.000
2025-07-27 03:08:01 - AutoML.ComparativeEarlyStopping - INFO -   Decision: CONTINUE
2025-07-27 03:08:36 - AutoML.ComparativeEarlyStopping - INFO - Early stopping evaluation for efficientnet_b0:
2025-07-27 03:08:36 - AutoML.ComparativeEarlyStopping - INFO -   Decision scores: {'statistical_significance': 0.0, 'performance_gap': 0.0, 'learning_trend': 0.0, 'resource_efficiency': 0.0}
2025-07-27 03:08:36 - AutoML.ComparativeEarlyStopping - INFO -   Final score: 0.000
2025-07-27 03:08:36 - AutoML.ComparativeEarlyStopping - INFO -   Decision: CONTINUE
2025-07-27 03:09:13 - AutoML.ComparativeEarlyStopping - INFO - Early stopping evaluation for efficientnet_b0:
2025-07-27 03:09:13 - AutoML.ComparativeEarlyStopping - INFO -   Decision scores: {'statistical_significance': 0.0, 'performance_gap': 0.0, 'learning_trend': 0.0, 'resource_efficiency': 0.0}
2025-07-27 03:09:13 - AutoML.ComparativeEarlyStopping - INFO -   Final score: 0.000
2025-07-27 03:09:13 - AutoML.ComparativeEarlyStopping - INFO -   Decision: CONTINUE
2025-07-27 03:09:13 - AutoML.Trainer - INFO - Epoch 25/38 - Train Acc: 0.7481, Val Acc: 0.5721, Val Loss: 1.6419, Time: 36.4s
2025-07-27 03:09:48 - AutoML.ComparativeEarlyStopping - INFO - Early stopping evaluation for efficientnet_b0:
2025-07-27 03:09:48 - AutoML.ComparativeEarlyStopping - INFO -   Decision scores: {'statistical_significance': 0.0, 'performance_gap': 0.0, 'learning_trend': 0.0, 'resource_efficiency': 0.0}
2025-07-27 03:09:48 - AutoML.ComparativeEarlyStopping - INFO -   Final score: 0.000
2025-07-27 03:09:48 - AutoML.ComparativeEarlyStopping - INFO -   Decision: CONTINUE
2025-07-27 03:10:28 - AutoML.ComparativeEarlyStopping - INFO - Early stopping evaluation for efficientnet_b0:
2025-07-27 03:10:28 - AutoML.ComparativeEarlyStopping - INFO -   Decision scores: {'statistical_significance': 0.0, 'performance_gap': 0.0, 'learning_trend': 0.0, 'resource_efficiency': 0.0}
2025-07-27 03:10:28 - AutoML.ComparativeEarlyStopping - INFO -   Final score: 0.000
2025-07-27 03:10:28 - AutoML.ComparativeEarlyStopping - INFO -   Decision: CONTINUE
2025-07-27 03:11:03 - AutoML.ComparativeEarlyStopping - INFO - Early stopping evaluation for efficientnet_b0:
2025-07-27 03:11:03 - AutoML.ComparativeEarlyStopping - INFO -   Decision scores: {'statistical_significance': 0.0, 'performance_gap': 0.0, 'learning_trend': 0.0, 'resource_efficiency': 0.0}
2025-07-27 03:11:03 - AutoML.ComparativeEarlyStopping - INFO -   Final score: 0.000
2025-07-27 03:11:03 - AutoML.ComparativeEarlyStopping - INFO -   Decision: CONTINUE
2025-07-27 03:11:38 - AutoML.ComparativeEarlyStopping - INFO - Early stopping evaluation for efficientnet_b0:
2025-07-27 03:11:38 - AutoML.ComparativeEarlyStopping - INFO -   Decision scores: {'statistical_significance': 0.0, 'performance_gap': 0.0, 'learning_trend': 0.0, 'resource_efficiency': 0.0}
2025-07-27 03:11:38 - AutoML.ComparativeEarlyStopping - INFO -   Final score: 0.000
2025-07-27 03:11:38 - AutoML.ComparativeEarlyStopping - INFO -   Decision: CONTINUE
2025-07-27 03:12:13 - AutoML.ComparativeEarlyStopping - INFO - Early stopping evaluation for efficientnet_b0:
2025-07-27 03:12:13 - AutoML.ComparativeEarlyStopping - INFO -   Decision scores: {'statistical_significance': 0.0, 'performance_gap': 0.0, 'learning_trend': 0.0, 'resource_efficiency': 0.0}
2025-07-27 03:12:13 - AutoML.ComparativeEarlyStopping - INFO -   Final score: 0.000
2025-07-27 03:12:13 - AutoML.ComparativeEarlyStopping - INFO -   Decision: CONTINUE
2025-07-27 03:12:13 - AutoML.Trainer - INFO - Epoch 30/38 - Train Acc: 0.7812, Val Acc: 0.5780, Val Loss: 1.5728, Time: 35.0s
2025-07-27 03:12:48 - AutoML.ComparativeEarlyStopping - INFO - Early stopping evaluation for efficientnet_b0:
2025-07-27 03:12:48 - AutoML.ComparativeEarlyStopping - INFO -   Decision scores: {'statistical_significance': 0.0, 'performance_gap': 0.0, 'learning_trend': 0.0, 'resource_efficiency': 0.0}
2025-07-27 03:12:48 - AutoML.ComparativeEarlyStopping - INFO -   Final score: 0.000
2025-07-27 03:12:48 - AutoML.ComparativeEarlyStopping - INFO -   Decision: CONTINUE
2025-07-27 03:13:24 - AutoML.ComparativeEarlyStopping - INFO - Early stopping evaluation for efficientnet_b0:
2025-07-27 03:13:24 - AutoML.ComparativeEarlyStopping - INFO -   Decision scores: {'statistical_significance': 0.0, 'performance_gap': 0.0, 'learning_trend': 0.0, 'resource_efficiency': 0.0}
2025-07-27 03:13:24 - AutoML.ComparativeEarlyStopping - INFO -   Final score: 0.000
2025-07-27 03:13:24 - AutoML.ComparativeEarlyStopping - INFO -   Decision: CONTINUE
2025-07-27 03:13:59 - AutoML.ComparativeEarlyStopping - INFO - Early stopping evaluation for efficientnet_b0:
2025-07-27 03:13:59 - AutoML.ComparativeEarlyStopping - INFO -   Decision scores: {'statistical_significance': 0.0, 'performance_gap': 0.0, 'learning_trend': 0.0, 'resource_efficiency': 0.0}
2025-07-27 03:13:59 - AutoML.ComparativeEarlyStopping - INFO -   Final score: 0.000
2025-07-27 03:13:59 - AutoML.ComparativeEarlyStopping - INFO -   Decision: CONTINUE
2025-07-27 03:14:36 - AutoML.ComparativeEarlyStopping - INFO - Early stopping evaluation for efficientnet_b0:
2025-07-27 03:14:36 - AutoML.ComparativeEarlyStopping - INFO -   Decision scores: {'statistical_significance': 0.0, 'performance_gap': 0.0, 'learning_trend': 0.0, 'resource_efficiency': 0.0}
2025-07-27 03:14:36 - AutoML.ComparativeEarlyStopping - INFO -   Final score: 0.000
2025-07-27 03:14:36 - AutoML.ComparativeEarlyStopping - INFO -   Decision: CONTINUE
2025-07-27 03:15:12 - AutoML.ComparativeEarlyStopping - INFO - Early stopping evaluation for efficientnet_b0:
2025-07-27 03:15:12 - AutoML.ComparativeEarlyStopping - INFO -   Decision scores: {'statistical_significance': 0.0, 'performance_gap': 0.0, 'learning_trend': 0.0, 'resource_efficiency': 0.0}
2025-07-27 03:15:12 - AutoML.ComparativeEarlyStopping - INFO -   Final score: 0.000
2025-07-27 03:15:12 - AutoML.ComparativeEarlyStopping - INFO -   Decision: CONTINUE
2025-07-27 03:15:12 - AutoML.Trainer - INFO - Epoch 35/38 - Train Acc: 0.8005, Val Acc: 0.5792, Val Loss: 1.6542, Time: 36.0s
2025-07-27 03:15:47 - AutoML.ComparativeEarlyStopping - INFO - Early stopping evaluation for efficientnet_b0:
2025-07-27 03:15:47 - AutoML.ComparativeEarlyStopping - INFO -   Decision scores: {'statistical_significance': 0.0, 'performance_gap': 0.0, 'learning_trend': 0.0, 'resource_efficiency': 0.0}
2025-07-27 03:15:47 - AutoML.ComparativeEarlyStopping - INFO -   Final score: 0.000
2025-07-27 03:15:47 - AutoML.ComparativeEarlyStopping - INFO -   Decision: CONTINUE
2025-07-27 03:16:22 - AutoML.ComparativeEarlyStopping - INFO - Early stopping evaluation for efficientnet_b0:
2025-07-27 03:16:22 - AutoML.ComparativeEarlyStopping - INFO -   Decision scores: {'statistical_significance': 0.0, 'performance_gap': 0.0, 'learning_trend': 0.0, 'resource_efficiency': 0.0}
2025-07-27 03:16:22 - AutoML.ComparativeEarlyStopping - INFO -   Final score: 0.000
2025-07-27 03:16:22 - AutoML.ComparativeEarlyStopping - INFO -   Decision: CONTINUE
2025-07-27 03:16:57 - AutoML.ComparativeEarlyStopping - INFO - Early stopping evaluation for efficientnet_b0:
2025-07-27 03:16:57 - AutoML.ComparativeEarlyStopping - INFO -   Decision scores: {'statistical_significance': 0.0, 'performance_gap': 0.0, 'learning_trend': 0.0, 'resource_efficiency': 0.0}
2025-07-27 03:16:57 - AutoML.ComparativeEarlyStopping - INFO -   Final score: 0.000
2025-07-27 03:16:57 - AutoML.ComparativeEarlyStopping - INFO -   Decision: CONTINUE
2025-07-27 03:16:57 - AutoML.Trainer - INFO - Epoch 38/38 - Train Acc: 0.8031, Val Acc: 0.5770, Val Loss: 1.6125, Time: 35.2s
2025-07-27 03:16:57 - AutoML.Trainer - INFO - Training completed for efficientnet_b0
2025-07-27 03:16:57 - AutoML.Trainer - INFO - Best validation accuracy: 0.5810
2025-07-27 03:16:57 - AutoML.Trainer - INFO - Total training time: 1352.3s
2025-07-27 03:16:57 - AutoML.Trainer - INFO - Average epoch time: 35.6s
2025-07-27 03:16:57 - AutoML.Trainer - INFO - Evaluating hyperparameters for efficientnet_b0: {'learning_rate': 0.00015030900645056822, 'optimizer': 'adam', 'weight_decay': 5.989003672254308e-06, 'batch_size': 64, 'dropout_rate': 0.2628088249474746, 'pretrained': True, 'lr_scheduler': 'step', 'max_epochs': 40}
2025-07-27 03:16:57 - AutoML.ModelFactory - INFO - Creating efficientnet_b0 (pretrained=True, dropout=0.2628088249474746)
2025-07-27 03:16:57 - AutoML - INFO -  Starting: efficientnet_b0 creation
2025-07-27 03:16:58 - AutoML.ModelFactory - INFO - efficientnet_b0 created successfully:
2025-07-27 03:16:58 - AutoML.ModelFactory - INFO -   Parameters: 4,015,939
2025-07-27 03:16:58 - AutoML.ModelFactory - INFO -   Trainable: 4,015,939
2025-07-27 03:16:58 - AutoML.ModelFactory - INFO -   Model size: 15.32 MB
2025-07-27 03:16:58 - AutoML - INFO -  efficientnet_b0 creation completed in 0.62 seconds
2025-07-27 03:17:08 - AutoML.Trainer - INFO - Class distribution: {3: 155, 0: 77, 2: 97, 6: 121, 4: 117, 5: 70, 1: 3}
2025-07-27 03:17:08 - AutoML.Trainer - INFO - Class weights: [1.1873840445269017, 30.476190476190474, 0.9425625920471281, 0.5898617511520737, 0.7814407814407814, 1.3061224489795917, 0.755608028335301]
2025-07-27 03:20:08 - AutoML.ComparativeEarlyStopping - INFO - Early stopping evaluation for efficientnet_b0:
2025-07-27 03:20:08 - AutoML.ComparativeEarlyStopping - INFO -   Decision scores: {'statistical_significance': 0.0, 'performance_gap': 1.0, 'learning_trend': 0.0, 'resource_efficiency': 0.5260912662216615}
2025-07-27 03:20:08 - AutoML.ComparativeEarlyStopping - INFO -   Final score: 0.329
2025-07-27 03:20:08 - AutoML.ComparativeEarlyStopping - INFO -   Decision: CONTINUE
2025-07-27 03:20:08 - AutoML.Trainer - INFO - Epoch 5/40 - Train Acc: 0.2419, Val Acc: 0.2645, Val Loss: 1.8621, Time: 37.2s
2025-07-27 03:20:44 - AutoML.ComparativeEarlyStopping - INFO - Early stopping evaluation for efficientnet_b0:
2025-07-27 03:20:44 - AutoML.ComparativeEarlyStopping - INFO -   Decision scores: {'statistical_significance': 0.0, 'performance_gap': 1.0, 'learning_trend': 0.0, 'resource_efficiency': 0.49512414234535684}
2025-07-27 03:20:44 - AutoML.ComparativeEarlyStopping - INFO -   Final score: 0.324
2025-07-27 03:20:44 - AutoML.ComparativeEarlyStopping - INFO -   Decision: CONTINUE
2025-07-27 03:21:19 - AutoML.ComparativeEarlyStopping - INFO - Early stopping evaluation for efficientnet_b0:
2025-07-27 03:21:19 - AutoML.ComparativeEarlyStopping - INFO -   Decision scores: {'statistical_significance': 0.0, 'performance_gap': 1.0, 'learning_trend': 0.0, 'resource_efficiency': 0.4358172635781411}
2025-07-27 03:21:19 - AutoML.ComparativeEarlyStopping - INFO -   Final score: 0.315
2025-07-27 03:21:19 - AutoML.ComparativeEarlyStopping - INFO -   Decision: CONTINUE
2025-07-27 03:21:55 - AutoML.ComparativeEarlyStopping - INFO - Early stopping evaluation for efficientnet_b0:
2025-07-27 03:21:55 - AutoML.ComparativeEarlyStopping - INFO -   Decision scores: {'statistical_significance': 0.0, 'performance_gap': 1.0, 'learning_trend': 0.0, 'resource_efficiency': 0.3678792187728761}
2025-07-27 03:21:55 - AutoML.ComparativeEarlyStopping - INFO -   Final score: 0.305
2025-07-27 03:21:55 - AutoML.ComparativeEarlyStopping - INFO -   Decision: CONTINUE
2025-07-27 03:22:30 - AutoML.ComparativeEarlyStopping - INFO - Early stopping evaluation for efficientnet_b0:
2025-07-27 03:22:30 - AutoML.ComparativeEarlyStopping - INFO -   Decision scores: {'statistical_significance': 0.0, 'performance_gap': 1.0, 'learning_trend': 0.0, 'resource_efficiency': 0.3247076621556134}
2025-07-27 03:22:30 - AutoML.ComparativeEarlyStopping - INFO -   Final score: 0.299
2025-07-27 03:22:30 - AutoML.ComparativeEarlyStopping - INFO -   Decision: CONTINUE
2025-07-27 03:23:07 - AutoML.ComparativeEarlyStopping - INFO - Early stopping evaluation for efficientnet_b0:
2025-07-27 03:23:07 - AutoML.ComparativeEarlyStopping - INFO -   Decision scores: {'statistical_significance': 0.0, 'performance_gap': 0.675577615232787, 'learning_trend': 0.0, 'resource_efficiency': 0.28106578721302666}
2025-07-27 03:23:07 - AutoML.ComparativeEarlyStopping - INFO -   Final score: 0.211
2025-07-27 03:23:07 - AutoML.ComparativeEarlyStopping - INFO -   Decision: CONTINUE
2025-07-27 03:23:07 - AutoML.Trainer - INFO - Epoch 10/40 - Train Acc: 0.3789, Val Acc: 0.4006, Val Loss: 1.4831, Time: 36.6s
2025-07-27 03:23:43 - AutoML.ComparativeEarlyStopping - INFO - Early stopping evaluation for efficientnet_b0:
2025-07-27 03:23:43 - AutoML.ComparativeEarlyStopping - INFO -   Decision scores: {'statistical_significance': 0.0, 'performance_gap': 0.5028735632183902, 'learning_trend': 0.0, 'resource_efficiency': 0.2568388095958185}
2025-07-27 03:23:43 - AutoML.ComparativeEarlyStopping - INFO -   Final score: 0.164
2025-07-27 03:23:43 - AutoML.ComparativeEarlyStopping - INFO -   Decision: CONTINUE
2025-07-27 03:24:21 - AutoML.ComparativeEarlyStopping - INFO - Early stopping evaluation for efficientnet_b0:
2025-07-27 03:24:21 - AutoML.ComparativeEarlyStopping - INFO -   Decision scores: {'statistical_significance': 0.0, 'performance_gap': 0.3526645768025083, 'learning_trend': 0.0, 'resource_efficiency': 0.24912879987877334}
2025-07-27 03:24:21 - AutoML.ComparativeEarlyStopping - INFO -   Final score: 0.126
2025-07-27 03:24:21 - AutoML.ComparativeEarlyStopping - INFO -   Decision: CONTINUE
2025-07-27 03:24:57 - AutoML.ComparativeEarlyStopping - INFO - Early stopping evaluation for efficientnet_b0:
2025-07-27 03:24:57 - AutoML.ComparativeEarlyStopping - INFO -   Decision scores: {'statistical_significance': 0.0, 'performance_gap': 0.3548415186346222, 'learning_trend': 0.0, 'resource_efficiency': 0.24683994488679928}
2025-07-27 03:24:57 - AutoML.ComparativeEarlyStopping - INFO -   Final score: 0.126
2025-07-27 03:24:57 - AutoML.ComparativeEarlyStopping - INFO -   Decision: CONTINUE
2025-07-27 03:25:34 - AutoML.ComparativeEarlyStopping - INFO - Early stopping evaluation for efficientnet_b0:
2025-07-27 03:25:34 - AutoML.ComparativeEarlyStopping - INFO -   Decision scores: {'statistical_significance': 0.0, 'performance_gap': 0.3207360965981655, 'learning_trend': 0.0, 'resource_efficiency': 0.2460204034857062}
2025-07-27 03:25:34 - AutoML.ComparativeEarlyStopping - INFO -   Final score: 0.117
2025-07-27 03:25:34 - AutoML.ComparativeEarlyStopping - INFO -   Decision: CONTINUE
2025-07-27 03:26:10 - AutoML.ComparativeEarlyStopping - INFO - Early stopping evaluation for efficientnet_b0:
2025-07-27 03:26:10 - AutoML.ComparativeEarlyStopping - INFO -   Decision scores: {'statistical_significance': 0.0, 'performance_gap': 0.2358353651457097, 'learning_trend': 0.0, 'resource_efficiency': 0.22017360135233255}
2025-07-27 03:26:10 - AutoML.ComparativeEarlyStopping - INFO -   Final score: 0.092
2025-07-27 03:26:10 - AutoML.ComparativeEarlyStopping - INFO -   Decision: CONTINUE
2025-07-27 03:26:10 - AutoML.Trainer - INFO - Epoch 15/40 - Train Acc: 0.4101, Val Acc: 0.4195, Val Loss: 1.4118, Time: 35.9s
2025-07-27 03:26:45 - AutoML.ComparativeEarlyStopping - INFO - Early stopping evaluation for efficientnet_b0:
2025-07-27 03:26:45 - AutoML.ComparativeEarlyStopping - INFO -   Decision scores: {'statistical_significance': 0.0, 'performance_gap': 0.16689887379542495, 'learning_trend': 0.0, 'resource_efficiency': 0.2039892836727154}
2025-07-27 03:26:45 - AutoML.ComparativeEarlyStopping - INFO -   Final score: 0.072
2025-07-27 03:26:45 - AutoML.ComparativeEarlyStopping - INFO -   Decision: CONTINUE
2025-07-27 03:27:21 - AutoML.ComparativeEarlyStopping - INFO - Early stopping evaluation for efficientnet_b0:
2025-07-27 03:27:21 - AutoML.ComparativeEarlyStopping - INFO -   Decision scores: {'statistical_significance': 0.0, 'performance_gap': 0.07111343318239871, 'learning_trend': 0.0, 'resource_efficiency': 0.18167360292876666}
2025-07-27 03:27:21 - AutoML.ComparativeEarlyStopping - INFO -   Final score: 0.045
2025-07-27 03:27:21 - AutoML.ComparativeEarlyStopping - INFO -   Decision: CONTINUE
2025-07-27 03:27:57 - AutoML.ComparativeEarlyStopping - INFO - Early stopping evaluation for efficientnet_b0:
2025-07-27 03:27:57 - AutoML.ComparativeEarlyStopping - INFO -   Decision scores: {'statistical_significance': 0.0, 'performance_gap': 0.0094334146058285, 'learning_trend': 0.0, 'resource_efficiency': 0.17077709065424818}
2025-07-27 03:27:57 - AutoML.ComparativeEarlyStopping - INFO -   Final score: 0.028
2025-07-27 03:27:57 - AutoML.ComparativeEarlyStopping - INFO -   Decision: CONTINUE
2025-07-27 03:28:34 - AutoML.ComparativeEarlyStopping - INFO - Early stopping evaluation for efficientnet_b0:
2025-07-27 03:28:34 - AutoML.ComparativeEarlyStopping - INFO -   Decision scores: {'statistical_significance': 0.0, 'performance_gap': 0.0, 'learning_trend': 0.0, 'resource_efficiency': 0.17405717975913293}
2025-07-27 03:28:34 - AutoML.ComparativeEarlyStopping - INFO -   Final score: 0.026
2025-07-27 03:28:34 - AutoML.ComparativeEarlyStopping - INFO -   Decision: CONTINUE
2025-07-27 03:29:11 - AutoML.ComparativeEarlyStopping - INFO - Early stopping evaluation for efficientnet_b0:
2025-07-27 03:29:11 - AutoML.ComparativeEarlyStopping - INFO -   Decision scores: {'statistical_significance': 0.0, 'performance_gap': 0.0, 'learning_trend': 0.0, 'resource_efficiency': 0.17461009294517282}
2025-07-27 03:29:11 - AutoML.ComparativeEarlyStopping - INFO -   Final score: 0.026
2025-07-27 03:29:11 - AutoML.ComparativeEarlyStopping - INFO -   Decision: CONTINUE
2025-07-27 03:29:11 - AutoML.Trainer - INFO - Epoch 20/40 - Train Acc: 0.4372, Val Acc: 0.4427, Val Loss: 1.4711, Time: 36.9s
2025-07-27 03:29:47 - AutoML.ComparativeEarlyStopping - INFO - Early stopping evaluation for efficientnet_b0:
2025-07-27 03:29:47 - AutoML.ComparativeEarlyStopping - INFO -   Decision scores: {'statistical_significance': 0.0, 'performance_gap': 0.0, 'learning_trend': 0.0, 'resource_efficiency': 0.17003036244893843}
2025-07-27 03:29:47 - AutoML.ComparativeEarlyStopping - INFO -   Final score: 0.026
2025-07-27 03:29:47 - AutoML.ComparativeEarlyStopping - INFO -   Decision: CONTINUE
2025-07-27 03:30:23 - AutoML.ComparativeEarlyStopping - INFO - Early stopping evaluation for efficientnet_b0:
2025-07-27 03:30:23 - AutoML.ComparativeEarlyStopping - INFO -   Decision scores: {'statistical_significance': 0.0, 'performance_gap': 0.0, 'learning_trend': 0.0, 'resource_efficiency': 0.15319948000822237}
2025-07-27 03:30:23 - AutoML.ComparativeEarlyStopping - INFO -   Final score: 0.023
2025-07-27 03:30:23 - AutoML.ComparativeEarlyStopping - INFO -   Decision: CONTINUE
2025-07-27 03:30:59 - AutoML.ComparativeEarlyStopping - INFO - Early stopping evaluation for efficientnet_b0:
2025-07-27 03:30:59 - AutoML.ComparativeEarlyStopping - INFO -   Decision scores: {'statistical_significance': 0.0, 'performance_gap': 0.0, 'learning_trend': 0.0, 'resource_efficiency': 0.14269865934554193}
2025-07-27 03:30:59 - AutoML.ComparativeEarlyStopping - INFO -   Final score: 0.021
2025-07-27 03:30:59 - AutoML.ComparativeEarlyStopping - INFO -   Decision: CONTINUE
2025-07-27 03:31:34 - AutoML.ComparativeEarlyStopping - INFO - Early stopping evaluation for efficientnet_b0:
2025-07-27 03:31:34 - AutoML.ComparativeEarlyStopping - INFO -   Decision scores: {'statistical_significance': 0.0, 'performance_gap': 0.0, 'learning_trend': 0.0, 'resource_efficiency': 0.14060983293697216}
2025-07-27 03:31:34 - AutoML.ComparativeEarlyStopping - INFO -   Final score: 0.021
2025-07-27 03:31:34 - AutoML.ComparativeEarlyStopping - INFO -   Decision: CONTINUE
2025-07-27 03:32:10 - AutoML.ComparativeEarlyStopping - INFO - Early stopping evaluation for efficientnet_b0:
2025-07-27 03:32:10 - AutoML.ComparativeEarlyStopping - INFO -   Decision scores: {'statistical_significance': 0.0, 'performance_gap': 0.0, 'learning_trend': 0.0, 'resource_efficiency': 0.1381113555137068}
2025-07-27 03:32:10 - AutoML.ComparativeEarlyStopping - INFO -   Final score: 0.021
2025-07-27 03:32:10 - AutoML.ComparativeEarlyStopping - INFO -   Decision: CONTINUE
2025-07-27 03:32:10 - AutoML.Trainer - INFO - Epoch 25/40 - Train Acc: 0.4432, Val Acc: 0.4427, Val Loss: 1.4809, Time: 35.5s
2025-07-27 03:32:45 - AutoML.ComparativeEarlyStopping - INFO - Early stopping evaluation for efficientnet_b0:
2025-07-27 03:32:45 - AutoML.ComparativeEarlyStopping - INFO -   Decision scores: {'statistical_significance': 0.0, 'performance_gap': 0.0, 'learning_trend': 0.0, 'resource_efficiency': 0.13895303652716418}
2025-07-27 03:32:45 - AutoML.ComparativeEarlyStopping - INFO -   Final score: 0.021
2025-07-27 03:32:45 - AutoML.ComparativeEarlyStopping - INFO -   Decision: CONTINUE
2025-07-27 03:33:21 - AutoML.ComparativeEarlyStopping - INFO - Early stopping evaluation for efficientnet_b0:
2025-07-27 03:33:21 - AutoML.ComparativeEarlyStopping - INFO -   Decision scores: {'statistical_significance': 0.0, 'performance_gap': 0.0, 'learning_trend': 0.0, 'resource_efficiency': 0.14281832111343906}
2025-07-27 03:33:21 - AutoML.ComparativeEarlyStopping - INFO -   Final score: 0.021
2025-07-27 03:33:21 - AutoML.ComparativeEarlyStopping - INFO -   Decision: CONTINUE
2025-07-27 03:33:57 - AutoML.ComparativeEarlyStopping - INFO - Early stopping evaluation for efficientnet_b0:
2025-07-27 03:33:57 - AutoML.ComparativeEarlyStopping - INFO -   Decision scores: {'statistical_significance': 0.0, 'performance_gap': 0.0, 'learning_trend': 0.0, 'resource_efficiency': 0.14071697744861755}
2025-07-27 03:33:57 - AutoML.ComparativeEarlyStopping - INFO -   Final score: 0.021
2025-07-27 03:33:57 - AutoML.ComparativeEarlyStopping - INFO -   Decision: CONTINUE
2025-07-27 03:34:34 - AutoML.ComparativeEarlyStopping - INFO - Early stopping evaluation for efficientnet_b0:
2025-07-27 03:34:34 - AutoML.ComparativeEarlyStopping - INFO -   Decision scores: {'statistical_significance': 0.0, 'performance_gap': 0.0, 'learning_trend': 0.0, 'resource_efficiency': 0.15144501075371852}
2025-07-27 03:34:34 - AutoML.ComparativeEarlyStopping - INFO -   Final score: 0.023
2025-07-27 03:34:34 - AutoML.ComparativeEarlyStopping - INFO -   Decision: CONTINUE
2025-07-27 03:35:11 - AutoML.ComparativeEarlyStopping - INFO - Early stopping evaluation for efficientnet_b0:
2025-07-27 03:35:11 - AutoML.ComparativeEarlyStopping - INFO -   Decision scores: {'statistical_significance': 0.0, 'performance_gap': 0.0, 'learning_trend': 0.0, 'resource_efficiency': 0.1523659454851628}
2025-07-27 03:35:11 - AutoML.ComparativeEarlyStopping - INFO -   Final score: 0.023
2025-07-27 03:35:11 - AutoML.ComparativeEarlyStopping - INFO -   Decision: CONTINUE
2025-07-27 03:35:11 - AutoML.Trainer - INFO - Epoch 30/40 - Train Acc: 0.4518, Val Acc: 0.4495, Val Loss: 1.4506, Time: 36.7s
2025-07-27 03:35:47 - AutoML.ComparativeEarlyStopping - INFO - Early stopping evaluation for efficientnet_b0:
2025-07-27 03:35:47 - AutoML.ComparativeEarlyStopping - INFO -   Decision scores: {'statistical_significance': 0.0, 'performance_gap': 0.0, 'learning_trend': 0.0, 'resource_efficiency': 0.15557529227718403}
2025-07-27 03:35:47 - AutoML.ComparativeEarlyStopping - INFO -   Final score: 0.023
2025-07-27 03:35:47 - AutoML.ComparativeEarlyStopping - INFO -   Decision: CONTINUE
2025-07-27 03:36:23 - AutoML.ComparativeEarlyStopping - INFO - Early stopping evaluation for efficientnet_b0:
2025-07-27 03:36:23 - AutoML.ComparativeEarlyStopping - INFO -   Decision scores: {'statistical_significance': 0.0, 'performance_gap': 0.0, 'learning_trend': 0.0, 'resource_efficiency': 0.14611802954599717}
2025-07-27 03:36:23 - AutoML.ComparativeEarlyStopping - INFO -   Final score: 0.022
2025-07-27 03:36:23 - AutoML.ComparativeEarlyStopping - INFO -   Decision: CONTINUE
2025-07-27 03:36:59 - AutoML.ComparativeEarlyStopping - INFO - Early stopping evaluation for efficientnet_b0:
2025-07-27 03:36:59 - AutoML.ComparativeEarlyStopping - INFO -   Decision scores: {'statistical_significance': 0.0, 'performance_gap': 0.0, 'learning_trend': 0.0, 'resource_efficiency': 0.14401100521531562}
2025-07-27 03:36:59 - AutoML.ComparativeEarlyStopping - INFO -   Final score: 0.022
2025-07-27 03:36:59 - AutoML.ComparativeEarlyStopping - INFO -   Decision: CONTINUE
2025-07-27 03:37:35 - AutoML.ComparativeEarlyStopping - INFO - Early stopping evaluation for efficientnet_b0:
2025-07-27 03:37:35 - AutoML.ComparativeEarlyStopping - INFO -   Decision scores: {'statistical_significance': 0.0, 'performance_gap': 0.0, 'learning_trend': 0.0, 'resource_efficiency': 0.14664415721231716}
2025-07-27 03:37:35 - AutoML.ComparativeEarlyStopping - INFO -   Final score: 0.022
2025-07-27 03:37:35 - AutoML.ComparativeEarlyStopping - INFO -   Decision: CONTINUE
2025-07-27 03:38:11 - AutoML.ComparativeEarlyStopping - INFO - Early stopping evaluation for efficientnet_b0:
2025-07-27 03:38:11 - AutoML.ComparativeEarlyStopping - INFO -   Decision scores: {'statistical_significance': 0.0, 'performance_gap': 0.0, 'learning_trend': 0.0, 'resource_efficiency': 0.14259623696961932}
2025-07-27 03:38:11 - AutoML.ComparativeEarlyStopping - INFO -   Final score: 0.021
2025-07-27 03:38:11 - AutoML.ComparativeEarlyStopping - INFO -   Decision: CONTINUE
2025-07-27 03:38:11 - AutoML.Trainer - INFO - Epoch 35/40 - Train Acc: 0.4483, Val Acc: 0.4500, Val Loss: 1.4309, Time: 35.9s
2025-07-27 03:38:47 - AutoML.ComparativeEarlyStopping - INFO - Early stopping evaluation for efficientnet_b0:
2025-07-27 03:38:47 - AutoML.ComparativeEarlyStopping - INFO -   Decision scores: {'statistical_significance': 0.0, 'performance_gap': 0.0, 'learning_trend': 0.3, 'resource_efficiency': 0.14099019859484274}
2025-07-27 03:38:47 - AutoML.ComparativeEarlyStopping - INFO -   Final score: 0.096
2025-07-27 03:38:47 - AutoML.ComparativeEarlyStopping - INFO -   Decision: CONTINUE
2025-07-27 03:39:24 - AutoML.ComparativeEarlyStopping - INFO - Early stopping evaluation for efficientnet_b0:
2025-07-27 03:39:24 - AutoML.ComparativeEarlyStopping - INFO -   Decision scores: {'statistical_significance': 0.0, 'performance_gap': 0.0, 'learning_trend': 0.5, 'resource_efficiency': 0.1442274880023512}
2025-07-27 03:39:24 - AutoML.ComparativeEarlyStopping - INFO -   Final score: 0.147
2025-07-27 03:39:24 - AutoML.ComparativeEarlyStopping - INFO -   Decision: CONTINUE
2025-07-27 03:40:00 - AutoML.ComparativeEarlyStopping - INFO - Early stopping evaluation for efficientnet_b0:
2025-07-27 03:40:00 - AutoML.ComparativeEarlyStopping - INFO -   Decision scores: {'statistical_significance': 0.0, 'performance_gap': 0.0, 'learning_trend': 0.0, 'resource_efficiency': 0.14154851047011852}
2025-07-27 03:40:00 - AutoML.ComparativeEarlyStopping - INFO -   Final score: 0.021
2025-07-27 03:40:00 - AutoML.ComparativeEarlyStopping - INFO -   Decision: CONTINUE
2025-07-27 03:40:35 - AutoML.ComparativeEarlyStopping - INFO - Early stopping evaluation for efficientnet_b0:
2025-07-27 03:40:35 - AutoML.ComparativeEarlyStopping - INFO -   Decision scores: {'statistical_significance': 0.0, 'performance_gap': 0.0, 'learning_trend': 0.0, 'resource_efficiency': 0.13974069048039084}
2025-07-27 03:40:35 - AutoML.ComparativeEarlyStopping - INFO -   Final score: 0.021
2025-07-27 03:40:35 - AutoML.ComparativeEarlyStopping - INFO -   Decision: CONTINUE
2025-07-27 03:41:11 - AutoML.ComparativeEarlyStopping - INFO - Early stopping evaluation for efficientnet_b0:
2025-07-27 03:41:11 - AutoML.ComparativeEarlyStopping - INFO -   Decision scores: {'statistical_significance': 0.0, 'performance_gap': 0.0, 'learning_trend': 0.0, 'resource_efficiency': 0.12947437991002586}
2025-07-27 03:41:11 - AutoML.ComparativeEarlyStopping - INFO -   Final score: 0.019
2025-07-27 03:41:11 - AutoML.ComparativeEarlyStopping - INFO -   Decision: CONTINUE
2025-07-27 03:41:11 - AutoML.Trainer - INFO - Epoch 40/40 - Train Acc: 0.4487, Val Acc: 0.4472, Val Loss: 1.4359, Time: 35.5s
2025-07-27 03:41:11 - AutoML.Trainer - INFO - Training completed for efficientnet_b0
2025-07-27 03:41:11 - AutoML.Trainer - INFO - Best validation accuracy: 0.4526
2025-07-27 03:41:11 - AutoML.Trainer - INFO - Total training time: 1442.6s
2025-07-27 03:41:11 - AutoML.Trainer - INFO - Average epoch time: 36.1s
2025-07-27 03:41:11 - AutoML.Trainer - INFO - Evaluating hyperparameters for efficientnet_b0: {'learning_rate': 0.0035033984911586884, 'optimizer': 'adam', 'weight_decay': 2.59247566047516e-05, 'batch_size': 64, 'dropout_rate': 0.13476071785753893, 'pretrained': True, 'lr_scheduler': 'cosine', 'max_epochs': 16}
2025-07-27 03:41:11 - AutoML.ModelFactory - INFO - Creating efficientnet_b0 (pretrained=True, dropout=0.13476071785753893)
2025-07-27 03:41:11 - AutoML - INFO -  Starting: efficientnet_b0 creation
2025-07-27 03:41:11 - AutoML.ModelFactory - INFO - efficientnet_b0 created successfully:
2025-07-27 03:41:11 - AutoML.ModelFactory - INFO -   Parameters: 4,015,939
2025-07-27 03:41:11 - AutoML.ModelFactory - INFO -   Trainable: 4,015,939
2025-07-27 03:41:11 - AutoML.ModelFactory - INFO -   Model size: 15.32 MB
2025-07-27 03:41:11 - AutoML - INFO -  efficientnet_b0 creation completed in 0.25 seconds
2025-07-27 03:41:22 - AutoML.Trainer - INFO - Class distribution: {6: 109, 3: 171, 5: 63, 1: 11, 4: 103, 2: 92, 0: 91}
2025-07-27 03:41:22 - AutoML.Trainer - INFO - Class weights: [1.0047095761381475, 8.311688311688311, 0.9937888198757764, 0.5346700083542189, 0.8876560332871013, 1.4512471655328798, 0.8387942332896461]
2025-07-27 03:44:21 - AutoML.ComparativeEarlyStopping - INFO - Early stopping evaluation for efficientnet_b0:
2025-07-27 03:44:21 - AutoML.ComparativeEarlyStopping - INFO -   Decision scores: {'statistical_significance': 0.0, 'performance_gap': 0.0, 'learning_trend': 0.0, 'resource_efficiency': 0.02196519063279634}
2025-07-27 03:44:21 - AutoML.ComparativeEarlyStopping - INFO -   Final score: 0.003
2025-07-27 03:44:21 - AutoML.ComparativeEarlyStopping - INFO -   Decision: CONTINUE
2025-07-27 03:44:21 - AutoML.Trainer - INFO - Epoch 5/16 - Train Acc: 0.5024, Val Acc: 0.5273, Val Loss: 1.2772, Time: 36.2s
2025-07-27 03:44:56 - AutoML.ComparativeEarlyStopping - INFO - Early stopping evaluation for efficientnet_b0:
2025-07-27 03:44:56 - AutoML.ComparativeEarlyStopping - INFO -   Decision scores: {'statistical_significance': 0.0, 'performance_gap': 0.0, 'learning_trend': 0.5, 'resource_efficiency': 0.0}
2025-07-27 03:44:56 - AutoML.ComparativeEarlyStopping - INFO -   Final score: 0.125
2025-07-27 03:44:56 - AutoML.ComparativeEarlyStopping - INFO -   Decision: CONTINUE
2025-07-27 03:45:32 - AutoML.ComparativeEarlyStopping - INFO - Early stopping evaluation for efficientnet_b0:
2025-07-27 03:45:32 - AutoML.ComparativeEarlyStopping - INFO -   Decision scores: {'statistical_significance': 0.0, 'performance_gap': 0.0, 'learning_trend': 0.5, 'resource_efficiency': 0.0}
2025-07-27 03:45:32 - AutoML.ComparativeEarlyStopping - INFO -   Final score: 0.125
2025-07-27 03:45:32 - AutoML.ComparativeEarlyStopping - INFO -   Decision: CONTINUE
2025-07-27 03:46:08 - AutoML.ComparativeEarlyStopping - INFO - Early stopping evaluation for efficientnet_b0:
2025-07-27 03:46:08 - AutoML.ComparativeEarlyStopping - INFO -   Decision scores: {'statistical_significance': 0.0, 'performance_gap': 0.0, 'learning_trend': 0.5, 'resource_efficiency': 0.0}
2025-07-27 03:46:08 - AutoML.ComparativeEarlyStopping - INFO -   Final score: 0.125
2025-07-27 03:46:08 - AutoML.ComparativeEarlyStopping - INFO -   Decision: CONTINUE
2025-07-27 03:46:45 - AutoML.ComparativeEarlyStopping - INFO - Early stopping evaluation for efficientnet_b0:
2025-07-27 03:46:45 - AutoML.ComparativeEarlyStopping - INFO -   Decision scores: {'statistical_significance': 0.0, 'performance_gap': 0.0, 'learning_trend': 0.3, 'resource_efficiency': 0.0}
2025-07-27 03:46:45 - AutoML.ComparativeEarlyStopping - INFO -   Final score: 0.075
2025-07-27 03:46:45 - AutoML.ComparativeEarlyStopping - INFO -   Decision: CONTINUE
2025-07-27 03:47:21 - AutoML.ComparativeEarlyStopping - INFO - Early stopping evaluation for efficientnet_b0:
2025-07-27 03:47:21 - AutoML.ComparativeEarlyStopping - INFO -   Decision scores: {'statistical_significance': 0.0, 'performance_gap': 0.0, 'learning_trend': 0.0, 'resource_efficiency': 0.0}
2025-07-27 03:47:21 - AutoML.ComparativeEarlyStopping - INFO -   Final score: 0.000
2025-07-27 03:47:21 - AutoML.ComparativeEarlyStopping - INFO -   Decision: CONTINUE
2025-07-27 03:47:21 - AutoML.Trainer - INFO - Epoch 10/16 - Train Acc: 0.5996, Val Acc: 0.5707, Val Loss: 1.1516, Time: 35.9s
2025-07-27 03:47:56 - AutoML.ComparativeEarlyStopping - INFO - Early stopping evaluation for efficientnet_b0:
2025-07-27 03:47:56 - AutoML.ComparativeEarlyStopping - INFO -   Decision scores: {'statistical_significance': 0.0, 'performance_gap': 0.0, 'learning_trend': 0.0, 'resource_efficiency': 0.0}
2025-07-27 03:47:56 - AutoML.ComparativeEarlyStopping - INFO -   Final score: 0.000
2025-07-27 03:47:56 - AutoML.ComparativeEarlyStopping - INFO -   Decision: CONTINUE
2025-07-27 03:48:31 - AutoML.ComparativeEarlyStopping - INFO - Early stopping evaluation for efficientnet_b0:
2025-07-27 03:48:31 - AutoML.ComparativeEarlyStopping - INFO -   Decision scores: {'statistical_significance': 0.0, 'performance_gap': 0.0, 'learning_trend': 0.0, 'resource_efficiency': 0.0}
2025-07-27 03:48:31 - AutoML.ComparativeEarlyStopping - INFO -   Final score: 0.000
2025-07-27 03:48:31 - AutoML.ComparativeEarlyStopping - INFO -   Decision: CONTINUE
2025-07-27 03:49:07 - AutoML.ComparativeEarlyStopping - INFO - Early stopping evaluation for efficientnet_b0:
2025-07-27 03:49:07 - AutoML.ComparativeEarlyStopping - INFO -   Decision scores: {'statistical_significance': 0.0, 'performance_gap': 0.0, 'learning_trend': 0.0, 'resource_efficiency': 0.0}
2025-07-27 03:49:07 - AutoML.ComparativeEarlyStopping - INFO -   Final score: 0.000
2025-07-27 03:49:07 - AutoML.ComparativeEarlyStopping - INFO -   Decision: CONTINUE
2025-07-27 03:49:43 - AutoML.ComparativeEarlyStopping - INFO - Early stopping evaluation for efficientnet_b0:
2025-07-27 03:49:43 - AutoML.ComparativeEarlyStopping - INFO -   Decision scores: {'statistical_significance': 0.0, 'performance_gap': 0.0, 'learning_trend': 0.0, 'resource_efficiency': 0.0}
2025-07-27 03:49:43 - AutoML.ComparativeEarlyStopping - INFO -   Final score: 0.000
2025-07-27 03:49:43 - AutoML.ComparativeEarlyStopping - INFO -   Decision: CONTINUE
2025-07-27 03:50:20 - AutoML.ComparativeEarlyStopping - INFO - Early stopping evaluation for efficientnet_b0:
2025-07-27 03:50:20 - AutoML.ComparativeEarlyStopping - INFO -   Decision scores: {'statistical_significance': 0.0, 'performance_gap': 0.0, 'learning_trend': 0.0, 'resource_efficiency': 0.0}
2025-07-27 03:50:20 - AutoML.ComparativeEarlyStopping - INFO -   Final score: 0.000
2025-07-27 03:50:20 - AutoML.ComparativeEarlyStopping - INFO -   Decision: CONTINUE
2025-07-27 03:50:20 - AutoML.Trainer - INFO - Epoch 15/16 - Train Acc: 0.7088, Val Acc: 0.6216, Val Loss: 1.1805, Time: 36.4s
2025-07-27 03:50:56 - AutoML.ComparativeEarlyStopping - INFO - Early stopping evaluation for efficientnet_b0:
2025-07-27 03:50:56 - AutoML.ComparativeEarlyStopping - INFO -   Decision scores: {'statistical_significance': 0.0, 'performance_gap': 0.0, 'learning_trend': 0.0, 'resource_efficiency': 0.0}
2025-07-27 03:50:56 - AutoML.ComparativeEarlyStopping - INFO -   Final score: 0.000
2025-07-27 03:50:56 - AutoML.ComparativeEarlyStopping - INFO -   Decision: CONTINUE
2025-07-27 03:50:56 - AutoML.Trainer - INFO - Epoch 16/16 - Train Acc: 0.7272, Val Acc: 0.6163, Val Loss: 1.1970, Time: 35.8s
2025-07-27 03:50:56 - AutoML.Trainer - INFO - Training completed for efficientnet_b0
2025-07-27 03:50:56 - AutoML.Trainer - INFO - Best validation accuracy: 0.6216
2025-07-27 03:50:56 - AutoML.Trainer - INFO - Total training time: 573.4s
2025-07-27 03:50:56 - AutoML.Trainer - INFO - Average epoch time: 35.8s
2025-07-27 03:50:56 - AutoML.Trainer - INFO - Evaluating hyperparameters for efficientnet_b0: {'learning_rate': 0.0004187594718900631, 'optimizer': 'adamw', 'weight_decay': 5.948746813219775e-05, 'batch_size': 256, 'dropout_rate': 0.2683831592708489, 'pretrained': True, 'lr_scheduler': 'cosine', 'max_epochs': 26}
2025-07-27 03:50:56 - AutoML.ModelFactory - INFO - Creating efficientnet_b0 (pretrained=True, dropout=0.2683831592708489)
2025-07-27 03:50:56 - AutoML - INFO -  Starting: efficientnet_b0 creation
2025-07-27 03:50:56 - AutoML.ModelFactory - INFO - efficientnet_b0 created successfully:
2025-07-27 03:50:56 - AutoML.ModelFactory - INFO -   Parameters: 4,015,939
2025-07-27 03:50:56 - AutoML.ModelFactory - INFO -   Trainable: 4,015,939
2025-07-27 03:50:56 - AutoML.ModelFactory - INFO -   Model size: 15.32 MB
2025-07-27 03:50:56 - AutoML - INFO -  efficientnet_b0 creation completed in 0.53 seconds
2025-07-27 03:51:07 - AutoML.Trainer - INFO - Class distribution: {5: 77, 6: 108, 3: 168, 2: 86, 4: 108, 0: 88, 1: 5}
2025-07-27 03:51:07 - AutoML.Trainer - INFO - Class weights: [1.0389610389610389, 18.285714285714285, 1.06312292358804, 0.54421768707483, 0.8465608465608465, 1.1873840445269017, 0.8465608465608465]
2025-07-27 03:54:05 - AutoML.ComparativeEarlyStopping - INFO - Early stopping evaluation for efficientnet_b0:
2025-07-27 03:54:05 - AutoML.ComparativeEarlyStopping - INFO -   Decision scores: {'statistical_significance': 0.0, 'performance_gap': 0.5645535817949611, 'learning_trend': 0.0, 'resource_efficiency': 0.2659234081738294}
2025-07-27 03:54:05 - AutoML.ComparativeEarlyStopping - INFO -   Final score: 0.181
2025-07-27 03:54:05 - AutoML.ComparativeEarlyStopping - INFO -   Decision: CONTINUE
2025-07-27 03:54:05 - AutoML.Trainer - INFO - Epoch 5/26 - Train Acc: 0.4080, Val Acc: 0.4255, Val Loss: 1.4464, Time: 37.9s
2025-07-27 03:54:42 - AutoML.ComparativeEarlyStopping - INFO - Early stopping evaluation for efficientnet_b0:
2025-07-27 03:54:42 - AutoML.ComparativeEarlyStopping - INFO -   Decision scores: {'statistical_significance': 0.0, 'performance_gap': 0.1081214443283407, 'learning_trend': 0.0, 'resource_efficiency': 0.20400716644746697}
2025-07-27 03:54:42 - AutoML.ComparativeEarlyStopping - INFO -   Final score: 0.058
2025-07-27 03:54:42 - AutoML.ComparativeEarlyStopping - INFO -   Decision: CONTINUE
2025-07-27 03:55:17 - AutoML.ComparativeEarlyStopping - INFO - Early stopping evaluation for efficientnet_b0:
2025-07-27 03:55:17 - AutoML.ComparativeEarlyStopping - INFO -   Decision scores: {'statistical_significance': 0.0, 'performance_gap': 0.0, 'learning_trend': 0.0, 'resource_efficiency': 0.14391112545787765}
2025-07-27 03:55:17 - AutoML.ComparativeEarlyStopping - INFO -   Final score: 0.022
2025-07-27 03:55:17 - AutoML.ComparativeEarlyStopping - INFO -   Decision: CONTINUE
2025-07-27 03:55:53 - AutoML.ComparativeEarlyStopping - INFO - Early stopping evaluation for efficientnet_b0:
2025-07-27 03:55:53 - AutoML.ComparativeEarlyStopping - INFO -   Decision scores: {'statistical_significance': 0.0, 'performance_gap': 0.0, 'learning_trend': 0.0, 'resource_efficiency': 0.0723490731982468}
2025-07-27 03:55:53 - AutoML.ComparativeEarlyStopping - INFO -   Final score: 0.011
2025-07-27 03:55:53 - AutoML.ComparativeEarlyStopping - INFO -   Decision: CONTINUE
2025-07-27 03:56:28 - AutoML.ComparativeEarlyStopping - INFO - Early stopping evaluation for efficientnet_b0:
2025-07-27 03:56:28 - AutoML.ComparativeEarlyStopping - INFO -   Decision scores: {'statistical_significance': 0.0, 'performance_gap': 0.0, 'learning_trend': 0.0, 'resource_efficiency': 0.013414108358541732}
2025-07-27 03:56:28 - AutoML.ComparativeEarlyStopping - INFO -   Final score: 0.002
2025-07-27 03:56:28 - AutoML.ComparativeEarlyStopping - INFO -   Decision: CONTINUE
2025-07-27 03:57:03 - AutoML.ComparativeEarlyStopping - INFO - Early stopping evaluation for efficientnet_b0:
2025-07-27 03:57:03 - AutoML.ComparativeEarlyStopping - INFO -   Decision scores: {'statistical_significance': 0.0, 'performance_gap': 0.0, 'learning_trend': 0.0, 'resource_efficiency': 0.0}
2025-07-27 03:57:03 - AutoML.ComparativeEarlyStopping - INFO -   Final score: 0.000
2025-07-27 03:57:03 - AutoML.ComparativeEarlyStopping - INFO -   Decision: CONTINUE
2025-07-27 03:57:03 - AutoML.Trainer - INFO - Epoch 10/26 - Train Acc: 0.5460, Val Acc: 0.5204, Val Loss: 1.3028, Time: 34.8s
2025-07-27 03:57:38 - AutoML.ComparativeEarlyStopping - INFO - Early stopping evaluation for efficientnet_b0:
2025-07-27 03:57:38 - AutoML.ComparativeEarlyStopping - INFO -   Decision scores: {'statistical_significance': 0.0, 'performance_gap': 0.0, 'learning_trend': 0.0, 'resource_efficiency': 0.0}
2025-07-27 03:57:38 - AutoML.ComparativeEarlyStopping - INFO -   Final score: 0.000
2025-07-27 03:57:38 - AutoML.ComparativeEarlyStopping - INFO -   Decision: CONTINUE
2025-07-27 03:58:13 - AutoML.ComparativeEarlyStopping - INFO - Early stopping evaluation for efficientnet_b0:
2025-07-27 03:58:13 - AutoML.ComparativeEarlyStopping - INFO -   Decision scores: {'statistical_significance': 0.0, 'performance_gap': 0.0, 'learning_trend': 0.0, 'resource_efficiency': 0.0}
2025-07-27 03:58:13 - AutoML.ComparativeEarlyStopping - INFO -   Final score: 0.000
2025-07-27 03:58:13 - AutoML.ComparativeEarlyStopping - INFO -   Decision: CONTINUE
2025-07-27 03:58:48 - AutoML.ComparativeEarlyStopping - INFO - Early stopping evaluation for efficientnet_b0:
2025-07-27 03:58:48 - AutoML.ComparativeEarlyStopping - INFO -   Decision scores: {'statistical_significance': 0.0, 'performance_gap': 0.0, 'learning_trend': 0.0, 'resource_efficiency': 0.0}
2025-07-27 03:58:48 - AutoML.ComparativeEarlyStopping - INFO -   Final score: 0.000
2025-07-27 03:58:48 - AutoML.ComparativeEarlyStopping - INFO -   Decision: CONTINUE
2025-07-27 03:59:24 - AutoML.ComparativeEarlyStopping - INFO - Early stopping evaluation for efficientnet_b0:
2025-07-27 03:59:24 - AutoML.ComparativeEarlyStopping - INFO -   Decision scores: {'statistical_significance': 0.0, 'performance_gap': 0.0, 'learning_trend': 0.0, 'resource_efficiency': 0.0}
2025-07-27 03:59:24 - AutoML.ComparativeEarlyStopping - INFO -   Final score: 0.000
2025-07-27 03:59:24 - AutoML.ComparativeEarlyStopping - INFO -   Decision: CONTINUE
2025-07-27 04:00:00 - AutoML.ComparativeEarlyStopping - INFO - Early stopping evaluation for efficientnet_b0:
2025-07-27 04:00:00 - AutoML.ComparativeEarlyStopping - INFO -   Decision scores: {'statistical_significance': 0.0, 'performance_gap': 0.0, 'learning_trend': 0.0, 'resource_efficiency': 0.0}
2025-07-27 04:00:00 - AutoML.ComparativeEarlyStopping - INFO -   Final score: 0.000
2025-07-27 04:00:00 - AutoML.ComparativeEarlyStopping - INFO -   Decision: CONTINUE
2025-07-27 04:00:00 - AutoML.Trainer - INFO - Epoch 15/26 - Train Acc: 0.6514, Val Acc: 0.5705, Val Loss: 1.3677, Time: 35.5s
2025-07-27 04:00:35 - AutoML.ComparativeEarlyStopping - INFO - Early stopping evaluation for efficientnet_b0:
2025-07-27 04:00:35 - AutoML.ComparativeEarlyStopping - INFO -   Decision scores: {'statistical_significance': 0.0, 'performance_gap': 0.0, 'learning_trend': 0.0, 'resource_efficiency': 0.0}
2025-07-27 04:00:35 - AutoML.ComparativeEarlyStopping - INFO -   Final score: 0.000
2025-07-27 04:00:35 - AutoML.ComparativeEarlyStopping - INFO -   Decision: CONTINUE
2025-07-27 04:01:10 - AutoML.ComparativeEarlyStopping - INFO - Early stopping evaluation for efficientnet_b0:
2025-07-27 04:01:10 - AutoML.ComparativeEarlyStopping - INFO -   Decision scores: {'statistical_significance': 0.0, 'performance_gap': 0.0, 'learning_trend': 0.0, 'resource_efficiency': 0.0}
2025-07-27 04:01:10 - AutoML.ComparativeEarlyStopping - INFO -   Final score: 0.000
2025-07-27 04:01:10 - AutoML.ComparativeEarlyStopping - INFO -   Decision: CONTINUE
2025-07-27 04:01:46 - AutoML.ComparativeEarlyStopping - INFO - Early stopping evaluation for efficientnet_b0:
2025-07-27 04:01:46 - AutoML.ComparativeEarlyStopping - INFO -   Decision scores: {'statistical_significance': 0.0, 'performance_gap': 0.0, 'learning_trend': 0.0, 'resource_efficiency': 0.0}
2025-07-27 04:01:46 - AutoML.ComparativeEarlyStopping - INFO -   Final score: 0.000
2025-07-27 04:01:46 - AutoML.ComparativeEarlyStopping - INFO -   Decision: CONTINUE
2025-07-27 04:02:21 - AutoML.ComparativeEarlyStopping - INFO - Early stopping evaluation for efficientnet_b0:
2025-07-27 04:02:21 - AutoML.ComparativeEarlyStopping - INFO -   Decision scores: {'statistical_significance': 0.0, 'performance_gap': 0.0, 'learning_trend': 0.0, 'resource_efficiency': 0.0}
2025-07-27 04:02:21 - AutoML.ComparativeEarlyStopping - INFO -   Final score: 0.000
2025-07-27 04:02:21 - AutoML.ComparativeEarlyStopping - INFO -   Decision: CONTINUE
2025-07-27 04:03:00 - AutoML.ComparativeEarlyStopping - INFO - Early stopping evaluation for efficientnet_b0:
2025-07-27 04:03:00 - AutoML.ComparativeEarlyStopping - INFO -   Decision scores: {'statistical_significance': 0.0, 'performance_gap': 0.0, 'learning_trend': 0.0, 'resource_efficiency': 0.0}
2025-07-27 04:03:00 - AutoML.ComparativeEarlyStopping - INFO -   Final score: 0.000
2025-07-27 04:03:00 - AutoML.ComparativeEarlyStopping - INFO -   Decision: CONTINUE
2025-07-27 04:03:00 - AutoML.Trainer - INFO - Epoch 20/26 - Train Acc: 0.7740, Val Acc: 0.5782, Val Loss: 1.6687, Time: 38.5s
2025-07-27 04:03:35 - AutoML.ComparativeEarlyStopping - INFO - Early stopping evaluation for efficientnet_b0:
2025-07-27 04:03:35 - AutoML.ComparativeEarlyStopping - INFO -   Decision scores: {'statistical_significance': 0.0, 'performance_gap': 0.0, 'learning_trend': 0.0, 'resource_efficiency': 0.0}
2025-07-27 04:03:35 - AutoML.ComparativeEarlyStopping - INFO -   Final score: 0.000
2025-07-27 04:03:35 - AutoML.ComparativeEarlyStopping - INFO -   Decision: CONTINUE
2025-07-27 04:04:10 - AutoML.ComparativeEarlyStopping - INFO - Early stopping evaluation for efficientnet_b0:
2025-07-27 04:04:10 - AutoML.ComparativeEarlyStopping - INFO -   Decision scores: {'statistical_significance': 0.0, 'performance_gap': 0.0, 'learning_trend': 0.0, 'resource_efficiency': 0.0}
2025-07-27 04:04:10 - AutoML.ComparativeEarlyStopping - INFO -   Final score: 0.000
2025-07-27 04:04:10 - AutoML.ComparativeEarlyStopping - INFO -   Decision: CONTINUE
2025-07-27 04:04:45 - AutoML.ComparativeEarlyStopping - INFO - Early stopping evaluation for efficientnet_b0:
2025-07-27 04:04:45 - AutoML.ComparativeEarlyStopping - INFO -   Decision scores: {'statistical_significance': 0.0, 'performance_gap': 0.0, 'learning_trend': 0.0, 'resource_efficiency': 0.0}
2025-07-27 04:04:45 - AutoML.ComparativeEarlyStopping - INFO -   Final score: 0.000
2025-07-27 04:04:45 - AutoML.ComparativeEarlyStopping - INFO -   Decision: CONTINUE
2025-07-27 04:05:21 - AutoML.ComparativeEarlyStopping - INFO - Early stopping evaluation for efficientnet_b0:
2025-07-27 04:05:21 - AutoML.ComparativeEarlyStopping - INFO -   Decision scores: {'statistical_significance': 0.0, 'performance_gap': 0.0, 'learning_trend': 0.0, 'resource_efficiency': 0.0}
2025-07-27 04:05:21 - AutoML.ComparativeEarlyStopping - INFO -   Final score: 0.000
2025-07-27 04:05:21 - AutoML.ComparativeEarlyStopping - INFO -   Decision: CONTINUE
2025-07-27 04:05:56 - AutoML.ComparativeEarlyStopping - INFO - Early stopping evaluation for efficientnet_b0:
2025-07-27 04:05:56 - AutoML.ComparativeEarlyStopping - INFO -   Decision scores: {'statistical_significance': 0.0, 'performance_gap': 0.0, 'learning_trend': 0.0, 'resource_efficiency': 0.0}
2025-07-27 04:05:56 - AutoML.ComparativeEarlyStopping - INFO -   Final score: 0.000
2025-07-27 04:05:56 - AutoML.ComparativeEarlyStopping - INFO -   Decision: CONTINUE
2025-07-27 04:05:56 - AutoML.Trainer - INFO - Epoch 25/26 - Train Acc: 0.8406, Val Acc: 0.5885, Val Loss: 1.8151, Time: 35.0s
2025-07-27 04:06:32 - AutoML.ComparativeEarlyStopping - INFO - Early stopping evaluation for efficientnet_b0:
2025-07-27 04:06:32 - AutoML.ComparativeEarlyStopping - INFO -   Decision scores: {'statistical_significance': 0.0, 'performance_gap': 0.0, 'learning_trend': 0.0, 'resource_efficiency': 0.0}
2025-07-27 04:06:32 - AutoML.ComparativeEarlyStopping - INFO -   Final score: 0.000
2025-07-27 04:06:32 - AutoML.ComparativeEarlyStopping - INFO -   Decision: CONTINUE
2025-07-27 04:06:32 - AutoML.Trainer - INFO - Epoch 26/26 - Train Acc: 0.8412, Val Acc: 0.5859, Val Loss: 1.8075, Time: 35.4s
2025-07-27 04:06:32 - AutoML.Trainer - INFO - Training completed for efficientnet_b0
2025-07-27 04:06:32 - AutoML.Trainer - INFO - Best validation accuracy: 0.5895
2025-07-27 04:06:32 - AutoML.Trainer - INFO - Total training time: 924.6s
2025-07-27 04:06:32 - AutoML.Trainer - INFO - Average epoch time: 35.6s
2025-07-27 04:06:32 - AutoML.Trainer - INFO - Evaluating hyperparameters for efficientnet_b0: {'learning_rate': 0.0001124186209579306, 'optimizer': 'adam', 'weight_decay': 4.253162363790871e-06, 'batch_size': 64, 'dropout_rate': 0.3266653415629146, 'pretrained': True, 'lr_scheduler': 'plateau', 'max_epochs': 19}
2025-07-27 04:06:32 - AutoML.ModelFactory - INFO - Creating efficientnet_b0 (pretrained=True, dropout=0.3266653415629146)
2025-07-27 04:06:32 - AutoML - INFO -  Starting: efficientnet_b0 creation
2025-07-27 04:06:32 - AutoML.ModelFactory - INFO - efficientnet_b0 created successfully:
2025-07-27 04:06:32 - AutoML.ModelFactory - INFO -   Parameters: 4,015,939
2025-07-27 04:06:32 - AutoML.ModelFactory - INFO -   Trainable: 4,015,939
2025-07-27 04:06:32 - AutoML.ModelFactory - INFO -   Model size: 15.32 MB
2025-07-27 04:06:32 - AutoML - INFO -  efficientnet_b0 creation completed in 0.30 seconds
2025-07-27 04:06:43 - AutoML.Trainer - INFO - Class distribution: {6: 96, 3: 162, 2: 91, 0: 106, 5: 60, 4: 115, 1: 10}
2025-07-27 04:06:43 - AutoML.Trainer - INFO - Class weights: [0.862533692722372, 9.142857142857142, 1.0047095761381475, 0.564373897707231, 0.7950310559006211, 1.5238095238095237, 0.9523809523809523]
2025-07-27 04:09:39 - AutoML.ComparativeEarlyStopping - INFO - Early stopping evaluation for efficientnet_b0:
2025-07-27 04:09:39 - AutoML.ComparativeEarlyStopping - INFO -   Decision scores: {'statistical_significance': 0.0, 'performance_gap': 1.0, 'learning_trend': 0.0, 'resource_efficiency': 0.38268833691371573}
2025-07-27 04:09:39 - AutoML.ComparativeEarlyStopping - INFO -   Final score: 0.307
2025-07-27 04:09:39 - AutoML.ComparativeEarlyStopping - INFO -   Decision: CONTINUE
2025-07-27 04:09:39 - AutoML.Trainer - INFO - Epoch 5/19 - Train Acc: 0.3048, Val Acc: 0.3450, Val Loss: 1.6227, Time: 36.5s
2025-07-27 04:10:15 - AutoML.ComparativeEarlyStopping - INFO - Early stopping evaluation for efficientnet_b0:
2025-07-27 04:10:15 - AutoML.ComparativeEarlyStopping - INFO -   Decision scores: {'statistical_significance': 0.0, 'performance_gap': 1.0, 'learning_trend': 0.0, 'resource_efficiency': 0.3311065014884783}
2025-07-27 04:10:15 - AutoML.ComparativeEarlyStopping - INFO -   Final score: 0.300
2025-07-27 04:10:15 - AutoML.ComparativeEarlyStopping - INFO -   Decision: CONTINUE
2025-07-27 04:10:50 - AutoML.ComparativeEarlyStopping - INFO - Early stopping evaluation for efficientnet_b0:
2025-07-27 04:10:50 - AutoML.ComparativeEarlyStopping - INFO -   Decision scores: {'statistical_significance': 0.0, 'performance_gap': 0.7916811796122136, 'learning_trend': 0.0, 'resource_efficiency': 0.29811272583130977}
2025-07-27 04:10:50 - AutoML.ComparativeEarlyStopping - INFO -   Final score: 0.243
2025-07-27 04:10:50 - AutoML.ComparativeEarlyStopping - INFO -   Decision: CONTINUE
2025-07-27 04:11:26 - AutoML.ComparativeEarlyStopping - INFO - Early stopping evaluation for efficientnet_b0:
2025-07-27 04:11:26 - AutoML.ComparativeEarlyStopping - INFO -   Decision scores: {'statistical_significance': 0.0, 'performance_gap': 0.5326251015906183, 'learning_trend': 0.0, 'resource_efficiency': 0.25121079729249307}
2025-07-27 04:11:26 - AutoML.ComparativeEarlyStopping - INFO -   Final score: 0.171
2025-07-27 04:11:26 - AutoML.ComparativeEarlyStopping - INFO -   Decision: CONTINUE
2025-07-27 04:12:01 - AutoML.ComparativeEarlyStopping - INFO - Early stopping evaluation for efficientnet_b0:
2025-07-27 04:12:01 - AutoML.ComparativeEarlyStopping - INFO -   Decision scores: {'statistical_significance': 0.0, 'performance_gap': 0.35556716591199355, 'learning_trend': 0.0, 'resource_efficiency': 0.21634796554225522}
2025-07-27 04:12:01 - AutoML.ComparativeEarlyStopping - INFO -   Final score: 0.121
2025-07-27 04:12:01 - AutoML.ComparativeEarlyStopping - INFO -   Decision: CONTINUE
2025-07-27 04:12:36 - AutoML.ComparativeEarlyStopping - INFO - Early stopping evaluation for efficientnet_b0:
2025-07-27 04:12:36 - AutoML.ComparativeEarlyStopping - INFO -   Decision scores: {'statistical_significance': 0.0, 'performance_gap': 0.12916521537211234, 'learning_trend': 0.0, 'resource_efficiency': 0.17854392800996188}
2025-07-27 04:12:36 - AutoML.ComparativeEarlyStopping - INFO -   Final score: 0.059
2025-07-27 04:12:36 - AutoML.ComparativeEarlyStopping - INFO -   Decision: CONTINUE
2025-07-27 04:12:36 - AutoML.Trainer - INFO - Epoch 10/19 - Train Acc: 0.4267, Val Acc: 0.4347, Val Loss: 4.3035, Time: 35.0s
2025-07-27 04:13:11 - AutoML.ComparativeEarlyStopping - INFO - Early stopping evaluation for efficientnet_b0:
2025-07-27 04:13:11 - AutoML.ComparativeEarlyStopping - INFO -   Decision scores: {'statistical_significance': 0.0, 'performance_gap': 0.0, 'learning_trend': 0.0, 'resource_efficiency': 0.1531848383006038}
2025-07-27 04:13:11 - AutoML.ComparativeEarlyStopping - INFO -   Final score: 0.023
2025-07-27 04:13:11 - AutoML.ComparativeEarlyStopping - INFO -   Decision: CONTINUE
2025-07-27 04:13:47 - AutoML.ComparativeEarlyStopping - INFO - Early stopping evaluation for efficientnet_b0:
2025-07-27 04:13:47 - AutoML.ComparativeEarlyStopping - INFO -   Decision scores: {'statistical_significance': 0.0, 'performance_gap': 0.0, 'learning_trend': 0.0, 'resource_efficiency': 0.12185723362134826}
2025-07-27 04:13:47 - AutoML.ComparativeEarlyStopping - INFO -   Final score: 0.018
2025-07-27 04:13:47 - AutoML.ComparativeEarlyStopping - INFO -   Decision: CONTINUE
2025-07-27 04:14:24 - AutoML.ComparativeEarlyStopping - INFO - Early stopping evaluation for efficientnet_b0:
2025-07-27 04:14:24 - AutoML.ComparativeEarlyStopping - INFO -   Decision scores: {'statistical_significance': 0.0, 'performance_gap': 0.0, 'learning_trend': 0.0, 'resource_efficiency': 0.11187615087917979}
2025-07-27 04:14:24 - AutoML.ComparativeEarlyStopping - INFO -   Final score: 0.017
2025-07-27 04:14:24 - AutoML.ComparativeEarlyStopping - INFO -   Decision: CONTINUE
2025-07-27 04:14:59 - AutoML.ComparativeEarlyStopping - INFO - Early stopping evaluation for efficientnet_b0:
2025-07-27 04:14:59 - AutoML.ComparativeEarlyStopping - INFO -   Decision scores: {'statistical_significance': 0.0, 'performance_gap': 0.0, 'learning_trend': 0.0, 'resource_efficiency': 0.08363473035615765}
2025-07-27 04:14:59 - AutoML.ComparativeEarlyStopping - INFO -   Final score: 0.013
2025-07-27 04:14:59 - AutoML.ComparativeEarlyStopping - INFO -   Decision: CONTINUE
2025-07-27 04:15:36 - AutoML.ComparativeEarlyStopping - INFO - Early stopping evaluation for efficientnet_b0:
2025-07-27 04:15:36 - AutoML.ComparativeEarlyStopping - INFO -   Decision scores: {'statistical_significance': 0.0, 'performance_gap': 0.0, 'learning_trend': 0.0, 'resource_efficiency': 0.06588963711171181}
2025-07-27 04:15:36 - AutoML.ComparativeEarlyStopping - INFO -   Final score: 0.010
2025-07-27 04:15:36 - AutoML.ComparativeEarlyStopping - INFO -   Decision: CONTINUE
2025-07-27 04:15:36 - AutoML.Trainer - INFO - Epoch 15/19 - Train Acc: 0.5217, Val Acc: 0.5007, Val Loss: 1.3157, Time: 36.1s
2025-07-27 04:16:11 - AutoML.ComparativeEarlyStopping - INFO - Early stopping evaluation for efficientnet_b0:
2025-07-27 04:16:11 - AutoML.ComparativeEarlyStopping - INFO -   Decision scores: {'statistical_significance': 0.0, 'performance_gap': 0.0, 'learning_trend': 0.0, 'resource_efficiency': 0.024293211447910634}
2025-07-27 04:16:11 - AutoML.ComparativeEarlyStopping - INFO -   Final score: 0.004
2025-07-27 04:16:11 - AutoML.ComparativeEarlyStopping - INFO -   Decision: CONTINUE
2025-07-27 04:16:45 - AutoML.ComparativeEarlyStopping - INFO - Early stopping evaluation for efficientnet_b0:
2025-07-27 04:16:45 - AutoML.ComparativeEarlyStopping - INFO -   Decision scores: {'statistical_significance': 0.0, 'performance_gap': 0.0, 'learning_trend': 0.0, 'resource_efficiency': 0.0}
2025-07-27 04:16:45 - AutoML.ComparativeEarlyStopping - INFO -   Final score: 0.000
2025-07-27 04:16:45 - AutoML.ComparativeEarlyStopping - INFO -   Decision: CONTINUE
2025-07-27 04:17:22 - AutoML.ComparativeEarlyStopping - INFO - Early stopping evaluation for efficientnet_b0:
2025-07-27 04:17:22 - AutoML.ComparativeEarlyStopping - INFO -   Decision scores: {'statistical_significance': 0.0, 'performance_gap': 0.0, 'learning_trend': 0.0, 'resource_efficiency': 0.0}
2025-07-27 04:17:22 - AutoML.ComparativeEarlyStopping - INFO -   Final score: 0.000
2025-07-27 04:17:22 - AutoML.ComparativeEarlyStopping - INFO -   Decision: CONTINUE
2025-07-27 04:17:58 - AutoML.ComparativeEarlyStopping - INFO - Early stopping evaluation for efficientnet_b0:
2025-07-27 04:17:58 - AutoML.ComparativeEarlyStopping - INFO -   Decision scores: {'statistical_significance': 0.0, 'performance_gap': 0.0, 'learning_trend': 0.0, 'resource_efficiency': 0.0}
2025-07-27 04:17:58 - AutoML.ComparativeEarlyStopping - INFO -   Final score: 0.000
2025-07-27 04:17:58 - AutoML.ComparativeEarlyStopping - INFO -   Decision: CONTINUE
2025-07-27 04:17:58 - AutoML.Trainer - INFO - Epoch 19/19 - Train Acc: 0.5866, Val Acc: 0.5331, Val Loss: 1.3021, Time: 35.5s
2025-07-27 04:17:58 - AutoML.Trainer - INFO - Training completed for efficientnet_b0
2025-07-27 04:17:58 - AutoML.Trainer - INFO - Best validation accuracy: 0.5331
2025-07-27 04:17:58 - AutoML.Trainer - INFO - Total training time: 675.1s
2025-07-27 04:17:58 - AutoML.Trainer - INFO - Average epoch time: 35.5s
2025-07-27 04:17:58 - AutoML.MetaHPOSelector - INFO -  HPO completed for efficientnet_b0 in 7734.6s
2025-07-27 04:17:58 - AutoML.MetaHPOSelector - INFO -    Best score: 0.6327 (8 trials)
2025-07-27 04:17:58 - AutoML.Pipeline - INFO - HPO completed for efficientnet_b0:
2025-07-27 04:17:58 - AutoML.Pipeline - INFO -   Best score: 0.6327
2025-07-27 04:17:58 - AutoML.Pipeline - INFO -   Best params: {'learning_rate': 0.0005611516415334506, 'optimizer': 'rmsprop', 'weight_decay': 2.05133826308745e-06, 'batch_size': 128, 'dropout_rate': 0.3124217733388137, 'pretrained': True, 'lr_scheduler': 'step', 'max_epochs': 20}
2025-07-27 04:17:58 - AutoML.Pipeline - INFO -   Method used: bayesian_optimization
2025-07-27 04:17:58 - AutoML.Pipeline - INFO -   Trials completed: 8
2025-07-27 04:17:58 - AutoML.ComparativeEarlyStopping - INFO - Early stopping evaluation for efficientnet_b0:
2025-07-27 04:17:58 - AutoML.ComparativeEarlyStopping - INFO -   Decision scores: {'statistical_significance': 0.0, 'performance_gap': 0.0, 'learning_trend': 0.0, 'resource_efficiency': 0.0}
2025-07-27 04:17:58 - AutoML.ComparativeEarlyStopping - INFO -   Final score: 0.000
2025-07-27 04:17:58 - AutoML.ComparativeEarlyStopping - INFO -   Decision: CONTINUE
2025-07-27 04:17:58 - AutoML.Pipeline - INFO - Processing architecture: convnext_tiny
2025-07-27 04:17:58 - AutoML.BudgetManager - INFO - Started training convnext_tiny with 4.20h budget
2025-07-27 04:17:58 - AutoML.Pipeline - INFO - Starting HPO for convnext_tiny
2025-07-27 04:17:58 - AutoML.MetaHPOSelector - INFO - Selecting HPO method for convnext_tiny
2025-07-27 04:17:58 - AutoML.MetaHPOSelector - INFO -   Dataset complexity: 5.0
2025-07-27 04:17:58 - AutoML.MetaHPOSelector - INFO -   Available time: 13.1 hours
2025-07-27 04:17:58 - AutoML.MetaHPOSelector - INFO -   Search space size: 100000
2025-07-27 04:17:58 - AutoML.MetaHPOSelector - INFO - Trial budget for convnext_tiny: 11 trials
2025-07-27 04:17:58 - AutoML.MetaHPOSelector - INFO -   Arch complexity: 4.5, Dataset complexity: 5.0
2025-07-27 04:17:58 - AutoML.MetaHPOSelector - INFO -   Available time: 13.1h
2025-07-27 04:17:58 - AutoML.MetaHPOSelector - INFO - Selected bayesian_optimization for convnext_tiny
2025-07-27 04:17:58 - AutoML.MetaHPOSelector - INFO -   Trials: 11
2025-07-27 04:17:58 - AutoML.MetaHPOSelector - INFO -   Timeout: 28367s
2025-07-27 04:17:58 - AutoML.MetaHPOSelector - INFO -  Starting HPO for convnext_tiny with 11 trials
2025-07-27 04:17:58 - AutoML.HPO.bayesian_optimization - INFO - Starting Bayesian Optimization for convnext_tiny
2025-07-27 04:17:58 - AutoML.Trainer - INFO - Evaluating hyperparameters for convnext_tiny: {'learning_rate': 0.0005611516415334506, 'optimizer': 'adamw', 'weight_decay': 0.07969454818643935, 'batch_size': 32, 'dropout_rate': 0.02904180608409973, 'pretrained': True, 'lr_scheduler': 'cosine', 'max_epochs': 37}
2025-07-27 04:17:58 - AutoML.ModelFactory - INFO - Creating convnext_tiny (pretrained=True, dropout=0.02904180608409973)
2025-07-27 04:17:58 - AutoML - INFO -  Starting: convnext_tiny creation
2025-07-27 04:17:58 - AutoML.ModelFactory - INFO - convnext_tiny created successfully:
2025-07-27 04:17:58 - AutoML.ModelFactory - INFO -   Parameters: 27,822,439
2025-07-27 04:17:58 - AutoML.ModelFactory - INFO -   Trainable: 27,822,439
2025-07-27 04:17:58 - AutoML.ModelFactory - INFO -   Model size: 106.13 MB
2025-07-27 04:17:58 - AutoML - INFO -  convnext_tiny creation completed in 0.51 seconds
2025-07-27 04:18:09 - AutoML.Trainer - INFO - Class distribution: {5: 80, 3: 154, 4: 109, 1: 9, 0: 75, 6: 116, 2: 97}
2025-07-27 04:18:09 - AutoML.Trainer - INFO - Class weights: [1.2190476190476192, 10.158730158730158, 0.9425625920471281, 0.5936920222634509, 0.8387942332896461, 1.1428571428571428, 0.7881773399014779]
2025-07-27 04:21:17 - AutoML.Trainer - INFO - Epoch 5/37 - Train Acc: 0.2581, Val Acc: 0.3095, Val Loss: 1.8067, Time: 37.7s
2025-07-27 04:24:34 - AutoML.Trainer - INFO - Epoch 10/37 - Train Acc: 0.4145, Val Acc: 0.4152, Val Loss: 1.4846, Time: 38.2s
2025-07-27 04:27:43 - AutoML.ComparativeEarlyStopping - INFO - Early stopping evaluation for convnext_tiny:
2025-07-27 04:27:43 - AutoML.ComparativeEarlyStopping - INFO -   Decision scores: {'statistical_significance': 1.0, 'performance_gap': 0.5006966213862769, 'learning_trend': 0.2, 'resource_efficiency': 0.1280495731619623}
2025-07-27 04:27:43 - AutoML.ComparativeEarlyStopping - INFO -   Final score: 0.544
2025-07-27 04:27:43 - AutoML.ComparativeEarlyStopping - INFO -   Decision: CONTINUE
2025-07-27 04:27:43 - AutoML.Trainer - INFO - Epoch 15/37 - Train Acc: 0.5121, Val Acc: 0.5185, Val Loss: 1.2797, Time: 37.6s
2025-07-27 04:28:20 - AutoML.ComparativeEarlyStopping - INFO - Early stopping evaluation for convnext_tiny:
2025-07-27 04:28:20 - AutoML.ComparativeEarlyStopping - INFO -   Decision scores: {'statistical_significance': 1.0, 'performance_gap': 0.3156565656565663, 'learning_trend': 0.2, 'resource_efficiency': 0.09803214596223131}
2025-07-27 04:28:20 - AutoML.ComparativeEarlyStopping - INFO -   Final score: 0.494
2025-07-27 04:28:20 - AutoML.ComparativeEarlyStopping - INFO -   Decision: CONTINUE
2025-07-27 04:28:58 - AutoML.ComparativeEarlyStopping - INFO - Early stopping evaluation for convnext_tiny:
2025-07-27 04:28:58 - AutoML.ComparativeEarlyStopping - INFO -   Decision scores: {'statistical_significance': 1.0, 'performance_gap': 0.0798212005108559, 'learning_trend': 0.2, 'resource_efficiency': 0.06273801741836504}
2025-07-27 04:28:58 - AutoML.ComparativeEarlyStopping - INFO -   Final score: 0.429
2025-07-27 04:28:58 - AutoML.ComparativeEarlyStopping - INFO -   Decision: CONTINUE
2025-07-27 04:29:36 - AutoML.ComparativeEarlyStopping - INFO - Early stopping evaluation for convnext_tiny:
2025-07-27 04:29:36 - AutoML.ComparativeEarlyStopping - INFO -   Decision scores: {'statistical_significance': 1.0, 'performance_gap': 0.0, 'learning_trend': 0.2, 'resource_efficiency': 0.05029125764952724}
2025-07-27 04:29:36 - AutoML.ComparativeEarlyStopping - INFO -   Final score: 0.408
2025-07-27 04:29:36 - AutoML.ComparativeEarlyStopping - INFO -   Decision: CONTINUE
2025-07-27 04:30:15 - AutoML.ComparativeEarlyStopping - INFO - Early stopping evaluation for convnext_tiny:
2025-07-27 04:30:15 - AutoML.ComparativeEarlyStopping - INFO -   Decision scores: {'statistical_significance': 1.0, 'performance_gap': 0.0, 'learning_trend': 0.2, 'resource_efficiency': 0.043673354416494115}
2025-07-27 04:30:15 - AutoML.ComparativeEarlyStopping - INFO -   Final score: 0.407
2025-07-27 04:30:15 - AutoML.ComparativeEarlyStopping - INFO -   Decision: CONTINUE
2025-07-27 04:30:53 - AutoML.ComparativeEarlyStopping - INFO - Early stopping evaluation for convnext_tiny:
2025-07-27 04:30:53 - AutoML.ComparativeEarlyStopping - INFO -   Decision scores: {'statistical_significance': 1.0, 'performance_gap': 0.0, 'learning_trend': 0.2, 'resource_efficiency': 0.03151607356275865}
2025-07-27 04:30:53 - AutoML.ComparativeEarlyStopping - INFO -   Final score: 0.405
2025-07-27 04:30:53 - AutoML.ComparativeEarlyStopping - INFO -   Decision: CONTINUE
2025-07-27 04:30:53 - AutoML.Trainer - INFO - Epoch 20/37 - Train Acc: 0.5982, Val Acc: 0.5528, Val Loss: 1.2480, Time: 38.2s
2025-07-27 04:31:31 - AutoML.ComparativeEarlyStopping - INFO - Early stopping evaluation for convnext_tiny:
2025-07-27 04:31:31 - AutoML.ComparativeEarlyStopping - INFO -   Decision scores: {'statistical_significance': 0.5, 'performance_gap': 0.0, 'learning_trend': 0.2, 'resource_efficiency': 0.023560481817058054}
2025-07-27 04:31:31 - AutoML.ComparativeEarlyStopping - INFO -   Final score: 0.229
2025-07-27 04:31:31 - AutoML.ComparativeEarlyStopping - INFO -   Decision: CONTINUE
2025-07-27 04:32:09 - AutoML.ComparativeEarlyStopping - INFO - Early stopping evaluation for convnext_tiny:
2025-07-27 04:32:09 - AutoML.ComparativeEarlyStopping - INFO -   Decision scores: {'statistical_significance': 0.0, 'performance_gap': 0.0, 'learning_trend': 0.2, 'resource_efficiency': 0.004663234309189024}
2025-07-27 04:32:09 - AutoML.ComparativeEarlyStopping - INFO -   Final score: 0.051
2025-07-27 04:32:09 - AutoML.ComparativeEarlyStopping - INFO -   Decision: CONTINUE
2025-07-27 04:32:47 - AutoML.ComparativeEarlyStopping - INFO - Early stopping evaluation for convnext_tiny:
2025-07-27 04:32:47 - AutoML.ComparativeEarlyStopping - INFO -   Decision scores: {'statistical_significance': 0.0, 'performance_gap': 0.0, 'learning_trend': 0.2, 'resource_efficiency': 0.0}
2025-07-27 04:32:47 - AutoML.ComparativeEarlyStopping - INFO -   Final score: 0.050
2025-07-27 04:32:47 - AutoML.ComparativeEarlyStopping - INFO -   Decision: CONTINUE
2025-07-27 04:33:25 - AutoML.ComparativeEarlyStopping - INFO - Early stopping evaluation for convnext_tiny:
2025-07-27 04:33:25 - AutoML.ComparativeEarlyStopping - INFO -   Decision scores: {'statistical_significance': 0.0, 'performance_gap': 0.0, 'learning_trend': 0.2, 'resource_efficiency': 0.0}
2025-07-27 04:33:25 - AutoML.ComparativeEarlyStopping - INFO -   Final score: 0.050
2025-07-27 04:33:25 - AutoML.ComparativeEarlyStopping - INFO -   Decision: CONTINUE
2025-07-27 04:34:03 - AutoML.ComparativeEarlyStopping - INFO - Early stopping evaluation for convnext_tiny:
2025-07-27 04:34:03 - AutoML.ComparativeEarlyStopping - INFO -   Decision scores: {'statistical_significance': 0.0, 'performance_gap': 0.0, 'learning_trend': 0.2, 'resource_efficiency': 0.0}
2025-07-27 04:34:03 - AutoML.ComparativeEarlyStopping - INFO -   Final score: 0.050
2025-07-27 04:34:03 - AutoML.ComparativeEarlyStopping - INFO -   Decision: CONTINUE
2025-07-27 04:34:03 - AutoML.Trainer - INFO - Epoch 25/37 - Train Acc: 0.7160, Val Acc: 0.5803, Val Loss: 1.4363, Time: 37.4s
2025-07-27 04:34:41 - AutoML.ComparativeEarlyStopping - INFO - Early stopping evaluation for convnext_tiny:
2025-07-27 04:34:41 - AutoML.ComparativeEarlyStopping - INFO -   Decision scores: {'statistical_significance': 0.0, 'performance_gap': 0.0, 'learning_trend': 0.2, 'resource_efficiency': 0.0}
2025-07-27 04:34:41 - AutoML.ComparativeEarlyStopping - INFO -   Final score: 0.050
2025-07-27 04:34:41 - AutoML.ComparativeEarlyStopping - INFO -   Decision: CONTINUE
2025-07-27 04:35:19 - AutoML.ComparativeEarlyStopping - INFO - Early stopping evaluation for convnext_tiny:
2025-07-27 04:35:19 - AutoML.ComparativeEarlyStopping - INFO -   Decision scores: {'statistical_significance': 0.0, 'performance_gap': 0.0, 'learning_trend': 0.2, 'resource_efficiency': 0.0}
2025-07-27 04:35:19 - AutoML.ComparativeEarlyStopping - INFO -   Final score: 0.050
2025-07-27 04:35:19 - AutoML.ComparativeEarlyStopping - INFO -   Decision: CONTINUE
2025-07-27 04:35:57 - AutoML.ComparativeEarlyStopping - INFO - Early stopping evaluation for convnext_tiny:
2025-07-27 04:35:57 - AutoML.ComparativeEarlyStopping - INFO -   Decision scores: {'statistical_significance': 0.0, 'performance_gap': 0.0, 'learning_trend': 0.2, 'resource_efficiency': 0.0}
2025-07-27 04:35:57 - AutoML.ComparativeEarlyStopping - INFO -   Final score: 0.050
2025-07-27 04:35:57 - AutoML.ComparativeEarlyStopping - INFO -   Decision: CONTINUE
2025-07-27 04:36:34 - AutoML.ComparativeEarlyStopping - INFO - Early stopping evaluation for convnext_tiny:
2025-07-27 04:36:34 - AutoML.ComparativeEarlyStopping - INFO -   Decision scores: {'statistical_significance': 0.0, 'performance_gap': 0.0, 'learning_trend': 0.2, 'resource_efficiency': 0.0}
2025-07-27 04:36:34 - AutoML.ComparativeEarlyStopping - INFO -   Final score: 0.050
2025-07-27 04:36:34 - AutoML.ComparativeEarlyStopping - INFO -   Decision: CONTINUE
2025-07-27 04:37:12 - AutoML.ComparativeEarlyStopping - INFO - Early stopping evaluation for convnext_tiny:
2025-07-27 04:37:12 - AutoML.ComparativeEarlyStopping - INFO -   Decision scores: {'statistical_significance': 0.0, 'performance_gap': 0.0, 'learning_trend': 0.2, 'resource_efficiency': 0.0}
2025-07-27 04:37:12 - AutoML.ComparativeEarlyStopping - INFO -   Final score: 0.050
2025-07-27 04:37:12 - AutoML.ComparativeEarlyStopping - INFO -   Decision: CONTINUE
2025-07-27 04:37:12 - AutoML.Trainer - INFO - Epoch 30/37 - Train Acc: 0.8406, Val Acc: 0.5878, Val Loss: 1.8071, Time: 37.6s
2025-07-27 04:37:49 - AutoML.ComparativeEarlyStopping - INFO - Early stopping evaluation for convnext_tiny:
2025-07-27 04:37:49 - AutoML.ComparativeEarlyStopping - INFO -   Decision scores: {'statistical_significance': 0.0, 'performance_gap': 0.0, 'learning_trend': 0.2, 'resource_efficiency': 0.0}
2025-07-27 04:37:49 - AutoML.ComparativeEarlyStopping - INFO -   Final score: 0.050
2025-07-27 04:37:49 - AutoML.ComparativeEarlyStopping - INFO -   Decision: CONTINUE
2025-07-27 04:38:27 - AutoML.ComparativeEarlyStopping - INFO - Early stopping evaluation for convnext_tiny:
2025-07-27 04:38:27 - AutoML.ComparativeEarlyStopping - INFO -   Decision scores: {'statistical_significance': 0.0, 'performance_gap': 0.0, 'learning_trend': 0.0, 'resource_efficiency': 0.0}
2025-07-27 04:38:27 - AutoML.ComparativeEarlyStopping - INFO -   Final score: 0.000
2025-07-27 04:38:27 - AutoML.ComparativeEarlyStopping - INFO -   Decision: CONTINUE
2025-07-27 04:39:05 - AutoML.ComparativeEarlyStopping - INFO - Early stopping evaluation for convnext_tiny:
2025-07-27 04:39:05 - AutoML.ComparativeEarlyStopping - INFO -   Decision scores: {'statistical_significance': 0.0, 'performance_gap': 0.0, 'learning_trend': 0.0, 'resource_efficiency': 0.0}
2025-07-27 04:39:05 - AutoML.ComparativeEarlyStopping - INFO -   Final score: 0.000
2025-07-27 04:39:05 - AutoML.ComparativeEarlyStopping - INFO -   Decision: CONTINUE
2025-07-27 04:39:43 - AutoML.ComparativeEarlyStopping - INFO - Early stopping evaluation for convnext_tiny:
2025-07-27 04:39:43 - AutoML.ComparativeEarlyStopping - INFO -   Decision scores: {'statistical_significance': 0.0, 'performance_gap': 0.0, 'learning_trend': 0.0, 'resource_efficiency': 0.0}
2025-07-27 04:39:43 - AutoML.ComparativeEarlyStopping - INFO -   Final score: 0.000
2025-07-27 04:39:43 - AutoML.ComparativeEarlyStopping - INFO -   Decision: CONTINUE
2025-07-27 04:40:21 - AutoML.ComparativeEarlyStopping - INFO - Early stopping evaluation for convnext_tiny:
2025-07-27 04:40:21 - AutoML.ComparativeEarlyStopping - INFO -   Decision scores: {'statistical_significance': 0.0, 'performance_gap': 0.0, 'learning_trend': 0.0, 'resource_efficiency': 0.0}
2025-07-27 04:40:21 - AutoML.ComparativeEarlyStopping - INFO -   Final score: 0.000
2025-07-27 04:40:21 - AutoML.ComparativeEarlyStopping - INFO -   Decision: CONTINUE
2025-07-27 04:40:21 - AutoML.Trainer - INFO - Epoch 35/37 - Train Acc: 0.8976, Val Acc: 0.5902, Val Loss: 2.2283, Time: 37.9s
2025-07-27 04:40:58 - AutoML.ComparativeEarlyStopping - INFO - Early stopping evaluation for convnext_tiny:
2025-07-27 04:40:58 - AutoML.ComparativeEarlyStopping - INFO -   Decision scores: {'statistical_significance': 0.0, 'performance_gap': 0.0, 'learning_trend': 0.0, 'resource_efficiency': 0.0}
2025-07-27 04:40:58 - AutoML.ComparativeEarlyStopping - INFO -   Final score: 0.000
2025-07-27 04:40:58 - AutoML.ComparativeEarlyStopping - INFO -   Decision: CONTINUE
2025-07-27 04:41:35 - AutoML.ComparativeEarlyStopping - INFO - Early stopping evaluation for convnext_tiny:
2025-07-27 04:41:35 - AutoML.ComparativeEarlyStopping - INFO -   Decision scores: {'statistical_significance': 0.0, 'performance_gap': 0.0, 'learning_trend': 0.3, 'resource_efficiency': 0.0}
2025-07-27 04:41:35 - AutoML.ComparativeEarlyStopping - INFO -   Final score: 0.075
2025-07-27 04:41:35 - AutoML.ComparativeEarlyStopping - INFO -   Decision: CONTINUE
2025-07-27 04:41:35 - AutoML.Trainer - INFO - Epoch 37/37 - Train Acc: 0.8968, Val Acc: 0.5900, Val Loss: 2.2318, Time: 36.8s
2025-07-27 04:41:35 - AutoML.Trainer - INFO - Training completed for convnext_tiny
2025-07-27 04:41:35 - AutoML.Trainer - INFO - Best validation accuracy: 0.5925
2025-07-27 04:41:35 - AutoML.Trainer - INFO - Total training time: 1405.8s
2025-07-27 04:41:35 - AutoML.Trainer - INFO - Average epoch time: 38.0s
2025-07-27 04:41:35 - AutoML.Trainer - INFO - Evaluating hyperparameters for convnext_tiny: {'learning_rate': 0.0015930522616241021, 'optimizer': 'adamw', 'weight_decay': 0.02607024758370768, 'batch_size': 64, 'dropout_rate': 0.09091248360355031, 'pretrained': True, 'lr_scheduler': 'cosine', 'max_epochs': 19}
2025-07-27 04:41:35 - AutoML.ModelFactory - INFO - Creating convnext_tiny (pretrained=True, dropout=0.09091248360355031)
2025-07-27 04:41:35 - AutoML - INFO -  Starting: convnext_tiny creation
2025-07-27 04:41:35 - AutoML.ModelFactory - INFO - convnext_tiny created successfully:
2025-07-27 04:41:35 - AutoML.ModelFactory - INFO -   Parameters: 27,822,439
2025-07-27 04:41:35 - AutoML.ModelFactory - INFO -   Trainable: 27,822,439
2025-07-27 04:41:35 - AutoML.ModelFactory - INFO -   Model size: 106.13 MB
2025-07-27 04:41:35 - AutoML - INFO -  convnext_tiny creation completed in 0.46 seconds
2025-07-27 04:41:46 - AutoML.Trainer - INFO - Class distribution: {3: 155, 6: 118, 0: 104, 5: 67, 2: 86, 4: 104, 1: 6}
2025-07-27 04:41:46 - AutoML.Trainer - INFO - Class weights: [0.8791208791208791, 15.238095238095237, 1.06312292358804, 0.5898617511520737, 0.8791208791208791, 1.3646055437100213, 0.774818401937046]
2025-07-27 04:44:54 - AutoML.ComparativeEarlyStopping - INFO - Early stopping evaluation for convnext_tiny:
2025-07-27 04:44:54 - AutoML.ComparativeEarlyStopping - INFO -   Decision scores: {'statistical_significance': 0.5, 'performance_gap': 1.0, 'learning_trend': 0.0, 'resource_efficiency': 0.8326689083166177}
2025-07-27 04:44:54 - AutoML.ComparativeEarlyStopping - INFO -   Final score: 0.550
2025-07-27 04:44:54 - AutoML.ComparativeEarlyStopping - INFO -   Decision: CONTINUE
2025-07-27 04:44:54 - AutoML.Trainer - INFO - Epoch 5/19 - Train Acc: 0.0487, Val Acc: 0.0152, Val Loss: 1.9397, Time: 38.0s
2025-07-27 04:45:32 - AutoML.ComparativeEarlyStopping - INFO - Early stopping evaluation for convnext_tiny:
2025-07-27 04:45:32 - AutoML.ComparativeEarlyStopping - INFO -   Decision scores: {'statistical_significance': 0.5, 'performance_gap': 1.0, 'learning_trend': 0.0, 'resource_efficiency': 0.8338057932950826}
2025-07-27 04:45:32 - AutoML.ComparativeEarlyStopping - INFO -   Final score: 0.550
2025-07-27 04:45:32 - AutoML.ComparativeEarlyStopping - INFO -   Decision: CONTINUE
2025-07-27 04:46:10 - AutoML.ComparativeEarlyStopping - INFO - Early stopping evaluation for convnext_tiny:
2025-07-27 04:46:10 - AutoML.ComparativeEarlyStopping - INFO -   Decision scores: {'statistical_significance': 0.5, 'performance_gap': 1.0, 'learning_trend': 0.0, 'resource_efficiency': 0.9730479905750109}
2025-07-27 04:46:10 - AutoML.ComparativeEarlyStopping - INFO -   Final score: 0.571
2025-07-27 04:46:10 - AutoML.ComparativeEarlyStopping - INFO -   Decision: CONTINUE
2025-07-27 04:46:48 - AutoML.ComparativeEarlyStopping - INFO - Early stopping evaluation for convnext_tiny:
2025-07-27 04:46:48 - AutoML.ComparativeEarlyStopping - INFO -   Decision scores: {'statistical_significance': 0.5, 'performance_gap': 1.0, 'learning_trend': 0.2, 'resource_efficiency': 0.9730401078841117}
2025-07-27 04:46:48 - AutoML.ComparativeEarlyStopping - INFO -   Final score: 0.621
2025-07-27 04:46:48 - AutoML.ComparativeEarlyStopping - INFO -   Decision: CONTINUE
2025-07-27 04:47:25 - AutoML.ComparativeEarlyStopping - INFO - Early stopping evaluation for convnext_tiny:
2025-07-27 04:47:25 - AutoML.ComparativeEarlyStopping - INFO -   Decision scores: {'statistical_significance': 1.0, 'performance_gap': 1.0, 'learning_trend': 0.6000000000000001, 'resource_efficiency': 0.9728398656378247}
2025-07-27 04:47:25 - AutoML.ComparativeEarlyStopping - INFO -   Final score: 0.896
2025-07-27 04:47:25 - AutoML.ComparativeEarlyStopping - INFO -   Decision: STOP
2025-07-27 04:47:25 - AutoML.ComparativeEarlyStopping - INFO -   Primary reason: StoppingReason.STATISTICAL_SIGNIFICANCE
2025-07-27 04:47:25 - AutoML.Trainer - INFO - Early stopping triggered for convnext_tiny at epoch 9
2025-07-27 04:47:25 - AutoML.Trainer - INFO - Reason: StoppingReason.STATISTICAL_SIGNIFICANCE, Confidence: 0.896
2025-07-27 04:47:25 - AutoML.Trainer - INFO - Training completed for convnext_tiny
2025-07-27 04:47:25 - AutoML.Trainer - INFO - Best validation accuracy: 0.2513
2025-07-27 04:47:25 - AutoML.Trainer - INFO - Total training time: 339.8s
2025-07-27 04:47:25 - AutoML.Trainer - INFO - Average epoch time: 37.8s
2025-07-27 04:47:25 - AutoML.Trainer - INFO - Evaluating hyperparameters for convnext_tiny: {'learning_rate': 0.0004059611610484307, 'optimizer': 'adamw', 'weight_decay': 0.01120760621186057, 'batch_size': 128, 'dropout_rate': 0.14607232426760908, 'pretrained': True, 'lr_scheduler': 'cosine', 'max_epochs': 24}
2025-07-27 04:47:25 - AutoML.ModelFactory - INFO - Creating convnext_tiny (pretrained=True, dropout=0.14607232426760908)
2025-07-27 04:47:25 - AutoML - INFO -  Starting: convnext_tiny creation
2025-07-27 04:47:26 - AutoML.ModelFactory - INFO - convnext_tiny created successfully:
2025-07-27 04:47:26 - AutoML.ModelFactory - INFO -   Parameters: 27,822,439
2025-07-27 04:47:26 - AutoML.ModelFactory - INFO -   Trainable: 27,822,439
2025-07-27 04:47:26 - AutoML.ModelFactory - INFO -   Model size: 106.13 MB
2025-07-27 04:47:26 - AutoML - INFO -  convnext_tiny creation completed in 0.46 seconds
2025-07-27 04:47:37 - AutoML.Trainer - INFO - Class distribution: {0: 102, 4: 104, 6: 113, 2: 99, 5: 76, 3: 136, 1: 10}
2025-07-27 04:47:37 - AutoML.Trainer - INFO - Class weights: [0.896358543417367, 9.142857142857142, 0.9235209235209235, 0.6722689075630253, 0.8791208791208791, 1.2030075187969924, 0.809102402022756]
2025-07-27 04:50:45 - AutoML.ComparativeEarlyStopping - INFO - Early stopping evaluation for convnext_tiny:
2025-07-27 04:50:45 - AutoML.ComparativeEarlyStopping - INFO -   Decision scores: {'statistical_significance': 1.0, 'performance_gap': 1.0, 'learning_trend': 0.7, 'resource_efficiency': 0.37812896466695545}
2025-07-27 04:50:45 - AutoML.ComparativeEarlyStopping - INFO -   Final score: 0.832
2025-07-27 04:50:45 - AutoML.ComparativeEarlyStopping - INFO -   Decision: STOP
2025-07-27 04:50:45 - AutoML.ComparativeEarlyStopping - INFO -   Primary reason: StoppingReason.STATISTICAL_SIGNIFICANCE
2025-07-27 04:50:45 - AutoML.Trainer - INFO - Early stopping triggered for convnext_tiny at epoch 5
2025-07-27 04:50:45 - AutoML.Trainer - INFO - Reason: StoppingReason.STATISTICAL_SIGNIFICANCE, Confidence: 0.832
2025-07-27 04:50:45 - AutoML.Trainer - INFO - Training completed for convnext_tiny
2025-07-27 04:50:45 - AutoML.Trainer - INFO - Best validation accuracy: 0.3986
2025-07-27 04:50:45 - AutoML.Trainer - INFO - Total training time: 187.8s
2025-07-27 04:50:45 - AutoML.Trainer - INFO - Average epoch time: 37.6s
2025-07-27 04:50:45 - AutoML.Trainer - INFO - Evaluating hyperparameters for convnext_tiny: {'learning_rate': 0.000816845589476017, 'optimizer': 'adamw', 'weight_decay': 0.037183641805732096, 'batch_size': 128, 'dropout_rate': 0.3037724259507192, 'pretrained': True, 'lr_scheduler': 'cosine', 'max_epochs': 19}
2025-07-27 04:50:45 - AutoML.ModelFactory - INFO - Creating convnext_tiny (pretrained=True, dropout=0.3037724259507192)
2025-07-27 04:50:45 - AutoML - INFO -  Starting: convnext_tiny creation
2025-07-27 04:50:45 - AutoML.ModelFactory - INFO - convnext_tiny created successfully:
2025-07-27 04:50:45 - AutoML.ModelFactory - INFO -   Parameters: 27,822,439
2025-07-27 04:50:45 - AutoML.ModelFactory - INFO -   Trainable: 27,822,439
2025-07-27 04:50:45 - AutoML.ModelFactory - INFO -   Model size: 106.13 MB
2025-07-27 04:50:45 - AutoML - INFO -  convnext_tiny creation completed in 0.40 seconds
2025-07-27 04:50:57 - AutoML.Trainer - INFO - Class distribution: {3: 161, 2: 80, 4: 106, 6: 123, 0: 97, 5: 59, 1: 14}
2025-07-27 04:50:57 - AutoML.Trainer - INFO - Class weights: [0.9425625920471281, 6.530612244897959, 1.1428571428571428, 0.5678793256433008, 0.862533692722372, 1.549636803874092, 0.743321718931475]
2025-07-27 04:54:04 - AutoML.ComparativeEarlyStopping - INFO - Early stopping evaluation for convnext_tiny:
2025-07-27 04:54:04 - AutoML.ComparativeEarlyStopping - INFO -   Decision scores: {'statistical_significance': 1.0, 'performance_gap': 1.0, 'learning_trend': 0.2, 'resource_efficiency': 0.4862454680336744}
2025-07-27 04:54:04 - AutoML.ComparativeEarlyStopping - INFO -   Final score: 0.723
2025-07-27 04:54:04 - AutoML.ComparativeEarlyStopping - INFO -   Decision: STOP
2025-07-27 04:54:04 - AutoML.ComparativeEarlyStopping - INFO -   Primary reason: StoppingReason.STATISTICAL_SIGNIFICANCE
2025-07-27 04:54:04 - AutoML.Trainer - INFO - Early stopping triggered for convnext_tiny at epoch 5
2025-07-27 04:54:04 - AutoML.Trainer - INFO - Reason: StoppingReason.STATISTICAL_SIGNIFICANCE, Confidence: 0.723
2025-07-27 04:54:04 - AutoML.Trainer - INFO - Training completed for convnext_tiny
2025-07-27 04:54:04 - AutoML.Trainer - INFO - Best validation accuracy: 0.3368
2025-07-27 04:54:04 - AutoML.Trainer - INFO - Total training time: 187.0s
2025-07-27 04:54:04 - AutoML.Trainer - INFO - Average epoch time: 37.4s
2025-07-27 04:54:04 - AutoML.Trainer - INFO - Evaluating hyperparameters for convnext_tiny: {'learning_rate': 0.00013492834268013249, 'optimizer': 'adamw', 'weight_decay': 0.07902619549708234, 'batch_size': 32, 'dropout_rate': 0.34211651325607845, 'pretrained': True, 'lr_scheduler': 'cosine', 'max_epochs': 26}
2025-07-27 04:54:04 - AutoML.ModelFactory - INFO - Creating convnext_tiny (pretrained=True, dropout=0.34211651325607845)
2025-07-27 04:54:04 - AutoML - INFO -  Starting: convnext_tiny creation
2025-07-27 04:54:04 - AutoML.ModelFactory - INFO - convnext_tiny created successfully:
2025-07-27 04:54:04 - AutoML.ModelFactory - INFO -   Parameters: 27,822,439
2025-07-27 04:54:04 - AutoML.ModelFactory - INFO -   Trainable: 27,822,439
2025-07-27 04:54:04 - AutoML.ModelFactory - INFO -   Model size: 106.13 MB
2025-07-27 04:54:04 - AutoML - INFO -  convnext_tiny creation completed in 0.47 seconds
2025-07-27 04:54:16 - AutoML.Trainer - INFO - Class distribution: {2: 90, 6: 110, 4: 127, 3: 150, 0: 88, 1: 7, 5: 68}
2025-07-27 04:54:16 - AutoML.Trainer - INFO - Class weights: [1.0389610389610389, 13.061224489795919, 1.0158730158730158, 0.6095238095238096, 0.7199100112485939, 1.3445378151260505, 0.8311688311688312]
2025-07-27 04:57:23 - AutoML.ComparativeEarlyStopping - INFO - Early stopping evaluation for convnext_tiny:
2025-07-27 04:57:23 - AutoML.ComparativeEarlyStopping - INFO -   Decision scores: {'statistical_significance': 1.0, 'performance_gap': 0.0, 'learning_trend': 0.2, 'resource_efficiency': 0.0}
2025-07-27 04:57:23 - AutoML.ComparativeEarlyStopping - INFO -   Final score: 0.400
2025-07-27 04:57:23 - AutoML.ComparativeEarlyStopping - INFO -   Decision: CONTINUE
2025-07-27 04:57:23 - AutoML.Trainer - INFO - Epoch 5/26 - Train Acc: 0.6269, Val Acc: 0.6068, Val Loss: 1.1010, Time: 37.7s
2025-07-27 04:58:01 - AutoML.ComparativeEarlyStopping - INFO - Early stopping evaluation for convnext_tiny:
2025-07-27 04:58:01 - AutoML.ComparativeEarlyStopping - INFO -   Decision scores: {'statistical_significance': 1.0, 'performance_gap': 0.0, 'learning_trend': 0.2, 'resource_efficiency': 0.0}
2025-07-27 04:58:01 - AutoML.ComparativeEarlyStopping - INFO -   Final score: 0.400
2025-07-27 04:58:01 - AutoML.ComparativeEarlyStopping - INFO -   Decision: CONTINUE
2025-07-27 04:58:39 - AutoML.ComparativeEarlyStopping - INFO - Early stopping evaluation for convnext_tiny:
2025-07-27 04:58:39 - AutoML.ComparativeEarlyStopping - INFO -   Decision scores: {'statistical_significance': 1.0, 'performance_gap': 0.0, 'learning_trend': 0.2, 'resource_efficiency': 0.0}
2025-07-27 04:58:39 - AutoML.ComparativeEarlyStopping - INFO -   Final score: 0.400
2025-07-27 04:58:39 - AutoML.ComparativeEarlyStopping - INFO -   Decision: CONTINUE
2025-07-27 04:59:18 - AutoML.ComparativeEarlyStopping - INFO - Early stopping evaluation for convnext_tiny:
2025-07-27 04:59:18 - AutoML.ComparativeEarlyStopping - INFO -   Decision scores: {'statistical_significance': 1.0, 'performance_gap': 0.0, 'learning_trend': 0.2, 'resource_efficiency': 0.0}
2025-07-27 04:59:18 - AutoML.ComparativeEarlyStopping - INFO -   Final score: 0.400
2025-07-27 04:59:18 - AutoML.ComparativeEarlyStopping - INFO -   Decision: CONTINUE
2025-07-27 04:59:56 - AutoML.ComparativeEarlyStopping - INFO - Early stopping evaluation for convnext_tiny:
2025-07-27 04:59:56 - AutoML.ComparativeEarlyStopping - INFO -   Decision scores: {'statistical_significance': 1.0, 'performance_gap': 0.0, 'learning_trend': 0.0, 'resource_efficiency': 0.0}
2025-07-27 04:59:56 - AutoML.ComparativeEarlyStopping - INFO -   Final score: 0.350
2025-07-27 04:59:56 - AutoML.ComparativeEarlyStopping - INFO -   Decision: CONTINUE
2025-07-27 05:00:34 - AutoML.ComparativeEarlyStopping - INFO - Early stopping evaluation for convnext_tiny:
2025-07-27 05:00:34 - AutoML.ComparativeEarlyStopping - INFO -   Decision scores: {'statistical_significance': 1.0, 'performance_gap': 0.0, 'learning_trend': 0.0, 'resource_efficiency': 0.0}
2025-07-27 05:00:34 - AutoML.ComparativeEarlyStopping - INFO -   Final score: 0.350
2025-07-27 05:00:34 - AutoML.ComparativeEarlyStopping - INFO -   Decision: CONTINUE
2025-07-27 05:00:34 - AutoML.Trainer - INFO - Epoch 10/26 - Train Acc: 0.8098, Val Acc: 0.6243, Val Loss: 1.2109, Time: 38.5s
2025-07-27 05:01:12 - AutoML.ComparativeEarlyStopping - INFO - Early stopping evaluation for convnext_tiny:
2025-07-27 05:01:12 - AutoML.ComparativeEarlyStopping - INFO -   Decision scores: {'statistical_significance': 1.0, 'performance_gap': 0.0, 'learning_trend': 0.0, 'resource_efficiency': 0.0}
2025-07-27 05:01:12 - AutoML.ComparativeEarlyStopping - INFO -   Final score: 0.350
2025-07-27 05:01:12 - AutoML.ComparativeEarlyStopping - INFO -   Decision: CONTINUE
2025-07-27 05:01:53 - AutoML.ComparativeEarlyStopping - INFO - Early stopping evaluation for convnext_tiny:
2025-07-27 05:01:53 - AutoML.ComparativeEarlyStopping - INFO -   Decision scores: {'statistical_significance': 1.0, 'performance_gap': 0.0, 'learning_trend': 0.0, 'resource_efficiency': 0.0}
2025-07-27 05:01:53 - AutoML.ComparativeEarlyStopping - INFO -   Final score: 0.350
2025-07-27 05:01:53 - AutoML.ComparativeEarlyStopping - INFO -   Decision: CONTINUE
2025-07-27 05:02:31 - AutoML.ComparativeEarlyStopping - INFO - Early stopping evaluation for convnext_tiny:
2025-07-27 05:02:31 - AutoML.ComparativeEarlyStopping - INFO -   Decision scores: {'statistical_significance': 1.0, 'performance_gap': 0.0, 'learning_trend': 0.0, 'resource_efficiency': 0.0}
2025-07-27 05:02:31 - AutoML.ComparativeEarlyStopping - INFO -   Final score: 0.350
2025-07-27 05:02:31 - AutoML.ComparativeEarlyStopping - INFO -   Decision: CONTINUE
2025-07-27 05:03:08 - AutoML.ComparativeEarlyStopping - INFO - Early stopping evaluation for convnext_tiny:
2025-07-27 05:03:08 - AutoML.ComparativeEarlyStopping - INFO -   Decision scores: {'statistical_significance': 1.0, 'performance_gap': 0.0, 'learning_trend': 0.0, 'resource_efficiency': 0.0}
2025-07-27 05:03:08 - AutoML.ComparativeEarlyStopping - INFO -   Final score: 0.350
2025-07-27 05:03:08 - AutoML.ComparativeEarlyStopping - INFO -   Decision: CONTINUE
2025-07-27 05:03:47 - AutoML.ComparativeEarlyStopping - INFO - Early stopping evaluation for convnext_tiny:
2025-07-27 05:03:47 - AutoML.ComparativeEarlyStopping - INFO -   Decision scores: {'statistical_significance': 1.0, 'performance_gap': 0.0, 'learning_trend': 0.0, 'resource_efficiency': 0.0}
2025-07-27 05:03:47 - AutoML.ComparativeEarlyStopping - INFO -   Final score: 0.350
2025-07-27 05:03:47 - AutoML.ComparativeEarlyStopping - INFO -   Decision: CONTINUE
2025-07-27 05:03:47 - AutoML.Trainer - INFO - Epoch 15/26 - Train Acc: 0.9342, Val Acc: 0.6414, Val Loss: 2.0365, Time: 38.4s
2025-07-27 05:04:25 - AutoML.ComparativeEarlyStopping - INFO - Early stopping evaluation for convnext_tiny:
2025-07-27 05:04:25 - AutoML.ComparativeEarlyStopping - INFO -   Decision scores: {'statistical_significance': 1.0, 'performance_gap': 0.0, 'learning_trend': 0.0, 'resource_efficiency': 0.0}
2025-07-27 05:04:25 - AutoML.ComparativeEarlyStopping - INFO -   Final score: 0.350
2025-07-27 05:04:25 - AutoML.ComparativeEarlyStopping - INFO -   Decision: CONTINUE
2025-07-27 05:05:03 - AutoML.ComparativeEarlyStopping - INFO - Early stopping evaluation for convnext_tiny:
2025-07-27 05:05:03 - AutoML.ComparativeEarlyStopping - INFO -   Decision scores: {'statistical_significance': 1.0, 'performance_gap': 0.0, 'learning_trend': 0.0, 'resource_efficiency': 0.0}
2025-07-27 05:05:03 - AutoML.ComparativeEarlyStopping - INFO -   Final score: 0.350
2025-07-27 05:05:03 - AutoML.ComparativeEarlyStopping - INFO -   Decision: CONTINUE
2025-07-27 05:05:41 - AutoML.ComparativeEarlyStopping - INFO - Early stopping evaluation for convnext_tiny:
2025-07-27 05:05:41 - AutoML.ComparativeEarlyStopping - INFO -   Decision scores: {'statistical_significance': 1.0, 'performance_gap': 0.0, 'learning_trend': 0.0, 'resource_efficiency': 0.0}
2025-07-27 05:05:41 - AutoML.ComparativeEarlyStopping - INFO -   Final score: 0.350
2025-07-27 05:05:41 - AutoML.ComparativeEarlyStopping - INFO -   Decision: CONTINUE
2025-07-27 05:06:19 - AutoML.ComparativeEarlyStopping - INFO - Early stopping evaluation for convnext_tiny:
2025-07-27 05:06:19 - AutoML.ComparativeEarlyStopping - INFO -   Decision scores: {'statistical_significance': 1.0, 'performance_gap': 0.0, 'learning_trend': 0.0, 'resource_efficiency': 0.0}
2025-07-27 05:06:19 - AutoML.ComparativeEarlyStopping - INFO -   Final score: 0.350
2025-07-27 05:06:19 - AutoML.ComparativeEarlyStopping - INFO -   Decision: CONTINUE
2025-07-27 05:06:57 - AutoML.ComparativeEarlyStopping - INFO - Early stopping evaluation for convnext_tiny:
2025-07-27 05:06:57 - AutoML.ComparativeEarlyStopping - INFO -   Decision scores: {'statistical_significance': 1.0, 'performance_gap': 0.0, 'learning_trend': 0.0, 'resource_efficiency': 0.0}
2025-07-27 05:06:57 - AutoML.ComparativeEarlyStopping - INFO -   Final score: 0.350
2025-07-27 05:06:57 - AutoML.ComparativeEarlyStopping - INFO -   Decision: CONTINUE
2025-07-27 05:06:57 - AutoML.Trainer - INFO - Epoch 20/26 - Train Acc: 0.9782, Val Acc: 0.6534, Val Loss: 2.1926, Time: 37.8s
2025-07-27 05:07:35 - AutoML.ComparativeEarlyStopping - INFO - Early stopping evaluation for convnext_tiny:
2025-07-27 05:07:35 - AutoML.ComparativeEarlyStopping - INFO -   Decision scores: {'statistical_significance': 1.0, 'performance_gap': 0.0, 'learning_trend': 0.0, 'resource_efficiency': 0.0}
2025-07-27 05:07:35 - AutoML.ComparativeEarlyStopping - INFO -   Final score: 0.350
2025-07-27 05:07:35 - AutoML.ComparativeEarlyStopping - INFO -   Decision: CONTINUE
2025-07-27 05:08:13 - AutoML.ComparativeEarlyStopping - INFO - Early stopping evaluation for convnext_tiny:
2025-07-27 05:08:13 - AutoML.ComparativeEarlyStopping - INFO -   Decision scores: {'statistical_significance': 1.0, 'performance_gap': 0.0, 'learning_trend': 0.0, 'resource_efficiency': 0.0}
2025-07-27 05:08:13 - AutoML.ComparativeEarlyStopping - INFO -   Final score: 0.350
2025-07-27 05:08:13 - AutoML.ComparativeEarlyStopping - INFO -   Decision: CONTINUE
2025-07-27 05:08:50 - AutoML.ComparativeEarlyStopping - INFO - Early stopping evaluation for convnext_tiny:
2025-07-27 05:08:50 - AutoML.ComparativeEarlyStopping - INFO -   Decision scores: {'statistical_significance': 1.0, 'performance_gap': 0.0, 'learning_trend': 0.0, 'resource_efficiency': 0.0}
2025-07-27 05:08:50 - AutoML.ComparativeEarlyStopping - INFO -   Final score: 0.350
2025-07-27 05:08:50 - AutoML.ComparativeEarlyStopping - INFO -   Decision: CONTINUE
2025-07-27 05:09:28 - AutoML.ComparativeEarlyStopping - INFO - Early stopping evaluation for convnext_tiny:
2025-07-27 05:09:28 - AutoML.ComparativeEarlyStopping - INFO -   Decision scores: {'statistical_significance': 1.0, 'performance_gap': 0.0, 'learning_trend': 0.0, 'resource_efficiency': 0.0}
2025-07-27 05:09:28 - AutoML.ComparativeEarlyStopping - INFO -   Final score: 0.350
2025-07-27 05:09:28 - AutoML.ComparativeEarlyStopping - INFO -   Decision: CONTINUE
2025-07-27 05:10:07 - AutoML.ComparativeEarlyStopping - INFO - Early stopping evaluation for convnext_tiny:
2025-07-27 05:10:07 - AutoML.ComparativeEarlyStopping - INFO -   Decision scores: {'statistical_significance': 0.5, 'performance_gap': 0.0, 'learning_trend': 0.0, 'resource_efficiency': 0.0}
2025-07-27 05:10:07 - AutoML.ComparativeEarlyStopping - INFO -   Final score: 0.175
2025-07-27 05:10:07 - AutoML.ComparativeEarlyStopping - INFO -   Decision: CONTINUE
2025-07-27 05:10:07 - AutoML.Trainer - INFO - Epoch 25/26 - Train Acc: 0.9886, Val Acc: 0.6510, Val Loss: 2.6331, Time: 38.5s
2025-07-27 05:10:45 - AutoML.ComparativeEarlyStopping - INFO - Early stopping evaluation for convnext_tiny:
2025-07-27 05:10:45 - AutoML.ComparativeEarlyStopping - INFO -   Decision scores: {'statistical_significance': 0.5, 'performance_gap': 0.0, 'learning_trend': 0.0, 'resource_efficiency': 0.0}
2025-07-27 05:10:45 - AutoML.ComparativeEarlyStopping - INFO -   Final score: 0.175
2025-07-27 05:10:45 - AutoML.ComparativeEarlyStopping - INFO -   Decision: CONTINUE
2025-07-27 05:10:45 - AutoML.Trainer - INFO - Epoch 26/26 - Train Acc: 0.9886, Val Acc: 0.6512, Val Loss: 2.6270, Time: 38.0s
2025-07-27 05:10:45 - AutoML.Trainer - INFO - Training completed for convnext_tiny
2025-07-27 05:10:45 - AutoML.Trainer - INFO - Best validation accuracy: 0.6543
2025-07-27 05:10:45 - AutoML.Trainer - INFO - Total training time: 988.9s
2025-07-27 05:10:45 - AutoML.Trainer - INFO - Average epoch time: 38.0s
2025-07-27 05:10:45 - AutoML.Trainer - INFO - Evaluating hyperparameters for convnext_tiny: {'learning_rate': 0.00017541893487450815, 'optimizer': 'adamw', 'weight_decay': 0.009780337016659405, 'batch_size': 64, 'dropout_rate': 0.15585553804470548, 'pretrained': True, 'lr_scheduler': 'cosine', 'max_epochs': 28}
2025-07-27 05:10:45 - AutoML.ModelFactory - INFO - Creating convnext_tiny (pretrained=True, dropout=0.15585553804470548)
2025-07-27 05:10:45 - AutoML - INFO -  Starting: convnext_tiny creation
2025-07-27 05:10:45 - AutoML.ModelFactory - INFO - convnext_tiny created successfully:
2025-07-27 05:10:45 - AutoML.ModelFactory - INFO -   Parameters: 27,822,439
2025-07-27 05:10:45 - AutoML.ModelFactory - INFO -   Trainable: 27,822,439
2025-07-27 05:10:45 - AutoML.ModelFactory - INFO -   Model size: 106.13 MB
2025-07-27 05:10:45 - AutoML - INFO -  convnext_tiny creation completed in 0.53 seconds
2025-07-27 05:10:57 - AutoML.Trainer - INFO - Class distribution: {3: 148, 5: 85, 2: 99, 0: 88, 4: 95, 6: 116, 1: 9}
2025-07-27 05:10:57 - AutoML.Trainer - INFO - Class weights: [1.0389610389610389, 10.158730158730158, 0.9235209235209235, 0.6177606177606177, 0.9624060150375939, 1.0756302521008403, 0.7881773399014779]
2025-07-27 05:14:02 - AutoML.ComparativeEarlyStopping - INFO - Early stopping evaluation for convnext_tiny:
2025-07-27 05:14:02 - AutoML.ComparativeEarlyStopping - INFO -   Decision scores: {'statistical_significance': 0.5, 'performance_gap': 0.0, 'learning_trend': 0.0, 'resource_efficiency': 0.0}
2025-07-27 05:14:02 - AutoML.ComparativeEarlyStopping - INFO -   Final score: 0.175
2025-07-27 05:14:02 - AutoML.ComparativeEarlyStopping - INFO -   Decision: CONTINUE
2025-07-27 05:14:02 - AutoML.Trainer - INFO - Epoch 5/28 - Train Acc: 0.6480, Val Acc: 0.5972, Val Loss: 1.0620, Time: 37.6s
2025-07-27 05:14:41 - AutoML.ComparativeEarlyStopping - INFO - Early stopping evaluation for convnext_tiny:
2025-07-27 05:14:41 - AutoML.ComparativeEarlyStopping - INFO -   Decision scores: {'statistical_significance': 0.5, 'performance_gap': 0.0, 'learning_trend': 0.0, 'resource_efficiency': 0.0}
2025-07-27 05:14:41 - AutoML.ComparativeEarlyStopping - INFO -   Final score: 0.175
2025-07-27 05:14:41 - AutoML.ComparativeEarlyStopping - INFO -   Decision: CONTINUE
2025-07-27 05:15:19 - AutoML.ComparativeEarlyStopping - INFO - Early stopping evaluation for convnext_tiny:
2025-07-27 05:15:19 - AutoML.ComparativeEarlyStopping - INFO -   Decision scores: {'statistical_significance': 0.5, 'performance_gap': 0.0, 'learning_trend': 0.0, 'resource_efficiency': 0.0}
2025-07-27 05:15:19 - AutoML.ComparativeEarlyStopping - INFO -   Final score: 0.175
2025-07-27 05:15:19 - AutoML.ComparativeEarlyStopping - INFO -   Decision: CONTINUE
2025-07-27 05:15:57 - AutoML.ComparativeEarlyStopping - INFO - Early stopping evaluation for convnext_tiny:
2025-07-27 05:15:57 - AutoML.ComparativeEarlyStopping - INFO -   Decision scores: {'statistical_significance': 0.5, 'performance_gap': 0.0, 'learning_trend': 0.0, 'resource_efficiency': 0.0}
2025-07-27 05:15:57 - AutoML.ComparativeEarlyStopping - INFO -   Final score: 0.175
2025-07-27 05:15:57 - AutoML.ComparativeEarlyStopping - INFO -   Decision: CONTINUE
2025-07-27 05:16:34 - AutoML.ComparativeEarlyStopping - INFO - Early stopping evaluation for convnext_tiny:
2025-07-27 05:16:34 - AutoML.ComparativeEarlyStopping - INFO -   Decision scores: {'statistical_significance': 0.5, 'performance_gap': 0.0, 'learning_trend': 0.0, 'resource_efficiency': 0.0}
2025-07-27 05:16:34 - AutoML.ComparativeEarlyStopping - INFO -   Final score: 0.175
2025-07-27 05:16:34 - AutoML.ComparativeEarlyStopping - INFO -   Decision: CONTINUE
2025-07-27 05:17:12 - AutoML.ComparativeEarlyStopping - INFO - Early stopping evaluation for convnext_tiny:
2025-07-27 05:17:12 - AutoML.ComparativeEarlyStopping - INFO -   Decision scores: {'statistical_significance': 0.5, 'performance_gap': 0.0, 'learning_trend': 0.0, 'resource_efficiency': 0.0}
2025-07-27 05:17:12 - AutoML.ComparativeEarlyStopping - INFO -   Final score: 0.175
2025-07-27 05:17:12 - AutoML.ComparativeEarlyStopping - INFO -   Decision: CONTINUE
2025-07-27 05:17:12 - AutoML.Trainer - INFO - Epoch 10/28 - Train Acc: 0.8200, Val Acc: 0.6311, Val Loss: 1.3059, Time: 37.5s
2025-07-27 05:17:58 - AutoML.ComparativeEarlyStopping - INFO - Early stopping evaluation for convnext_tiny:
2025-07-27 05:17:58 - AutoML.ComparativeEarlyStopping - INFO -   Decision scores: {'statistical_significance': 0.5, 'performance_gap': 0.0, 'learning_trend': 0.0, 'resource_efficiency': 0.0}
2025-07-27 05:17:58 - AutoML.ComparativeEarlyStopping - INFO -   Final score: 0.175
2025-07-27 05:17:58 - AutoML.ComparativeEarlyStopping - INFO -   Decision: CONTINUE
2025-07-27 05:18:36 - AutoML.ComparativeEarlyStopping - INFO - Early stopping evaluation for convnext_tiny:
2025-07-27 05:18:36 - AutoML.ComparativeEarlyStopping - INFO -   Decision scores: {'statistical_significance': 0.5, 'performance_gap': 0.0, 'learning_trend': 0.0, 'resource_efficiency': 0.0}
2025-07-27 05:18:36 - AutoML.ComparativeEarlyStopping - INFO -   Final score: 0.175
2025-07-27 05:18:36 - AutoML.ComparativeEarlyStopping - INFO -   Decision: CONTINUE
2025-07-27 05:19:14 - AutoML.ComparativeEarlyStopping - INFO - Early stopping evaluation for convnext_tiny:
2025-07-27 05:19:14 - AutoML.ComparativeEarlyStopping - INFO -   Decision scores: {'statistical_significance': 0.5, 'performance_gap': 0.0, 'learning_trend': 0.0, 'resource_efficiency': 0.0}
2025-07-27 05:19:14 - AutoML.ComparativeEarlyStopping - INFO -   Final score: 0.175
2025-07-27 05:19:14 - AutoML.ComparativeEarlyStopping - INFO -   Decision: CONTINUE
2025-07-27 05:19:52 - AutoML.ComparativeEarlyStopping - INFO - Early stopping evaluation for convnext_tiny:
2025-07-27 05:19:52 - AutoML.ComparativeEarlyStopping - INFO -   Decision scores: {'statistical_significance': 0.5, 'performance_gap': 0.0, 'learning_trend': 0.0, 'resource_efficiency': 0.0}
2025-07-27 05:19:52 - AutoML.ComparativeEarlyStopping - INFO -   Final score: 0.175
2025-07-27 05:19:52 - AutoML.ComparativeEarlyStopping - INFO -   Decision: CONTINUE
2025-07-27 05:20:30 - AutoML.ComparativeEarlyStopping - INFO - Early stopping evaluation for convnext_tiny:
2025-07-27 05:20:30 - AutoML.ComparativeEarlyStopping - INFO -   Decision scores: {'statistical_significance': 0.5, 'performance_gap': 0.0, 'learning_trend': 0.0, 'resource_efficiency': 0.0}
2025-07-27 05:20:30 - AutoML.ComparativeEarlyStopping - INFO -   Final score: 0.175
2025-07-27 05:20:30 - AutoML.ComparativeEarlyStopping - INFO -   Decision: CONTINUE
2025-07-27 05:20:30 - AutoML.Trainer - INFO - Epoch 15/28 - Train Acc: 0.9416, Val Acc: 0.6444, Val Loss: 1.7696, Time: 38.9s
2025-07-27 05:21:08 - AutoML.ComparativeEarlyStopping - INFO - Early stopping evaluation for convnext_tiny:
2025-07-27 05:21:08 - AutoML.ComparativeEarlyStopping - INFO -   Decision scores: {'statistical_significance': 0.5, 'performance_gap': 0.0, 'learning_trend': 0.0, 'resource_efficiency': 0.0}
2025-07-27 05:21:08 - AutoML.ComparativeEarlyStopping - INFO -   Final score: 0.175
2025-07-27 05:21:08 - AutoML.ComparativeEarlyStopping - INFO -   Decision: CONTINUE
2025-07-27 05:21:47 - AutoML.ComparativeEarlyStopping - INFO - Early stopping evaluation for convnext_tiny:
2025-07-27 05:21:47 - AutoML.ComparativeEarlyStopping - INFO -   Decision scores: {'statistical_significance': 0.5, 'performance_gap': 0.0, 'learning_trend': 0.0, 'resource_efficiency': 0.0}
2025-07-27 05:21:47 - AutoML.ComparativeEarlyStopping - INFO -   Final score: 0.175
2025-07-27 05:21:47 - AutoML.ComparativeEarlyStopping - INFO -   Decision: CONTINUE
2025-07-27 05:22:25 - AutoML.ComparativeEarlyStopping - INFO - Early stopping evaluation for convnext_tiny:
2025-07-27 05:22:25 - AutoML.ComparativeEarlyStopping - INFO -   Decision scores: {'statistical_significance': 0.0, 'performance_gap': 0.0, 'learning_trend': 0.0, 'resource_efficiency': 0.0}
2025-07-27 05:22:25 - AutoML.ComparativeEarlyStopping - INFO -   Final score: 0.000
2025-07-27 05:22:25 - AutoML.ComparativeEarlyStopping - INFO -   Decision: CONTINUE
2025-07-27 05:23:02 - AutoML.ComparativeEarlyStopping - INFO - Early stopping evaluation for convnext_tiny:
2025-07-27 05:23:02 - AutoML.ComparativeEarlyStopping - INFO -   Decision scores: {'statistical_significance': 0.0, 'performance_gap': 0.0, 'learning_trend': 0.0, 'resource_efficiency': 0.0}
2025-07-27 05:23:02 - AutoML.ComparativeEarlyStopping - INFO -   Final score: 0.000
2025-07-27 05:23:02 - AutoML.ComparativeEarlyStopping - INFO -   Decision: CONTINUE
2025-07-27 05:23:41 - AutoML.ComparativeEarlyStopping - INFO - Early stopping evaluation for convnext_tiny:
2025-07-27 05:23:41 - AutoML.ComparativeEarlyStopping - INFO -   Decision scores: {'statistical_significance': 0.0, 'performance_gap': 0.0, 'learning_trend': 0.0, 'resource_efficiency': 0.0}
2025-07-27 05:23:41 - AutoML.ComparativeEarlyStopping - INFO -   Final score: 0.000
2025-07-27 05:23:41 - AutoML.ComparativeEarlyStopping - INFO -   Decision: CONTINUE
2025-07-27 05:23:41 - AutoML.Trainer - INFO - Epoch 20/28 - Train Acc: 0.9756, Val Acc: 0.6540, Val Loss: 2.0025, Time: 38.6s
2025-07-27 05:24:19 - AutoML.ComparativeEarlyStopping - INFO - Early stopping evaluation for convnext_tiny:
2025-07-27 05:24:19 - AutoML.ComparativeEarlyStopping - INFO -   Decision scores: {'statistical_significance': 0.0, 'performance_gap': 0.0, 'learning_trend': 0.0, 'resource_efficiency': 0.0}
2025-07-27 05:24:19 - AutoML.ComparativeEarlyStopping - INFO -   Final score: 0.000
2025-07-27 05:24:19 - AutoML.ComparativeEarlyStopping - INFO -   Decision: CONTINUE
2025-07-27 05:24:56 - AutoML.ComparativeEarlyStopping - INFO - Early stopping evaluation for convnext_tiny:
2025-07-27 05:24:56 - AutoML.ComparativeEarlyStopping - INFO -   Decision scores: {'statistical_significance': 0.0, 'performance_gap': 0.0, 'learning_trend': 0.0, 'resource_efficiency': 0.0}
2025-07-27 05:24:56 - AutoML.ComparativeEarlyStopping - INFO -   Final score: 0.000
2025-07-27 05:24:56 - AutoML.ComparativeEarlyStopping - INFO -   Decision: CONTINUE
2025-07-27 05:25:35 - AutoML.ComparativeEarlyStopping - INFO - Early stopping evaluation for convnext_tiny:
2025-07-27 05:25:35 - AutoML.ComparativeEarlyStopping - INFO -   Decision scores: {'statistical_significance': 0.0, 'performance_gap': 0.0, 'learning_trend': 0.0, 'resource_efficiency': 0.0}
2025-07-27 05:25:35 - AutoML.ComparativeEarlyStopping - INFO -   Final score: 0.000
2025-07-27 05:25:35 - AutoML.ComparativeEarlyStopping - INFO -   Decision: CONTINUE
2025-07-27 05:26:12 - AutoML.ComparativeEarlyStopping - INFO - Early stopping evaluation for convnext_tiny:
2025-07-27 05:26:12 - AutoML.ComparativeEarlyStopping - INFO -   Decision scores: {'statistical_significance': 0.0, 'performance_gap': 0.0, 'learning_trend': 0.0, 'resource_efficiency': 0.0}
2025-07-27 05:26:12 - AutoML.ComparativeEarlyStopping - INFO -   Final score: 0.000
2025-07-27 05:26:12 - AutoML.ComparativeEarlyStopping - INFO -   Decision: CONTINUE
2025-07-27 05:26:50 - AutoML.ComparativeEarlyStopping - INFO - Early stopping evaluation for convnext_tiny:
2025-07-27 05:26:50 - AutoML.ComparativeEarlyStopping - INFO -   Decision scores: {'statistical_significance': 0.0, 'performance_gap': 0.0, 'learning_trend': 0.0, 'resource_efficiency': 0.0}
2025-07-27 05:26:50 - AutoML.ComparativeEarlyStopping - INFO -   Final score: 0.000
2025-07-27 05:26:50 - AutoML.ComparativeEarlyStopping - INFO -   Decision: CONTINUE
2025-07-27 05:26:50 - AutoML.Trainer - INFO - Epoch 25/28 - Train Acc: 0.9886, Val Acc: 0.6555, Val Loss: 2.6475, Time: 37.4s
2025-07-27 05:27:28 - AutoML.ComparativeEarlyStopping - INFO - Early stopping evaluation for convnext_tiny:
2025-07-27 05:27:28 - AutoML.ComparativeEarlyStopping - INFO -   Decision scores: {'statistical_significance': 0.0, 'performance_gap': 0.0, 'learning_trend': 0.0, 'resource_efficiency': 0.0}
2025-07-27 05:27:28 - AutoML.ComparativeEarlyStopping - INFO -   Final score: 0.000
2025-07-27 05:27:28 - AutoML.ComparativeEarlyStopping - INFO -   Decision: CONTINUE
2025-07-27 05:28:05 - AutoML.ComparativeEarlyStopping - INFO - Early stopping evaluation for convnext_tiny:
2025-07-27 05:28:05 - AutoML.ComparativeEarlyStopping - INFO -   Decision scores: {'statistical_significance': 0.0, 'performance_gap': 0.0, 'learning_trend': 0.0, 'resource_efficiency': 0.0}
2025-07-27 05:28:05 - AutoML.ComparativeEarlyStopping - INFO -   Final score: 0.000
2025-07-27 05:28:05 - AutoML.ComparativeEarlyStopping - INFO -   Decision: CONTINUE
2025-07-27 05:28:45 - AutoML.ComparativeEarlyStopping - INFO - Early stopping evaluation for convnext_tiny:
2025-07-27 05:28:45 - AutoML.ComparativeEarlyStopping - INFO -   Decision scores: {'statistical_significance': 0.0, 'performance_gap': 0.0, 'learning_trend': 0.0, 'resource_efficiency': 0.0}
2025-07-27 05:28:45 - AutoML.ComparativeEarlyStopping - INFO -   Final score: 0.000
2025-07-27 05:28:45 - AutoML.ComparativeEarlyStopping - INFO -   Decision: CONTINUE
2025-07-27 05:28:45 - AutoML.Trainer - INFO - Epoch 28/28 - Train Acc: 0.9911, Val Acc: 0.6581, Val Loss: 2.6998, Time: 39.8s
2025-07-27 05:28:45 - AutoML.Trainer - INFO - Training completed for convnext_tiny
2025-07-27 05:28:45 - AutoML.Trainer - INFO - Best validation accuracy: 0.6592
2025-07-27 05:28:45 - AutoML.Trainer - INFO - Total training time: 1068.0s
2025-07-27 05:28:45 - AutoML.Trainer - INFO - Average epoch time: 38.1s
2025-07-27 05:28:45 - AutoML.Trainer - INFO - Evaluating hyperparameters for convnext_tiny: {'learning_rate': 0.0012399967836846098, 'optimizer': 'adamw', 'weight_decay': 0.0023426581058204046, 'batch_size': 32, 'dropout_rate': 0.29894998940554257, 'pretrained': True, 'lr_scheduler': 'cosine', 'max_epochs': 38}
2025-07-27 05:28:45 - AutoML.ModelFactory - INFO - Creating convnext_tiny (pretrained=True, dropout=0.29894998940554257)
2025-07-27 05:28:45 - AutoML - INFO -  Starting: convnext_tiny creation
2025-07-27 05:28:45 - AutoML.ModelFactory - INFO - convnext_tiny created successfully:
2025-07-27 05:28:45 - AutoML.ModelFactory - INFO -   Parameters: 27,822,439
2025-07-27 05:28:45 - AutoML.ModelFactory - INFO -   Trainable: 27,822,439
2025-07-27 05:28:45 - AutoML.ModelFactory - INFO -   Model size: 106.13 MB
2025-07-27 05:28:45 - AutoML - INFO -  convnext_tiny creation completed in 0.48 seconds
2025-07-27 05:28:56 - AutoML.Trainer - INFO - Class distribution: {0: 108, 6: 111, 2: 97, 3: 149, 5: 67, 4: 101, 1: 7}
2025-07-27 05:28:56 - AutoML.Trainer - INFO - Class weights: [0.8465608465608465, 13.061224489795919, 0.9425625920471281, 0.613614573346117, 0.9052333804809052, 1.3646055437100213, 0.8236808236808236]
2025-07-27 05:32:09 - AutoML.ComparativeEarlyStopping - INFO - Early stopping evaluation for convnext_tiny:
2025-07-27 05:32:09 - AutoML.ComparativeEarlyStopping - INFO -   Decision scores: {'statistical_significance': 0.0, 'performance_gap': 1.0, 'learning_trend': 0.0, 'resource_efficiency': 0.6531907811277468}
2025-07-27 05:32:09 - AutoML.ComparativeEarlyStopping - INFO -   Final score: 0.348
2025-07-27 05:32:09 - AutoML.ComparativeEarlyStopping - INFO -   Decision: CONTINUE
2025-07-27 05:32:09 - AutoML.Trainer - INFO - Epoch 5/38 - Train Acc: 0.1916, Val Acc: 0.2151, Val Loss: 1.8876, Time: 37.5s
2025-07-27 05:32:46 - AutoML.ComparativeEarlyStopping - INFO - Early stopping evaluation for convnext_tiny:
2025-07-27 05:32:46 - AutoML.ComparativeEarlyStopping - INFO -   Decision scores: {'statistical_significance': 0.0, 'performance_gap': 1.0, 'learning_trend': 0.0, 'resource_efficiency': 0.5733453640835979}
2025-07-27 05:32:46 - AutoML.ComparativeEarlyStopping - INFO -   Final score: 0.336
2025-07-27 05:32:46 - AutoML.ComparativeEarlyStopping - INFO -   Decision: CONTINUE
2025-07-27 05:33:24 - AutoML.ComparativeEarlyStopping - INFO - Early stopping evaluation for convnext_tiny:
2025-07-27 05:33:24 - AutoML.ComparativeEarlyStopping - INFO -   Decision scores: {'statistical_significance': 0.0, 'performance_gap': 1.0, 'learning_trend': 0.0, 'resource_efficiency': 0.5407007075558091}
2025-07-27 05:33:24 - AutoML.ComparativeEarlyStopping - INFO -   Final score: 0.331
2025-07-27 05:33:24 - AutoML.ComparativeEarlyStopping - INFO -   Decision: CONTINUE
2025-07-27 05:34:02 - AutoML.ComparativeEarlyStopping - INFO - Early stopping evaluation for convnext_tiny:
2025-07-27 05:34:02 - AutoML.ComparativeEarlyStopping - INFO -   Decision scores: {'statistical_significance': 0.0, 'performance_gap': 1.0, 'learning_trend': 0.0, 'resource_efficiency': 0.5144979665979972}
2025-07-27 05:34:02 - AutoML.ComparativeEarlyStopping - INFO -   Final score: 0.327
2025-07-27 05:34:02 - AutoML.ComparativeEarlyStopping - INFO -   Decision: CONTINUE
2025-07-27 05:34:40 - AutoML.ComparativeEarlyStopping - INFO - Early stopping evaluation for convnext_tiny:
2025-07-27 05:34:40 - AutoML.ComparativeEarlyStopping - INFO -   Decision scores: {'statistical_significance': 0.0, 'performance_gap': 1.0, 'learning_trend': 0.0, 'resource_efficiency': 0.4827049321596516}
2025-07-27 05:34:40 - AutoML.ComparativeEarlyStopping - INFO -   Final score: 0.322
2025-07-27 05:34:40 - AutoML.ComparativeEarlyStopping - INFO -   Decision: CONTINUE
2025-07-27 05:35:18 - AutoML.ComparativeEarlyStopping - INFO - Early stopping evaluation for convnext_tiny:
2025-07-27 05:35:18 - AutoML.ComparativeEarlyStopping - INFO -   Decision scores: {'statistical_significance': 0.0, 'performance_gap': 1.0, 'learning_trend': 0.0, 'resource_efficiency': 0.5219061867489614}
2025-07-27 05:35:18 - AutoML.ComparativeEarlyStopping - INFO -   Final score: 0.328
2025-07-27 05:35:18 - AutoML.ComparativeEarlyStopping - INFO -   Decision: CONTINUE
2025-07-27 05:35:18 - AutoML.Trainer - INFO - Epoch 10/38 - Train Acc: 0.2783, Val Acc: 0.2395, Val Loss: 1.7722, Time: 38.1s
2025-07-27 05:35:56 - AutoML.ComparativeEarlyStopping - INFO - Early stopping evaluation for convnext_tiny:
2025-07-27 05:35:56 - AutoML.ComparativeEarlyStopping - INFO -   Decision scores: {'statistical_significance': 0.0, 'performance_gap': 1.0, 'learning_trend': 0.0, 'resource_efficiency': 0.4662937004122494}
2025-07-27 05:35:56 - AutoML.ComparativeEarlyStopping - INFO -   Final score: 0.320
2025-07-27 05:35:56 - AutoML.ComparativeEarlyStopping - INFO -   Decision: CONTINUE
2025-07-27 05:36:34 - AutoML.ComparativeEarlyStopping - INFO - Early stopping evaluation for convnext_tiny:
2025-07-27 05:36:34 - AutoML.ComparativeEarlyStopping - INFO -   Decision scores: {'statistical_significance': 0.0, 'performance_gap': 1.0, 'learning_trend': 0.0, 'resource_efficiency': 0.47749180594008}
2025-07-27 05:36:34 - AutoML.ComparativeEarlyStopping - INFO -   Final score: 0.322
2025-07-27 05:36:34 - AutoML.ComparativeEarlyStopping - INFO -   Decision: CONTINUE
2025-07-27 05:37:10 - AutoML.ComparativeEarlyStopping - INFO - Early stopping evaluation for convnext_tiny:
2025-07-27 05:37:10 - AutoML.ComparativeEarlyStopping - INFO -   Decision scores: {'statistical_significance': 0.0, 'performance_gap': 1.0, 'learning_trend': 0.0, 'resource_efficiency': 0.3974954115533351}
2025-07-27 05:37:10 - AutoML.ComparativeEarlyStopping - INFO -   Final score: 0.310
2025-07-27 05:37:10 - AutoML.ComparativeEarlyStopping - INFO -   Decision: CONTINUE
2025-07-27 05:37:48 - AutoML.ComparativeEarlyStopping - INFO - Early stopping evaluation for convnext_tiny:
2025-07-27 05:37:48 - AutoML.ComparativeEarlyStopping - INFO -   Decision scores: {'statistical_significance': 0.0, 'performance_gap': 1.0, 'learning_trend': 0.0, 'resource_efficiency': 0.4372477711300604}
2025-07-27 05:37:48 - AutoML.ComparativeEarlyStopping - INFO -   Final score: 0.316
2025-07-27 05:37:48 - AutoML.ComparativeEarlyStopping - INFO -   Decision: CONTINUE
2025-07-27 05:38:25 - AutoML.ComparativeEarlyStopping - INFO - Early stopping evaluation for convnext_tiny:
2025-07-27 05:38:25 - AutoML.ComparativeEarlyStopping - INFO -   Decision scores: {'statistical_significance': 0.0, 'performance_gap': 1.0, 'learning_trend': 0.0, 'resource_efficiency': 0.4189841573666284}
2025-07-27 05:38:25 - AutoML.ComparativeEarlyStopping - INFO -   Final score: 0.313
2025-07-27 05:38:25 - AutoML.ComparativeEarlyStopping - INFO -   Decision: CONTINUE
2025-07-27 05:38:25 - AutoML.Trainer - INFO - Epoch 15/38 - Train Acc: 0.3093, Val Acc: 0.3130, Val Loss: 1.6880, Time: 37.6s
2025-07-27 05:39:03 - AutoML.ComparativeEarlyStopping - INFO - Early stopping evaluation for convnext_tiny:
2025-07-27 05:39:03 - AutoML.ComparativeEarlyStopping - INFO -   Decision scores: {'statistical_significance': 0.0, 'performance_gap': 1.0, 'learning_trend': 0.2, 'resource_efficiency': 0.4594009668251857}
2025-07-27 05:39:03 - AutoML.ComparativeEarlyStopping - INFO -   Final score: 0.369
2025-07-27 05:39:03 - AutoML.ComparativeEarlyStopping - INFO -   Decision: CONTINUE
2025-07-27 05:39:41 - AutoML.ComparativeEarlyStopping - INFO - Early stopping evaluation for convnext_tiny:
2025-07-27 05:39:41 - AutoML.ComparativeEarlyStopping - INFO -   Decision scores: {'statistical_significance': 0.0, 'performance_gap': 1.0, 'learning_trend': 0.2, 'resource_efficiency': 0.4317140126077892}
2025-07-27 05:39:41 - AutoML.ComparativeEarlyStopping - INFO -   Final score: 0.365
2025-07-27 05:39:41 - AutoML.ComparativeEarlyStopping - INFO -   Decision: CONTINUE
2025-07-27 05:40:19 - AutoML.ComparativeEarlyStopping - INFO - Early stopping evaluation for convnext_tiny:
2025-07-27 05:40:19 - AutoML.ComparativeEarlyStopping - INFO -   Decision scores: {'statistical_significance': 0.0, 'performance_gap': 1.0, 'learning_trend': 0.2, 'resource_efficiency': 0.4250120423817255}
2025-07-27 05:40:19 - AutoML.ComparativeEarlyStopping - INFO -   Final score: 0.364
2025-07-27 05:40:19 - AutoML.ComparativeEarlyStopping - INFO -   Decision: CONTINUE
2025-07-27 05:40:56 - AutoML.ComparativeEarlyStopping - INFO - Early stopping evaluation for convnext_tiny:
2025-07-27 05:40:56 - AutoML.ComparativeEarlyStopping - INFO -   Decision scores: {'statistical_significance': 0.0, 'performance_gap': 1.0, 'learning_trend': 0.0, 'resource_efficiency': 0.3946093788828361}
2025-07-27 05:40:56 - AutoML.ComparativeEarlyStopping - INFO -   Final score: 0.309
2025-07-27 05:40:56 - AutoML.ComparativeEarlyStopping - INFO -   Decision: CONTINUE
2025-07-27 05:41:33 - AutoML.ComparativeEarlyStopping - INFO - Early stopping evaluation for convnext_tiny:
2025-07-27 05:41:33 - AutoML.ComparativeEarlyStopping - INFO -   Decision scores: {'statistical_significance': 0.5, 'performance_gap': 1.0, 'learning_trend': 0.0, 'resource_efficiency': 0.37021794648905015}
2025-07-27 05:41:33 - AutoML.ComparativeEarlyStopping - INFO -   Final score: 0.481
2025-07-27 05:41:33 - AutoML.ComparativeEarlyStopping - INFO -   Decision: CONTINUE
2025-07-27 05:41:33 - AutoML.Trainer - INFO - Epoch 20/38 - Train Acc: 0.3471, Val Acc: 0.3680, Val Loss: 1.6007, Time: 37.0s
2025-07-27 05:42:10 - AutoML.ComparativeEarlyStopping - INFO - Early stopping evaluation for convnext_tiny:
2025-07-27 05:42:10 - AutoML.ComparativeEarlyStopping - INFO -   Decision scores: {'statistical_significance': 0.5, 'performance_gap': 1.0, 'learning_trend': 0.0, 'resource_efficiency': 0.3610543000429065}
2025-07-27 05:42:10 - AutoML.ComparativeEarlyStopping - INFO -   Final score: 0.479
2025-07-27 05:42:10 - AutoML.ComparativeEarlyStopping - INFO -   Decision: CONTINUE
2025-07-27 05:42:48 - AutoML.ComparativeEarlyStopping - INFO - Early stopping evaluation for convnext_tiny:
2025-07-27 05:42:48 - AutoML.ComparativeEarlyStopping - INFO -   Decision scores: {'statistical_significance': 0.5, 'performance_gap': 1.0, 'learning_trend': 0.0, 'resource_efficiency': 0.3563323165146498}
2025-07-27 05:42:48 - AutoML.ComparativeEarlyStopping - INFO -   Final score: 0.478
2025-07-27 05:42:48 - AutoML.ComparativeEarlyStopping - INFO -   Decision: CONTINUE
2025-07-27 05:43:26 - AutoML.ComparativeEarlyStopping - INFO - Early stopping evaluation for convnext_tiny:
2025-07-27 05:43:26 - AutoML.ComparativeEarlyStopping - INFO -   Decision scores: {'statistical_significance': 0.5, 'performance_gap': 1.0, 'learning_trend': 0.0, 'resource_efficiency': 0.3587487573468361}
2025-07-27 05:43:26 - AutoML.ComparativeEarlyStopping - INFO -   Final score: 0.479
2025-07-27 05:43:26 - AutoML.ComparativeEarlyStopping - INFO -   Decision: CONTINUE
2025-07-27 05:44:03 - AutoML.ComparativeEarlyStopping - INFO - Early stopping evaluation for convnext_tiny:
2025-07-27 05:44:03 - AutoML.ComparativeEarlyStopping - INFO -   Decision scores: {'statistical_significance': 0.5, 'performance_gap': 1.0, 'learning_trend': 0.0, 'resource_efficiency': 0.34049885534114355}
2025-07-27 05:44:03 - AutoML.ComparativeEarlyStopping - INFO -   Final score: 0.476
2025-07-27 05:44:03 - AutoML.ComparativeEarlyStopping - INFO -   Decision: CONTINUE
2025-07-27 05:44:43 - AutoML.ComparativeEarlyStopping - INFO - Early stopping evaluation for convnext_tiny:
2025-07-27 05:44:43 - AutoML.ComparativeEarlyStopping - INFO -   Decision scores: {'statistical_significance': 0.5, 'performance_gap': 1.0, 'learning_trend': 0.0, 'resource_efficiency': 0.3301130527953541}
2025-07-27 05:44:43 - AutoML.ComparativeEarlyStopping - INFO -   Final score: 0.475
2025-07-27 05:44:43 - AutoML.ComparativeEarlyStopping - INFO -   Decision: CONTINUE
2025-07-27 05:44:43 - AutoML.Trainer - INFO - Epoch 25/38 - Train Acc: 0.3931, Val Acc: 0.3952, Val Loss: 1.6058, Time: 39.4s
2025-07-27 05:45:20 - AutoML.ComparativeEarlyStopping - INFO - Early stopping evaluation for convnext_tiny:
2025-07-27 05:45:20 - AutoML.ComparativeEarlyStopping - INFO -   Decision scores: {'statistical_significance': 0.5, 'performance_gap': 1.0, 'learning_trend': 0.0, 'resource_efficiency': 0.32292050761045143}
2025-07-27 05:45:20 - AutoML.ComparativeEarlyStopping - INFO -   Final score: 0.473
2025-07-27 05:45:20 - AutoML.ComparativeEarlyStopping - INFO -   Decision: CONTINUE
2025-07-27 05:45:58 - AutoML.ComparativeEarlyStopping - INFO - Early stopping evaluation for convnext_tiny:
2025-07-27 05:45:58 - AutoML.ComparativeEarlyStopping - INFO -   Decision scores: {'statistical_significance': 0.5, 'performance_gap': 1.0, 'learning_trend': 0.0, 'resource_efficiency': 0.30580334756853045}
2025-07-27 05:45:58 - AutoML.ComparativeEarlyStopping - INFO -   Final score: 0.471
2025-07-27 05:45:58 - AutoML.ComparativeEarlyStopping - INFO -   Decision: CONTINUE
2025-07-27 05:46:35 - AutoML.ComparativeEarlyStopping - INFO - Early stopping evaluation for convnext_tiny:
2025-07-27 05:46:35 - AutoML.ComparativeEarlyStopping - INFO -   Decision scores: {'statistical_significance': 0.5, 'performance_gap': 1.0, 'learning_trend': 0.0, 'resource_efficiency': 0.29603676416622426}
2025-07-27 05:46:35 - AutoML.ComparativeEarlyStopping - INFO -   Final score: 0.469
2025-07-27 05:46:35 - AutoML.ComparativeEarlyStopping - INFO -   Decision: CONTINUE
2025-07-27 05:47:13 - AutoML.ComparativeEarlyStopping - INFO - Early stopping evaluation for convnext_tiny:
2025-07-27 05:47:13 - AutoML.ComparativeEarlyStopping - INFO -   Decision scores: {'statistical_significance': 0.5, 'performance_gap': 1.0, 'learning_trend': 0.0, 'resource_efficiency': 0.2755989356453231}
2025-07-27 05:47:13 - AutoML.ComparativeEarlyStopping - INFO -   Final score: 0.466
2025-07-27 05:47:13 - AutoML.ComparativeEarlyStopping - INFO -   Decision: CONTINUE
2025-07-27 05:47:51 - AutoML.ComparativeEarlyStopping - INFO - Early stopping evaluation for convnext_tiny:
2025-07-27 05:47:51 - AutoML.ComparativeEarlyStopping - INFO -   Decision scores: {'statistical_significance': 0.5, 'performance_gap': 1.0, 'learning_trend': 0.0, 'resource_efficiency': 0.2651856925618634}
2025-07-27 05:47:51 - AutoML.ComparativeEarlyStopping - INFO -   Final score: 0.465
2025-07-27 05:47:51 - AutoML.ComparativeEarlyStopping - INFO -   Decision: CONTINUE
2025-07-27 05:47:51 - AutoML.Trainer - INFO - Epoch 30/38 - Train Acc: 0.4260, Val Acc: 0.4181, Val Loss: 1.6119, Time: 37.7s
2025-07-27 05:48:28 - AutoML.ComparativeEarlyStopping - INFO - Early stopping evaluation for convnext_tiny:
2025-07-27 05:48:28 - AutoML.ComparativeEarlyStopping - INFO -   Decision scores: {'statistical_significance': 0.5, 'performance_gap': 1.0, 'learning_trend': 0.0, 'resource_efficiency': 0.2450093372811718}
2025-07-27 05:48:28 - AutoML.ComparativeEarlyStopping - INFO -   Final score: 0.462
2025-07-27 05:48:28 - AutoML.ComparativeEarlyStopping - INFO -   Decision: CONTINUE
2025-07-27 05:49:07 - AutoML.ComparativeEarlyStopping - INFO - Early stopping evaluation for convnext_tiny:
2025-07-27 05:49:07 - AutoML.ComparativeEarlyStopping - INFO -   Decision scores: {'statistical_significance': 0.5, 'performance_gap': 1.0, 'learning_trend': 0.0, 'resource_efficiency': 0.24110501378743443}
2025-07-27 05:49:07 - AutoML.ComparativeEarlyStopping - INFO -   Final score: 0.461
2025-07-27 05:49:07 - AutoML.ComparativeEarlyStopping - INFO -   Decision: CONTINUE
2025-07-27 05:49:46 - AutoML.ComparativeEarlyStopping - INFO - Early stopping evaluation for convnext_tiny:
2025-07-27 05:49:46 - AutoML.ComparativeEarlyStopping - INFO -   Decision scores: {'statistical_significance': 0.5, 'performance_gap': 1.0, 'learning_trend': 0.0, 'resource_efficiency': 0.24659175982271087}
2025-07-27 05:49:46 - AutoML.ComparativeEarlyStopping - INFO -   Final score: 0.462
2025-07-27 05:49:46 - AutoML.ComparativeEarlyStopping - INFO -   Decision: CONTINUE
2025-07-27 05:50:24 - AutoML.ComparativeEarlyStopping - INFO - Early stopping evaluation for convnext_tiny:
2025-07-27 05:50:24 - AutoML.ComparativeEarlyStopping - INFO -   Decision scores: {'statistical_significance': 0.5, 'performance_gap': 1.0, 'learning_trend': 0.0, 'resource_efficiency': 0.2509701843473787}
2025-07-27 05:50:24 - AutoML.ComparativeEarlyStopping - INFO -   Final score: 0.463
2025-07-27 05:50:24 - AutoML.ComparativeEarlyStopping - INFO -   Decision: CONTINUE
2025-07-27 05:51:01 - AutoML.ComparativeEarlyStopping - INFO - Early stopping evaluation for convnext_tiny:
2025-07-27 05:51:01 - AutoML.ComparativeEarlyStopping - INFO -   Decision scores: {'statistical_significance': 0.5, 'performance_gap': 1.0, 'learning_trend': 0.0, 'resource_efficiency': 0.24211467417590138}
2025-07-27 05:51:01 - AutoML.ComparativeEarlyStopping - INFO -   Final score: 0.461
2025-07-27 05:51:01 - AutoML.ComparativeEarlyStopping - INFO -   Decision: CONTINUE
2025-07-27 05:51:01 - AutoML.Trainer - INFO - Epoch 35/38 - Train Acc: 0.4486, Val Acc: 0.4316, Val Loss: 1.6674, Time: 37.0s
2025-07-27 05:51:39 - AutoML.ComparativeEarlyStopping - INFO - Early stopping evaluation for convnext_tiny:
2025-07-27 05:51:39 - AutoML.ComparativeEarlyStopping - INFO -   Decision scores: {'statistical_significance': 0.5, 'performance_gap': 1.0, 'learning_trend': 0.0, 'resource_efficiency': 0.23054301620010664}
2025-07-27 05:51:39 - AutoML.ComparativeEarlyStopping - INFO -   Final score: 0.460
2025-07-27 05:51:39 - AutoML.ComparativeEarlyStopping - INFO -   Decision: CONTINUE
2025-07-27 05:52:17 - AutoML.ComparativeEarlyStopping - INFO - Early stopping evaluation for convnext_tiny:
2025-07-27 05:52:17 - AutoML.ComparativeEarlyStopping - INFO -   Decision scores: {'statistical_significance': 0.5, 'performance_gap': 1.0, 'learning_trend': 0.0, 'resource_efficiency': 0.219701958062134}
2025-07-27 05:52:17 - AutoML.ComparativeEarlyStopping - INFO -   Final score: 0.458
2025-07-27 05:52:17 - AutoML.ComparativeEarlyStopping - INFO -   Decision: CONTINUE
2025-07-27 05:52:54 - AutoML.ComparativeEarlyStopping - INFO - Early stopping evaluation for convnext_tiny:
2025-07-27 05:52:54 - AutoML.ComparativeEarlyStopping - INFO -   Decision scores: {'statistical_significance': 0.5, 'performance_gap': 1.0, 'learning_trend': 0.0, 'resource_efficiency': 0.21971293668979508}
2025-07-27 05:52:54 - AutoML.ComparativeEarlyStopping - INFO -   Final score: 0.458
2025-07-27 05:52:54 - AutoML.ComparativeEarlyStopping - INFO -   Decision: CONTINUE
2025-07-27 05:52:54 - AutoML.Trainer - INFO - Epoch 38/38 - Train Acc: 0.4480, Val Acc: 0.4314, Val Loss: 1.6874, Time: 37.0s
2025-07-27 05:52:54 - AutoML.Trainer - INFO - Training completed for convnext_tiny
2025-07-27 05:52:54 - AutoML.Trainer - INFO - Best validation accuracy: 0.4338
2025-07-27 05:52:54 - AutoML.Trainer - INFO - Total training time: 1437.7s
2025-07-27 05:52:54 - AutoML.Trainer - INFO - Average epoch time: 37.8s
2025-07-27 05:52:54 - AutoML.Trainer - INFO - Evaluating hyperparameters for convnext_tiny: {'learning_rate': 0.00015030900645056822, 'optimizer': 'adamw', 'weight_decay': 0.0024658447214487376, 'batch_size': 128, 'dropout_rate': 0.41436875457596467, 'pretrained': True, 'lr_scheduler': 'cosine', 'max_epochs': 24}
2025-07-27 05:52:54 - AutoML.ModelFactory - INFO - Creating convnext_tiny (pretrained=True, dropout=0.41436875457596467)
2025-07-27 05:52:54 - AutoML - INFO -  Starting: convnext_tiny creation
2025-07-27 05:52:54 - AutoML.ModelFactory - INFO - convnext_tiny created successfully:
2025-07-27 05:52:54 - AutoML.ModelFactory - INFO -   Parameters: 27,822,439
2025-07-27 05:52:54 - AutoML.ModelFactory - INFO -   Trainable: 27,822,439
2025-07-27 05:52:54 - AutoML.ModelFactory - INFO -   Model size: 106.13 MB
2025-07-27 05:52:54 - AutoML - INFO -  convnext_tiny creation completed in 0.44 seconds
2025-07-27 05:53:05 - AutoML.Trainer - INFO - Class distribution: {2: 107, 6: 103, 4: 118, 3: 147, 0: 91, 5: 60, 1: 14}
2025-07-27 05:53:05 - AutoML.Trainer - INFO - Class weights: [1.0047095761381475, 6.530612244897959, 0.8544726301735648, 0.6219630709426628, 0.774818401937046, 1.5238095238095237, 0.8876560332871013]
2025-07-27 05:56:14 - AutoML.ComparativeEarlyStopping - INFO - Early stopping evaluation for convnext_tiny:
2025-07-27 05:56:14 - AutoML.ComparativeEarlyStopping - INFO -   Decision scores: {'statistical_significance': 0.5, 'performance_gap': 0.0, 'learning_trend': 0.5, 'resource_efficiency': 0.0}
2025-07-27 05:56:14 - AutoML.ComparativeEarlyStopping - INFO -   Final score: 0.300
2025-07-27 05:56:14 - AutoML.ComparativeEarlyStopping - INFO -   Decision: CONTINUE
2025-07-27 05:56:14 - AutoML.Trainer - INFO - Epoch 5/24 - Train Acc: 0.6686, Val Acc: 0.6085, Val Loss: 1.0905, Time: 37.2s
2025-07-27 05:56:51 - AutoML.ComparativeEarlyStopping - INFO - Early stopping evaluation for convnext_tiny:
2025-07-27 05:56:51 - AutoML.ComparativeEarlyStopping - INFO -   Decision scores: {'statistical_significance': 0.5, 'performance_gap': 0.0, 'learning_trend': 0.5, 'resource_efficiency': 0.0}
2025-07-27 05:56:51 - AutoML.ComparativeEarlyStopping - INFO -   Final score: 0.300
2025-07-27 05:56:51 - AutoML.ComparativeEarlyStopping - INFO -   Decision: CONTINUE
2025-07-27 05:57:29 - AutoML.ComparativeEarlyStopping - INFO - Early stopping evaluation for convnext_tiny:
2025-07-27 05:57:29 - AutoML.ComparativeEarlyStopping - INFO -   Decision scores: {'statistical_significance': 0.5, 'performance_gap': 0.0, 'learning_trend': 0.5, 'resource_efficiency': 0.0}
2025-07-27 05:57:29 - AutoML.ComparativeEarlyStopping - INFO -   Final score: 0.300
2025-07-27 05:57:29 - AutoML.ComparativeEarlyStopping - INFO -   Decision: CONTINUE
2025-07-27 05:58:07 - AutoML.ComparativeEarlyStopping - INFO - Early stopping evaluation for convnext_tiny:
2025-07-27 05:58:07 - AutoML.ComparativeEarlyStopping - INFO -   Decision scores: {'statistical_significance': 0.5, 'performance_gap': 0.0, 'learning_trend': 0.5, 'resource_efficiency': 0.0}
2025-07-27 05:58:07 - AutoML.ComparativeEarlyStopping - INFO -   Final score: 0.300
2025-07-27 05:58:07 - AutoML.ComparativeEarlyStopping - INFO -   Decision: CONTINUE
2025-07-27 05:58:44 - AutoML.ComparativeEarlyStopping - INFO - Early stopping evaluation for convnext_tiny:
2025-07-27 05:58:44 - AutoML.ComparativeEarlyStopping - INFO -   Decision scores: {'statistical_significance': 0.5, 'performance_gap': 0.0, 'learning_trend': 0.5, 'resource_efficiency': 0.0}
2025-07-27 05:58:44 - AutoML.ComparativeEarlyStopping - INFO -   Final score: 0.300
2025-07-27 05:58:44 - AutoML.ComparativeEarlyStopping - INFO -   Decision: CONTINUE
2025-07-27 05:59:23 - AutoML.ComparativeEarlyStopping - INFO - Early stopping evaluation for convnext_tiny:
2025-07-27 05:59:23 - AutoML.ComparativeEarlyStopping - INFO -   Decision scores: {'statistical_significance': 0.5, 'performance_gap': 0.0, 'learning_trend': 0.0, 'resource_efficiency': 0.0}
2025-07-27 05:59:23 - AutoML.ComparativeEarlyStopping - INFO -   Final score: 0.175
2025-07-27 05:59:23 - AutoML.ComparativeEarlyStopping - INFO -   Decision: CONTINUE
2025-07-27 05:59:23 - AutoML.Trainer - INFO - Epoch 10/24 - Train Acc: 0.8410, Val Acc: 0.6411, Val Loss: 1.3398, Time: 38.5s
2025-07-27 06:00:00 - AutoML.ComparativeEarlyStopping - INFO - Early stopping evaluation for convnext_tiny:
2025-07-27 06:00:00 - AutoML.ComparativeEarlyStopping - INFO -   Decision scores: {'statistical_significance': 0.5, 'performance_gap': 0.0, 'learning_trend': 0.0, 'resource_efficiency': 0.0}
2025-07-27 06:00:00 - AutoML.ComparativeEarlyStopping - INFO -   Final score: 0.175
2025-07-27 06:00:00 - AutoML.ComparativeEarlyStopping - INFO -   Decision: CONTINUE
2025-07-27 06:00:39 - AutoML.ComparativeEarlyStopping - INFO - Early stopping evaluation for convnext_tiny:
2025-07-27 06:00:39 - AutoML.ComparativeEarlyStopping - INFO -   Decision scores: {'statistical_significance': 0.5, 'performance_gap': 0.0, 'learning_trend': 0.0, 'resource_efficiency': 0.0}
2025-07-27 06:00:39 - AutoML.ComparativeEarlyStopping - INFO -   Final score: 0.175
2025-07-27 06:00:39 - AutoML.ComparativeEarlyStopping - INFO -   Decision: CONTINUE
2025-07-27 06:01:16 - AutoML.ComparativeEarlyStopping - INFO - Early stopping evaluation for convnext_tiny:
2025-07-27 06:01:16 - AutoML.ComparativeEarlyStopping - INFO -   Decision scores: {'statistical_significance': 0.5, 'performance_gap': 0.0, 'learning_trend': 0.0, 'resource_efficiency': 0.0}
2025-07-27 06:01:16 - AutoML.ComparativeEarlyStopping - INFO -   Final score: 0.175
2025-07-27 06:01:16 - AutoML.ComparativeEarlyStopping - INFO -   Decision: CONTINUE
2025-07-27 06:01:54 - AutoML.ComparativeEarlyStopping - INFO - Early stopping evaluation for convnext_tiny:
2025-07-27 06:01:54 - AutoML.ComparativeEarlyStopping - INFO -   Decision scores: {'statistical_significance': 0.5, 'performance_gap': 0.0, 'learning_trend': 0.0, 'resource_efficiency': 0.0}
2025-07-27 06:01:54 - AutoML.ComparativeEarlyStopping - INFO -   Final score: 0.175
2025-07-27 06:01:54 - AutoML.ComparativeEarlyStopping - INFO -   Decision: CONTINUE
2025-07-27 06:02:32 - AutoML.ComparativeEarlyStopping - INFO - Early stopping evaluation for convnext_tiny:
2025-07-27 06:02:32 - AutoML.ComparativeEarlyStopping - INFO -   Decision scores: {'statistical_significance': 0.0, 'performance_gap': 0.0, 'learning_trend': 0.0, 'resource_efficiency': 0.0}
2025-07-27 06:02:32 - AutoML.ComparativeEarlyStopping - INFO -   Final score: 0.000
2025-07-27 06:02:32 - AutoML.ComparativeEarlyStopping - INFO -   Decision: CONTINUE
2025-07-27 06:02:32 - AutoML.Trainer - INFO - Epoch 15/24 - Train Acc: 0.9529, Val Acc: 0.6452, Val Loss: 1.8403, Time: 37.8s
2025-07-27 06:03:09 - AutoML.ComparativeEarlyStopping - INFO - Early stopping evaluation for convnext_tiny:
2025-07-27 06:03:09 - AutoML.ComparativeEarlyStopping - INFO -   Decision scores: {'statistical_significance': 0.0, 'performance_gap': 0.0, 'learning_trend': 0.0, 'resource_efficiency': 0.0}
2025-07-27 06:03:09 - AutoML.ComparativeEarlyStopping - INFO -   Final score: 0.000
2025-07-27 06:03:09 - AutoML.ComparativeEarlyStopping - INFO -   Decision: CONTINUE
2025-07-27 06:03:47 - AutoML.ComparativeEarlyStopping - INFO - Early stopping evaluation for convnext_tiny:
2025-07-27 06:03:47 - AutoML.ComparativeEarlyStopping - INFO -   Decision scores: {'statistical_significance': 0.0, 'performance_gap': 0.0, 'learning_trend': 0.0, 'resource_efficiency': 0.0}
2025-07-27 06:03:47 - AutoML.ComparativeEarlyStopping - INFO -   Final score: 0.000
2025-07-27 06:03:47 - AutoML.ComparativeEarlyStopping - INFO -   Decision: CONTINUE
2025-07-27 06:04:25 - AutoML.ComparativeEarlyStopping - INFO - Early stopping evaluation for convnext_tiny:
2025-07-27 06:04:25 - AutoML.ComparativeEarlyStopping - INFO -   Decision scores: {'statistical_significance': 0.0, 'performance_gap': 0.0, 'learning_trend': 0.0, 'resource_efficiency': 0.0}
2025-07-27 06:04:25 - AutoML.ComparativeEarlyStopping - INFO -   Final score: 0.000
2025-07-27 06:04:25 - AutoML.ComparativeEarlyStopping - INFO -   Decision: CONTINUE
2025-07-27 06:05:03 - AutoML.ComparativeEarlyStopping - INFO - Early stopping evaluation for convnext_tiny:
2025-07-27 06:05:03 - AutoML.ComparativeEarlyStopping - INFO -   Decision scores: {'statistical_significance': 0.0, 'performance_gap': 0.0, 'learning_trend': 0.0, 'resource_efficiency': 0.0}
2025-07-27 06:05:03 - AutoML.ComparativeEarlyStopping - INFO -   Final score: 0.000
2025-07-27 06:05:03 - AutoML.ComparativeEarlyStopping - INFO -   Decision: CONTINUE
2025-07-27 06:05:41 - AutoML.ComparativeEarlyStopping - INFO - Early stopping evaluation for convnext_tiny:
2025-07-27 06:05:41 - AutoML.ComparativeEarlyStopping - INFO -   Decision scores: {'statistical_significance': 0.0, 'performance_gap': 0.0, 'learning_trend': 0.0, 'resource_efficiency': 0.0}
2025-07-27 06:05:41 - AutoML.ComparativeEarlyStopping - INFO -   Final score: 0.000
2025-07-27 06:05:41 - AutoML.ComparativeEarlyStopping - INFO -   Decision: CONTINUE
2025-07-27 06:05:41 - AutoML.Trainer - INFO - Epoch 20/24 - Train Acc: 0.9832, Val Acc: 0.6493, Val Loss: 2.0712, Time: 38.6s
2025-07-27 06:06:19 - AutoML.ComparativeEarlyStopping - INFO - Early stopping evaluation for convnext_tiny:
2025-07-27 06:06:19 - AutoML.ComparativeEarlyStopping - INFO -   Decision scores: {'statistical_significance': 0.0, 'performance_gap': 0.0, 'learning_trend': 0.0, 'resource_efficiency': 0.0}
2025-07-27 06:06:19 - AutoML.ComparativeEarlyStopping - INFO -   Final score: 0.000
2025-07-27 06:06:19 - AutoML.ComparativeEarlyStopping - INFO -   Decision: CONTINUE
2025-07-27 06:06:57 - AutoML.ComparativeEarlyStopping - INFO - Early stopping evaluation for convnext_tiny:
2025-07-27 06:06:57 - AutoML.ComparativeEarlyStopping - INFO -   Decision scores: {'statistical_significance': 0.0, 'performance_gap': 0.0, 'learning_trend': 0.0, 'resource_efficiency': 0.0}
2025-07-27 06:06:57 - AutoML.ComparativeEarlyStopping - INFO -   Final score: 0.000
2025-07-27 06:06:57 - AutoML.ComparativeEarlyStopping - INFO -   Decision: CONTINUE
2025-07-27 06:07:34 - AutoML.ComparativeEarlyStopping - INFO - Early stopping evaluation for convnext_tiny:
2025-07-27 06:07:34 - AutoML.ComparativeEarlyStopping - INFO -   Decision scores: {'statistical_significance': 0.0, 'performance_gap': 0.0, 'learning_trend': 0.0, 'resource_efficiency': 0.0}
2025-07-27 06:07:34 - AutoML.ComparativeEarlyStopping - INFO -   Final score: 0.000
2025-07-27 06:07:34 - AutoML.ComparativeEarlyStopping - INFO -   Decision: CONTINUE
2025-07-27 06:08:12 - AutoML.ComparativeEarlyStopping - INFO - Early stopping evaluation for convnext_tiny:
2025-07-27 06:08:12 - AutoML.ComparativeEarlyStopping - INFO -   Decision scores: {'statistical_significance': 0.0, 'performance_gap': 0.0, 'learning_trend': 0.0, 'resource_efficiency': 0.0}
2025-07-27 06:08:12 - AutoML.ComparativeEarlyStopping - INFO -   Final score: 0.000
2025-07-27 06:08:12 - AutoML.ComparativeEarlyStopping - INFO -   Decision: CONTINUE
2025-07-27 06:08:12 - AutoML.Trainer - INFO - Epoch 24/24 - Train Acc: 0.9893, Val Acc: 0.6512, Val Loss: 2.1529, Time: 37.2s
2025-07-27 06:08:12 - AutoML.Trainer - INFO - Training completed for convnext_tiny
2025-07-27 06:08:12 - AutoML.Trainer - INFO - Best validation accuracy: 0.6519
2025-07-27 06:08:12 - AutoML.Trainer - INFO - Total training time: 907.0s
2025-07-27 06:08:12 - AutoML.Trainer - INFO - Average epoch time: 37.8s
2025-07-27 06:08:12 - AutoML.Trainer - INFO - Evaluating hyperparameters for convnext_tiny: {'learning_rate': 0.0003646439558980723, 'optimizer': 'adamw', 'weight_decay': 0.012172847081122434, 'batch_size': 256, 'dropout_rate': 0.3861223846483287, 'pretrained': True, 'lr_scheduler': 'cosine', 'max_epochs': 20}
2025-07-27 06:08:12 - AutoML.ModelFactory - INFO - Creating convnext_tiny (pretrained=True, dropout=0.3861223846483287)
2025-07-27 06:08:12 - AutoML - INFO -  Starting: convnext_tiny creation
2025-07-27 06:08:12 - AutoML.ModelFactory - INFO - convnext_tiny created successfully:
2025-07-27 06:08:12 - AutoML.ModelFactory - INFO -   Parameters: 27,822,439
2025-07-27 06:08:12 - AutoML.ModelFactory - INFO -   Trainable: 27,822,439
2025-07-27 06:08:12 - AutoML.ModelFactory - INFO -   Model size: 106.13 MB
2025-07-27 06:08:12 - AutoML - INFO -  convnext_tiny creation completed in 0.51 seconds
2025-07-27 06:08:23 - AutoML.Trainer - INFO - Class distribution: {1: 8, 0: 90, 5: 84, 6: 100, 4: 106, 3: 156, 2: 96}
2025-07-27 06:08:23 - AutoML.Trainer - INFO - Class weights: [1.0158730158730158, 11.428571428571429, 0.9523809523809523, 0.5860805860805861, 0.862533692722372, 1.08843537414966, 0.9142857142857143]
2025-07-27 06:11:32 - AutoML.ComparativeEarlyStopping - INFO - Early stopping evaluation for convnext_tiny:
2025-07-27 06:11:32 - AutoML.ComparativeEarlyStopping - INFO -   Decision scores: {'statistical_significance': 0.0, 'performance_gap': 1.0, 'learning_trend': 0.0, 'resource_efficiency': 0.2183508067507255}
2025-07-27 06:11:32 - AutoML.ComparativeEarlyStopping - INFO -   Final score: 0.283
2025-07-27 06:11:32 - AutoML.ComparativeEarlyStopping - INFO -   Decision: CONTINUE
2025-07-27 06:11:32 - AutoML.Trainer - INFO - Epoch 5/20 - Train Acc: 0.4769, Val Acc: 0.4967, Val Loss: 1.2763, Time: 37.6s
2025-07-27 06:12:09 - AutoML.ComparativeEarlyStopping - INFO - Early stopping evaluation for convnext_tiny:
2025-07-27 06:12:09 - AutoML.ComparativeEarlyStopping - INFO -   Decision scores: {'statistical_significance': 0.0, 'performance_gap': 0.3874956461163363, 'learning_trend': 0.0, 'resource_efficiency': 0.11080235749206324}
2025-07-27 06:12:09 - AutoML.ComparativeEarlyStopping - INFO -   Final score: 0.113
2025-07-27 06:12:09 - AutoML.ComparativeEarlyStopping - INFO -   Decision: CONTINUE
2025-07-27 06:12:47 - AutoML.ComparativeEarlyStopping - INFO - Early stopping evaluation for convnext_tiny:
2025-07-27 06:12:47 - AutoML.ComparativeEarlyStopping - INFO -   Decision scores: {'statistical_significance': 0.0, 'performance_gap': 0.0, 'learning_trend': 0.0, 'resource_efficiency': 0.05203376458374942}
2025-07-27 06:12:47 - AutoML.ComparativeEarlyStopping - INFO -   Final score: 0.008
2025-07-27 06:12:47 - AutoML.ComparativeEarlyStopping - INFO -   Decision: CONTINUE
2025-07-27 06:13:25 - AutoML.ComparativeEarlyStopping - INFO - Early stopping evaluation for convnext_tiny:
2025-07-27 06:13:25 - AutoML.ComparativeEarlyStopping - INFO -   Decision scores: {'statistical_significance': 0.0, 'performance_gap': 0.0, 'learning_trend': 0.0, 'resource_efficiency': 0.010739382655545748}
2025-07-27 06:13:25 - AutoML.ComparativeEarlyStopping - INFO -   Final score: 0.002
2025-07-27 06:13:25 - AutoML.ComparativeEarlyStopping - INFO -   Decision: CONTINUE
2025-07-27 06:14:03 - AutoML.ComparativeEarlyStopping - INFO - Early stopping evaluation for convnext_tiny:
2025-07-27 06:14:03 - AutoML.ComparativeEarlyStopping - INFO -   Decision scores: {'statistical_significance': 0.0, 'performance_gap': 0.0, 'learning_trend': 0.0, 'resource_efficiency': 0.0}
2025-07-27 06:14:03 - AutoML.ComparativeEarlyStopping - INFO -   Final score: 0.000
2025-07-27 06:14:03 - AutoML.ComparativeEarlyStopping - INFO -   Decision: CONTINUE
2025-07-27 06:14:41 - AutoML.ComparativeEarlyStopping - INFO - Early stopping evaluation for convnext_tiny:
2025-07-27 06:14:41 - AutoML.ComparativeEarlyStopping - INFO -   Decision scores: {'statistical_significance': 0.0, 'performance_gap': 0.0, 'learning_trend': 0.0, 'resource_efficiency': 0.0}
2025-07-27 06:14:41 - AutoML.ComparativeEarlyStopping - INFO -   Final score: 0.000
2025-07-27 06:14:41 - AutoML.ComparativeEarlyStopping - INFO -   Decision: CONTINUE
2025-07-27 06:14:41 - AutoML.Trainer - INFO - Epoch 10/20 - Train Acc: 0.6229, Val Acc: 0.5831, Val Loss: 1.1330, Time: 38.6s
2025-07-27 06:15:19 - AutoML.ComparativeEarlyStopping - INFO - Early stopping evaluation for convnext_tiny:
2025-07-27 06:15:19 - AutoML.ComparativeEarlyStopping - INFO -   Decision scores: {'statistical_significance': 0.0, 'performance_gap': 0.0, 'learning_trend': 0.0, 'resource_efficiency': 0.0}
2025-07-27 06:15:19 - AutoML.ComparativeEarlyStopping - INFO -   Final score: 0.000
2025-07-27 06:15:19 - AutoML.ComparativeEarlyStopping - INFO -   Decision: CONTINUE
2025-07-27 06:15:59 - AutoML.ComparativeEarlyStopping - INFO - Early stopping evaluation for convnext_tiny:
2025-07-27 06:15:59 - AutoML.ComparativeEarlyStopping - INFO -   Decision scores: {'statistical_significance': 0.0, 'performance_gap': 0.0, 'learning_trend': 0.0, 'resource_efficiency': 0.0}
2025-07-27 06:15:59 - AutoML.ComparativeEarlyStopping - INFO -   Final score: 0.000
2025-07-27 06:15:59 - AutoML.ComparativeEarlyStopping - INFO -   Decision: CONTINUE
2025-07-27 06:16:37 - AutoML.ComparativeEarlyStopping - INFO - Early stopping evaluation for convnext_tiny:
2025-07-27 06:16:37 - AutoML.ComparativeEarlyStopping - INFO -   Decision scores: {'statistical_significance': 0.0, 'performance_gap': 0.0, 'learning_trend': 0.0, 'resource_efficiency': 0.0}
2025-07-27 06:16:37 - AutoML.ComparativeEarlyStopping - INFO -   Final score: 0.000
2025-07-27 06:16:37 - AutoML.ComparativeEarlyStopping - INFO -   Decision: CONTINUE
2025-07-27 06:17:14 - AutoML.ComparativeEarlyStopping - INFO - Early stopping evaluation for convnext_tiny:
2025-07-27 06:17:14 - AutoML.ComparativeEarlyStopping - INFO -   Decision scores: {'statistical_significance': 0.0, 'performance_gap': 0.0, 'learning_trend': 0.0, 'resource_efficiency': 0.0}
2025-07-27 06:17:14 - AutoML.ComparativeEarlyStopping - INFO -   Final score: 0.000
2025-07-27 06:17:14 - AutoML.ComparativeEarlyStopping - INFO -   Decision: CONTINUE
2025-07-27 06:17:52 - AutoML.ComparativeEarlyStopping - INFO - Early stopping evaluation for convnext_tiny:
2025-07-27 06:17:52 - AutoML.ComparativeEarlyStopping - INFO -   Decision scores: {'statistical_significance': 0.0, 'performance_gap': 0.0, 'learning_trend': 0.0, 'resource_efficiency': 0.0}
2025-07-27 06:17:52 - AutoML.ComparativeEarlyStopping - INFO -   Final score: 0.000
2025-07-27 06:17:52 - AutoML.ComparativeEarlyStopping - INFO -   Decision: CONTINUE
2025-07-27 06:17:52 - AutoML.Trainer - INFO - Epoch 15/20 - Train Acc: 0.7813, Val Acc: 0.6078, Val Loss: 1.3003, Time: 37.4s
2025-07-27 06:18:30 - AutoML.ComparativeEarlyStopping - INFO - Early stopping evaluation for convnext_tiny:
2025-07-27 06:18:30 - AutoML.ComparativeEarlyStopping - INFO -   Decision scores: {'statistical_significance': 0.0, 'performance_gap': 0.0, 'learning_trend': 0.0, 'resource_efficiency': 0.0}
2025-07-27 06:18:30 - AutoML.ComparativeEarlyStopping - INFO -   Final score: 0.000
2025-07-27 06:18:30 - AutoML.ComparativeEarlyStopping - INFO -   Decision: CONTINUE
2025-07-27 06:19:09 - AutoML.ComparativeEarlyStopping - INFO - Early stopping evaluation for convnext_tiny:
2025-07-27 06:19:09 - AutoML.ComparativeEarlyStopping - INFO -   Decision scores: {'statistical_significance': 0.0, 'performance_gap': 0.0, 'learning_trend': 0.0, 'resource_efficiency': 0.0}
2025-07-27 06:19:09 - AutoML.ComparativeEarlyStopping - INFO -   Final score: 0.000
2025-07-27 06:19:09 - AutoML.ComparativeEarlyStopping - INFO -   Decision: CONTINUE
2025-07-27 06:19:47 - AutoML.ComparativeEarlyStopping - INFO - Early stopping evaluation for convnext_tiny:
2025-07-27 06:19:47 - AutoML.ComparativeEarlyStopping - INFO -   Decision scores: {'statistical_significance': 0.0, 'performance_gap': 0.0, 'learning_trend': 0.0, 'resource_efficiency': 0.0}
2025-07-27 06:19:47 - AutoML.ComparativeEarlyStopping - INFO -   Final score: 0.000
2025-07-27 06:19:47 - AutoML.ComparativeEarlyStopping - INFO -   Decision: CONTINUE
2025-07-27 06:20:25 - AutoML.ComparativeEarlyStopping - INFO - Early stopping evaluation for convnext_tiny:
2025-07-27 06:20:25 - AutoML.ComparativeEarlyStopping - INFO -   Decision scores: {'statistical_significance': 0.0, 'performance_gap': 0.0, 'learning_trend': 0.0, 'resource_efficiency': 0.0}
2025-07-27 06:20:25 - AutoML.ComparativeEarlyStopping - INFO -   Final score: 0.000
2025-07-27 06:20:25 - AutoML.ComparativeEarlyStopping - INFO -   Decision: CONTINUE
2025-07-27 06:21:12 - AutoML.ComparativeEarlyStopping - INFO - Early stopping evaluation for convnext_tiny:
2025-07-27 06:21:12 - AutoML.ComparativeEarlyStopping - INFO -   Decision scores: {'statistical_significance': 0.0, 'performance_gap': 0.0, 'learning_trend': 0.0, 'resource_efficiency': 0.0}
2025-07-27 06:21:12 - AutoML.ComparativeEarlyStopping - INFO -   Final score: 0.000
2025-07-27 06:21:12 - AutoML.ComparativeEarlyStopping - INFO -   Decision: CONTINUE
2025-07-27 06:21:12 - AutoML.Trainer - INFO - Epoch 20/20 - Train Acc: 0.8718, Val Acc: 0.6203, Val Loss: 1.6928, Time: 46.3s
2025-07-27 06:21:12 - AutoML.Trainer - INFO - Training completed for convnext_tiny
2025-07-27 06:21:12 - AutoML.Trainer - INFO - Best validation accuracy: 0.6210
2025-07-27 06:21:12 - AutoML.Trainer - INFO - Total training time: 768.2s
2025-07-27 06:21:12 - AutoML.Trainer - INFO - Average epoch time: 38.4s
2025-07-27 06:21:12 - AutoML.Trainer - INFO - Evaluating hyperparameters for convnext_tiny: {'learning_rate': 0.00010257563974185662, 'optimizer': 'adamw', 'weight_decay': 0.04274869455295218, 'batch_size': 128, 'dropout_rate': 0.1792328642721363, 'pretrained': True, 'lr_scheduler': 'cosine', 'max_epochs': 18}
2025-07-27 06:21:12 - AutoML.ModelFactory - INFO - Creating convnext_tiny (pretrained=True, dropout=0.1792328642721363)
2025-07-27 06:21:12 - AutoML - INFO -  Starting: convnext_tiny creation
2025-07-27 06:21:12 - AutoML.ModelFactory - INFO - convnext_tiny created successfully:
2025-07-27 06:21:12 - AutoML.ModelFactory - INFO -   Parameters: 27,822,439
2025-07-27 06:21:12 - AutoML.ModelFactory - INFO -   Trainable: 27,822,439
2025-07-27 06:21:12 - AutoML.ModelFactory - INFO -   Model size: 106.13 MB
2025-07-27 06:21:12 - AutoML - INFO -  convnext_tiny creation completed in 0.52 seconds
2025-07-27 06:21:23 - AutoML.Trainer - INFO - Class distribution: {4: 114, 0: 93, 3: 140, 2: 98, 6: 113, 5: 75, 1: 7}
2025-07-27 06:21:23 - AutoML.Trainer - INFO - Class weights: [0.9831029185867896, 13.061224489795919, 0.9329446064139941, 0.6530612244897959, 0.8020050125313283, 1.2190476190476192, 0.809102402022756]
2025-07-27 06:24:31 - AutoML.ComparativeEarlyStopping - INFO - Early stopping evaluation for convnext_tiny:
2025-07-27 06:24:31 - AutoML.ComparativeEarlyStopping - INFO -   Decision scores: {'statistical_significance': 0.0, 'performance_gap': 0.0, 'learning_trend': 0.0, 'resource_efficiency': 0.0}
2025-07-27 06:24:31 - AutoML.ComparativeEarlyStopping - INFO -   Final score: 0.000
2025-07-27 06:24:31 - AutoML.ComparativeEarlyStopping - INFO -   Decision: CONTINUE
2025-07-27 06:24:31 - AutoML.Trainer - INFO - Epoch 5/18 - Train Acc: 0.6806, Val Acc: 0.6203, Val Loss: 1.1407, Time: 38.3s
2025-07-27 06:25:11 - AutoML.ComparativeEarlyStopping - INFO - Early stopping evaluation for convnext_tiny:
2025-07-27 06:25:11 - AutoML.ComparativeEarlyStopping - INFO -   Decision scores: {'statistical_significance': 0.0, 'performance_gap': 0.0, 'learning_trend': 0.0, 'resource_efficiency': 0.0}
2025-07-27 06:25:11 - AutoML.ComparativeEarlyStopping - INFO -   Final score: 0.000
2025-07-27 06:25:11 - AutoML.ComparativeEarlyStopping - INFO -   Decision: CONTINUE
2025-07-27 06:25:50 - AutoML.ComparativeEarlyStopping - INFO - Early stopping evaluation for convnext_tiny:
2025-07-27 06:25:50 - AutoML.ComparativeEarlyStopping - INFO -   Decision scores: {'statistical_significance': 0.0, 'performance_gap': 0.0, 'learning_trend': 0.0, 'resource_efficiency': 0.0}
2025-07-27 06:25:50 - AutoML.ComparativeEarlyStopping - INFO -   Final score: 0.000
2025-07-27 06:25:50 - AutoML.ComparativeEarlyStopping - INFO -   Decision: CONTINUE
2025-07-27 06:26:28 - AutoML.ComparativeEarlyStopping - INFO - Early stopping evaluation for convnext_tiny:
2025-07-27 06:26:28 - AutoML.ComparativeEarlyStopping - INFO -   Decision scores: {'statistical_significance': 0.0, 'performance_gap': 0.0, 'learning_trend': 0.0, 'resource_efficiency': 0.0}
2025-07-27 06:26:28 - AutoML.ComparativeEarlyStopping - INFO -   Final score: 0.000
2025-07-27 06:26:28 - AutoML.ComparativeEarlyStopping - INFO -   Decision: CONTINUE
2025-07-27 06:27:06 - AutoML.ComparativeEarlyStopping - INFO - Early stopping evaluation for convnext_tiny:
2025-07-27 06:27:06 - AutoML.ComparativeEarlyStopping - INFO -   Decision scores: {'statistical_significance': 0.0, 'performance_gap': 0.0, 'learning_trend': 0.0, 'resource_efficiency': 0.0}
2025-07-27 06:27:06 - AutoML.ComparativeEarlyStopping - INFO -   Final score: 0.000
2025-07-27 06:27:06 - AutoML.ComparativeEarlyStopping - INFO -   Decision: CONTINUE
2025-07-27 06:27:43 - AutoML.ComparativeEarlyStopping - INFO - Early stopping evaluation for convnext_tiny:
2025-07-27 06:27:43 - AutoML.ComparativeEarlyStopping - INFO -   Decision scores: {'statistical_significance': 0.0, 'performance_gap': 0.0, 'learning_trend': 0.0, 'resource_efficiency': 0.0}
2025-07-27 06:27:43 - AutoML.ComparativeEarlyStopping - INFO -   Final score: 0.000
2025-07-27 06:27:43 - AutoML.ComparativeEarlyStopping - INFO -   Decision: CONTINUE
2025-07-27 06:27:43 - AutoML.Trainer - INFO - Epoch 10/18 - Train Acc: 0.8905, Val Acc: 0.6435, Val Loss: 1.4985, Time: 37.5s
2025-07-27 06:28:21 - AutoML.ComparativeEarlyStopping - INFO - Early stopping evaluation for convnext_tiny:
2025-07-27 06:28:21 - AutoML.ComparativeEarlyStopping - INFO -   Decision scores: {'statistical_significance': 0.0, 'performance_gap': 0.0, 'learning_trend': 0.0, 'resource_efficiency': 0.0}
2025-07-27 06:28:21 - AutoML.ComparativeEarlyStopping - INFO -   Final score: 0.000
2025-07-27 06:28:21 - AutoML.ComparativeEarlyStopping - INFO -   Decision: CONTINUE
2025-07-27 06:28:58 - AutoML.ComparativeEarlyStopping - INFO - Early stopping evaluation for convnext_tiny:
2025-07-27 06:28:58 - AutoML.ComparativeEarlyStopping - INFO -   Decision scores: {'statistical_significance': 0.0, 'performance_gap': 0.0, 'learning_trend': 0.0, 'resource_efficiency': 0.0}
2025-07-27 06:28:58 - AutoML.ComparativeEarlyStopping - INFO -   Final score: 0.000
2025-07-27 06:28:58 - AutoML.ComparativeEarlyStopping - INFO -   Decision: CONTINUE
2025-07-27 06:29:36 - AutoML.ComparativeEarlyStopping - INFO - Early stopping evaluation for convnext_tiny:
2025-07-27 06:29:36 - AutoML.ComparativeEarlyStopping - INFO -   Decision scores: {'statistical_significance': 0.0, 'performance_gap': 0.0, 'learning_trend': 0.0, 'resource_efficiency': 0.0}
2025-07-27 06:29:36 - AutoML.ComparativeEarlyStopping - INFO -   Final score: 0.000
2025-07-27 06:29:36 - AutoML.ComparativeEarlyStopping - INFO -   Decision: CONTINUE
2025-07-27 06:30:14 - AutoML.ComparativeEarlyStopping - INFO - Early stopping evaluation for convnext_tiny:
2025-07-27 06:30:14 - AutoML.ComparativeEarlyStopping - INFO -   Decision scores: {'statistical_significance': 0.0, 'performance_gap': 0.0, 'learning_trend': 0.0, 'resource_efficiency': 0.0}
2025-07-27 06:30:14 - AutoML.ComparativeEarlyStopping - INFO -   Final score: 0.000
2025-07-27 06:30:14 - AutoML.ComparativeEarlyStopping - INFO -   Decision: CONTINUE
2025-07-27 06:30:52 - AutoML.ComparativeEarlyStopping - INFO - Early stopping evaluation for convnext_tiny:
2025-07-27 06:30:52 - AutoML.ComparativeEarlyStopping - INFO -   Decision scores: {'statistical_significance': 0.0, 'performance_gap': 0.0, 'learning_trend': 0.0, 'resource_efficiency': 0.0}
2025-07-27 06:30:52 - AutoML.ComparativeEarlyStopping - INFO -   Final score: 0.000
2025-07-27 06:30:52 - AutoML.ComparativeEarlyStopping - INFO -   Decision: CONTINUE
2025-07-27 06:30:52 - AutoML.Trainer - INFO - Epoch 15/18 - Train Acc: 0.9737, Val Acc: 0.6571, Val Loss: 2.2665, Time: 37.6s
2025-07-27 06:31:29 - AutoML.ComparativeEarlyStopping - INFO - Early stopping evaluation for convnext_tiny:
2025-07-27 06:31:29 - AutoML.ComparativeEarlyStopping - INFO -   Decision scores: {'statistical_significance': 0.0, 'performance_gap': 0.0, 'learning_trend': 0.0, 'resource_efficiency': 0.0}
2025-07-27 06:31:29 - AutoML.ComparativeEarlyStopping - INFO -   Final score: 0.000
2025-07-27 06:31:29 - AutoML.ComparativeEarlyStopping - INFO -   Decision: CONTINUE
2025-07-27 06:32:06 - AutoML.ComparativeEarlyStopping - INFO - Early stopping evaluation for convnext_tiny:
2025-07-27 06:32:06 - AutoML.ComparativeEarlyStopping - INFO -   Decision scores: {'statistical_significance': 0.0, 'performance_gap': 0.0, 'learning_trend': 0.0, 'resource_efficiency': 0.0}
2025-07-27 06:32:06 - AutoML.ComparativeEarlyStopping - INFO -   Final score: 0.000
2025-07-27 06:32:06 - AutoML.ComparativeEarlyStopping - INFO -   Decision: CONTINUE
2025-07-27 06:32:44 - AutoML.ComparativeEarlyStopping - INFO - Early stopping evaluation for convnext_tiny:
2025-07-27 06:32:44 - AutoML.ComparativeEarlyStopping - INFO -   Decision scores: {'statistical_significance': 0.0, 'performance_gap': 0.0, 'learning_trend': 0.0, 'resource_efficiency': 0.0}
2025-07-27 06:32:44 - AutoML.ComparativeEarlyStopping - INFO -   Final score: 0.000
2025-07-27 06:32:44 - AutoML.ComparativeEarlyStopping - INFO -   Decision: CONTINUE
2025-07-27 06:32:44 - AutoML.Trainer - INFO - Epoch 18/18 - Train Acc: 0.9832, Val Acc: 0.6540, Val Loss: 2.3162, Time: 37.6s
2025-07-27 06:32:44 - AutoML.Trainer - INFO - Training completed for convnext_tiny
2025-07-27 06:32:44 - AutoML.Trainer - INFO - Best validation accuracy: 0.6571
2025-07-27 06:32:44 - AutoML.Trainer - INFO - Total training time: 681.1s
2025-07-27 06:32:44 - AutoML.Trainer - INFO - Average epoch time: 37.8s
2025-07-27 06:32:44 - AutoML.Trainer - INFO - Evaluating hyperparameters for convnext_tiny: {'learning_rate': 0.007767353816237063, 'optimizer': 'adamw', 'weight_decay': 0.0010280029617905616, 'batch_size': 64, 'dropout_rate': 0.2204924588711807, 'pretrained': True, 'lr_scheduler': 'cosine', 'max_epochs': 33}
2025-07-27 06:32:44 - AutoML.ModelFactory - INFO - Creating convnext_tiny (pretrained=True, dropout=0.2204924588711807)
2025-07-27 06:32:44 - AutoML - INFO -  Starting: convnext_tiny creation
2025-07-27 06:32:44 - AutoML.ModelFactory - INFO - convnext_tiny created successfully:
2025-07-27 06:32:44 - AutoML.ModelFactory - INFO -   Parameters: 27,822,439
2025-07-27 06:32:44 - AutoML.ModelFactory - INFO -   Trainable: 27,822,439
2025-07-27 06:32:44 - AutoML.ModelFactory - INFO -   Model size: 106.13 MB
2025-07-27 06:32:44 - AutoML - INFO -  convnext_tiny creation completed in 0.45 seconds
2025-07-27 06:32:56 - AutoML.Trainer - INFO - Class distribution: {3: 177, 2: 105, 4: 107, 6: 98, 5: 67, 0: 79, 1: 7}
2025-07-27 06:32:56 - AutoML.Trainer - INFO - Class weights: [1.1573236889692586, 13.061224489795919, 0.8707482993197279, 0.516545601291364, 0.8544726301735648, 1.3646055437100213, 0.9329446064139941]
2025-07-27 06:36:03 - AutoML.ComparativeEarlyStopping - INFO - Early stopping evaluation for convnext_tiny:
2025-07-27 06:36:03 - AutoML.ComparativeEarlyStopping - INFO -   Decision scores: {'statistical_significance': 0.0, 'performance_gap': 1.0, 'learning_trend': 0.0, 'resource_efficiency': 0.8244192769387929}
2025-07-27 06:36:03 - AutoML.ComparativeEarlyStopping - INFO -   Final score: 0.374
2025-07-27 06:36:03 - AutoML.ComparativeEarlyStopping - INFO -   Decision: CONTINUE
2025-07-27 06:36:03 - AutoML.Trainer - INFO - Epoch 5/33 - Train Acc: 0.0903, Val Acc: 0.1392, Val Loss: 1.9460, Time: 37.3s
2025-07-27 06:36:40 - AutoML.ComparativeEarlyStopping - INFO - Early stopping evaluation for convnext_tiny:
2025-07-27 06:36:40 - AutoML.ComparativeEarlyStopping - INFO -   Decision scores: {'statistical_significance': 0.0, 'performance_gap': 1.0, 'learning_trend': 0.0, 'resource_efficiency': 0.8981370810906734}
2025-07-27 06:36:40 - AutoML.ComparativeEarlyStopping - INFO -   Final score: 0.385
2025-07-27 06:36:40 - AutoML.ComparativeEarlyStopping - INFO -   Decision: CONTINUE
2025-07-27 06:37:17 - AutoML.ComparativeEarlyStopping - INFO - Early stopping evaluation for convnext_tiny:
2025-07-27 06:37:17 - AutoML.ComparativeEarlyStopping - INFO -   Decision scores: {'statistical_significance': 0.0, 'performance_gap': 1.0, 'learning_trend': 0.0, 'resource_efficiency': 0.8016450922816334}
2025-07-27 06:37:17 - AutoML.ComparativeEarlyStopping - INFO -   Final score: 0.370
2025-07-27 06:37:17 - AutoML.ComparativeEarlyStopping - INFO -   Decision: CONTINUE
2025-07-27 06:37:55 - AutoML.ComparativeEarlyStopping - INFO - Early stopping evaluation for convnext_tiny:
2025-07-27 06:37:55 - AutoML.ComparativeEarlyStopping - INFO -   Decision scores: {'statistical_significance': 0.0, 'performance_gap': 1.0, 'learning_trend': 0.0, 'resource_efficiency': 0.7822374834518893}
2025-07-27 06:37:55 - AutoML.ComparativeEarlyStopping - INFO -   Final score: 0.367
2025-07-27 06:37:55 - AutoML.ComparativeEarlyStopping - INFO -   Decision: CONTINUE
2025-07-27 06:38:33 - AutoML.ComparativeEarlyStopping - INFO - Early stopping evaluation for convnext_tiny:
2025-07-27 06:38:33 - AutoML.ComparativeEarlyStopping - INFO -   Decision scores: {'statistical_significance': 0.0, 'performance_gap': 1.0, 'learning_trend': 0.0, 'resource_efficiency': 0.689135020199781}
2025-07-27 06:38:33 - AutoML.ComparativeEarlyStopping - INFO -   Final score: 0.353
2025-07-27 06:38:33 - AutoML.ComparativeEarlyStopping - INFO -   Decision: CONTINUE
2025-07-27 06:39:12 - AutoML.ComparativeEarlyStopping - INFO - Early stopping evaluation for convnext_tiny:
2025-07-27 06:39:12 - AutoML.ComparativeEarlyStopping - INFO -   Decision scores: {'statistical_significance': 0.0, 'performance_gap': 1.0, 'learning_trend': 0.0, 'resource_efficiency': 0.6931020031662072}
2025-07-27 06:39:12 - AutoML.ComparativeEarlyStopping - INFO -   Final score: 0.354
2025-07-27 06:39:12 - AutoML.ComparativeEarlyStopping - INFO -   Decision: CONTINUE
2025-07-27 06:39:12 - AutoML.Trainer - INFO - Epoch 10/33 - Train Acc: 0.0806, Val Acc: 0.1729, Val Loss: 1.9430, Time: 38.5s
2025-07-27 06:39:49 - AutoML.ComparativeEarlyStopping - INFO - Early stopping evaluation for convnext_tiny:
2025-07-27 06:39:49 - AutoML.ComparativeEarlyStopping - INFO -   Decision scores: {'statistical_significance': 0.0, 'performance_gap': 1.0, 'learning_trend': 0.0, 'resource_efficiency': 0.7852197383404276}
2025-07-27 06:39:49 - AutoML.ComparativeEarlyStopping - INFO -   Final score: 0.368
2025-07-27 06:39:49 - AutoML.ComparativeEarlyStopping - INFO -   Decision: CONTINUE
2025-07-27 06:40:26 - AutoML.ComparativeEarlyStopping - INFO - Early stopping evaluation for convnext_tiny:
2025-07-27 06:40:26 - AutoML.ComparativeEarlyStopping - INFO -   Decision scores: {'statistical_significance': 0.0, 'performance_gap': 1.0, 'learning_trend': 0.0, 'resource_efficiency': 0.7842356811808437}
2025-07-27 06:40:26 - AutoML.ComparativeEarlyStopping - INFO -   Final score: 0.368
2025-07-27 06:40:26 - AutoML.ComparativeEarlyStopping - INFO -   Decision: CONTINUE
2025-07-27 06:41:04 - AutoML.ComparativeEarlyStopping - INFO - Early stopping evaluation for convnext_tiny:
2025-07-27 06:41:04 - AutoML.ComparativeEarlyStopping - INFO -   Decision scores: {'statistical_significance': 0.0, 'performance_gap': 1.0, 'learning_trend': 0.0, 'resource_efficiency': 0.7828584442745007}
2025-07-27 06:41:04 - AutoML.ComparativeEarlyStopping - INFO -   Final score: 0.367
2025-07-27 06:41:04 - AutoML.ComparativeEarlyStopping - INFO -   Decision: CONTINUE
2025-07-27 06:41:41 - AutoML.ComparativeEarlyStopping - INFO - Early stopping evaluation for convnext_tiny:
2025-07-27 06:41:41 - AutoML.ComparativeEarlyStopping - INFO -   Decision scores: {'statistical_significance': 0.0, 'performance_gap': 1.0, 'learning_trend': 0.0, 'resource_efficiency': 0.6882879351219131}
2025-07-27 06:41:41 - AutoML.ComparativeEarlyStopping - INFO -   Final score: 0.353
2025-07-27 06:41:41 - AutoML.ComparativeEarlyStopping - INFO -   Decision: CONTINUE
2025-07-27 06:42:19 - AutoML.ComparativeEarlyStopping - INFO - Early stopping evaluation for convnext_tiny:
2025-07-27 06:42:19 - AutoML.ComparativeEarlyStopping - INFO -   Decision scores: {'statistical_significance': 0.0, 'performance_gap': 1.0, 'learning_trend': 0.5, 'resource_efficiency': 0.7836295781781095}
2025-07-27 06:42:19 - AutoML.ComparativeEarlyStopping - INFO -   Final score: 0.493
2025-07-27 06:42:19 - AutoML.ComparativeEarlyStopping - INFO -   Decision: CONTINUE
2025-07-27 06:42:19 - AutoML.Trainer - INFO - Epoch 15/33 - Train Acc: 0.0918, Val Acc: 0.0152, Val Loss: 1.9431, Time: 37.7s
2025-07-27 06:42:57 - AutoML.ComparativeEarlyStopping - INFO - Early stopping evaluation for convnext_tiny:
2025-07-27 06:42:57 - AutoML.ComparativeEarlyStopping - INFO -   Decision scores: {'statistical_significance': 0.0, 'performance_gap': 1.0, 'learning_trend': 0.5, 'resource_efficiency': 0.783215419485299}
2025-07-27 06:42:57 - AutoML.ComparativeEarlyStopping - INFO -   Final score: 0.492
2025-07-27 06:42:57 - AutoML.ComparativeEarlyStopping - INFO -   Decision: CONTINUE
2025-07-27 06:43:34 - AutoML.ComparativeEarlyStopping - INFO - Early stopping evaluation for convnext_tiny:
2025-07-27 06:43:34 - AutoML.ComparativeEarlyStopping - INFO -   Decision scores: {'statistical_significance': 0.0, 'performance_gap': 1.0, 'learning_trend': 0.5, 'resource_efficiency': 0.8209922206847403}
2025-07-27 06:43:34 - AutoML.ComparativeEarlyStopping - INFO -   Final score: 0.498
2025-07-27 06:43:34 - AutoML.ComparativeEarlyStopping - INFO -   Decision: CONTINUE
2025-07-27 06:44:12 - AutoML.ComparativeEarlyStopping - INFO - Early stopping evaluation for convnext_tiny:
2025-07-27 06:44:12 - AutoML.ComparativeEarlyStopping - INFO -   Decision scores: {'statistical_significance': 0.0, 'performance_gap': 1.0, 'learning_trend': 0.5, 'resource_efficiency': 0.8217698254033259}
2025-07-27 06:44:12 - AutoML.ComparativeEarlyStopping - INFO -   Final score: 0.498
2025-07-27 06:44:12 - AutoML.ComparativeEarlyStopping - INFO -   Decision: CONTINUE
2025-07-27 06:44:50 - AutoML.ComparativeEarlyStopping - INFO - Early stopping evaluation for convnext_tiny:
2025-07-27 06:44:50 - AutoML.ComparativeEarlyStopping - INFO -   Decision scores: {'statistical_significance': 0.0, 'performance_gap': 1.0, 'learning_trend': 0.5, 'resource_efficiency': 0.8215364590843605}
2025-07-27 06:44:50 - AutoML.ComparativeEarlyStopping - INFO -   Final score: 0.498
2025-07-27 06:44:50 - AutoML.ComparativeEarlyStopping - INFO -   Decision: CONTINUE
2025-07-27 06:45:27 - AutoML.ComparativeEarlyStopping - INFO - Early stopping evaluation for convnext_tiny:
2025-07-27 06:45:27 - AutoML.ComparativeEarlyStopping - INFO -   Decision scores: {'statistical_significance': 0.0, 'performance_gap': 1.0, 'learning_trend': 0.0, 'resource_efficiency': 0.784379685033347}
2025-07-27 06:45:27 - AutoML.ComparativeEarlyStopping - INFO -   Final score: 0.368
2025-07-27 06:45:27 - AutoML.ComparativeEarlyStopping - INFO -   Decision: CONTINUE
2025-07-27 06:45:27 - AutoML.Trainer - INFO - Epoch 20/33 - Train Acc: 0.0885, Val Acc: 0.1729, Val Loss: 1.9420, Time: 37.6s
2025-07-27 06:46:05 - AutoML.ComparativeEarlyStopping - INFO - Early stopping evaluation for convnext_tiny:
2025-07-27 06:46:05 - AutoML.ComparativeEarlyStopping - INFO -   Decision scores: {'statistical_significance': 0.0, 'performance_gap': 1.0, 'learning_trend': 0.5, 'resource_efficiency': 0.7837191933699875}
2025-07-27 06:46:05 - AutoML.ComparativeEarlyStopping - INFO -   Final score: 0.493
2025-07-27 06:46:05 - AutoML.ComparativeEarlyStopping - INFO -   Decision: CONTINUE
2025-07-27 06:46:43 - AutoML.ComparativeEarlyStopping - INFO - Early stopping evaluation for convnext_tiny:
2025-07-27 06:46:43 - AutoML.ComparativeEarlyStopping - INFO -   Decision scores: {'statistical_significance': 0.0, 'performance_gap': 1.0, 'learning_trend': 0.5, 'resource_efficiency': 0.8788053313731251}
2025-07-27 06:46:43 - AutoML.ComparativeEarlyStopping - INFO -   Final score: 0.507
2025-07-27 06:46:43 - AutoML.ComparativeEarlyStopping - INFO -   Decision: CONTINUE
2025-07-27 06:47:21 - AutoML.ComparativeEarlyStopping - INFO - Early stopping evaluation for convnext_tiny:
2025-07-27 06:47:21 - AutoML.ComparativeEarlyStopping - INFO -   Decision scores: {'statistical_significance': 0.5, 'performance_gap': 1.0, 'learning_trend': 0.5, 'resource_efficiency': 0.8785638899808634}
2025-07-27 06:47:21 - AutoML.ComparativeEarlyStopping - INFO -   Final score: 0.682
2025-07-27 06:47:21 - AutoML.ComparativeEarlyStopping - INFO -   Decision: CONTINUE
2025-07-27 06:47:58 - AutoML.ComparativeEarlyStopping - INFO - Early stopping evaluation for convnext_tiny:
2025-07-27 06:47:58 - AutoML.ComparativeEarlyStopping - INFO -   Decision scores: {'statistical_significance': 0.5, 'performance_gap': 1.0, 'learning_trend': 0.5, 'resource_efficiency': 0.8783327364529568}
2025-07-27 06:47:58 - AutoML.ComparativeEarlyStopping - INFO -   Final score: 0.682
2025-07-27 06:47:58 - AutoML.ComparativeEarlyStopping - INFO -   Decision: CONTINUE
2025-07-27 06:48:35 - AutoML.ComparativeEarlyStopping - INFO - Early stopping evaluation for convnext_tiny:
2025-07-27 06:48:35 - AutoML.ComparativeEarlyStopping - INFO -   Decision scores: {'statistical_significance': 0.5, 'performance_gap': 1.0, 'learning_trend': 0.5, 'resource_efficiency': 0.8776933807146866}
2025-07-27 06:48:35 - AutoML.ComparativeEarlyStopping - INFO -   Final score: 0.682
2025-07-27 06:48:35 - AutoML.ComparativeEarlyStopping - INFO -   Decision: CONTINUE
2025-07-27 06:48:35 - AutoML.Trainer - INFO - Epoch 25/33 - Train Acc: 0.0728, Val Acc: 0.0152, Val Loss: 1.9413, Time: 37.4s
2025-07-27 06:49:13 - AutoML.ComparativeEarlyStopping - INFO - Early stopping evaluation for convnext_tiny:
2025-07-27 06:49:13 - AutoML.ComparativeEarlyStopping - INFO -   Decision scores: {'statistical_significance': 0.5, 'performance_gap': 1.0, 'learning_trend': 0.5, 'resource_efficiency': 0.9727687499616733}
2025-07-27 06:49:13 - AutoML.ComparativeEarlyStopping - INFO -   Final score: 0.696
2025-07-27 06:49:13 - AutoML.ComparativeEarlyStopping - INFO -   Decision: CONTINUE
2025-07-27 06:49:51 - AutoML.ComparativeEarlyStopping - INFO - Early stopping evaluation for convnext_tiny:
2025-07-27 06:49:51 - AutoML.ComparativeEarlyStopping - INFO -   Decision scores: {'statistical_significance': 0.5, 'performance_gap': 1.0, 'learning_trend': 0.5, 'resource_efficiency': 0.8983517950883342}
2025-07-27 06:49:51 - AutoML.ComparativeEarlyStopping - INFO -   Final score: 0.685
2025-07-27 06:49:51 - AutoML.ComparativeEarlyStopping - INFO -   Decision: CONTINUE
2025-07-27 06:50:29 - AutoML.ComparativeEarlyStopping - INFO - Early stopping evaluation for convnext_tiny:
2025-07-27 06:50:29 - AutoML.ComparativeEarlyStopping - INFO -   Decision scores: {'statistical_significance': 0.5, 'performance_gap': 1.0, 'learning_trend': 0.5, 'resource_efficiency': 0.898943527083497}
2025-07-27 06:50:29 - AutoML.ComparativeEarlyStopping - INFO -   Final score: 0.685
2025-07-27 06:50:29 - AutoML.ComparativeEarlyStopping - INFO -   Decision: CONTINUE
2025-07-27 06:51:07 - AutoML.ComparativeEarlyStopping - INFO - Early stopping evaluation for convnext_tiny:
2025-07-27 06:51:07 - AutoML.ComparativeEarlyStopping - INFO -   Decision scores: {'statistical_significance': 0.5, 'performance_gap': 1.0, 'learning_trend': 0.5, 'resource_efficiency': 0.8988617047483141}
2025-07-27 06:51:07 - AutoML.ComparativeEarlyStopping - INFO -   Final score: 0.685
2025-07-27 06:51:07 - AutoML.ComparativeEarlyStopping - INFO -   Decision: CONTINUE
2025-07-27 06:51:45 - AutoML.ComparativeEarlyStopping - INFO - Early stopping evaluation for convnext_tiny:
2025-07-27 06:51:45 - AutoML.ComparativeEarlyStopping - INFO -   Decision scores: {'statistical_significance': 0.5, 'performance_gap': 1.0, 'learning_trend': 0.5, 'resource_efficiency': 0.9729855002530758}
2025-07-27 06:51:45 - AutoML.ComparativeEarlyStopping - INFO -   Final score: 0.696
2025-07-27 06:51:45 - AutoML.ComparativeEarlyStopping - INFO -   Decision: CONTINUE
2025-07-27 06:51:45 - AutoML.Trainer - INFO - Epoch 30/33 - Train Acc: 0.0152, Val Acc: 0.0152, Val Loss: 1.9412, Time: 37.9s
2025-07-27 06:52:22 - AutoML.ComparativeEarlyStopping - INFO - Early stopping evaluation for convnext_tiny:
2025-07-27 06:52:22 - AutoML.ComparativeEarlyStopping - INFO -   Decision scores: {'statistical_significance': 0.5, 'performance_gap': 1.0, 'learning_trend': 0.5, 'resource_efficiency': 0.9728372988619829}
2025-07-27 06:52:22 - AutoML.ComparativeEarlyStopping - INFO -   Final score: 0.696
2025-07-27 06:52:22 - AutoML.ComparativeEarlyStopping - INFO -   Decision: CONTINUE
2025-07-27 06:53:00 - AutoML.ComparativeEarlyStopping - INFO - Early stopping evaluation for convnext_tiny:
2025-07-27 06:53:00 - AutoML.ComparativeEarlyStopping - INFO -   Decision scores: {'statistical_significance': 0.5, 'performance_gap': 1.0, 'learning_trend': 0.9, 'resource_efficiency': 0.9728383562391714}
2025-07-27 06:53:00 - AutoML.ComparativeEarlyStopping - INFO -   Final score: 0.796
2025-07-27 06:53:00 - AutoML.ComparativeEarlyStopping - INFO -   Decision: STOP
2025-07-27 06:53:00 - AutoML.ComparativeEarlyStopping - INFO -   Primary reason: StoppingReason.PERFORMANCE_GAP
2025-07-27 06:53:00 - AutoML.Trainer - INFO - Early stopping triggered for convnext_tiny at epoch 32
2025-07-27 06:53:00 - AutoML.Trainer - INFO - Reason: StoppingReason.PERFORMANCE_GAP, Confidence: 0.796
2025-07-27 06:53:00 - AutoML.Trainer - INFO - Training completed for convnext_tiny
2025-07-27 06:53:00 - AutoML.Trainer - INFO - Best validation accuracy: 0.1729
2025-07-27 06:53:00 - AutoML.Trainer - INFO - Total training time: 1204.2s
2025-07-27 06:53:00 - AutoML.Trainer - INFO - Average epoch time: 37.6s
2025-07-27 06:53:00 - AutoML.MetaHPOSelector - INFO -  HPO completed for convnext_tiny in 9302.2s
2025-07-27 06:53:00 - AutoML.MetaHPOSelector - INFO -    Best score: 0.6592 (11 trials)
2025-07-27 06:53:00 - AutoML.Pipeline - INFO - HPO completed for convnext_tiny:
2025-07-27 06:53:00 - AutoML.Pipeline - INFO -   Best score: 0.6592
2025-07-27 06:53:00 - AutoML.Pipeline - INFO -   Best params: {'learning_rate': 0.00017541893487450815, 'optimizer': 'adamw', 'weight_decay': 0.009780337016659405, 'batch_size': 64, 'dropout_rate': 0.15585553804470548, 'pretrained': True, 'lr_scheduler': 'cosine', 'max_epochs': 28}
2025-07-27 06:53:00 - AutoML.Pipeline - INFO -   Method used: bayesian_optimization
2025-07-27 06:53:00 - AutoML.Pipeline - INFO -   Trials completed: 11
2025-07-27 06:53:00 - AutoML.ComparativeEarlyStopping - INFO - Early stopping evaluation for convnext_tiny:
2025-07-27 06:53:00 - AutoML.ComparativeEarlyStopping - INFO -   Decision scores: {'statistical_significance': 0.5, 'performance_gap': 1.0, 'learning_trend': 0.9, 'resource_efficiency': 0.9728383562391714}
2025-07-27 06:53:00 - AutoML.ComparativeEarlyStopping - INFO -   Final score: 0.796
2025-07-27 06:53:00 - AutoML.ComparativeEarlyStopping - INFO -   Decision: STOP
2025-07-27 06:53:00 - AutoML.ComparativeEarlyStopping - INFO -   Primary reason: StoppingReason.PERFORMANCE_GAP
2025-07-27 06:53:00 - AutoML.ComparativeEarlyStopping - INFO - STOPPED convnext_tiny at epoch 32
2025-07-27 06:53:00 - AutoML.ComparativeEarlyStopping - INFO -   Reason: large_performance_gap
2025-07-27 06:53:00 - AutoML.ComparativeEarlyStopping - INFO -   Confidence: 0.796
2025-07-27 06:53:00 - AutoML.BudgetManager - INFO - Architecture convnext_tiny stopped early: large_performance_gap
2025-07-27 06:53:00 - AutoML.BudgetManager - INFO -   Final performance: 0.659
2025-07-27 06:53:00 - AutoML.BudgetManager - INFO -   Time used: 0.32h / 4.20h
2025-07-27 06:53:00 - AutoML.BudgetManager - INFO -   Freed time: 3.88h
2025-07-27 06:53:00 - AutoML.BudgetManager - INFO - Reallocated 2.61h to efficientnet_b0 (efficiency: 2.843)
2025-07-27 06:53:00 - AutoML.BudgetManager - INFO - Reallocated 1.27h to resnet18 (efficiency: 1.384)
2025-07-27 06:53:00 - AutoML.Pipeline - INFO - Stopped convnext_tiny early: large_performance_gap
2025-07-27 06:53:00 - AutoML.Pipeline - INFO - Processing architecture: densenet121
2025-07-27 06:53:00 - AutoML.BudgetManager - INFO - Transitioning to final training phase:
2025-07-27 06:53:00 - AutoML.BudgetManager - INFO -   Time condition: 6.25h >= 16.80h (False)
2025-07-27 06:53:00 - AutoML.BudgetManager - INFO -   All done condition: 4/4 processed (True)
2025-07-27 06:53:00 - AutoML.Pipeline - INFO - Time budget reached, transitioning to final training
2025-07-27 06:53:00 - AutoML - INFO -  Architecture search completed in 6.25 hours
2025-07-27 06:53:00 - AutoML.Pipeline - INFO - === Phase 4: Final Training ===
2025-07-27 06:53:00 - AutoML - INFO -  Starting: Final training
2025-07-27 06:53:00 - AutoML.BudgetManager - INFO - Final training allocation for efficientnet_b0: 8.54h (weight: 0.56)
2025-07-27 06:53:00 - AutoML.BudgetManager - INFO - Final training allocation for resnet18: 6.81h (weight: 0.44)
2025-07-27 06:53:00 - AutoML.BudgetManager - INFO - Final training allocation for densenet121: 0.00h (weight: 0.00)
2025-07-27 06:53:00 - AutoML.BudgetManager - INFO - Starting final training phase:
2025-07-27 06:53:00 - AutoML.BudgetManager - INFO -   Selected architectures: ['efficientnet_b0', 'resnet18', 'densenet121']
2025-07-27 06:53:00 - AutoML.BudgetManager - INFO -   Remaining time: 15.35h
2025-07-27 06:53:00 - AutoML.Pipeline - INFO - Final training candidates: ['efficientnet_b0', 'resnet18', 'densenet121']
2025-07-27 06:53:00 - AutoML.Pipeline - INFO - Final training for efficientnet_b0
2025-07-27 06:53:00 - AutoML.Trainer - INFO - Training final model: efficientnet_b0
2025-07-27 06:53:00 - AutoML.Trainer - INFO - Best hyperparameters: {'learning_rate': 0.0005611516415334506, 'optimizer': 'rmsprop', 'weight_decay': 2.05133826308745e-06, 'batch_size': 128, 'dropout_rate': 0.3124217733388137, 'pretrained': True, 'lr_scheduler': 'step', 'max_epochs': 20, 'final_epochs': 100}
2025-07-27 06:53:00 - AutoML.ModelFactory - INFO - Creating efficientnet_b0 (pretrained=True, dropout=0.3124217733388137)
2025-07-27 06:53:00 - AutoML - INFO -  Starting: efficientnet_b0 creation
2025-07-27 06:53:00 - AutoML.ModelFactory - INFO - efficientnet_b0 created successfully:
2025-07-27 06:53:00 - AutoML.ModelFactory - INFO -   Parameters: 4,015,939
2025-07-27 06:53:00 - AutoML.ModelFactory - INFO -   Trainable: 4,015,939
2025-07-27 06:53:00 - AutoML.ModelFactory - INFO -   Model size: 15.32 MB
2025-07-27 06:53:00 - AutoML - INFO -  efficientnet_b0 creation completed in 0.55 seconds
2025-07-27 06:53:00 - AutoML.Trainer - INFO - Training for 100 epochs...
2025-07-27 06:58:58 - AutoML.Trainer - INFO - Epoch 10/100 - Train Acc: 0.7321, Val Acc: 0.6066, Best Val Acc: 0.6170
2025-07-27 07:04:56 - AutoML.Trainer - INFO - Epoch 20/100 - Train Acc: 0.8970, Val Acc: 0.6327, Best Val Acc: 0.6336
2025-07-27 07:10:52 - AutoML.Trainer - INFO - Epoch 30/100 - Train Acc: 0.9107, Val Acc: 0.6304, Best Val Acc: 0.6371
2025-07-27 07:16:46 - AutoML.Trainer - INFO - Epoch 40/100 - Train Acc: 0.9174, Val Acc: 0.6332, Best Val Acc: 0.6371
2025-07-27 07:22:49 - AutoML.Trainer - INFO - Epoch 50/100 - Train Acc: 0.9138, Val Acc: 0.6306, Best Val Acc: 0.6371
2025-07-27 07:28:46 - AutoML.Trainer - INFO - Epoch 60/100 - Train Acc: 0.9138, Val Acc: 0.6334, Best Val Acc: 0.6371
2025-07-27 07:34:45 - AutoML.Trainer - INFO - Epoch 70/100 - Train Acc: 0.9159, Val Acc: 0.6301, Best Val Acc: 0.6371
2025-07-27 07:40:39 - AutoML.Trainer - INFO - Epoch 80/100 - Train Acc: 0.9155, Val Acc: 0.6327, Best Val Acc: 0.6371
2025-07-27 07:46:38 - AutoML.Trainer - INFO - Epoch 90/100 - Train Acc: 0.9128, Val Acc: 0.6296, Best Val Acc: 0.6371
2025-07-27 07:52:30 - AutoML.Trainer - INFO - Epoch 100/100 - Train Acc: 0.9138, Val Acc: 0.6336, Best Val Acc: 0.6371
2025-07-27 07:52:30 - AutoML.Trainer - INFO - Evaluating model on test set...
2025-07-27 07:53:00 - AutoML.Trainer - INFO - Test Results:
2025-07-27 07:53:00 - AutoML.Trainer - INFO -   Accuracy: 0.6215
2025-07-27 07:53:00 - AutoML.Trainer - INFO -   Loss: 1.6702
2025-07-27 07:53:00 - AutoML.Trainer - INFO -   Samples: 7178
2025-07-27 07:53:00 - AutoML.Trainer - INFO -   Class 0 Accuracy: 0.5418
2025-07-27 07:53:00 - AutoML.Trainer - INFO -   Class 1 Accuracy: 0.5766
2025-07-27 07:53:00 - AutoML.Trainer - INFO -   Class 4 Accuracy: 0.4787
2025-07-27 07:53:00 - AutoML.Trainer - INFO -   Class 6 Accuracy: 0.5669
2025-07-27 07:53:00 - AutoML.Trainer - INFO -   Class 3 Accuracy: 0.8202
2025-07-27 07:53:00 - AutoML.Trainer - INFO -   Class 2 Accuracy: 0.4727
2025-07-27 07:53:00 - AutoML.Trainer - INFO -   Class 5 Accuracy: 0.7738
2025-07-27 07:53:00 - AutoML.Trainer - INFO - Final model saved to checkpoints\final_efficientnet_b0.pt
2025-07-27 07:53:00 - AutoML.Pipeline - INFO - efficientnet_b0 final training completed:
2025-07-27 07:53:00 - AutoML.Pipeline - INFO -   Test accuracy: 0.6215
2025-07-27 07:53:00 - AutoML.Pipeline - INFO -   Best val accuracy: 0.6371
2025-07-27 07:53:00 - AutoML.Pipeline - INFO - Final training for resnet18
2025-07-27 07:53:00 - AutoML.Trainer - INFO - Training final model: resnet18
2025-07-27 07:53:00 - AutoML.Trainer - INFO - Best hyperparameters: {'learning_rate': 0.0021137059440645744, 'optimizer': 'adam', 'weight_decay': 3.585612610345396e-05, 'batch_size': 32, 'dropout_rate': 0.29894998940554257, 'pretrained': True, 'lr_scheduler': 'cosine', 'max_epochs': 16, 'momentum': 0.8487995496144897, 'final_epochs': 100}
2025-07-27 07:53:00 - AutoML.ModelFactory - INFO - Creating resnet18 (pretrained=True, dropout=0.29894998940554257)
2025-07-27 07:53:00 - AutoML - INFO -  Starting: resnet18 creation
2025-07-27 07:53:01 - AutoML.ModelFactory - INFO - resnet18 created successfully:
2025-07-27 07:53:01 - AutoML.ModelFactory - INFO -   Parameters: 11,173,831
2025-07-27 07:53:01 - AutoML.ModelFactory - INFO -   Trainable: 11,173,831
2025-07-27 07:53:01 - AutoML.ModelFactory - INFO -   Model size: 42.62 MB
2025-07-27 07:53:01 - AutoML - INFO -  resnet18 creation completed in 0.33 seconds
2025-07-27 07:53:01 - AutoML.Trainer - INFO - Training for 100 epochs...
2025-07-27 07:57:54 - AutoML.Trainer - INFO - Epoch 10/100 - Train Acc: 0.7191, Val Acc: 0.6299, Best Val Acc: 0.6299
2025-07-27 08:02:45 - AutoML.Trainer - INFO - Epoch 20/100 - Train Acc: 0.8607, Val Acc: 0.6472, Best Val Acc: 0.6498
2025-07-27 08:07:35 - AutoML.Trainer - INFO - Epoch 30/100 - Train Acc: 0.7701, Val Acc: 0.6125, Best Val Acc: 0.6498
2025-07-27 08:12:25 - AutoML.Trainer - INFO - Epoch 40/100 - Train Acc: 0.8607, Val Acc: 0.6348, Best Val Acc: 0.6498
2025-07-27 08:17:15 - AutoML.Trainer - INFO - Epoch 50/100 - Train Acc: 0.9614, Val Acc: 0.6411, Best Val Acc: 0.6498
2025-07-27 08:22:13 - AutoML.Trainer - INFO - Epoch 60/100 - Train Acc: 0.8669, Val Acc: 0.6134, Best Val Acc: 0.6498
2025-07-27 08:27:10 - AutoML.Trainer - INFO - Epoch 70/100 - Train Acc: 0.8851, Val Acc: 0.6165, Best Val Acc: 0.6498
2025-07-27 08:32:01 - AutoML.Trainer - INFO - Epoch 80/100 - Train Acc: 0.9737, Val Acc: 0.6400, Best Val Acc: 0.6498
2025-07-27 08:36:49 - AutoML.Trainer - INFO - Epoch 90/100 - Train Acc: 0.9178, Val Acc: 0.6148, Best Val Acc: 0.6498
2025-07-27 08:41:38 - AutoML.Trainer - INFO - Epoch 100/100 - Train Acc: 0.8828, Val Acc: 0.6088, Best Val Acc: 0.6498
2025-07-27 08:41:38 - AutoML.Trainer - INFO - Evaluating model on test set...
2025-07-27 08:41:50 - AutoML.Trainer - INFO - Test Results:
2025-07-27 08:41:50 - AutoML.Trainer - INFO -   Accuracy: 0.6080
2025-07-27 08:41:50 - AutoML.Trainer - INFO -   Loss: 1.6471
2025-07-27 08:41:50 - AutoML.Trainer - INFO -   Samples: 7178
2025-07-27 08:41:50 - AutoML.Trainer - INFO -   Class 0 Accuracy: 0.5908
2025-07-27 08:41:50 - AutoML.Trainer - INFO -   Class 1 Accuracy: 0.4234
2025-07-27 08:41:50 - AutoML.Trainer - INFO -   Class 4 Accuracy: 0.4595
2025-07-27 08:41:50 - AutoML.Trainer - INFO -   Class 6 Accuracy: 0.5645
2025-07-27 08:41:50 - AutoML.Trainer - INFO -   Class 3 Accuracy: 0.8264
2025-07-27 08:41:50 - AutoML.Trainer - INFO -   Class 2 Accuracy: 0.3906
2025-07-27 08:41:50 - AutoML.Trainer - INFO -   Class 5 Accuracy: 0.7413
2025-07-27 08:41:50 - AutoML.Trainer - INFO - Final model saved to checkpoints\final_resnet18.pt
2025-07-27 08:41:50 - AutoML.Pipeline - INFO - resnet18 final training completed:
2025-07-27 08:41:50 - AutoML.Pipeline - INFO -   Test accuracy: 0.6080
2025-07-27 08:41:50 - AutoML.Pipeline - INFO -   Best val accuracy: 0.6498
2025-07-27 08:41:50 - AutoML.Pipeline - WARNING - No HPO results for densenet121, skipping final training
2025-07-27 08:41:50 - AutoML.Pipeline - INFO - Best overall model: efficientnet_b0
2025-07-27 08:41:50 - AutoML.Pipeline - INFO - Best test accuracy: 0.6215
2025-07-27 08:41:50 - AutoML - INFO -  Final training completed in 1.81 hours
2025-07-27 08:41:50 - AutoML.Pipeline - INFO - === Phase 5: Results Analysis ===
2025-07-27 08:41:50 - AutoML - INFO -  Starting: Results analysis
2025-07-27 08:41:50 - AutoML - INFO -  Results analysis completed in 0.00 seconds
2025-07-27 08:41:50 - AutoML.Pipeline - INFO - Results saved to results\automl_results_20250727_084150.json
2025-07-27 08:41:50 - AutoML.Pipeline - INFO - Best model saved to results\best_model_20250727_084150.pt
2025-07-27 08:41:50 - AutoML.Pipeline - INFO - AutoML Pipeline completed in 8.10 hours
