label,image_file_name
0,000000.jpg
0,000001.jpg
2,000002.jpg
4,000003.jpg
6,000004.jpg
2,000005.jpg
4,000006.jpg
3,000007.jpg
3,000008.jpg
2,000009.jpg
0,000010.jpg
6,000011.jpg
6,000012.jpg
6,000013.jpg
3,000014.jpg
5,000015.jpg
3,000016.jpg
2,000017.jpg
6,000018.jpg
4,000019.jpg
4,000020.jpg
2,000021.jpg
0,000022.jpg
0,000023.jpg
3,000024.jpg
3,000025.jpg
5,000026.jpg
0,000027.jpg
3,000028.jpg
5,000029.jpg
3,000030.jpg
6,000031.jpg
3,000032.jpg
2,000033.jpg
3,000034.jpg
6,000035.jpg
6,000036.jpg
6,000037.jpg
0,000038.jpg
5,000039.jpg
0,000040.jpg
3,000041.jpg
4,000042.jpg
0,000043.jpg
6,000044.jpg
2,000045.jpg
3,000046.jpg
6,000047.jpg
2,000048.jpg
2,000049.jpg
2,000050.jpg
5,000051.jpg
5,000052.jpg
6,000053.jpg
4,000054.jpg
5,000055.jpg
0,000056.jpg
3,000057.jpg
4,000058.jpg
2,000059.jpg
6,000060.jpg
5,000061.jpg
3,000062.jpg
4,000063.jpg
3,000064.jpg
0,000065.jpg
4,000066.jpg
3,000067.jpg
0,000068.jpg
5,000069.jpg
4,000070.jpg
2,000071.jpg
4,000072.jpg
2,000073.jpg
0,000074.jpg
6,000075.jpg
0,000076.jpg
0,000077.jpg
5,000078.jpg
4,000079.jpg
3,000080.jpg
5,000081.jpg
3,000082.jpg
6,000083.jpg
2,000084.jpg
2,000085.jpg
4,000086.jpg
4,000087.jpg
5,000088.jpg
4,000089.jpg
0,000090.jpg
0,000091.jpg
6,000092.jpg
0,000093.jpg
6,000094.jpg
2,000095.jpg
2,000096.jpg
3,000097.jpg
4,000098.jpg
3,000099.jpg
3,000100.jpg
2,000101.jpg
6,000102.jpg
3,000103.jpg
4,000104.jpg
3,000105.jpg
2,000106.jpg
0,000107.jpg
2,000108.jpg
3,000109.jpg
2,000110.jpg
3,000111.jpg
6,000112.jpg
6,000113.jpg
3,000114.jpg
4,000115.jpg
4,000116.jpg
0,000117.jpg
3,000118.jpg
3,000119.jpg
0,000120.jpg
2,000121.jpg
0,000122.jpg
0,000123.jpg
3,000124.jpg
3,000125.jpg
0,000126.jpg
4,000127.jpg
5,000128.jpg
2,000129.jpg
4,000130.jpg
2,000131.jpg
5,000132.jpg
3,000133.jpg
0,000134.jpg
6,000135.jpg
6,000136.jpg
2,000137.jpg
2,000138.jpg
3,000139.jpg
2,000140.jpg
3,000141.jpg
3,000142.jpg
3,000143.jpg
3,000144.jpg
3,000145.jpg
4,000146.jpg
2,000147.jpg
2,000148.jpg
0,000149.jpg
0,000150.jpg
2,000151.jpg
6,000152.jpg
3,000153.jpg
4,000154.jpg
5,000155.jpg
3,000156.jpg
0,000157.jpg
2,000158.jpg
4,000159.jpg
5,000160.jpg
2,000161.jpg
3,000162.jpg
4,000163.jpg
6,000164.jpg
3,000165.jpg
4,000166.jpg
3,000167.jpg
6,000168.jpg
0,000169.jpg
4,000170.jpg
4,000171.jpg
4,000172.jpg
2,000173.jpg
6,000174.jpg
5,000175.jpg
5,000176.jpg
6,000177.jpg
5,000178.jpg
2,000179.jpg
3,000180.jpg
2,000181.jpg
3,000182.jpg
4,000183.jpg
0,000184.jpg
2,000185.jpg
0,000186.jpg
3,000187.jpg
0,000188.jpg
2,000189.jpg
2,000190.jpg
5,000191.jpg
3,000192.jpg
5,000193.jpg
5,000194.jpg
4,000195.jpg
3,000196.jpg
0,000197.jpg
6,000198.jpg
5,000199.jpg
2,000200.jpg
6,000201.jpg
0,000202.jpg
0,000203.jpg
4,000204.jpg
5,000205.jpg
6,000206.jpg
3,000207.jpg
5,000208.jpg
5,000209.jpg
3,000210.jpg
2,000211.jpg
2,000212.jpg
3,000213.jpg
3,000214.jpg
3,000215.jpg
3,000216.jpg
6,000217.jpg
3,000218.jpg
6,000219.jpg
3,000220.jpg
0,000221.jpg
6,000222.jpg
3,000223.jpg
2,000224.jpg
0,000225.jpg
6,000226.jpg
5,000227.jpg
6,000228.jpg
0,000229.jpg
5,000230.jpg
4,000231.jpg
3,000232.jpg
0,000233.jpg
3,000234.jpg
0,000235.jpg
4,000236.jpg
5,000237.jpg
4,000238.jpg
3,000239.jpg
3,000240.jpg
0,000241.jpg
0,000242.jpg
6,000243.jpg
2,000244.jpg
0,000245.jpg
6,000246.jpg
3,000247.jpg
0,000248.jpg
0,000249.jpg
6,000250.jpg
0,000251.jpg
5,000252.jpg
6,000253.jpg
3,000254.jpg
2,000255.jpg
5,000256.jpg
5,000257.jpg
2,000258.jpg
0,000259.jpg
2,000260.jpg
6,000261.jpg
6,000262.jpg
0,000263.jpg
2,000264.jpg
3,000265.jpg
4,000266.jpg
2,000267.jpg
6,000268.jpg
5,000269.jpg
2,000270.jpg
2,000271.jpg
6,000272.jpg
6,000273.jpg
6,000274.jpg
2,000275.jpg
5,000276.jpg
3,000277.jpg
0,000278.jpg
5,000279.jpg
0,000280.jpg
4,000281.jpg
3,000282.jpg
3,000283.jpg
3,000284.jpg
3,000285.jpg
6,000286.jpg
3,000287.jpg
2,000288.jpg
4,000289.jpg
6,000290.jpg
3,000291.jpg
2,000292.jpg
4,000293.jpg
0,000294.jpg
0,000295.jpg
3,000296.jpg
2,000297.jpg
0,000298.jpg
1,000299.jpg
2,000300.jpg
2,000301.jpg
5,000302.jpg
3,000303.jpg
5,000304.jpg
4,000305.jpg
4,000306.jpg
0,000307.jpg
2,000308.jpg
3,000309.jpg
4,000310.jpg
6,000311.jpg
4,000312.jpg
2,000313.jpg
2,000314.jpg
3,000315.jpg
5,000316.jpg
4,000317.jpg
4,000318.jpg
5,000319.jpg
6,000320.jpg
4,000321.jpg
5,000322.jpg
0,000323.jpg
3,000324.jpg
3,000325.jpg
3,000326.jpg
2,000327.jpg
5,000328.jpg
5,000329.jpg
5,000330.jpg
3,000331.jpg
5,000332.jpg
3,000333.jpg
3,000334.jpg
3,000335.jpg
5,000336.jpg
6,000337.jpg
0,000338.jpg
4,000339.jpg
2,000340.jpg
2,000341.jpg
0,000342.jpg
4,000343.jpg
5,000344.jpg
5,000345.jpg
6,000346.jpg
6,000347.jpg
3,000348.jpg
2,000349.jpg
4,000350.jpg
2,000351.jpg
4,000352.jpg
0,000353.jpg
5,000354.jpg
0,000355.jpg
3,000356.jpg
5,000357.jpg
2,000358.jpg
4,000359.jpg
0,000360.jpg
4,000361.jpg
5,000362.jpg
6,000363.jpg
3,000364.jpg
2,000365.jpg
3,000366.jpg
5,000367.jpg
0,000368.jpg
0,000369.jpg
3,000370.jpg
3,000371.jpg
2,000372.jpg
6,000373.jpg
0,000374.jpg
2,000375.jpg
6,000376.jpg
0,000377.jpg
3,000378.jpg
2,000379.jpg
3,000380.jpg
2,000381.jpg
6,000382.jpg
4,000383.jpg
3,000384.jpg
4,000385.jpg
4,000386.jpg
0,000387.jpg
1,000388.jpg
2,000389.jpg
4,000390.jpg
6,000391.jpg
5,000392.jpg
0,000393.jpg
4,000394.jpg
6,000395.jpg
6,000396.jpg
6,000397.jpg
2,000398.jpg
6,000399.jpg
4,000400.jpg
3,000401.jpg
2,000402.jpg
4,000403.jpg
0,000404.jpg
6,000405.jpg
3,000406.jpg
2,000407.jpg
3,000408.jpg
0,000409.jpg
6,000410.jpg
5,000411.jpg
0,000412.jpg
5,000413.jpg
2,000414.jpg
6,000415.jpg
1,000416.jpg
3,000417.jpg
2,000418.jpg
6,000419.jpg
2,000420.jpg
0,000421.jpg
4,000422.jpg
6,000423.jpg
4,000424.jpg
5,000425.jpg
4,000426.jpg
4,000427.jpg
2,000428.jpg
0,000429.jpg
4,000430.jpg
0,000431.jpg
2,000432.jpg
0,000433.jpg
0,000434.jpg
5,000435.jpg
3,000436.jpg
3,000437.jpg
5,000438.jpg
3,000439.jpg
3,000440.jpg
4,000441.jpg
6,000442.jpg
5,000443.jpg
3,000444.jpg
3,000445.jpg
3,000446.jpg
4,000447.jpg
4,000448.jpg
6,000449.jpg
3,000450.jpg
4,000451.jpg
2,000452.jpg
3,000453.jpg
2,000454.jpg
2,000455.jpg
3,000456.jpg
4,000457.jpg
3,000458.jpg
6,000459.jpg
2,000460.jpg
6,000461.jpg
4,000462.jpg
3,000463.jpg
0,000464.jpg
3,000465.jpg
4,000466.jpg
6,000467.jpg
6,000468.jpg
0,000469.jpg
0,000470.jpg
5,000471.jpg
3,000472.jpg
1,000473.jpg
2,000474.jpg
4,000475.jpg
2,000476.jpg
2,000477.jpg
3,000478.jpg
2,000479.jpg
5,000480.jpg
0,000481.jpg
6,000482.jpg
2,000483.jpg
4,000484.jpg
3,000485.jpg
2,000486.jpg
3,000487.jpg
5,000488.jpg
0,000489.jpg
6,000490.jpg
6,000491.jpg
5,000492.jpg
6,000493.jpg
5,000494.jpg
3,000495.jpg
0,000496.jpg
5,000497.jpg
6,000498.jpg
0,000499.jpg
2,000500.jpg
6,000501.jpg
6,000502.jpg
6,000503.jpg
2,000504.jpg
4,000505.jpg
6,000506.jpg
2,000507.jpg
6,000508.jpg
0,000509.jpg
5,000510.jpg
3,000511.jpg
3,000512.jpg
4,000513.jpg
4,000514.jpg
0,000515.jpg
0,000516.jpg
2,000517.jpg
5,000518.jpg
0,000519.jpg
6,000520.jpg
0,000521.jpg
6,000522.jpg
5,000523.jpg
4,000524.jpg
0,000525.jpg
0,000526.jpg
3,000527.jpg
5,000528.jpg
5,000529.jpg
4,000530.jpg
3,000531.jpg
3,000532.jpg
1,000533.jpg
4,000534.jpg
6,000535.jpg
6,000536.jpg
3,000537.jpg
2,000538.jpg
3,000539.jpg
3,000540.jpg
6,000541.jpg
6,000542.jpg
4,000543.jpg
6,000544.jpg
0,000545.jpg
2,000546.jpg
6,000547.jpg
5,000548.jpg
4,000549.jpg
2,000550.jpg
6,000551.jpg
6,000552.jpg
3,000553.jpg
5,000554.jpg
6,000555.jpg
4,000556.jpg
6,000557.jpg
0,000558.jpg
4,000559.jpg
2,000560.jpg
3,000561.jpg
3,000562.jpg
0,000563.jpg
0,000564.jpg
6,000565.jpg
2,000566.jpg
6,000567.jpg
3,000568.jpg
3,000569.jpg
6,000570.jpg
5,000571.jpg
3,000572.jpg
1,000573.jpg
3,000574.jpg
2,000575.jpg
2,000576.jpg
4,000577.jpg
2,000578.jpg
2,000579.jpg
4,000580.jpg
0,000581.jpg
3,000582.jpg
5,000583.jpg
6,000584.jpg
3,000585.jpg
3,000586.jpg
2,000587.jpg
3,000588.jpg
0,000589.jpg
4,000590.jpg
2,000591.jpg
6,000592.jpg
2,000593.jpg
3,000594.jpg
5,000595.jpg
6,000596.jpg
2,000597.jpg
4,000598.jpg
2,000599.jpg
2,000600.jpg
6,000601.jpg
6,000602.jpg
4,000603.jpg
6,000604.jpg
6,000605.jpg
3,000606.jpg
4,000607.jpg
0,000608.jpg
3,000609.jpg
4,000610.jpg
4,000611.jpg
0,000612.jpg
3,000613.jpg
4,000614.jpg
6,000615.jpg
4,000616.jpg
0,000617.jpg
4,000618.jpg
6,000619.jpg
3,000620.jpg
5,000621.jpg
2,000622.jpg
3,000623.jpg
0,000624.jpg
0,000625.jpg
3,000626.jpg
6,000627.jpg
3,000628.jpg
3,000629.jpg
6,000630.jpg
4,000631.jpg
5,000632.jpg
0,000633.jpg
2,000634.jpg
3,000635.jpg
0,000636.jpg
3,000637.jpg
5,000638.jpg
3,000639.jpg
4,000640.jpg
3,000641.jpg
4,000642.jpg
6,000643.jpg
6,000644.jpg
3,000645.jpg
4,000646.jpg
5,000647.jpg
3,000648.jpg
6,000649.jpg
4,000650.jpg
6,000651.jpg
5,000652.jpg
3,000653.jpg
0,000654.jpg
3,000655.jpg
2,000656.jpg
3,000657.jpg
3,000658.jpg
3,000659.jpg
5,000660.jpg
5,000661.jpg
6,000662.jpg
2,000663.jpg
3,000664.jpg
0,000665.jpg
3,000666.jpg
3,000667.jpg
3,000668.jpg
2,000669.jpg
5,000670.jpg
0,000671.jpg
6,000672.jpg
6,000673.jpg
3,000674.jpg
5,000675.jpg
0,000676.jpg
0,000677.jpg
3,000678.jpg
6,000679.jpg
4,000680.jpg
3,000681.jpg
3,000682.jpg
5,000683.jpg
3,000684.jpg
3,000685.jpg
5,000686.jpg
3,000687.jpg
4,000688.jpg
2,000689.jpg
3,000690.jpg
3,000691.jpg
5,000692.jpg
3,000693.jpg
6,000694.jpg
5,000695.jpg
4,000696.jpg
4,000697.jpg
5,000698.jpg
6,000699.jpg
0,000700.jpg
2,000701.jpg
2,000702.jpg
4,000703.jpg
0,000704.jpg
6,000705.jpg
3,000706.jpg
2,000707.jpg
5,000708.jpg
2,000709.jpg
2,000710.jpg
4,000711.jpg
2,000712.jpg
3,000713.jpg
0,000714.jpg
6,000715.jpg
0,000716.jpg
6,000717.jpg
2,000718.jpg
5,000719.jpg
3,000720.jpg
3,000721.jpg
3,000722.jpg
2,000723.jpg
3,000724.jpg
6,000725.jpg
5,000726.jpg
0,000727.jpg
3,000728.jpg
2,000729.jpg
4,000730.jpg
2,000731.jpg
6,000732.jpg
4,000733.jpg
3,000734.jpg
4,000735.jpg
3,000736.jpg
3,000737.jpg
3,000738.jpg
2,000739.jpg
0,000740.jpg
2,000741.jpg
5,000742.jpg
0,000743.jpg
2,000744.jpg
2,000745.jpg
2,000746.jpg
6,000747.jpg
2,000748.jpg
4,000749.jpg
5,000750.jpg
5,000751.jpg
4,000752.jpg
4,000753.jpg
4,000754.jpg
2,000755.jpg
0,000756.jpg
6,000757.jpg
1,000758.jpg
5,000759.jpg
3,000760.jpg
4,000761.jpg
6,000762.jpg
5,000763.jpg
0,000764.jpg
0,000765.jpg
6,000766.jpg
6,000767.jpg
2,000768.jpg
2,000769.jpg
4,000770.jpg
5,000771.jpg
6,000772.jpg
2,000773.jpg
3,000774.jpg
3,000775.jpg
4,000776.jpg
5,000777.jpg
0,000778.jpg
4,000779.jpg
3,000780.jpg
6,000781.jpg
4,000782.jpg
5,000783.jpg
5,000784.jpg
6,000785.jpg
3,000786.jpg
6,000787.jpg
5,000788.jpg
5,000789.jpg
0,000790.jpg
3,000791.jpg
3,000792.jpg
6,000793.jpg
2,000794.jpg
6,000795.jpg
5,000796.jpg
0,000797.jpg
4,000798.jpg
2,000799.jpg
4,000800.jpg
6,000801.jpg
3,000802.jpg
3,000803.jpg
2,000804.jpg
4,000805.jpg
2,000806.jpg
1,000807.jpg
4,000808.jpg
3,000809.jpg
3,000810.jpg
2,000811.jpg
4,000812.jpg
3,000813.jpg
5,000814.jpg
2,000815.jpg
0,000816.jpg
3,000817.jpg
4,000818.jpg
5,000819.jpg
3,000820.jpg
3,000821.jpg
4,000822.jpg
0,000823.jpg
0,000824.jpg
2,000825.jpg
1,000826.jpg
3,000827.jpg
4,000828.jpg
3,000829.jpg
3,000830.jpg
4,000831.jpg
6,000832.jpg
2,000833.jpg
0,000834.jpg
0,000835.jpg
2,000836.jpg
5,000837.jpg
6,000838.jpg
4,000839.jpg
3,000840.jpg
6,000841.jpg
0,000842.jpg
5,000843.jpg
4,000844.jpg
1,000845.jpg
2,000846.jpg
2,000847.jpg
5,000848.jpg
3,000849.jpg
0,000850.jpg
0,000851.jpg
6,000852.jpg
5,000853.jpg
0,000854.jpg
6,000855.jpg
3,000856.jpg
5,000857.jpg
6,000858.jpg
2,000859.jpg
0,000860.jpg
0,000861.jpg
2,000862.jpg
3,000863.jpg
1,000864.jpg
5,000865.jpg
4,000866.jpg
5,000867.jpg
5,000868.jpg
2,000869.jpg
3,000870.jpg
2,000871.jpg
2,000872.jpg
3,000873.jpg
6,000874.jpg
6,000875.jpg
0,000876.jpg
6,000877.jpg
4,000878.jpg
0,000879.jpg
3,000880.jpg
0,000881.jpg
4,000882.jpg
0,000883.jpg
6,000884.jpg
6,000885.jpg
2,000886.jpg
3,000887.jpg
5,000888.jpg
4,000889.jpg
2,000890.jpg
6,000891.jpg
3,000892.jpg
5,000893.jpg
5,000894.jpg
3,000895.jpg
2,000896.jpg
3,000897.jpg
3,000898.jpg
4,000899.jpg
0,000900.jpg
6,000901.jpg
4,000902.jpg
4,000903.jpg
2,000904.jpg
6,000905.jpg
3,000906.jpg
2,000907.jpg
0,000908.jpg
5,000909.jpg
4,000910.jpg
2,000911.jpg
6,000912.jpg
6,000913.jpg
2,000914.jpg
3,000915.jpg
6,000916.jpg
6,000917.jpg
4,000918.jpg
6,000919.jpg
2,000920.jpg
3,000921.jpg
4,000922.jpg
0,000923.jpg
2,000924.jpg
6,000925.jpg
3,000926.jpg
4,000927.jpg
0,000928.jpg
4,000929.jpg
6,000930.jpg
6,000931.jpg
0,000932.jpg
4,000933.jpg
4,000934.jpg
0,000935.jpg
6,000936.jpg
6,000937.jpg
0,000938.jpg
4,000939.jpg
2,000940.jpg
2,000941.jpg
3,000942.jpg
3,000943.jpg
4,000944.jpg
6,000945.jpg
0,000946.jpg
5,000947.jpg
3,000948.jpg
2,000949.jpg
0,000950.jpg
3,000951.jpg
6,000952.jpg
4,000953.jpg
2,000954.jpg
4,000955.jpg
6,000956.jpg
4,000957.jpg
6,000958.jpg
2,000959.jpg
5,000960.jpg
0,000961.jpg
0,000962.jpg
0,000963.jpg
5,000964.jpg
0,000965.jpg
0,000966.jpg
6,000967.jpg
3,000968.jpg
3,000969.jpg
6,000970.jpg
0,000971.jpg
5,000972.jpg
3,000973.jpg
0,000974.jpg
6,000975.jpg
4,000976.jpg
4,000977.jpg
2,000978.jpg
6,000979.jpg
0,000980.jpg
3,000981.jpg
2,000982.jpg
2,000983.jpg
3,000984.jpg
0,000985.jpg
4,000986.jpg
4,000987.jpg
4,000988.jpg
6,000989.jpg
4,000990.jpg
6,000991.jpg
6,000992.jpg
5,000993.jpg
2,000994.jpg
3,000995.jpg
6,000996.jpg
3,000997.jpg
0,000998.jpg
6,000999.jpg
6,001000.jpg
4,001001.jpg
6,001002.jpg
4,001003.jpg
3,001004.jpg
4,001005.jpg
3,001006.jpg
4,001007.jpg
2,001008.jpg
4,001009.jpg
4,001010.jpg
4,001011.jpg
3,001012.jpg
2,001013.jpg
3,001014.jpg
0,001015.jpg
0,001016.jpg
3,001017.jpg
0,001018.jpg
4,001019.jpg
3,001020.jpg
6,001021.jpg
4,001022.jpg
3,001023.jpg
0,001024.jpg
2,001025.jpg
4,001026.jpg
3,001027.jpg
5,001028.jpg
3,001029.jpg
4,001030.jpg
4,001031.jpg
3,001032.jpg
5,001033.jpg
2,001034.jpg
4,001035.jpg
2,001036.jpg
6,001037.jpg
3,001038.jpg
0,001039.jpg
5,001040.jpg
4,001041.jpg
5,001042.jpg
5,001043.jpg
3,001044.jpg
6,001045.jpg
3,001046.jpg
3,001047.jpg
3,001048.jpg
3,001049.jpg
5,001050.jpg
0,001051.jpg
3,001052.jpg
3,001053.jpg
6,001054.jpg
4,001055.jpg
3,001056.jpg
3,001057.jpg
3,001058.jpg
5,001059.jpg
6,001060.jpg
0,001061.jpg
6,001062.jpg
2,001063.jpg
2,001064.jpg
3,001065.jpg
0,001066.jpg
4,001067.jpg
6,001068.jpg
4,001069.jpg
5,001070.jpg
0,001071.jpg
3,001072.jpg
1,001073.jpg
3,001074.jpg
2,001075.jpg
3,001076.jpg
3,001077.jpg
4,001078.jpg
2,001079.jpg
6,001080.jpg
3,001081.jpg
3,001082.jpg
3,001083.jpg
5,001084.jpg
3,001085.jpg
2,001086.jpg
5,001087.jpg
3,001088.jpg
2,001089.jpg
0,001090.jpg
4,001091.jpg
2,001092.jpg
6,001093.jpg
6,001094.jpg
3,001095.jpg
1,001096.jpg
3,001097.jpg
0,001098.jpg
3,001099.jpg
2,001100.jpg
6,001101.jpg
0,001102.jpg
3,001103.jpg
2,001104.jpg
0,001105.jpg
0,001106.jpg
5,001107.jpg
0,001108.jpg
5,001109.jpg
6,001110.jpg
3,001111.jpg
4,001112.jpg
3,001113.jpg
6,001114.jpg
1,001115.jpg
2,001116.jpg
3,001117.jpg
5,001118.jpg
6,001119.jpg
5,001120.jpg
3,001121.jpg
0,001122.jpg
0,001123.jpg
0,001124.jpg
4,001125.jpg
6,001126.jpg
0,001127.jpg
2,001128.jpg
4,001129.jpg
3,001130.jpg
3,001131.jpg
5,001132.jpg
2,001133.jpg
4,001134.jpg
5,001135.jpg
6,001136.jpg
2,001137.jpg
4,001138.jpg
4,001139.jpg
3,001140.jpg
3,001141.jpg
6,001142.jpg
2,001143.jpg
4,001144.jpg
5,001145.jpg
3,001146.jpg
0,001147.jpg
4,001148.jpg
3,001149.jpg
0,001150.jpg
3,001151.jpg
3,001152.jpg
4,001153.jpg
2,001154.jpg
3,001155.jpg
4,001156.jpg
5,001157.jpg
0,001158.jpg
3,001159.jpg
0,001160.jpg
6,001161.jpg
5,001162.jpg
2,001163.jpg
3,001164.jpg
3,001165.jpg
0,001166.jpg
3,001167.jpg
0,001168.jpg
2,001169.jpg
0,001170.jpg
2,001171.jpg
5,001172.jpg
4,001173.jpg
3,001174.jpg
4,001175.jpg
5,001176.jpg
0,001177.jpg
0,001178.jpg
6,001179.jpg
3,001180.jpg
0,001181.jpg
3,001182.jpg
6,001183.jpg
4,001184.jpg
5,001185.jpg
3,001186.jpg
3,001187.jpg
4,001188.jpg
6,001189.jpg
3,001190.jpg
4,001191.jpg
0,001192.jpg
2,001193.jpg
0,001194.jpg
6,001195.jpg
3,001196.jpg
3,001197.jpg
4,001198.jpg
6,001199.jpg
0,001200.jpg
5,001201.jpg
3,001202.jpg
3,001203.jpg
0,001204.jpg
3,001205.jpg
6,001206.jpg
4,001207.jpg
4,001208.jpg
3,001209.jpg
0,001210.jpg
0,001211.jpg
3,001212.jpg
0,001213.jpg
5,001214.jpg
0,001215.jpg
0,001216.jpg
3,001217.jpg
6,001218.jpg
3,001219.jpg
6,001220.jpg
0,001221.jpg
6,001222.jpg
4,001223.jpg
5,001224.jpg
0,001225.jpg
0,001226.jpg
6,001227.jpg
2,001228.jpg
4,001229.jpg
6,001230.jpg
2,001231.jpg
5,001232.jpg
0,001233.jpg
4,001234.jpg
0,001235.jpg
6,001236.jpg
3,001237.jpg
2,001238.jpg
5,001239.jpg
2,001240.jpg
3,001241.jpg
0,001242.jpg
4,001243.jpg
2,001244.jpg
6,001245.jpg
3,001246.jpg
4,001247.jpg
6,001248.jpg
5,001249.jpg
0,001250.jpg
6,001251.jpg
0,001252.jpg
2,001253.jpg
3,001254.jpg
0,001255.jpg
6,001256.jpg
3,001257.jpg
3,001258.jpg
6,001259.jpg
3,001260.jpg
5,001261.jpg
3,001262.jpg
4,001263.jpg
4,001264.jpg
1,001265.jpg
3,001266.jpg
0,001267.jpg
0,001268.jpg
3,001269.jpg
1,001270.jpg
6,001271.jpg
3,001272.jpg
2,001273.jpg
2,001274.jpg
3,001275.jpg
4,001276.jpg
6,001277.jpg
5,001278.jpg
6,001279.jpg
6,001280.jpg
4,001281.jpg
3,001282.jpg
3,001283.jpg
6,001284.jpg
3,001285.jpg
6,001286.jpg
4,001287.jpg
3,001288.jpg
5,001289.jpg
6,001290.jpg
5,001291.jpg
6,001292.jpg
4,001293.jpg
4,001294.jpg
3,001295.jpg
6,001296.jpg
3,001297.jpg
4,001298.jpg
0,001299.jpg
6,001300.jpg
2,001301.jpg
2,001302.jpg
6,001303.jpg
6,001304.jpg
2,001305.jpg
6,001306.jpg
4,001307.jpg
0,001308.jpg
3,001309.jpg
1,001310.jpg
0,001311.jpg
4,001312.jpg
6,001313.jpg
4,001314.jpg
4,001315.jpg
3,001316.jpg
0,001317.jpg
5,001318.jpg
3,001319.jpg
5,001320.jpg
2,001321.jpg
2,001322.jpg
6,001323.jpg
6,001324.jpg
2,001325.jpg
3,001326.jpg
5,001327.jpg
6,001328.jpg
4,001329.jpg
3,001330.jpg
4,001331.jpg
2,001332.jpg
6,001333.jpg
3,001334.jpg
3,001335.jpg
6,001336.jpg
4,001337.jpg
0,001338.jpg
6,001339.jpg
0,001340.jpg
3,001341.jpg
2,001342.jpg
2,001343.jpg
6,001344.jpg
2,001345.jpg
2,001346.jpg
6,001347.jpg
4,001348.jpg
0,001349.jpg
0,001350.jpg
2,001351.jpg
6,001352.jpg
4,001353.jpg
3,001354.jpg
3,001355.jpg
4,001356.jpg
6,001357.jpg
0,001358.jpg
5,001359.jpg
3,001360.jpg
4,001361.jpg
4,001362.jpg
3,001363.jpg
4,001364.jpg
0,001365.jpg
2,001366.jpg
2,001367.jpg
3,001368.jpg
5,001369.jpg
0,001370.jpg
3,001371.jpg
0,001372.jpg
0,001373.jpg
0,001374.jpg
0,001375.jpg
5,001376.jpg
2,001377.jpg
3,001378.jpg
5,001379.jpg
3,001380.jpg
3,001381.jpg
4,001382.jpg
6,001383.jpg
0,001384.jpg
3,001385.jpg
0,001386.jpg
3,001387.jpg
3,001388.jpg
2,001389.jpg
2,001390.jpg
4,001391.jpg
0,001392.jpg
0,001393.jpg
3,001394.jpg
3,001395.jpg
0,001396.jpg
0,001397.jpg
2,001398.jpg
5,001399.jpg
5,001400.jpg
2,001401.jpg
5,001402.jpg
5,001403.jpg
3,001404.jpg
4,001405.jpg
3,001406.jpg
6,001407.jpg
4,001408.jpg
3,001409.jpg
2,001410.jpg
6,001411.jpg
0,001412.jpg
0,001413.jpg
6,001414.jpg
6,001415.jpg
6,001416.jpg
6,001417.jpg
3,001418.jpg
3,001419.jpg
4,001420.jpg
3,001421.jpg
0,001422.jpg
6,001423.jpg
6,001424.jpg
3,001425.jpg
3,001426.jpg
6,001427.jpg
3,001428.jpg
2,001429.jpg
5,001430.jpg
2,001431.jpg
3,001432.jpg
6,001433.jpg
6,001434.jpg
3,001435.jpg
2,001436.jpg
2,001437.jpg
0,001438.jpg
6,001439.jpg
3,001440.jpg
2,001441.jpg
3,001442.jpg
0,001443.jpg
0,001444.jpg
6,001445.jpg
4,001446.jpg
3,001447.jpg
0,001448.jpg
5,001449.jpg
0,001450.jpg
5,001451.jpg
4,001452.jpg
0,001453.jpg
3,001454.jpg
4,001455.jpg
2,001456.jpg
5,001457.jpg
2,001458.jpg
3,001459.jpg
0,001460.jpg
4,001461.jpg
0,001462.jpg
4,001463.jpg
5,001464.jpg
2,001465.jpg
2,001466.jpg
5,001467.jpg
0,001468.jpg
2,001469.jpg
6,001470.jpg
2,001471.jpg
6,001472.jpg
4,001473.jpg
2,001474.jpg
3,001475.jpg
3,001476.jpg
0,001477.jpg
3,001478.jpg
2,001479.jpg
2,001480.jpg
4,001481.jpg
4,001482.jpg
0,001483.jpg
3,001484.jpg
2,001485.jpg
4,001486.jpg
3,001487.jpg
3,001488.jpg
5,001489.jpg
0,001490.jpg
3,001491.jpg
2,001492.jpg
6,001493.jpg
4,001494.jpg
5,001495.jpg
2,001496.jpg
3,001497.jpg
2,001498.jpg
3,001499.jpg
6,001500.jpg
6,001501.jpg
3,001502.jpg
6,001503.jpg
3,001504.jpg
2,001505.jpg
2,001506.jpg
3,001507.jpg
0,001508.jpg
2,001509.jpg
4,001510.jpg
4,001511.jpg
3,001512.jpg
0,001513.jpg
5,001514.jpg
5,001515.jpg
3,001516.jpg
3,001517.jpg
5,001518.jpg
6,001519.jpg
0,001520.jpg
4,001521.jpg
0,001522.jpg
3,001523.jpg
3,001524.jpg
3,001525.jpg
4,001526.jpg
3,001527.jpg
5,001528.jpg
2,001529.jpg
2,001530.jpg
4,001531.jpg
4,001532.jpg
0,001533.jpg
2,001534.jpg
5,001535.jpg
4,001536.jpg
3,001537.jpg
3,001538.jpg
3,001539.jpg
3,001540.jpg
3,001541.jpg
1,001542.jpg
3,001543.jpg
2,001544.jpg
3,001545.jpg
6,001546.jpg
3,001547.jpg
3,001548.jpg
4,001549.jpg
3,001550.jpg
2,001551.jpg
5,001552.jpg
6,001553.jpg
2,001554.jpg
0,001555.jpg
0,001556.jpg
4,001557.jpg
0,001558.jpg
4,001559.jpg
4,001560.jpg
4,001561.jpg
4,001562.jpg
4,001563.jpg
0,001564.jpg
6,001565.jpg
4,001566.jpg
2,001567.jpg
3,001568.jpg
6,001569.jpg
3,001570.jpg
6,001571.jpg
6,001572.jpg
4,001573.jpg
5,001574.jpg
0,001575.jpg
2,001576.jpg
2,001577.jpg
6,001578.jpg
3,001579.jpg
4,001580.jpg
3,001581.jpg
0,001582.jpg
5,001583.jpg
0,001584.jpg
3,001585.jpg
0,001586.jpg
0,001587.jpg
0,001588.jpg
2,001589.jpg
6,001590.jpg
3,001591.jpg
4,001592.jpg
0,001593.jpg
2,001594.jpg
0,001595.jpg
6,001596.jpg
0,001597.jpg
4,001598.jpg
2,001599.jpg
3,001600.jpg
2,001601.jpg
4,001602.jpg
3,001603.jpg
4,001604.jpg
2,001605.jpg
2,001606.jpg
6,001607.jpg
2,001608.jpg
4,001609.jpg
0,001610.jpg
6,001611.jpg
4,001612.jpg
3,001613.jpg
2,001614.jpg
5,001615.jpg
3,001616.jpg
5,001617.jpg
6,001618.jpg
1,001619.jpg
4,001620.jpg
4,001621.jpg
3,001622.jpg
3,001623.jpg
2,001624.jpg
3,001625.jpg
4,001626.jpg
3,001627.jpg
3,001628.jpg
6,001629.jpg
3,001630.jpg
0,001631.jpg
2,001632.jpg
4,001633.jpg
2,001634.jpg
4,001635.jpg
6,001636.jpg
6,001637.jpg
6,001638.jpg
0,001639.jpg
3,001640.jpg
0,001641.jpg
3,001642.jpg
3,001643.jpg
3,001644.jpg
4,001645.jpg
4,001646.jpg
0,001647.jpg
4,001648.jpg
6,001649.jpg
5,001650.jpg
0,001651.jpg
6,001652.jpg
5,001653.jpg
2,001654.jpg
3,001655.jpg
6,001656.jpg
2,001657.jpg
6,001658.jpg
6,001659.jpg
2,001660.jpg
1,001661.jpg
3,001662.jpg
6,001663.jpg
3,001664.jpg
5,001665.jpg
5,001666.jpg
2,001667.jpg
0,001668.jpg
6,001669.jpg
3,001670.jpg
6,001671.jpg
0,001672.jpg
3,001673.jpg
0,001674.jpg
6,001675.jpg
3,001676.jpg
3,001677.jpg
4,001678.jpg
3,001679.jpg
3,001680.jpg
5,001681.jpg
3,001682.jpg
6,001683.jpg
3,001684.jpg
6,001685.jpg
4,001686.jpg
3,001687.jpg
6,001688.jpg
3,001689.jpg
3,001690.jpg
6,001691.jpg
6,001692.jpg
4,001693.jpg
0,001694.jpg
6,001695.jpg
3,001696.jpg
3,001697.jpg
3,001698.jpg
3,001699.jpg
6,001700.jpg
5,001701.jpg
6,001702.jpg
2,001703.jpg
3,001704.jpg
4,001705.jpg
4,001706.jpg
3,001707.jpg
3,001708.jpg
6,001709.jpg
5,001710.jpg
0,001711.jpg
4,001712.jpg
4,001713.jpg
6,001714.jpg
4,001715.jpg
6,001716.jpg
0,001717.jpg
4,001718.jpg
5,001719.jpg
2,001720.jpg
2,001721.jpg
2,001722.jpg
6,001723.jpg
4,001724.jpg
5,001725.jpg
0,001726.jpg
2,001727.jpg
2,001728.jpg
4,001729.jpg
2,001730.jpg
0,001731.jpg
3,001732.jpg
6,001733.jpg
0,001734.jpg
5,001735.jpg
0,001736.jpg
6,001737.jpg
6,001738.jpg
3,001739.jpg
3,001740.jpg
2,001741.jpg
4,001742.jpg
2,001743.jpg
6,001744.jpg
6,001745.jpg
3,001746.jpg
4,001747.jpg
5,001748.jpg
3,001749.jpg
5,001750.jpg
4,001751.jpg
2,001752.jpg
6,001753.jpg
6,001754.jpg
3,001755.jpg
2,001756.jpg
5,001757.jpg
4,001758.jpg
6,001759.jpg
3,001760.jpg
2,001761.jpg
3,001762.jpg
3,001763.jpg
5,001764.jpg
3,001765.jpg
0,001766.jpg
5,001767.jpg
3,001768.jpg
4,001769.jpg
3,001770.jpg
2,001771.jpg
4,001772.jpg
3,001773.jpg
6,001774.jpg
3,001775.jpg
0,001776.jpg
1,001777.jpg
4,001778.jpg
6,001779.jpg
2,001780.jpg
3,001781.jpg
3,001782.jpg
6,001783.jpg
6,001784.jpg
6,001785.jpg
3,001786.jpg
3,001787.jpg
4,001788.jpg
3,001789.jpg
0,001790.jpg
2,001791.jpg
5,001792.jpg
3,001793.jpg
0,001794.jpg
2,001795.jpg
2,001796.jpg
5,001797.jpg
2,001798.jpg
2,001799.jpg
5,001800.jpg
3,001801.jpg
0,001802.jpg
2,001803.jpg
3,001804.jpg
3,001805.jpg
0,001806.jpg
5,001807.jpg
3,001808.jpg
3,001809.jpg
0,001810.jpg
4,001811.jpg
4,001812.jpg
3,001813.jpg
2,001814.jpg
3,001815.jpg
3,001816.jpg
6,001817.jpg
3,001818.jpg
6,001819.jpg
2,001820.jpg
3,001821.jpg
5,001822.jpg
5,001823.jpg
5,001824.jpg
0,001825.jpg
3,001826.jpg
2,001827.jpg
3,001828.jpg
2,001829.jpg
6,001830.jpg
6,001831.jpg
3,001832.jpg
3,001833.jpg
4,001834.jpg
6,001835.jpg
5,001836.jpg
2,001837.jpg
2,001838.jpg
4,001839.jpg
6,001840.jpg
0,001841.jpg
3,001842.jpg
1,001843.jpg
4,001844.jpg
3,001845.jpg
4,001846.jpg
0,001847.jpg
3,001848.jpg
0,001849.jpg
3,001850.jpg
4,001851.jpg
4,001852.jpg
3,001853.jpg
4,001854.jpg
5,001855.jpg
0,001856.jpg
2,001857.jpg
6,001858.jpg
5,001859.jpg
3,001860.jpg
3,001861.jpg
6,001862.jpg
0,001863.jpg
5,001864.jpg
4,001865.jpg
3,001866.jpg
6,001867.jpg
2,001868.jpg
3,001869.jpg
3,001870.jpg
6,001871.jpg
5,001872.jpg
2,001873.jpg
6,001874.jpg
4,001875.jpg
2,001876.jpg
4,001877.jpg
5,001878.jpg
6,001879.jpg
0,001880.jpg
3,001881.jpg
5,001882.jpg
6,001883.jpg
2,001884.jpg
3,001885.jpg
3,001886.jpg
3,001887.jpg
3,001888.jpg
2,001889.jpg
6,001890.jpg
4,001891.jpg
6,001892.jpg
3,001893.jpg
5,001894.jpg
6,001895.jpg
4,001896.jpg
6,001897.jpg
3,001898.jpg
0,001899.jpg
3,001900.jpg
4,001901.jpg
5,001902.jpg
0,001903.jpg
5,001904.jpg
3,001905.jpg
4,001906.jpg
5,001907.jpg
0,001908.jpg
5,001909.jpg
0,001910.jpg
5,001911.jpg
6,001912.jpg
3,001913.jpg
5,001914.jpg
3,001915.jpg
6,001916.jpg
2,001917.jpg
2,001918.jpg
3,001919.jpg
3,001920.jpg
4,001921.jpg
3,001922.jpg
4,001923.jpg
0,001924.jpg
3,001925.jpg
4,001926.jpg
0,001927.jpg
3,001928.jpg
2,001929.jpg
2,001930.jpg
4,001931.jpg
3,001932.jpg
0,001933.jpg
3,001934.jpg
4,001935.jpg
3,001936.jpg
4,001937.jpg
3,001938.jpg
2,001939.jpg
0,001940.jpg
2,001941.jpg
3,001942.jpg
4,001943.jpg
0,001944.jpg
5,001945.jpg
4,001946.jpg
4,001947.jpg
6,001948.jpg
3,001949.jpg
6,001950.jpg
4,001951.jpg
5,001952.jpg
3,001953.jpg
3,001954.jpg
3,001955.jpg
5,001956.jpg
0,001957.jpg
6,001958.jpg
4,001959.jpg
5,001960.jpg
6,001961.jpg
5,001962.jpg
3,001963.jpg
6,001964.jpg
6,001965.jpg
0,001966.jpg
2,001967.jpg
3,001968.jpg
3,001969.jpg
3,001970.jpg
0,001971.jpg
6,001972.jpg
4,001973.jpg
3,001974.jpg
1,001975.jpg
6,001976.jpg
5,001977.jpg
3,001978.jpg
6,001979.jpg
3,001980.jpg
4,001981.jpg
3,001982.jpg
0,001983.jpg
4,001984.jpg
4,001985.jpg
2,001986.jpg
6,001987.jpg
6,001988.jpg
6,001989.jpg
2,001990.jpg
4,001991.jpg
5,001992.jpg
3,001993.jpg
0,001994.jpg
0,001995.jpg
2,001996.jpg
5,001997.jpg
0,001998.jpg
5,001999.jpg
6,002000.jpg
3,002001.jpg
2,002002.jpg
4,002003.jpg
2,002004.jpg
1,002005.jpg
0,002006.jpg
4,002007.jpg
4,002008.jpg
6,002009.jpg
6,002010.jpg
2,002011.jpg
3,002012.jpg
4,002013.jpg
6,002014.jpg
5,002015.jpg
3,002016.jpg
4,002017.jpg
5,002018.jpg
6,002019.jpg
0,002020.jpg
0,002021.jpg
3,002022.jpg
5,002023.jpg
0,002024.jpg
3,002025.jpg
4,002026.jpg
3,002027.jpg
4,002028.jpg
4,002029.jpg
3,002030.jpg
0,002031.jpg
5,002032.jpg
2,002033.jpg
5,002034.jpg
4,002035.jpg
3,002036.jpg
6,002037.jpg
0,002038.jpg
4,002039.jpg
3,002040.jpg
2,002041.jpg
2,002042.jpg
6,002043.jpg
6,002044.jpg
3,002045.jpg
4,002046.jpg
2,002047.jpg
4,002048.jpg
3,002049.jpg
0,002050.jpg
2,002051.jpg
6,002052.jpg
6,002053.jpg
0,002054.jpg
0,002055.jpg
0,002056.jpg
2,002057.jpg
3,002058.jpg
5,002059.jpg
5,002060.jpg
2,002061.jpg
6,002062.jpg
3,002063.jpg
3,002064.jpg
3,002065.jpg
0,002066.jpg
0,002067.jpg
6,002068.jpg
3,002069.jpg
0,002070.jpg
3,002071.jpg
5,002072.jpg
3,002073.jpg
2,002074.jpg
4,002075.jpg
3,002076.jpg
4,002077.jpg
6,002078.jpg
0,002079.jpg
4,002080.jpg
0,002081.jpg
2,002082.jpg
3,002083.jpg
4,002084.jpg
2,002085.jpg
6,002086.jpg
4,002087.jpg
3,002088.jpg
5,002089.jpg
5,002090.jpg
4,002091.jpg
6,002092.jpg
2,002093.jpg
6,002094.jpg
0,002095.jpg
3,002096.jpg
2,002097.jpg
2,002098.jpg
2,002099.jpg
0,002100.jpg
4,002101.jpg
6,002102.jpg
0,002103.jpg
6,002104.jpg
4,002105.jpg
4,002106.jpg
6,002107.jpg
0,002108.jpg
6,002109.jpg
3,002110.jpg
0,002111.jpg
2,002112.jpg
3,002113.jpg
5,002114.jpg
3,002115.jpg
3,002116.jpg
0,002117.jpg
2,002118.jpg
5,002119.jpg
3,002120.jpg
2,002121.jpg
3,002122.jpg
3,002123.jpg
4,002124.jpg
3,002125.jpg
0,002126.jpg
6,002127.jpg
0,002128.jpg
2,002129.jpg
5,002130.jpg
0,002131.jpg
2,002132.jpg
6,002133.jpg
2,002134.jpg
3,002135.jpg
3,002136.jpg
3,002137.jpg
4,002138.jpg
4,002139.jpg
5,002140.jpg
3,002141.jpg
0,002142.jpg
4,002143.jpg
0,002144.jpg
6,002145.jpg
5,002146.jpg
2,002147.jpg
0,002148.jpg
6,002149.jpg
0,002150.jpg
1,002151.jpg
3,002152.jpg
2,002153.jpg
2,002154.jpg
6,002155.jpg
6,002156.jpg
4,002157.jpg
6,002158.jpg
3,002159.jpg
0,002160.jpg
2,002161.jpg
2,002162.jpg
1,002163.jpg
5,002164.jpg
0,002165.jpg
4,002166.jpg
3,002167.jpg
5,002168.jpg
6,002169.jpg
3,002170.jpg
6,002171.jpg
6,002172.jpg
5,002173.jpg
4,002174.jpg
4,002175.jpg
4,002176.jpg
2,002177.jpg
2,002178.jpg
0,002179.jpg
2,002180.jpg
0,002181.jpg
3,002182.jpg
6,002183.jpg
3,002184.jpg
0,002185.jpg
3,002186.jpg
4,002187.jpg
5,002188.jpg
2,002189.jpg
3,002190.jpg
0,002191.jpg
3,002192.jpg
0,002193.jpg
0,002194.jpg
5,002195.jpg
2,002196.jpg
4,002197.jpg
6,002198.jpg
3,002199.jpg
5,002200.jpg
0,002201.jpg
3,002202.jpg
3,002203.jpg
3,002204.jpg
2,002205.jpg
3,002206.jpg
6,002207.jpg
4,002208.jpg
6,002209.jpg
3,002210.jpg
3,002211.jpg
6,002212.jpg
3,002213.jpg
6,002214.jpg
4,002215.jpg
6,002216.jpg
2,002217.jpg
3,002218.jpg
3,002219.jpg
0,002220.jpg
4,002221.jpg
3,002222.jpg
6,002223.jpg
3,002224.jpg
0,002225.jpg
2,002226.jpg
6,002227.jpg
5,002228.jpg
0,002229.jpg
4,002230.jpg
3,002231.jpg
2,002232.jpg
2,002233.jpg
5,002234.jpg
4,002235.jpg
6,002236.jpg
4,002237.jpg
4,002238.jpg
4,002239.jpg
3,002240.jpg
6,002241.jpg
0,002242.jpg
6,002243.jpg
2,002244.jpg
5,002245.jpg
0,002246.jpg
0,002247.jpg
4,002248.jpg
4,002249.jpg
2,002250.jpg
2,002251.jpg
2,002252.jpg
3,002253.jpg
6,002254.jpg
4,002255.jpg
4,002256.jpg
3,002257.jpg
6,002258.jpg
5,002259.jpg
0,002260.jpg
4,002261.jpg
4,002262.jpg
6,002263.jpg
0,002264.jpg
0,002265.jpg
5,002266.jpg
3,002267.jpg
0,002268.jpg
2,002269.jpg
2,002270.jpg
6,002271.jpg
3,002272.jpg
6,002273.jpg
6,002274.jpg
1,002275.jpg
6,002276.jpg
5,002277.jpg
4,002278.jpg
6,002279.jpg
2,002280.jpg
6,002281.jpg
3,002282.jpg
5,002283.jpg
3,002284.jpg
3,002285.jpg
3,002286.jpg
3,002287.jpg
0,002288.jpg
0,002289.jpg
0,002290.jpg
5,002291.jpg
2,002292.jpg
3,002293.jpg
6,002294.jpg
6,002295.jpg
3,002296.jpg
2,002297.jpg
2,002298.jpg
6,002299.jpg
2,002300.jpg
0,002301.jpg
0,002302.jpg
6,002303.jpg
6,002304.jpg
3,002305.jpg
3,002306.jpg
3,002307.jpg
3,002308.jpg
2,002309.jpg
3,002310.jpg
3,002311.jpg
4,002312.jpg
4,002313.jpg
0,002314.jpg
0,002315.jpg
3,002316.jpg
4,002317.jpg
6,002318.jpg
2,002319.jpg
2,002320.jpg
1,002321.jpg
6,002322.jpg
3,002323.jpg
3,002324.jpg
0,002325.jpg
3,002326.jpg
3,002327.jpg
3,002328.jpg
6,002329.jpg
2,002330.jpg
6,002331.jpg
2,002332.jpg
5,002333.jpg
6,002334.jpg
3,002335.jpg
5,002336.jpg
0,002337.jpg
3,002338.jpg
4,002339.jpg
0,002340.jpg
3,002341.jpg
4,002342.jpg
5,002343.jpg
5,002344.jpg
4,002345.jpg
3,002346.jpg
4,002347.jpg
6,002348.jpg
4,002349.jpg
3,002350.jpg
5,002351.jpg
5,002352.jpg
2,002353.jpg
0,002354.jpg
3,002355.jpg
2,002356.jpg
2,002357.jpg
5,002358.jpg
6,002359.jpg
2,002360.jpg
3,002361.jpg
0,002362.jpg
0,002363.jpg
5,002364.jpg
4,002365.jpg
6,002366.jpg
4,002367.jpg
6,002368.jpg
6,002369.jpg
6,002370.jpg
6,002371.jpg
4,002372.jpg
2,002373.jpg
3,002374.jpg
2,002375.jpg
6,002376.jpg
3,002377.jpg
2,002378.jpg
6,002379.jpg
6,002380.jpg
0,002381.jpg
4,002382.jpg
0,002383.jpg
6,002384.jpg
3,002385.jpg
0,002386.jpg
3,002387.jpg
2,002388.jpg
1,002389.jpg
2,002390.jpg
2,002391.jpg
5,002392.jpg
5,002393.jpg
0,002394.jpg
6,002395.jpg
0,002396.jpg
3,002397.jpg
0,002398.jpg
2,002399.jpg
0,002400.jpg
6,002401.jpg
2,002402.jpg
3,002403.jpg
3,002404.jpg
6,002405.jpg
6,002406.jpg
0,002407.jpg
2,002408.jpg
6,002409.jpg
0,002410.jpg
3,002411.jpg
4,002412.jpg
3,002413.jpg
2,002414.jpg
6,002415.jpg
2,002416.jpg
2,002417.jpg
4,002418.jpg
1,002419.jpg
5,002420.jpg
3,002421.jpg
3,002422.jpg
6,002423.jpg
3,002424.jpg
0,002425.jpg
2,002426.jpg
6,002427.jpg
4,002428.jpg
6,002429.jpg
0,002430.jpg
4,002431.jpg
3,002432.jpg
6,002433.jpg
5,002434.jpg
3,002435.jpg
3,002436.jpg
3,002437.jpg
2,002438.jpg
3,002439.jpg
6,002440.jpg
2,002441.jpg
3,002442.jpg
6,002443.jpg
3,002444.jpg
5,002445.jpg
6,002446.jpg
6,002447.jpg
5,002448.jpg
4,002449.jpg
3,002450.jpg
4,002451.jpg
6,002452.jpg
3,002453.jpg
6,002454.jpg
0,002455.jpg
3,002456.jpg
4,002457.jpg
6,002458.jpg
4,002459.jpg
4,002460.jpg
5,002461.jpg
4,002462.jpg
3,002463.jpg
3,002464.jpg
3,002465.jpg
5,002466.jpg
4,002467.jpg
3,002468.jpg
6,002469.jpg
4,002470.jpg
2,002471.jpg
3,002472.jpg
3,002473.jpg
3,002474.jpg
5,002475.jpg
4,002476.jpg
3,002477.jpg
4,002478.jpg
4,002479.jpg
5,002480.jpg
3,002481.jpg
5,002482.jpg
3,002483.jpg
0,002484.jpg
4,002485.jpg
0,002486.jpg
0,002487.jpg
6,002488.jpg
6,002489.jpg
3,002490.jpg
4,002491.jpg
3,002492.jpg
6,002493.jpg
3,002494.jpg
2,002495.jpg
4,002496.jpg
6,002497.jpg
0,002498.jpg
4,002499.jpg
2,002500.jpg
5,002501.jpg
4,002502.jpg
0,002503.jpg
6,002504.jpg
0,002505.jpg
3,002506.jpg
3,002507.jpg
4,002508.jpg
3,002509.jpg
6,002510.jpg
0,002511.jpg
0,002512.jpg
5,002513.jpg
4,002514.jpg
4,002515.jpg
2,002516.jpg
0,002517.jpg
3,002518.jpg
5,002519.jpg
6,002520.jpg
3,002521.jpg
3,002522.jpg
6,002523.jpg
6,002524.jpg
0,002525.jpg
4,002526.jpg
3,002527.jpg
3,002528.jpg
5,002529.jpg
4,002530.jpg
3,002531.jpg
6,002532.jpg
4,002533.jpg
3,002534.jpg
6,002535.jpg
3,002536.jpg
3,002537.jpg
4,002538.jpg
4,002539.jpg
6,002540.jpg
3,002541.jpg
1,002542.jpg
3,002543.jpg
4,002544.jpg
2,002545.jpg
4,002546.jpg
3,002547.jpg
5,002548.jpg
3,002549.jpg
2,002550.jpg
4,002551.jpg
4,002552.jpg
2,002553.jpg
3,002554.jpg
4,002555.jpg
3,002556.jpg
0,002557.jpg
0,002558.jpg
3,002559.jpg
2,002560.jpg
3,002561.jpg
6,002562.jpg
3,002563.jpg
6,002564.jpg
4,002565.jpg
5,002566.jpg
0,002567.jpg
4,002568.jpg
4,002569.jpg
2,002570.jpg
4,002571.jpg
2,002572.jpg
4,002573.jpg
4,002574.jpg
6,002575.jpg
4,002576.jpg
6,002577.jpg
6,002578.jpg
0,002579.jpg
6,002580.jpg
0,002581.jpg
4,002582.jpg
6,002583.jpg
6,002584.jpg
6,002585.jpg
4,002586.jpg
4,002587.jpg
6,002588.jpg
3,002589.jpg
4,002590.jpg
3,002591.jpg
2,002592.jpg
2,002593.jpg
0,002594.jpg
2,002595.jpg
5,002596.jpg
3,002597.jpg
4,002598.jpg
0,002599.jpg
6,002600.jpg
6,002601.jpg
6,002602.jpg
3,002603.jpg
3,002604.jpg
6,002605.jpg
3,002606.jpg
4,002607.jpg
6,002608.jpg
4,002609.jpg
3,002610.jpg
3,002611.jpg
3,002612.jpg
6,002613.jpg
2,002614.jpg
4,002615.jpg
5,002616.jpg
6,002617.jpg
4,002618.jpg
5,002619.jpg
3,002620.jpg
2,002621.jpg
5,002622.jpg
2,002623.jpg
2,002624.jpg
1,002625.jpg
6,002626.jpg
2,002627.jpg
4,002628.jpg
3,002629.jpg
0,002630.jpg
6,002631.jpg
6,002632.jpg
4,002633.jpg
5,002634.jpg
4,002635.jpg
3,002636.jpg
6,002637.jpg
2,002638.jpg
2,002639.jpg
3,002640.jpg
2,002641.jpg
3,002642.jpg
3,002643.jpg
2,002644.jpg
3,002645.jpg
0,002646.jpg
3,002647.jpg
4,002648.jpg
3,002649.jpg
3,002650.jpg
2,002651.jpg
3,002652.jpg
2,002653.jpg
0,002654.jpg
3,002655.jpg
0,002656.jpg
2,002657.jpg
4,002658.jpg
0,002659.jpg
6,002660.jpg
2,002661.jpg
2,002662.jpg
6,002663.jpg
6,002664.jpg
0,002665.jpg
3,002666.jpg
6,002667.jpg
0,002668.jpg
4,002669.jpg
3,002670.jpg
4,002671.jpg
0,002672.jpg
6,002673.jpg
3,002674.jpg
4,002675.jpg
4,002676.jpg
6,002677.jpg
3,002678.jpg
4,002679.jpg
3,002680.jpg
2,002681.jpg
4,002682.jpg
2,002683.jpg
0,002684.jpg
3,002685.jpg
6,002686.jpg
0,002687.jpg
4,002688.jpg
4,002689.jpg
4,002690.jpg
2,002691.jpg
3,002692.jpg
2,002693.jpg
4,002694.jpg
1,002695.jpg
0,002696.jpg
5,002697.jpg
4,002698.jpg
6,002699.jpg
6,002700.jpg
3,002701.jpg
3,002702.jpg
5,002703.jpg
2,002704.jpg
6,002705.jpg
3,002706.jpg
4,002707.jpg
0,002708.jpg
0,002709.jpg
6,002710.jpg
0,002711.jpg
0,002712.jpg
6,002713.jpg
4,002714.jpg
3,002715.jpg
5,002716.jpg
4,002717.jpg
2,002718.jpg
4,002719.jpg
2,002720.jpg
2,002721.jpg
5,002722.jpg
3,002723.jpg
2,002724.jpg
2,002725.jpg
2,002726.jpg
6,002727.jpg
4,002728.jpg
3,002729.jpg
3,002730.jpg
4,002731.jpg
1,002732.jpg
3,002733.jpg
6,002734.jpg
2,002735.jpg
5,002736.jpg
6,002737.jpg
3,002738.jpg
6,002739.jpg
6,002740.jpg
2,002741.jpg
1,002742.jpg
0,002743.jpg
5,002744.jpg
3,002745.jpg
1,002746.jpg
6,002747.jpg
4,002748.jpg
0,002749.jpg
6,002750.jpg
4,002751.jpg
6,002752.jpg
6,002753.jpg
3,002754.jpg
5,002755.jpg
3,002756.jpg
3,002757.jpg
5,002758.jpg
5,002759.jpg
2,002760.jpg
6,002761.jpg
0,002762.jpg
5,002763.jpg
0,002764.jpg
3,002765.jpg
3,002766.jpg
3,002767.jpg
3,002768.jpg
6,002769.jpg
0,002770.jpg
3,002771.jpg
2,002772.jpg
6,002773.jpg
3,002774.jpg
4,002775.jpg
4,002776.jpg
4,002777.jpg
0,002778.jpg
3,002779.jpg
4,002780.jpg
0,002781.jpg
2,002782.jpg
3,002783.jpg
3,002784.jpg
4,002785.jpg
5,002786.jpg
1,002787.jpg
4,002788.jpg
2,002789.jpg
3,002790.jpg
0,002791.jpg
6,002792.jpg
3,002793.jpg
3,002794.jpg
1,002795.jpg
3,002796.jpg
4,002797.jpg
6,002798.jpg
2,002799.jpg
4,002800.jpg
2,002801.jpg
4,002802.jpg
5,002803.jpg
5,002804.jpg
3,002805.jpg
3,002806.jpg
3,002807.jpg
6,002808.jpg
5,002809.jpg
3,002810.jpg
3,002811.jpg
4,002812.jpg
3,002813.jpg
0,002814.jpg
4,002815.jpg
3,002816.jpg
3,002817.jpg
0,002818.jpg
6,002819.jpg
3,002820.jpg
6,002821.jpg
6,002822.jpg
0,002823.jpg
3,002824.jpg
4,002825.jpg
0,002826.jpg
4,002827.jpg
4,002828.jpg
6,002829.jpg
0,002830.jpg
2,002831.jpg
5,002832.jpg
3,002833.jpg
2,002834.jpg
5,002835.jpg
0,002836.jpg
5,002837.jpg
4,002838.jpg
6,002839.jpg
4,002840.jpg
5,002841.jpg
2,002842.jpg
0,002843.jpg
1,002844.jpg
4,002845.jpg
5,002846.jpg
0,002847.jpg
6,002848.jpg
3,002849.jpg
4,002850.jpg
3,002851.jpg
3,002852.jpg
5,002853.jpg
3,002854.jpg
4,002855.jpg
6,002856.jpg
3,002857.jpg
2,002858.jpg
0,002859.jpg
2,002860.jpg
3,002861.jpg
3,002862.jpg
4,002863.jpg
3,002864.jpg
6,002865.jpg
3,002866.jpg
3,002867.jpg
4,002868.jpg
3,002869.jpg
6,002870.jpg
6,002871.jpg
3,002872.jpg
6,002873.jpg
4,002874.jpg
2,002875.jpg
6,002876.jpg
3,002877.jpg
5,002878.jpg
4,002879.jpg
3,002880.jpg
0,002881.jpg
6,002882.jpg
5,002883.jpg
0,002884.jpg
3,002885.jpg
5,002886.jpg
6,002887.jpg
6,002888.jpg
0,002889.jpg
0,002890.jpg
0,002891.jpg
4,002892.jpg
6,002893.jpg
3,002894.jpg
6,002895.jpg
4,002896.jpg
0,002897.jpg
3,002898.jpg
5,002899.jpg
3,002900.jpg
6,002901.jpg
4,002902.jpg
0,002903.jpg
3,002904.jpg
2,002905.jpg
2,002906.jpg
5,002907.jpg
5,002908.jpg
0,002909.jpg
3,002910.jpg
3,002911.jpg
4,002912.jpg
3,002913.jpg
6,002914.jpg
2,002915.jpg
4,002916.jpg
3,002917.jpg
3,002918.jpg
0,002919.jpg
3,002920.jpg
3,002921.jpg
3,002922.jpg
6,002923.jpg
3,002924.jpg
0,002925.jpg
6,002926.jpg
2,002927.jpg
2,002928.jpg
4,002929.jpg
3,002930.jpg
3,002931.jpg
6,002932.jpg
0,002933.jpg
4,002934.jpg
6,002935.jpg
5,002936.jpg
6,002937.jpg
3,002938.jpg
1,002939.jpg
2,002940.jpg
2,002941.jpg
4,002942.jpg
2,002943.jpg
4,002944.jpg
4,002945.jpg
5,002946.jpg
3,002947.jpg
3,002948.jpg
5,002949.jpg
4,002950.jpg
3,002951.jpg
4,002952.jpg
6,002953.jpg
3,002954.jpg
6,002955.jpg
5,002956.jpg
6,002957.jpg
3,002958.jpg
0,002959.jpg
3,002960.jpg
5,002961.jpg
6,002962.jpg
5,002963.jpg
4,002964.jpg
3,002965.jpg
4,002966.jpg
6,002967.jpg
5,002968.jpg
3,002969.jpg
5,002970.jpg
3,002971.jpg
3,002972.jpg
6,002973.jpg
6,002974.jpg
2,002975.jpg
0,002976.jpg
6,002977.jpg
6,002978.jpg
3,002979.jpg
4,002980.jpg
2,002981.jpg
0,002982.jpg
4,002983.jpg
6,002984.jpg
3,002985.jpg
6,002986.jpg
2,002987.jpg
2,002988.jpg
4,002989.jpg
3,002990.jpg
3,002991.jpg
4,002992.jpg
5,002993.jpg
4,002994.jpg
6,002995.jpg
4,002996.jpg
5,002997.jpg
6,002998.jpg
4,002999.jpg
2,003000.jpg
6,003001.jpg
5,003002.jpg
5,003003.jpg
2,003004.jpg
3,003005.jpg
6,003006.jpg
4,003007.jpg
5,003008.jpg
3,003009.jpg
3,003010.jpg
2,003011.jpg
4,003012.jpg
4,003013.jpg
6,003014.jpg
3,003015.jpg
3,003016.jpg
5,003017.jpg
6,003018.jpg
4,003019.jpg
5,003020.jpg
0,003021.jpg
3,003022.jpg
2,003023.jpg
3,003024.jpg
6,003025.jpg
2,003026.jpg
5,003027.jpg
4,003028.jpg
3,003029.jpg
2,003030.jpg
4,003031.jpg
0,003032.jpg
4,003033.jpg
0,003034.jpg
0,003035.jpg
2,003036.jpg
4,003037.jpg
3,003038.jpg
4,003039.jpg
5,003040.jpg
6,003041.jpg
3,003042.jpg
4,003043.jpg
3,003044.jpg
3,003045.jpg
3,003046.jpg
5,003047.jpg
5,003048.jpg
6,003049.jpg
6,003050.jpg
6,003051.jpg
4,003052.jpg
0,003053.jpg
5,003054.jpg
6,003055.jpg
4,003056.jpg
2,003057.jpg
6,003058.jpg
4,003059.jpg
5,003060.jpg
6,003061.jpg
4,003062.jpg
1,003063.jpg
6,003064.jpg
4,003065.jpg
6,003066.jpg
3,003067.jpg
0,003068.jpg
3,003069.jpg
3,003070.jpg
6,003071.jpg
6,003072.jpg
5,003073.jpg
4,003074.jpg
4,003075.jpg
6,003076.jpg
3,003077.jpg
4,003078.jpg
6,003079.jpg
0,003080.jpg
6,003081.jpg
4,003082.jpg
3,003083.jpg
5,003084.jpg
3,003085.jpg
3,003086.jpg
2,003087.jpg
4,003088.jpg
3,003089.jpg
3,003090.jpg
0,003091.jpg
3,003092.jpg
6,003093.jpg
4,003094.jpg
6,003095.jpg
0,003096.jpg
2,003097.jpg
6,003098.jpg
0,003099.jpg
0,003100.jpg
1,003101.jpg
0,003102.jpg
0,003103.jpg
3,003104.jpg
0,003105.jpg
3,003106.jpg
3,003107.jpg
5,003108.jpg
6,003109.jpg
3,003110.jpg
4,003111.jpg
2,003112.jpg
0,003113.jpg
6,003114.jpg
6,003115.jpg
3,003116.jpg
3,003117.jpg
4,003118.jpg
0,003119.jpg
3,003120.jpg
0,003121.jpg
3,003122.jpg
6,003123.jpg
2,003124.jpg
4,003125.jpg
4,003126.jpg
6,003127.jpg
6,003128.jpg
2,003129.jpg
2,003130.jpg
3,003131.jpg
3,003132.jpg
2,003133.jpg
3,003134.jpg
5,003135.jpg
3,003136.jpg
0,003137.jpg
3,003138.jpg
4,003139.jpg
6,003140.jpg
4,003141.jpg
0,003142.jpg
4,003143.jpg
3,003144.jpg
3,003145.jpg
3,003146.jpg
5,003147.jpg
6,003148.jpg
4,003149.jpg
5,003150.jpg
0,003151.jpg
5,003152.jpg
6,003153.jpg
4,003154.jpg
6,003155.jpg
6,003156.jpg
5,003157.jpg
3,003158.jpg
3,003159.jpg
4,003160.jpg
6,003161.jpg
3,003162.jpg
4,003163.jpg
3,003164.jpg
6,003165.jpg
6,003166.jpg
4,003167.jpg
4,003168.jpg
4,003169.jpg
2,003170.jpg
0,003171.jpg
6,003172.jpg
6,003173.jpg
6,003174.jpg
3,003175.jpg
0,003176.jpg
6,003177.jpg
3,003178.jpg
6,003179.jpg
2,003180.jpg
5,003181.jpg
3,003182.jpg
0,003183.jpg
2,003184.jpg
4,003185.jpg
0,003186.jpg
4,003187.jpg
0,003188.jpg
3,003189.jpg
6,003190.jpg
6,003191.jpg
5,003192.jpg
5,003193.jpg
3,003194.jpg
1,003195.jpg
4,003196.jpg
2,003197.jpg
6,003198.jpg
3,003199.jpg
3,003200.jpg
5,003201.jpg
3,003202.jpg
0,003203.jpg
6,003204.jpg
4,003205.jpg
4,003206.jpg
3,003207.jpg
0,003208.jpg
3,003209.jpg
3,003210.jpg
4,003211.jpg
3,003212.jpg
5,003213.jpg
2,003214.jpg
3,003215.jpg
3,003216.jpg
3,003217.jpg
3,003218.jpg
0,003219.jpg
2,003220.jpg
6,003221.jpg
4,003222.jpg
5,003223.jpg
5,003224.jpg
4,003225.jpg
0,003226.jpg
0,003227.jpg
6,003228.jpg
3,003229.jpg
5,003230.jpg
6,003231.jpg
5,003232.jpg
3,003233.jpg
3,003234.jpg
4,003235.jpg
6,003236.jpg
4,003237.jpg
2,003238.jpg
5,003239.jpg
4,003240.jpg
2,003241.jpg
2,003242.jpg
3,003243.jpg
6,003244.jpg
3,003245.jpg
3,003246.jpg
6,003247.jpg
0,003248.jpg
0,003249.jpg
3,003250.jpg
3,003251.jpg
0,003252.jpg
2,003253.jpg
2,003254.jpg
5,003255.jpg
4,003256.jpg
3,003257.jpg
6,003258.jpg
2,003259.jpg
3,003260.jpg
3,003261.jpg
5,003262.jpg
4,003263.jpg
4,003264.jpg
4,003265.jpg
6,003266.jpg
3,003267.jpg
6,003268.jpg
2,003269.jpg
5,003270.jpg
4,003271.jpg
6,003272.jpg
0,003273.jpg
0,003274.jpg
0,003275.jpg
6,003276.jpg
0,003277.jpg
3,003278.jpg
2,003279.jpg
6,003280.jpg
3,003281.jpg
4,003282.jpg
5,003283.jpg
5,003284.jpg
5,003285.jpg
1,003286.jpg
3,003287.jpg
6,003288.jpg
3,003289.jpg
6,003290.jpg
5,003291.jpg
1,003292.jpg
3,003293.jpg
0,003294.jpg
3,003295.jpg
2,003296.jpg
2,003297.jpg
3,003298.jpg
5,003299.jpg
3,003300.jpg
3,003301.jpg
4,003302.jpg
0,003303.jpg
4,003304.jpg
6,003305.jpg
4,003306.jpg
6,003307.jpg
4,003308.jpg
3,003309.jpg
3,003310.jpg
3,003311.jpg
6,003312.jpg
3,003313.jpg
2,003314.jpg
3,003315.jpg
4,003316.jpg
4,003317.jpg
3,003318.jpg
0,003319.jpg
0,003320.jpg
6,003321.jpg
2,003322.jpg
6,003323.jpg
3,003324.jpg
6,003325.jpg
4,003326.jpg
0,003327.jpg
4,003328.jpg
6,003329.jpg
0,003330.jpg
0,003331.jpg
2,003332.jpg
6,003333.jpg
0,003334.jpg
3,003335.jpg
6,003336.jpg
4,003337.jpg
3,003338.jpg
4,003339.jpg
6,003340.jpg
4,003341.jpg
4,003342.jpg
5,003343.jpg
4,003344.jpg
3,003345.jpg
6,003346.jpg
1,003347.jpg
3,003348.jpg
4,003349.jpg
0,003350.jpg
3,003351.jpg
4,003352.jpg
6,003353.jpg
5,003354.jpg
6,003355.jpg
2,003356.jpg
4,003357.jpg
3,003358.jpg
2,003359.jpg
4,003360.jpg
3,003361.jpg
6,003362.jpg
4,003363.jpg
3,003364.jpg
4,003365.jpg
3,003366.jpg
4,003367.jpg
0,003368.jpg
3,003369.jpg
0,003370.jpg
6,003371.jpg
2,003372.jpg
0,003373.jpg
5,003374.jpg
6,003375.jpg
2,003376.jpg
0,003377.jpg
4,003378.jpg
6,003379.jpg
6,003380.jpg
4,003381.jpg
4,003382.jpg
6,003383.jpg
6,003384.jpg
4,003385.jpg
0,003386.jpg
0,003387.jpg
4,003388.jpg
3,003389.jpg
4,003390.jpg
2,003391.jpg
5,003392.jpg
0,003393.jpg
4,003394.jpg
6,003395.jpg
6,003396.jpg
4,003397.jpg
4,003398.jpg
4,003399.jpg
2,003400.jpg
6,003401.jpg
2,003402.jpg
4,003403.jpg
6,003404.jpg
3,003405.jpg
6,003406.jpg
3,003407.jpg
3,003408.jpg
2,003409.jpg
3,003410.jpg
3,003411.jpg
0,003412.jpg
2,003413.jpg
3,003414.jpg
0,003415.jpg
3,003416.jpg
3,003417.jpg
4,003418.jpg
6,003419.jpg
4,003420.jpg
3,003421.jpg
3,003422.jpg
5,003423.jpg
6,003424.jpg
2,003425.jpg
3,003426.jpg
3,003427.jpg
2,003428.jpg
4,003429.jpg
2,003430.jpg
3,003431.jpg
2,003432.jpg
4,003433.jpg
2,003434.jpg
2,003435.jpg
2,003436.jpg
4,003437.jpg
2,003438.jpg
2,003439.jpg
3,003440.jpg
6,003441.jpg
0,003442.jpg
2,003443.jpg
6,003444.jpg
5,003445.jpg
2,003446.jpg
3,003447.jpg
0,003448.jpg
0,003449.jpg
4,003450.jpg
5,003451.jpg
3,003452.jpg
2,003453.jpg
3,003454.jpg
3,003455.jpg
2,003456.jpg
3,003457.jpg
2,003458.jpg
5,003459.jpg
3,003460.jpg
2,003461.jpg
3,003462.jpg
4,003463.jpg
5,003464.jpg
3,003465.jpg
5,003466.jpg
0,003467.jpg
3,003468.jpg
4,003469.jpg
5,003470.jpg
2,003471.jpg
2,003472.jpg
5,003473.jpg
3,003474.jpg
3,003475.jpg
6,003476.jpg
4,003477.jpg
3,003478.jpg
5,003479.jpg
4,003480.jpg
3,003481.jpg
0,003482.jpg
3,003483.jpg
3,003484.jpg
6,003485.jpg
2,003486.jpg
3,003487.jpg
3,003488.jpg
0,003489.jpg
3,003490.jpg
4,003491.jpg
4,003492.jpg
3,003493.jpg
6,003494.jpg
4,003495.jpg
3,003496.jpg
6,003497.jpg
6,003498.jpg
3,003499.jpg
6,003500.jpg
3,003501.jpg
6,003502.jpg
2,003503.jpg
3,003504.jpg
6,003505.jpg
4,003506.jpg
4,003507.jpg
4,003508.jpg
5,003509.jpg
6,003510.jpg
6,003511.jpg
5,003512.jpg
3,003513.jpg
3,003514.jpg
2,003515.jpg
1,003516.jpg
2,003517.jpg
4,003518.jpg
3,003519.jpg
0,003520.jpg
1,003521.jpg
0,003522.jpg
3,003523.jpg
3,003524.jpg
5,003525.jpg
3,003526.jpg
6,003527.jpg
3,003528.jpg
4,003529.jpg
3,003530.jpg
3,003531.jpg
3,003532.jpg
2,003533.jpg
4,003534.jpg
6,003535.jpg
5,003536.jpg
6,003537.jpg
3,003538.jpg
4,003539.jpg
0,003540.jpg
2,003541.jpg
2,003542.jpg
3,003543.jpg
4,003544.jpg
6,003545.jpg
4,003546.jpg
0,003547.jpg
4,003548.jpg
3,003549.jpg
5,003550.jpg
0,003551.jpg
3,003552.jpg
0,003553.jpg
0,003554.jpg
2,003555.jpg
5,003556.jpg
6,003557.jpg
0,003558.jpg
3,003559.jpg
6,003560.jpg
1,003561.jpg
3,003562.jpg
3,003563.jpg
0,003564.jpg
2,003565.jpg
6,003566.jpg
4,003567.jpg
6,003568.jpg
5,003569.jpg
3,003570.jpg
6,003571.jpg
4,003572.jpg
5,003573.jpg
3,003574.jpg
6,003575.jpg
3,003576.jpg
2,003577.jpg
3,003578.jpg
3,003579.jpg
0,003580.jpg
6,003581.jpg
0,003582.jpg
2,003583.jpg
2,003584.jpg
3,003585.jpg
0,003586.jpg
0,003587.jpg
6,003588.jpg
6,003589.jpg
3,003590.jpg
2,003591.jpg
6,003592.jpg
4,003593.jpg
0,003594.jpg
3,003595.jpg
3,003596.jpg
6,003597.jpg
3,003598.jpg
0,003599.jpg
6,003600.jpg
2,003601.jpg
0,003602.jpg
5,003603.jpg
3,003604.jpg
0,003605.jpg
0,003606.jpg
5,003607.jpg
3,003608.jpg
4,003609.jpg
6,003610.jpg
4,003611.jpg
3,003612.jpg
2,003613.jpg
6,003614.jpg
5,003615.jpg
0,003616.jpg
6,003617.jpg
4,003618.jpg
6,003619.jpg
3,003620.jpg
5,003621.jpg
2,003622.jpg
6,003623.jpg
4,003624.jpg
0,003625.jpg
1,003626.jpg
5,003627.jpg
3,003628.jpg
4,003629.jpg
4,003630.jpg
3,003631.jpg
0,003632.jpg
6,003633.jpg
4,003634.jpg
5,003635.jpg
3,003636.jpg
2,003637.jpg
3,003638.jpg
3,003639.jpg
2,003640.jpg
3,003641.jpg
3,003642.jpg
2,003643.jpg
0,003644.jpg
2,003645.jpg
0,003646.jpg
3,003647.jpg
2,003648.jpg
4,003649.jpg
0,003650.jpg
0,003651.jpg
3,003652.jpg
4,003653.jpg
3,003654.jpg
3,003655.jpg
6,003656.jpg
4,003657.jpg
4,003658.jpg
4,003659.jpg
4,003660.jpg
4,003661.jpg
3,003662.jpg
3,003663.jpg
3,003664.jpg
6,003665.jpg
2,003666.jpg
0,003667.jpg
0,003668.jpg
3,003669.jpg
3,003670.jpg
4,003671.jpg
6,003672.jpg
3,003673.jpg
6,003674.jpg
5,003675.jpg
6,003676.jpg
6,003677.jpg
3,003678.jpg
3,003679.jpg
3,003680.jpg
6,003681.jpg
2,003682.jpg
3,003683.jpg
3,003684.jpg
0,003685.jpg
3,003686.jpg
3,003687.jpg
6,003688.jpg
3,003689.jpg
1,003690.jpg
5,003691.jpg
4,003692.jpg
5,003693.jpg
2,003694.jpg
5,003695.jpg
6,003696.jpg
6,003697.jpg
3,003698.jpg
0,003699.jpg
6,003700.jpg
3,003701.jpg
0,003702.jpg
3,003703.jpg
3,003704.jpg
4,003705.jpg
6,003706.jpg
2,003707.jpg
0,003708.jpg
2,003709.jpg
3,003710.jpg
6,003711.jpg
3,003712.jpg
4,003713.jpg
2,003714.jpg
6,003715.jpg
0,003716.jpg
2,003717.jpg
6,003718.jpg
2,003719.jpg
3,003720.jpg
0,003721.jpg
2,003722.jpg
2,003723.jpg
4,003724.jpg
3,003725.jpg
6,003726.jpg
3,003727.jpg
3,003728.jpg
6,003729.jpg
4,003730.jpg
4,003731.jpg
6,003732.jpg
6,003733.jpg
4,003734.jpg
6,003735.jpg
2,003736.jpg
3,003737.jpg
3,003738.jpg
2,003739.jpg
4,003740.jpg
4,003741.jpg
2,003742.jpg
3,003743.jpg
3,003744.jpg
6,003745.jpg
2,003746.jpg
4,003747.jpg
2,003748.jpg
2,003749.jpg
2,003750.jpg
5,003751.jpg
4,003752.jpg
4,003753.jpg
3,003754.jpg
3,003755.jpg
5,003756.jpg
4,003757.jpg
1,003758.jpg
0,003759.jpg
3,003760.jpg
6,003761.jpg
4,003762.jpg
3,003763.jpg
4,003764.jpg
5,003765.jpg
3,003766.jpg
4,003767.jpg
4,003768.jpg
4,003769.jpg
4,003770.jpg
6,003771.jpg
3,003772.jpg
4,003773.jpg
6,003774.jpg
3,003775.jpg
4,003776.jpg
2,003777.jpg
1,003778.jpg
6,003779.jpg
5,003780.jpg
5,003781.jpg
2,003782.jpg
2,003783.jpg
3,003784.jpg
2,003785.jpg
3,003786.jpg
0,003787.jpg
3,003788.jpg
2,003789.jpg
6,003790.jpg
3,003791.jpg
6,003792.jpg
4,003793.jpg
0,003794.jpg
6,003795.jpg
0,003796.jpg
3,003797.jpg
6,003798.jpg
5,003799.jpg
3,003800.jpg
0,003801.jpg
0,003802.jpg
6,003803.jpg
4,003804.jpg
6,003805.jpg
6,003806.jpg
2,003807.jpg
0,003808.jpg
6,003809.jpg
0,003810.jpg
3,003811.jpg
2,003812.jpg
3,003813.jpg
0,003814.jpg
0,003815.jpg
6,003816.jpg
0,003817.jpg
3,003818.jpg
0,003819.jpg
0,003820.jpg
2,003821.jpg
0,003822.jpg
4,003823.jpg
2,003824.jpg
4,003825.jpg
3,003826.jpg
3,003827.jpg
2,003828.jpg
4,003829.jpg
6,003830.jpg
6,003831.jpg
6,003832.jpg
3,003833.jpg
4,003834.jpg
0,003835.jpg
2,003836.jpg
2,003837.jpg
0,003838.jpg
0,003839.jpg
4,003840.jpg
4,003841.jpg
3,003842.jpg
3,003843.jpg
6,003844.jpg
2,003845.jpg
4,003846.jpg
3,003847.jpg
2,003848.jpg
6,003849.jpg
0,003850.jpg
3,003851.jpg
3,003852.jpg
3,003853.jpg
4,003854.jpg
4,003855.jpg
6,003856.jpg
4,003857.jpg
5,003858.jpg
4,003859.jpg
3,003860.jpg
2,003861.jpg
0,003862.jpg
3,003863.jpg
4,003864.jpg
1,003865.jpg
4,003866.jpg
3,003867.jpg
3,003868.jpg
4,003869.jpg
0,003870.jpg
6,003871.jpg
4,003872.jpg
3,003873.jpg
5,003874.jpg
3,003875.jpg
5,003876.jpg
5,003877.jpg
5,003878.jpg
5,003879.jpg
4,003880.jpg
4,003881.jpg
4,003882.jpg
3,003883.jpg
4,003884.jpg
4,003885.jpg
6,003886.jpg
2,003887.jpg
5,003888.jpg
3,003889.jpg
6,003890.jpg
3,003891.jpg
3,003892.jpg
4,003893.jpg
3,003894.jpg
0,003895.jpg
0,003896.jpg
5,003897.jpg
6,003898.jpg
6,003899.jpg
2,003900.jpg
4,003901.jpg
3,003902.jpg
3,003903.jpg
5,003904.jpg
0,003905.jpg
3,003906.jpg
6,003907.jpg
3,003908.jpg
6,003909.jpg
4,003910.jpg
0,003911.jpg
6,003912.jpg
0,003913.jpg
2,003914.jpg
3,003915.jpg
0,003916.jpg
3,003917.jpg
3,003918.jpg
2,003919.jpg
4,003920.jpg
2,003921.jpg
4,003922.jpg
3,003923.jpg
6,003924.jpg
5,003925.jpg
3,003926.jpg
3,003927.jpg
5,003928.jpg
6,003929.jpg
3,003930.jpg
2,003931.jpg
6,003932.jpg
5,003933.jpg
6,003934.jpg
0,003935.jpg
3,003936.jpg
2,003937.jpg
6,003938.jpg
3,003939.jpg
3,003940.jpg
5,003941.jpg
3,003942.jpg
6,003943.jpg
6,003944.jpg
2,003945.jpg
6,003946.jpg
4,003947.jpg
6,003948.jpg
3,003949.jpg
2,003950.jpg
4,003951.jpg
3,003952.jpg
6,003953.jpg
6,003954.jpg
6,003955.jpg
0,003956.jpg
3,003957.jpg
3,003958.jpg
3,003959.jpg
0,003960.jpg
5,003961.jpg
3,003962.jpg
3,003963.jpg
5,003964.jpg
4,003965.jpg
2,003966.jpg
3,003967.jpg
4,003968.jpg
3,003969.jpg
0,003970.jpg
5,003971.jpg
4,003972.jpg
0,003973.jpg
4,003974.jpg
3,003975.jpg
0,003976.jpg
3,003977.jpg
3,003978.jpg
0,003979.jpg
6,003980.jpg
0,003981.jpg
3,003982.jpg
2,003983.jpg
2,003984.jpg
2,003985.jpg
6,003986.jpg
3,003987.jpg
4,003988.jpg
3,003989.jpg
0,003990.jpg
3,003991.jpg
3,003992.jpg
2,003993.jpg
2,003994.jpg
0,003995.jpg
6,003996.jpg
6,003997.jpg
3,003998.jpg
5,003999.jpg
4,004000.jpg
2,004001.jpg
1,004002.jpg
6,004003.jpg
1,004004.jpg
4,004005.jpg
3,004006.jpg
6,004007.jpg
0,004008.jpg
0,004009.jpg
3,004010.jpg
0,004011.jpg
5,004012.jpg
2,004013.jpg
3,004014.jpg
0,004015.jpg
3,004016.jpg
4,004017.jpg
0,004018.jpg
5,004019.jpg
3,004020.jpg
0,004021.jpg
2,004022.jpg
4,004023.jpg
2,004024.jpg
3,004025.jpg
6,004026.jpg
3,004027.jpg
4,004028.jpg
3,004029.jpg
2,004030.jpg
2,004031.jpg
4,004032.jpg
2,004033.jpg
2,004034.jpg
2,004035.jpg
5,004036.jpg
3,004037.jpg
0,004038.jpg
0,004039.jpg
2,004040.jpg
3,004041.jpg
3,004042.jpg
4,004043.jpg
5,004044.jpg
4,004045.jpg
4,004046.jpg
3,004047.jpg
4,004048.jpg
5,004049.jpg
3,004050.jpg
0,004051.jpg
3,004052.jpg
3,004053.jpg
0,004054.jpg
3,004055.jpg
2,004056.jpg
6,004057.jpg
4,004058.jpg
3,004059.jpg
0,004060.jpg
6,004061.jpg
6,004062.jpg
0,004063.jpg
2,004064.jpg
0,004065.jpg
5,004066.jpg
3,004067.jpg
2,004068.jpg
6,004069.jpg
2,004070.jpg
2,004071.jpg
5,004072.jpg
0,004073.jpg
4,004074.jpg
3,004075.jpg
5,004076.jpg
0,004077.jpg
1,004078.jpg
2,004079.jpg
5,004080.jpg
6,004081.jpg
0,004082.jpg
6,004083.jpg
3,004084.jpg
0,004085.jpg
5,004086.jpg
6,004087.jpg
1,004088.jpg
2,004089.jpg
3,004090.jpg
3,004091.jpg
6,004092.jpg
2,004093.jpg
3,004094.jpg
2,004095.jpg
2,004096.jpg
5,004097.jpg
2,004098.jpg
5,004099.jpg
0,004100.jpg
4,004101.jpg
0,004102.jpg
2,004103.jpg
3,004104.jpg
6,004105.jpg
3,004106.jpg
3,004107.jpg
3,004108.jpg
3,004109.jpg
3,004110.jpg
3,004111.jpg
4,004112.jpg
0,004113.jpg
3,004114.jpg
3,004115.jpg
5,004116.jpg
3,004117.jpg
0,004118.jpg
5,004119.jpg
3,004120.jpg
3,004121.jpg
6,004122.jpg
0,004123.jpg
6,004124.jpg
3,004125.jpg
3,004126.jpg
6,004127.jpg
3,004128.jpg
4,004129.jpg
4,004130.jpg
2,004131.jpg
6,004132.jpg
3,004133.jpg
3,004134.jpg
2,004135.jpg
2,004136.jpg
6,004137.jpg
6,004138.jpg
2,004139.jpg
2,004140.jpg
4,004141.jpg
0,004142.jpg
4,004143.jpg
6,004144.jpg
6,004145.jpg
2,004146.jpg
5,004147.jpg
3,004148.jpg
2,004149.jpg
5,004150.jpg
6,004151.jpg
3,004152.jpg
4,004153.jpg
0,004154.jpg
3,004155.jpg
3,004156.jpg
2,004157.jpg
5,004158.jpg
3,004159.jpg
6,004160.jpg
6,004161.jpg
6,004162.jpg
3,004163.jpg
4,004164.jpg
3,004165.jpg
6,004166.jpg
4,004167.jpg
2,004168.jpg
3,004169.jpg
2,004170.jpg
3,004171.jpg
3,004172.jpg
4,004173.jpg
3,004174.jpg
3,004175.jpg
3,004176.jpg
4,004177.jpg
6,004178.jpg
3,004179.jpg
0,004180.jpg
3,004181.jpg
3,004182.jpg
0,004183.jpg
6,004184.jpg
3,004185.jpg
3,004186.jpg
6,004187.jpg
2,004188.jpg
2,004189.jpg
6,004190.jpg
3,004191.jpg
4,004192.jpg
0,004193.jpg
6,004194.jpg
6,004195.jpg
0,004196.jpg
4,004197.jpg
5,004198.jpg
5,004199.jpg
2,004200.jpg
0,004201.jpg
6,004202.jpg
5,004203.jpg
3,004204.jpg
0,004205.jpg
4,004206.jpg
4,004207.jpg
0,004208.jpg
3,004209.jpg
4,004210.jpg
6,004211.jpg
0,004212.jpg
6,004213.jpg
6,004214.jpg
3,004215.jpg
4,004216.jpg
2,004217.jpg
6,004218.jpg
6,004219.jpg
0,004220.jpg
5,004221.jpg
5,004222.jpg
6,004223.jpg
3,004224.jpg
2,004225.jpg
3,004226.jpg
4,004227.jpg
6,004228.jpg
0,004229.jpg
4,004230.jpg
6,004231.jpg
0,004232.jpg
4,004233.jpg
2,004234.jpg
2,004235.jpg
4,004236.jpg
4,004237.jpg
4,004238.jpg
0,004239.jpg
5,004240.jpg
6,004241.jpg
6,004242.jpg
5,004243.jpg
4,004244.jpg
2,004245.jpg
3,004246.jpg
6,004247.jpg
3,004248.jpg
0,004249.jpg
4,004250.jpg
5,004251.jpg
5,004252.jpg
6,004253.jpg
4,004254.jpg
3,004255.jpg
4,004256.jpg
4,004257.jpg
6,004258.jpg
3,004259.jpg
3,004260.jpg
4,004261.jpg
3,004262.jpg
6,004263.jpg
3,004264.jpg
1,004265.jpg
6,004266.jpg
4,004267.jpg
6,004268.jpg
3,004269.jpg
6,004270.jpg
0,004271.jpg
2,004272.jpg
4,004273.jpg
4,004274.jpg
3,004275.jpg
3,004276.jpg
5,004277.jpg
2,004278.jpg
6,004279.jpg
5,004280.jpg
4,004281.jpg
6,004282.jpg
5,004283.jpg
3,004284.jpg
4,004285.jpg
6,004286.jpg
0,004287.jpg
3,004288.jpg
5,004289.jpg
4,004290.jpg
5,004291.jpg
4,004292.jpg
2,004293.jpg
4,004294.jpg
3,004295.jpg
2,004296.jpg
2,004297.jpg
4,004298.jpg
3,004299.jpg
3,004300.jpg
2,004301.jpg
6,004302.jpg
3,004303.jpg
4,004304.jpg
0,004305.jpg
0,004306.jpg
6,004307.jpg
2,004308.jpg
6,004309.jpg
3,004310.jpg
4,004311.jpg
1,004312.jpg
5,004313.jpg
6,004314.jpg
4,004315.jpg
2,004316.jpg
0,004317.jpg
0,004318.jpg
2,004319.jpg
6,004320.jpg
2,004321.jpg
0,004322.jpg
3,004323.jpg
0,004324.jpg
6,004325.jpg
4,004326.jpg
3,004327.jpg
6,004328.jpg
2,004329.jpg
5,004330.jpg
3,004331.jpg
5,004332.jpg
3,004333.jpg
5,004334.jpg
2,004335.jpg
0,004336.jpg
2,004337.jpg
3,004338.jpg
6,004339.jpg
2,004340.jpg
0,004341.jpg
3,004342.jpg
3,004343.jpg
5,004344.jpg
3,004345.jpg
6,004346.jpg
5,004347.jpg
6,004348.jpg
0,004349.jpg
6,004350.jpg
2,004351.jpg
5,004352.jpg
5,004353.jpg
6,004354.jpg
2,004355.jpg
3,004356.jpg
4,004357.jpg
3,004358.jpg
4,004359.jpg
3,004360.jpg
6,004361.jpg
3,004362.jpg
3,004363.jpg
0,004364.jpg
3,004365.jpg
3,004366.jpg
2,004367.jpg
0,004368.jpg
2,004369.jpg
3,004370.jpg
3,004371.jpg
6,004372.jpg
4,004373.jpg
2,004374.jpg
5,004375.jpg
4,004376.jpg
3,004377.jpg
2,004378.jpg
4,004379.jpg
6,004380.jpg
4,004381.jpg
2,004382.jpg
6,004383.jpg
0,004384.jpg
5,004385.jpg
6,004386.jpg
6,004387.jpg
6,004388.jpg
4,004389.jpg
5,004390.jpg
3,004391.jpg
2,004392.jpg
2,004393.jpg
6,004394.jpg
4,004395.jpg
0,004396.jpg
0,004397.jpg
5,004398.jpg
3,004399.jpg
4,004400.jpg
2,004401.jpg
3,004402.jpg
2,004403.jpg
2,004404.jpg
0,004405.jpg
4,004406.jpg
5,004407.jpg
2,004408.jpg
6,004409.jpg
3,004410.jpg
2,004411.jpg
4,004412.jpg
6,004413.jpg
3,004414.jpg
4,004415.jpg
5,004416.jpg
0,004417.jpg
4,004418.jpg
4,004419.jpg
4,004420.jpg
4,004421.jpg
0,004422.jpg
2,004423.jpg
3,004424.jpg
4,004425.jpg
5,004426.jpg
2,004427.jpg
6,004428.jpg
0,004429.jpg
5,004430.jpg
5,004431.jpg
3,004432.jpg
3,004433.jpg
0,004434.jpg
0,004435.jpg
5,004436.jpg
6,004437.jpg
0,004438.jpg
4,004439.jpg
2,004440.jpg
4,004441.jpg
3,004442.jpg
6,004443.jpg
2,004444.jpg
3,004445.jpg
2,004446.jpg
4,004447.jpg
1,004448.jpg
6,004449.jpg
4,004450.jpg
3,004451.jpg
0,004452.jpg
2,004453.jpg
3,004454.jpg
3,004455.jpg
0,004456.jpg
3,004457.jpg
3,004458.jpg
0,004459.jpg
3,004460.jpg
5,004461.jpg
5,004462.jpg
6,004463.jpg
4,004464.jpg
6,004465.jpg
3,004466.jpg
3,004467.jpg
0,004468.jpg
2,004469.jpg
3,004470.jpg
2,004471.jpg
3,004472.jpg
2,004473.jpg
0,004474.jpg
0,004475.jpg
4,004476.jpg
2,004477.jpg
3,004478.jpg
3,004479.jpg
3,004480.jpg
1,004481.jpg
4,004482.jpg
3,004483.jpg
4,004484.jpg
3,004485.jpg
5,004486.jpg
3,004487.jpg
0,004488.jpg
3,004489.jpg
2,004490.jpg
0,004491.jpg
3,004492.jpg
0,004493.jpg
3,004494.jpg
5,004495.jpg
0,004496.jpg
2,004497.jpg
6,004498.jpg
6,004499.jpg
4,004500.jpg
0,004501.jpg
0,004502.jpg
0,004503.jpg
2,004504.jpg
4,004505.jpg
3,004506.jpg
2,004507.jpg
2,004508.jpg
5,004509.jpg
4,004510.jpg
5,004511.jpg
3,004512.jpg
5,004513.jpg
0,004514.jpg
4,004515.jpg
2,004516.jpg
3,004517.jpg
4,004518.jpg
6,004519.jpg
0,004520.jpg
6,004521.jpg
2,004522.jpg
2,004523.jpg
6,004524.jpg
3,004525.jpg
3,004526.jpg
2,004527.jpg
4,004528.jpg
5,004529.jpg
0,004530.jpg
2,004531.jpg
3,004532.jpg
6,004533.jpg
4,004534.jpg
6,004535.jpg
5,004536.jpg
1,004537.jpg
3,004538.jpg
2,004539.jpg
2,004540.jpg
0,004541.jpg
0,004542.jpg
0,004543.jpg
4,004544.jpg
3,004545.jpg
3,004546.jpg
2,004547.jpg
4,004548.jpg
3,004549.jpg
6,004550.jpg
6,004551.jpg
6,004552.jpg
6,004553.jpg
0,004554.jpg
4,004555.jpg
3,004556.jpg
3,004557.jpg
3,004558.jpg
3,004559.jpg
5,004560.jpg
6,004561.jpg
3,004562.jpg
6,004563.jpg
3,004564.jpg
5,004565.jpg
3,004566.jpg
3,004567.jpg
5,004568.jpg
3,004569.jpg
5,004570.jpg
5,004571.jpg
4,004572.jpg
6,004573.jpg
6,004574.jpg
4,004575.jpg
3,004576.jpg
5,004577.jpg
2,004578.jpg
0,004579.jpg
3,004580.jpg
5,004581.jpg
4,004582.jpg
5,004583.jpg
6,004584.jpg
0,004585.jpg
5,004586.jpg
1,004587.jpg
2,004588.jpg
3,004589.jpg
4,004590.jpg
6,004591.jpg
4,004592.jpg
2,004593.jpg
4,004594.jpg
5,004595.jpg
4,004596.jpg
0,004597.jpg
2,004598.jpg
6,004599.jpg
3,004600.jpg
2,004601.jpg
2,004602.jpg
4,004603.jpg
3,004604.jpg
3,004605.jpg
3,004606.jpg
3,004607.jpg
0,004608.jpg
4,004609.jpg
3,004610.jpg
4,004611.jpg
2,004612.jpg
5,004613.jpg
4,004614.jpg
4,004615.jpg
0,004616.jpg
3,004617.jpg
3,004618.jpg
2,004619.jpg
3,004620.jpg
5,004621.jpg
4,004622.jpg
3,004623.jpg
4,004624.jpg
6,004625.jpg
3,004626.jpg
2,004627.jpg
5,004628.jpg
3,004629.jpg
5,004630.jpg
0,004631.jpg
3,004632.jpg
3,004633.jpg
3,004634.jpg
3,004635.jpg
5,004636.jpg
0,004637.jpg
0,004638.jpg
3,004639.jpg
3,004640.jpg
2,004641.jpg
3,004642.jpg
3,004643.jpg
0,004644.jpg
0,004645.jpg
2,004646.jpg
4,004647.jpg
5,004648.jpg
3,004649.jpg
2,004650.jpg
0,004651.jpg
5,004652.jpg
3,004653.jpg
0,004654.jpg
2,004655.jpg
0,004656.jpg
5,004657.jpg
2,004658.jpg
4,004659.jpg
0,004660.jpg
0,004661.jpg
4,004662.jpg
3,004663.jpg
3,004664.jpg
0,004665.jpg
3,004666.jpg
4,004667.jpg
5,004668.jpg
3,004669.jpg
0,004670.jpg
6,004671.jpg
6,004672.jpg
0,004673.jpg
2,004674.jpg
2,004675.jpg
3,004676.jpg
4,004677.jpg
0,004678.jpg
5,004679.jpg
0,004680.jpg
2,004681.jpg
3,004682.jpg
0,004683.jpg
4,004684.jpg
5,004685.jpg
4,004686.jpg
5,004687.jpg
2,004688.jpg
3,004689.jpg
2,004690.jpg
6,004691.jpg
5,004692.jpg
0,004693.jpg
3,004694.jpg
2,004695.jpg
2,004696.jpg
4,004697.jpg
5,004698.jpg
6,004699.jpg
0,004700.jpg
0,004701.jpg
6,004702.jpg
4,004703.jpg
6,004704.jpg
4,004705.jpg
1,004706.jpg
0,004707.jpg
0,004708.jpg
6,004709.jpg
3,004710.jpg
6,004711.jpg
3,004712.jpg
3,004713.jpg
4,004714.jpg
3,004715.jpg
2,004716.jpg
0,004717.jpg
6,004718.jpg
3,004719.jpg
4,004720.jpg
5,004721.jpg
6,004722.jpg
2,004723.jpg
3,004724.jpg
3,004725.jpg
3,004726.jpg
0,004727.jpg
5,004728.jpg
4,004729.jpg
6,004730.jpg
0,004731.jpg
5,004732.jpg
2,004733.jpg
4,004734.jpg
6,004735.jpg
4,004736.jpg
1,004737.jpg
4,004738.jpg
5,004739.jpg
3,004740.jpg
3,004741.jpg
0,004742.jpg
3,004743.jpg
6,004744.jpg
6,004745.jpg
2,004746.jpg
5,004747.jpg
6,004748.jpg
3,004749.jpg
0,004750.jpg
0,004751.jpg
6,004752.jpg
3,004753.jpg
3,004754.jpg
2,004755.jpg
0,004756.jpg
2,004757.jpg
2,004758.jpg
5,004759.jpg
6,004760.jpg
4,004761.jpg
0,004762.jpg
2,004763.jpg
4,004764.jpg
3,004765.jpg
4,004766.jpg
0,004767.jpg
6,004768.jpg
6,004769.jpg
6,004770.jpg
4,004771.jpg
2,004772.jpg
4,004773.jpg
4,004774.jpg
3,004775.jpg
5,004776.jpg
6,004777.jpg
5,004778.jpg
3,004779.jpg
3,004780.jpg
6,004781.jpg
0,004782.jpg
2,004783.jpg
2,004784.jpg
2,004785.jpg
3,004786.jpg
6,004787.jpg
3,004788.jpg
6,004789.jpg
6,004790.jpg
3,004791.jpg
3,004792.jpg
5,004793.jpg
2,004794.jpg
4,004795.jpg
2,004796.jpg
3,004797.jpg
6,004798.jpg
6,004799.jpg
3,004800.jpg
0,004801.jpg
6,004802.jpg
3,004803.jpg
4,004804.jpg
1,004805.jpg
0,004806.jpg
0,004807.jpg
0,004808.jpg
5,004809.jpg
3,004810.jpg
4,004811.jpg
5,004812.jpg
4,004813.jpg
3,004814.jpg
5,004815.jpg
3,004816.jpg
0,004817.jpg
0,004818.jpg
2,004819.jpg
6,004820.jpg
2,004821.jpg
6,004822.jpg
0,004823.jpg
2,004824.jpg
6,004825.jpg
3,004826.jpg
3,004827.jpg
5,004828.jpg
6,004829.jpg
4,004830.jpg
3,004831.jpg
3,004832.jpg
0,004833.jpg
3,004834.jpg
0,004835.jpg
6,004836.jpg
3,004837.jpg
3,004838.jpg
3,004839.jpg
5,004840.jpg
2,004841.jpg
0,004842.jpg
5,004843.jpg
0,004844.jpg
6,004845.jpg
3,004846.jpg
0,004847.jpg
0,004848.jpg
3,004849.jpg
5,004850.jpg
4,004851.jpg
0,004852.jpg
0,004853.jpg
5,004854.jpg
4,004855.jpg
6,004856.jpg
4,004857.jpg
2,004858.jpg
3,004859.jpg
4,004860.jpg
3,004861.jpg
3,004862.jpg
0,004863.jpg
4,004864.jpg
0,004865.jpg
2,004866.jpg
6,004867.jpg
6,004868.jpg
2,004869.jpg
6,004870.jpg
2,004871.jpg
4,004872.jpg
6,004873.jpg
4,004874.jpg
3,004875.jpg
6,004876.jpg
0,004877.jpg
0,004878.jpg
3,004879.jpg
0,004880.jpg
3,004881.jpg
1,004882.jpg
6,004883.jpg
6,004884.jpg
3,004885.jpg
3,004886.jpg
3,004887.jpg
6,004888.jpg
1,004889.jpg
6,004890.jpg
2,004891.jpg
5,004892.jpg
3,004893.jpg
6,004894.jpg
5,004895.jpg
6,004896.jpg
1,004897.jpg
6,004898.jpg
5,004899.jpg
3,004900.jpg
2,004901.jpg
4,004902.jpg
6,004903.jpg
4,004904.jpg
0,004905.jpg
6,004906.jpg
0,004907.jpg
1,004908.jpg
4,004909.jpg
3,004910.jpg
2,004911.jpg
5,004912.jpg
3,004913.jpg
4,004914.jpg
5,004915.jpg
3,004916.jpg
2,004917.jpg
2,004918.jpg
6,004919.jpg
3,004920.jpg
0,004921.jpg
6,004922.jpg
6,004923.jpg
6,004924.jpg
3,004925.jpg
5,004926.jpg
3,004927.jpg
3,004928.jpg
3,004929.jpg
0,004930.jpg
3,004931.jpg
5,004932.jpg
6,004933.jpg
0,004934.jpg
6,004935.jpg
4,004936.jpg
0,004937.jpg
2,004938.jpg
0,004939.jpg
4,004940.jpg
4,004941.jpg
3,004942.jpg
2,004943.jpg
4,004944.jpg
2,004945.jpg
5,004946.jpg
5,004947.jpg
3,004948.jpg
4,004949.jpg
3,004950.jpg
4,004951.jpg
3,004952.jpg
6,004953.jpg
3,004954.jpg
0,004955.jpg
3,004956.jpg
3,004957.jpg
4,004958.jpg
3,004959.jpg
6,004960.jpg
2,004961.jpg
3,004962.jpg
0,004963.jpg
3,004964.jpg
3,004965.jpg
2,004966.jpg
3,004967.jpg
6,004968.jpg
1,004969.jpg
0,004970.jpg
2,004971.jpg
3,004972.jpg
5,004973.jpg
6,004974.jpg
2,004975.jpg
2,004976.jpg
2,004977.jpg
2,004978.jpg
2,004979.jpg
3,004980.jpg
2,004981.jpg
6,004982.jpg
3,004983.jpg
3,004984.jpg
5,004985.jpg
2,004986.jpg
4,004987.jpg
3,004988.jpg
6,004989.jpg
2,004990.jpg
5,004991.jpg
0,004992.jpg
3,004993.jpg
2,004994.jpg
3,004995.jpg
3,004996.jpg
6,004997.jpg
6,004998.jpg
3,004999.jpg
3,005000.jpg
6,005001.jpg
6,005002.jpg
5,005003.jpg
4,005004.jpg
0,005005.jpg
3,005006.jpg
3,005007.jpg
3,005008.jpg
0,005009.jpg
0,005010.jpg
3,005011.jpg
0,005012.jpg
6,005013.jpg
0,005014.jpg
6,005015.jpg
4,005016.jpg
6,005017.jpg
6,005018.jpg
5,005019.jpg
5,005020.jpg
6,005021.jpg
4,005022.jpg
2,005023.jpg
0,005024.jpg
5,005025.jpg
5,005026.jpg
4,005027.jpg
4,005028.jpg
4,005029.jpg
3,005030.jpg
3,005031.jpg
2,005032.jpg
4,005033.jpg
6,005034.jpg
5,005035.jpg
4,005036.jpg
5,005037.jpg
5,005038.jpg
0,005039.jpg
5,005040.jpg
0,005041.jpg
3,005042.jpg
3,005043.jpg
6,005044.jpg
0,005045.jpg
6,005046.jpg
3,005047.jpg
3,005048.jpg
6,005049.jpg
3,005050.jpg
6,005051.jpg
4,005052.jpg
6,005053.jpg
3,005054.jpg
4,005055.jpg
4,005056.jpg
4,005057.jpg
4,005058.jpg
0,005059.jpg
0,005060.jpg
4,005061.jpg
3,005062.jpg
3,005063.jpg
0,005064.jpg
2,005065.jpg
2,005066.jpg
0,005067.jpg
2,005068.jpg
3,005069.jpg
4,005070.jpg
4,005071.jpg
5,005072.jpg
6,005073.jpg
2,005074.jpg
6,005075.jpg
0,005076.jpg
5,005077.jpg
3,005078.jpg
4,005079.jpg
2,005080.jpg
3,005081.jpg
3,005082.jpg
4,005083.jpg
3,005084.jpg
1,005085.jpg
3,005086.jpg
6,005087.jpg
4,005088.jpg
3,005089.jpg
3,005090.jpg
5,005091.jpg
0,005092.jpg
3,005093.jpg
0,005094.jpg
3,005095.jpg
0,005096.jpg
2,005097.jpg
3,005098.jpg
6,005099.jpg
4,005100.jpg
4,005101.jpg
3,005102.jpg
3,005103.jpg
0,005104.jpg
6,005105.jpg
4,005106.jpg
4,005107.jpg
4,005108.jpg
3,005109.jpg
6,005110.jpg
4,005111.jpg
4,005112.jpg
5,005113.jpg
3,005114.jpg
4,005115.jpg
6,005116.jpg
2,005117.jpg
0,005118.jpg
6,005119.jpg
4,005120.jpg
3,005121.jpg
2,005122.jpg
4,005123.jpg
3,005124.jpg
4,005125.jpg
2,005126.jpg
3,005127.jpg
4,005128.jpg
0,005129.jpg
0,005130.jpg
2,005131.jpg
0,005132.jpg
4,005133.jpg
0,005134.jpg
3,005135.jpg
6,005136.jpg
4,005137.jpg
5,005138.jpg
6,005139.jpg
0,005140.jpg
3,005141.jpg
2,005142.jpg
6,005143.jpg
2,005144.jpg
2,005145.jpg
3,005146.jpg
4,005147.jpg
2,005148.jpg
2,005149.jpg
4,005150.jpg
2,005151.jpg
3,005152.jpg
3,005153.jpg
3,005154.jpg
3,005155.jpg
2,005156.jpg
6,005157.jpg
2,005158.jpg
2,005159.jpg
3,005160.jpg
6,005161.jpg
0,005162.jpg
3,005163.jpg
3,005164.jpg
3,005165.jpg
4,005166.jpg
3,005167.jpg
1,005168.jpg
5,005169.jpg
6,005170.jpg
3,005171.jpg
3,005172.jpg
2,005173.jpg
6,005174.jpg
2,005175.jpg
3,005176.jpg
4,005177.jpg
5,005178.jpg
3,005179.jpg
2,005180.jpg
2,005181.jpg
3,005182.jpg
4,005183.jpg
2,005184.jpg
4,005185.jpg
6,005186.jpg
0,005187.jpg
4,005188.jpg
3,005189.jpg
5,005190.jpg
0,005191.jpg
4,005192.jpg
6,005193.jpg
6,005194.jpg
2,005195.jpg
2,005196.jpg
1,005197.jpg
3,005198.jpg
2,005199.jpg
3,005200.jpg
0,005201.jpg
3,005202.jpg
1,005203.jpg
0,005204.jpg
4,005205.jpg
3,005206.jpg
6,005207.jpg
5,005208.jpg
3,005209.jpg
2,005210.jpg
5,005211.jpg
2,005212.jpg
2,005213.jpg
5,005214.jpg
3,005215.jpg
4,005216.jpg
4,005217.jpg
5,005218.jpg
6,005219.jpg
0,005220.jpg
0,005221.jpg
2,005222.jpg
2,005223.jpg
4,005224.jpg
6,005225.jpg
6,005226.jpg
6,005227.jpg
4,005228.jpg
4,005229.jpg
6,005230.jpg
6,005231.jpg
3,005232.jpg
0,005233.jpg
2,005234.jpg
2,005235.jpg
3,005236.jpg
3,005237.jpg
3,005238.jpg
3,005239.jpg
2,005240.jpg
2,005241.jpg
0,005242.jpg
5,005243.jpg
0,005244.jpg
0,005245.jpg
0,005246.jpg
5,005247.jpg
6,005248.jpg
3,005249.jpg
0,005250.jpg
5,005251.jpg
3,005252.jpg
2,005253.jpg
2,005254.jpg
6,005255.jpg
2,005256.jpg
4,005257.jpg
6,005258.jpg
0,005259.jpg
6,005260.jpg
4,005261.jpg
4,005262.jpg
2,005263.jpg
3,005264.jpg
3,005265.jpg
0,005266.jpg
6,005267.jpg
0,005268.jpg
3,005269.jpg
3,005270.jpg
3,005271.jpg
6,005272.jpg
3,005273.jpg
2,005274.jpg
6,005275.jpg
3,005276.jpg
4,005277.jpg
3,005278.jpg
3,005279.jpg
2,005280.jpg
5,005281.jpg
4,005282.jpg
2,005283.jpg
2,005284.jpg
2,005285.jpg
0,005286.jpg
0,005287.jpg
3,005288.jpg
3,005289.jpg
3,005290.jpg
4,005291.jpg
6,005292.jpg
3,005293.jpg
5,005294.jpg
0,005295.jpg
0,005296.jpg
6,005297.jpg
3,005298.jpg
4,005299.jpg
3,005300.jpg
2,005301.jpg
3,005302.jpg
3,005303.jpg
0,005304.jpg
3,005305.jpg
3,005306.jpg
0,005307.jpg
4,005308.jpg
3,005309.jpg
5,005310.jpg
2,005311.jpg
0,005312.jpg
3,005313.jpg
0,005314.jpg
2,005315.jpg
4,005316.jpg
0,005317.jpg
3,005318.jpg
2,005319.jpg
6,005320.jpg
6,005321.jpg
3,005322.jpg
6,005323.jpg
0,005324.jpg
3,005325.jpg
6,005326.jpg
2,005327.jpg
1,005328.jpg
6,005329.jpg
6,005330.jpg
6,005331.jpg
0,005332.jpg
0,005333.jpg
4,005334.jpg
1,005335.jpg
4,005336.jpg
5,005337.jpg
4,005338.jpg
3,005339.jpg
3,005340.jpg
5,005341.jpg
3,005342.jpg
5,005343.jpg
6,005344.jpg
6,005345.jpg
3,005346.jpg
3,005347.jpg
4,005348.jpg
2,005349.jpg
3,005350.jpg
3,005351.jpg
3,005352.jpg
6,005353.jpg
2,005354.jpg
4,005355.jpg
3,005356.jpg
5,005357.jpg
6,005358.jpg
2,005359.jpg
2,005360.jpg
6,005361.jpg
3,005362.jpg
0,005363.jpg
0,005364.jpg
5,005365.jpg
0,005366.jpg
6,005367.jpg
0,005368.jpg
0,005369.jpg
4,005370.jpg
3,005371.jpg
2,005372.jpg
3,005373.jpg
4,005374.jpg
5,005375.jpg
6,005376.jpg
1,005377.jpg
2,005378.jpg
3,005379.jpg
4,005380.jpg
6,005381.jpg
6,005382.jpg
4,005383.jpg
3,005384.jpg
6,005385.jpg
3,005386.jpg
0,005387.jpg
3,005388.jpg
2,005389.jpg
3,005390.jpg
4,005391.jpg
0,005392.jpg
5,005393.jpg
4,005394.jpg
6,005395.jpg
3,005396.jpg
6,005397.jpg
4,005398.jpg
0,005399.jpg
0,005400.jpg
6,005401.jpg
0,005402.jpg
0,005403.jpg
6,005404.jpg
6,005405.jpg
2,005406.jpg
6,005407.jpg
0,005408.jpg
4,005409.jpg
3,005410.jpg
6,005411.jpg
0,005412.jpg
2,005413.jpg
0,005414.jpg
2,005415.jpg
3,005416.jpg
3,005417.jpg
3,005418.jpg
5,005419.jpg
3,005420.jpg
2,005421.jpg
0,005422.jpg
3,005423.jpg
4,005424.jpg
0,005425.jpg
0,005426.jpg
4,005427.jpg
0,005428.jpg
3,005429.jpg
3,005430.jpg
4,005431.jpg
0,005432.jpg
3,005433.jpg
0,005434.jpg
4,005435.jpg
5,005436.jpg
6,005437.jpg
3,005438.jpg
0,005439.jpg
3,005440.jpg
2,005441.jpg
5,005442.jpg
2,005443.jpg
6,005444.jpg
3,005445.jpg
6,005446.jpg
6,005447.jpg
5,005448.jpg
6,005449.jpg
5,005450.jpg
3,005451.jpg
3,005452.jpg
3,005453.jpg
6,005454.jpg
3,005455.jpg
5,005456.jpg
6,005457.jpg
3,005458.jpg
0,005459.jpg
0,005460.jpg
5,005461.jpg
3,005462.jpg
5,005463.jpg
3,005464.jpg
6,005465.jpg
4,005466.jpg
3,005467.jpg
3,005468.jpg
3,005469.jpg
6,005470.jpg
6,005471.jpg
2,005472.jpg
2,005473.jpg
6,005474.jpg
4,005475.jpg
2,005476.jpg
3,005477.jpg
6,005478.jpg
6,005479.jpg
4,005480.jpg
5,005481.jpg
6,005482.jpg
2,005483.jpg
3,005484.jpg
6,005485.jpg
0,005486.jpg
5,005487.jpg
3,005488.jpg
5,005489.jpg
3,005490.jpg
3,005491.jpg
5,005492.jpg
3,005493.jpg
4,005494.jpg
0,005495.jpg
0,005496.jpg
2,005497.jpg
3,005498.jpg
6,005499.jpg
4,005500.jpg
6,005501.jpg
6,005502.jpg
4,005503.jpg
4,005504.jpg
0,005505.jpg
5,005506.jpg
3,005507.jpg
4,005508.jpg
3,005509.jpg
6,005510.jpg
3,005511.jpg
0,005512.jpg
5,005513.jpg
2,005514.jpg
4,005515.jpg
4,005516.jpg
0,005517.jpg
2,005518.jpg
0,005519.jpg
4,005520.jpg
2,005521.jpg
3,005522.jpg
3,005523.jpg
4,005524.jpg
0,005525.jpg
6,005526.jpg
6,005527.jpg
0,005528.jpg
4,005529.jpg
5,005530.jpg
0,005531.jpg
2,005532.jpg
2,005533.jpg
4,005534.jpg
0,005535.jpg
6,005536.jpg
4,005537.jpg
2,005538.jpg
2,005539.jpg
6,005540.jpg
4,005541.jpg
0,005542.jpg
3,005543.jpg
0,005544.jpg
0,005545.jpg
0,005546.jpg
3,005547.jpg
3,005548.jpg
6,005549.jpg
5,005550.jpg
2,005551.jpg
6,005552.jpg
2,005553.jpg
3,005554.jpg
3,005555.jpg
6,005556.jpg
2,005557.jpg
3,005558.jpg
0,005559.jpg
4,005560.jpg
6,005561.jpg
2,005562.jpg
5,005563.jpg
0,005564.jpg
3,005565.jpg
0,005566.jpg
2,005567.jpg
5,005568.jpg
4,005569.jpg
0,005570.jpg
3,005571.jpg
6,005572.jpg
3,005573.jpg
3,005574.jpg
2,005575.jpg
3,005576.jpg
5,005577.jpg
2,005578.jpg
6,005579.jpg
3,005580.jpg
4,005581.jpg
0,005582.jpg
0,005583.jpg
6,005584.jpg
2,005585.jpg
0,005586.jpg
0,005587.jpg
4,005588.jpg
6,005589.jpg
2,005590.jpg
6,005591.jpg
5,005592.jpg
0,005593.jpg
3,005594.jpg
5,005595.jpg
6,005596.jpg
5,005597.jpg
0,005598.jpg
6,005599.jpg
4,005600.jpg
5,005601.jpg
6,005602.jpg
0,005603.jpg
3,005604.jpg
3,005605.jpg
4,005606.jpg
0,005607.jpg
6,005608.jpg
5,005609.jpg
0,005610.jpg
6,005611.jpg
2,005612.jpg
4,005613.jpg
3,005614.jpg
0,005615.jpg
5,005616.jpg
0,005617.jpg
3,005618.jpg
2,005619.jpg
5,005620.jpg
6,005621.jpg
2,005622.jpg
5,005623.jpg
6,005624.jpg
6,005625.jpg
2,005626.jpg
2,005627.jpg
2,005628.jpg
4,005629.jpg
6,005630.jpg
0,005631.jpg
3,005632.jpg
0,005633.jpg
2,005634.jpg
2,005635.jpg
5,005636.jpg
0,005637.jpg
2,005638.jpg
2,005639.jpg
4,005640.jpg
4,005641.jpg
4,005642.jpg
6,005643.jpg
3,005644.jpg
0,005645.jpg
4,005646.jpg
3,005647.jpg
6,005648.jpg
3,005649.jpg
4,005650.jpg
6,005651.jpg
6,005652.jpg
4,005653.jpg
2,005654.jpg
0,005655.jpg
3,005656.jpg
5,005657.jpg
5,005658.jpg
0,005659.jpg
6,005660.jpg
0,005661.jpg
3,005662.jpg
4,005663.jpg
5,005664.jpg
3,005665.jpg
4,005666.jpg
1,005667.jpg
3,005668.jpg
6,005669.jpg
2,005670.jpg
3,005671.jpg
3,005672.jpg
3,005673.jpg
3,005674.jpg
6,005675.jpg
4,005676.jpg
4,005677.jpg
2,005678.jpg
0,005679.jpg
5,005680.jpg
3,005681.jpg
0,005682.jpg
2,005683.jpg
6,005684.jpg
3,005685.jpg
2,005686.jpg
6,005687.jpg
3,005688.jpg
4,005689.jpg
6,005690.jpg
3,005691.jpg
1,005692.jpg
6,005693.jpg
3,005694.jpg
6,005695.jpg
5,005696.jpg
4,005697.jpg
4,005698.jpg
6,005699.jpg
3,005700.jpg
2,005701.jpg
0,005702.jpg
5,005703.jpg
4,005704.jpg
3,005705.jpg
5,005706.jpg
3,005707.jpg
6,005708.jpg
4,005709.jpg
4,005710.jpg
0,005711.jpg
5,005712.jpg
6,005713.jpg
3,005714.jpg
6,005715.jpg
6,005716.jpg
2,005717.jpg
3,005718.jpg
3,005719.jpg
0,005720.jpg
5,005721.jpg
5,005722.jpg
5,005723.jpg
6,005724.jpg
4,005725.jpg
4,005726.jpg
2,005727.jpg
5,005728.jpg
3,005729.jpg
3,005730.jpg
2,005731.jpg
0,005732.jpg
4,005733.jpg
6,005734.jpg
3,005735.jpg
2,005736.jpg
0,005737.jpg
3,005738.jpg
0,005739.jpg
0,005740.jpg
4,005741.jpg
2,005742.jpg
3,005743.jpg
4,005744.jpg
6,005745.jpg
5,005746.jpg
0,005747.jpg
6,005748.jpg
6,005749.jpg
0,005750.jpg
5,005751.jpg
2,005752.jpg
3,005753.jpg
6,005754.jpg
4,005755.jpg
3,005756.jpg
2,005757.jpg
3,005758.jpg
2,005759.jpg
5,005760.jpg
0,005761.jpg
4,005762.jpg
0,005763.jpg
3,005764.jpg
4,005765.jpg
3,005766.jpg
4,005767.jpg
4,005768.jpg
3,005769.jpg
3,005770.jpg
5,005771.jpg
4,005772.jpg
3,005773.jpg
3,005774.jpg
6,005775.jpg
4,005776.jpg
3,005777.jpg
5,005778.jpg
3,005779.jpg
0,005780.jpg
3,005781.jpg
2,005782.jpg
3,005783.jpg
6,005784.jpg
1,005785.jpg
3,005786.jpg
4,005787.jpg
3,005788.jpg
4,005789.jpg
2,005790.jpg
0,005791.jpg
6,005792.jpg
4,005793.jpg
4,005794.jpg
5,005795.jpg
3,005796.jpg
3,005797.jpg
4,005798.jpg
4,005799.jpg
3,005800.jpg
2,005801.jpg
2,005802.jpg
2,005803.jpg
3,005804.jpg
4,005805.jpg
3,005806.jpg
3,005807.jpg
3,005808.jpg
2,005809.jpg
0,005810.jpg
6,005811.jpg
3,005812.jpg
6,005813.jpg
4,005814.jpg
2,005815.jpg
3,005816.jpg
6,005817.jpg
6,005818.jpg
3,005819.jpg
3,005820.jpg
3,005821.jpg
0,005822.jpg
3,005823.jpg
3,005824.jpg
4,005825.jpg
2,005826.jpg
2,005827.jpg
2,005828.jpg
0,005829.jpg
1,005830.jpg
6,005831.jpg
0,005832.jpg
3,005833.jpg
4,005834.jpg
3,005835.jpg
4,005836.jpg
4,005837.jpg
5,005838.jpg
4,005839.jpg
3,005840.jpg
4,005841.jpg
5,005842.jpg
2,005843.jpg
6,005844.jpg
3,005845.jpg
3,005846.jpg
4,005847.jpg
0,005848.jpg
6,005849.jpg
0,005850.jpg
6,005851.jpg
3,005852.jpg
6,005853.jpg
6,005854.jpg
5,005855.jpg
2,005856.jpg
3,005857.jpg
2,005858.jpg
0,005859.jpg
4,005860.jpg
2,005861.jpg
4,005862.jpg
0,005863.jpg
6,005864.jpg
6,005865.jpg
5,005866.jpg
2,005867.jpg
3,005868.jpg
6,005869.jpg
5,005870.jpg
2,005871.jpg
2,005872.jpg
6,005873.jpg
3,005874.jpg
3,005875.jpg
4,005876.jpg
6,005877.jpg
3,005878.jpg
6,005879.jpg
5,005880.jpg
5,005881.jpg
4,005882.jpg
0,005883.jpg
6,005884.jpg
6,005885.jpg
6,005886.jpg
6,005887.jpg
0,005888.jpg
4,005889.jpg
6,005890.jpg
3,005891.jpg
4,005892.jpg
5,005893.jpg
4,005894.jpg
6,005895.jpg
0,005896.jpg
6,005897.jpg
3,005898.jpg
4,005899.jpg
4,005900.jpg
0,005901.jpg
0,005902.jpg
4,005903.jpg
3,005904.jpg
5,005905.jpg
6,005906.jpg
0,005907.jpg
4,005908.jpg
3,005909.jpg
4,005910.jpg
2,005911.jpg
6,005912.jpg
3,005913.jpg
5,005914.jpg
2,005915.jpg
6,005916.jpg
3,005917.jpg
4,005918.jpg
3,005919.jpg
6,005920.jpg
3,005921.jpg
4,005922.jpg
3,005923.jpg
3,005924.jpg
0,005925.jpg
3,005926.jpg
6,005927.jpg
2,005928.jpg
2,005929.jpg
4,005930.jpg
6,005931.jpg
5,005932.jpg
0,005933.jpg
0,005934.jpg
4,005935.jpg
4,005936.jpg
0,005937.jpg
5,005938.jpg
0,005939.jpg
3,005940.jpg
5,005941.jpg
3,005942.jpg
5,005943.jpg
2,005944.jpg
6,005945.jpg
3,005946.jpg
0,005947.jpg
5,005948.jpg
5,005949.jpg
3,005950.jpg
5,005951.jpg
0,005952.jpg
6,005953.jpg
3,005954.jpg
4,005955.jpg
0,005956.jpg
2,005957.jpg
1,005958.jpg
2,005959.jpg
3,005960.jpg
2,005961.jpg
0,005962.jpg
3,005963.jpg
1,005964.jpg
6,005965.jpg
4,005966.jpg
0,005967.jpg
3,005968.jpg
3,005969.jpg
4,005970.jpg
6,005971.jpg
3,005972.jpg
6,005973.jpg
2,005974.jpg
4,005975.jpg
6,005976.jpg
3,005977.jpg
4,005978.jpg
4,005979.jpg
6,005980.jpg
5,005981.jpg
3,005982.jpg
6,005983.jpg
6,005984.jpg
4,005985.jpg
6,005986.jpg
2,005987.jpg
3,005988.jpg
2,005989.jpg
4,005990.jpg
3,005991.jpg
2,005992.jpg
6,005993.jpg
4,005994.jpg
4,005995.jpg
4,005996.jpg
5,005997.jpg
6,005998.jpg
2,005999.jpg
4,006000.jpg
3,006001.jpg
0,006002.jpg
2,006003.jpg
3,006004.jpg
2,006005.jpg
4,006006.jpg
4,006007.jpg
3,006008.jpg
0,006009.jpg
3,006010.jpg
4,006011.jpg
3,006012.jpg
5,006013.jpg
5,006014.jpg
3,006015.jpg
6,006016.jpg
0,006017.jpg
6,006018.jpg
5,006019.jpg
5,006020.jpg
0,006021.jpg
4,006022.jpg
0,006023.jpg
0,006024.jpg
4,006025.jpg
2,006026.jpg
6,006027.jpg
4,006028.jpg
3,006029.jpg
2,006030.jpg
2,006031.jpg
5,006032.jpg
4,006033.jpg
6,006034.jpg
2,006035.jpg
4,006036.jpg
2,006037.jpg
6,006038.jpg
4,006039.jpg
6,006040.jpg
5,006041.jpg
3,006042.jpg
3,006043.jpg
3,006044.jpg
3,006045.jpg
5,006046.jpg
4,006047.jpg
3,006048.jpg
4,006049.jpg
5,006050.jpg
3,006051.jpg
3,006052.jpg
2,006053.jpg
2,006054.jpg
0,006055.jpg
6,006056.jpg
5,006057.jpg
5,006058.jpg
2,006059.jpg
2,006060.jpg
4,006061.jpg
2,006062.jpg
4,006063.jpg
2,006064.jpg
6,006065.jpg
2,006066.jpg
4,006067.jpg
4,006068.jpg
6,006069.jpg
4,006070.jpg
2,006071.jpg
2,006072.jpg
4,006073.jpg
4,006074.jpg
0,006075.jpg
3,006076.jpg
3,006077.jpg
6,006078.jpg
2,006079.jpg
3,006080.jpg
3,006081.jpg
0,006082.jpg
4,006083.jpg
4,006084.jpg
4,006085.jpg
5,006086.jpg
4,006087.jpg
0,006088.jpg
3,006089.jpg
0,006090.jpg
2,006091.jpg
0,006092.jpg
6,006093.jpg
4,006094.jpg
3,006095.jpg
5,006096.jpg
2,006097.jpg
3,006098.jpg
3,006099.jpg
5,006100.jpg
0,006101.jpg
6,006102.jpg
6,006103.jpg
2,006104.jpg
0,006105.jpg
2,006106.jpg
0,006107.jpg
3,006108.jpg
4,006109.jpg
3,006110.jpg
2,006111.jpg
3,006112.jpg
2,006113.jpg
2,006114.jpg
0,006115.jpg
4,006116.jpg
3,006117.jpg
5,006118.jpg
0,006119.jpg
2,006120.jpg
0,006121.jpg
0,006122.jpg
3,006123.jpg
3,006124.jpg
3,006125.jpg
3,006126.jpg
3,006127.jpg
4,006128.jpg
0,006129.jpg
0,006130.jpg
0,006131.jpg
3,006132.jpg
5,006133.jpg
0,006134.jpg
3,006135.jpg
3,006136.jpg
4,006137.jpg
3,006138.jpg
5,006139.jpg
2,006140.jpg
3,006141.jpg
4,006142.jpg
6,006143.jpg
2,006144.jpg
1,006145.jpg
2,006146.jpg
4,006147.jpg
6,006148.jpg
4,006149.jpg
3,006150.jpg
4,006151.jpg
2,006152.jpg
2,006153.jpg
5,006154.jpg
0,006155.jpg
6,006156.jpg
3,006157.jpg
6,006158.jpg
4,006159.jpg
5,006160.jpg
2,006161.jpg
4,006162.jpg
2,006163.jpg
5,006164.jpg
4,006165.jpg
6,006166.jpg
5,006167.jpg
0,006168.jpg
3,006169.jpg
4,006170.jpg
0,006171.jpg
4,006172.jpg
4,006173.jpg
6,006174.jpg
3,006175.jpg
2,006176.jpg
1,006177.jpg
6,006178.jpg
2,006179.jpg
6,006180.jpg
3,006181.jpg
5,006182.jpg
3,006183.jpg
5,006184.jpg
4,006185.jpg
3,006186.jpg
4,006187.jpg
4,006188.jpg
3,006189.jpg
2,006190.jpg
3,006191.jpg
6,006192.jpg
6,006193.jpg
2,006194.jpg
6,006195.jpg
6,006196.jpg
3,006197.jpg
3,006198.jpg
5,006199.jpg
3,006200.jpg
0,006201.jpg
4,006202.jpg
6,006203.jpg
3,006204.jpg
6,006205.jpg
3,006206.jpg
4,006207.jpg
0,006208.jpg
3,006209.jpg
4,006210.jpg
3,006211.jpg
4,006212.jpg
6,006213.jpg
2,006214.jpg
4,006215.jpg
5,006216.jpg
3,006217.jpg
3,006218.jpg
5,006219.jpg
3,006220.jpg
6,006221.jpg
4,006222.jpg
0,006223.jpg
5,006224.jpg
0,006225.jpg
2,006226.jpg
2,006227.jpg
0,006228.jpg
1,006229.jpg
3,006230.jpg
1,006231.jpg
0,006232.jpg
5,006233.jpg
6,006234.jpg
0,006235.jpg
6,006236.jpg
3,006237.jpg
6,006238.jpg
5,006239.jpg
5,006240.jpg
4,006241.jpg
3,006242.jpg
6,006243.jpg
0,006244.jpg
4,006245.jpg
3,006246.jpg
5,006247.jpg
2,006248.jpg
4,006249.jpg
5,006250.jpg
3,006251.jpg
4,006252.jpg
3,006253.jpg
2,006254.jpg
6,006255.jpg
3,006256.jpg
5,006257.jpg
5,006258.jpg
0,006259.jpg
3,006260.jpg
3,006261.jpg
3,006262.jpg
2,006263.jpg
4,006264.jpg
4,006265.jpg
6,006266.jpg
5,006267.jpg
3,006268.jpg
5,006269.jpg
0,006270.jpg
3,006271.jpg
3,006272.jpg
5,006273.jpg
0,006274.jpg
5,006275.jpg
5,006276.jpg
6,006277.jpg
0,006278.jpg
3,006279.jpg
3,006280.jpg
3,006281.jpg
0,006282.jpg
0,006283.jpg
3,006284.jpg
3,006285.jpg
0,006286.jpg
3,006287.jpg
5,006288.jpg
6,006289.jpg
3,006290.jpg
2,006291.jpg
3,006292.jpg
0,006293.jpg
0,006294.jpg
3,006295.jpg
6,006296.jpg
6,006297.jpg
2,006298.jpg
0,006299.jpg
3,006300.jpg
2,006301.jpg
3,006302.jpg
3,006303.jpg
4,006304.jpg
3,006305.jpg
5,006306.jpg
4,006307.jpg
3,006308.jpg
5,006309.jpg
3,006310.jpg
2,006311.jpg
4,006312.jpg
3,006313.jpg
0,006314.jpg
6,006315.jpg
0,006316.jpg
0,006317.jpg
5,006318.jpg
0,006319.jpg
3,006320.jpg
0,006321.jpg
5,006322.jpg
2,006323.jpg
4,006324.jpg
6,006325.jpg
6,006326.jpg
3,006327.jpg
5,006328.jpg
3,006329.jpg
4,006330.jpg
1,006331.jpg
4,006332.jpg
3,006333.jpg
3,006334.jpg
6,006335.jpg
3,006336.jpg
3,006337.jpg
3,006338.jpg
0,006339.jpg
6,006340.jpg
2,006341.jpg
1,006342.jpg
6,006343.jpg
3,006344.jpg
2,006345.jpg
2,006346.jpg
0,006347.jpg
6,006348.jpg
3,006349.jpg
3,006350.jpg
6,006351.jpg
3,006352.jpg
4,006353.jpg
4,006354.jpg
0,006355.jpg
2,006356.jpg
5,006357.jpg
3,006358.jpg
5,006359.jpg
5,006360.jpg
2,006361.jpg
3,006362.jpg
3,006363.jpg
0,006364.jpg
0,006365.jpg
2,006366.jpg
3,006367.jpg
3,006368.jpg
4,006369.jpg
3,006370.jpg
0,006371.jpg
3,006372.jpg
2,006373.jpg
4,006374.jpg
0,006375.jpg
4,006376.jpg
3,006377.jpg
3,006378.jpg
3,006379.jpg
3,006380.jpg
6,006381.jpg
3,006382.jpg
2,006383.jpg
5,006384.jpg
6,006385.jpg
3,006386.jpg
5,006387.jpg
6,006388.jpg
2,006389.jpg
0,006390.jpg
4,006391.jpg
3,006392.jpg
2,006393.jpg
3,006394.jpg
6,006395.jpg
2,006396.jpg
6,006397.jpg
6,006398.jpg
2,006399.jpg
4,006400.jpg
3,006401.jpg
6,006402.jpg
3,006403.jpg
0,006404.jpg
6,006405.jpg
3,006406.jpg
3,006407.jpg
2,006408.jpg
0,006409.jpg
5,006410.jpg
5,006411.jpg
6,006412.jpg
0,006413.jpg
3,006414.jpg
5,006415.jpg
3,006416.jpg
5,006417.jpg
3,006418.jpg
5,006419.jpg
0,006420.jpg
2,006421.jpg
1,006422.jpg
6,006423.jpg
0,006424.jpg
5,006425.jpg
0,006426.jpg
5,006427.jpg
0,006428.jpg
2,006429.jpg
3,006430.jpg
2,006431.jpg
3,006432.jpg
2,006433.jpg
4,006434.jpg
2,006435.jpg
3,006436.jpg
3,006437.jpg
2,006438.jpg
5,006439.jpg
4,006440.jpg
5,006441.jpg
0,006442.jpg
6,006443.jpg
3,006444.jpg
4,006445.jpg
6,006446.jpg
5,006447.jpg
4,006448.jpg
4,006449.jpg
3,006450.jpg
5,006451.jpg
2,006452.jpg
6,006453.jpg
1,006454.jpg
3,006455.jpg
6,006456.jpg
3,006457.jpg
0,006458.jpg
4,006459.jpg
4,006460.jpg
2,006461.jpg
2,006462.jpg
6,006463.jpg
4,006464.jpg
2,006465.jpg
3,006466.jpg
4,006467.jpg
3,006468.jpg
2,006469.jpg
2,006470.jpg
0,006471.jpg
3,006472.jpg
3,006473.jpg
4,006474.jpg
3,006475.jpg
6,006476.jpg
3,006477.jpg
4,006478.jpg
0,006479.jpg
6,006480.jpg
4,006481.jpg
2,006482.jpg
5,006483.jpg
0,006484.jpg
4,006485.jpg
5,006486.jpg
3,006487.jpg
1,006488.jpg
3,006489.jpg
0,006490.jpg
0,006491.jpg
4,006492.jpg
0,006493.jpg
4,006494.jpg
2,006495.jpg
2,006496.jpg
5,006497.jpg
0,006498.jpg
6,006499.jpg
3,006500.jpg
0,006501.jpg
6,006502.jpg
6,006503.jpg
4,006504.jpg
3,006505.jpg
2,006506.jpg
3,006507.jpg
5,006508.jpg
2,006509.jpg
2,006510.jpg
2,006511.jpg
0,006512.jpg
5,006513.jpg
4,006514.jpg
2,006515.jpg
0,006516.jpg
2,006517.jpg
5,006518.jpg
0,006519.jpg
0,006520.jpg
4,006521.jpg
3,006522.jpg
6,006523.jpg
2,006524.jpg
3,006525.jpg
3,006526.jpg
6,006527.jpg
6,006528.jpg
4,006529.jpg
0,006530.jpg
0,006531.jpg
3,006532.jpg
5,006533.jpg
3,006534.jpg
3,006535.jpg
2,006536.jpg
5,006537.jpg
5,006538.jpg
4,006539.jpg
6,006540.jpg
4,006541.jpg
4,006542.jpg
2,006543.jpg
4,006544.jpg
6,006545.jpg
3,006546.jpg
0,006547.jpg
1,006548.jpg
4,006549.jpg
4,006550.jpg
4,006551.jpg
6,006552.jpg
3,006553.jpg
6,006554.jpg
0,006555.jpg
0,006556.jpg
4,006557.jpg
2,006558.jpg
5,006559.jpg
3,006560.jpg
0,006561.jpg
1,006562.jpg
4,006563.jpg
5,006564.jpg
5,006565.jpg
0,006566.jpg
5,006567.jpg
2,006568.jpg
2,006569.jpg
2,006570.jpg
4,006571.jpg
5,006572.jpg
0,006573.jpg
4,006574.jpg
0,006575.jpg
0,006576.jpg
3,006577.jpg
3,006578.jpg
3,006579.jpg
0,006580.jpg
0,006581.jpg
6,006582.jpg
2,006583.jpg
0,006584.jpg
6,006585.jpg
3,006586.jpg
6,006587.jpg
5,006588.jpg
0,006589.jpg
6,006590.jpg
2,006591.jpg
3,006592.jpg
6,006593.jpg
5,006594.jpg
5,006595.jpg
6,006596.jpg
3,006597.jpg
5,006598.jpg
6,006599.jpg
3,006600.jpg
5,006601.jpg
6,006602.jpg
3,006603.jpg
3,006604.jpg
3,006605.jpg
5,006606.jpg
3,006607.jpg
2,006608.jpg
3,006609.jpg
3,006610.jpg
3,006611.jpg
5,006612.jpg
6,006613.jpg
3,006614.jpg
4,006615.jpg
3,006616.jpg
3,006617.jpg
0,006618.jpg
3,006619.jpg
0,006620.jpg
0,006621.jpg
2,006622.jpg
2,006623.jpg
4,006624.jpg
3,006625.jpg
4,006626.jpg
2,006627.jpg
4,006628.jpg
0,006629.jpg
6,006630.jpg
2,006631.jpg
0,006632.jpg
2,006633.jpg
3,006634.jpg
6,006635.jpg
6,006636.jpg
4,006637.jpg
1,006638.jpg
2,006639.jpg
4,006640.jpg
6,006641.jpg
0,006642.jpg
3,006643.jpg
4,006644.jpg
4,006645.jpg
4,006646.jpg
5,006647.jpg
6,006648.jpg
2,006649.jpg
2,006650.jpg
4,006651.jpg
0,006652.jpg
5,006653.jpg
5,006654.jpg
5,006655.jpg
4,006656.jpg
4,006657.jpg
2,006658.jpg
4,006659.jpg
4,006660.jpg
6,006661.jpg
4,006662.jpg
3,006663.jpg
6,006664.jpg
2,006665.jpg
3,006666.jpg
2,006667.jpg
2,006668.jpg
2,006669.jpg
5,006670.jpg
4,006671.jpg
0,006672.jpg
4,006673.jpg
0,006674.jpg
4,006675.jpg
5,006676.jpg
3,006677.jpg
2,006678.jpg
6,006679.jpg
2,006680.jpg
2,006681.jpg
6,006682.jpg
6,006683.jpg
6,006684.jpg
5,006685.jpg
3,006686.jpg
0,006687.jpg
6,006688.jpg
3,006689.jpg
3,006690.jpg
3,006691.jpg
6,006692.jpg
2,006693.jpg
0,006694.jpg
3,006695.jpg
4,006696.jpg
0,006697.jpg
5,006698.jpg
4,006699.jpg
3,006700.jpg
0,006701.jpg
0,006702.jpg
3,006703.jpg
4,006704.jpg
6,006705.jpg
4,006706.jpg
5,006707.jpg
3,006708.jpg
6,006709.jpg
6,006710.jpg
5,006711.jpg
5,006712.jpg
3,006713.jpg
5,006714.jpg
3,006715.jpg
5,006716.jpg
3,006717.jpg
6,006718.jpg
4,006719.jpg
4,006720.jpg
4,006721.jpg
3,006722.jpg
4,006723.jpg
5,006724.jpg
3,006725.jpg
0,006726.jpg
6,006727.jpg
2,006728.jpg
2,006729.jpg
2,006730.jpg
0,006731.jpg
2,006732.jpg
4,006733.jpg
4,006734.jpg
4,006735.jpg
4,006736.jpg
4,006737.jpg
0,006738.jpg
0,006739.jpg
3,006740.jpg
6,006741.jpg
5,006742.jpg
6,006743.jpg
3,006744.jpg
0,006745.jpg
5,006746.jpg
2,006747.jpg
4,006748.jpg
2,006749.jpg
4,006750.jpg
5,006751.jpg
0,006752.jpg
2,006753.jpg
5,006754.jpg
4,006755.jpg
3,006756.jpg
6,006757.jpg
5,006758.jpg
3,006759.jpg
4,006760.jpg
4,006761.jpg
4,006762.jpg
3,006763.jpg
3,006764.jpg
0,006765.jpg
0,006766.jpg
5,006767.jpg
2,006768.jpg
6,006769.jpg
4,006770.jpg
4,006771.jpg
6,006772.jpg
5,006773.jpg
2,006774.jpg
4,006775.jpg
3,006776.jpg
2,006777.jpg
4,006778.jpg
3,006779.jpg
1,006780.jpg
3,006781.jpg
4,006782.jpg
3,006783.jpg
3,006784.jpg
6,006785.jpg
4,006786.jpg
3,006787.jpg
4,006788.jpg
0,006789.jpg
6,006790.jpg
5,006791.jpg
3,006792.jpg
3,006793.jpg
4,006794.jpg
3,006795.jpg
5,006796.jpg
5,006797.jpg
4,006798.jpg
5,006799.jpg
6,006800.jpg
2,006801.jpg
2,006802.jpg
2,006803.jpg
3,006804.jpg
6,006805.jpg
6,006806.jpg
4,006807.jpg
2,006808.jpg
0,006809.jpg
6,006810.jpg
3,006811.jpg
0,006812.jpg
6,006813.jpg
2,006814.jpg
3,006815.jpg
4,006816.jpg
4,006817.jpg
3,006818.jpg
2,006819.jpg
2,006820.jpg
2,006821.jpg
2,006822.jpg
3,006823.jpg
4,006824.jpg
6,006825.jpg
6,006826.jpg
4,006827.jpg
2,006828.jpg
3,006829.jpg
2,006830.jpg
3,006831.jpg
4,006832.jpg
4,006833.jpg
5,006834.jpg
3,006835.jpg
6,006836.jpg
5,006837.jpg
6,006838.jpg
3,006839.jpg
2,006840.jpg
3,006841.jpg
6,006842.jpg
3,006843.jpg
3,006844.jpg
2,006845.jpg
2,006846.jpg
5,006847.jpg
2,006848.jpg
3,006849.jpg
2,006850.jpg
4,006851.jpg
2,006852.jpg
0,006853.jpg
2,006854.jpg
3,006855.jpg
4,006856.jpg
6,006857.jpg
4,006858.jpg
6,006859.jpg
4,006860.jpg
4,006861.jpg
6,006862.jpg
2,006863.jpg
3,006864.jpg
3,006865.jpg
4,006866.jpg
1,006867.jpg
4,006868.jpg
6,006869.jpg
2,006870.jpg
4,006871.jpg
3,006872.jpg
6,006873.jpg
2,006874.jpg
3,006875.jpg
2,006876.jpg
5,006877.jpg
1,006878.jpg
3,006879.jpg
3,006880.jpg
2,006881.jpg
3,006882.jpg
2,006883.jpg
4,006884.jpg
3,006885.jpg
4,006886.jpg
5,006887.jpg
6,006888.jpg
0,006889.jpg
0,006890.jpg
6,006891.jpg
6,006892.jpg
2,006893.jpg
3,006894.jpg
3,006895.jpg
4,006896.jpg
4,006897.jpg
0,006898.jpg
3,006899.jpg
2,006900.jpg
4,006901.jpg
2,006902.jpg
6,006903.jpg
4,006904.jpg
3,006905.jpg
3,006906.jpg
0,006907.jpg
3,006908.jpg
2,006909.jpg
2,006910.jpg
6,006911.jpg
0,006912.jpg
4,006913.jpg
3,006914.jpg
4,006915.jpg
3,006916.jpg
3,006917.jpg
0,006918.jpg
0,006919.jpg
6,006920.jpg
4,006921.jpg
4,006922.jpg
0,006923.jpg
6,006924.jpg
6,006925.jpg
1,006926.jpg
0,006927.jpg
3,006928.jpg
0,006929.jpg
4,006930.jpg
4,006931.jpg
6,006932.jpg
3,006933.jpg
6,006934.jpg
3,006935.jpg
5,006936.jpg
4,006937.jpg
2,006938.jpg
4,006939.jpg
0,006940.jpg
3,006941.jpg
5,006942.jpg
2,006943.jpg
0,006944.jpg
5,006945.jpg
2,006946.jpg
3,006947.jpg
0,006948.jpg
6,006949.jpg
6,006950.jpg
3,006951.jpg
0,006952.jpg
6,006953.jpg
4,006954.jpg
0,006955.jpg
6,006956.jpg
4,006957.jpg
4,006958.jpg
0,006959.jpg
4,006960.jpg
3,006961.jpg
2,006962.jpg
5,006963.jpg
4,006964.jpg
0,006965.jpg
5,006966.jpg
6,006967.jpg
4,006968.jpg
6,006969.jpg
4,006970.jpg
6,006971.jpg
6,006972.jpg
2,006973.jpg
6,006974.jpg
3,006975.jpg
3,006976.jpg
3,006977.jpg
4,006978.jpg
3,006979.jpg
2,006980.jpg
6,006981.jpg
3,006982.jpg
6,006983.jpg
4,006984.jpg
3,006985.jpg
3,006986.jpg
2,006987.jpg
2,006988.jpg
3,006989.jpg
3,006990.jpg
2,006991.jpg
4,006992.jpg
3,006993.jpg
4,006994.jpg
5,006995.jpg
5,006996.jpg
3,006997.jpg
6,006998.jpg
3,006999.jpg
4,007000.jpg
4,007001.jpg
5,007002.jpg
4,007003.jpg
0,007004.jpg
4,007005.jpg
3,007006.jpg
0,007007.jpg
6,007008.jpg
6,007009.jpg
4,007010.jpg
0,007011.jpg
3,007012.jpg
3,007013.jpg
3,007014.jpg
0,007015.jpg
3,007016.jpg
3,007017.jpg
4,007018.jpg
0,007019.jpg
3,007020.jpg
4,007021.jpg
3,007022.jpg
5,007023.jpg
5,007024.jpg
5,007025.jpg
3,007026.jpg
2,007027.jpg
3,007028.jpg
3,007029.jpg
4,007030.jpg
2,007031.jpg
5,007032.jpg
2,007033.jpg
5,007034.jpg
3,007035.jpg
3,007036.jpg
4,007037.jpg
2,007038.jpg
4,007039.jpg
5,007040.jpg
6,007041.jpg
5,007042.jpg
6,007043.jpg
4,007044.jpg
3,007045.jpg
0,007046.jpg
6,007047.jpg
2,007048.jpg
1,007049.jpg
3,007050.jpg
2,007051.jpg
3,007052.jpg
4,007053.jpg
6,007054.jpg
6,007055.jpg
0,007056.jpg
0,007057.jpg
4,007058.jpg
3,007059.jpg
5,007060.jpg
2,007061.jpg
3,007062.jpg
2,007063.jpg
6,007064.jpg
3,007065.jpg
0,007066.jpg
2,007067.jpg
1,007068.jpg
5,007069.jpg
6,007070.jpg
4,007071.jpg
6,007072.jpg
5,007073.jpg
2,007074.jpg
5,007075.jpg
5,007076.jpg
6,007077.jpg
3,007078.jpg
2,007079.jpg
3,007080.jpg
4,007081.jpg
0,007082.jpg
0,007083.jpg
4,007084.jpg
4,007085.jpg
0,007086.jpg
2,007087.jpg
0,007088.jpg
5,007089.jpg
0,007090.jpg
4,007091.jpg
6,007092.jpg
0,007093.jpg
6,007094.jpg
4,007095.jpg
0,007096.jpg
5,007097.jpg
0,007098.jpg
6,007099.jpg
3,007100.jpg
5,007101.jpg
2,007102.jpg
0,007103.jpg
0,007104.jpg
4,007105.jpg
6,007106.jpg
6,007107.jpg
1,007108.jpg
4,007109.jpg
6,007110.jpg
2,007111.jpg
3,007112.jpg
2,007113.jpg
3,007114.jpg
4,007115.jpg
3,007116.jpg
2,007117.jpg
6,007118.jpg
4,007119.jpg
3,007120.jpg
4,007121.jpg
4,007122.jpg
3,007123.jpg
5,007124.jpg
2,007125.jpg
4,007126.jpg
6,007127.jpg
6,007128.jpg
2,007129.jpg
3,007130.jpg
6,007131.jpg
6,007132.jpg
5,007133.jpg
0,007134.jpg
3,007135.jpg
0,007136.jpg
6,007137.jpg
3,007138.jpg
5,007139.jpg
2,007140.jpg
3,007141.jpg
0,007142.jpg
1,007143.jpg
2,007144.jpg
6,007145.jpg
2,007146.jpg
3,007147.jpg
3,007148.jpg
6,007149.jpg
2,007150.jpg
4,007151.jpg
3,007152.jpg
5,007153.jpg
3,007154.jpg
6,007155.jpg
6,007156.jpg
4,007157.jpg
2,007158.jpg
3,007159.jpg
2,007160.jpg
3,007161.jpg
3,007162.jpg
4,007163.jpg
5,007164.jpg
4,007165.jpg
3,007166.jpg
0,007167.jpg
4,007168.jpg
6,007169.jpg
3,007170.jpg
3,007171.jpg
3,007172.jpg
4,007173.jpg
0,007174.jpg
3,007175.jpg
2,007176.jpg
0,007177.jpg
3,007178.jpg
4,007179.jpg
0,007180.jpg
3,007181.jpg
2,007182.jpg
3,007183.jpg
0,007184.jpg
3,007185.jpg
3,007186.jpg
0,007187.jpg
3,007188.jpg
2,007189.jpg
3,007190.jpg
3,007191.jpg
1,007192.jpg
5,007193.jpg
2,007194.jpg
4,007195.jpg
3,007196.jpg
0,007197.jpg
6,007198.jpg
0,007199.jpg
3,007200.jpg
3,007201.jpg
0,007202.jpg
5,007203.jpg
5,007204.jpg
6,007205.jpg
3,007206.jpg
4,007207.jpg
4,007208.jpg
3,007209.jpg
3,007210.jpg
5,007211.jpg
4,007212.jpg
2,007213.jpg
6,007214.jpg
3,007215.jpg
0,007216.jpg
3,007217.jpg
3,007218.jpg
0,007219.jpg
6,007220.jpg
5,007221.jpg
0,007222.jpg
3,007223.jpg
2,007224.jpg
4,007225.jpg
3,007226.jpg
6,007227.jpg
4,007228.jpg
6,007229.jpg
2,007230.jpg
3,007231.jpg
4,007232.jpg
4,007233.jpg
3,007234.jpg
2,007235.jpg
2,007236.jpg
4,007237.jpg
0,007238.jpg
6,007239.jpg
4,007240.jpg
0,007241.jpg
3,007242.jpg
2,007243.jpg
3,007244.jpg
3,007245.jpg
6,007246.jpg
0,007247.jpg
0,007248.jpg
4,007249.jpg
5,007250.jpg
3,007251.jpg
4,007252.jpg
4,007253.jpg
6,007254.jpg
2,007255.jpg
5,007256.jpg
0,007257.jpg
6,007258.jpg
0,007259.jpg
3,007260.jpg
0,007261.jpg
0,007262.jpg
3,007263.jpg
4,007264.jpg
3,007265.jpg
3,007266.jpg
0,007267.jpg
4,007268.jpg
4,007269.jpg
2,007270.jpg
2,007271.jpg
3,007272.jpg
6,007273.jpg
6,007274.jpg
4,007275.jpg
6,007276.jpg
3,007277.jpg
6,007278.jpg
3,007279.jpg
3,007280.jpg
0,007281.jpg
4,007282.jpg
3,007283.jpg
0,007284.jpg
2,007285.jpg
5,007286.jpg
4,007287.jpg
4,007288.jpg
2,007289.jpg
3,007290.jpg
0,007291.jpg
3,007292.jpg
5,007293.jpg
6,007294.jpg
3,007295.jpg
0,007296.jpg
6,007297.jpg
3,007298.jpg
3,007299.jpg
0,007300.jpg
4,007301.jpg
2,007302.jpg
0,007303.jpg
6,007304.jpg
2,007305.jpg
4,007306.jpg
3,007307.jpg
2,007308.jpg
5,007309.jpg
4,007310.jpg
3,007311.jpg
6,007312.jpg
1,007313.jpg
4,007314.jpg
5,007315.jpg
6,007316.jpg
4,007317.jpg
5,007318.jpg
6,007319.jpg
3,007320.jpg
4,007321.jpg
0,007322.jpg
0,007323.jpg
6,007324.jpg
0,007325.jpg
6,007326.jpg
2,007327.jpg
0,007328.jpg
3,007329.jpg
3,007330.jpg
4,007331.jpg
3,007332.jpg
3,007333.jpg
3,007334.jpg
3,007335.jpg
2,007336.jpg
4,007337.jpg
2,007338.jpg
4,007339.jpg
2,007340.jpg
0,007341.jpg
2,007342.jpg
3,007343.jpg
6,007344.jpg
3,007345.jpg
0,007346.jpg
5,007347.jpg
6,007348.jpg
2,007349.jpg
2,007350.jpg
0,007351.jpg
5,007352.jpg
2,007353.jpg
2,007354.jpg
4,007355.jpg
3,007356.jpg
3,007357.jpg
0,007358.jpg
4,007359.jpg
0,007360.jpg
6,007361.jpg
0,007362.jpg
0,007363.jpg
5,007364.jpg
2,007365.jpg
3,007366.jpg
2,007367.jpg
6,007368.jpg
3,007369.jpg
0,007370.jpg
4,007371.jpg
5,007372.jpg
4,007373.jpg
0,007374.jpg
4,007375.jpg
6,007376.jpg
0,007377.jpg
4,007378.jpg
3,007379.jpg
3,007380.jpg
5,007381.jpg
5,007382.jpg
3,007383.jpg
2,007384.jpg
4,007385.jpg
1,007386.jpg
3,007387.jpg
5,007388.jpg
0,007389.jpg
0,007390.jpg
6,007391.jpg
3,007392.jpg
2,007393.jpg
2,007394.jpg
6,007395.jpg
4,007396.jpg
6,007397.jpg
6,007398.jpg
6,007399.jpg
4,007400.jpg
6,007401.jpg
6,007402.jpg
6,007403.jpg
6,007404.jpg
1,007405.jpg
4,007406.jpg
4,007407.jpg
6,007408.jpg
0,007409.jpg
3,007410.jpg
3,007411.jpg
4,007412.jpg
3,007413.jpg
6,007414.jpg
0,007415.jpg
3,007416.jpg
0,007417.jpg
0,007418.jpg
5,007419.jpg
2,007420.jpg
3,007421.jpg
6,007422.jpg
6,007423.jpg
5,007424.jpg
3,007425.jpg
2,007426.jpg
3,007427.jpg
4,007428.jpg
2,007429.jpg
4,007430.jpg
5,007431.jpg
2,007432.jpg
6,007433.jpg
5,007434.jpg
6,007435.jpg
4,007436.jpg
3,007437.jpg
5,007438.jpg
4,007439.jpg
4,007440.jpg
3,007441.jpg
3,007442.jpg
6,007443.jpg
3,007444.jpg
3,007445.jpg
3,007446.jpg
6,007447.jpg
6,007448.jpg
2,007449.jpg
5,007450.jpg
2,007451.jpg
3,007452.jpg
4,007453.jpg
5,007454.jpg
1,007455.jpg
6,007456.jpg
0,007457.jpg
3,007458.jpg
5,007459.jpg
4,007460.jpg
5,007461.jpg
6,007462.jpg
3,007463.jpg
2,007464.jpg
0,007465.jpg
6,007466.jpg
3,007467.jpg
1,007468.jpg
3,007469.jpg
6,007470.jpg
0,007471.jpg
4,007472.jpg
4,007473.jpg
6,007474.jpg
4,007475.jpg
5,007476.jpg
4,007477.jpg
2,007478.jpg
4,007479.jpg
5,007480.jpg
3,007481.jpg
0,007482.jpg
5,007483.jpg
0,007484.jpg
5,007485.jpg
6,007486.jpg
0,007487.jpg
3,007488.jpg
0,007489.jpg
6,007490.jpg
0,007491.jpg
0,007492.jpg
2,007493.jpg
6,007494.jpg
6,007495.jpg
0,007496.jpg
5,007497.jpg
6,007498.jpg
3,007499.jpg
4,007500.jpg
3,007501.jpg
4,007502.jpg
1,007503.jpg
0,007504.jpg
4,007505.jpg
3,007506.jpg
6,007507.jpg
0,007508.jpg
0,007509.jpg
2,007510.jpg
3,007511.jpg
5,007512.jpg
2,007513.jpg
0,007514.jpg
6,007515.jpg
6,007516.jpg
2,007517.jpg
3,007518.jpg
6,007519.jpg
2,007520.jpg
2,007521.jpg
3,007522.jpg
3,007523.jpg
0,007524.jpg
6,007525.jpg
3,007526.jpg
2,007527.jpg
6,007528.jpg
0,007529.jpg
6,007530.jpg
3,007531.jpg
3,007532.jpg
0,007533.jpg
4,007534.jpg
4,007535.jpg
4,007536.jpg
3,007537.jpg
6,007538.jpg
0,007539.jpg
3,007540.jpg
2,007541.jpg
2,007542.jpg
5,007543.jpg
4,007544.jpg
0,007545.jpg
4,007546.jpg
3,007547.jpg
3,007548.jpg
2,007549.jpg
0,007550.jpg
6,007551.jpg
0,007552.jpg
3,007553.jpg
4,007554.jpg
3,007555.jpg
4,007556.jpg
2,007557.jpg
2,007558.jpg
0,007559.jpg
3,007560.jpg
3,007561.jpg
5,007562.jpg
4,007563.jpg
4,007564.jpg
4,007565.jpg
4,007566.jpg
4,007567.jpg
3,007568.jpg
4,007569.jpg
5,007570.jpg
6,007571.jpg
0,007572.jpg
3,007573.jpg
2,007574.jpg
6,007575.jpg
4,007576.jpg
3,007577.jpg
0,007578.jpg
4,007579.jpg
2,007580.jpg
0,007581.jpg
5,007582.jpg
3,007583.jpg
0,007584.jpg
3,007585.jpg
4,007586.jpg
0,007587.jpg
6,007588.jpg
0,007589.jpg
3,007590.jpg
2,007591.jpg
1,007592.jpg
2,007593.jpg
4,007594.jpg
5,007595.jpg
3,007596.jpg
1,007597.jpg
3,007598.jpg
6,007599.jpg
5,007600.jpg
2,007601.jpg
4,007602.jpg
3,007603.jpg
3,007604.jpg
2,007605.jpg
6,007606.jpg
6,007607.jpg
6,007608.jpg
3,007609.jpg
5,007610.jpg
6,007611.jpg
4,007612.jpg
3,007613.jpg
2,007614.jpg
3,007615.jpg
3,007616.jpg
2,007617.jpg
4,007618.jpg
4,007619.jpg
0,007620.jpg
3,007621.jpg
3,007622.jpg
4,007623.jpg
6,007624.jpg
5,007625.jpg
5,007626.jpg
3,007627.jpg
6,007628.jpg
3,007629.jpg
6,007630.jpg
6,007631.jpg
2,007632.jpg
3,007633.jpg
3,007634.jpg
2,007635.jpg
0,007636.jpg
0,007637.jpg
2,007638.jpg
4,007639.jpg
5,007640.jpg
2,007641.jpg
4,007642.jpg
6,007643.jpg
6,007644.jpg
4,007645.jpg
2,007646.jpg
4,007647.jpg
4,007648.jpg
3,007649.jpg
6,007650.jpg
0,007651.jpg
5,007652.jpg
4,007653.jpg
2,007654.jpg
0,007655.jpg
0,007656.jpg
3,007657.jpg
2,007658.jpg
3,007659.jpg
6,007660.jpg
3,007661.jpg
4,007662.jpg
6,007663.jpg
3,007664.jpg
4,007665.jpg
3,007666.jpg
6,007667.jpg
0,007668.jpg
0,007669.jpg
3,007670.jpg
4,007671.jpg
3,007672.jpg
0,007673.jpg
3,007674.jpg
4,007675.jpg
3,007676.jpg
2,007677.jpg
2,007678.jpg
4,007679.jpg
3,007680.jpg
2,007681.jpg
3,007682.jpg
5,007683.jpg
2,007684.jpg
3,007685.jpg
6,007686.jpg
4,007687.jpg
0,007688.jpg
5,007689.jpg
4,007690.jpg
2,007691.jpg
3,007692.jpg
0,007693.jpg
6,007694.jpg
6,007695.jpg
6,007696.jpg
4,007697.jpg
5,007698.jpg
5,007699.jpg
3,007700.jpg
6,007701.jpg
3,007702.jpg
3,007703.jpg
1,007704.jpg
4,007705.jpg
3,007706.jpg
3,007707.jpg
5,007708.jpg
6,007709.jpg
4,007710.jpg
0,007711.jpg
3,007712.jpg
3,007713.jpg
4,007714.jpg
3,007715.jpg
5,007716.jpg
6,007717.jpg
2,007718.jpg
2,007719.jpg
2,007720.jpg
2,007721.jpg
4,007722.jpg
3,007723.jpg
4,007724.jpg
6,007725.jpg
5,007726.jpg
6,007727.jpg
6,007728.jpg
0,007729.jpg
4,007730.jpg
3,007731.jpg
0,007732.jpg
1,007733.jpg
2,007734.jpg
5,007735.jpg
5,007736.jpg
3,007737.jpg
6,007738.jpg
3,007739.jpg
3,007740.jpg
4,007741.jpg
4,007742.jpg
3,007743.jpg
2,007744.jpg
6,007745.jpg
2,007746.jpg
4,007747.jpg
2,007748.jpg
2,007749.jpg
3,007750.jpg
4,007751.jpg
0,007752.jpg
3,007753.jpg
6,007754.jpg
6,007755.jpg
2,007756.jpg
3,007757.jpg
6,007758.jpg
5,007759.jpg
4,007760.jpg
5,007761.jpg
3,007762.jpg
3,007763.jpg
2,007764.jpg
6,007765.jpg
2,007766.jpg
2,007767.jpg
3,007768.jpg
6,007769.jpg
4,007770.jpg
3,007771.jpg
6,007772.jpg
6,007773.jpg
5,007774.jpg
6,007775.jpg
4,007776.jpg
0,007777.jpg
0,007778.jpg
0,007779.jpg
5,007780.jpg
4,007781.jpg
4,007782.jpg
3,007783.jpg
2,007784.jpg
3,007785.jpg
2,007786.jpg
2,007787.jpg
6,007788.jpg
6,007789.jpg
0,007790.jpg
4,007791.jpg
4,007792.jpg
0,007793.jpg
4,007794.jpg
4,007795.jpg
0,007796.jpg
0,007797.jpg
0,007798.jpg
3,007799.jpg
3,007800.jpg
3,007801.jpg
4,007802.jpg
6,007803.jpg
3,007804.jpg
2,007805.jpg
4,007806.jpg
0,007807.jpg
3,007808.jpg
5,007809.jpg
5,007810.jpg
0,007811.jpg
6,007812.jpg
3,007813.jpg
6,007814.jpg
3,007815.jpg
2,007816.jpg
3,007817.jpg
0,007818.jpg
2,007819.jpg
2,007820.jpg
3,007821.jpg
4,007822.jpg
6,007823.jpg
2,007824.jpg
4,007825.jpg
0,007826.jpg
3,007827.jpg
2,007828.jpg
3,007829.jpg
5,007830.jpg
6,007831.jpg
4,007832.jpg
0,007833.jpg
6,007834.jpg
1,007835.jpg
5,007836.jpg
1,007837.jpg
0,007838.jpg
4,007839.jpg
2,007840.jpg
5,007841.jpg
6,007842.jpg
2,007843.jpg
5,007844.jpg
3,007845.jpg
2,007846.jpg
4,007847.jpg
4,007848.jpg
3,007849.jpg
3,007850.jpg
5,007851.jpg
3,007852.jpg
5,007853.jpg
0,007854.jpg
3,007855.jpg
4,007856.jpg
3,007857.jpg
4,007858.jpg
2,007859.jpg
5,007860.jpg
5,007861.jpg
0,007862.jpg
2,007863.jpg
4,007864.jpg
5,007865.jpg
4,007866.jpg
6,007867.jpg
2,007868.jpg
3,007869.jpg
4,007870.jpg
6,007871.jpg
5,007872.jpg
2,007873.jpg
5,007874.jpg
2,007875.jpg
2,007876.jpg
4,007877.jpg
4,007878.jpg
2,007879.jpg
3,007880.jpg
3,007881.jpg
6,007882.jpg
4,007883.jpg
6,007884.jpg
4,007885.jpg
0,007886.jpg
2,007887.jpg
5,007888.jpg
4,007889.jpg
6,007890.jpg
4,007891.jpg
3,007892.jpg
2,007893.jpg
2,007894.jpg
3,007895.jpg
3,007896.jpg
3,007897.jpg
0,007898.jpg
0,007899.jpg
5,007900.jpg
3,007901.jpg
3,007902.jpg
6,007903.jpg
2,007904.jpg
3,007905.jpg
4,007906.jpg
3,007907.jpg
4,007908.jpg
6,007909.jpg
4,007910.jpg
0,007911.jpg
3,007912.jpg
5,007913.jpg
0,007914.jpg
4,007915.jpg
3,007916.jpg
4,007917.jpg
0,007918.jpg
0,007919.jpg
4,007920.jpg
0,007921.jpg
6,007922.jpg
3,007923.jpg
0,007924.jpg
0,007925.jpg
5,007926.jpg
6,007927.jpg
3,007928.jpg
4,007929.jpg
3,007930.jpg
2,007931.jpg
6,007932.jpg
2,007933.jpg
6,007934.jpg
6,007935.jpg
2,007936.jpg
0,007937.jpg
2,007938.jpg
6,007939.jpg
3,007940.jpg
3,007941.jpg
3,007942.jpg
4,007943.jpg
3,007944.jpg
3,007945.jpg
6,007946.jpg
6,007947.jpg
3,007948.jpg
5,007949.jpg
5,007950.jpg
2,007951.jpg
4,007952.jpg
6,007953.jpg
6,007954.jpg
2,007955.jpg
0,007956.jpg
5,007957.jpg
6,007958.jpg
3,007959.jpg
2,007960.jpg
3,007961.jpg
4,007962.jpg
4,007963.jpg
3,007964.jpg
0,007965.jpg
2,007966.jpg
3,007967.jpg
6,007968.jpg
3,007969.jpg
3,007970.jpg
3,007971.jpg
5,007972.jpg
4,007973.jpg
3,007974.jpg
3,007975.jpg
4,007976.jpg
5,007977.jpg
3,007978.jpg
0,007979.jpg
2,007980.jpg
3,007981.jpg
3,007982.jpg
0,007983.jpg
3,007984.jpg
3,007985.jpg
3,007986.jpg
3,007987.jpg
4,007988.jpg
3,007989.jpg
2,007990.jpg
2,007991.jpg
3,007992.jpg
3,007993.jpg
4,007994.jpg
2,007995.jpg
3,007996.jpg
3,007997.jpg
0,007998.jpg
0,007999.jpg
0,008000.jpg
0,008001.jpg
4,008002.jpg
6,008003.jpg
6,008004.jpg
5,008005.jpg
2,008006.jpg
6,008007.jpg
5,008008.jpg
2,008009.jpg
0,008010.jpg
6,008011.jpg
3,008012.jpg
2,008013.jpg
0,008014.jpg
2,008015.jpg
5,008016.jpg
0,008017.jpg
3,008018.jpg
6,008019.jpg
3,008020.jpg
5,008021.jpg
3,008022.jpg
6,008023.jpg
0,008024.jpg
2,008025.jpg
4,008026.jpg
3,008027.jpg
4,008028.jpg
3,008029.jpg
3,008030.jpg
4,008031.jpg
3,008032.jpg
3,008033.jpg
3,008034.jpg
2,008035.jpg
3,008036.jpg
2,008037.jpg
2,008038.jpg
4,008039.jpg
2,008040.jpg
3,008041.jpg
5,008042.jpg
2,008043.jpg
4,008044.jpg
2,008045.jpg
4,008046.jpg
0,008047.jpg
6,008048.jpg
3,008049.jpg
3,008050.jpg
0,008051.jpg
0,008052.jpg
2,008053.jpg
6,008054.jpg
5,008055.jpg
4,008056.jpg
3,008057.jpg
6,008058.jpg
3,008059.jpg
5,008060.jpg
4,008061.jpg
4,008062.jpg
5,008063.jpg
6,008064.jpg
3,008065.jpg
6,008066.jpg
2,008067.jpg
6,008068.jpg
0,008069.jpg
3,008070.jpg
6,008071.jpg
5,008072.jpg
6,008073.jpg
3,008074.jpg
6,008075.jpg
6,008076.jpg
0,008077.jpg
5,008078.jpg
5,008079.jpg
5,008080.jpg
3,008081.jpg
3,008082.jpg
6,008083.jpg
5,008084.jpg
5,008085.jpg
3,008086.jpg
3,008087.jpg
5,008088.jpg
3,008089.jpg
6,008090.jpg
3,008091.jpg
0,008092.jpg
4,008093.jpg
5,008094.jpg
3,008095.jpg
0,008096.jpg
3,008097.jpg
4,008098.jpg
4,008099.jpg
6,008100.jpg
3,008101.jpg
4,008102.jpg
0,008103.jpg
5,008104.jpg
6,008105.jpg
3,008106.jpg
6,008107.jpg
2,008108.jpg
4,008109.jpg
3,008110.jpg
3,008111.jpg
2,008112.jpg
0,008113.jpg
5,008114.jpg
5,008115.jpg
4,008116.jpg
3,008117.jpg
3,008118.jpg
2,008119.jpg
0,008120.jpg
3,008121.jpg
3,008122.jpg
4,008123.jpg
0,008124.jpg
6,008125.jpg
6,008126.jpg
6,008127.jpg
4,008128.jpg
3,008129.jpg
0,008130.jpg
6,008131.jpg
5,008132.jpg
5,008133.jpg
0,008134.jpg
5,008135.jpg
3,008136.jpg
5,008137.jpg
3,008138.jpg
3,008139.jpg
5,008140.jpg
6,008141.jpg
6,008142.jpg
5,008143.jpg
4,008144.jpg
6,008145.jpg
4,008146.jpg
2,008147.jpg
3,008148.jpg
0,008149.jpg
0,008150.jpg
0,008151.jpg
5,008152.jpg
4,008153.jpg
6,008154.jpg
1,008155.jpg
3,008156.jpg
4,008157.jpg
5,008158.jpg
5,008159.jpg
0,008160.jpg
2,008161.jpg
0,008162.jpg
2,008163.jpg
4,008164.jpg
2,008165.jpg
0,008166.jpg
5,008167.jpg
0,008168.jpg
0,008169.jpg
2,008170.jpg
3,008171.jpg
3,008172.jpg
5,008173.jpg
3,008174.jpg
5,008175.jpg
3,008176.jpg
2,008177.jpg
2,008178.jpg
6,008179.jpg
3,008180.jpg
6,008181.jpg
0,008182.jpg
0,008183.jpg
4,008184.jpg
4,008185.jpg
6,008186.jpg
2,008187.jpg
3,008188.jpg
5,008189.jpg
3,008190.jpg
3,008191.jpg
3,008192.jpg
6,008193.jpg
0,008194.jpg
6,008195.jpg
2,008196.jpg
4,008197.jpg
5,008198.jpg
2,008199.jpg
5,008200.jpg
0,008201.jpg
0,008202.jpg
4,008203.jpg
2,008204.jpg
3,008205.jpg
5,008206.jpg
2,008207.jpg
5,008208.jpg
2,008209.jpg
5,008210.jpg
6,008211.jpg
3,008212.jpg
6,008213.jpg
6,008214.jpg
4,008215.jpg
6,008216.jpg
4,008217.jpg
1,008218.jpg
5,008219.jpg
3,008220.jpg
0,008221.jpg
3,008222.jpg
4,008223.jpg
0,008224.jpg
2,008225.jpg
3,008226.jpg
3,008227.jpg
3,008228.jpg
5,008229.jpg
6,008230.jpg
4,008231.jpg
5,008232.jpg
6,008233.jpg
6,008234.jpg
3,008235.jpg
3,008236.jpg
4,008237.jpg
4,008238.jpg
2,008239.jpg
5,008240.jpg
6,008241.jpg
4,008242.jpg
3,008243.jpg
3,008244.jpg
0,008245.jpg
5,008246.jpg
6,008247.jpg
4,008248.jpg
6,008249.jpg
2,008250.jpg
3,008251.jpg
4,008252.jpg
0,008253.jpg
3,008254.jpg
0,008255.jpg
3,008256.jpg
2,008257.jpg
2,008258.jpg
3,008259.jpg
3,008260.jpg
3,008261.jpg
6,008262.jpg
4,008263.jpg
6,008264.jpg
3,008265.jpg
4,008266.jpg
0,008267.jpg
3,008268.jpg
3,008269.jpg
0,008270.jpg
0,008271.jpg
0,008272.jpg
0,008273.jpg
5,008274.jpg
0,008275.jpg
3,008276.jpg
6,008277.jpg
0,008278.jpg
3,008279.jpg
6,008280.jpg
2,008281.jpg
3,008282.jpg
6,008283.jpg
3,008284.jpg
6,008285.jpg
0,008286.jpg
4,008287.jpg
3,008288.jpg
0,008289.jpg
4,008290.jpg
5,008291.jpg
3,008292.jpg
3,008293.jpg
3,008294.jpg
6,008295.jpg
2,008296.jpg
5,008297.jpg
3,008298.jpg
0,008299.jpg
3,008300.jpg
3,008301.jpg
5,008302.jpg
3,008303.jpg
4,008304.jpg
3,008305.jpg
3,008306.jpg
4,008307.jpg
6,008308.jpg
5,008309.jpg
3,008310.jpg
6,008311.jpg
6,008312.jpg
5,008313.jpg
6,008314.jpg
1,008315.jpg
3,008316.jpg
4,008317.jpg
6,008318.jpg
6,008319.jpg
0,008320.jpg
4,008321.jpg
3,008322.jpg
0,008323.jpg
5,008324.jpg
5,008325.jpg
3,008326.jpg
3,008327.jpg
5,008328.jpg
5,008329.jpg
0,008330.jpg
3,008331.jpg
3,008332.jpg
4,008333.jpg
3,008334.jpg
3,008335.jpg
4,008336.jpg
5,008337.jpg
3,008338.jpg
3,008339.jpg
4,008340.jpg
6,008341.jpg
5,008342.jpg
2,008343.jpg
4,008344.jpg
5,008345.jpg
4,008346.jpg
6,008347.jpg
4,008348.jpg
4,008349.jpg
2,008350.jpg
5,008351.jpg
6,008352.jpg
1,008353.jpg
3,008354.jpg
3,008355.jpg
2,008356.jpg
6,008357.jpg
0,008358.jpg
3,008359.jpg
4,008360.jpg
4,008361.jpg
6,008362.jpg
3,008363.jpg
2,008364.jpg
6,008365.jpg
2,008366.jpg
2,008367.jpg
5,008368.jpg
4,008369.jpg
2,008370.jpg
0,008371.jpg
3,008372.jpg
6,008373.jpg
3,008374.jpg
6,008375.jpg
3,008376.jpg
3,008377.jpg
2,008378.jpg
1,008379.jpg
4,008380.jpg
6,008381.jpg
5,008382.jpg
4,008383.jpg
6,008384.jpg
2,008385.jpg
6,008386.jpg
3,008387.jpg
6,008388.jpg
6,008389.jpg
4,008390.jpg
3,008391.jpg
6,008392.jpg
3,008393.jpg
6,008394.jpg
3,008395.jpg
0,008396.jpg
3,008397.jpg
3,008398.jpg
5,008399.jpg
6,008400.jpg
3,008401.jpg
0,008402.jpg
4,008403.jpg
5,008404.jpg
2,008405.jpg
3,008406.jpg
6,008407.jpg
2,008408.jpg
5,008409.jpg
6,008410.jpg
6,008411.jpg
0,008412.jpg
0,008413.jpg
6,008414.jpg
1,008415.jpg
1,008416.jpg
4,008417.jpg
3,008418.jpg
2,008419.jpg
4,008420.jpg
5,008421.jpg
0,008422.jpg
0,008423.jpg
3,008424.jpg
6,008425.jpg
5,008426.jpg
2,008427.jpg
6,008428.jpg
2,008429.jpg
4,008430.jpg
0,008431.jpg
0,008432.jpg
2,008433.jpg
3,008434.jpg
3,008435.jpg
5,008436.jpg
4,008437.jpg
0,008438.jpg
5,008439.jpg
4,008440.jpg
6,008441.jpg
3,008442.jpg
6,008443.jpg
3,008444.jpg
3,008445.jpg
4,008446.jpg
3,008447.jpg
5,008448.jpg
3,008449.jpg
6,008450.jpg
6,008451.jpg
4,008452.jpg
2,008453.jpg
2,008454.jpg
3,008455.jpg
4,008456.jpg
3,008457.jpg
0,008458.jpg
5,008459.jpg
3,008460.jpg
4,008461.jpg
2,008462.jpg
5,008463.jpg
5,008464.jpg
0,008465.jpg
2,008466.jpg
3,008467.jpg
5,008468.jpg
4,008469.jpg
3,008470.jpg
6,008471.jpg
0,008472.jpg
3,008473.jpg
2,008474.jpg
4,008475.jpg
3,008476.jpg
4,008477.jpg
5,008478.jpg
3,008479.jpg
3,008480.jpg
2,008481.jpg
0,008482.jpg
6,008483.jpg
3,008484.jpg
3,008485.jpg
5,008486.jpg
0,008487.jpg
3,008488.jpg
5,008489.jpg
3,008490.jpg
6,008491.jpg
2,008492.jpg
3,008493.jpg
5,008494.jpg
4,008495.jpg
3,008496.jpg
6,008497.jpg
6,008498.jpg
2,008499.jpg
0,008500.jpg
2,008501.jpg
5,008502.jpg
2,008503.jpg
3,008504.jpg
4,008505.jpg
5,008506.jpg
3,008507.jpg
5,008508.jpg
1,008509.jpg
3,008510.jpg
3,008511.jpg
1,008512.jpg
0,008513.jpg
6,008514.jpg
0,008515.jpg
6,008516.jpg
3,008517.jpg
5,008518.jpg
0,008519.jpg
5,008520.jpg
5,008521.jpg
2,008522.jpg
5,008523.jpg
4,008524.jpg
4,008525.jpg
3,008526.jpg
6,008527.jpg
0,008528.jpg
3,008529.jpg
5,008530.jpg
3,008531.jpg
3,008532.jpg
6,008533.jpg
2,008534.jpg
0,008535.jpg
6,008536.jpg
2,008537.jpg
6,008538.jpg
3,008539.jpg
3,008540.jpg
2,008541.jpg
3,008542.jpg
3,008543.jpg
3,008544.jpg
0,008545.jpg
6,008546.jpg
0,008547.jpg
3,008548.jpg
0,008549.jpg
0,008550.jpg
4,008551.jpg
4,008552.jpg
2,008553.jpg
3,008554.jpg
0,008555.jpg
2,008556.jpg
2,008557.jpg
6,008558.jpg
3,008559.jpg
5,008560.jpg
4,008561.jpg
3,008562.jpg
3,008563.jpg
3,008564.jpg
5,008565.jpg
2,008566.jpg
6,008567.jpg
2,008568.jpg
5,008569.jpg
6,008570.jpg
4,008571.jpg
3,008572.jpg
1,008573.jpg
5,008574.jpg
6,008575.jpg
5,008576.jpg
3,008577.jpg
2,008578.jpg
3,008579.jpg
4,008580.jpg
0,008581.jpg
6,008582.jpg
3,008583.jpg
4,008584.jpg
1,008585.jpg
2,008586.jpg
6,008587.jpg
2,008588.jpg
5,008589.jpg
5,008590.jpg
3,008591.jpg
5,008592.jpg
0,008593.jpg
3,008594.jpg
3,008595.jpg
4,008596.jpg
6,008597.jpg
4,008598.jpg
6,008599.jpg
4,008600.jpg
6,008601.jpg
2,008602.jpg
6,008603.jpg
4,008604.jpg
5,008605.jpg
3,008606.jpg
3,008607.jpg
0,008608.jpg
0,008609.jpg
6,008610.jpg
2,008611.jpg
4,008612.jpg
4,008613.jpg
4,008614.jpg
6,008615.jpg
4,008616.jpg
6,008617.jpg
5,008618.jpg
3,008619.jpg
3,008620.jpg
2,008621.jpg
3,008622.jpg
4,008623.jpg
2,008624.jpg
5,008625.jpg
3,008626.jpg
0,008627.jpg
1,008628.jpg
2,008629.jpg
0,008630.jpg
5,008631.jpg
4,008632.jpg
0,008633.jpg
4,008634.jpg
6,008635.jpg
3,008636.jpg
2,008637.jpg
3,008638.jpg
4,008639.jpg
5,008640.jpg
3,008641.jpg
6,008642.jpg
6,008643.jpg
4,008644.jpg
2,008645.jpg
6,008646.jpg
4,008647.jpg
6,008648.jpg
3,008649.jpg
5,008650.jpg
3,008651.jpg
3,008652.jpg
4,008653.jpg
4,008654.jpg
4,008655.jpg
5,008656.jpg
3,008657.jpg
3,008658.jpg
4,008659.jpg
5,008660.jpg
0,008661.jpg
3,008662.jpg
6,008663.jpg
6,008664.jpg
4,008665.jpg
6,008666.jpg
3,008667.jpg
0,008668.jpg
2,008669.jpg
6,008670.jpg
2,008671.jpg
2,008672.jpg
5,008673.jpg
3,008674.jpg
1,008675.jpg
5,008676.jpg
3,008677.jpg
0,008678.jpg
4,008679.jpg
6,008680.jpg
2,008681.jpg
3,008682.jpg
5,008683.jpg
0,008684.jpg
0,008685.jpg
4,008686.jpg
6,008687.jpg
2,008688.jpg
5,008689.jpg
6,008690.jpg
3,008691.jpg
1,008692.jpg
3,008693.jpg
6,008694.jpg
2,008695.jpg
4,008696.jpg
6,008697.jpg
5,008698.jpg
3,008699.jpg
3,008700.jpg
2,008701.jpg
4,008702.jpg
2,008703.jpg
3,008704.jpg
2,008705.jpg
0,008706.jpg
6,008707.jpg
4,008708.jpg
3,008709.jpg
0,008710.jpg
6,008711.jpg
2,008712.jpg
3,008713.jpg
3,008714.jpg
5,008715.jpg
0,008716.jpg
4,008717.jpg
4,008718.jpg
0,008719.jpg
0,008720.jpg
0,008721.jpg
3,008722.jpg
4,008723.jpg
6,008724.jpg
3,008725.jpg
1,008726.jpg
0,008727.jpg
2,008728.jpg
3,008729.jpg
2,008730.jpg
4,008731.jpg
6,008732.jpg
3,008733.jpg
0,008734.jpg
2,008735.jpg
5,008736.jpg
3,008737.jpg
4,008738.jpg
6,008739.jpg
3,008740.jpg
2,008741.jpg
3,008742.jpg
3,008743.jpg
4,008744.jpg
3,008745.jpg
2,008746.jpg
0,008747.jpg
6,008748.jpg
0,008749.jpg
6,008750.jpg
4,008751.jpg
6,008752.jpg
3,008753.jpg
2,008754.jpg
6,008755.jpg
3,008756.jpg
6,008757.jpg
4,008758.jpg
3,008759.jpg
2,008760.jpg
4,008761.jpg
3,008762.jpg
6,008763.jpg
0,008764.jpg
6,008765.jpg
3,008766.jpg
0,008767.jpg
6,008768.jpg
0,008769.jpg
6,008770.jpg
2,008771.jpg
0,008772.jpg
4,008773.jpg
3,008774.jpg
3,008775.jpg
5,008776.jpg
4,008777.jpg
2,008778.jpg
4,008779.jpg
2,008780.jpg
2,008781.jpg
6,008782.jpg
4,008783.jpg
6,008784.jpg
6,008785.jpg
5,008786.jpg
2,008787.jpg
6,008788.jpg
2,008789.jpg
2,008790.jpg
6,008791.jpg
0,008792.jpg
3,008793.jpg
5,008794.jpg
2,008795.jpg
2,008796.jpg
2,008797.jpg
6,008798.jpg
6,008799.jpg
3,008800.jpg
2,008801.jpg
6,008802.jpg
5,008803.jpg
4,008804.jpg
2,008805.jpg
4,008806.jpg
6,008807.jpg
6,008808.jpg
6,008809.jpg
4,008810.jpg
5,008811.jpg
2,008812.jpg
4,008813.jpg
4,008814.jpg
6,008815.jpg
5,008816.jpg
6,008817.jpg
2,008818.jpg
2,008819.jpg
3,008820.jpg
3,008821.jpg
2,008822.jpg
1,008823.jpg
0,008824.jpg
3,008825.jpg
0,008826.jpg
4,008827.jpg
3,008828.jpg
6,008829.jpg
2,008830.jpg
3,008831.jpg
6,008832.jpg
3,008833.jpg
4,008834.jpg
4,008835.jpg
3,008836.jpg
5,008837.jpg
3,008838.jpg
2,008839.jpg
0,008840.jpg
2,008841.jpg
6,008842.jpg
6,008843.jpg
2,008844.jpg
4,008845.jpg
4,008846.jpg
3,008847.jpg
2,008848.jpg
2,008849.jpg
6,008850.jpg
4,008851.jpg
2,008852.jpg
3,008853.jpg
6,008854.jpg
4,008855.jpg
3,008856.jpg
3,008857.jpg
0,008858.jpg
5,008859.jpg
6,008860.jpg
3,008861.jpg
6,008862.jpg
6,008863.jpg
3,008864.jpg
4,008865.jpg
4,008866.jpg
3,008867.jpg
6,008868.jpg
5,008869.jpg
4,008870.jpg
2,008871.jpg
6,008872.jpg
5,008873.jpg
6,008874.jpg
4,008875.jpg
4,008876.jpg
1,008877.jpg
2,008878.jpg
4,008879.jpg
6,008880.jpg
2,008881.jpg
6,008882.jpg
6,008883.jpg
6,008884.jpg
4,008885.jpg
3,008886.jpg
0,008887.jpg
3,008888.jpg
3,008889.jpg
4,008890.jpg
6,008891.jpg
4,008892.jpg
1,008893.jpg
6,008894.jpg
5,008895.jpg
4,008896.jpg
0,008897.jpg
6,008898.jpg
5,008899.jpg
0,008900.jpg
0,008901.jpg
0,008902.jpg
3,008903.jpg
3,008904.jpg
6,008905.jpg
5,008906.jpg
6,008907.jpg
3,008908.jpg
4,008909.jpg
6,008910.jpg
4,008911.jpg
6,008912.jpg
3,008913.jpg
3,008914.jpg
3,008915.jpg
0,008916.jpg
5,008917.jpg
4,008918.jpg
6,008919.jpg
5,008920.jpg
0,008921.jpg
0,008922.jpg
4,008923.jpg
3,008924.jpg
4,008925.jpg
5,008926.jpg
6,008927.jpg
5,008928.jpg
2,008929.jpg
0,008930.jpg
3,008931.jpg
2,008932.jpg
3,008933.jpg
0,008934.jpg
3,008935.jpg
3,008936.jpg
6,008937.jpg
0,008938.jpg
2,008939.jpg
3,008940.jpg
4,008941.jpg
4,008942.jpg
3,008943.jpg
5,008944.jpg
3,008945.jpg
6,008946.jpg
4,008947.jpg
1,008948.jpg
3,008949.jpg
5,008950.jpg
6,008951.jpg
0,008952.jpg
4,008953.jpg
0,008954.jpg
4,008955.jpg
3,008956.jpg
0,008957.jpg
4,008958.jpg
5,008959.jpg
3,008960.jpg
0,008961.jpg
4,008962.jpg
4,008963.jpg
5,008964.jpg
0,008965.jpg
3,008966.jpg
4,008967.jpg
6,008968.jpg
0,008969.jpg
2,008970.jpg
5,008971.jpg
6,008972.jpg
5,008973.jpg
4,008974.jpg
5,008975.jpg
6,008976.jpg
4,008977.jpg
2,008978.jpg
5,008979.jpg
6,008980.jpg
4,008981.jpg
2,008982.jpg
2,008983.jpg
6,008984.jpg
3,008985.jpg
6,008986.jpg
6,008987.jpg
4,008988.jpg
4,008989.jpg
2,008990.jpg
6,008991.jpg
0,008992.jpg
3,008993.jpg
3,008994.jpg
6,008995.jpg
3,008996.jpg
4,008997.jpg
0,008998.jpg
5,008999.jpg
6,009000.jpg
4,009001.jpg
0,009002.jpg
4,009003.jpg
3,009004.jpg
3,009005.jpg
4,009006.jpg
3,009007.jpg
4,009008.jpg
3,009009.jpg
0,009010.jpg
6,009011.jpg
0,009012.jpg
4,009013.jpg
6,009014.jpg
4,009015.jpg
6,009016.jpg
5,009017.jpg
6,009018.jpg
0,009019.jpg
3,009020.jpg
5,009021.jpg
5,009022.jpg
1,009023.jpg
5,009024.jpg
4,009025.jpg
2,009026.jpg
3,009027.jpg
4,009028.jpg
6,009029.jpg
0,009030.jpg
5,009031.jpg
4,009032.jpg
3,009033.jpg
2,009034.jpg
2,009035.jpg
5,009036.jpg
2,009037.jpg
5,009038.jpg
6,009039.jpg
2,009040.jpg
0,009041.jpg
3,009042.jpg
1,009043.jpg
2,009044.jpg
6,009045.jpg
6,009046.jpg
4,009047.jpg
2,009048.jpg
2,009049.jpg
6,009050.jpg
4,009051.jpg
6,009052.jpg
2,009053.jpg
6,009054.jpg
6,009055.jpg
0,009056.jpg
3,009057.jpg
4,009058.jpg
0,009059.jpg
3,009060.jpg
6,009061.jpg
2,009062.jpg
3,009063.jpg
6,009064.jpg
4,009065.jpg
4,009066.jpg
4,009067.jpg
0,009068.jpg
6,009069.jpg
3,009070.jpg
3,009071.jpg
6,009072.jpg
4,009073.jpg
6,009074.jpg
2,009075.jpg
6,009076.jpg
3,009077.jpg
3,009078.jpg
3,009079.jpg
6,009080.jpg
3,009081.jpg
4,009082.jpg
6,009083.jpg
3,009084.jpg
3,009085.jpg
3,009086.jpg
4,009087.jpg
4,009088.jpg
5,009089.jpg
1,009090.jpg
5,009091.jpg
6,009092.jpg
5,009093.jpg
3,009094.jpg
4,009095.jpg
3,009096.jpg
0,009097.jpg
2,009098.jpg
6,009099.jpg
0,009100.jpg
2,009101.jpg
4,009102.jpg
0,009103.jpg
0,009104.jpg
4,009105.jpg
6,009106.jpg
3,009107.jpg
2,009108.jpg
5,009109.jpg
0,009110.jpg
3,009111.jpg
3,009112.jpg
3,009113.jpg
3,009114.jpg
5,009115.jpg
3,009116.jpg
2,009117.jpg
5,009118.jpg
4,009119.jpg
3,009120.jpg
2,009121.jpg
3,009122.jpg
3,009123.jpg
2,009124.jpg
3,009125.jpg
2,009126.jpg
5,009127.jpg
6,009128.jpg
3,009129.jpg
2,009130.jpg
3,009131.jpg
2,009132.jpg
3,009133.jpg
3,009134.jpg
3,009135.jpg
5,009136.jpg
2,009137.jpg
4,009138.jpg
3,009139.jpg
2,009140.jpg
5,009141.jpg
4,009142.jpg
6,009143.jpg
3,009144.jpg
1,009145.jpg
3,009146.jpg
3,009147.jpg
2,009148.jpg
6,009149.jpg
2,009150.jpg
4,009151.jpg
3,009152.jpg
4,009153.jpg
4,009154.jpg
3,009155.jpg
0,009156.jpg
5,009157.jpg
4,009158.jpg
1,009159.jpg
3,009160.jpg
2,009161.jpg
5,009162.jpg
3,009163.jpg
5,009164.jpg
3,009165.jpg
3,009166.jpg
3,009167.jpg
0,009168.jpg
3,009169.jpg
6,009170.jpg
4,009171.jpg
4,009172.jpg
0,009173.jpg
3,009174.jpg
6,009175.jpg
0,009176.jpg
4,009177.jpg
3,009178.jpg
2,009179.jpg
3,009180.jpg
4,009181.jpg
4,009182.jpg
6,009183.jpg
3,009184.jpg
5,009185.jpg
6,009186.jpg
2,009187.jpg
4,009188.jpg
1,009189.jpg
6,009190.jpg
4,009191.jpg
3,009192.jpg
0,009193.jpg
2,009194.jpg
6,009195.jpg
0,009196.jpg
3,009197.jpg
5,009198.jpg
5,009199.jpg
2,009200.jpg
4,009201.jpg
3,009202.jpg
2,009203.jpg
1,009204.jpg
2,009205.jpg
3,009206.jpg
2,009207.jpg
0,009208.jpg
6,009209.jpg
6,009210.jpg
2,009211.jpg
3,009212.jpg
4,009213.jpg
4,009214.jpg
6,009215.jpg
2,009216.jpg
2,009217.jpg
6,009218.jpg
4,009219.jpg
3,009220.jpg
6,009221.jpg
3,009222.jpg
6,009223.jpg
6,009224.jpg
2,009225.jpg
4,009226.jpg
2,009227.jpg
5,009228.jpg
6,009229.jpg
6,009230.jpg
5,009231.jpg
2,009232.jpg
0,009233.jpg
0,009234.jpg
6,009235.jpg
6,009236.jpg
0,009237.jpg
4,009238.jpg
0,009239.jpg
2,009240.jpg
0,009241.jpg
3,009242.jpg
6,009243.jpg
4,009244.jpg
0,009245.jpg
3,009246.jpg
5,009247.jpg
3,009248.jpg
0,009249.jpg
6,009250.jpg
2,009251.jpg
6,009252.jpg
4,009253.jpg
6,009254.jpg
3,009255.jpg
4,009256.jpg
3,009257.jpg
0,009258.jpg
6,009259.jpg
2,009260.jpg
2,009261.jpg
6,009262.jpg
0,009263.jpg
3,009264.jpg
6,009265.jpg
0,009266.jpg
4,009267.jpg
3,009268.jpg
3,009269.jpg
4,009270.jpg
5,009271.jpg
3,009272.jpg
6,009273.jpg
3,009274.jpg
0,009275.jpg
6,009276.jpg
4,009277.jpg
3,009278.jpg
3,009279.jpg
4,009280.jpg
2,009281.jpg
4,009282.jpg
4,009283.jpg
3,009284.jpg
0,009285.jpg
3,009286.jpg
2,009287.jpg
6,009288.jpg
0,009289.jpg
3,009290.jpg
2,009291.jpg
6,009292.jpg
0,009293.jpg
3,009294.jpg
6,009295.jpg
3,009296.jpg
1,009297.jpg
3,009298.jpg
2,009299.jpg
3,009300.jpg
3,009301.jpg
2,009302.jpg
6,009303.jpg
6,009304.jpg
6,009305.jpg
2,009306.jpg
5,009307.jpg
4,009308.jpg
5,009309.jpg
3,009310.jpg
3,009311.jpg
3,009312.jpg
2,009313.jpg
6,009314.jpg
3,009315.jpg
2,009316.jpg
0,009317.jpg
3,009318.jpg
3,009319.jpg
5,009320.jpg
3,009321.jpg
3,009322.jpg
2,009323.jpg
6,009324.jpg
2,009325.jpg
3,009326.jpg
4,009327.jpg
3,009328.jpg
2,009329.jpg
3,009330.jpg
0,009331.jpg
3,009332.jpg
2,009333.jpg
5,009334.jpg
6,009335.jpg
4,009336.jpg
5,009337.jpg
4,009338.jpg
3,009339.jpg
4,009340.jpg
3,009341.jpg
0,009342.jpg
1,009343.jpg
3,009344.jpg
0,009345.jpg
2,009346.jpg
3,009347.jpg
4,009348.jpg
6,009349.jpg
3,009350.jpg
0,009351.jpg
3,009352.jpg
2,009353.jpg
5,009354.jpg
6,009355.jpg
6,009356.jpg
0,009357.jpg
3,009358.jpg
2,009359.jpg
6,009360.jpg
3,009361.jpg
6,009362.jpg
6,009363.jpg
3,009364.jpg
5,009365.jpg
1,009366.jpg
5,009367.jpg
2,009368.jpg
2,009369.jpg
2,009370.jpg
3,009371.jpg
3,009372.jpg
3,009373.jpg
4,009374.jpg
2,009375.jpg
3,009376.jpg
2,009377.jpg
5,009378.jpg
3,009379.jpg
5,009380.jpg
6,009381.jpg
4,009382.jpg
0,009383.jpg
5,009384.jpg
3,009385.jpg
3,009386.jpg
4,009387.jpg
3,009388.jpg
0,009389.jpg
6,009390.jpg
4,009391.jpg
3,009392.jpg
4,009393.jpg
5,009394.jpg
4,009395.jpg
6,009396.jpg
4,009397.jpg
0,009398.jpg
0,009399.jpg
0,009400.jpg
3,009401.jpg
3,009402.jpg
0,009403.jpg
0,009404.jpg
4,009405.jpg
4,009406.jpg
3,009407.jpg
4,009408.jpg
6,009409.jpg
6,009410.jpg
3,009411.jpg
3,009412.jpg
4,009413.jpg
6,009414.jpg
6,009415.jpg
3,009416.jpg
0,009417.jpg
0,009418.jpg
4,009419.jpg
6,009420.jpg
5,009421.jpg
6,009422.jpg
0,009423.jpg
3,009424.jpg
3,009425.jpg
3,009426.jpg
6,009427.jpg
5,009428.jpg
3,009429.jpg
6,009430.jpg
0,009431.jpg
2,009432.jpg
4,009433.jpg
6,009434.jpg
3,009435.jpg
2,009436.jpg
3,009437.jpg
6,009438.jpg
6,009439.jpg
2,009440.jpg
6,009441.jpg
3,009442.jpg
0,009443.jpg
6,009444.jpg
4,009445.jpg
2,009446.jpg
3,009447.jpg
4,009448.jpg
5,009449.jpg
5,009450.jpg
6,009451.jpg
0,009452.jpg
6,009453.jpg
4,009454.jpg
3,009455.jpg
4,009456.jpg
4,009457.jpg
0,009458.jpg
4,009459.jpg
1,009460.jpg
0,009461.jpg
5,009462.jpg
4,009463.jpg
1,009464.jpg
4,009465.jpg
6,009466.jpg
5,009467.jpg
0,009468.jpg
3,009469.jpg
2,009470.jpg
3,009471.jpg
1,009472.jpg
6,009473.jpg
2,009474.jpg
0,009475.jpg
3,009476.jpg
6,009477.jpg
5,009478.jpg
6,009479.jpg
4,009480.jpg
6,009481.jpg
3,009482.jpg
2,009483.jpg
6,009484.jpg
0,009485.jpg
3,009486.jpg
3,009487.jpg
5,009488.jpg
2,009489.jpg
6,009490.jpg
4,009491.jpg
4,009492.jpg
6,009493.jpg
6,009494.jpg
6,009495.jpg
3,009496.jpg
3,009497.jpg
4,009498.jpg
5,009499.jpg
2,009500.jpg
0,009501.jpg
2,009502.jpg
5,009503.jpg
1,009504.jpg
0,009505.jpg
5,009506.jpg
6,009507.jpg
4,009508.jpg
3,009509.jpg
2,009510.jpg
6,009511.jpg
0,009512.jpg
2,009513.jpg
3,009514.jpg
2,009515.jpg
3,009516.jpg
4,009517.jpg
3,009518.jpg
4,009519.jpg
5,009520.jpg
5,009521.jpg
6,009522.jpg
3,009523.jpg
2,009524.jpg
2,009525.jpg
0,009526.jpg
2,009527.jpg
0,009528.jpg
6,009529.jpg
0,009530.jpg
3,009531.jpg
3,009532.jpg
2,009533.jpg
3,009534.jpg
0,009535.jpg
0,009536.jpg
5,009537.jpg
3,009538.jpg
0,009539.jpg
4,009540.jpg
5,009541.jpg
3,009542.jpg
6,009543.jpg
2,009544.jpg
3,009545.jpg
5,009546.jpg
3,009547.jpg
4,009548.jpg
4,009549.jpg
6,009550.jpg
5,009551.jpg
0,009552.jpg
0,009553.jpg
4,009554.jpg
0,009555.jpg
3,009556.jpg
2,009557.jpg
6,009558.jpg
6,009559.jpg
5,009560.jpg
4,009561.jpg
3,009562.jpg
0,009563.jpg
6,009564.jpg
0,009565.jpg
0,009566.jpg
0,009567.jpg
4,009568.jpg
4,009569.jpg
3,009570.jpg
3,009571.jpg
4,009572.jpg
2,009573.jpg
4,009574.jpg
2,009575.jpg
4,009576.jpg
2,009577.jpg
2,009578.jpg
3,009579.jpg
6,009580.jpg
6,009581.jpg
5,009582.jpg
0,009583.jpg
6,009584.jpg
4,009585.jpg
0,009586.jpg
4,009587.jpg
4,009588.jpg
6,009589.jpg
4,009590.jpg
0,009591.jpg
3,009592.jpg
2,009593.jpg
3,009594.jpg
5,009595.jpg
4,009596.jpg
3,009597.jpg
3,009598.jpg
3,009599.jpg
3,009600.jpg
6,009601.jpg
2,009602.jpg
3,009603.jpg
6,009604.jpg
3,009605.jpg
2,009606.jpg
5,009607.jpg
2,009608.jpg
6,009609.jpg
4,009610.jpg
6,009611.jpg
1,009612.jpg
2,009613.jpg
3,009614.jpg
0,009615.jpg
3,009616.jpg
2,009617.jpg
3,009618.jpg
0,009619.jpg
4,009620.jpg
0,009621.jpg
5,009622.jpg
0,009623.jpg
5,009624.jpg
3,009625.jpg
5,009626.jpg
6,009627.jpg
3,009628.jpg
5,009629.jpg
5,009630.jpg
3,009631.jpg
2,009632.jpg
6,009633.jpg
3,009634.jpg
3,009635.jpg
3,009636.jpg
3,009637.jpg
6,009638.jpg
4,009639.jpg
3,009640.jpg
3,009641.jpg
3,009642.jpg
4,009643.jpg
5,009644.jpg
0,009645.jpg
5,009646.jpg
3,009647.jpg
2,009648.jpg
3,009649.jpg
5,009650.jpg
2,009651.jpg
3,009652.jpg
3,009653.jpg
1,009654.jpg
5,009655.jpg
0,009656.jpg
5,009657.jpg
4,009658.jpg
5,009659.jpg
3,009660.jpg
2,009661.jpg
2,009662.jpg
3,009663.jpg
0,009664.jpg
4,009665.jpg
6,009666.jpg
2,009667.jpg
3,009668.jpg
6,009669.jpg
4,009670.jpg
6,009671.jpg
5,009672.jpg
3,009673.jpg
4,009674.jpg
0,009675.jpg
6,009676.jpg
0,009677.jpg
2,009678.jpg
1,009679.jpg
5,009680.jpg
5,009681.jpg
3,009682.jpg
0,009683.jpg
6,009684.jpg
0,009685.jpg
6,009686.jpg
3,009687.jpg
6,009688.jpg
4,009689.jpg
4,009690.jpg
0,009691.jpg
6,009692.jpg
4,009693.jpg
3,009694.jpg
1,009695.jpg
2,009696.jpg
0,009697.jpg
0,009698.jpg
3,009699.jpg
6,009700.jpg
6,009701.jpg
3,009702.jpg
5,009703.jpg
4,009704.jpg
3,009705.jpg
3,009706.jpg
0,009707.jpg
3,009708.jpg
3,009709.jpg
6,009710.jpg
6,009711.jpg
6,009712.jpg
4,009713.jpg
3,009714.jpg
0,009715.jpg
1,009716.jpg
6,009717.jpg
6,009718.jpg
4,009719.jpg
4,009720.jpg
2,009721.jpg
6,009722.jpg
6,009723.jpg
6,009724.jpg
2,009725.jpg
4,009726.jpg
2,009727.jpg
5,009728.jpg
0,009729.jpg
4,009730.jpg
2,009731.jpg
0,009732.jpg
1,009733.jpg
4,009734.jpg
2,009735.jpg
6,009736.jpg
4,009737.jpg
1,009738.jpg
4,009739.jpg
3,009740.jpg
0,009741.jpg
5,009742.jpg
0,009743.jpg
3,009744.jpg
4,009745.jpg
4,009746.jpg
4,009747.jpg
0,009748.jpg
5,009749.jpg
4,009750.jpg
0,009751.jpg
0,009752.jpg
0,009753.jpg
6,009754.jpg
0,009755.jpg
4,009756.jpg
6,009757.jpg
2,009758.jpg
5,009759.jpg
2,009760.jpg
2,009761.jpg
3,009762.jpg
4,009763.jpg
3,009764.jpg
2,009765.jpg
3,009766.jpg
0,009767.jpg
6,009768.jpg
4,009769.jpg
0,009770.jpg
0,009771.jpg
3,009772.jpg
6,009773.jpg
3,009774.jpg
3,009775.jpg
5,009776.jpg
6,009777.jpg
3,009778.jpg
3,009779.jpg
6,009780.jpg
5,009781.jpg
0,009782.jpg
3,009783.jpg
5,009784.jpg
0,009785.jpg
5,009786.jpg
5,009787.jpg
2,009788.jpg
5,009789.jpg
3,009790.jpg
4,009791.jpg
5,009792.jpg
6,009793.jpg
4,009794.jpg
2,009795.jpg
5,009796.jpg
5,009797.jpg
0,009798.jpg
6,009799.jpg
3,009800.jpg
5,009801.jpg
0,009802.jpg
6,009803.jpg
0,009804.jpg
6,009805.jpg
5,009806.jpg
6,009807.jpg
2,009808.jpg
0,009809.jpg
4,009810.jpg
0,009811.jpg
3,009812.jpg
5,009813.jpg
4,009814.jpg
0,009815.jpg
3,009816.jpg
0,009817.jpg
5,009818.jpg
3,009819.jpg
2,009820.jpg
5,009821.jpg
0,009822.jpg
6,009823.jpg
6,009824.jpg
3,009825.jpg
3,009826.jpg
3,009827.jpg
3,009828.jpg
6,009829.jpg
5,009830.jpg
6,009831.jpg
4,009832.jpg
3,009833.jpg
3,009834.jpg
5,009835.jpg
2,009836.jpg
3,009837.jpg
6,009838.jpg
5,009839.jpg
3,009840.jpg
4,009841.jpg
2,009842.jpg
6,009843.jpg
1,009844.jpg
3,009845.jpg
3,009846.jpg
4,009847.jpg
3,009848.jpg
2,009849.jpg
2,009850.jpg
0,009851.jpg
6,009852.jpg
5,009853.jpg
2,009854.jpg
3,009855.jpg
3,009856.jpg
2,009857.jpg
6,009858.jpg
5,009859.jpg
2,009860.jpg
2,009861.jpg
0,009862.jpg
4,009863.jpg
4,009864.jpg
3,009865.jpg
4,009866.jpg
6,009867.jpg
4,009868.jpg
5,009869.jpg
4,009870.jpg
6,009871.jpg
3,009872.jpg
0,009873.jpg
6,009874.jpg
3,009875.jpg
0,009876.jpg
2,009877.jpg
5,009878.jpg
5,009879.jpg
5,009880.jpg
6,009881.jpg
5,009882.jpg
3,009883.jpg
0,009884.jpg
4,009885.jpg
3,009886.jpg
5,009887.jpg
2,009888.jpg
4,009889.jpg
3,009890.jpg
4,009891.jpg
4,009892.jpg
3,009893.jpg
5,009894.jpg
4,009895.jpg
0,009896.jpg
3,009897.jpg
2,009898.jpg
3,009899.jpg
4,009900.jpg
3,009901.jpg
0,009902.jpg
3,009903.jpg
3,009904.jpg
0,009905.jpg
6,009906.jpg
6,009907.jpg
5,009908.jpg
4,009909.jpg
3,009910.jpg
0,009911.jpg
4,009912.jpg
1,009913.jpg
3,009914.jpg
6,009915.jpg
0,009916.jpg
3,009917.jpg
5,009918.jpg
0,009919.jpg
6,009920.jpg
3,009921.jpg
3,009922.jpg
4,009923.jpg
5,009924.jpg
3,009925.jpg
6,009926.jpg
4,009927.jpg
3,009928.jpg
3,009929.jpg
0,009930.jpg
0,009931.jpg
3,009932.jpg
3,009933.jpg
3,009934.jpg
3,009935.jpg
6,009936.jpg
3,009937.jpg
4,009938.jpg
2,009939.jpg
3,009940.jpg
2,009941.jpg
5,009942.jpg
4,009943.jpg
3,009944.jpg
6,009945.jpg
4,009946.jpg
5,009947.jpg
2,009948.jpg
5,009949.jpg
0,009950.jpg
2,009951.jpg
4,009952.jpg
0,009953.jpg
6,009954.jpg
5,009955.jpg
0,009956.jpg
3,009957.jpg
2,009958.jpg
3,009959.jpg
3,009960.jpg
5,009961.jpg
2,009962.jpg
4,009963.jpg
2,009964.jpg
2,009965.jpg
4,009966.jpg
3,009967.jpg
2,009968.jpg
5,009969.jpg
6,009970.jpg
3,009971.jpg
2,009972.jpg
3,009973.jpg
4,009974.jpg
6,009975.jpg
4,009976.jpg
3,009977.jpg
3,009978.jpg
3,009979.jpg
6,009980.jpg
0,009981.jpg
6,009982.jpg
3,009983.jpg
3,009984.jpg
5,009985.jpg
4,009986.jpg
6,009987.jpg
0,009988.jpg
3,009989.jpg
5,009990.jpg
2,009991.jpg
5,009992.jpg
6,009993.jpg
0,009994.jpg
6,009995.jpg
5,009996.jpg
4,009997.jpg
6,009998.jpg
6,009999.jpg
3,010000.jpg
3,010001.jpg
0,010002.jpg
6,010003.jpg
4,010004.jpg
3,010005.jpg
4,010006.jpg
5,010007.jpg
4,010008.jpg
5,010009.jpg
2,010010.jpg
5,010011.jpg
2,010012.jpg
5,010013.jpg
6,010014.jpg
2,010015.jpg
0,010016.jpg
6,010017.jpg
1,010018.jpg
3,010019.jpg
4,010020.jpg
6,010021.jpg
1,010022.jpg
3,010023.jpg
6,010024.jpg
2,010025.jpg
6,010026.jpg
6,010027.jpg
4,010028.jpg
2,010029.jpg
6,010030.jpg
4,010031.jpg
2,010032.jpg
6,010033.jpg
4,010034.jpg
3,010035.jpg
6,010036.jpg
0,010037.jpg
0,010038.jpg
3,010039.jpg
2,010040.jpg
6,010041.jpg
3,010042.jpg
2,010043.jpg
2,010044.jpg
6,010045.jpg
3,010046.jpg
2,010047.jpg
6,010048.jpg
4,010049.jpg
3,010050.jpg
6,010051.jpg
0,010052.jpg
1,010053.jpg
6,010054.jpg
2,010055.jpg
5,010056.jpg
0,010057.jpg
6,010058.jpg
4,010059.jpg
3,010060.jpg
5,010061.jpg
6,010062.jpg
0,010063.jpg
4,010064.jpg
0,010065.jpg
3,010066.jpg
2,010067.jpg
6,010068.jpg
0,010069.jpg
4,010070.jpg
3,010071.jpg
2,010072.jpg
4,010073.jpg
3,010074.jpg
2,010075.jpg
5,010076.jpg
6,010077.jpg
4,010078.jpg
0,010079.jpg
5,010080.jpg
4,010081.jpg
5,010082.jpg
3,010083.jpg
6,010084.jpg
6,010085.jpg
2,010086.jpg
5,010087.jpg
2,010088.jpg
4,010089.jpg
2,010090.jpg
6,010091.jpg
3,010092.jpg
6,010093.jpg
3,010094.jpg
0,010095.jpg
3,010096.jpg
5,010097.jpg
3,010098.jpg
2,010099.jpg
0,010100.jpg
6,010101.jpg
3,010102.jpg
4,010103.jpg
3,010104.jpg
0,010105.jpg
3,010106.jpg
2,010107.jpg
4,010108.jpg
6,010109.jpg
6,010110.jpg
3,010111.jpg
1,010112.jpg
6,010113.jpg
4,010114.jpg
0,010115.jpg
4,010116.jpg
6,010117.jpg
6,010118.jpg
6,010119.jpg
3,010120.jpg
0,010121.jpg
0,010122.jpg
2,010123.jpg
3,010124.jpg
2,010125.jpg
3,010126.jpg
4,010127.jpg
4,010128.jpg
6,010129.jpg
6,010130.jpg
2,010131.jpg
4,010132.jpg
4,010133.jpg
6,010134.jpg
3,010135.jpg
6,010136.jpg
1,010137.jpg
3,010138.jpg
3,010139.jpg
3,010140.jpg
3,010141.jpg
0,010142.jpg
6,010143.jpg
5,010144.jpg
3,010145.jpg
3,010146.jpg
2,010147.jpg
0,010148.jpg
2,010149.jpg
6,010150.jpg
3,010151.jpg
2,010152.jpg
3,010153.jpg
0,010154.jpg
0,010155.jpg
3,010156.jpg
3,010157.jpg
0,010158.jpg
3,010159.jpg
3,010160.jpg
3,010161.jpg
5,010162.jpg
0,010163.jpg
4,010164.jpg
4,010165.jpg
3,010166.jpg
0,010167.jpg
3,010168.jpg
2,010169.jpg
2,010170.jpg
4,010171.jpg
4,010172.jpg
6,010173.jpg
6,010174.jpg
6,010175.jpg
4,010176.jpg
6,010177.jpg
0,010178.jpg
4,010179.jpg
6,010180.jpg
0,010181.jpg
3,010182.jpg
2,010183.jpg
5,010184.jpg
5,010185.jpg
3,010186.jpg
3,010187.jpg
4,010188.jpg
2,010189.jpg
6,010190.jpg
2,010191.jpg
0,010192.jpg
3,010193.jpg
3,010194.jpg
6,010195.jpg
0,010196.jpg
6,010197.jpg
3,010198.jpg
3,010199.jpg
6,010200.jpg
2,010201.jpg
0,010202.jpg
3,010203.jpg
6,010204.jpg
2,010205.jpg
6,010206.jpg
0,010207.jpg
2,010208.jpg
2,010209.jpg
2,010210.jpg
5,010211.jpg
2,010212.jpg
5,010213.jpg
0,010214.jpg
0,010215.jpg
6,010216.jpg
6,010217.jpg
3,010218.jpg
6,010219.jpg
2,010220.jpg
6,010221.jpg
6,010222.jpg
0,010223.jpg
3,010224.jpg
4,010225.jpg
0,010226.jpg
5,010227.jpg
3,010228.jpg
3,010229.jpg
2,010230.jpg
3,010231.jpg
5,010232.jpg
6,010233.jpg
6,010234.jpg
3,010235.jpg
1,010236.jpg
3,010237.jpg
2,010238.jpg
6,010239.jpg
0,010240.jpg
5,010241.jpg
0,010242.jpg
3,010243.jpg
2,010244.jpg
4,010245.jpg
5,010246.jpg
6,010247.jpg
3,010248.jpg
5,010249.jpg
0,010250.jpg
0,010251.jpg
4,010252.jpg
0,010253.jpg
6,010254.jpg
4,010255.jpg
5,010256.jpg
3,010257.jpg
3,010258.jpg
5,010259.jpg
5,010260.jpg
5,010261.jpg
2,010262.jpg
2,010263.jpg
6,010264.jpg
0,010265.jpg
6,010266.jpg
2,010267.jpg
5,010268.jpg
2,010269.jpg
3,010270.jpg
6,010271.jpg
3,010272.jpg
3,010273.jpg
6,010274.jpg
4,010275.jpg
3,010276.jpg
3,010277.jpg
2,010278.jpg
2,010279.jpg
3,010280.jpg
2,010281.jpg
5,010282.jpg
3,010283.jpg
3,010284.jpg
2,010285.jpg
0,010286.jpg
0,010287.jpg
5,010288.jpg
4,010289.jpg
3,010290.jpg
3,010291.jpg
2,010292.jpg
4,010293.jpg
6,010294.jpg
3,010295.jpg
6,010296.jpg
3,010297.jpg
3,010298.jpg
2,010299.jpg
2,010300.jpg
6,010301.jpg
0,010302.jpg
2,010303.jpg
6,010304.jpg
4,010305.jpg
5,010306.jpg
3,010307.jpg
4,010308.jpg
6,010309.jpg
0,010310.jpg
4,010311.jpg
3,010312.jpg
4,010313.jpg
3,010314.jpg
0,010315.jpg
1,010316.jpg
3,010317.jpg
3,010318.jpg
2,010319.jpg
6,010320.jpg
4,010321.jpg
6,010322.jpg
6,010323.jpg
2,010324.jpg
0,010325.jpg
2,010326.jpg
3,010327.jpg
2,010328.jpg
2,010329.jpg
2,010330.jpg
3,010331.jpg
4,010332.jpg
5,010333.jpg
4,010334.jpg
2,010335.jpg
0,010336.jpg
5,010337.jpg
0,010338.jpg
4,010339.jpg
6,010340.jpg
3,010341.jpg
2,010342.jpg
3,010343.jpg
3,010344.jpg
3,010345.jpg
6,010346.jpg
3,010347.jpg
0,010348.jpg
6,010349.jpg
2,010350.jpg
3,010351.jpg
4,010352.jpg
4,010353.jpg
6,010354.jpg
2,010355.jpg
5,010356.jpg
5,010357.jpg
4,010358.jpg
0,010359.jpg
5,010360.jpg
6,010361.jpg
3,010362.jpg
0,010363.jpg
0,010364.jpg
5,010365.jpg
3,010366.jpg
3,010367.jpg
3,010368.jpg
2,010369.jpg
3,010370.jpg
0,010371.jpg
5,010372.jpg
0,010373.jpg
5,010374.jpg
4,010375.jpg
3,010376.jpg
0,010377.jpg
0,010378.jpg
4,010379.jpg
6,010380.jpg
6,010381.jpg
0,010382.jpg
4,010383.jpg
2,010384.jpg
0,010385.jpg
4,010386.jpg
3,010387.jpg
0,010388.jpg
4,010389.jpg
6,010390.jpg
5,010391.jpg
5,010392.jpg
6,010393.jpg
0,010394.jpg
5,010395.jpg
2,010396.jpg
0,010397.jpg
3,010398.jpg
0,010399.jpg
3,010400.jpg
0,010401.jpg
5,010402.jpg
6,010403.jpg
6,010404.jpg
4,010405.jpg
6,010406.jpg
4,010407.jpg
5,010408.jpg
2,010409.jpg
5,010410.jpg
5,010411.jpg
4,010412.jpg
2,010413.jpg
1,010414.jpg
0,010415.jpg
4,010416.jpg
5,010417.jpg
3,010418.jpg
4,010419.jpg
0,010420.jpg
6,010421.jpg
3,010422.jpg
4,010423.jpg
3,010424.jpg
4,010425.jpg
0,010426.jpg
3,010427.jpg
3,010428.jpg
0,010429.jpg
0,010430.jpg
0,010431.jpg
3,010432.jpg
2,010433.jpg
2,010434.jpg
1,010435.jpg
3,010436.jpg
2,010437.jpg
3,010438.jpg
0,010439.jpg
0,010440.jpg
0,010441.jpg
2,010442.jpg
2,010443.jpg
5,010444.jpg
2,010445.jpg
5,010446.jpg
3,010447.jpg
2,010448.jpg
3,010449.jpg
4,010450.jpg
2,010451.jpg
4,010452.jpg
4,010453.jpg
4,010454.jpg
4,010455.jpg
3,010456.jpg
6,010457.jpg
2,010458.jpg
2,010459.jpg
2,010460.jpg
4,010461.jpg
0,010462.jpg
2,010463.jpg
3,010464.jpg
3,010465.jpg
6,010466.jpg
3,010467.jpg
3,010468.jpg
3,010469.jpg
2,010470.jpg
3,010471.jpg
0,010472.jpg
5,010473.jpg
6,010474.jpg
0,010475.jpg
2,010476.jpg
3,010477.jpg
3,010478.jpg
6,010479.jpg
3,010480.jpg
3,010481.jpg
4,010482.jpg
3,010483.jpg
6,010484.jpg
3,010485.jpg
2,010486.jpg
4,010487.jpg
4,010488.jpg
2,010489.jpg
0,010490.jpg
5,010491.jpg
3,010492.jpg
2,010493.jpg
4,010494.jpg
4,010495.jpg
6,010496.jpg
0,010497.jpg
4,010498.jpg
6,010499.jpg
6,010500.jpg
6,010501.jpg
3,010502.jpg
6,010503.jpg
6,010504.jpg
5,010505.jpg
3,010506.jpg
2,010507.jpg
2,010508.jpg
3,010509.jpg
0,010510.jpg
0,010511.jpg
6,010512.jpg
4,010513.jpg
3,010514.jpg
4,010515.jpg
6,010516.jpg
2,010517.jpg
6,010518.jpg
4,010519.jpg
4,010520.jpg
1,010521.jpg
6,010522.jpg
6,010523.jpg
2,010524.jpg
3,010525.jpg
6,010526.jpg
5,010527.jpg
3,010528.jpg
6,010529.jpg
5,010530.jpg
4,010531.jpg
1,010532.jpg
6,010533.jpg
2,010534.jpg
6,010535.jpg
6,010536.jpg
3,010537.jpg
1,010538.jpg
6,010539.jpg
3,010540.jpg
0,010541.jpg
3,010542.jpg
3,010543.jpg
0,010544.jpg
5,010545.jpg
4,010546.jpg
4,010547.jpg
0,010548.jpg
6,010549.jpg
3,010550.jpg
0,010551.jpg
3,010552.jpg
4,010553.jpg
0,010554.jpg
3,010555.jpg
5,010556.jpg
2,010557.jpg
4,010558.jpg
4,010559.jpg
4,010560.jpg
4,010561.jpg
6,010562.jpg
0,010563.jpg
2,010564.jpg
4,010565.jpg
5,010566.jpg
6,010567.jpg
2,010568.jpg
6,010569.jpg
3,010570.jpg
3,010571.jpg
2,010572.jpg
0,010573.jpg
3,010574.jpg
5,010575.jpg
5,010576.jpg
4,010577.jpg
3,010578.jpg
5,010579.jpg
5,010580.jpg
4,010581.jpg
2,010582.jpg
0,010583.jpg
6,010584.jpg
5,010585.jpg
6,010586.jpg
3,010587.jpg
4,010588.jpg
4,010589.jpg
3,010590.jpg
2,010591.jpg
0,010592.jpg
2,010593.jpg
3,010594.jpg
0,010595.jpg
6,010596.jpg
3,010597.jpg
6,010598.jpg
3,010599.jpg
6,010600.jpg
3,010601.jpg
5,010602.jpg
0,010603.jpg
0,010604.jpg
2,010605.jpg
1,010606.jpg
4,010607.jpg
3,010608.jpg
3,010609.jpg
3,010610.jpg
2,010611.jpg
6,010612.jpg
4,010613.jpg
2,010614.jpg
3,010615.jpg
0,010616.jpg
3,010617.jpg
4,010618.jpg
0,010619.jpg
4,010620.jpg
3,010621.jpg
3,010622.jpg
0,010623.jpg
6,010624.jpg
5,010625.jpg
0,010626.jpg
5,010627.jpg
5,010628.jpg
3,010629.jpg
6,010630.jpg
4,010631.jpg
4,010632.jpg
2,010633.jpg
6,010634.jpg
3,010635.jpg
6,010636.jpg
4,010637.jpg
3,010638.jpg
3,010639.jpg
3,010640.jpg
3,010641.jpg
4,010642.jpg
5,010643.jpg
3,010644.jpg
4,010645.jpg
1,010646.jpg
3,010647.jpg
4,010648.jpg
2,010649.jpg
4,010650.jpg
0,010651.jpg
3,010652.jpg
6,010653.jpg
6,010654.jpg
4,010655.jpg
0,010656.jpg
4,010657.jpg
4,010658.jpg
4,010659.jpg
3,010660.jpg
0,010661.jpg
2,010662.jpg
4,010663.jpg
6,010664.jpg
4,010665.jpg
0,010666.jpg
2,010667.jpg
5,010668.jpg
4,010669.jpg
4,010670.jpg
4,010671.jpg
5,010672.jpg
2,010673.jpg
6,010674.jpg
4,010675.jpg
6,010676.jpg
2,010677.jpg
3,010678.jpg
4,010679.jpg
3,010680.jpg
3,010681.jpg
0,010682.jpg
3,010683.jpg
6,010684.jpg
3,010685.jpg
4,010686.jpg
2,010687.jpg
4,010688.jpg
6,010689.jpg
3,010690.jpg
3,010691.jpg
0,010692.jpg
6,010693.jpg
4,010694.jpg
2,010695.jpg
6,010696.jpg
3,010697.jpg
2,010698.jpg
0,010699.jpg
5,010700.jpg
5,010701.jpg
0,010702.jpg
3,010703.jpg
6,010704.jpg
1,010705.jpg
6,010706.jpg
3,010707.jpg
3,010708.jpg
6,010709.jpg
5,010710.jpg
4,010711.jpg
6,010712.jpg
4,010713.jpg
0,010714.jpg
6,010715.jpg
0,010716.jpg
6,010717.jpg
2,010718.jpg
6,010719.jpg
4,010720.jpg
6,010721.jpg
3,010722.jpg
5,010723.jpg
3,010724.jpg
6,010725.jpg
0,010726.jpg
3,010727.jpg
3,010728.jpg
0,010729.jpg
3,010730.jpg
1,010731.jpg
1,010732.jpg
3,010733.jpg
5,010734.jpg
3,010735.jpg
2,010736.jpg
4,010737.jpg
6,010738.jpg
3,010739.jpg
2,010740.jpg
6,010741.jpg
6,010742.jpg
0,010743.jpg
5,010744.jpg
6,010745.jpg
0,010746.jpg
2,010747.jpg
6,010748.jpg
2,010749.jpg
6,010750.jpg
5,010751.jpg
3,010752.jpg
4,010753.jpg
4,010754.jpg
5,010755.jpg
2,010756.jpg
4,010757.jpg
2,010758.jpg
3,010759.jpg
5,010760.jpg
2,010761.jpg
5,010762.jpg
3,010763.jpg
3,010764.jpg
4,010765.jpg
3,010766.jpg
4,010767.jpg
5,010768.jpg
4,010769.jpg
3,010770.jpg
0,010771.jpg
3,010772.jpg
3,010773.jpg
6,010774.jpg
6,010775.jpg
6,010776.jpg
6,010777.jpg
6,010778.jpg
5,010779.jpg
4,010780.jpg
6,010781.jpg
3,010782.jpg
3,010783.jpg
3,010784.jpg
0,010785.jpg
0,010786.jpg
6,010787.jpg
5,010788.jpg
3,010789.jpg
0,010790.jpg
3,010791.jpg
3,010792.jpg
4,010793.jpg
4,010794.jpg
4,010795.jpg
3,010796.jpg
2,010797.jpg
4,010798.jpg
2,010799.jpg
5,010800.jpg
6,010801.jpg
2,010802.jpg
4,010803.jpg
6,010804.jpg
0,010805.jpg
4,010806.jpg
3,010807.jpg
4,010808.jpg
3,010809.jpg
2,010810.jpg
3,010811.jpg
0,010812.jpg
5,010813.jpg
0,010814.jpg
6,010815.jpg
6,010816.jpg
4,010817.jpg
0,010818.jpg
0,010819.jpg
5,010820.jpg
0,010821.jpg
2,010822.jpg
0,010823.jpg
2,010824.jpg
0,010825.jpg
3,010826.jpg
6,010827.jpg
4,010828.jpg
4,010829.jpg
6,010830.jpg
0,010831.jpg
2,010832.jpg
2,010833.jpg
6,010834.jpg
2,010835.jpg
6,010836.jpg
5,010837.jpg
3,010838.jpg
0,010839.jpg
4,010840.jpg
3,010841.jpg
4,010842.jpg
6,010843.jpg
4,010844.jpg
2,010845.jpg
6,010846.jpg
5,010847.jpg
4,010848.jpg
5,010849.jpg
3,010850.jpg
0,010851.jpg
3,010852.jpg
5,010853.jpg
0,010854.jpg
5,010855.jpg
3,010856.jpg
2,010857.jpg
4,010858.jpg
4,010859.jpg
4,010860.jpg
6,010861.jpg
6,010862.jpg
6,010863.jpg
3,010864.jpg
4,010865.jpg
5,010866.jpg
2,010867.jpg
2,010868.jpg
2,010869.jpg
3,010870.jpg
4,010871.jpg
3,010872.jpg
5,010873.jpg
0,010874.jpg
2,010875.jpg
3,010876.jpg
3,010877.jpg
4,010878.jpg
3,010879.jpg
3,010880.jpg
4,010881.jpg
2,010882.jpg
5,010883.jpg
2,010884.jpg
3,010885.jpg
5,010886.jpg
6,010887.jpg
4,010888.jpg
0,010889.jpg
0,010890.jpg
3,010891.jpg
4,010892.jpg
6,010893.jpg
0,010894.jpg
3,010895.jpg
2,010896.jpg
6,010897.jpg
6,010898.jpg
6,010899.jpg
0,010900.jpg
4,010901.jpg
6,010902.jpg
3,010903.jpg
0,010904.jpg
6,010905.jpg
6,010906.jpg
0,010907.jpg
0,010908.jpg
5,010909.jpg
4,010910.jpg
3,010911.jpg
6,010912.jpg
0,010913.jpg
3,010914.jpg
0,010915.jpg
6,010916.jpg
3,010917.jpg
0,010918.jpg
4,010919.jpg
3,010920.jpg
3,010921.jpg
4,010922.jpg
6,010923.jpg
4,010924.jpg
0,010925.jpg
6,010926.jpg
3,010927.jpg
0,010928.jpg
3,010929.jpg
3,010930.jpg
5,010931.jpg
5,010932.jpg
2,010933.jpg
2,010934.jpg
3,010935.jpg
6,010936.jpg
6,010937.jpg
2,010938.jpg
0,010939.jpg
4,010940.jpg
2,010941.jpg
0,010942.jpg
6,010943.jpg
2,010944.jpg
4,010945.jpg
6,010946.jpg
0,010947.jpg
6,010948.jpg
4,010949.jpg
5,010950.jpg
2,010951.jpg
4,010952.jpg
6,010953.jpg
2,010954.jpg
5,010955.jpg
3,010956.jpg
5,010957.jpg
5,010958.jpg
0,010959.jpg
3,010960.jpg
0,010961.jpg
4,010962.jpg
5,010963.jpg
5,010964.jpg
0,010965.jpg
5,010966.jpg
5,010967.jpg
2,010968.jpg
6,010969.jpg
0,010970.jpg
6,010971.jpg
3,010972.jpg
0,010973.jpg
3,010974.jpg
2,010975.jpg
2,010976.jpg
5,010977.jpg
2,010978.jpg
2,010979.jpg
4,010980.jpg
2,010981.jpg
2,010982.jpg
4,010983.jpg
0,010984.jpg
4,010985.jpg
4,010986.jpg
2,010987.jpg
0,010988.jpg
0,010989.jpg
3,010990.jpg
5,010991.jpg
3,010992.jpg
2,010993.jpg
0,010994.jpg
4,010995.jpg
3,010996.jpg
3,010997.jpg
6,010998.jpg
4,010999.jpg
5,011000.jpg
2,011001.jpg
0,011002.jpg
6,011003.jpg
0,011004.jpg
2,011005.jpg
3,011006.jpg
3,011007.jpg
0,011008.jpg
2,011009.jpg
4,011010.jpg
0,011011.jpg
4,011012.jpg
6,011013.jpg
0,011014.jpg
6,011015.jpg
5,011016.jpg
0,011017.jpg
0,011018.jpg
3,011019.jpg
6,011020.jpg
4,011021.jpg
6,011022.jpg
6,011023.jpg
0,011024.jpg
4,011025.jpg
4,011026.jpg
5,011027.jpg
0,011028.jpg
6,011029.jpg
2,011030.jpg
4,011031.jpg
6,011032.jpg
3,011033.jpg
6,011034.jpg
3,011035.jpg
2,011036.jpg
6,011037.jpg
6,011038.jpg
2,011039.jpg
4,011040.jpg
3,011041.jpg
0,011042.jpg
5,011043.jpg
2,011044.jpg
6,011045.jpg
3,011046.jpg
5,011047.jpg
4,011048.jpg
4,011049.jpg
4,011050.jpg
6,011051.jpg
2,011052.jpg
0,011053.jpg
2,011054.jpg
6,011055.jpg
3,011056.jpg
2,011057.jpg
3,011058.jpg
3,011059.jpg
0,011060.jpg
5,011061.jpg
4,011062.jpg
4,011063.jpg
6,011064.jpg
6,011065.jpg
3,011066.jpg
3,011067.jpg
4,011068.jpg
4,011069.jpg
6,011070.jpg
4,011071.jpg
4,011072.jpg
4,011073.jpg
4,011074.jpg
0,011075.jpg
3,011076.jpg
3,011077.jpg
3,011078.jpg
3,011079.jpg
3,011080.jpg
3,011081.jpg
6,011082.jpg
0,011083.jpg
2,011084.jpg
4,011085.jpg
6,011086.jpg
6,011087.jpg
4,011088.jpg
5,011089.jpg
6,011090.jpg
3,011091.jpg
3,011092.jpg
0,011093.jpg
5,011094.jpg
2,011095.jpg
0,011096.jpg
6,011097.jpg
6,011098.jpg
2,011099.jpg
4,011100.jpg
4,011101.jpg
0,011102.jpg
4,011103.jpg
2,011104.jpg
2,011105.jpg
6,011106.jpg
5,011107.jpg
6,011108.jpg
0,011109.jpg
4,011110.jpg
5,011111.jpg
2,011112.jpg
0,011113.jpg
3,011114.jpg
6,011115.jpg
4,011116.jpg
0,011117.jpg
0,011118.jpg
5,011119.jpg
3,011120.jpg
3,011121.jpg
3,011122.jpg
6,011123.jpg
6,011124.jpg
5,011125.jpg
5,011126.jpg
3,011127.jpg
4,011128.jpg
3,011129.jpg
6,011130.jpg
4,011131.jpg
5,011132.jpg
3,011133.jpg
3,011134.jpg
6,011135.jpg
4,011136.jpg
2,011137.jpg
4,011138.jpg
5,011139.jpg
4,011140.jpg
6,011141.jpg
3,011142.jpg
2,011143.jpg
3,011144.jpg
4,011145.jpg
2,011146.jpg
4,011147.jpg
6,011148.jpg
4,011149.jpg
3,011150.jpg
0,011151.jpg
4,011152.jpg
0,011153.jpg
4,011154.jpg
2,011155.jpg
4,011156.jpg
6,011157.jpg
0,011158.jpg
4,011159.jpg
6,011160.jpg
6,011161.jpg
3,011162.jpg
4,011163.jpg
3,011164.jpg
2,011165.jpg
3,011166.jpg
2,011167.jpg
6,011168.jpg
0,011169.jpg
6,011170.jpg
6,011171.jpg
3,011172.jpg
2,011173.jpg
0,011174.jpg
4,011175.jpg
6,011176.jpg
3,011177.jpg
4,011178.jpg
5,011179.jpg
6,011180.jpg
0,011181.jpg
4,011182.jpg
4,011183.jpg
5,011184.jpg
2,011185.jpg
0,011186.jpg
4,011187.jpg
0,011188.jpg
6,011189.jpg
0,011190.jpg
3,011191.jpg
4,011192.jpg
3,011193.jpg
6,011194.jpg
2,011195.jpg
6,011196.jpg
4,011197.jpg
4,011198.jpg
5,011199.jpg
0,011200.jpg
5,011201.jpg
1,011202.jpg
6,011203.jpg
3,011204.jpg
0,011205.jpg
0,011206.jpg
3,011207.jpg
3,011208.jpg
4,011209.jpg
3,011210.jpg
6,011211.jpg
3,011212.jpg
6,011213.jpg
2,011214.jpg
0,011215.jpg
6,011216.jpg
4,011217.jpg
6,011218.jpg
6,011219.jpg
5,011220.jpg
3,011221.jpg
1,011222.jpg
1,011223.jpg
6,011224.jpg
3,011225.jpg
2,011226.jpg
3,011227.jpg
2,011228.jpg
2,011229.jpg
3,011230.jpg
2,011231.jpg
3,011232.jpg
6,011233.jpg
4,011234.jpg
0,011235.jpg
3,011236.jpg
3,011237.jpg
4,011238.jpg
4,011239.jpg
4,011240.jpg
4,011241.jpg
3,011242.jpg
2,011243.jpg
3,011244.jpg
3,011245.jpg
6,011246.jpg
5,011247.jpg
6,011248.jpg
6,011249.jpg
1,011250.jpg
6,011251.jpg
6,011252.jpg
3,011253.jpg
3,011254.jpg
2,011255.jpg
4,011256.jpg
5,011257.jpg
0,011258.jpg
4,011259.jpg
3,011260.jpg
5,011261.jpg
2,011262.jpg
6,011263.jpg
4,011264.jpg
2,011265.jpg
0,011266.jpg
0,011267.jpg
0,011268.jpg
6,011269.jpg
3,011270.jpg
5,011271.jpg
3,011272.jpg
4,011273.jpg
0,011274.jpg
6,011275.jpg
4,011276.jpg
6,011277.jpg
6,011278.jpg
5,011279.jpg
4,011280.jpg
6,011281.jpg
3,011282.jpg
6,011283.jpg
4,011284.jpg
3,011285.jpg
0,011286.jpg
3,011287.jpg
6,011288.jpg
0,011289.jpg
4,011290.jpg
4,011291.jpg
4,011292.jpg
4,011293.jpg
2,011294.jpg
4,011295.jpg
2,011296.jpg
5,011297.jpg
4,011298.jpg
3,011299.jpg
3,011300.jpg
0,011301.jpg
5,011302.jpg
4,011303.jpg
6,011304.jpg
2,011305.jpg
4,011306.jpg
6,011307.jpg
6,011308.jpg
6,011309.jpg
2,011310.jpg
5,011311.jpg
3,011312.jpg
4,011313.jpg
6,011314.jpg
0,011315.jpg
4,011316.jpg
6,011317.jpg
4,011318.jpg
2,011319.jpg
6,011320.jpg
6,011321.jpg
4,011322.jpg
4,011323.jpg
5,011324.jpg
0,011325.jpg
4,011326.jpg
6,011327.jpg
5,011328.jpg
2,011329.jpg
4,011330.jpg
4,011331.jpg
3,011332.jpg
3,011333.jpg
3,011334.jpg
3,011335.jpg
3,011336.jpg
0,011337.jpg
2,011338.jpg
5,011339.jpg
4,011340.jpg
2,011341.jpg
0,011342.jpg
3,011343.jpg
5,011344.jpg
3,011345.jpg
4,011346.jpg
4,011347.jpg
4,011348.jpg
3,011349.jpg
3,011350.jpg
3,011351.jpg
4,011352.jpg
2,011353.jpg
6,011354.jpg
4,011355.jpg
3,011356.jpg
4,011357.jpg
6,011358.jpg
4,011359.jpg
2,011360.jpg
4,011361.jpg
2,011362.jpg
4,011363.jpg
5,011364.jpg
4,011365.jpg
5,011366.jpg
4,011367.jpg
6,011368.jpg
4,011369.jpg
2,011370.jpg
2,011371.jpg
5,011372.jpg
1,011373.jpg
5,011374.jpg
3,011375.jpg
6,011376.jpg
0,011377.jpg
6,011378.jpg
0,011379.jpg
4,011380.jpg
2,011381.jpg
3,011382.jpg
1,011383.jpg
3,011384.jpg
0,011385.jpg
0,011386.jpg
6,011387.jpg
4,011388.jpg
0,011389.jpg
6,011390.jpg
4,011391.jpg
3,011392.jpg
5,011393.jpg
2,011394.jpg
6,011395.jpg
2,011396.jpg
6,011397.jpg
4,011398.jpg
4,011399.jpg
0,011400.jpg
4,011401.jpg
4,011402.jpg
0,011403.jpg
5,011404.jpg
2,011405.jpg
6,011406.jpg
5,011407.jpg
3,011408.jpg
3,011409.jpg
0,011410.jpg
0,011411.jpg
2,011412.jpg
2,011413.jpg
5,011414.jpg
4,011415.jpg
2,011416.jpg
3,011417.jpg
5,011418.jpg
4,011419.jpg
0,011420.jpg
0,011421.jpg
3,011422.jpg
2,011423.jpg
3,011424.jpg
4,011425.jpg
0,011426.jpg
6,011427.jpg
3,011428.jpg
5,011429.jpg
3,011430.jpg
2,011431.jpg
0,011432.jpg
5,011433.jpg
6,011434.jpg
4,011435.jpg
3,011436.jpg
6,011437.jpg
6,011438.jpg
3,011439.jpg
6,011440.jpg
6,011441.jpg
2,011442.jpg
5,011443.jpg
3,011444.jpg
4,011445.jpg
2,011446.jpg
3,011447.jpg
6,011448.jpg
0,011449.jpg
6,011450.jpg
5,011451.jpg
6,011452.jpg
6,011453.jpg
4,011454.jpg
6,011455.jpg
6,011456.jpg
2,011457.jpg
0,011458.jpg
5,011459.jpg
0,011460.jpg
2,011461.jpg
6,011462.jpg
6,011463.jpg
0,011464.jpg
2,011465.jpg
5,011466.jpg
0,011467.jpg
2,011468.jpg
6,011469.jpg
3,011470.jpg
2,011471.jpg
2,011472.jpg
3,011473.jpg
0,011474.jpg
0,011475.jpg
3,011476.jpg
3,011477.jpg
3,011478.jpg
6,011479.jpg
0,011480.jpg
4,011481.jpg
4,011482.jpg
6,011483.jpg
6,011484.jpg
6,011485.jpg
3,011486.jpg
3,011487.jpg
2,011488.jpg
3,011489.jpg
6,011490.jpg
6,011491.jpg
3,011492.jpg
3,011493.jpg
3,011494.jpg
3,011495.jpg
5,011496.jpg
5,011497.jpg
6,011498.jpg
6,011499.jpg
3,011500.jpg
3,011501.jpg
4,011502.jpg
2,011503.jpg
3,011504.jpg
6,011505.jpg
5,011506.jpg
3,011507.jpg
3,011508.jpg
4,011509.jpg
4,011510.jpg
6,011511.jpg
5,011512.jpg
6,011513.jpg
6,011514.jpg
3,011515.jpg
3,011516.jpg
2,011517.jpg
6,011518.jpg
5,011519.jpg
4,011520.jpg
2,011521.jpg
3,011522.jpg
4,011523.jpg
2,011524.jpg
6,011525.jpg
3,011526.jpg
5,011527.jpg
4,011528.jpg
1,011529.jpg
3,011530.jpg
6,011531.jpg
6,011532.jpg
3,011533.jpg
0,011534.jpg
2,011535.jpg
2,011536.jpg
0,011537.jpg
3,011538.jpg
3,011539.jpg
6,011540.jpg
6,011541.jpg
6,011542.jpg
3,011543.jpg
3,011544.jpg
0,011545.jpg
4,011546.jpg
2,011547.jpg
0,011548.jpg
3,011549.jpg
0,011550.jpg
2,011551.jpg
3,011552.jpg
3,011553.jpg
3,011554.jpg
3,011555.jpg
5,011556.jpg
0,011557.jpg
3,011558.jpg
2,011559.jpg
6,011560.jpg
0,011561.jpg
3,011562.jpg
6,011563.jpg
4,011564.jpg
3,011565.jpg
3,011566.jpg
3,011567.jpg
2,011568.jpg
5,011569.jpg
4,011570.jpg
0,011571.jpg
0,011572.jpg
3,011573.jpg
5,011574.jpg
3,011575.jpg
5,011576.jpg
0,011577.jpg
2,011578.jpg
6,011579.jpg
6,011580.jpg
4,011581.jpg
4,011582.jpg
3,011583.jpg
2,011584.jpg
3,011585.jpg
6,011586.jpg
2,011587.jpg
3,011588.jpg
5,011589.jpg
2,011590.jpg
4,011591.jpg
4,011592.jpg
5,011593.jpg
3,011594.jpg
4,011595.jpg
3,011596.jpg
3,011597.jpg
6,011598.jpg
2,011599.jpg
6,011600.jpg
4,011601.jpg
2,011602.jpg
6,011603.jpg
3,011604.jpg
5,011605.jpg
0,011606.jpg
0,011607.jpg
4,011608.jpg
6,011609.jpg
0,011610.jpg
4,011611.jpg
2,011612.jpg
0,011613.jpg
3,011614.jpg
5,011615.jpg
3,011616.jpg
0,011617.jpg
6,011618.jpg
6,011619.jpg
3,011620.jpg
3,011621.jpg
1,011622.jpg
0,011623.jpg
6,011624.jpg
4,011625.jpg
4,011626.jpg
6,011627.jpg
2,011628.jpg
6,011629.jpg
2,011630.jpg
5,011631.jpg
0,011632.jpg
5,011633.jpg
6,011634.jpg
3,011635.jpg
2,011636.jpg
3,011637.jpg
6,011638.jpg
1,011639.jpg
4,011640.jpg
0,011641.jpg
0,011642.jpg
3,011643.jpg
0,011644.jpg
0,011645.jpg
3,011646.jpg
0,011647.jpg
3,011648.jpg
3,011649.jpg
3,011650.jpg
2,011651.jpg
4,011652.jpg
2,011653.jpg
6,011654.jpg
6,011655.jpg
1,011656.jpg
4,011657.jpg
3,011658.jpg
6,011659.jpg
6,011660.jpg
2,011661.jpg
4,011662.jpg
6,011663.jpg
4,011664.jpg
6,011665.jpg
3,011666.jpg
5,011667.jpg
5,011668.jpg
0,011669.jpg
5,011670.jpg
4,011671.jpg
4,011672.jpg
4,011673.jpg
2,011674.jpg
0,011675.jpg
6,011676.jpg
2,011677.jpg
2,011678.jpg
4,011679.jpg
6,011680.jpg
3,011681.jpg
2,011682.jpg
3,011683.jpg
5,011684.jpg
3,011685.jpg
6,011686.jpg
2,011687.jpg
0,011688.jpg
6,011689.jpg
6,011690.jpg
3,011691.jpg
5,011692.jpg
4,011693.jpg
0,011694.jpg
3,011695.jpg
3,011696.jpg
3,011697.jpg
6,011698.jpg
4,011699.jpg
4,011700.jpg
3,011701.jpg
3,011702.jpg
4,011703.jpg
2,011704.jpg
6,011705.jpg
2,011706.jpg
0,011707.jpg
0,011708.jpg
5,011709.jpg
4,011710.jpg
6,011711.jpg
6,011712.jpg
6,011713.jpg
0,011714.jpg
3,011715.jpg
2,011716.jpg
3,011717.jpg
2,011718.jpg
4,011719.jpg
3,011720.jpg
5,011721.jpg
4,011722.jpg
6,011723.jpg
6,011724.jpg
6,011725.jpg
3,011726.jpg
2,011727.jpg
2,011728.jpg
2,011729.jpg
5,011730.jpg
1,011731.jpg
0,011732.jpg
3,011733.jpg
5,011734.jpg
0,011735.jpg
2,011736.jpg
5,011737.jpg
6,011738.jpg
4,011739.jpg
5,011740.jpg
5,011741.jpg
3,011742.jpg
3,011743.jpg
0,011744.jpg
1,011745.jpg
4,011746.jpg
2,011747.jpg
2,011748.jpg
3,011749.jpg
3,011750.jpg
3,011751.jpg
4,011752.jpg
4,011753.jpg
2,011754.jpg
0,011755.jpg
0,011756.jpg
5,011757.jpg
2,011758.jpg
0,011759.jpg
6,011760.jpg
3,011761.jpg
2,011762.jpg
3,011763.jpg
0,011764.jpg
2,011765.jpg
3,011766.jpg
2,011767.jpg
3,011768.jpg
0,011769.jpg
2,011770.jpg
6,011771.jpg
3,011772.jpg
2,011773.jpg
2,011774.jpg
3,011775.jpg
3,011776.jpg
4,011777.jpg
4,011778.jpg
6,011779.jpg
6,011780.jpg
0,011781.jpg
2,011782.jpg
6,011783.jpg
6,011784.jpg
3,011785.jpg
5,011786.jpg
4,011787.jpg
6,011788.jpg
6,011789.jpg
4,011790.jpg
3,011791.jpg
4,011792.jpg
3,011793.jpg
4,011794.jpg
3,011795.jpg
6,011796.jpg
3,011797.jpg
6,011798.jpg
3,011799.jpg
4,011800.jpg
3,011801.jpg
3,011802.jpg
4,011803.jpg
2,011804.jpg
0,011805.jpg
3,011806.jpg
3,011807.jpg
3,011808.jpg
6,011809.jpg
2,011810.jpg
5,011811.jpg
3,011812.jpg
0,011813.jpg
3,011814.jpg
4,011815.jpg
2,011816.jpg
4,011817.jpg
6,011818.jpg
3,011819.jpg
0,011820.jpg
4,011821.jpg
4,011822.jpg
6,011823.jpg
5,011824.jpg
0,011825.jpg
4,011826.jpg
4,011827.jpg
2,011828.jpg
2,011829.jpg
2,011830.jpg
5,011831.jpg
3,011832.jpg
3,011833.jpg
6,011834.jpg
3,011835.jpg
4,011836.jpg
2,011837.jpg
3,011838.jpg
4,011839.jpg
3,011840.jpg
0,011841.jpg
3,011842.jpg
2,011843.jpg
6,011844.jpg
2,011845.jpg
6,011846.jpg
2,011847.jpg
5,011848.jpg
0,011849.jpg
3,011850.jpg
3,011851.jpg
4,011852.jpg
4,011853.jpg
4,011854.jpg
2,011855.jpg
6,011856.jpg
3,011857.jpg
3,011858.jpg
2,011859.jpg
6,011860.jpg
3,011861.jpg
3,011862.jpg
0,011863.jpg
6,011864.jpg
5,011865.jpg
3,011866.jpg
4,011867.jpg
3,011868.jpg
3,011869.jpg
3,011870.jpg
3,011871.jpg
6,011872.jpg
1,011873.jpg
3,011874.jpg
6,011875.jpg
4,011876.jpg
0,011877.jpg
6,011878.jpg
6,011879.jpg
4,011880.jpg
4,011881.jpg
0,011882.jpg
0,011883.jpg
3,011884.jpg
3,011885.jpg
4,011886.jpg
0,011887.jpg
2,011888.jpg
6,011889.jpg
2,011890.jpg
4,011891.jpg
2,011892.jpg
3,011893.jpg
6,011894.jpg
5,011895.jpg
5,011896.jpg
3,011897.jpg
0,011898.jpg
6,011899.jpg
4,011900.jpg
6,011901.jpg
5,011902.jpg
3,011903.jpg
2,011904.jpg
0,011905.jpg
2,011906.jpg
3,011907.jpg
2,011908.jpg
4,011909.jpg
5,011910.jpg
5,011911.jpg
3,011912.jpg
6,011913.jpg
2,011914.jpg
2,011915.jpg
2,011916.jpg
2,011917.jpg
0,011918.jpg
6,011919.jpg
3,011920.jpg
3,011921.jpg
0,011922.jpg
3,011923.jpg
4,011924.jpg
6,011925.jpg
3,011926.jpg
3,011927.jpg
6,011928.jpg
0,011929.jpg
6,011930.jpg
4,011931.jpg
5,011932.jpg
4,011933.jpg
2,011934.jpg
4,011935.jpg
6,011936.jpg
4,011937.jpg
6,011938.jpg
4,011939.jpg
4,011940.jpg
6,011941.jpg
3,011942.jpg
4,011943.jpg
2,011944.jpg
4,011945.jpg
6,011946.jpg
3,011947.jpg
4,011948.jpg
0,011949.jpg
4,011950.jpg
6,011951.jpg
3,011952.jpg
4,011953.jpg
2,011954.jpg
3,011955.jpg
2,011956.jpg
3,011957.jpg
6,011958.jpg
0,011959.jpg
3,011960.jpg
3,011961.jpg
2,011962.jpg
6,011963.jpg
0,011964.jpg
0,011965.jpg
4,011966.jpg
3,011967.jpg
2,011968.jpg
5,011969.jpg
6,011970.jpg
1,011971.jpg
2,011972.jpg
3,011973.jpg
4,011974.jpg
3,011975.jpg
5,011976.jpg
6,011977.jpg
4,011978.jpg
5,011979.jpg
5,011980.jpg
3,011981.jpg
2,011982.jpg
6,011983.jpg
2,011984.jpg
6,011985.jpg
0,011986.jpg
5,011987.jpg
2,011988.jpg
3,011989.jpg
3,011990.jpg
2,011991.jpg
3,011992.jpg
6,011993.jpg
4,011994.jpg
3,011995.jpg
4,011996.jpg
6,011997.jpg
3,011998.jpg
2,011999.jpg
3,012000.jpg
4,012001.jpg
2,012002.jpg
1,012003.jpg
5,012004.jpg
2,012005.jpg
4,012006.jpg
2,012007.jpg
3,012008.jpg
6,012009.jpg
5,012010.jpg
3,012011.jpg
6,012012.jpg
6,012013.jpg
6,012014.jpg
6,012015.jpg
0,012016.jpg
6,012017.jpg
5,012018.jpg
2,012019.jpg
2,012020.jpg
6,012021.jpg
0,012022.jpg
6,012023.jpg
3,012024.jpg
0,012025.jpg
3,012026.jpg
0,012027.jpg
3,012028.jpg
2,012029.jpg
4,012030.jpg
2,012031.jpg
5,012032.jpg
4,012033.jpg
0,012034.jpg
4,012035.jpg
2,012036.jpg
2,012037.jpg
6,012038.jpg
4,012039.jpg
4,012040.jpg
4,012041.jpg
6,012042.jpg
6,012043.jpg
3,012044.jpg
6,012045.jpg
5,012046.jpg
3,012047.jpg
0,012048.jpg
0,012049.jpg
4,012050.jpg
3,012051.jpg
5,012052.jpg
4,012053.jpg
2,012054.jpg
0,012055.jpg
5,012056.jpg
4,012057.jpg
1,012058.jpg
3,012059.jpg
5,012060.jpg
4,012061.jpg
6,012062.jpg
2,012063.jpg
6,012064.jpg
3,012065.jpg
3,012066.jpg
3,012067.jpg
6,012068.jpg
6,012069.jpg
4,012070.jpg
4,012071.jpg
1,012072.jpg
3,012073.jpg
4,012074.jpg
0,012075.jpg
6,012076.jpg
4,012077.jpg
3,012078.jpg
6,012079.jpg
5,012080.jpg
3,012081.jpg
5,012082.jpg
4,012083.jpg
6,012084.jpg
3,012085.jpg
5,012086.jpg
6,012087.jpg
2,012088.jpg
3,012089.jpg
6,012090.jpg
3,012091.jpg
4,012092.jpg
5,012093.jpg
4,012094.jpg
3,012095.jpg
6,012096.jpg
6,012097.jpg
3,012098.jpg
6,012099.jpg
6,012100.jpg
3,012101.jpg
5,012102.jpg
3,012103.jpg
3,012104.jpg
2,012105.jpg
6,012106.jpg
5,012107.jpg
4,012108.jpg
6,012109.jpg
0,012110.jpg
3,012111.jpg
3,012112.jpg
4,012113.jpg
3,012114.jpg
1,012115.jpg
6,012116.jpg
6,012117.jpg
0,012118.jpg
4,012119.jpg
3,012120.jpg
4,012121.jpg
3,012122.jpg
6,012123.jpg
0,012124.jpg
2,012125.jpg
4,012126.jpg
5,012127.jpg
4,012128.jpg
3,012129.jpg
4,012130.jpg
5,012131.jpg
4,012132.jpg
0,012133.jpg
5,012134.jpg
5,012135.jpg
0,012136.jpg
4,012137.jpg
4,012138.jpg
2,012139.jpg
2,012140.jpg
3,012141.jpg
0,012142.jpg
6,012143.jpg
0,012144.jpg
6,012145.jpg
0,012146.jpg
3,012147.jpg
5,012148.jpg
6,012149.jpg
3,012150.jpg
6,012151.jpg
4,012152.jpg
3,012153.jpg
2,012154.jpg
0,012155.jpg
3,012156.jpg
4,012157.jpg
4,012158.jpg
6,012159.jpg
2,012160.jpg
6,012161.jpg
6,012162.jpg
2,012163.jpg
3,012164.jpg
6,012165.jpg
3,012166.jpg
3,012167.jpg
6,012168.jpg
6,012169.jpg
3,012170.jpg
0,012171.jpg
3,012172.jpg
6,012173.jpg
3,012174.jpg
6,012175.jpg
5,012176.jpg
4,012177.jpg
5,012178.jpg
1,012179.jpg
6,012180.jpg
0,012181.jpg
4,012182.jpg
0,012183.jpg
6,012184.jpg
4,012185.jpg
6,012186.jpg
4,012187.jpg
2,012188.jpg
3,012189.jpg
4,012190.jpg
3,012191.jpg
2,012192.jpg
4,012193.jpg
6,012194.jpg
5,012195.jpg
0,012196.jpg
4,012197.jpg
0,012198.jpg
6,012199.jpg
2,012200.jpg
5,012201.jpg
6,012202.jpg
0,012203.jpg
2,012204.jpg
2,012205.jpg
0,012206.jpg
3,012207.jpg
2,012208.jpg
3,012209.jpg
2,012210.jpg
0,012211.jpg
4,012212.jpg
0,012213.jpg
6,012214.jpg
6,012215.jpg
3,012216.jpg
4,012217.jpg
0,012218.jpg
5,012219.jpg
4,012220.jpg
3,012221.jpg
0,012222.jpg
2,012223.jpg
5,012224.jpg
6,012225.jpg
5,012226.jpg
6,012227.jpg
4,012228.jpg
6,012229.jpg
0,012230.jpg
0,012231.jpg
3,012232.jpg
6,012233.jpg
4,012234.jpg
0,012235.jpg
2,012236.jpg
0,012237.jpg
4,012238.jpg
3,012239.jpg
2,012240.jpg
2,012241.jpg
6,012242.jpg
2,012243.jpg
2,012244.jpg
3,012245.jpg
4,012246.jpg
6,012247.jpg
4,012248.jpg
0,012249.jpg
6,012250.jpg
6,012251.jpg
4,012252.jpg
5,012253.jpg
0,012254.jpg
2,012255.jpg
6,012256.jpg
3,012257.jpg
2,012258.jpg
2,012259.jpg
4,012260.jpg
4,012261.jpg
0,012262.jpg
2,012263.jpg
1,012264.jpg
6,012265.jpg
6,012266.jpg
4,012267.jpg
3,012268.jpg
4,012269.jpg
0,012270.jpg
4,012271.jpg
6,012272.jpg
3,012273.jpg
6,012274.jpg
0,012275.jpg
5,012276.jpg
4,012277.jpg
2,012278.jpg
3,012279.jpg
1,012280.jpg
3,012281.jpg
3,012282.jpg
0,012283.jpg
3,012284.jpg
5,012285.jpg
3,012286.jpg
5,012287.jpg
6,012288.jpg
6,012289.jpg
4,012290.jpg
3,012291.jpg
4,012292.jpg
2,012293.jpg
0,012294.jpg
4,012295.jpg
4,012296.jpg
3,012297.jpg
0,012298.jpg
5,012299.jpg
2,012300.jpg
4,012301.jpg
6,012302.jpg
2,012303.jpg
0,012304.jpg
4,012305.jpg
3,012306.jpg
0,012307.jpg
6,012308.jpg
2,012309.jpg
0,012310.jpg
3,012311.jpg
5,012312.jpg
2,012313.jpg
0,012314.jpg
6,012315.jpg
0,012316.jpg
3,012317.jpg
4,012318.jpg
6,012319.jpg
5,012320.jpg
3,012321.jpg
2,012322.jpg
3,012323.jpg
4,012324.jpg
6,012325.jpg
6,012326.jpg
3,012327.jpg
0,012328.jpg
3,012329.jpg
5,012330.jpg
4,012331.jpg
3,012332.jpg
4,012333.jpg
2,012334.jpg
3,012335.jpg
4,012336.jpg
3,012337.jpg
5,012338.jpg
2,012339.jpg
2,012340.jpg
5,012341.jpg
5,012342.jpg
3,012343.jpg
3,012344.jpg
4,012345.jpg
3,012346.jpg
6,012347.jpg
4,012348.jpg
3,012349.jpg
2,012350.jpg
3,012351.jpg
0,012352.jpg
2,012353.jpg
4,012354.jpg
2,012355.jpg
3,012356.jpg
2,012357.jpg
5,012358.jpg
3,012359.jpg
2,012360.jpg
6,012361.jpg
2,012362.jpg
6,012363.jpg
4,012364.jpg
0,012365.jpg
6,012366.jpg
0,012367.jpg
5,012368.jpg
4,012369.jpg
3,012370.jpg
5,012371.jpg
4,012372.jpg
5,012373.jpg
2,012374.jpg
0,012375.jpg
3,012376.jpg
3,012377.jpg
4,012378.jpg
3,012379.jpg
4,012380.jpg
3,012381.jpg
2,012382.jpg
2,012383.jpg
2,012384.jpg
5,012385.jpg
3,012386.jpg
3,012387.jpg
2,012388.jpg
4,012389.jpg
6,012390.jpg
6,012391.jpg
0,012392.jpg
4,012393.jpg
6,012394.jpg
6,012395.jpg
4,012396.jpg
3,012397.jpg
3,012398.jpg
3,012399.jpg
0,012400.jpg
4,012401.jpg
3,012402.jpg
3,012403.jpg
0,012404.jpg
2,012405.jpg
3,012406.jpg
6,012407.jpg
6,012408.jpg
5,012409.jpg
3,012410.jpg
6,012411.jpg
5,012412.jpg
2,012413.jpg
6,012414.jpg
3,012415.jpg
6,012416.jpg
1,012417.jpg
3,012418.jpg
0,012419.jpg
6,012420.jpg
0,012421.jpg
6,012422.jpg
6,012423.jpg
3,012424.jpg
5,012425.jpg
3,012426.jpg
4,012427.jpg
3,012428.jpg
2,012429.jpg
2,012430.jpg
2,012431.jpg
0,012432.jpg
2,012433.jpg
6,012434.jpg
4,012435.jpg
6,012436.jpg
4,012437.jpg
3,012438.jpg
3,012439.jpg
2,012440.jpg
2,012441.jpg
3,012442.jpg
0,012443.jpg
4,012444.jpg
6,012445.jpg
6,012446.jpg
4,012447.jpg
6,012448.jpg
4,012449.jpg
0,012450.jpg
0,012451.jpg
2,012452.jpg
5,012453.jpg
5,012454.jpg
3,012455.jpg
0,012456.jpg
3,012457.jpg
5,012458.jpg
0,012459.jpg
6,012460.jpg
5,012461.jpg
4,012462.jpg
5,012463.jpg
3,012464.jpg
6,012465.jpg
3,012466.jpg
5,012467.jpg
6,012468.jpg
0,012469.jpg
5,012470.jpg
2,012471.jpg
2,012472.jpg
5,012473.jpg
0,012474.jpg
0,012475.jpg
0,012476.jpg
6,012477.jpg
3,012478.jpg
2,012479.jpg
3,012480.jpg
2,012481.jpg
6,012482.jpg
0,012483.jpg
3,012484.jpg
3,012485.jpg
5,012486.jpg
3,012487.jpg
4,012488.jpg
0,012489.jpg
5,012490.jpg
2,012491.jpg
3,012492.jpg
2,012493.jpg
0,012494.jpg
3,012495.jpg
2,012496.jpg
3,012497.jpg
4,012498.jpg
1,012499.jpg
6,012500.jpg
4,012501.jpg
4,012502.jpg
0,012503.jpg
5,012504.jpg
5,012505.jpg
6,012506.jpg
6,012507.jpg
6,012508.jpg
3,012509.jpg
2,012510.jpg
0,012511.jpg
4,012512.jpg
5,012513.jpg
2,012514.jpg
6,012515.jpg
6,012516.jpg
3,012517.jpg
4,012518.jpg
6,012519.jpg
3,012520.jpg
4,012521.jpg
5,012522.jpg
5,012523.jpg
4,012524.jpg
0,012525.jpg
3,012526.jpg
2,012527.jpg
3,012528.jpg
5,012529.jpg
3,012530.jpg
6,012531.jpg
0,012532.jpg
5,012533.jpg
4,012534.jpg
6,012535.jpg
5,012536.jpg
3,012537.jpg
5,012538.jpg
3,012539.jpg
0,012540.jpg
5,012541.jpg
3,012542.jpg
0,012543.jpg
2,012544.jpg
3,012545.jpg
4,012546.jpg
4,012547.jpg
3,012548.jpg
6,012549.jpg
4,012550.jpg
5,012551.jpg
0,012552.jpg
2,012553.jpg
4,012554.jpg
6,012555.jpg
2,012556.jpg
3,012557.jpg
4,012558.jpg
6,012559.jpg
3,012560.jpg
2,012561.jpg
3,012562.jpg
4,012563.jpg
5,012564.jpg
6,012565.jpg
3,012566.jpg
5,012567.jpg
2,012568.jpg
6,012569.jpg
4,012570.jpg
4,012571.jpg
2,012572.jpg
3,012573.jpg
2,012574.jpg
3,012575.jpg
6,012576.jpg
6,012577.jpg
2,012578.jpg
3,012579.jpg
3,012580.jpg
3,012581.jpg
4,012582.jpg
3,012583.jpg
0,012584.jpg
0,012585.jpg
2,012586.jpg
5,012587.jpg
2,012588.jpg
3,012589.jpg
3,012590.jpg
4,012591.jpg
2,012592.jpg
4,012593.jpg
4,012594.jpg
0,012595.jpg
5,012596.jpg
4,012597.jpg
2,012598.jpg
4,012599.jpg
3,012600.jpg
3,012601.jpg
6,012602.jpg
2,012603.jpg
3,012604.jpg
5,012605.jpg
6,012606.jpg
5,012607.jpg
6,012608.jpg
2,012609.jpg
5,012610.jpg
3,012611.jpg
3,012612.jpg
0,012613.jpg
3,012614.jpg
4,012615.jpg
0,012616.jpg
4,012617.jpg
6,012618.jpg
3,012619.jpg
1,012620.jpg
4,012621.jpg
0,012622.jpg
3,012623.jpg
5,012624.jpg
3,012625.jpg
5,012626.jpg
3,012627.jpg
6,012628.jpg
4,012629.jpg
3,012630.jpg
5,012631.jpg
6,012632.jpg
0,012633.jpg
2,012634.jpg
0,012635.jpg
3,012636.jpg
6,012637.jpg
3,012638.jpg
5,012639.jpg
6,012640.jpg
2,012641.jpg
6,012642.jpg
2,012643.jpg
0,012644.jpg
0,012645.jpg
6,012646.jpg
6,012647.jpg
4,012648.jpg
6,012649.jpg
6,012650.jpg
6,012651.jpg
6,012652.jpg
3,012653.jpg
2,012654.jpg
6,012655.jpg
6,012656.jpg
5,012657.jpg
4,012658.jpg
4,012659.jpg
4,012660.jpg
4,012661.jpg
5,012662.jpg
4,012663.jpg
3,012664.jpg
6,012665.jpg
0,012666.jpg
0,012667.jpg
3,012668.jpg
0,012669.jpg
6,012670.jpg
3,012671.jpg
3,012672.jpg
3,012673.jpg
2,012674.jpg
0,012675.jpg
2,012676.jpg
5,012677.jpg
6,012678.jpg
0,012679.jpg
0,012680.jpg
0,012681.jpg
6,012682.jpg
6,012683.jpg
5,012684.jpg
5,012685.jpg
4,012686.jpg
6,012687.jpg
0,012688.jpg
3,012689.jpg
3,012690.jpg
2,012691.jpg
3,012692.jpg
0,012693.jpg
4,012694.jpg
0,012695.jpg
2,012696.jpg
3,012697.jpg
2,012698.jpg
3,012699.jpg
4,012700.jpg
6,012701.jpg
4,012702.jpg
5,012703.jpg
3,012704.jpg
3,012705.jpg
2,012706.jpg
2,012707.jpg
3,012708.jpg
3,012709.jpg
0,012710.jpg
4,012711.jpg
2,012712.jpg
5,012713.jpg
2,012714.jpg
4,012715.jpg
6,012716.jpg
3,012717.jpg
6,012718.jpg
5,012719.jpg
6,012720.jpg
3,012721.jpg
2,012722.jpg
5,012723.jpg
6,012724.jpg
3,012725.jpg
4,012726.jpg
3,012727.jpg
4,012728.jpg
3,012729.jpg
4,012730.jpg
6,012731.jpg
2,012732.jpg
0,012733.jpg
3,012734.jpg
0,012735.jpg
6,012736.jpg
2,012737.jpg
6,012738.jpg
3,012739.jpg
6,012740.jpg
2,012741.jpg
3,012742.jpg
2,012743.jpg
4,012744.jpg
5,012745.jpg
0,012746.jpg
0,012747.jpg
5,012748.jpg
2,012749.jpg
2,012750.jpg
0,012751.jpg
0,012752.jpg
1,012753.jpg
6,012754.jpg
4,012755.jpg
5,012756.jpg
4,012757.jpg
4,012758.jpg
4,012759.jpg
4,012760.jpg
3,012761.jpg
4,012762.jpg
5,012763.jpg
3,012764.jpg
6,012765.jpg
4,012766.jpg
6,012767.jpg
5,012768.jpg
0,012769.jpg
0,012770.jpg
5,012771.jpg
3,012772.jpg
3,012773.jpg
6,012774.jpg
4,012775.jpg
3,012776.jpg
6,012777.jpg
0,012778.jpg
3,012779.jpg
5,012780.jpg
3,012781.jpg
5,012782.jpg
0,012783.jpg
3,012784.jpg
6,012785.jpg
4,012786.jpg
3,012787.jpg
3,012788.jpg
3,012789.jpg
3,012790.jpg
4,012791.jpg
5,012792.jpg
6,012793.jpg
5,012794.jpg
2,012795.jpg
6,012796.jpg
3,012797.jpg
3,012798.jpg
4,012799.jpg
4,012800.jpg
6,012801.jpg
2,012802.jpg
4,012803.jpg
3,012804.jpg
3,012805.jpg
6,012806.jpg
1,012807.jpg
0,012808.jpg
2,012809.jpg
0,012810.jpg
3,012811.jpg
4,012812.jpg
5,012813.jpg
3,012814.jpg
6,012815.jpg
6,012816.jpg
0,012817.jpg
4,012818.jpg
6,012819.jpg
2,012820.jpg
2,012821.jpg
4,012822.jpg
4,012823.jpg
3,012824.jpg
5,012825.jpg
3,012826.jpg
4,012827.jpg
2,012828.jpg
5,012829.jpg
3,012830.jpg
6,012831.jpg
6,012832.jpg
3,012833.jpg
2,012834.jpg
4,012835.jpg
4,012836.jpg
4,012837.jpg
1,012838.jpg
3,012839.jpg
4,012840.jpg
0,012841.jpg
0,012842.jpg
4,012843.jpg
5,012844.jpg
3,012845.jpg
0,012846.jpg
4,012847.jpg
6,012848.jpg
4,012849.jpg
6,012850.jpg
0,012851.jpg
6,012852.jpg
0,012853.jpg
5,012854.jpg
0,012855.jpg
4,012856.jpg
3,012857.jpg
2,012858.jpg
3,012859.jpg
0,012860.jpg
3,012861.jpg
6,012862.jpg
0,012863.jpg
4,012864.jpg
5,012865.jpg
6,012866.jpg
2,012867.jpg
4,012868.jpg
6,012869.jpg
2,012870.jpg
3,012871.jpg
6,012872.jpg
6,012873.jpg
0,012874.jpg
1,012875.jpg
0,012876.jpg
5,012877.jpg
4,012878.jpg
6,012879.jpg
2,012880.jpg
3,012881.jpg
6,012882.jpg
6,012883.jpg
3,012884.jpg
6,012885.jpg
3,012886.jpg
3,012887.jpg
6,012888.jpg
0,012889.jpg
2,012890.jpg
2,012891.jpg
3,012892.jpg
3,012893.jpg
4,012894.jpg
2,012895.jpg
2,012896.jpg
6,012897.jpg
2,012898.jpg
4,012899.jpg
5,012900.jpg
3,012901.jpg
3,012902.jpg
5,012903.jpg
3,012904.jpg
2,012905.jpg
1,012906.jpg
5,012907.jpg
5,012908.jpg
5,012909.jpg
6,012910.jpg
5,012911.jpg
3,012912.jpg
6,012913.jpg
3,012914.jpg
0,012915.jpg
3,012916.jpg
2,012917.jpg
5,012918.jpg
4,012919.jpg
3,012920.jpg
4,012921.jpg
6,012922.jpg
4,012923.jpg
5,012924.jpg
6,012925.jpg
3,012926.jpg
6,012927.jpg
0,012928.jpg
5,012929.jpg
5,012930.jpg
4,012931.jpg
3,012932.jpg
6,012933.jpg
2,012934.jpg
2,012935.jpg
3,012936.jpg
3,012937.jpg
6,012938.jpg
3,012939.jpg
4,012940.jpg
3,012941.jpg
5,012942.jpg
4,012943.jpg
4,012944.jpg
0,012945.jpg
4,012946.jpg
0,012947.jpg
2,012948.jpg
4,012949.jpg
4,012950.jpg
3,012951.jpg
4,012952.jpg
3,012953.jpg
3,012954.jpg
5,012955.jpg
3,012956.jpg
3,012957.jpg
4,012958.jpg
4,012959.jpg
5,012960.jpg
6,012961.jpg
0,012962.jpg
6,012963.jpg
4,012964.jpg
2,012965.jpg
3,012966.jpg
4,012967.jpg
0,012968.jpg
2,012969.jpg
0,012970.jpg
0,012971.jpg
0,012972.jpg
5,012973.jpg
5,012974.jpg
0,012975.jpg
6,012976.jpg
3,012977.jpg
3,012978.jpg
2,012979.jpg
2,012980.jpg
4,012981.jpg
3,012982.jpg
3,012983.jpg
0,012984.jpg
2,012985.jpg
2,012986.jpg
3,012987.jpg
2,012988.jpg
0,012989.jpg
5,012990.jpg
6,012991.jpg
6,012992.jpg
6,012993.jpg
2,012994.jpg
3,012995.jpg
6,012996.jpg
5,012997.jpg
6,012998.jpg
6,012999.jpg
4,013000.jpg
0,013001.jpg
4,013002.jpg
6,013003.jpg
5,013004.jpg
3,013005.jpg
6,013006.jpg
3,013007.jpg
2,013008.jpg
5,013009.jpg
6,013010.jpg
4,013011.jpg
3,013012.jpg
0,013013.jpg
2,013014.jpg
3,013015.jpg
4,013016.jpg
6,013017.jpg
5,013018.jpg
0,013019.jpg
6,013020.jpg
4,013021.jpg
0,013022.jpg
5,013023.jpg
3,013024.jpg
4,013025.jpg
3,013026.jpg
4,013027.jpg
2,013028.jpg
0,013029.jpg
4,013030.jpg
5,013031.jpg
4,013032.jpg
5,013033.jpg
6,013034.jpg
3,013035.jpg
2,013036.jpg
3,013037.jpg
0,013038.jpg
6,013039.jpg
3,013040.jpg
0,013041.jpg
5,013042.jpg
6,013043.jpg
3,013044.jpg
2,013045.jpg
6,013046.jpg
6,013047.jpg
4,013048.jpg
3,013049.jpg
6,013050.jpg
4,013051.jpg
4,013052.jpg
3,013053.jpg
3,013054.jpg
0,013055.jpg
3,013056.jpg
0,013057.jpg
4,013058.jpg
0,013059.jpg
3,013060.jpg
5,013061.jpg
3,013062.jpg
3,013063.jpg
4,013064.jpg
4,013065.jpg
4,013066.jpg
2,013067.jpg
5,013068.jpg
2,013069.jpg
3,013070.jpg
2,013071.jpg
3,013072.jpg
3,013073.jpg
3,013074.jpg
0,013075.jpg
3,013076.jpg
5,013077.jpg
2,013078.jpg
6,013079.jpg
5,013080.jpg
6,013081.jpg
2,013082.jpg
6,013083.jpg
4,013084.jpg
4,013085.jpg
3,013086.jpg
3,013087.jpg
6,013088.jpg
3,013089.jpg
5,013090.jpg
4,013091.jpg
0,013092.jpg
4,013093.jpg
0,013094.jpg
0,013095.jpg
2,013096.jpg
2,013097.jpg
4,013098.jpg
6,013099.jpg
3,013100.jpg
5,013101.jpg
2,013102.jpg
3,013103.jpg
5,013104.jpg
3,013105.jpg
4,013106.jpg
5,013107.jpg
3,013108.jpg
2,013109.jpg
2,013110.jpg
4,013111.jpg
2,013112.jpg
2,013113.jpg
2,013114.jpg
4,013115.jpg
6,013116.jpg
3,013117.jpg
0,013118.jpg
6,013119.jpg
3,013120.jpg
2,013121.jpg
2,013122.jpg
6,013123.jpg
2,013124.jpg
0,013125.jpg
6,013126.jpg
3,013127.jpg
0,013128.jpg
4,013129.jpg
2,013130.jpg
5,013131.jpg
6,013132.jpg
4,013133.jpg
0,013134.jpg
2,013135.jpg
6,013136.jpg
4,013137.jpg
4,013138.jpg
3,013139.jpg
6,013140.jpg
0,013141.jpg
4,013142.jpg
3,013143.jpg
3,013144.jpg
5,013145.jpg
2,013146.jpg
4,013147.jpg
0,013148.jpg
0,013149.jpg
4,013150.jpg
3,013151.jpg
2,013152.jpg
4,013153.jpg
6,013154.jpg
1,013155.jpg
3,013156.jpg
6,013157.jpg
4,013158.jpg
0,013159.jpg
2,013160.jpg
6,013161.jpg
4,013162.jpg
3,013163.jpg
6,013164.jpg
5,013165.jpg
2,013166.jpg
0,013167.jpg
3,013168.jpg
5,013169.jpg
3,013170.jpg
2,013171.jpg
6,013172.jpg
5,013173.jpg
6,013174.jpg
4,013175.jpg
3,013176.jpg
5,013177.jpg
4,013178.jpg
2,013179.jpg
4,013180.jpg
4,013181.jpg
0,013182.jpg
4,013183.jpg
5,013184.jpg
3,013185.jpg
4,013186.jpg
4,013187.jpg
6,013188.jpg
5,013189.jpg
0,013190.jpg
6,013191.jpg
5,013192.jpg
4,013193.jpg
5,013194.jpg
2,013195.jpg
4,013196.jpg
3,013197.jpg
4,013198.jpg
3,013199.jpg
4,013200.jpg
0,013201.jpg
5,013202.jpg
5,013203.jpg
3,013204.jpg
5,013205.jpg
3,013206.jpg
0,013207.jpg
0,013208.jpg
6,013209.jpg
0,013210.jpg
6,013211.jpg
6,013212.jpg
6,013213.jpg
3,013214.jpg
6,013215.jpg
0,013216.jpg
4,013217.jpg
6,013218.jpg
3,013219.jpg
0,013220.jpg
6,013221.jpg
3,013222.jpg
0,013223.jpg
0,013224.jpg
6,013225.jpg
3,013226.jpg
5,013227.jpg
3,013228.jpg
3,013229.jpg
5,013230.jpg
6,013231.jpg
3,013232.jpg
2,013233.jpg
4,013234.jpg
3,013235.jpg
2,013236.jpg
6,013237.jpg
0,013238.jpg
0,013239.jpg
6,013240.jpg
3,013241.jpg
6,013242.jpg
4,013243.jpg
3,013244.jpg
2,013245.jpg
4,013246.jpg
3,013247.jpg
1,013248.jpg
4,013249.jpg
2,013250.jpg
2,013251.jpg
2,013252.jpg
4,013253.jpg
6,013254.jpg
6,013255.jpg
0,013256.jpg
5,013257.jpg
2,013258.jpg
6,013259.jpg
3,013260.jpg
3,013261.jpg
6,013262.jpg
1,013263.jpg
4,013264.jpg
2,013265.jpg
2,013266.jpg
0,013267.jpg
5,013268.jpg
3,013269.jpg
2,013270.jpg
4,013271.jpg
3,013272.jpg
2,013273.jpg
5,013274.jpg
6,013275.jpg
4,013276.jpg
4,013277.jpg
2,013278.jpg
0,013279.jpg
2,013280.jpg
2,013281.jpg
6,013282.jpg
3,013283.jpg
3,013284.jpg
2,013285.jpg
5,013286.jpg
3,013287.jpg
5,013288.jpg
4,013289.jpg
6,013290.jpg
6,013291.jpg
3,013292.jpg
4,013293.jpg
3,013294.jpg
4,013295.jpg
4,013296.jpg
0,013297.jpg
5,013298.jpg
4,013299.jpg
2,013300.jpg
2,013301.jpg
6,013302.jpg
5,013303.jpg
3,013304.jpg
4,013305.jpg
2,013306.jpg
5,013307.jpg
2,013308.jpg
5,013309.jpg
2,013310.jpg
5,013311.jpg
2,013312.jpg
3,013313.jpg
2,013314.jpg
6,013315.jpg
3,013316.jpg
3,013317.jpg
2,013318.jpg
4,013319.jpg
6,013320.jpg
6,013321.jpg
3,013322.jpg
6,013323.jpg
0,013324.jpg
6,013325.jpg
2,013326.jpg
6,013327.jpg
3,013328.jpg
6,013329.jpg
3,013330.jpg
5,013331.jpg
4,013332.jpg
4,013333.jpg
0,013334.jpg
6,013335.jpg
6,013336.jpg
6,013337.jpg
3,013338.jpg
4,013339.jpg
6,013340.jpg
4,013341.jpg
3,013342.jpg
3,013343.jpg
4,013344.jpg
0,013345.jpg
3,013346.jpg
6,013347.jpg
3,013348.jpg
2,013349.jpg
6,013350.jpg
0,013351.jpg
0,013352.jpg
3,013353.jpg
2,013354.jpg
0,013355.jpg
2,013356.jpg
4,013357.jpg
2,013358.jpg
2,013359.jpg
6,013360.jpg
3,013361.jpg
2,013362.jpg
3,013363.jpg
6,013364.jpg
3,013365.jpg
3,013366.jpg
1,013367.jpg
4,013368.jpg
6,013369.jpg
4,013370.jpg
4,013371.jpg
1,013372.jpg
4,013373.jpg
3,013374.jpg
3,013375.jpg
0,013376.jpg
3,013377.jpg
4,013378.jpg
5,013379.jpg
4,013380.jpg
4,013381.jpg
5,013382.jpg
3,013383.jpg
6,013384.jpg
3,013385.jpg
0,013386.jpg
3,013387.jpg
3,013388.jpg
4,013389.jpg
4,013390.jpg
0,013391.jpg
6,013392.jpg
5,013393.jpg
2,013394.jpg
0,013395.jpg
3,013396.jpg
6,013397.jpg
2,013398.jpg
0,013399.jpg
5,013400.jpg
4,013401.jpg
0,013402.jpg
0,013403.jpg
4,013404.jpg
2,013405.jpg
4,013406.jpg
3,013407.jpg
0,013408.jpg
6,013409.jpg
3,013410.jpg
6,013411.jpg
3,013412.jpg
3,013413.jpg
3,013414.jpg
0,013415.jpg
0,013416.jpg
3,013417.jpg
0,013418.jpg
3,013419.jpg
6,013420.jpg
4,013421.jpg
3,013422.jpg
3,013423.jpg
6,013424.jpg
0,013425.jpg
6,013426.jpg
3,013427.jpg
3,013428.jpg
4,013429.jpg
6,013430.jpg
0,013431.jpg
4,013432.jpg
6,013433.jpg
6,013434.jpg
3,013435.jpg
6,013436.jpg
0,013437.jpg
2,013438.jpg
2,013439.jpg
6,013440.jpg
6,013441.jpg
0,013442.jpg
3,013443.jpg
4,013444.jpg
1,013445.jpg
4,013446.jpg
5,013447.jpg
4,013448.jpg
3,013449.jpg
6,013450.jpg
0,013451.jpg
0,013452.jpg
2,013453.jpg
3,013454.jpg
2,013455.jpg
3,013456.jpg
4,013457.jpg
1,013458.jpg
3,013459.jpg
5,013460.jpg
3,013461.jpg
6,013462.jpg
0,013463.jpg
6,013464.jpg
6,013465.jpg
4,013466.jpg
6,013467.jpg
3,013468.jpg
3,013469.jpg
5,013470.jpg
4,013471.jpg
4,013472.jpg
3,013473.jpg
2,013474.jpg
3,013475.jpg
3,013476.jpg
4,013477.jpg
0,013478.jpg
4,013479.jpg
3,013480.jpg
0,013481.jpg
2,013482.jpg
4,013483.jpg
4,013484.jpg
3,013485.jpg
2,013486.jpg
4,013487.jpg
4,013488.jpg
4,013489.jpg
4,013490.jpg
4,013491.jpg
3,013492.jpg
6,013493.jpg
4,013494.jpg
6,013495.jpg
3,013496.jpg
6,013497.jpg
6,013498.jpg
0,013499.jpg
6,013500.jpg
6,013501.jpg
3,013502.jpg
0,013503.jpg
3,013504.jpg
4,013505.jpg
2,013506.jpg
5,013507.jpg
2,013508.jpg
3,013509.jpg
4,013510.jpg
0,013511.jpg
3,013512.jpg
6,013513.jpg
0,013514.jpg
3,013515.jpg
3,013516.jpg
0,013517.jpg
2,013518.jpg
2,013519.jpg
5,013520.jpg
5,013521.jpg
3,013522.jpg
3,013523.jpg
2,013524.jpg
4,013525.jpg
3,013526.jpg
6,013527.jpg
3,013528.jpg
5,013529.jpg
5,013530.jpg
6,013531.jpg
6,013532.jpg
0,013533.jpg
5,013534.jpg
0,013535.jpg
5,013536.jpg
2,013537.jpg
3,013538.jpg
6,013539.jpg
4,013540.jpg
3,013541.jpg
5,013542.jpg
0,013543.jpg
5,013544.jpg
4,013545.jpg
3,013546.jpg
3,013547.jpg
4,013548.jpg
2,013549.jpg
0,013550.jpg
1,013551.jpg
5,013552.jpg
3,013553.jpg
5,013554.jpg
6,013555.jpg
6,013556.jpg
2,013557.jpg
3,013558.jpg
0,013559.jpg
3,013560.jpg
2,013561.jpg
4,013562.jpg
3,013563.jpg
3,013564.jpg
5,013565.jpg
3,013566.jpg
6,013567.jpg
0,013568.jpg
3,013569.jpg
3,013570.jpg
4,013571.jpg
5,013572.jpg
6,013573.jpg
3,013574.jpg
4,013575.jpg
6,013576.jpg
0,013577.jpg
4,013578.jpg
5,013579.jpg
6,013580.jpg
2,013581.jpg
0,013582.jpg
4,013583.jpg
3,013584.jpg
2,013585.jpg
6,013586.jpg
2,013587.jpg
3,013588.jpg
3,013589.jpg
3,013590.jpg
6,013591.jpg
4,013592.jpg
2,013593.jpg
4,013594.jpg
4,013595.jpg
2,013596.jpg
1,013597.jpg
4,013598.jpg
0,013599.jpg
4,013600.jpg
6,013601.jpg
6,013602.jpg
6,013603.jpg
3,013604.jpg
6,013605.jpg
5,013606.jpg
0,013607.jpg
5,013608.jpg
3,013609.jpg
2,013610.jpg
6,013611.jpg
6,013612.jpg
4,013613.jpg
4,013614.jpg
3,013615.jpg
2,013616.jpg
3,013617.jpg
3,013618.jpg
6,013619.jpg
6,013620.jpg
0,013621.jpg
5,013622.jpg
3,013623.jpg
2,013624.jpg
4,013625.jpg
3,013626.jpg
4,013627.jpg
4,013628.jpg
3,013629.jpg
4,013630.jpg
4,013631.jpg
5,013632.jpg
6,013633.jpg
2,013634.jpg
6,013635.jpg
0,013636.jpg
3,013637.jpg
2,013638.jpg
4,013639.jpg
0,013640.jpg
3,013641.jpg
3,013642.jpg
4,013643.jpg
6,013644.jpg
3,013645.jpg
3,013646.jpg
2,013647.jpg
6,013648.jpg
3,013649.jpg
6,013650.jpg
2,013651.jpg
1,013652.jpg
6,013653.jpg
2,013654.jpg
3,013655.jpg
4,013656.jpg
4,013657.jpg
5,013658.jpg
3,013659.jpg
2,013660.jpg
3,013661.jpg
2,013662.jpg
3,013663.jpg
2,013664.jpg
2,013665.jpg
4,013666.jpg
5,013667.jpg
3,013668.jpg
6,013669.jpg
6,013670.jpg
0,013671.jpg
0,013672.jpg
0,013673.jpg
4,013674.jpg
0,013675.jpg
0,013676.jpg
2,013677.jpg
2,013678.jpg
4,013679.jpg
0,013680.jpg
4,013681.jpg
2,013682.jpg
2,013683.jpg
5,013684.jpg
2,013685.jpg
5,013686.jpg
6,013687.jpg
4,013688.jpg
5,013689.jpg
2,013690.jpg
2,013691.jpg
6,013692.jpg
3,013693.jpg
2,013694.jpg
6,013695.jpg
6,013696.jpg
4,013697.jpg
2,013698.jpg
3,013699.jpg
5,013700.jpg
3,013701.jpg
4,013702.jpg
3,013703.jpg
4,013704.jpg
3,013705.jpg
3,013706.jpg
4,013707.jpg
6,013708.jpg
6,013709.jpg
6,013710.jpg
4,013711.jpg
3,013712.jpg
5,013713.jpg
4,013714.jpg
3,013715.jpg
4,013716.jpg
6,013717.jpg
3,013718.jpg
2,013719.jpg
6,013720.jpg
2,013721.jpg
6,013722.jpg
4,013723.jpg
2,013724.jpg
3,013725.jpg
4,013726.jpg
3,013727.jpg
2,013728.jpg
2,013729.jpg
2,013730.jpg
2,013731.jpg
6,013732.jpg
3,013733.jpg
6,013734.jpg
0,013735.jpg
1,013736.jpg
5,013737.jpg
0,013738.jpg
2,013739.jpg
5,013740.jpg
3,013741.jpg
0,013742.jpg
4,013743.jpg
3,013744.jpg
0,013745.jpg
0,013746.jpg
5,013747.jpg
0,013748.jpg
3,013749.jpg
4,013750.jpg
4,013751.jpg
6,013752.jpg
3,013753.jpg
3,013754.jpg
4,013755.jpg
6,013756.jpg
3,013757.jpg
0,013758.jpg
5,013759.jpg
3,013760.jpg
3,013761.jpg
3,013762.jpg
3,013763.jpg
4,013764.jpg
3,013765.jpg
3,013766.jpg
5,013767.jpg
0,013768.jpg
4,013769.jpg
0,013770.jpg
6,013771.jpg
4,013772.jpg
4,013773.jpg
3,013774.jpg
2,013775.jpg
4,013776.jpg
4,013777.jpg
0,013778.jpg
4,013779.jpg
5,013780.jpg
0,013781.jpg
2,013782.jpg
6,013783.jpg
6,013784.jpg
6,013785.jpg
6,013786.jpg
0,013787.jpg
6,013788.jpg
4,013789.jpg
5,013790.jpg
0,013791.jpg
3,013792.jpg
4,013793.jpg
3,013794.jpg
2,013795.jpg
2,013796.jpg
0,013797.jpg
2,013798.jpg
2,013799.jpg
6,013800.jpg
4,013801.jpg
3,013802.jpg
2,013803.jpg
2,013804.jpg
3,013805.jpg
2,013806.jpg
2,013807.jpg
6,013808.jpg
0,013809.jpg
6,013810.jpg
6,013811.jpg
4,013812.jpg
4,013813.jpg
3,013814.jpg
3,013815.jpg
3,013816.jpg
6,013817.jpg
4,013818.jpg
3,013819.jpg
6,013820.jpg
6,013821.jpg
2,013822.jpg
3,013823.jpg
6,013824.jpg
6,013825.jpg
2,013826.jpg
5,013827.jpg
6,013828.jpg
3,013829.jpg
3,013830.jpg
0,013831.jpg
3,013832.jpg
3,013833.jpg
6,013834.jpg
2,013835.jpg
2,013836.jpg
5,013837.jpg
6,013838.jpg
4,013839.jpg
6,013840.jpg
3,013841.jpg
3,013842.jpg
6,013843.jpg
0,013844.jpg
3,013845.jpg
4,013846.jpg
1,013847.jpg
3,013848.jpg
6,013849.jpg
4,013850.jpg
4,013851.jpg
4,013852.jpg
2,013853.jpg
4,013854.jpg
2,013855.jpg
2,013856.jpg
1,013857.jpg
0,013858.jpg
3,013859.jpg
3,013860.jpg
0,013861.jpg
0,013862.jpg
2,013863.jpg
6,013864.jpg
6,013865.jpg
2,013866.jpg
3,013867.jpg
6,013868.jpg
6,013869.jpg
4,013870.jpg
6,013871.jpg
3,013872.jpg
4,013873.jpg
3,013874.jpg
4,013875.jpg
5,013876.jpg
3,013877.jpg
3,013878.jpg
6,013879.jpg
4,013880.jpg
2,013881.jpg
6,013882.jpg
4,013883.jpg
3,013884.jpg
3,013885.jpg
6,013886.jpg
2,013887.jpg
4,013888.jpg
2,013889.jpg
0,013890.jpg
6,013891.jpg
0,013892.jpg
3,013893.jpg
2,013894.jpg
3,013895.jpg
5,013896.jpg
6,013897.jpg
6,013898.jpg
2,013899.jpg
2,013900.jpg
3,013901.jpg
0,013902.jpg
0,013903.jpg
3,013904.jpg
3,013905.jpg
4,013906.jpg
4,013907.jpg
6,013908.jpg
6,013909.jpg
6,013910.jpg
3,013911.jpg
3,013912.jpg
2,013913.jpg
5,013914.jpg
3,013915.jpg
2,013916.jpg
3,013917.jpg
3,013918.jpg
2,013919.jpg
4,013920.jpg
2,013921.jpg
6,013922.jpg
2,013923.jpg
3,013924.jpg
3,013925.jpg
0,013926.jpg
3,013927.jpg
2,013928.jpg
3,013929.jpg
3,013930.jpg
6,013931.jpg
2,013932.jpg
2,013933.jpg
0,013934.jpg
2,013935.jpg
0,013936.jpg
2,013937.jpg
4,013938.jpg
2,013939.jpg
4,013940.jpg
0,013941.jpg
0,013942.jpg
3,013943.jpg
3,013944.jpg
3,013945.jpg
2,013946.jpg
4,013947.jpg
0,013948.jpg
5,013949.jpg
0,013950.jpg
0,013951.jpg
0,013952.jpg
4,013953.jpg
2,013954.jpg
3,013955.jpg
0,013956.jpg
3,013957.jpg
0,013958.jpg
5,013959.jpg
6,013960.jpg
0,013961.jpg
5,013962.jpg
3,013963.jpg
3,013964.jpg
2,013965.jpg
3,013966.jpg
0,013967.jpg
3,013968.jpg
3,013969.jpg
2,013970.jpg
2,013971.jpg
3,013972.jpg
6,013973.jpg
2,013974.jpg
2,013975.jpg
2,013976.jpg
3,013977.jpg
0,013978.jpg
4,013979.jpg
5,013980.jpg
0,013981.jpg
6,013982.jpg
4,013983.jpg
4,013984.jpg
3,013985.jpg
4,013986.jpg
6,013987.jpg
5,013988.jpg
6,013989.jpg
3,013990.jpg
3,013991.jpg
6,013992.jpg
5,013993.jpg
6,013994.jpg
3,013995.jpg
3,013996.jpg
2,013997.jpg
3,013998.jpg
5,013999.jpg
6,014000.jpg
5,014001.jpg
6,014002.jpg
2,014003.jpg
6,014004.jpg
4,014005.jpg
3,014006.jpg
4,014007.jpg
0,014008.jpg
6,014009.jpg
6,014010.jpg
2,014011.jpg
4,014012.jpg
2,014013.jpg
4,014014.jpg
2,014015.jpg
2,014016.jpg
3,014017.jpg
0,014018.jpg
6,014019.jpg
3,014020.jpg
6,014021.jpg
0,014022.jpg
2,014023.jpg
3,014024.jpg
3,014025.jpg
5,014026.jpg
3,014027.jpg
2,014028.jpg
0,014029.jpg
0,014030.jpg
3,014031.jpg
4,014032.jpg
2,014033.jpg
4,014034.jpg
5,014035.jpg
4,014036.jpg
2,014037.jpg
3,014038.jpg
3,014039.jpg
3,014040.jpg
1,014041.jpg
2,014042.jpg
4,014043.jpg
2,014044.jpg
2,014045.jpg
0,014046.jpg
6,014047.jpg
4,014048.jpg
4,014049.jpg
6,014050.jpg
2,014051.jpg
5,014052.jpg
4,014053.jpg
3,014054.jpg
3,014055.jpg
0,014056.jpg
2,014057.jpg
0,014058.jpg
3,014059.jpg
2,014060.jpg
0,014061.jpg
2,014062.jpg
3,014063.jpg
0,014064.jpg
3,014065.jpg
6,014066.jpg
1,014067.jpg
6,014068.jpg
4,014069.jpg
4,014070.jpg
0,014071.jpg
4,014072.jpg
5,014073.jpg
3,014074.jpg
6,014075.jpg
4,014076.jpg
4,014077.jpg
4,014078.jpg
6,014079.jpg
5,014080.jpg
3,014081.jpg
2,014082.jpg
0,014083.jpg
4,014084.jpg
0,014085.jpg
3,014086.jpg
3,014087.jpg
3,014088.jpg
6,014089.jpg
3,014090.jpg
5,014091.jpg
3,014092.jpg
3,014093.jpg
6,014094.jpg
0,014095.jpg
0,014096.jpg
4,014097.jpg
2,014098.jpg
6,014099.jpg
2,014100.jpg
6,014101.jpg
4,014102.jpg
4,014103.jpg
0,014104.jpg
2,014105.jpg
4,014106.jpg
6,014107.jpg
0,014108.jpg
3,014109.jpg
1,014110.jpg
2,014111.jpg
3,014112.jpg
6,014113.jpg
2,014114.jpg
5,014115.jpg
3,014116.jpg
2,014117.jpg
0,014118.jpg
3,014119.jpg
0,014120.jpg
6,014121.jpg
4,014122.jpg
6,014123.jpg
6,014124.jpg
2,014125.jpg
0,014126.jpg
4,014127.jpg
5,014128.jpg
0,014129.jpg
4,014130.jpg
4,014131.jpg
6,014132.jpg
3,014133.jpg
4,014134.jpg
6,014135.jpg
4,014136.jpg
0,014137.jpg
2,014138.jpg
3,014139.jpg
1,014140.jpg
6,014141.jpg
0,014142.jpg
0,014143.jpg
5,014144.jpg
4,014145.jpg
3,014146.jpg
0,014147.jpg
0,014148.jpg
4,014149.jpg
6,014150.jpg
6,014151.jpg
3,014152.jpg
1,014153.jpg
6,014154.jpg
3,014155.jpg
3,014156.jpg
4,014157.jpg
6,014158.jpg
3,014159.jpg
3,014160.jpg
4,014161.jpg
4,014162.jpg
2,014163.jpg
0,014164.jpg
6,014165.jpg
0,014166.jpg
2,014167.jpg
0,014168.jpg
3,014169.jpg
6,014170.jpg
6,014171.jpg
0,014172.jpg
4,014173.jpg
6,014174.jpg
6,014175.jpg
3,014176.jpg
5,014177.jpg
6,014178.jpg
0,014179.jpg
6,014180.jpg
5,014181.jpg
3,014182.jpg
3,014183.jpg
0,014184.jpg
0,014185.jpg
5,014186.jpg
6,014187.jpg
6,014188.jpg
2,014189.jpg
6,014190.jpg
4,014191.jpg
3,014192.jpg
4,014193.jpg
4,014194.jpg
2,014195.jpg
0,014196.jpg
4,014197.jpg
4,014198.jpg
2,014199.jpg
3,014200.jpg
2,014201.jpg
0,014202.jpg
2,014203.jpg
6,014204.jpg
5,014205.jpg
0,014206.jpg
5,014207.jpg
4,014208.jpg
2,014209.jpg
2,014210.jpg
5,014211.jpg
4,014212.jpg
0,014213.jpg
6,014214.jpg
0,014215.jpg
3,014216.jpg
0,014217.jpg
4,014218.jpg
3,014219.jpg
6,014220.jpg
0,014221.jpg
4,014222.jpg
3,014223.jpg
6,014224.jpg
2,014225.jpg
4,014226.jpg
4,014227.jpg
3,014228.jpg
2,014229.jpg
3,014230.jpg
5,014231.jpg
6,014232.jpg
3,014233.jpg
5,014234.jpg
2,014235.jpg
3,014236.jpg
2,014237.jpg
3,014238.jpg
2,014239.jpg
2,014240.jpg
2,014241.jpg
3,014242.jpg
0,014243.jpg
5,014244.jpg
3,014245.jpg
3,014246.jpg
2,014247.jpg
0,014248.jpg
2,014249.jpg
4,014250.jpg
3,014251.jpg
4,014252.jpg
3,014253.jpg
3,014254.jpg
6,014255.jpg
3,014256.jpg
1,014257.jpg
3,014258.jpg
3,014259.jpg
6,014260.jpg
3,014261.jpg
3,014262.jpg
3,014263.jpg
6,014264.jpg
2,014265.jpg
0,014266.jpg
3,014267.jpg
2,014268.jpg
6,014269.jpg
6,014270.jpg
4,014271.jpg
3,014272.jpg
4,014273.jpg
1,014274.jpg
3,014275.jpg
6,014276.jpg
4,014277.jpg
3,014278.jpg
2,014279.jpg
4,014280.jpg
4,014281.jpg
3,014282.jpg
3,014283.jpg
5,014284.jpg
3,014285.jpg
6,014286.jpg
5,014287.jpg
6,014288.jpg
5,014289.jpg
6,014290.jpg
4,014291.jpg
3,014292.jpg
5,014293.jpg
3,014294.jpg
5,014295.jpg
0,014296.jpg
2,014297.jpg
2,014298.jpg
0,014299.jpg
3,014300.jpg
3,014301.jpg
6,014302.jpg
4,014303.jpg
0,014304.jpg
5,014305.jpg
2,014306.jpg
4,014307.jpg
5,014308.jpg
2,014309.jpg
3,014310.jpg
6,014311.jpg
0,014312.jpg
0,014313.jpg
3,014314.jpg
0,014315.jpg
6,014316.jpg
4,014317.jpg
3,014318.jpg
3,014319.jpg
3,014320.jpg
4,014321.jpg
3,014322.jpg
4,014323.jpg
5,014324.jpg
2,014325.jpg
2,014326.jpg
3,014327.jpg
4,014328.jpg
0,014329.jpg
4,014330.jpg
5,014331.jpg
4,014332.jpg
3,014333.jpg
3,014334.jpg
6,014335.jpg
4,014336.jpg
2,014337.jpg
0,014338.jpg
2,014339.jpg
3,014340.jpg
5,014341.jpg
6,014342.jpg
4,014343.jpg
0,014344.jpg
3,014345.jpg
4,014346.jpg
4,014347.jpg
3,014348.jpg
3,014349.jpg
4,014350.jpg
6,014351.jpg
6,014352.jpg
0,014353.jpg
3,014354.jpg
3,014355.jpg
2,014356.jpg
0,014357.jpg
3,014358.jpg
0,014359.jpg
3,014360.jpg
4,014361.jpg
6,014362.jpg
6,014363.jpg
4,014364.jpg
6,014365.jpg
3,014366.jpg
3,014367.jpg
0,014368.jpg
2,014369.jpg
5,014370.jpg
3,014371.jpg
4,014372.jpg
2,014373.jpg
4,014374.jpg
5,014375.jpg
0,014376.jpg
6,014377.jpg
3,014378.jpg
3,014379.jpg
5,014380.jpg
0,014381.jpg
5,014382.jpg
2,014383.jpg
4,014384.jpg
3,014385.jpg
6,014386.jpg
6,014387.jpg
4,014388.jpg
5,014389.jpg
4,014390.jpg
4,014391.jpg
4,014392.jpg
6,014393.jpg
4,014394.jpg
2,014395.jpg
1,014396.jpg
3,014397.jpg
3,014398.jpg
3,014399.jpg
2,014400.jpg
5,014401.jpg
6,014402.jpg
2,014403.jpg
6,014404.jpg
3,014405.jpg
6,014406.jpg
5,014407.jpg
4,014408.jpg
6,014409.jpg
6,014410.jpg
4,014411.jpg
0,014412.jpg
6,014413.jpg
5,014414.jpg
6,014415.jpg
0,014416.jpg
3,014417.jpg
2,014418.jpg
3,014419.jpg
6,014420.jpg
0,014421.jpg
2,014422.jpg
2,014423.jpg
2,014424.jpg
3,014425.jpg
0,014426.jpg
3,014427.jpg
4,014428.jpg
3,014429.jpg
3,014430.jpg
6,014431.jpg
2,014432.jpg
3,014433.jpg
3,014434.jpg
2,014435.jpg
6,014436.jpg
3,014437.jpg
0,014438.jpg
0,014439.jpg
5,014440.jpg
3,014441.jpg
3,014442.jpg
2,014443.jpg
2,014444.jpg
0,014445.jpg
2,014446.jpg
4,014447.jpg
3,014448.jpg
3,014449.jpg
3,014450.jpg
3,014451.jpg
2,014452.jpg
0,014453.jpg
3,014454.jpg
3,014455.jpg
3,014456.jpg
2,014457.jpg
3,014458.jpg
4,014459.jpg
0,014460.jpg
4,014461.jpg
2,014462.jpg
5,014463.jpg
4,014464.jpg
4,014465.jpg
5,014466.jpg
6,014467.jpg
6,014468.jpg
3,014469.jpg
3,014470.jpg
3,014471.jpg
4,014472.jpg
3,014473.jpg
4,014474.jpg
3,014475.jpg
2,014476.jpg
4,014477.jpg
0,014478.jpg
5,014479.jpg
3,014480.jpg
6,014481.jpg
0,014482.jpg
5,014483.jpg
4,014484.jpg
3,014485.jpg
3,014486.jpg
6,014487.jpg
4,014488.jpg
2,014489.jpg
3,014490.jpg
3,014491.jpg
3,014492.jpg
2,014493.jpg
4,014494.jpg
6,014495.jpg
6,014496.jpg
4,014497.jpg
0,014498.jpg
4,014499.jpg
4,014500.jpg
0,014501.jpg
4,014502.jpg
5,014503.jpg
3,014504.jpg
4,014505.jpg
3,014506.jpg
4,014507.jpg
3,014508.jpg
2,014509.jpg
3,014510.jpg
0,014511.jpg
6,014512.jpg
6,014513.jpg
3,014514.jpg
2,014515.jpg
3,014516.jpg
3,014517.jpg
3,014518.jpg
4,014519.jpg
6,014520.jpg
6,014521.jpg
4,014522.jpg
4,014523.jpg
4,014524.jpg
2,014525.jpg
0,014526.jpg
4,014527.jpg
2,014528.jpg
2,014529.jpg
3,014530.jpg
6,014531.jpg
5,014532.jpg
4,014533.jpg
6,014534.jpg
5,014535.jpg
6,014536.jpg
3,014537.jpg
3,014538.jpg
3,014539.jpg
5,014540.jpg
3,014541.jpg
6,014542.jpg
5,014543.jpg
3,014544.jpg
4,014545.jpg
3,014546.jpg
3,014547.jpg
4,014548.jpg
5,014549.jpg
6,014550.jpg
2,014551.jpg
5,014552.jpg
3,014553.jpg
3,014554.jpg
3,014555.jpg
4,014556.jpg
0,014557.jpg
6,014558.jpg
2,014559.jpg
4,014560.jpg
4,014561.jpg
2,014562.jpg
3,014563.jpg
6,014564.jpg
3,014565.jpg
4,014566.jpg
5,014567.jpg
3,014568.jpg
4,014569.jpg
2,014570.jpg
6,014571.jpg
4,014572.jpg
6,014573.jpg
4,014574.jpg
0,014575.jpg
4,014576.jpg
4,014577.jpg
4,014578.jpg
5,014579.jpg
5,014580.jpg
4,014581.jpg
3,014582.jpg
0,014583.jpg
4,014584.jpg
3,014585.jpg
3,014586.jpg
3,014587.jpg
3,014588.jpg
3,014589.jpg
3,014590.jpg
5,014591.jpg
2,014592.jpg
3,014593.jpg
2,014594.jpg
3,014595.jpg
5,014596.jpg
3,014597.jpg
2,014598.jpg
0,014599.jpg
4,014600.jpg
6,014601.jpg
2,014602.jpg
0,014603.jpg
0,014604.jpg
2,014605.jpg
6,014606.jpg
6,014607.jpg
3,014608.jpg
6,014609.jpg
6,014610.jpg
3,014611.jpg
2,014612.jpg
4,014613.jpg
0,014614.jpg
5,014615.jpg
0,014616.jpg
2,014617.jpg
3,014618.jpg
2,014619.jpg
2,014620.jpg
2,014621.jpg
6,014622.jpg
2,014623.jpg
3,014624.jpg
3,014625.jpg
2,014626.jpg
3,014627.jpg
4,014628.jpg
3,014629.jpg
2,014630.jpg
4,014631.jpg
2,014632.jpg
3,014633.jpg
4,014634.jpg
2,014635.jpg
3,014636.jpg
2,014637.jpg
0,014638.jpg
6,014639.jpg
0,014640.jpg
6,014641.jpg
6,014642.jpg
3,014643.jpg
4,014644.jpg
6,014645.jpg
3,014646.jpg
5,014647.jpg
2,014648.jpg
4,014649.jpg
2,014650.jpg
5,014651.jpg
1,014652.jpg
6,014653.jpg
4,014654.jpg
4,014655.jpg
4,014656.jpg
2,014657.jpg
3,014658.jpg
5,014659.jpg
6,014660.jpg
0,014661.jpg
3,014662.jpg
5,014663.jpg
2,014664.jpg
3,014665.jpg
6,014666.jpg
0,014667.jpg
3,014668.jpg
0,014669.jpg
3,014670.jpg
6,014671.jpg
6,014672.jpg
3,014673.jpg
4,014674.jpg
5,014675.jpg
6,014676.jpg
4,014677.jpg
6,014678.jpg
0,014679.jpg
1,014680.jpg
3,014681.jpg
4,014682.jpg
3,014683.jpg
3,014684.jpg
1,014685.jpg
2,014686.jpg
5,014687.jpg
2,014688.jpg
6,014689.jpg
6,014690.jpg
5,014691.jpg
6,014692.jpg
4,014693.jpg
5,014694.jpg
2,014695.jpg
4,014696.jpg
5,014697.jpg
0,014698.jpg
4,014699.jpg
3,014700.jpg
6,014701.jpg
4,014702.jpg
6,014703.jpg
4,014704.jpg
5,014705.jpg
0,014706.jpg
2,014707.jpg
6,014708.jpg
0,014709.jpg
2,014710.jpg
6,014711.jpg
3,014712.jpg
6,014713.jpg
3,014714.jpg
2,014715.jpg
3,014716.jpg
6,014717.jpg
4,014718.jpg
0,014719.jpg
5,014720.jpg
2,014721.jpg
2,014722.jpg
2,014723.jpg
3,014724.jpg
3,014725.jpg
3,014726.jpg
6,014727.jpg
6,014728.jpg
4,014729.jpg
3,014730.jpg
4,014731.jpg
5,014732.jpg
3,014733.jpg
3,014734.jpg
5,014735.jpg
3,014736.jpg
3,014737.jpg
3,014738.jpg
0,014739.jpg
4,014740.jpg
6,014741.jpg
6,014742.jpg
4,014743.jpg
2,014744.jpg
3,014745.jpg
3,014746.jpg
2,014747.jpg
3,014748.jpg
3,014749.jpg
5,014750.jpg
5,014751.jpg
0,014752.jpg
3,014753.jpg
6,014754.jpg
5,014755.jpg
3,014756.jpg
3,014757.jpg
0,014758.jpg
3,014759.jpg
6,014760.jpg
4,014761.jpg
4,014762.jpg
0,014763.jpg
3,014764.jpg
3,014765.jpg
3,014766.jpg
3,014767.jpg
0,014768.jpg
4,014769.jpg
5,014770.jpg
3,014771.jpg
2,014772.jpg
0,014773.jpg
1,014774.jpg
0,014775.jpg
0,014776.jpg
6,014777.jpg
0,014778.jpg
1,014779.jpg
2,014780.jpg
5,014781.jpg
4,014782.jpg
2,014783.jpg
2,014784.jpg
4,014785.jpg
2,014786.jpg
1,014787.jpg
2,014788.jpg
2,014789.jpg
6,014790.jpg
0,014791.jpg
3,014792.jpg
4,014793.jpg
4,014794.jpg
4,014795.jpg
3,014796.jpg
2,014797.jpg
5,014798.jpg
3,014799.jpg
4,014800.jpg
0,014801.jpg
4,014802.jpg
2,014803.jpg
4,014804.jpg
5,014805.jpg
2,014806.jpg
0,014807.jpg
6,014808.jpg
4,014809.jpg
6,014810.jpg
5,014811.jpg
6,014812.jpg
4,014813.jpg
5,014814.jpg
2,014815.jpg
4,014816.jpg
6,014817.jpg
6,014818.jpg
3,014819.jpg
2,014820.jpg
0,014821.jpg
3,014822.jpg
4,014823.jpg
6,014824.jpg
3,014825.jpg
0,014826.jpg
0,014827.jpg
3,014828.jpg
2,014829.jpg
4,014830.jpg
0,014831.jpg
6,014832.jpg
3,014833.jpg
5,014834.jpg
4,014835.jpg
4,014836.jpg
2,014837.jpg
6,014838.jpg
4,014839.jpg
3,014840.jpg
5,014841.jpg
2,014842.jpg
4,014843.jpg
5,014844.jpg
2,014845.jpg
3,014846.jpg
3,014847.jpg
2,014848.jpg
5,014849.jpg
6,014850.jpg
3,014851.jpg
6,014852.jpg
4,014853.jpg
2,014854.jpg
6,014855.jpg
0,014856.jpg
4,014857.jpg
1,014858.jpg
6,014859.jpg
2,014860.jpg
2,014861.jpg
2,014862.jpg
3,014863.jpg
0,014864.jpg
0,014865.jpg
6,014866.jpg
6,014867.jpg
4,014868.jpg
1,014869.jpg
0,014870.jpg
3,014871.jpg
4,014872.jpg
0,014873.jpg
3,014874.jpg
2,014875.jpg
3,014876.jpg
3,014877.jpg
3,014878.jpg
4,014879.jpg
4,014880.jpg
6,014881.jpg
5,014882.jpg
4,014883.jpg
4,014884.jpg
6,014885.jpg
5,014886.jpg
6,014887.jpg
3,014888.jpg
3,014889.jpg
5,014890.jpg
2,014891.jpg
3,014892.jpg
6,014893.jpg
5,014894.jpg
3,014895.jpg
4,014896.jpg
4,014897.jpg
4,014898.jpg
4,014899.jpg
6,014900.jpg
2,014901.jpg
2,014902.jpg
3,014903.jpg
6,014904.jpg
3,014905.jpg
4,014906.jpg
3,014907.jpg
6,014908.jpg
2,014909.jpg
6,014910.jpg
5,014911.jpg
2,014912.jpg
3,014913.jpg
5,014914.jpg
6,014915.jpg
6,014916.jpg
1,014917.jpg
5,014918.jpg
3,014919.jpg
2,014920.jpg
5,014921.jpg
3,014922.jpg
3,014923.jpg
3,014924.jpg
2,014925.jpg
5,014926.jpg
5,014927.jpg
0,014928.jpg
6,014929.jpg
3,014930.jpg
2,014931.jpg
3,014932.jpg
3,014933.jpg
3,014934.jpg
6,014935.jpg
0,014936.jpg
0,014937.jpg
5,014938.jpg
6,014939.jpg
4,014940.jpg
6,014941.jpg
5,014942.jpg
6,014943.jpg
3,014944.jpg
0,014945.jpg
6,014946.jpg
5,014947.jpg
3,014948.jpg
3,014949.jpg
4,014950.jpg
6,014951.jpg
3,014952.jpg
4,014953.jpg
1,014954.jpg
6,014955.jpg
6,014956.jpg
6,014957.jpg
1,014958.jpg
6,014959.jpg
3,014960.jpg
0,014961.jpg
4,014962.jpg
3,014963.jpg
3,014964.jpg
3,014965.jpg
6,014966.jpg
3,014967.jpg
5,014968.jpg
3,014969.jpg
3,014970.jpg
2,014971.jpg
3,014972.jpg
3,014973.jpg
3,014974.jpg
4,014975.jpg
0,014976.jpg
0,014977.jpg
6,014978.jpg
1,014979.jpg
6,014980.jpg
6,014981.jpg
4,014982.jpg
6,014983.jpg
2,014984.jpg
2,014985.jpg
2,014986.jpg
2,014987.jpg
3,014988.jpg
0,014989.jpg
3,014990.jpg
3,014991.jpg
2,014992.jpg
0,014993.jpg
3,014994.jpg
3,014995.jpg
3,014996.jpg
3,014997.jpg
5,014998.jpg
4,014999.jpg
0,015000.jpg
2,015001.jpg
0,015002.jpg
2,015003.jpg
5,015004.jpg
0,015005.jpg
4,015006.jpg
6,015007.jpg
5,015008.jpg
4,015009.jpg
4,015010.jpg
5,015011.jpg
2,015012.jpg
6,015013.jpg
0,015014.jpg
2,015015.jpg
2,015016.jpg
6,015017.jpg
3,015018.jpg
5,015019.jpg
0,015020.jpg
6,015021.jpg
3,015022.jpg
0,015023.jpg
4,015024.jpg
4,015025.jpg
4,015026.jpg
1,015027.jpg
4,015028.jpg
3,015029.jpg
3,015030.jpg
6,015031.jpg
6,015032.jpg
3,015033.jpg
5,015034.jpg
3,015035.jpg
2,015036.jpg
5,015037.jpg
6,015038.jpg
3,015039.jpg
2,015040.jpg
2,015041.jpg
2,015042.jpg
1,015043.jpg
6,015044.jpg
6,015045.jpg
3,015046.jpg
5,015047.jpg
0,015048.jpg
5,015049.jpg
1,015050.jpg
3,015051.jpg
4,015052.jpg
3,015053.jpg
3,015054.jpg
0,015055.jpg
5,015056.jpg
5,015057.jpg
3,015058.jpg
3,015059.jpg
3,015060.jpg
4,015061.jpg
6,015062.jpg
4,015063.jpg
0,015064.jpg
5,015065.jpg
4,015066.jpg
3,015067.jpg
0,015068.jpg
0,015069.jpg
6,015070.jpg
3,015071.jpg
3,015072.jpg
4,015073.jpg
0,015074.jpg
5,015075.jpg
3,015076.jpg
3,015077.jpg
4,015078.jpg
2,015079.jpg
0,015080.jpg
2,015081.jpg
4,015082.jpg
0,015083.jpg
5,015084.jpg
6,015085.jpg
3,015086.jpg
6,015087.jpg
2,015088.jpg
0,015089.jpg
4,015090.jpg
6,015091.jpg
4,015092.jpg
3,015093.jpg
4,015094.jpg
3,015095.jpg
6,015096.jpg
4,015097.jpg
6,015098.jpg
3,015099.jpg
3,015100.jpg
5,015101.jpg
6,015102.jpg
4,015103.jpg
3,015104.jpg
6,015105.jpg
6,015106.jpg
3,015107.jpg
2,015108.jpg
3,015109.jpg
1,015110.jpg
0,015111.jpg
0,015112.jpg
6,015113.jpg
5,015114.jpg
5,015115.jpg
5,015116.jpg
3,015117.jpg
3,015118.jpg
5,015119.jpg
6,015120.jpg
6,015121.jpg
0,015122.jpg
5,015123.jpg
5,015124.jpg
5,015125.jpg
3,015126.jpg
3,015127.jpg
5,015128.jpg
4,015129.jpg
5,015130.jpg
2,015131.jpg
6,015132.jpg
0,015133.jpg
2,015134.jpg
3,015135.jpg
0,015136.jpg
3,015137.jpg
0,015138.jpg
0,015139.jpg
6,015140.jpg
6,015141.jpg
2,015142.jpg
5,015143.jpg
6,015144.jpg
4,015145.jpg
4,015146.jpg
3,015147.jpg
3,015148.jpg
5,015149.jpg
6,015150.jpg
3,015151.jpg
2,015152.jpg
6,015153.jpg
3,015154.jpg
3,015155.jpg
6,015156.jpg
0,015157.jpg
4,015158.jpg
3,015159.jpg
0,015160.jpg
3,015161.jpg
3,015162.jpg
3,015163.jpg
2,015164.jpg
3,015165.jpg
5,015166.jpg
4,015167.jpg
6,015168.jpg
4,015169.jpg
6,015170.jpg
4,015171.jpg
0,015172.jpg
2,015173.jpg
2,015174.jpg
5,015175.jpg
2,015176.jpg
4,015177.jpg
2,015178.jpg
5,015179.jpg
6,015180.jpg
3,015181.jpg
5,015182.jpg
4,015183.jpg
6,015184.jpg
3,015185.jpg
3,015186.jpg
4,015187.jpg
2,015188.jpg
4,015189.jpg
0,015190.jpg
2,015191.jpg
4,015192.jpg
6,015193.jpg
0,015194.jpg
2,015195.jpg
4,015196.jpg
5,015197.jpg
2,015198.jpg
5,015199.jpg
5,015200.jpg
4,015201.jpg
3,015202.jpg
4,015203.jpg
6,015204.jpg
3,015205.jpg
5,015206.jpg
6,015207.jpg
4,015208.jpg
6,015209.jpg
6,015210.jpg
3,015211.jpg
3,015212.jpg
6,015213.jpg
6,015214.jpg
6,015215.jpg
3,015216.jpg
0,015217.jpg
2,015218.jpg
4,015219.jpg
6,015220.jpg
3,015221.jpg
0,015222.jpg
0,015223.jpg
4,015224.jpg
2,015225.jpg
5,015226.jpg
2,015227.jpg
4,015228.jpg
3,015229.jpg
2,015230.jpg
3,015231.jpg
3,015232.jpg
3,015233.jpg
6,015234.jpg
4,015235.jpg
4,015236.jpg
2,015237.jpg
5,015238.jpg
3,015239.jpg
3,015240.jpg
5,015241.jpg
6,015242.jpg
4,015243.jpg
5,015244.jpg
5,015245.jpg
2,015246.jpg
3,015247.jpg
6,015248.jpg
4,015249.jpg
2,015250.jpg
2,015251.jpg
5,015252.jpg
2,015253.jpg
4,015254.jpg
6,015255.jpg
3,015256.jpg
3,015257.jpg
3,015258.jpg
5,015259.jpg
2,015260.jpg
0,015261.jpg
0,015262.jpg
5,015263.jpg
3,015264.jpg
5,015265.jpg
3,015266.jpg
5,015267.jpg
2,015268.jpg
3,015269.jpg
3,015270.jpg
3,015271.jpg
6,015272.jpg
0,015273.jpg
4,015274.jpg
4,015275.jpg
5,015276.jpg
6,015277.jpg
0,015278.jpg
2,015279.jpg
2,015280.jpg
2,015281.jpg
6,015282.jpg
6,015283.jpg
3,015284.jpg
6,015285.jpg
2,015286.jpg
1,015287.jpg
4,015288.jpg
4,015289.jpg
2,015290.jpg
3,015291.jpg
3,015292.jpg
6,015293.jpg
4,015294.jpg
0,015295.jpg
5,015296.jpg
0,015297.jpg
3,015298.jpg
3,015299.jpg
3,015300.jpg
5,015301.jpg
2,015302.jpg
5,015303.jpg
3,015304.jpg
6,015305.jpg
6,015306.jpg
4,015307.jpg
2,015308.jpg
5,015309.jpg
3,015310.jpg
4,015311.jpg
4,015312.jpg
5,015313.jpg
5,015314.jpg
6,015315.jpg
6,015316.jpg
5,015317.jpg
0,015318.jpg
3,015319.jpg
4,015320.jpg
0,015321.jpg
3,015322.jpg
3,015323.jpg
6,015324.jpg
0,015325.jpg
4,015326.jpg
0,015327.jpg
3,015328.jpg
3,015329.jpg
0,015330.jpg
3,015331.jpg
6,015332.jpg
6,015333.jpg
6,015334.jpg
3,015335.jpg
5,015336.jpg
6,015337.jpg
3,015338.jpg
3,015339.jpg
4,015340.jpg
6,015341.jpg
2,015342.jpg
2,015343.jpg
0,015344.jpg
0,015345.jpg
4,015346.jpg
2,015347.jpg
3,015348.jpg
4,015349.jpg
6,015350.jpg
6,015351.jpg
0,015352.jpg
2,015353.jpg
5,015354.jpg
4,015355.jpg
3,015356.jpg
3,015357.jpg
6,015358.jpg
0,015359.jpg
6,015360.jpg
1,015361.jpg
6,015362.jpg
0,015363.jpg
3,015364.jpg
4,015365.jpg
6,015366.jpg
2,015367.jpg
0,015368.jpg
6,015369.jpg
3,015370.jpg
4,015371.jpg
2,015372.jpg
4,015373.jpg
6,015374.jpg
5,015375.jpg
6,015376.jpg
6,015377.jpg
5,015378.jpg
3,015379.jpg
6,015380.jpg
0,015381.jpg
3,015382.jpg
5,015383.jpg
3,015384.jpg
0,015385.jpg
2,015386.jpg
6,015387.jpg
6,015388.jpg
3,015389.jpg
0,015390.jpg
0,015391.jpg
3,015392.jpg
2,015393.jpg
3,015394.jpg
0,015395.jpg
6,015396.jpg
3,015397.jpg
3,015398.jpg
0,015399.jpg
3,015400.jpg
6,015401.jpg
3,015402.jpg
3,015403.jpg
0,015404.jpg
6,015405.jpg
3,015406.jpg
4,015407.jpg
2,015408.jpg
3,015409.jpg
0,015410.jpg
4,015411.jpg
3,015412.jpg
0,015413.jpg
6,015414.jpg
4,015415.jpg
5,015416.jpg
3,015417.jpg
0,015418.jpg
3,015419.jpg
3,015420.jpg
2,015421.jpg
3,015422.jpg
3,015423.jpg
6,015424.jpg
6,015425.jpg
3,015426.jpg
3,015427.jpg
4,015428.jpg
4,015429.jpg
1,015430.jpg
6,015431.jpg
3,015432.jpg
0,015433.jpg
3,015434.jpg
2,015435.jpg
4,015436.jpg
2,015437.jpg
3,015438.jpg
4,015439.jpg
2,015440.jpg
6,015441.jpg
3,015442.jpg
3,015443.jpg
0,015444.jpg
6,015445.jpg
6,015446.jpg
4,015447.jpg
3,015448.jpg
5,015449.jpg
3,015450.jpg
3,015451.jpg
6,015452.jpg
4,015453.jpg
5,015454.jpg
3,015455.jpg
5,015456.jpg
2,015457.jpg
4,015458.jpg
6,015459.jpg
3,015460.jpg
5,015461.jpg
4,015462.jpg
3,015463.jpg
0,015464.jpg
0,015465.jpg
3,015466.jpg
5,015467.jpg
4,015468.jpg
5,015469.jpg
6,015470.jpg
0,015471.jpg
5,015472.jpg
2,015473.jpg
0,015474.jpg
3,015475.jpg
3,015476.jpg
3,015477.jpg
0,015478.jpg
4,015479.jpg
0,015480.jpg
6,015481.jpg
0,015482.jpg
2,015483.jpg
4,015484.jpg
6,015485.jpg
5,015486.jpg
5,015487.jpg
4,015488.jpg
2,015489.jpg
0,015490.jpg
5,015491.jpg
6,015492.jpg
6,015493.jpg
3,015494.jpg
3,015495.jpg
6,015496.jpg
3,015497.jpg
3,015498.jpg
4,015499.jpg
0,015500.jpg
5,015501.jpg
0,015502.jpg
2,015503.jpg
3,015504.jpg
0,015505.jpg
3,015506.jpg
3,015507.jpg
3,015508.jpg
4,015509.jpg
3,015510.jpg
6,015511.jpg
3,015512.jpg
4,015513.jpg
6,015514.jpg
3,015515.jpg
3,015516.jpg
3,015517.jpg
5,015518.jpg
2,015519.jpg
3,015520.jpg
3,015521.jpg
4,015522.jpg
3,015523.jpg
5,015524.jpg
3,015525.jpg
0,015526.jpg
5,015527.jpg
4,015528.jpg
6,015529.jpg
6,015530.jpg
2,015531.jpg
5,015532.jpg
5,015533.jpg
4,015534.jpg
4,015535.jpg
6,015536.jpg
2,015537.jpg
2,015538.jpg
2,015539.jpg
3,015540.jpg
3,015541.jpg
6,015542.jpg
3,015543.jpg
2,015544.jpg
5,015545.jpg
3,015546.jpg
6,015547.jpg
3,015548.jpg
3,015549.jpg
3,015550.jpg
4,015551.jpg
0,015552.jpg
6,015553.jpg
4,015554.jpg
3,015555.jpg
2,015556.jpg
0,015557.jpg
3,015558.jpg
5,015559.jpg
3,015560.jpg
3,015561.jpg
0,015562.jpg
6,015563.jpg
5,015564.jpg
4,015565.jpg
3,015566.jpg
3,015567.jpg
6,015568.jpg
0,015569.jpg
6,015570.jpg
6,015571.jpg
2,015572.jpg
2,015573.jpg
2,015574.jpg
0,015575.jpg
2,015576.jpg
4,015577.jpg
2,015578.jpg
3,015579.jpg
4,015580.jpg
3,015581.jpg
3,015582.jpg
3,015583.jpg
2,015584.jpg
2,015585.jpg
2,015586.jpg
4,015587.jpg
2,015588.jpg
3,015589.jpg
3,015590.jpg
6,015591.jpg
4,015592.jpg
0,015593.jpg
0,015594.jpg
6,015595.jpg
0,015596.jpg
4,015597.jpg
6,015598.jpg
3,015599.jpg
3,015600.jpg
4,015601.jpg
5,015602.jpg
4,015603.jpg
3,015604.jpg
6,015605.jpg
4,015606.jpg
5,015607.jpg
6,015608.jpg
6,015609.jpg
0,015610.jpg
6,015611.jpg
0,015612.jpg
4,015613.jpg
6,015614.jpg
2,015615.jpg
3,015616.jpg
2,015617.jpg
5,015618.jpg
4,015619.jpg
0,015620.jpg
3,015621.jpg
2,015622.jpg
5,015623.jpg
3,015624.jpg
0,015625.jpg
3,015626.jpg
3,015627.jpg
5,015628.jpg
2,015629.jpg
4,015630.jpg
3,015631.jpg
3,015632.jpg
3,015633.jpg
6,015634.jpg
5,015635.jpg
3,015636.jpg
0,015637.jpg
6,015638.jpg
5,015639.jpg
4,015640.jpg
6,015641.jpg
4,015642.jpg
4,015643.jpg
0,015644.jpg
3,015645.jpg
3,015646.jpg
6,015647.jpg
3,015648.jpg
4,015649.jpg
0,015650.jpg
6,015651.jpg
6,015652.jpg
3,015653.jpg
0,015654.jpg
4,015655.jpg
2,015656.jpg
4,015657.jpg
4,015658.jpg
0,015659.jpg
3,015660.jpg
4,015661.jpg
0,015662.jpg
2,015663.jpg
3,015664.jpg
3,015665.jpg
2,015666.jpg
3,015667.jpg
2,015668.jpg
4,015669.jpg
2,015670.jpg
5,015671.jpg
6,015672.jpg
2,015673.jpg
3,015674.jpg
6,015675.jpg
4,015676.jpg
3,015677.jpg
2,015678.jpg
3,015679.jpg
6,015680.jpg
5,015681.jpg
3,015682.jpg
2,015683.jpg
6,015684.jpg
3,015685.jpg
6,015686.jpg
4,015687.jpg
0,015688.jpg
0,015689.jpg
3,015690.jpg
1,015691.jpg
0,015692.jpg
3,015693.jpg
2,015694.jpg
3,015695.jpg
4,015696.jpg
4,015697.jpg
5,015698.jpg
0,015699.jpg
0,015700.jpg
6,015701.jpg
6,015702.jpg
2,015703.jpg
3,015704.jpg
3,015705.jpg
0,015706.jpg
3,015707.jpg
3,015708.jpg
0,015709.jpg
3,015710.jpg
3,015711.jpg
0,015712.jpg
6,015713.jpg
6,015714.jpg
0,015715.jpg
6,015716.jpg
6,015717.jpg
5,015718.jpg
0,015719.jpg
6,015720.jpg
6,015721.jpg
5,015722.jpg
6,015723.jpg
2,015724.jpg
0,015725.jpg
0,015726.jpg
4,015727.jpg
3,015728.jpg
5,015729.jpg
3,015730.jpg
4,015731.jpg
4,015732.jpg
3,015733.jpg
4,015734.jpg
5,015735.jpg
2,015736.jpg
4,015737.jpg
2,015738.jpg
0,015739.jpg
6,015740.jpg
5,015741.jpg
2,015742.jpg
0,015743.jpg
3,015744.jpg
5,015745.jpg
6,015746.jpg
5,015747.jpg
3,015748.jpg
5,015749.jpg
2,015750.jpg
6,015751.jpg
2,015752.jpg
4,015753.jpg
5,015754.jpg
6,015755.jpg
6,015756.jpg
4,015757.jpg
3,015758.jpg
2,015759.jpg
4,015760.jpg
6,015761.jpg
3,015762.jpg
0,015763.jpg
6,015764.jpg
3,015765.jpg
5,015766.jpg
3,015767.jpg
6,015768.jpg
0,015769.jpg
5,015770.jpg
0,015771.jpg
6,015772.jpg
5,015773.jpg
2,015774.jpg
3,015775.jpg
3,015776.jpg
6,015777.jpg
2,015778.jpg
0,015779.jpg
1,015780.jpg
3,015781.jpg
3,015782.jpg
6,015783.jpg
4,015784.jpg
6,015785.jpg
3,015786.jpg
3,015787.jpg
5,015788.jpg
3,015789.jpg
6,015790.jpg
3,015791.jpg
3,015792.jpg
6,015793.jpg
6,015794.jpg
4,015795.jpg
6,015796.jpg
6,015797.jpg
4,015798.jpg
3,015799.jpg
1,015800.jpg
3,015801.jpg
5,015802.jpg
3,015803.jpg
4,015804.jpg
0,015805.jpg
4,015806.jpg
0,015807.jpg
5,015808.jpg
2,015809.jpg
3,015810.jpg
2,015811.jpg
3,015812.jpg
5,015813.jpg
4,015814.jpg
4,015815.jpg
2,015816.jpg
3,015817.jpg
3,015818.jpg
6,015819.jpg
0,015820.jpg
0,015821.jpg
3,015822.jpg
4,015823.jpg
6,015824.jpg
0,015825.jpg
6,015826.jpg
6,015827.jpg
6,015828.jpg
6,015829.jpg
6,015830.jpg
4,015831.jpg
3,015832.jpg
2,015833.jpg
2,015834.jpg
0,015835.jpg
0,015836.jpg
5,015837.jpg
3,015838.jpg
0,015839.jpg
5,015840.jpg
4,015841.jpg
0,015842.jpg
3,015843.jpg
0,015844.jpg
4,015845.jpg
4,015846.jpg
6,015847.jpg
0,015848.jpg
0,015849.jpg
1,015850.jpg
3,015851.jpg
3,015852.jpg
3,015853.jpg
3,015854.jpg
3,015855.jpg
6,015856.jpg
3,015857.jpg
4,015858.jpg
2,015859.jpg
0,015860.jpg
4,015861.jpg
1,015862.jpg
2,015863.jpg
2,015864.jpg
3,015865.jpg
3,015866.jpg
4,015867.jpg
4,015868.jpg
4,015869.jpg
2,015870.jpg
6,015871.jpg
3,015872.jpg
3,015873.jpg
3,015874.jpg
4,015875.jpg
5,015876.jpg
3,015877.jpg
4,015878.jpg
3,015879.jpg
2,015880.jpg
2,015881.jpg
6,015882.jpg
3,015883.jpg
3,015884.jpg
3,015885.jpg
2,015886.jpg
6,015887.jpg
5,015888.jpg
2,015889.jpg
6,015890.jpg
3,015891.jpg
3,015892.jpg
6,015893.jpg
0,015894.jpg
6,015895.jpg
6,015896.jpg
0,015897.jpg
6,015898.jpg
3,015899.jpg
4,015900.jpg
6,015901.jpg
0,015902.jpg
0,015903.jpg
6,015904.jpg
6,015905.jpg
6,015906.jpg
4,015907.jpg
3,015908.jpg
4,015909.jpg
3,015910.jpg
6,015911.jpg
6,015912.jpg
4,015913.jpg
2,015914.jpg
4,015915.jpg
2,015916.jpg
2,015917.jpg
2,015918.jpg
0,015919.jpg
5,015920.jpg
2,015921.jpg
5,015922.jpg
2,015923.jpg
6,015924.jpg
6,015925.jpg
0,015926.jpg
3,015927.jpg
0,015928.jpg
4,015929.jpg
3,015930.jpg
5,015931.jpg
6,015932.jpg
6,015933.jpg
5,015934.jpg
4,015935.jpg
6,015936.jpg
5,015937.jpg
3,015938.jpg
3,015939.jpg
4,015940.jpg
0,015941.jpg
2,015942.jpg
6,015943.jpg
5,015944.jpg
5,015945.jpg
6,015946.jpg
3,015947.jpg
3,015948.jpg
4,015949.jpg
2,015950.jpg
4,015951.jpg
0,015952.jpg
4,015953.jpg
0,015954.jpg
2,015955.jpg
6,015956.jpg
6,015957.jpg
3,015958.jpg
2,015959.jpg
6,015960.jpg
4,015961.jpg
0,015962.jpg
6,015963.jpg
4,015964.jpg
5,015965.jpg
3,015966.jpg
6,015967.jpg
3,015968.jpg
6,015969.jpg
2,015970.jpg
6,015971.jpg
3,015972.jpg
5,015973.jpg
2,015974.jpg
6,015975.jpg
3,015976.jpg
0,015977.jpg
6,015978.jpg
0,015979.jpg
4,015980.jpg
6,015981.jpg
2,015982.jpg
3,015983.jpg
2,015984.jpg
6,015985.jpg
2,015986.jpg
2,015987.jpg
0,015988.jpg
6,015989.jpg
0,015990.jpg
2,015991.jpg
3,015992.jpg
3,015993.jpg
0,015994.jpg
3,015995.jpg
4,015996.jpg
0,015997.jpg
2,015998.jpg
2,015999.jpg
1,016000.jpg
3,016001.jpg
4,016002.jpg
4,016003.jpg
3,016004.jpg
2,016005.jpg
2,016006.jpg
3,016007.jpg
3,016008.jpg
0,016009.jpg
4,016010.jpg
0,016011.jpg
0,016012.jpg
4,016013.jpg
0,016014.jpg
3,016015.jpg
2,016016.jpg
6,016017.jpg
0,016018.jpg
6,016019.jpg
5,016020.jpg
1,016021.jpg
4,016022.jpg
2,016023.jpg
4,016024.jpg
3,016025.jpg
6,016026.jpg
0,016027.jpg
2,016028.jpg
3,016029.jpg
6,016030.jpg
4,016031.jpg
6,016032.jpg
0,016033.jpg
6,016034.jpg
3,016035.jpg
4,016036.jpg
3,016037.jpg
6,016038.jpg
2,016039.jpg
3,016040.jpg
6,016041.jpg
3,016042.jpg
4,016043.jpg
0,016044.jpg
5,016045.jpg
4,016046.jpg
0,016047.jpg
3,016048.jpg
6,016049.jpg
6,016050.jpg
6,016051.jpg
2,016052.jpg
4,016053.jpg
1,016054.jpg
3,016055.jpg
4,016056.jpg
2,016057.jpg
3,016058.jpg
6,016059.jpg
4,016060.jpg
5,016061.jpg
5,016062.jpg
4,016063.jpg
3,016064.jpg
6,016065.jpg
4,016066.jpg
3,016067.jpg
6,016068.jpg
4,016069.jpg
5,016070.jpg
2,016071.jpg
3,016072.jpg
0,016073.jpg
5,016074.jpg
4,016075.jpg
3,016076.jpg
2,016077.jpg
3,016078.jpg
3,016079.jpg
2,016080.jpg
3,016081.jpg
3,016082.jpg
6,016083.jpg
6,016084.jpg
2,016085.jpg
3,016086.jpg
4,016087.jpg
3,016088.jpg
2,016089.jpg
5,016090.jpg
2,016091.jpg
6,016092.jpg
2,016093.jpg
6,016094.jpg
2,016095.jpg
0,016096.jpg
2,016097.jpg
0,016098.jpg
2,016099.jpg
3,016100.jpg
6,016101.jpg
0,016102.jpg
6,016103.jpg
2,016104.jpg
2,016105.jpg
3,016106.jpg
0,016107.jpg
3,016108.jpg
6,016109.jpg
5,016110.jpg
4,016111.jpg
1,016112.jpg
2,016113.jpg
0,016114.jpg
3,016115.jpg
3,016116.jpg
3,016117.jpg
6,016118.jpg
1,016119.jpg
3,016120.jpg
1,016121.jpg
6,016122.jpg
6,016123.jpg
0,016124.jpg
4,016125.jpg
3,016126.jpg
0,016127.jpg
5,016128.jpg
3,016129.jpg
0,016130.jpg
3,016131.jpg
6,016132.jpg
5,016133.jpg
2,016134.jpg
3,016135.jpg
4,016136.jpg
0,016137.jpg
3,016138.jpg
4,016139.jpg
3,016140.jpg
3,016141.jpg
6,016142.jpg
6,016143.jpg
5,016144.jpg
5,016145.jpg
4,016146.jpg
3,016147.jpg
3,016148.jpg
6,016149.jpg
3,016150.jpg
4,016151.jpg
4,016152.jpg
4,016153.jpg
3,016154.jpg
4,016155.jpg
6,016156.jpg
3,016157.jpg
5,016158.jpg
6,016159.jpg
3,016160.jpg
5,016161.jpg
5,016162.jpg
0,016163.jpg
4,016164.jpg
5,016165.jpg
2,016166.jpg
2,016167.jpg
2,016168.jpg
0,016169.jpg
3,016170.jpg
3,016171.jpg
5,016172.jpg
4,016173.jpg
4,016174.jpg
6,016175.jpg
6,016176.jpg
5,016177.jpg
6,016178.jpg
6,016179.jpg
2,016180.jpg
2,016181.jpg
0,016182.jpg
5,016183.jpg
3,016184.jpg
5,016185.jpg
0,016186.jpg
3,016187.jpg
1,016188.jpg
0,016189.jpg
1,016190.jpg
2,016191.jpg
3,016192.jpg
0,016193.jpg
6,016194.jpg
4,016195.jpg
6,016196.jpg
0,016197.jpg
3,016198.jpg
5,016199.jpg
3,016200.jpg
6,016201.jpg
2,016202.jpg
3,016203.jpg
5,016204.jpg
1,016205.jpg
6,016206.jpg
2,016207.jpg
4,016208.jpg
4,016209.jpg
3,016210.jpg
0,016211.jpg
2,016212.jpg
2,016213.jpg
5,016214.jpg
4,016215.jpg
2,016216.jpg
2,016217.jpg
0,016218.jpg
1,016219.jpg
3,016220.jpg
3,016221.jpg
0,016222.jpg
4,016223.jpg
2,016224.jpg
6,016225.jpg
2,016226.jpg
3,016227.jpg
0,016228.jpg
5,016229.jpg
3,016230.jpg
3,016231.jpg
0,016232.jpg
0,016233.jpg
2,016234.jpg
3,016235.jpg
2,016236.jpg
5,016237.jpg
3,016238.jpg
3,016239.jpg
0,016240.jpg
6,016241.jpg
4,016242.jpg
5,016243.jpg
5,016244.jpg
4,016245.jpg
4,016246.jpg
2,016247.jpg
2,016248.jpg
4,016249.jpg
4,016250.jpg
3,016251.jpg
2,016252.jpg
0,016253.jpg
2,016254.jpg
3,016255.jpg
0,016256.jpg
6,016257.jpg
4,016258.jpg
5,016259.jpg
4,016260.jpg
0,016261.jpg
3,016262.jpg
0,016263.jpg
1,016264.jpg
2,016265.jpg
2,016266.jpg
0,016267.jpg
6,016268.jpg
3,016269.jpg
2,016270.jpg
0,016271.jpg
3,016272.jpg
2,016273.jpg
4,016274.jpg
3,016275.jpg
3,016276.jpg
2,016277.jpg
4,016278.jpg
3,016279.jpg
5,016280.jpg
2,016281.jpg
5,016282.jpg
0,016283.jpg
4,016284.jpg
0,016285.jpg
0,016286.jpg
0,016287.jpg
4,016288.jpg
0,016289.jpg
0,016290.jpg
2,016291.jpg
0,016292.jpg
4,016293.jpg
2,016294.jpg
0,016295.jpg
2,016296.jpg
0,016297.jpg
2,016298.jpg
6,016299.jpg
3,016300.jpg
6,016301.jpg
3,016302.jpg
3,016303.jpg
4,016304.jpg
6,016305.jpg
4,016306.jpg
6,016307.jpg
3,016308.jpg
6,016309.jpg
6,016310.jpg
3,016311.jpg
0,016312.jpg
2,016313.jpg
4,016314.jpg
4,016315.jpg
0,016316.jpg
4,016317.jpg
2,016318.jpg
0,016319.jpg
0,016320.jpg
6,016321.jpg
2,016322.jpg
0,016323.jpg
6,016324.jpg
5,016325.jpg
5,016326.jpg
3,016327.jpg
5,016328.jpg
6,016329.jpg
2,016330.jpg
6,016331.jpg
6,016332.jpg
2,016333.jpg
3,016334.jpg
3,016335.jpg
3,016336.jpg
5,016337.jpg
4,016338.jpg
0,016339.jpg
6,016340.jpg
2,016341.jpg
3,016342.jpg
6,016343.jpg
0,016344.jpg
2,016345.jpg
2,016346.jpg
3,016347.jpg
3,016348.jpg
6,016349.jpg
6,016350.jpg
2,016351.jpg
3,016352.jpg
5,016353.jpg
0,016354.jpg
0,016355.jpg
4,016356.jpg
4,016357.jpg
5,016358.jpg
2,016359.jpg
2,016360.jpg
2,016361.jpg
3,016362.jpg
6,016363.jpg
2,016364.jpg
5,016365.jpg
4,016366.jpg
5,016367.jpg
4,016368.jpg
2,016369.jpg
3,016370.jpg
3,016371.jpg
3,016372.jpg
6,016373.jpg
2,016374.jpg
3,016375.jpg
5,016376.jpg
0,016377.jpg
0,016378.jpg
0,016379.jpg
0,016380.jpg
0,016381.jpg
1,016382.jpg
4,016383.jpg
4,016384.jpg
6,016385.jpg
1,016386.jpg
4,016387.jpg
4,016388.jpg
6,016389.jpg
3,016390.jpg
3,016391.jpg
2,016392.jpg
3,016393.jpg
2,016394.jpg
2,016395.jpg
5,016396.jpg
0,016397.jpg
2,016398.jpg
2,016399.jpg
6,016400.jpg
3,016401.jpg
2,016402.jpg
2,016403.jpg
5,016404.jpg
4,016405.jpg
0,016406.jpg
3,016407.jpg
4,016408.jpg
1,016409.jpg
0,016410.jpg
3,016411.jpg
6,016412.jpg
0,016413.jpg
0,016414.jpg
5,016415.jpg
6,016416.jpg
2,016417.jpg
5,016418.jpg
6,016419.jpg
3,016420.jpg
3,016421.jpg
2,016422.jpg
3,016423.jpg
0,016424.jpg
5,016425.jpg
3,016426.jpg
6,016427.jpg
0,016428.jpg
2,016429.jpg
6,016430.jpg
6,016431.jpg
3,016432.jpg
2,016433.jpg
3,016434.jpg
2,016435.jpg
3,016436.jpg
2,016437.jpg
3,016438.jpg
0,016439.jpg
2,016440.jpg
5,016441.jpg
3,016442.jpg
4,016443.jpg
3,016444.jpg
6,016445.jpg
5,016446.jpg
3,016447.jpg
5,016448.jpg
3,016449.jpg
2,016450.jpg
5,016451.jpg
1,016452.jpg
6,016453.jpg
6,016454.jpg
3,016455.jpg
5,016456.jpg
2,016457.jpg
3,016458.jpg
3,016459.jpg
3,016460.jpg
5,016461.jpg
3,016462.jpg
6,016463.jpg
6,016464.jpg
4,016465.jpg
5,016466.jpg
6,016467.jpg
0,016468.jpg
6,016469.jpg
4,016470.jpg
6,016471.jpg
6,016472.jpg
1,016473.jpg
6,016474.jpg
4,016475.jpg
6,016476.jpg
0,016477.jpg
6,016478.jpg
4,016479.jpg
4,016480.jpg
0,016481.jpg
3,016482.jpg
0,016483.jpg
0,016484.jpg
4,016485.jpg
2,016486.jpg
4,016487.jpg
3,016488.jpg
2,016489.jpg
0,016490.jpg
3,016491.jpg
3,016492.jpg
6,016493.jpg
0,016494.jpg
3,016495.jpg
3,016496.jpg
5,016497.jpg
2,016498.jpg
6,016499.jpg
6,016500.jpg
2,016501.jpg
0,016502.jpg
2,016503.jpg
4,016504.jpg
3,016505.jpg
0,016506.jpg
5,016507.jpg
6,016508.jpg
6,016509.jpg
0,016510.jpg
3,016511.jpg
5,016512.jpg
2,016513.jpg
5,016514.jpg
4,016515.jpg
0,016516.jpg
1,016517.jpg
6,016518.jpg
3,016519.jpg
0,016520.jpg
3,016521.jpg
2,016522.jpg
2,016523.jpg
6,016524.jpg
6,016525.jpg
5,016526.jpg
0,016527.jpg
6,016528.jpg
6,016529.jpg
5,016530.jpg
4,016531.jpg
3,016532.jpg
6,016533.jpg
0,016534.jpg
4,016535.jpg
2,016536.jpg
4,016537.jpg
5,016538.jpg
2,016539.jpg
3,016540.jpg
3,016541.jpg
3,016542.jpg
5,016543.jpg
0,016544.jpg
4,016545.jpg
3,016546.jpg
2,016547.jpg
6,016548.jpg
4,016549.jpg
3,016550.jpg
3,016551.jpg
3,016552.jpg
6,016553.jpg
6,016554.jpg
5,016555.jpg
1,016556.jpg
0,016557.jpg
4,016558.jpg
2,016559.jpg
0,016560.jpg
3,016561.jpg
3,016562.jpg
3,016563.jpg
0,016564.jpg
0,016565.jpg
1,016566.jpg
3,016567.jpg
4,016568.jpg
6,016569.jpg
6,016570.jpg
2,016571.jpg
2,016572.jpg
3,016573.jpg
2,016574.jpg
6,016575.jpg
0,016576.jpg
2,016577.jpg
6,016578.jpg
4,016579.jpg
1,016580.jpg
3,016581.jpg
6,016582.jpg
3,016583.jpg
2,016584.jpg
2,016585.jpg
2,016586.jpg
2,016587.jpg
3,016588.jpg
2,016589.jpg
6,016590.jpg
1,016591.jpg
4,016592.jpg
4,016593.jpg
5,016594.jpg
3,016595.jpg
3,016596.jpg
3,016597.jpg
5,016598.jpg
4,016599.jpg
6,016600.jpg
4,016601.jpg
4,016602.jpg
0,016603.jpg
3,016604.jpg
0,016605.jpg
4,016606.jpg
4,016607.jpg
0,016608.jpg
2,016609.jpg
6,016610.jpg
3,016611.jpg
4,016612.jpg
6,016613.jpg
3,016614.jpg
3,016615.jpg
2,016616.jpg
2,016617.jpg
5,016618.jpg
3,016619.jpg
5,016620.jpg
3,016621.jpg
4,016622.jpg
2,016623.jpg
2,016624.jpg
3,016625.jpg
0,016626.jpg
5,016627.jpg
2,016628.jpg
3,016629.jpg
6,016630.jpg
4,016631.jpg
2,016632.jpg
3,016633.jpg
2,016634.jpg
4,016635.jpg
3,016636.jpg
5,016637.jpg
0,016638.jpg
6,016639.jpg
6,016640.jpg
5,016641.jpg
6,016642.jpg
0,016643.jpg
5,016644.jpg
4,016645.jpg
5,016646.jpg
4,016647.jpg
0,016648.jpg
3,016649.jpg
3,016650.jpg
4,016651.jpg
0,016652.jpg
0,016653.jpg
2,016654.jpg
5,016655.jpg
3,016656.jpg
0,016657.jpg
3,016658.jpg
0,016659.jpg
3,016660.jpg
3,016661.jpg
0,016662.jpg
4,016663.jpg
3,016664.jpg
3,016665.jpg
5,016666.jpg
3,016667.jpg
4,016668.jpg
5,016669.jpg
0,016670.jpg
6,016671.jpg
0,016672.jpg
1,016673.jpg
2,016674.jpg
6,016675.jpg
3,016676.jpg
6,016677.jpg
3,016678.jpg
3,016679.jpg
2,016680.jpg
0,016681.jpg
5,016682.jpg
4,016683.jpg
3,016684.jpg
6,016685.jpg
3,016686.jpg
4,016687.jpg
3,016688.jpg
4,016689.jpg
4,016690.jpg
4,016691.jpg
6,016692.jpg
3,016693.jpg
4,016694.jpg
2,016695.jpg
6,016696.jpg
3,016697.jpg
0,016698.jpg
3,016699.jpg
3,016700.jpg
2,016701.jpg
5,016702.jpg
3,016703.jpg
3,016704.jpg
4,016705.jpg
4,016706.jpg
5,016707.jpg
2,016708.jpg
6,016709.jpg
4,016710.jpg
0,016711.jpg
3,016712.jpg
5,016713.jpg
6,016714.jpg
3,016715.jpg
5,016716.jpg
4,016717.jpg
1,016718.jpg
2,016719.jpg
3,016720.jpg
5,016721.jpg
4,016722.jpg
1,016723.jpg
3,016724.jpg
4,016725.jpg
4,016726.jpg
5,016727.jpg
6,016728.jpg
4,016729.jpg
3,016730.jpg
3,016731.jpg
6,016732.jpg
2,016733.jpg
3,016734.jpg
6,016735.jpg
2,016736.jpg
0,016737.jpg
3,016738.jpg
0,016739.jpg
2,016740.jpg
0,016741.jpg
4,016742.jpg
6,016743.jpg
4,016744.jpg
2,016745.jpg
0,016746.jpg
6,016747.jpg
6,016748.jpg
3,016749.jpg
6,016750.jpg
3,016751.jpg
3,016752.jpg
2,016753.jpg
2,016754.jpg
4,016755.jpg
5,016756.jpg
2,016757.jpg
2,016758.jpg
3,016759.jpg
3,016760.jpg
0,016761.jpg
3,016762.jpg
2,016763.jpg
0,016764.jpg
6,016765.jpg
3,016766.jpg
3,016767.jpg
0,016768.jpg
3,016769.jpg
3,016770.jpg
2,016771.jpg
5,016772.jpg
2,016773.jpg
5,016774.jpg
2,016775.jpg
4,016776.jpg
4,016777.jpg
0,016778.jpg
3,016779.jpg
3,016780.jpg
6,016781.jpg
3,016782.jpg
0,016783.jpg
2,016784.jpg
4,016785.jpg
6,016786.jpg
4,016787.jpg
2,016788.jpg
2,016789.jpg
2,016790.jpg
3,016791.jpg
0,016792.jpg
6,016793.jpg
3,016794.jpg
3,016795.jpg
6,016796.jpg
4,016797.jpg
4,016798.jpg
3,016799.jpg
4,016800.jpg
4,016801.jpg
2,016802.jpg
5,016803.jpg
2,016804.jpg
6,016805.jpg
0,016806.jpg
2,016807.jpg
3,016808.jpg
3,016809.jpg
3,016810.jpg
2,016811.jpg
6,016812.jpg
5,016813.jpg
2,016814.jpg
1,016815.jpg
3,016816.jpg
6,016817.jpg
3,016818.jpg
2,016819.jpg
4,016820.jpg
4,016821.jpg
4,016822.jpg
6,016823.jpg
6,016824.jpg
2,016825.jpg
6,016826.jpg
3,016827.jpg
4,016828.jpg
5,016829.jpg
2,016830.jpg
6,016831.jpg
3,016832.jpg
6,016833.jpg
3,016834.jpg
3,016835.jpg
3,016836.jpg
4,016837.jpg
4,016838.jpg
4,016839.jpg
4,016840.jpg
2,016841.jpg
6,016842.jpg
3,016843.jpg
6,016844.jpg
6,016845.jpg
6,016846.jpg
1,016847.jpg
6,016848.jpg
3,016849.jpg
2,016850.jpg
5,016851.jpg
4,016852.jpg
3,016853.jpg
3,016854.jpg
4,016855.jpg
5,016856.jpg
3,016857.jpg
4,016858.jpg
4,016859.jpg
6,016860.jpg
4,016861.jpg
2,016862.jpg
4,016863.jpg
3,016864.jpg
2,016865.jpg
6,016866.jpg
6,016867.jpg
3,016868.jpg
2,016869.jpg
6,016870.jpg
0,016871.jpg
6,016872.jpg
6,016873.jpg
4,016874.jpg
0,016875.jpg
3,016876.jpg
0,016877.jpg
3,016878.jpg
2,016879.jpg
2,016880.jpg
4,016881.jpg
6,016882.jpg
3,016883.jpg
0,016884.jpg
0,016885.jpg
5,016886.jpg
2,016887.jpg
5,016888.jpg
2,016889.jpg
6,016890.jpg
3,016891.jpg
4,016892.jpg
5,016893.jpg
0,016894.jpg
4,016895.jpg
3,016896.jpg
6,016897.jpg
6,016898.jpg
2,016899.jpg
4,016900.jpg
5,016901.jpg
4,016902.jpg
4,016903.jpg
2,016904.jpg
4,016905.jpg
3,016906.jpg
5,016907.jpg
3,016908.jpg
0,016909.jpg
0,016910.jpg
2,016911.jpg
0,016912.jpg
4,016913.jpg
3,016914.jpg
2,016915.jpg
0,016916.jpg
0,016917.jpg
0,016918.jpg
0,016919.jpg
3,016920.jpg
5,016921.jpg
3,016922.jpg
6,016923.jpg
1,016924.jpg
3,016925.jpg
4,016926.jpg
4,016927.jpg
2,016928.jpg
0,016929.jpg
2,016930.jpg
1,016931.jpg
4,016932.jpg
0,016933.jpg
3,016934.jpg
3,016935.jpg
6,016936.jpg
3,016937.jpg
4,016938.jpg
2,016939.jpg
5,016940.jpg
0,016941.jpg
6,016942.jpg
4,016943.jpg
3,016944.jpg
2,016945.jpg
4,016946.jpg
5,016947.jpg
0,016948.jpg
4,016949.jpg
4,016950.jpg
3,016951.jpg
3,016952.jpg
1,016953.jpg
2,016954.jpg
2,016955.jpg
0,016956.jpg
3,016957.jpg
0,016958.jpg
5,016959.jpg
3,016960.jpg
2,016961.jpg
4,016962.jpg
2,016963.jpg
6,016964.jpg
3,016965.jpg
3,016966.jpg
3,016967.jpg
4,016968.jpg
6,016969.jpg
4,016970.jpg
3,016971.jpg
0,016972.jpg
5,016973.jpg
4,016974.jpg
3,016975.jpg
5,016976.jpg
2,016977.jpg
3,016978.jpg
6,016979.jpg
5,016980.jpg
0,016981.jpg
3,016982.jpg
4,016983.jpg
4,016984.jpg
4,016985.jpg
2,016986.jpg
6,016987.jpg
3,016988.jpg
6,016989.jpg
2,016990.jpg
3,016991.jpg
3,016992.jpg
2,016993.jpg
3,016994.jpg
5,016995.jpg
2,016996.jpg
5,016997.jpg
6,016998.jpg
0,016999.jpg
0,017000.jpg
3,017001.jpg
3,017002.jpg
4,017003.jpg
5,017004.jpg
6,017005.jpg
2,017006.jpg
3,017007.jpg
3,017008.jpg
0,017009.jpg
3,017010.jpg
4,017011.jpg
6,017012.jpg
2,017013.jpg
4,017014.jpg
6,017015.jpg
5,017016.jpg
2,017017.jpg
6,017018.jpg
5,017019.jpg
0,017020.jpg
3,017021.jpg
3,017022.jpg
2,017023.jpg
0,017024.jpg
6,017025.jpg
2,017026.jpg
5,017027.jpg
6,017028.jpg
3,017029.jpg
3,017030.jpg
3,017031.jpg
3,017032.jpg
6,017033.jpg
3,017034.jpg
3,017035.jpg
6,017036.jpg
3,017037.jpg
6,017038.jpg
4,017039.jpg
3,017040.jpg
3,017041.jpg
2,017042.jpg
5,017043.jpg
5,017044.jpg
3,017045.jpg
4,017046.jpg
3,017047.jpg
3,017048.jpg
0,017049.jpg
0,017050.jpg
4,017051.jpg
5,017052.jpg
0,017053.jpg
6,017054.jpg
4,017055.jpg
5,017056.jpg
2,017057.jpg
6,017058.jpg
0,017059.jpg
2,017060.jpg
5,017061.jpg
2,017062.jpg
5,017063.jpg
6,017064.jpg
5,017065.jpg
2,017066.jpg
3,017067.jpg
4,017068.jpg
4,017069.jpg
2,017070.jpg
3,017071.jpg
3,017072.jpg
6,017073.jpg
2,017074.jpg
6,017075.jpg
2,017076.jpg
4,017077.jpg
3,017078.jpg
3,017079.jpg
3,017080.jpg
6,017081.jpg
6,017082.jpg
6,017083.jpg
4,017084.jpg
0,017085.jpg
3,017086.jpg
6,017087.jpg
5,017088.jpg
3,017089.jpg
0,017090.jpg
2,017091.jpg
0,017092.jpg
3,017093.jpg
4,017094.jpg
2,017095.jpg
4,017096.jpg
4,017097.jpg
3,017098.jpg
0,017099.jpg
4,017100.jpg
6,017101.jpg
6,017102.jpg
4,017103.jpg
3,017104.jpg
2,017105.jpg
6,017106.jpg
2,017107.jpg
2,017108.jpg
4,017109.jpg
6,017110.jpg
0,017111.jpg
4,017112.jpg
6,017113.jpg
2,017114.jpg
3,017115.jpg
0,017116.jpg
3,017117.jpg
5,017118.jpg
6,017119.jpg
6,017120.jpg
5,017121.jpg
3,017122.jpg
2,017123.jpg
5,017124.jpg
3,017125.jpg
3,017126.jpg
6,017127.jpg
4,017128.jpg
0,017129.jpg
4,017130.jpg
6,017131.jpg
2,017132.jpg
6,017133.jpg
4,017134.jpg
5,017135.jpg
4,017136.jpg
5,017137.jpg
5,017138.jpg
0,017139.jpg
0,017140.jpg
3,017141.jpg
3,017142.jpg
4,017143.jpg
3,017144.jpg
3,017145.jpg
5,017146.jpg
3,017147.jpg
5,017148.jpg
2,017149.jpg
3,017150.jpg
4,017151.jpg
6,017152.jpg
0,017153.jpg
6,017154.jpg
0,017155.jpg
2,017156.jpg
5,017157.jpg
4,017158.jpg
4,017159.jpg
6,017160.jpg
5,017161.jpg
6,017162.jpg
6,017163.jpg
4,017164.jpg
4,017165.jpg
2,017166.jpg
0,017167.jpg
3,017168.jpg
3,017169.jpg
0,017170.jpg
3,017171.jpg
0,017172.jpg
5,017173.jpg
5,017174.jpg
4,017175.jpg
2,017176.jpg
5,017177.jpg
2,017178.jpg
0,017179.jpg
2,017180.jpg
0,017181.jpg
4,017182.jpg
2,017183.jpg
3,017184.jpg
0,017185.jpg
0,017186.jpg
3,017187.jpg
3,017188.jpg
4,017189.jpg
0,017190.jpg
2,017191.jpg
5,017192.jpg
2,017193.jpg
3,017194.jpg
4,017195.jpg
2,017196.jpg
4,017197.jpg
4,017198.jpg
5,017199.jpg
4,017200.jpg
4,017201.jpg
4,017202.jpg
3,017203.jpg
0,017204.jpg
5,017205.jpg
4,017206.jpg
3,017207.jpg
3,017208.jpg
0,017209.jpg
4,017210.jpg
0,017211.jpg
6,017212.jpg
2,017213.jpg
2,017214.jpg
4,017215.jpg
3,017216.jpg
2,017217.jpg
0,017218.jpg
3,017219.jpg
3,017220.jpg
3,017221.jpg
0,017222.jpg
0,017223.jpg
3,017224.jpg
2,017225.jpg
4,017226.jpg
5,017227.jpg
0,017228.jpg
3,017229.jpg
5,017230.jpg
6,017231.jpg
4,017232.jpg
6,017233.jpg
3,017234.jpg
0,017235.jpg
2,017236.jpg
4,017237.jpg
5,017238.jpg
0,017239.jpg
3,017240.jpg
3,017241.jpg
3,017242.jpg
6,017243.jpg
6,017244.jpg
5,017245.jpg
2,017246.jpg
2,017247.jpg
4,017248.jpg
6,017249.jpg
3,017250.jpg
6,017251.jpg
1,017252.jpg
4,017253.jpg
0,017254.jpg
4,017255.jpg
0,017256.jpg
4,017257.jpg
5,017258.jpg
0,017259.jpg
1,017260.jpg
4,017261.jpg
0,017262.jpg
3,017263.jpg
3,017264.jpg
2,017265.jpg
6,017266.jpg
6,017267.jpg
3,017268.jpg
2,017269.jpg
0,017270.jpg
2,017271.jpg
6,017272.jpg
6,017273.jpg
4,017274.jpg
4,017275.jpg
6,017276.jpg
2,017277.jpg
3,017278.jpg
4,017279.jpg
5,017280.jpg
4,017281.jpg
2,017282.jpg
4,017283.jpg
6,017284.jpg
4,017285.jpg
4,017286.jpg
2,017287.jpg
6,017288.jpg
5,017289.jpg
5,017290.jpg
3,017291.jpg
1,017292.jpg
4,017293.jpg
4,017294.jpg
6,017295.jpg
2,017296.jpg
4,017297.jpg
0,017298.jpg
1,017299.jpg
3,017300.jpg
2,017301.jpg
4,017302.jpg
3,017303.jpg
6,017304.jpg
3,017305.jpg
4,017306.jpg
2,017307.jpg
6,017308.jpg
5,017309.jpg
5,017310.jpg
0,017311.jpg
6,017312.jpg
2,017313.jpg
2,017314.jpg
6,017315.jpg
0,017316.jpg
5,017317.jpg
6,017318.jpg
3,017319.jpg
3,017320.jpg
6,017321.jpg
5,017322.jpg
4,017323.jpg
6,017324.jpg
2,017325.jpg
3,017326.jpg
5,017327.jpg
5,017328.jpg
2,017329.jpg
2,017330.jpg
4,017331.jpg
0,017332.jpg
3,017333.jpg
2,017334.jpg
0,017335.jpg
0,017336.jpg
3,017337.jpg
2,017338.jpg
3,017339.jpg
4,017340.jpg
4,017341.jpg
5,017342.jpg
4,017343.jpg
0,017344.jpg
6,017345.jpg
3,017346.jpg
6,017347.jpg
5,017348.jpg
1,017349.jpg
5,017350.jpg
3,017351.jpg
0,017352.jpg
3,017353.jpg
0,017354.jpg
0,017355.jpg
4,017356.jpg
6,017357.jpg
2,017358.jpg
6,017359.jpg
4,017360.jpg
4,017361.jpg
5,017362.jpg
4,017363.jpg
4,017364.jpg
2,017365.jpg
4,017366.jpg
3,017367.jpg
2,017368.jpg
2,017369.jpg
6,017370.jpg
0,017371.jpg
3,017372.jpg
4,017373.jpg
3,017374.jpg
4,017375.jpg
3,017376.jpg
0,017377.jpg
5,017378.jpg
3,017379.jpg
3,017380.jpg
3,017381.jpg
4,017382.jpg
3,017383.jpg
0,017384.jpg
5,017385.jpg
3,017386.jpg
5,017387.jpg
3,017388.jpg
3,017389.jpg
4,017390.jpg
2,017391.jpg
5,017392.jpg
0,017393.jpg
6,017394.jpg
2,017395.jpg
5,017396.jpg
3,017397.jpg
4,017398.jpg
2,017399.jpg
2,017400.jpg
6,017401.jpg
3,017402.jpg
3,017403.jpg
5,017404.jpg
6,017405.jpg
3,017406.jpg
3,017407.jpg
5,017408.jpg
6,017409.jpg
0,017410.jpg
0,017411.jpg
4,017412.jpg
0,017413.jpg
3,017414.jpg
4,017415.jpg
2,017416.jpg
6,017417.jpg
6,017418.jpg
4,017419.jpg
6,017420.jpg
4,017421.jpg
5,017422.jpg
6,017423.jpg
6,017424.jpg
6,017425.jpg
4,017426.jpg
5,017427.jpg
0,017428.jpg
5,017429.jpg
4,017430.jpg
5,017431.jpg
4,017432.jpg
5,017433.jpg
4,017434.jpg
6,017435.jpg
3,017436.jpg
6,017437.jpg
2,017438.jpg
2,017439.jpg
5,017440.jpg
5,017441.jpg
0,017442.jpg
2,017443.jpg
1,017444.jpg
0,017445.jpg
4,017446.jpg
3,017447.jpg
0,017448.jpg
2,017449.jpg
0,017450.jpg
0,017451.jpg
0,017452.jpg
4,017453.jpg
5,017454.jpg
3,017455.jpg
4,017456.jpg
6,017457.jpg
3,017458.jpg
4,017459.jpg
4,017460.jpg
5,017461.jpg
3,017462.jpg
4,017463.jpg
5,017464.jpg
3,017465.jpg
6,017466.jpg
2,017467.jpg
6,017468.jpg
3,017469.jpg
3,017470.jpg
2,017471.jpg
2,017472.jpg
0,017473.jpg
6,017474.jpg
6,017475.jpg
0,017476.jpg
4,017477.jpg
5,017478.jpg
2,017479.jpg
3,017480.jpg
3,017481.jpg
4,017482.jpg
3,017483.jpg
3,017484.jpg
3,017485.jpg
2,017486.jpg
3,017487.jpg
3,017488.jpg
4,017489.jpg
4,017490.jpg
3,017491.jpg
5,017492.jpg
6,017493.jpg
3,017494.jpg
0,017495.jpg
0,017496.jpg
2,017497.jpg
3,017498.jpg
4,017499.jpg
0,017500.jpg
4,017501.jpg
0,017502.jpg
2,017503.jpg
2,017504.jpg
0,017505.jpg
3,017506.jpg
3,017507.jpg
2,017508.jpg
0,017509.jpg
3,017510.jpg
0,017511.jpg
5,017512.jpg
6,017513.jpg
5,017514.jpg
5,017515.jpg
6,017516.jpg
2,017517.jpg
4,017518.jpg
5,017519.jpg
2,017520.jpg
4,017521.jpg
4,017522.jpg
4,017523.jpg
3,017524.jpg
3,017525.jpg
0,017526.jpg
0,017527.jpg
2,017528.jpg
3,017529.jpg
3,017530.jpg
1,017531.jpg
6,017532.jpg
2,017533.jpg
3,017534.jpg
3,017535.jpg
0,017536.jpg
4,017537.jpg
6,017538.jpg
3,017539.jpg
5,017540.jpg
3,017541.jpg
3,017542.jpg
3,017543.jpg
2,017544.jpg
4,017545.jpg
3,017546.jpg
3,017547.jpg
0,017548.jpg
6,017549.jpg
2,017550.jpg
3,017551.jpg
3,017552.jpg
3,017553.jpg
3,017554.jpg
6,017555.jpg
3,017556.jpg
3,017557.jpg
2,017558.jpg
2,017559.jpg
6,017560.jpg
2,017561.jpg
5,017562.jpg
6,017563.jpg
6,017564.jpg
2,017565.jpg
6,017566.jpg
2,017567.jpg
2,017568.jpg
0,017569.jpg
4,017570.jpg
0,017571.jpg
2,017572.jpg
6,017573.jpg
0,017574.jpg
6,017575.jpg
3,017576.jpg
4,017577.jpg
0,017578.jpg
3,017579.jpg
3,017580.jpg
6,017581.jpg
6,017582.jpg
4,017583.jpg
5,017584.jpg
6,017585.jpg
5,017586.jpg
2,017587.jpg
3,017588.jpg
0,017589.jpg
6,017590.jpg
0,017591.jpg
3,017592.jpg
5,017593.jpg
5,017594.jpg
3,017595.jpg
2,017596.jpg
4,017597.jpg
6,017598.jpg
5,017599.jpg
2,017600.jpg
4,017601.jpg
4,017602.jpg
2,017603.jpg
3,017604.jpg
3,017605.jpg
2,017606.jpg
4,017607.jpg
3,017608.jpg
3,017609.jpg
5,017610.jpg
2,017611.jpg
3,017612.jpg
5,017613.jpg
5,017614.jpg
4,017615.jpg
6,017616.jpg
3,017617.jpg
4,017618.jpg
5,017619.jpg
3,017620.jpg
3,017621.jpg
6,017622.jpg
3,017623.jpg
3,017624.jpg
4,017625.jpg
2,017626.jpg
2,017627.jpg
0,017628.jpg
0,017629.jpg
5,017630.jpg
2,017631.jpg
2,017632.jpg
0,017633.jpg
2,017634.jpg
2,017635.jpg
3,017636.jpg
2,017637.jpg
5,017638.jpg
2,017639.jpg
6,017640.jpg
5,017641.jpg
4,017642.jpg
6,017643.jpg
3,017644.jpg
4,017645.jpg
2,017646.jpg
0,017647.jpg
3,017648.jpg
3,017649.jpg
0,017650.jpg
2,017651.jpg
3,017652.jpg
4,017653.jpg
3,017654.jpg
3,017655.jpg
2,017656.jpg
3,017657.jpg
4,017658.jpg
0,017659.jpg
5,017660.jpg
3,017661.jpg
4,017662.jpg
2,017663.jpg
4,017664.jpg
2,017665.jpg
4,017666.jpg
3,017667.jpg
2,017668.jpg
2,017669.jpg
3,017670.jpg
4,017671.jpg
3,017672.jpg
3,017673.jpg
5,017674.jpg
4,017675.jpg
0,017676.jpg
5,017677.jpg
4,017678.jpg
0,017679.jpg
4,017680.jpg
4,017681.jpg
3,017682.jpg
3,017683.jpg
3,017684.jpg
2,017685.jpg
4,017686.jpg
3,017687.jpg
6,017688.jpg
3,017689.jpg
3,017690.jpg
5,017691.jpg
3,017692.jpg
5,017693.jpg
3,017694.jpg
6,017695.jpg
0,017696.jpg
4,017697.jpg
3,017698.jpg
6,017699.jpg
0,017700.jpg
6,017701.jpg
6,017702.jpg
2,017703.jpg
3,017704.jpg
0,017705.jpg
2,017706.jpg
2,017707.jpg
5,017708.jpg
0,017709.jpg
2,017710.jpg
3,017711.jpg
0,017712.jpg
4,017713.jpg
0,017714.jpg
3,017715.jpg
5,017716.jpg
4,017717.jpg
3,017718.jpg
1,017719.jpg
3,017720.jpg
0,017721.jpg
3,017722.jpg
0,017723.jpg
0,017724.jpg
3,017725.jpg
4,017726.jpg
6,017727.jpg
3,017728.jpg
0,017729.jpg
4,017730.jpg
0,017731.jpg
5,017732.jpg
0,017733.jpg
0,017734.jpg
0,017735.jpg
0,017736.jpg
2,017737.jpg
5,017738.jpg
6,017739.jpg
3,017740.jpg
3,017741.jpg
2,017742.jpg
3,017743.jpg
4,017744.jpg
4,017745.jpg
4,017746.jpg
3,017747.jpg
4,017748.jpg
6,017749.jpg
5,017750.jpg
1,017751.jpg
0,017752.jpg
3,017753.jpg
0,017754.jpg
3,017755.jpg
0,017756.jpg
4,017757.jpg
6,017758.jpg
5,017759.jpg
2,017760.jpg
6,017761.jpg
2,017762.jpg
4,017763.jpg
0,017764.jpg
2,017765.jpg
4,017766.jpg
4,017767.jpg
0,017768.jpg
6,017769.jpg
3,017770.jpg
1,017771.jpg
3,017772.jpg
2,017773.jpg
0,017774.jpg
4,017775.jpg
2,017776.jpg
2,017777.jpg
3,017778.jpg
3,017779.jpg
5,017780.jpg
0,017781.jpg
5,017782.jpg
2,017783.jpg
4,017784.jpg
0,017785.jpg
4,017786.jpg
0,017787.jpg
6,017788.jpg
3,017789.jpg
6,017790.jpg
0,017791.jpg
2,017792.jpg
2,017793.jpg
4,017794.jpg
6,017795.jpg
0,017796.jpg
0,017797.jpg
6,017798.jpg
3,017799.jpg
4,017800.jpg
0,017801.jpg
3,017802.jpg
3,017803.jpg
3,017804.jpg
3,017805.jpg
5,017806.jpg
4,017807.jpg
0,017808.jpg
2,017809.jpg
0,017810.jpg
1,017811.jpg
2,017812.jpg
0,017813.jpg
3,017814.jpg
6,017815.jpg
2,017816.jpg
2,017817.jpg
6,017818.jpg
3,017819.jpg
3,017820.jpg
3,017821.jpg
6,017822.jpg
0,017823.jpg
6,017824.jpg
5,017825.jpg
2,017826.jpg
3,017827.jpg
6,017828.jpg
0,017829.jpg
4,017830.jpg
2,017831.jpg
2,017832.jpg
3,017833.jpg
2,017834.jpg
0,017835.jpg
6,017836.jpg
6,017837.jpg
6,017838.jpg
4,017839.jpg
5,017840.jpg
4,017841.jpg
2,017842.jpg
6,017843.jpg
2,017844.jpg
5,017845.jpg
6,017846.jpg
3,017847.jpg
2,017848.jpg
4,017849.jpg
2,017850.jpg
4,017851.jpg
1,017852.jpg
2,017853.jpg
2,017854.jpg
6,017855.jpg
0,017856.jpg
4,017857.jpg
2,017858.jpg
2,017859.jpg
0,017860.jpg
6,017861.jpg
4,017862.jpg
2,017863.jpg
2,017864.jpg
0,017865.jpg
3,017866.jpg
3,017867.jpg
0,017868.jpg
4,017869.jpg
4,017870.jpg
3,017871.jpg
3,017872.jpg
6,017873.jpg
6,017874.jpg
2,017875.jpg
3,017876.jpg
2,017877.jpg
3,017878.jpg
5,017879.jpg
3,017880.jpg
0,017881.jpg
3,017882.jpg
6,017883.jpg
4,017884.jpg
3,017885.jpg
6,017886.jpg
4,017887.jpg
4,017888.jpg
4,017889.jpg
2,017890.jpg
0,017891.jpg
2,017892.jpg
6,017893.jpg
5,017894.jpg
2,017895.jpg
2,017896.jpg
3,017897.jpg
6,017898.jpg
6,017899.jpg
5,017900.jpg
2,017901.jpg
4,017902.jpg
0,017903.jpg
3,017904.jpg
3,017905.jpg
5,017906.jpg
3,017907.jpg
3,017908.jpg
2,017909.jpg
0,017910.jpg
3,017911.jpg
4,017912.jpg
2,017913.jpg
4,017914.jpg
5,017915.jpg
3,017916.jpg
3,017917.jpg
6,017918.jpg
5,017919.jpg
2,017920.jpg
5,017921.jpg
6,017922.jpg
6,017923.jpg
3,017924.jpg
3,017925.jpg
0,017926.jpg
2,017927.jpg
3,017928.jpg
6,017929.jpg
2,017930.jpg
6,017931.jpg
2,017932.jpg
6,017933.jpg
2,017934.jpg
0,017935.jpg
3,017936.jpg
5,017937.jpg
5,017938.jpg
0,017939.jpg
2,017940.jpg
2,017941.jpg
3,017942.jpg
4,017943.jpg
5,017944.jpg
0,017945.jpg
6,017946.jpg
3,017947.jpg
3,017948.jpg
3,017949.jpg
3,017950.jpg
4,017951.jpg
5,017952.jpg
4,017953.jpg
6,017954.jpg
0,017955.jpg
4,017956.jpg
3,017957.jpg
1,017958.jpg
2,017959.jpg
6,017960.jpg
2,017961.jpg
3,017962.jpg
3,017963.jpg
0,017964.jpg
3,017965.jpg
4,017966.jpg
0,017967.jpg
3,017968.jpg
4,017969.jpg
3,017970.jpg
2,017971.jpg
3,017972.jpg
6,017973.jpg
6,017974.jpg
0,017975.jpg
6,017976.jpg
4,017977.jpg
6,017978.jpg
2,017979.jpg
6,017980.jpg
0,017981.jpg
3,017982.jpg
3,017983.jpg
4,017984.jpg
0,017985.jpg
4,017986.jpg
3,017987.jpg
4,017988.jpg
4,017989.jpg
3,017990.jpg
2,017991.jpg
5,017992.jpg
4,017993.jpg
1,017994.jpg
4,017995.jpg
3,017996.jpg
3,017997.jpg
0,017998.jpg
0,017999.jpg
0,018000.jpg
0,018001.jpg
3,018002.jpg
4,018003.jpg
5,018004.jpg
4,018005.jpg
2,018006.jpg
2,018007.jpg
0,018008.jpg
4,018009.jpg
2,018010.jpg
4,018011.jpg
3,018012.jpg
6,018013.jpg
5,018014.jpg
2,018015.jpg
3,018016.jpg
6,018017.jpg
3,018018.jpg
3,018019.jpg
3,018020.jpg
0,018021.jpg
0,018022.jpg
4,018023.jpg
6,018024.jpg
3,018025.jpg
5,018026.jpg
3,018027.jpg
2,018028.jpg
2,018029.jpg
4,018030.jpg
6,018031.jpg
0,018032.jpg
3,018033.jpg
3,018034.jpg
6,018035.jpg
6,018036.jpg
3,018037.jpg
5,018038.jpg
3,018039.jpg
3,018040.jpg
3,018041.jpg
2,018042.jpg
3,018043.jpg
2,018044.jpg
3,018045.jpg
2,018046.jpg
4,018047.jpg
0,018048.jpg
3,018049.jpg
0,018050.jpg
4,018051.jpg
4,018052.jpg
5,018053.jpg
2,018054.jpg
0,018055.jpg
3,018056.jpg
6,018057.jpg
6,018058.jpg
3,018059.jpg
4,018060.jpg
4,018061.jpg
6,018062.jpg
6,018063.jpg
2,018064.jpg
0,018065.jpg
4,018066.jpg
4,018067.jpg
2,018068.jpg
4,018069.jpg
3,018070.jpg
3,018071.jpg
5,018072.jpg
2,018073.jpg
3,018074.jpg
6,018075.jpg
3,018076.jpg
1,018077.jpg
0,018078.jpg
4,018079.jpg
3,018080.jpg
0,018081.jpg
3,018082.jpg
6,018083.jpg
3,018084.jpg
4,018085.jpg
3,018086.jpg
3,018087.jpg
2,018088.jpg
2,018089.jpg
4,018090.jpg
2,018091.jpg
6,018092.jpg
5,018093.jpg
6,018094.jpg
5,018095.jpg
0,018096.jpg
3,018097.jpg
4,018098.jpg
4,018099.jpg
6,018100.jpg
4,018101.jpg
4,018102.jpg
5,018103.jpg
2,018104.jpg
4,018105.jpg
2,018106.jpg
0,018107.jpg
2,018108.jpg
6,018109.jpg
4,018110.jpg
5,018111.jpg
0,018112.jpg
3,018113.jpg
4,018114.jpg
3,018115.jpg
5,018116.jpg
2,018117.jpg
3,018118.jpg
0,018119.jpg
4,018120.jpg
2,018121.jpg
0,018122.jpg
6,018123.jpg
4,018124.jpg
5,018125.jpg
3,018126.jpg
3,018127.jpg
2,018128.jpg
6,018129.jpg
6,018130.jpg
6,018131.jpg
5,018132.jpg
6,018133.jpg
1,018134.jpg
6,018135.jpg
2,018136.jpg
6,018137.jpg
3,018138.jpg
0,018139.jpg
0,018140.jpg
6,018141.jpg
0,018142.jpg
3,018143.jpg
3,018144.jpg
6,018145.jpg
2,018146.jpg
3,018147.jpg
2,018148.jpg
6,018149.jpg
6,018150.jpg
4,018151.jpg
5,018152.jpg
3,018153.jpg
4,018154.jpg
0,018155.jpg
0,018156.jpg
5,018157.jpg
0,018158.jpg
4,018159.jpg
4,018160.jpg
0,018161.jpg
6,018162.jpg
6,018163.jpg
6,018164.jpg
3,018165.jpg
0,018166.jpg
5,018167.jpg
6,018168.jpg
3,018169.jpg
5,018170.jpg
6,018171.jpg
5,018172.jpg
3,018173.jpg
6,018174.jpg
5,018175.jpg
0,018176.jpg
0,018177.jpg
5,018178.jpg
3,018179.jpg
4,018180.jpg
6,018181.jpg
0,018182.jpg
0,018183.jpg
0,018184.jpg
0,018185.jpg
4,018186.jpg
3,018187.jpg
3,018188.jpg
0,018189.jpg
5,018190.jpg
6,018191.jpg
2,018192.jpg
4,018193.jpg
3,018194.jpg
5,018195.jpg
3,018196.jpg
0,018197.jpg
5,018198.jpg
3,018199.jpg
0,018200.jpg
2,018201.jpg
2,018202.jpg
2,018203.jpg
6,018204.jpg
3,018205.jpg
4,018206.jpg
5,018207.jpg
6,018208.jpg
2,018209.jpg
2,018210.jpg
3,018211.jpg
3,018212.jpg
3,018213.jpg
0,018214.jpg
1,018215.jpg
3,018216.jpg
2,018217.jpg
6,018218.jpg
2,018219.jpg
3,018220.jpg
1,018221.jpg
3,018222.jpg
6,018223.jpg
3,018224.jpg
3,018225.jpg
3,018226.jpg
3,018227.jpg
4,018228.jpg
5,018229.jpg
1,018230.jpg
3,018231.jpg
0,018232.jpg
0,018233.jpg
6,018234.jpg
0,018235.jpg
6,018236.jpg
3,018237.jpg
3,018238.jpg
4,018239.jpg
6,018240.jpg
5,018241.jpg
4,018242.jpg
3,018243.jpg
3,018244.jpg
3,018245.jpg
3,018246.jpg
0,018247.jpg
3,018248.jpg
3,018249.jpg
3,018250.jpg
5,018251.jpg
6,018252.jpg
2,018253.jpg
0,018254.jpg
3,018255.jpg
3,018256.jpg
5,018257.jpg
5,018258.jpg
3,018259.jpg
4,018260.jpg
3,018261.jpg
5,018262.jpg
0,018263.jpg
4,018264.jpg
2,018265.jpg
4,018266.jpg
4,018267.jpg
2,018268.jpg
1,018269.jpg
4,018270.jpg
0,018271.jpg
4,018272.jpg
5,018273.jpg
6,018274.jpg
4,018275.jpg
6,018276.jpg
6,018277.jpg
3,018278.jpg
2,018279.jpg
6,018280.jpg
6,018281.jpg
3,018282.jpg
3,018283.jpg
0,018284.jpg
5,018285.jpg
3,018286.jpg
6,018287.jpg
6,018288.jpg
3,018289.jpg
0,018290.jpg
2,018291.jpg
0,018292.jpg
0,018293.jpg
5,018294.jpg
6,018295.jpg
4,018296.jpg
3,018297.jpg
4,018298.jpg
2,018299.jpg
4,018300.jpg
6,018301.jpg
2,018302.jpg
4,018303.jpg
4,018304.jpg
0,018305.jpg
3,018306.jpg
3,018307.jpg
3,018308.jpg
2,018309.jpg
5,018310.jpg
2,018311.jpg
6,018312.jpg
5,018313.jpg
6,018314.jpg
0,018315.jpg
3,018316.jpg
2,018317.jpg
4,018318.jpg
2,018319.jpg
3,018320.jpg
6,018321.jpg
6,018322.jpg
3,018323.jpg
3,018324.jpg
2,018325.jpg
0,018326.jpg
2,018327.jpg
0,018328.jpg
0,018329.jpg
4,018330.jpg
6,018331.jpg
3,018332.jpg
0,018333.jpg
3,018334.jpg
3,018335.jpg
2,018336.jpg
5,018337.jpg
0,018338.jpg
6,018339.jpg
3,018340.jpg
3,018341.jpg
4,018342.jpg
0,018343.jpg
0,018344.jpg
4,018345.jpg
5,018346.jpg
2,018347.jpg
4,018348.jpg
4,018349.jpg
4,018350.jpg
3,018351.jpg
1,018352.jpg
1,018353.jpg
2,018354.jpg
6,018355.jpg
3,018356.jpg
3,018357.jpg
3,018358.jpg
0,018359.jpg
0,018360.jpg
4,018361.jpg
5,018362.jpg
4,018363.jpg
2,018364.jpg
2,018365.jpg
0,018366.jpg
4,018367.jpg
0,018368.jpg
0,018369.jpg
5,018370.jpg
3,018371.jpg
4,018372.jpg
3,018373.jpg
1,018374.jpg
0,018375.jpg
0,018376.jpg
2,018377.jpg
6,018378.jpg
6,018379.jpg
0,018380.jpg
4,018381.jpg
3,018382.jpg
3,018383.jpg
0,018384.jpg
3,018385.jpg
2,018386.jpg
2,018387.jpg
6,018388.jpg
6,018389.jpg
2,018390.jpg
0,018391.jpg
4,018392.jpg
5,018393.jpg
0,018394.jpg
2,018395.jpg
2,018396.jpg
6,018397.jpg
4,018398.jpg
0,018399.jpg
3,018400.jpg
6,018401.jpg
0,018402.jpg
0,018403.jpg
2,018404.jpg
3,018405.jpg
3,018406.jpg
2,018407.jpg
2,018408.jpg
5,018409.jpg
4,018410.jpg
6,018411.jpg
4,018412.jpg
3,018413.jpg
3,018414.jpg
0,018415.jpg
5,018416.jpg
0,018417.jpg
0,018418.jpg
5,018419.jpg
5,018420.jpg
3,018421.jpg
6,018422.jpg
0,018423.jpg
3,018424.jpg
3,018425.jpg
6,018426.jpg
3,018427.jpg
4,018428.jpg
2,018429.jpg
2,018430.jpg
6,018431.jpg
0,018432.jpg
6,018433.jpg
0,018434.jpg
6,018435.jpg
5,018436.jpg
5,018437.jpg
3,018438.jpg
0,018439.jpg
4,018440.jpg
0,018441.jpg
3,018442.jpg
3,018443.jpg
3,018444.jpg
0,018445.jpg
3,018446.jpg
6,018447.jpg
3,018448.jpg
2,018449.jpg
3,018450.jpg
4,018451.jpg
3,018452.jpg
4,018453.jpg
4,018454.jpg
3,018455.jpg
0,018456.jpg
4,018457.jpg
0,018458.jpg
0,018459.jpg
0,018460.jpg
6,018461.jpg
0,018462.jpg
2,018463.jpg
1,018464.jpg
3,018465.jpg
0,018466.jpg
2,018467.jpg
4,018468.jpg
6,018469.jpg
4,018470.jpg
3,018471.jpg
6,018472.jpg
4,018473.jpg
6,018474.jpg
4,018475.jpg
3,018476.jpg
3,018477.jpg
0,018478.jpg
6,018479.jpg
5,018480.jpg
2,018481.jpg
6,018482.jpg
3,018483.jpg
0,018484.jpg
3,018485.jpg
2,018486.jpg
3,018487.jpg
4,018488.jpg
6,018489.jpg
6,018490.jpg
2,018491.jpg
0,018492.jpg
3,018493.jpg
3,018494.jpg
0,018495.jpg
2,018496.jpg
6,018497.jpg
3,018498.jpg
1,018499.jpg
0,018500.jpg
3,018501.jpg
5,018502.jpg
3,018503.jpg
3,018504.jpg
3,018505.jpg
2,018506.jpg
5,018507.jpg
5,018508.jpg
5,018509.jpg
2,018510.jpg
3,018511.jpg
0,018512.jpg
2,018513.jpg
3,018514.jpg
5,018515.jpg
6,018516.jpg
2,018517.jpg
4,018518.jpg
0,018519.jpg
3,018520.jpg
5,018521.jpg
0,018522.jpg
2,018523.jpg
5,018524.jpg
4,018525.jpg
3,018526.jpg
2,018527.jpg
5,018528.jpg
2,018529.jpg
5,018530.jpg
3,018531.jpg
5,018532.jpg
2,018533.jpg
0,018534.jpg
0,018535.jpg
0,018536.jpg
4,018537.jpg
0,018538.jpg
6,018539.jpg
4,018540.jpg
3,018541.jpg
2,018542.jpg
6,018543.jpg
6,018544.jpg
6,018545.jpg
5,018546.jpg
4,018547.jpg
3,018548.jpg
4,018549.jpg
4,018550.jpg
0,018551.jpg
3,018552.jpg
3,018553.jpg
6,018554.jpg
5,018555.jpg
3,018556.jpg
3,018557.jpg
0,018558.jpg
2,018559.jpg
0,018560.jpg
0,018561.jpg
5,018562.jpg
3,018563.jpg
3,018564.jpg
0,018565.jpg
0,018566.jpg
4,018567.jpg
3,018568.jpg
2,018569.jpg
0,018570.jpg
4,018571.jpg
4,018572.jpg
4,018573.jpg
2,018574.jpg
4,018575.jpg
3,018576.jpg
5,018577.jpg
3,018578.jpg
6,018579.jpg
3,018580.jpg
0,018581.jpg
4,018582.jpg
6,018583.jpg
4,018584.jpg
0,018585.jpg
6,018586.jpg
2,018587.jpg
0,018588.jpg
2,018589.jpg
5,018590.jpg
6,018591.jpg
2,018592.jpg
0,018593.jpg
6,018594.jpg
5,018595.jpg
3,018596.jpg
4,018597.jpg
2,018598.jpg
3,018599.jpg
3,018600.jpg
3,018601.jpg
0,018602.jpg
2,018603.jpg
6,018604.jpg
5,018605.jpg
2,018606.jpg
3,018607.jpg
0,018608.jpg
0,018609.jpg
4,018610.jpg
2,018611.jpg
1,018612.jpg
5,018613.jpg
6,018614.jpg
5,018615.jpg
6,018616.jpg
0,018617.jpg
5,018618.jpg
5,018619.jpg
5,018620.jpg
0,018621.jpg
2,018622.jpg
4,018623.jpg
6,018624.jpg
6,018625.jpg
4,018626.jpg
5,018627.jpg
6,018628.jpg
3,018629.jpg
2,018630.jpg
5,018631.jpg
0,018632.jpg
0,018633.jpg
3,018634.jpg
5,018635.jpg
6,018636.jpg
2,018637.jpg
3,018638.jpg
5,018639.jpg
5,018640.jpg
2,018641.jpg
4,018642.jpg
4,018643.jpg
0,018644.jpg
6,018645.jpg
0,018646.jpg
3,018647.jpg
4,018648.jpg
3,018649.jpg
3,018650.jpg
6,018651.jpg
0,018652.jpg
6,018653.jpg
5,018654.jpg
3,018655.jpg
3,018656.jpg
3,018657.jpg
6,018658.jpg
3,018659.jpg
2,018660.jpg
2,018661.jpg
3,018662.jpg
2,018663.jpg
5,018664.jpg
6,018665.jpg
3,018666.jpg
6,018667.jpg
0,018668.jpg
3,018669.jpg
0,018670.jpg
0,018671.jpg
6,018672.jpg
4,018673.jpg
3,018674.jpg
4,018675.jpg
4,018676.jpg
4,018677.jpg
5,018678.jpg
5,018679.jpg
0,018680.jpg
4,018681.jpg
0,018682.jpg
3,018683.jpg
6,018684.jpg
3,018685.jpg
6,018686.jpg
6,018687.jpg
2,018688.jpg
4,018689.jpg
6,018690.jpg
6,018691.jpg
4,018692.jpg
2,018693.jpg
4,018694.jpg
0,018695.jpg
6,018696.jpg
6,018697.jpg
4,018698.jpg
3,018699.jpg
3,018700.jpg
4,018701.jpg
4,018702.jpg
6,018703.jpg
6,018704.jpg
3,018705.jpg
5,018706.jpg
0,018707.jpg
6,018708.jpg
0,018709.jpg
3,018710.jpg
3,018711.jpg
5,018712.jpg
2,018713.jpg
3,018714.jpg
0,018715.jpg
1,018716.jpg
6,018717.jpg
5,018718.jpg
3,018719.jpg
0,018720.jpg
6,018721.jpg
3,018722.jpg
3,018723.jpg
2,018724.jpg
6,018725.jpg
3,018726.jpg
6,018727.jpg
4,018728.jpg
3,018729.jpg
5,018730.jpg
2,018731.jpg
4,018732.jpg
3,018733.jpg
4,018734.jpg
4,018735.jpg
4,018736.jpg
6,018737.jpg
4,018738.jpg
2,018739.jpg
3,018740.jpg
6,018741.jpg
5,018742.jpg
3,018743.jpg
3,018744.jpg
2,018745.jpg
3,018746.jpg
3,018747.jpg
6,018748.jpg
6,018749.jpg
2,018750.jpg
3,018751.jpg
3,018752.jpg
2,018753.jpg
2,018754.jpg
3,018755.jpg
3,018756.jpg
2,018757.jpg
2,018758.jpg
3,018759.jpg
0,018760.jpg
0,018761.jpg
0,018762.jpg
2,018763.jpg
5,018764.jpg
2,018765.jpg
2,018766.jpg
3,018767.jpg
0,018768.jpg
6,018769.jpg
4,018770.jpg
4,018771.jpg
5,018772.jpg
2,018773.jpg
2,018774.jpg
2,018775.jpg
3,018776.jpg
0,018777.jpg
6,018778.jpg
0,018779.jpg
2,018780.jpg
0,018781.jpg
3,018782.jpg
3,018783.jpg
0,018784.jpg
2,018785.jpg
3,018786.jpg
2,018787.jpg
2,018788.jpg
4,018789.jpg
4,018790.jpg
6,018791.jpg
3,018792.jpg
3,018793.jpg
6,018794.jpg
5,018795.jpg
3,018796.jpg
2,018797.jpg
6,018798.jpg
0,018799.jpg
4,018800.jpg
5,018801.jpg
5,018802.jpg
6,018803.jpg
6,018804.jpg
4,018805.jpg
0,018806.jpg
4,018807.jpg
0,018808.jpg
3,018809.jpg
0,018810.jpg
4,018811.jpg
6,018812.jpg
0,018813.jpg
5,018814.jpg
3,018815.jpg
4,018816.jpg
0,018817.jpg
5,018818.jpg
0,018819.jpg
4,018820.jpg
6,018821.jpg
3,018822.jpg
6,018823.jpg
0,018824.jpg
6,018825.jpg
3,018826.jpg
3,018827.jpg
0,018828.jpg
0,018829.jpg
2,018830.jpg
3,018831.jpg
0,018832.jpg
5,018833.jpg
3,018834.jpg
3,018835.jpg
4,018836.jpg
0,018837.jpg
0,018838.jpg
5,018839.jpg
2,018840.jpg
2,018841.jpg
4,018842.jpg
3,018843.jpg
3,018844.jpg
5,018845.jpg
6,018846.jpg
3,018847.jpg
2,018848.jpg
3,018849.jpg
5,018850.jpg
2,018851.jpg
4,018852.jpg
3,018853.jpg
5,018854.jpg
4,018855.jpg
4,018856.jpg
4,018857.jpg
3,018858.jpg
0,018859.jpg
6,018860.jpg
3,018861.jpg
5,018862.jpg
2,018863.jpg
5,018864.jpg
2,018865.jpg
4,018866.jpg
3,018867.jpg
6,018868.jpg
0,018869.jpg
6,018870.jpg
3,018871.jpg
4,018872.jpg
3,018873.jpg
0,018874.jpg
3,018875.jpg
2,018876.jpg
2,018877.jpg
6,018878.jpg
6,018879.jpg
0,018880.jpg
6,018881.jpg
0,018882.jpg
2,018883.jpg
2,018884.jpg
3,018885.jpg
4,018886.jpg
0,018887.jpg
4,018888.jpg
0,018889.jpg
0,018890.jpg
5,018891.jpg
0,018892.jpg
6,018893.jpg
0,018894.jpg
4,018895.jpg
2,018896.jpg
4,018897.jpg
3,018898.jpg
0,018899.jpg
6,018900.jpg
3,018901.jpg
3,018902.jpg
0,018903.jpg
3,018904.jpg
2,018905.jpg
4,018906.jpg
3,018907.jpg
2,018908.jpg
6,018909.jpg
4,018910.jpg
2,018911.jpg
0,018912.jpg
6,018913.jpg
4,018914.jpg
5,018915.jpg
2,018916.jpg
3,018917.jpg
5,018918.jpg
4,018919.jpg
6,018920.jpg
2,018921.jpg
3,018922.jpg
6,018923.jpg
4,018924.jpg
4,018925.jpg
6,018926.jpg
4,018927.jpg
0,018928.jpg
3,018929.jpg
3,018930.jpg
6,018931.jpg
6,018932.jpg
3,018933.jpg
3,018934.jpg
0,018935.jpg
4,018936.jpg
4,018937.jpg
2,018938.jpg
4,018939.jpg
6,018940.jpg
0,018941.jpg
3,018942.jpg
2,018943.jpg
3,018944.jpg
3,018945.jpg
6,018946.jpg
0,018947.jpg
3,018948.jpg
0,018949.jpg
3,018950.jpg
4,018951.jpg
3,018952.jpg
4,018953.jpg
4,018954.jpg
4,018955.jpg
6,018956.jpg
3,018957.jpg
5,018958.jpg
4,018959.jpg
2,018960.jpg
3,018961.jpg
4,018962.jpg
5,018963.jpg
2,018964.jpg
3,018965.jpg
0,018966.jpg
2,018967.jpg
0,018968.jpg
6,018969.jpg
0,018970.jpg
6,018971.jpg
0,018972.jpg
6,018973.jpg
2,018974.jpg
3,018975.jpg
2,018976.jpg
6,018977.jpg
4,018978.jpg
3,018979.jpg
3,018980.jpg
2,018981.jpg
5,018982.jpg
0,018983.jpg
2,018984.jpg
3,018985.jpg
6,018986.jpg
4,018987.jpg
2,018988.jpg
1,018989.jpg
3,018990.jpg
0,018991.jpg
5,018992.jpg
2,018993.jpg
0,018994.jpg
4,018995.jpg
0,018996.jpg
0,018997.jpg
0,018998.jpg
2,018999.jpg
2,019000.jpg
4,019001.jpg
3,019002.jpg
4,019003.jpg
3,019004.jpg
4,019005.jpg
3,019006.jpg
4,019007.jpg
3,019008.jpg
6,019009.jpg
6,019010.jpg
3,019011.jpg
3,019012.jpg
3,019013.jpg
0,019014.jpg
4,019015.jpg
4,019016.jpg
3,019017.jpg
2,019018.jpg
3,019019.jpg
2,019020.jpg
3,019021.jpg
2,019022.jpg
6,019023.jpg
6,019024.jpg
3,019025.jpg
3,019026.jpg
4,019027.jpg
6,019028.jpg
4,019029.jpg
4,019030.jpg
3,019031.jpg
4,019032.jpg
3,019033.jpg
2,019034.jpg
3,019035.jpg
3,019036.jpg
3,019037.jpg
6,019038.jpg
5,019039.jpg
3,019040.jpg
3,019041.jpg
6,019042.jpg
6,019043.jpg
4,019044.jpg
3,019045.jpg
6,019046.jpg
2,019047.jpg
2,019048.jpg
4,019049.jpg
4,019050.jpg
5,019051.jpg
6,019052.jpg
2,019053.jpg
3,019054.jpg
0,019055.jpg
3,019056.jpg
2,019057.jpg
0,019058.jpg
0,019059.jpg
0,019060.jpg
6,019061.jpg
3,019062.jpg
3,019063.jpg
2,019064.jpg
0,019065.jpg
0,019066.jpg
0,019067.jpg
4,019068.jpg
4,019069.jpg
2,019070.jpg
6,019071.jpg
5,019072.jpg
3,019073.jpg
3,019074.jpg
4,019075.jpg
4,019076.jpg
3,019077.jpg
0,019078.jpg
3,019079.jpg
5,019080.jpg
4,019081.jpg
4,019082.jpg
0,019083.jpg
4,019084.jpg
6,019085.jpg
3,019086.jpg
5,019087.jpg
6,019088.jpg
2,019089.jpg
4,019090.jpg
0,019091.jpg
2,019092.jpg
0,019093.jpg
5,019094.jpg
4,019095.jpg
3,019096.jpg
2,019097.jpg
3,019098.jpg
3,019099.jpg
0,019100.jpg
0,019101.jpg
3,019102.jpg
2,019103.jpg
4,019104.jpg
3,019105.jpg
0,019106.jpg
3,019107.jpg
0,019108.jpg
3,019109.jpg
2,019110.jpg
6,019111.jpg
6,019112.jpg
4,019113.jpg
0,019114.jpg
0,019115.jpg
4,019116.jpg
3,019117.jpg
3,019118.jpg
2,019119.jpg
5,019120.jpg
5,019121.jpg
6,019122.jpg
2,019123.jpg
6,019124.jpg
3,019125.jpg
3,019126.jpg
3,019127.jpg
5,019128.jpg
2,019129.jpg
3,019130.jpg
6,019131.jpg
3,019132.jpg
2,019133.jpg
2,019134.jpg
4,019135.jpg
3,019136.jpg
3,019137.jpg
6,019138.jpg
3,019139.jpg
0,019140.jpg
4,019141.jpg
5,019142.jpg
4,019143.jpg
4,019144.jpg
4,019145.jpg
5,019146.jpg
0,019147.jpg
3,019148.jpg
0,019149.jpg
3,019150.jpg
5,019151.jpg
0,019152.jpg
4,019153.jpg
3,019154.jpg
6,019155.jpg
3,019156.jpg
5,019157.jpg
5,019158.jpg
3,019159.jpg
3,019160.jpg
0,019161.jpg
3,019162.jpg
3,019163.jpg
3,019164.jpg
4,019165.jpg
3,019166.jpg
6,019167.jpg
3,019168.jpg
4,019169.jpg
0,019170.jpg
4,019171.jpg
3,019172.jpg
0,019173.jpg
3,019174.jpg
0,019175.jpg
6,019176.jpg
5,019177.jpg
5,019178.jpg
4,019179.jpg
1,019180.jpg
6,019181.jpg
4,019182.jpg
0,019183.jpg
2,019184.jpg
6,019185.jpg
6,019186.jpg
5,019187.jpg
2,019188.jpg
6,019189.jpg
5,019190.jpg
3,019191.jpg
3,019192.jpg
5,019193.jpg
6,019194.jpg
2,019195.jpg
3,019196.jpg
3,019197.jpg
3,019198.jpg
6,019199.jpg
3,019200.jpg
6,019201.jpg
2,019202.jpg
5,019203.jpg
6,019204.jpg
4,019205.jpg
3,019206.jpg
5,019207.jpg
3,019208.jpg
2,019209.jpg
3,019210.jpg
2,019211.jpg
5,019212.jpg
0,019213.jpg
6,019214.jpg
3,019215.jpg
2,019216.jpg
0,019217.jpg
3,019218.jpg
3,019219.jpg
4,019220.jpg
4,019221.jpg
5,019222.jpg
2,019223.jpg
0,019224.jpg
2,019225.jpg
2,019226.jpg
6,019227.jpg
5,019228.jpg
3,019229.jpg
2,019230.jpg
5,019231.jpg
6,019232.jpg
3,019233.jpg
6,019234.jpg
2,019235.jpg
0,019236.jpg
2,019237.jpg
5,019238.jpg
4,019239.jpg
3,019240.jpg
3,019241.jpg
0,019242.jpg
0,019243.jpg
6,019244.jpg
3,019245.jpg
3,019246.jpg
4,019247.jpg
4,019248.jpg
4,019249.jpg
3,019250.jpg
1,019251.jpg
2,019252.jpg
6,019253.jpg
6,019254.jpg
4,019255.jpg
5,019256.jpg
1,019257.jpg
6,019258.jpg
6,019259.jpg
3,019260.jpg
4,019261.jpg
0,019262.jpg
3,019263.jpg
6,019264.jpg
4,019265.jpg
2,019266.jpg
5,019267.jpg
0,019268.jpg
3,019269.jpg
3,019270.jpg
3,019271.jpg
3,019272.jpg
4,019273.jpg
4,019274.jpg
6,019275.jpg
2,019276.jpg
3,019277.jpg
0,019278.jpg
3,019279.jpg
3,019280.jpg
6,019281.jpg
3,019282.jpg
5,019283.jpg
3,019284.jpg
4,019285.jpg
3,019286.jpg
2,019287.jpg
6,019288.jpg
0,019289.jpg
5,019290.jpg
3,019291.jpg
0,019292.jpg
3,019293.jpg
4,019294.jpg
3,019295.jpg
2,019296.jpg
2,019297.jpg
6,019298.jpg
0,019299.jpg
3,019300.jpg
3,019301.jpg
5,019302.jpg
4,019303.jpg
0,019304.jpg
2,019305.jpg
6,019306.jpg
6,019307.jpg
3,019308.jpg
0,019309.jpg
4,019310.jpg
0,019311.jpg
4,019312.jpg
4,019313.jpg
5,019314.jpg
4,019315.jpg
2,019316.jpg
3,019317.jpg
3,019318.jpg
5,019319.jpg
3,019320.jpg
4,019321.jpg
5,019322.jpg
3,019323.jpg
6,019324.jpg
6,019325.jpg
6,019326.jpg
0,019327.jpg
6,019328.jpg
6,019329.jpg
3,019330.jpg
0,019331.jpg
3,019332.jpg
6,019333.jpg
0,019334.jpg
5,019335.jpg
3,019336.jpg
4,019337.jpg
5,019338.jpg
3,019339.jpg
6,019340.jpg
6,019341.jpg
6,019342.jpg
3,019343.jpg
0,019344.jpg
6,019345.jpg
3,019346.jpg
2,019347.jpg
0,019348.jpg
2,019349.jpg
3,019350.jpg
5,019351.jpg
3,019352.jpg
4,019353.jpg
6,019354.jpg
2,019355.jpg
2,019356.jpg
3,019357.jpg
4,019358.jpg
2,019359.jpg
0,019360.jpg
5,019361.jpg
5,019362.jpg
3,019363.jpg
4,019364.jpg
5,019365.jpg
4,019366.jpg
4,019367.jpg
5,019368.jpg
0,019369.jpg
3,019370.jpg
4,019371.jpg
4,019372.jpg
6,019373.jpg
0,019374.jpg
2,019375.jpg
6,019376.jpg
3,019377.jpg
3,019378.jpg
0,019379.jpg
3,019380.jpg
3,019381.jpg
4,019382.jpg
3,019383.jpg
4,019384.jpg
4,019385.jpg
3,019386.jpg
5,019387.jpg
4,019388.jpg
5,019389.jpg
6,019390.jpg
0,019391.jpg
0,019392.jpg
4,019393.jpg
0,019394.jpg
0,019395.jpg
2,019396.jpg
6,019397.jpg
3,019398.jpg
3,019399.jpg
3,019400.jpg
6,019401.jpg
3,019402.jpg
5,019403.jpg
2,019404.jpg
0,019405.jpg
6,019406.jpg
4,019407.jpg
0,019408.jpg
4,019409.jpg
0,019410.jpg
6,019411.jpg
6,019412.jpg
0,019413.jpg
4,019414.jpg
4,019415.jpg
2,019416.jpg
3,019417.jpg
6,019418.jpg
6,019419.jpg
2,019420.jpg
3,019421.jpg
4,019422.jpg
0,019423.jpg
5,019424.jpg
0,019425.jpg
4,019426.jpg
2,019427.jpg
4,019428.jpg
6,019429.jpg
2,019430.jpg
5,019431.jpg
4,019432.jpg
3,019433.jpg
5,019434.jpg
6,019435.jpg
0,019436.jpg
3,019437.jpg
3,019438.jpg
2,019439.jpg
4,019440.jpg
3,019441.jpg
0,019442.jpg
3,019443.jpg
2,019444.jpg
2,019445.jpg
4,019446.jpg
3,019447.jpg
0,019448.jpg
3,019449.jpg
6,019450.jpg
3,019451.jpg
5,019452.jpg
5,019453.jpg
2,019454.jpg
6,019455.jpg
0,019456.jpg
4,019457.jpg
0,019458.jpg
4,019459.jpg
4,019460.jpg
4,019461.jpg
3,019462.jpg
0,019463.jpg
3,019464.jpg
3,019465.jpg
4,019466.jpg
3,019467.jpg
2,019468.jpg
2,019469.jpg
4,019470.jpg
2,019471.jpg
3,019472.jpg
2,019473.jpg
2,019474.jpg
2,019475.jpg
0,019476.jpg
0,019477.jpg
3,019478.jpg
6,019479.jpg
0,019480.jpg
3,019481.jpg
5,019482.jpg
6,019483.jpg
2,019484.jpg
0,019485.jpg
4,019486.jpg
4,019487.jpg
1,019488.jpg
4,019489.jpg
0,019490.jpg
0,019491.jpg
3,019492.jpg
3,019493.jpg
4,019494.jpg
6,019495.jpg
3,019496.jpg
2,019497.jpg
5,019498.jpg
3,019499.jpg
0,019500.jpg
4,019501.jpg
0,019502.jpg
0,019503.jpg
4,019504.jpg
3,019505.jpg
4,019506.jpg
5,019507.jpg
2,019508.jpg
3,019509.jpg
4,019510.jpg
2,019511.jpg
0,019512.jpg
2,019513.jpg
3,019514.jpg
3,019515.jpg
6,019516.jpg
3,019517.jpg
4,019518.jpg
5,019519.jpg
0,019520.jpg
6,019521.jpg
2,019522.jpg
4,019523.jpg
3,019524.jpg
6,019525.jpg
0,019526.jpg
6,019527.jpg
4,019528.jpg
3,019529.jpg
3,019530.jpg
4,019531.jpg
5,019532.jpg
6,019533.jpg
3,019534.jpg
4,019535.jpg
3,019536.jpg
3,019537.jpg
2,019538.jpg
3,019539.jpg
6,019540.jpg
0,019541.jpg
4,019542.jpg
0,019543.jpg
4,019544.jpg
6,019545.jpg
3,019546.jpg
3,019547.jpg
3,019548.jpg
6,019549.jpg
5,019550.jpg
0,019551.jpg
6,019552.jpg
5,019553.jpg
2,019554.jpg
3,019555.jpg
5,019556.jpg
0,019557.jpg
3,019558.jpg
2,019559.jpg
6,019560.jpg
3,019561.jpg
3,019562.jpg
3,019563.jpg
6,019564.jpg
4,019565.jpg
3,019566.jpg
6,019567.jpg
3,019568.jpg
4,019569.jpg
5,019570.jpg
6,019571.jpg
2,019572.jpg
4,019573.jpg
2,019574.jpg
6,019575.jpg
6,019576.jpg
6,019577.jpg
4,019578.jpg
0,019579.jpg
4,019580.jpg
6,019581.jpg
6,019582.jpg
0,019583.jpg
0,019584.jpg
2,019585.jpg
0,019586.jpg
4,019587.jpg
3,019588.jpg
3,019589.jpg
6,019590.jpg
6,019591.jpg
3,019592.jpg
4,019593.jpg
5,019594.jpg
6,019595.jpg
3,019596.jpg
3,019597.jpg
6,019598.jpg
2,019599.jpg
3,019600.jpg
5,019601.jpg
3,019602.jpg
0,019603.jpg
3,019604.jpg
3,019605.jpg
6,019606.jpg
4,019607.jpg
1,019608.jpg
6,019609.jpg
4,019610.jpg
6,019611.jpg
2,019612.jpg
3,019613.jpg
3,019614.jpg
6,019615.jpg
3,019616.jpg
4,019617.jpg
2,019618.jpg
4,019619.jpg
3,019620.jpg
4,019621.jpg
4,019622.jpg
2,019623.jpg
3,019624.jpg
4,019625.jpg
3,019626.jpg
4,019627.jpg
6,019628.jpg
6,019629.jpg
5,019630.jpg
0,019631.jpg
6,019632.jpg
1,019633.jpg
2,019634.jpg
6,019635.jpg
3,019636.jpg
5,019637.jpg
0,019638.jpg
0,019639.jpg
6,019640.jpg
5,019641.jpg
2,019642.jpg
6,019643.jpg
2,019644.jpg
3,019645.jpg
3,019646.jpg
6,019647.jpg
5,019648.jpg
1,019649.jpg
5,019650.jpg
2,019651.jpg
3,019652.jpg
2,019653.jpg
4,019654.jpg
0,019655.jpg
0,019656.jpg
3,019657.jpg
0,019658.jpg
3,019659.jpg
5,019660.jpg
2,019661.jpg
0,019662.jpg
4,019663.jpg
0,019664.jpg
5,019665.jpg
3,019666.jpg
0,019667.jpg
3,019668.jpg
2,019669.jpg
2,019670.jpg
0,019671.jpg
3,019672.jpg
2,019673.jpg
4,019674.jpg
6,019675.jpg
4,019676.jpg
3,019677.jpg
4,019678.jpg
3,019679.jpg
3,019680.jpg
2,019681.jpg
2,019682.jpg
0,019683.jpg
2,019684.jpg
0,019685.jpg
2,019686.jpg
6,019687.jpg
0,019688.jpg
6,019689.jpg
2,019690.jpg
5,019691.jpg
5,019692.jpg
2,019693.jpg
0,019694.jpg
3,019695.jpg
3,019696.jpg
6,019697.jpg
2,019698.jpg
3,019699.jpg
3,019700.jpg
4,019701.jpg
6,019702.jpg
3,019703.jpg
0,019704.jpg
3,019705.jpg
4,019706.jpg
3,019707.jpg
5,019708.jpg
3,019709.jpg
3,019710.jpg
3,019711.jpg
2,019712.jpg
6,019713.jpg
5,019714.jpg
6,019715.jpg
4,019716.jpg
3,019717.jpg
3,019718.jpg
3,019719.jpg
5,019720.jpg
5,019721.jpg
3,019722.jpg
3,019723.jpg
5,019724.jpg
6,019725.jpg
3,019726.jpg
3,019727.jpg
3,019728.jpg
6,019729.jpg
2,019730.jpg
4,019731.jpg
0,019732.jpg
5,019733.jpg
1,019734.jpg
0,019735.jpg
4,019736.jpg
0,019737.jpg
2,019738.jpg
6,019739.jpg
2,019740.jpg
6,019741.jpg
4,019742.jpg
0,019743.jpg
3,019744.jpg
5,019745.jpg
0,019746.jpg
3,019747.jpg
3,019748.jpg
0,019749.jpg
0,019750.jpg
0,019751.jpg
4,019752.jpg
6,019753.jpg
2,019754.jpg
5,019755.jpg
5,019756.jpg
3,019757.jpg
6,019758.jpg
6,019759.jpg
4,019760.jpg
3,019761.jpg
0,019762.jpg
2,019763.jpg
4,019764.jpg
0,019765.jpg
0,019766.jpg
5,019767.jpg
3,019768.jpg
4,019769.jpg
1,019770.jpg
3,019771.jpg
3,019772.jpg
3,019773.jpg
5,019774.jpg
4,019775.jpg
0,019776.jpg
5,019777.jpg
6,019778.jpg
2,019779.jpg
3,019780.jpg
5,019781.jpg
3,019782.jpg
3,019783.jpg
3,019784.jpg
4,019785.jpg
5,019786.jpg
6,019787.jpg
0,019788.jpg
6,019789.jpg
0,019790.jpg
3,019791.jpg
4,019792.jpg
6,019793.jpg
6,019794.jpg
5,019795.jpg
4,019796.jpg
6,019797.jpg
6,019798.jpg
4,019799.jpg
3,019800.jpg
1,019801.jpg
0,019802.jpg
3,019803.jpg
6,019804.jpg
4,019805.jpg
6,019806.jpg
1,019807.jpg
2,019808.jpg
3,019809.jpg
2,019810.jpg
0,019811.jpg
3,019812.jpg
1,019813.jpg
2,019814.jpg
6,019815.jpg
5,019816.jpg
3,019817.jpg
3,019818.jpg
0,019819.jpg
2,019820.jpg
4,019821.jpg
4,019822.jpg
4,019823.jpg
4,019824.jpg
4,019825.jpg
4,019826.jpg
4,019827.jpg
2,019828.jpg
6,019829.jpg
5,019830.jpg
1,019831.jpg
0,019832.jpg
0,019833.jpg
6,019834.jpg
0,019835.jpg
5,019836.jpg
3,019837.jpg
4,019838.jpg
3,019839.jpg
2,019840.jpg
2,019841.jpg
4,019842.jpg
6,019843.jpg
0,019844.jpg
6,019845.jpg
6,019846.jpg
0,019847.jpg
4,019848.jpg
5,019849.jpg
3,019850.jpg
4,019851.jpg
6,019852.jpg
6,019853.jpg
2,019854.jpg
6,019855.jpg
4,019856.jpg
4,019857.jpg
4,019858.jpg
3,019859.jpg
3,019860.jpg
4,019861.jpg
3,019862.jpg
6,019863.jpg
4,019864.jpg
3,019865.jpg
0,019866.jpg
6,019867.jpg
6,019868.jpg
3,019869.jpg
3,019870.jpg
6,019871.jpg
2,019872.jpg
0,019873.jpg
0,019874.jpg
3,019875.jpg
0,019876.jpg
0,019877.jpg
3,019878.jpg
4,019879.jpg
4,019880.jpg
3,019881.jpg
4,019882.jpg
3,019883.jpg
4,019884.jpg
3,019885.jpg
6,019886.jpg
2,019887.jpg
2,019888.jpg
3,019889.jpg
6,019890.jpg
2,019891.jpg
3,019892.jpg
4,019893.jpg
3,019894.jpg
6,019895.jpg
2,019896.jpg
2,019897.jpg
6,019898.jpg
3,019899.jpg
6,019900.jpg
6,019901.jpg
3,019902.jpg
5,019903.jpg
5,019904.jpg
6,019905.jpg
0,019906.jpg
1,019907.jpg
2,019908.jpg
4,019909.jpg
3,019910.jpg
1,019911.jpg
2,019912.jpg
3,019913.jpg
3,019914.jpg
5,019915.jpg
4,019916.jpg
4,019917.jpg
3,019918.jpg
3,019919.jpg
5,019920.jpg
0,019921.jpg
6,019922.jpg
0,019923.jpg
0,019924.jpg
6,019925.jpg
4,019926.jpg
3,019927.jpg
5,019928.jpg
5,019929.jpg
3,019930.jpg
2,019931.jpg
5,019932.jpg
3,019933.jpg
4,019934.jpg
6,019935.jpg
6,019936.jpg
6,019937.jpg
0,019938.jpg
0,019939.jpg
3,019940.jpg
6,019941.jpg
6,019942.jpg
3,019943.jpg
3,019944.jpg
4,019945.jpg
4,019946.jpg
3,019947.jpg
4,019948.jpg
5,019949.jpg
0,019950.jpg
6,019951.jpg
3,019952.jpg
6,019953.jpg
0,019954.jpg
6,019955.jpg
3,019956.jpg
3,019957.jpg
3,019958.jpg
2,019959.jpg
6,019960.jpg
0,019961.jpg
3,019962.jpg
6,019963.jpg
6,019964.jpg
3,019965.jpg
6,019966.jpg
2,019967.jpg
3,019968.jpg
4,019969.jpg
2,019970.jpg
3,019971.jpg
5,019972.jpg
4,019973.jpg
5,019974.jpg
4,019975.jpg
4,019976.jpg
3,019977.jpg
5,019978.jpg
3,019979.jpg
5,019980.jpg
3,019981.jpg
3,019982.jpg
6,019983.jpg
6,019984.jpg
5,019985.jpg
6,019986.jpg
3,019987.jpg
2,019988.jpg
3,019989.jpg
6,019990.jpg
1,019991.jpg
3,019992.jpg
6,019993.jpg
6,019994.jpg
2,019995.jpg
3,019996.jpg
4,019997.jpg
5,019998.jpg
2,019999.jpg
3,020000.jpg
4,020001.jpg
3,020002.jpg
5,020003.jpg
0,020004.jpg
3,020005.jpg
5,020006.jpg
6,020007.jpg
6,020008.jpg
4,020009.jpg
4,020010.jpg
4,020011.jpg
3,020012.jpg
3,020013.jpg
2,020014.jpg
5,020015.jpg
4,020016.jpg
0,020017.jpg
5,020018.jpg
6,020019.jpg
5,020020.jpg
3,020021.jpg
3,020022.jpg
3,020023.jpg
2,020024.jpg
3,020025.jpg
6,020026.jpg
0,020027.jpg
6,020028.jpg
6,020029.jpg
1,020030.jpg
0,020031.jpg
3,020032.jpg
0,020033.jpg
6,020034.jpg
5,020035.jpg
6,020036.jpg
2,020037.jpg
2,020038.jpg
3,020039.jpg
3,020040.jpg
5,020041.jpg
6,020042.jpg
3,020043.jpg
0,020044.jpg
6,020045.jpg
4,020046.jpg
4,020047.jpg
3,020048.jpg
3,020049.jpg
0,020050.jpg
0,020051.jpg
1,020052.jpg
4,020053.jpg
3,020054.jpg
2,020055.jpg
4,020056.jpg
6,020057.jpg
2,020058.jpg
3,020059.jpg
3,020060.jpg
3,020061.jpg
2,020062.jpg
6,020063.jpg
5,020064.jpg
4,020065.jpg
3,020066.jpg
3,020067.jpg
6,020068.jpg
4,020069.jpg
0,020070.jpg
0,020071.jpg
4,020072.jpg
4,020073.jpg
3,020074.jpg
0,020075.jpg
0,020076.jpg
5,020077.jpg
5,020078.jpg
3,020079.jpg
4,020080.jpg
3,020081.jpg
3,020082.jpg
2,020083.jpg
5,020084.jpg
3,020085.jpg
6,020086.jpg
3,020087.jpg
2,020088.jpg
6,020089.jpg
6,020090.jpg
3,020091.jpg
5,020092.jpg
2,020093.jpg
2,020094.jpg
3,020095.jpg
3,020096.jpg
4,020097.jpg
4,020098.jpg
2,020099.jpg
4,020100.jpg
5,020101.jpg
6,020102.jpg
1,020103.jpg
4,020104.jpg
6,020105.jpg
6,020106.jpg
3,020107.jpg
4,020108.jpg
2,020109.jpg
0,020110.jpg
3,020111.jpg
5,020112.jpg
5,020113.jpg
3,020114.jpg
6,020115.jpg
2,020116.jpg
2,020117.jpg
6,020118.jpg
6,020119.jpg
3,020120.jpg
2,020121.jpg
3,020122.jpg
2,020123.jpg
0,020124.jpg
3,020125.jpg
3,020126.jpg
3,020127.jpg
3,020128.jpg
3,020129.jpg
0,020130.jpg
3,020131.jpg
2,020132.jpg
4,020133.jpg
4,020134.jpg
2,020135.jpg
3,020136.jpg
1,020137.jpg
3,020138.jpg
5,020139.jpg
3,020140.jpg
5,020141.jpg
3,020142.jpg
6,020143.jpg
5,020144.jpg
5,020145.jpg
5,020146.jpg
2,020147.jpg
5,020148.jpg
4,020149.jpg
6,020150.jpg
3,020151.jpg
4,020152.jpg
6,020153.jpg
6,020154.jpg
3,020155.jpg
6,020156.jpg
6,020157.jpg
6,020158.jpg
4,020159.jpg
6,020160.jpg
6,020161.jpg
5,020162.jpg
5,020163.jpg
6,020164.jpg
3,020165.jpg
4,020166.jpg
5,020167.jpg
0,020168.jpg
3,020169.jpg
4,020170.jpg
4,020171.jpg
4,020172.jpg
4,020173.jpg
6,020174.jpg
4,020175.jpg
3,020176.jpg
3,020177.jpg
3,020178.jpg
6,020179.jpg
5,020180.jpg
3,020181.jpg
2,020182.jpg
0,020183.jpg
6,020184.jpg
6,020185.jpg
0,020186.jpg
3,020187.jpg
2,020188.jpg
6,020189.jpg
3,020190.jpg
2,020191.jpg
4,020192.jpg
4,020193.jpg
2,020194.jpg
2,020195.jpg
3,020196.jpg
4,020197.jpg
6,020198.jpg
6,020199.jpg
0,020200.jpg
3,020201.jpg
4,020202.jpg
4,020203.jpg
6,020204.jpg
5,020205.jpg
5,020206.jpg
3,020207.jpg
3,020208.jpg
5,020209.jpg
4,020210.jpg
5,020211.jpg
2,020212.jpg
3,020213.jpg
2,020214.jpg
2,020215.jpg
3,020216.jpg
4,020217.jpg
3,020218.jpg
3,020219.jpg
6,020220.jpg
3,020221.jpg
0,020222.jpg
6,020223.jpg
5,020224.jpg
1,020225.jpg
3,020226.jpg
0,020227.jpg
3,020228.jpg
3,020229.jpg
4,020230.jpg
5,020231.jpg
4,020232.jpg
4,020233.jpg
6,020234.jpg
3,020235.jpg
6,020236.jpg
0,020237.jpg
3,020238.jpg
3,020239.jpg
3,020240.jpg
5,020241.jpg
3,020242.jpg
3,020243.jpg
5,020244.jpg
2,020245.jpg
6,020246.jpg
3,020247.jpg
4,020248.jpg
2,020249.jpg
6,020250.jpg
6,020251.jpg
3,020252.jpg
3,020253.jpg
2,020254.jpg
2,020255.jpg
5,020256.jpg
6,020257.jpg
3,020258.jpg
0,020259.jpg
4,020260.jpg
6,020261.jpg
5,020262.jpg
3,020263.jpg
0,020264.jpg
2,020265.jpg
0,020266.jpg
3,020267.jpg
3,020268.jpg
2,020269.jpg
3,020270.jpg
3,020271.jpg
6,020272.jpg
0,020273.jpg
6,020274.jpg
3,020275.jpg
3,020276.jpg
2,020277.jpg
6,020278.jpg
3,020279.jpg
4,020280.jpg
2,020281.jpg
2,020282.jpg
3,020283.jpg
2,020284.jpg
3,020285.jpg
3,020286.jpg
0,020287.jpg
4,020288.jpg
6,020289.jpg
0,020290.jpg
3,020291.jpg
6,020292.jpg
5,020293.jpg
4,020294.jpg
2,020295.jpg
3,020296.jpg
0,020297.jpg
0,020298.jpg
6,020299.jpg
5,020300.jpg
4,020301.jpg
5,020302.jpg
0,020303.jpg
4,020304.jpg
2,020305.jpg
2,020306.jpg
3,020307.jpg
4,020308.jpg
3,020309.jpg
5,020310.jpg
5,020311.jpg
0,020312.jpg
4,020313.jpg
3,020314.jpg
3,020315.jpg
5,020316.jpg
4,020317.jpg
3,020318.jpg
2,020319.jpg
0,020320.jpg
4,020321.jpg
4,020322.jpg
4,020323.jpg
4,020324.jpg
1,020325.jpg
4,020326.jpg
4,020327.jpg
0,020328.jpg
5,020329.jpg
3,020330.jpg
0,020331.jpg
2,020332.jpg
4,020333.jpg
3,020334.jpg
1,020335.jpg
6,020336.jpg
2,020337.jpg
6,020338.jpg
4,020339.jpg
2,020340.jpg
3,020341.jpg
4,020342.jpg
2,020343.jpg
6,020344.jpg
6,020345.jpg
3,020346.jpg
4,020347.jpg
4,020348.jpg
0,020349.jpg
5,020350.jpg
4,020351.jpg
3,020352.jpg
0,020353.jpg
3,020354.jpg
3,020355.jpg
6,020356.jpg
6,020357.jpg
2,020358.jpg
6,020359.jpg
6,020360.jpg
3,020361.jpg
4,020362.jpg
5,020363.jpg
2,020364.jpg
3,020365.jpg
2,020366.jpg
5,020367.jpg
2,020368.jpg
5,020369.jpg
3,020370.jpg
3,020371.jpg
6,020372.jpg
5,020373.jpg
0,020374.jpg
4,020375.jpg
3,020376.jpg
3,020377.jpg
3,020378.jpg
3,020379.jpg
3,020380.jpg
2,020381.jpg
5,020382.jpg
6,020383.jpg
1,020384.jpg
0,020385.jpg
3,020386.jpg
5,020387.jpg
2,020388.jpg
4,020389.jpg
3,020390.jpg
0,020391.jpg
6,020392.jpg
4,020393.jpg
4,020394.jpg
4,020395.jpg
2,020396.jpg
4,020397.jpg
2,020398.jpg
3,020399.jpg
4,020400.jpg
3,020401.jpg
4,020402.jpg
0,020403.jpg
0,020404.jpg
6,020405.jpg
6,020406.jpg
5,020407.jpg
6,020408.jpg
0,020409.jpg
0,020410.jpg
2,020411.jpg
3,020412.jpg
5,020413.jpg
3,020414.jpg
3,020415.jpg
6,020416.jpg
3,020417.jpg
3,020418.jpg
5,020419.jpg
2,020420.jpg
0,020421.jpg
3,020422.jpg
6,020423.jpg
2,020424.jpg
4,020425.jpg
5,020426.jpg
2,020427.jpg
3,020428.jpg
4,020429.jpg
3,020430.jpg
4,020431.jpg
6,020432.jpg
0,020433.jpg
6,020434.jpg
3,020435.jpg
0,020436.jpg
6,020437.jpg
2,020438.jpg
5,020439.jpg
4,020440.jpg
4,020441.jpg
2,020442.jpg
4,020443.jpg
5,020444.jpg
3,020445.jpg
4,020446.jpg
5,020447.jpg
2,020448.jpg
5,020449.jpg
2,020450.jpg
0,020451.jpg
2,020452.jpg
2,020453.jpg
2,020454.jpg
4,020455.jpg
6,020456.jpg
3,020457.jpg
0,020458.jpg
0,020459.jpg
3,020460.jpg
2,020461.jpg
4,020462.jpg
4,020463.jpg
5,020464.jpg
3,020465.jpg
4,020466.jpg
5,020467.jpg
4,020468.jpg
4,020469.jpg
0,020470.jpg
2,020471.jpg
6,020472.jpg
2,020473.jpg
5,020474.jpg
1,020475.jpg
2,020476.jpg
0,020477.jpg
0,020478.jpg
3,020479.jpg
6,020480.jpg
4,020481.jpg
6,020482.jpg
0,020483.jpg
5,020484.jpg
1,020485.jpg
6,020486.jpg
3,020487.jpg
4,020488.jpg
6,020489.jpg
3,020490.jpg
3,020491.jpg
0,020492.jpg
2,020493.jpg
4,020494.jpg
2,020495.jpg
6,020496.jpg
6,020497.jpg
4,020498.jpg
3,020499.jpg
3,020500.jpg
3,020501.jpg
3,020502.jpg
4,020503.jpg
4,020504.jpg
0,020505.jpg
3,020506.jpg
3,020507.jpg
2,020508.jpg
4,020509.jpg
3,020510.jpg
4,020511.jpg
5,020512.jpg
5,020513.jpg
6,020514.jpg
5,020515.jpg
6,020516.jpg
6,020517.jpg
3,020518.jpg
3,020519.jpg
2,020520.jpg
6,020521.jpg
4,020522.jpg
3,020523.jpg
6,020524.jpg
3,020525.jpg
2,020526.jpg
3,020527.jpg
5,020528.jpg
3,020529.jpg
2,020530.jpg
2,020531.jpg
0,020532.jpg
3,020533.jpg
6,020534.jpg
4,020535.jpg
2,020536.jpg
5,020537.jpg
4,020538.jpg
0,020539.jpg
0,020540.jpg
2,020541.jpg
2,020542.jpg
3,020543.jpg
0,020544.jpg
2,020545.jpg
5,020546.jpg
3,020547.jpg
6,020548.jpg
6,020549.jpg
0,020550.jpg
3,020551.jpg
3,020552.jpg
6,020553.jpg
6,020554.jpg
5,020555.jpg
0,020556.jpg
2,020557.jpg
4,020558.jpg
0,020559.jpg
4,020560.jpg
3,020561.jpg
5,020562.jpg
4,020563.jpg
3,020564.jpg
6,020565.jpg
3,020566.jpg
3,020567.jpg
3,020568.jpg
2,020569.jpg
2,020570.jpg
6,020571.jpg
6,020572.jpg
5,020573.jpg
3,020574.jpg
5,020575.jpg
3,020576.jpg
4,020577.jpg
4,020578.jpg
2,020579.jpg
3,020580.jpg
6,020581.jpg
0,020582.jpg
3,020583.jpg
5,020584.jpg
2,020585.jpg
0,020586.jpg
5,020587.jpg
6,020588.jpg
4,020589.jpg
6,020590.jpg
3,020591.jpg
4,020592.jpg
6,020593.jpg
5,020594.jpg
3,020595.jpg
3,020596.jpg
5,020597.jpg
2,020598.jpg
3,020599.jpg
2,020600.jpg
4,020601.jpg
6,020602.jpg
6,020603.jpg
0,020604.jpg
3,020605.jpg
3,020606.jpg
3,020607.jpg
0,020608.jpg
2,020609.jpg
6,020610.jpg
6,020611.jpg
3,020612.jpg
3,020613.jpg
5,020614.jpg
6,020615.jpg
3,020616.jpg
2,020617.jpg
6,020618.jpg
3,020619.jpg
2,020620.jpg
6,020621.jpg
2,020622.jpg
3,020623.jpg
5,020624.jpg
0,020625.jpg
3,020626.jpg
0,020627.jpg
0,020628.jpg
0,020629.jpg
0,020630.jpg
4,020631.jpg
6,020632.jpg
3,020633.jpg
2,020634.jpg
0,020635.jpg
2,020636.jpg
6,020637.jpg
3,020638.jpg
2,020639.jpg
0,020640.jpg
2,020641.jpg
0,020642.jpg
0,020643.jpg
6,020644.jpg
3,020645.jpg
5,020646.jpg
3,020647.jpg
3,020648.jpg
0,020649.jpg
4,020650.jpg
2,020651.jpg
4,020652.jpg
0,020653.jpg
3,020654.jpg
4,020655.jpg
4,020656.jpg
3,020657.jpg
4,020658.jpg
6,020659.jpg
4,020660.jpg
4,020661.jpg
3,020662.jpg
0,020663.jpg
5,020664.jpg
6,020665.jpg
3,020666.jpg
4,020667.jpg
2,020668.jpg
3,020669.jpg
6,020670.jpg
0,020671.jpg
4,020672.jpg
0,020673.jpg
3,020674.jpg
3,020675.jpg
2,020676.jpg
3,020677.jpg
4,020678.jpg
3,020679.jpg
6,020680.jpg
2,020681.jpg
6,020682.jpg
3,020683.jpg
3,020684.jpg
3,020685.jpg
0,020686.jpg
4,020687.jpg
3,020688.jpg
0,020689.jpg
6,020690.jpg
5,020691.jpg
5,020692.jpg
6,020693.jpg
4,020694.jpg
5,020695.jpg
4,020696.jpg
2,020697.jpg
2,020698.jpg
3,020699.jpg
4,020700.jpg
2,020701.jpg
3,020702.jpg
1,020703.jpg
4,020704.jpg
6,020705.jpg
1,020706.jpg
2,020707.jpg
6,020708.jpg
3,020709.jpg
0,020710.jpg
3,020711.jpg
5,020712.jpg
2,020713.jpg
2,020714.jpg
2,020715.jpg
4,020716.jpg
3,020717.jpg
3,020718.jpg
6,020719.jpg
4,020720.jpg
5,020721.jpg
3,020722.jpg
3,020723.jpg
6,020724.jpg
2,020725.jpg
0,020726.jpg
3,020727.jpg
6,020728.jpg
6,020729.jpg
4,020730.jpg
3,020731.jpg
6,020732.jpg
3,020733.jpg
0,020734.jpg
3,020735.jpg
0,020736.jpg
6,020737.jpg
3,020738.jpg
0,020739.jpg
0,020740.jpg
0,020741.jpg
4,020742.jpg
0,020743.jpg
3,020744.jpg
3,020745.jpg
0,020746.jpg
3,020747.jpg
1,020748.jpg
3,020749.jpg
4,020750.jpg
2,020751.jpg
3,020752.jpg
2,020753.jpg
5,020754.jpg
0,020755.jpg
3,020756.jpg
5,020757.jpg
0,020758.jpg
2,020759.jpg
2,020760.jpg
1,020761.jpg
4,020762.jpg
3,020763.jpg
5,020764.jpg
2,020765.jpg
3,020766.jpg
5,020767.jpg
6,020768.jpg
6,020769.jpg
4,020770.jpg
2,020771.jpg
3,020772.jpg
4,020773.jpg
5,020774.jpg
5,020775.jpg
5,020776.jpg
3,020777.jpg
3,020778.jpg
6,020779.jpg
3,020780.jpg
4,020781.jpg
6,020782.jpg
4,020783.jpg
4,020784.jpg
4,020785.jpg
5,020786.jpg
4,020787.jpg
5,020788.jpg
6,020789.jpg
4,020790.jpg
5,020791.jpg
3,020792.jpg
4,020793.jpg
5,020794.jpg
0,020795.jpg
0,020796.jpg
6,020797.jpg
0,020798.jpg
0,020799.jpg
3,020800.jpg
3,020801.jpg
0,020802.jpg
6,020803.jpg
2,020804.jpg
2,020805.jpg
2,020806.jpg
4,020807.jpg
0,020808.jpg
3,020809.jpg
6,020810.jpg
3,020811.jpg
6,020812.jpg
2,020813.jpg
6,020814.jpg
5,020815.jpg
3,020816.jpg
0,020817.jpg
0,020818.jpg
6,020819.jpg
0,020820.jpg
3,020821.jpg
5,020822.jpg
6,020823.jpg
4,020824.jpg
6,020825.jpg
6,020826.jpg
0,020827.jpg
4,020828.jpg
3,020829.jpg
4,020830.jpg
2,020831.jpg
0,020832.jpg
6,020833.jpg
5,020834.jpg
2,020835.jpg
3,020836.jpg
5,020837.jpg
3,020838.jpg
6,020839.jpg
2,020840.jpg
6,020841.jpg
6,020842.jpg
2,020843.jpg
2,020844.jpg
3,020845.jpg
2,020846.jpg
3,020847.jpg
3,020848.jpg
0,020849.jpg
3,020850.jpg
2,020851.jpg
6,020852.jpg
2,020853.jpg
6,020854.jpg
5,020855.jpg
6,020856.jpg
3,020857.jpg
2,020858.jpg
2,020859.jpg
3,020860.jpg
3,020861.jpg
3,020862.jpg
4,020863.jpg
5,020864.jpg
3,020865.jpg
3,020866.jpg
6,020867.jpg
5,020868.jpg
3,020869.jpg
4,020870.jpg
0,020871.jpg
2,020872.jpg
6,020873.jpg
6,020874.jpg
6,020875.jpg
2,020876.jpg
0,020877.jpg
6,020878.jpg
5,020879.jpg
0,020880.jpg
3,020881.jpg
5,020882.jpg
0,020883.jpg
3,020884.jpg
0,020885.jpg
5,020886.jpg
4,020887.jpg
0,020888.jpg
3,020889.jpg
6,020890.jpg
2,020891.jpg
6,020892.jpg
6,020893.jpg
3,020894.jpg
4,020895.jpg
2,020896.jpg
2,020897.jpg
4,020898.jpg
5,020899.jpg
5,020900.jpg
0,020901.jpg
4,020902.jpg
4,020903.jpg
1,020904.jpg
0,020905.jpg
4,020906.jpg
2,020907.jpg
4,020908.jpg
3,020909.jpg
3,020910.jpg
4,020911.jpg
0,020912.jpg
6,020913.jpg
4,020914.jpg
0,020915.jpg
0,020916.jpg
0,020917.jpg
3,020918.jpg
3,020919.jpg
6,020920.jpg
3,020921.jpg
4,020922.jpg
4,020923.jpg
5,020924.jpg
3,020925.jpg
0,020926.jpg
4,020927.jpg
2,020928.jpg
5,020929.jpg
3,020930.jpg
5,020931.jpg
2,020932.jpg
6,020933.jpg
5,020934.jpg
5,020935.jpg
0,020936.jpg
3,020937.jpg
3,020938.jpg
6,020939.jpg
6,020940.jpg
3,020941.jpg
0,020942.jpg
0,020943.jpg
3,020944.jpg
3,020945.jpg
3,020946.jpg
5,020947.jpg
6,020948.jpg
3,020949.jpg
5,020950.jpg
4,020951.jpg
3,020952.jpg
5,020953.jpg
2,020954.jpg
5,020955.jpg
0,020956.jpg
4,020957.jpg
3,020958.jpg
0,020959.jpg
0,020960.jpg
2,020961.jpg
2,020962.jpg
3,020963.jpg
4,020964.jpg
4,020965.jpg
3,020966.jpg
5,020967.jpg
6,020968.jpg
3,020969.jpg
2,020970.jpg
4,020971.jpg
3,020972.jpg
3,020973.jpg
2,020974.jpg
3,020975.jpg
4,020976.jpg
0,020977.jpg
2,020978.jpg
4,020979.jpg
6,020980.jpg
4,020981.jpg
4,020982.jpg
5,020983.jpg
3,020984.jpg
5,020985.jpg
2,020986.jpg
5,020987.jpg
3,020988.jpg
5,020989.jpg
5,020990.jpg
6,020991.jpg
6,020992.jpg
0,020993.jpg
3,020994.jpg
6,020995.jpg
5,020996.jpg
0,020997.jpg
2,020998.jpg
2,020999.jpg
2,021000.jpg
4,021001.jpg
4,021002.jpg
6,021003.jpg
6,021004.jpg
4,021005.jpg
3,021006.jpg
3,021007.jpg
4,021008.jpg
0,021009.jpg
2,021010.jpg
6,021011.jpg
6,021012.jpg
0,021013.jpg
2,021014.jpg
3,021015.jpg
5,021016.jpg
6,021017.jpg
0,021018.jpg
3,021019.jpg
2,021020.jpg
0,021021.jpg
4,021022.jpg
6,021023.jpg
3,021024.jpg
6,021025.jpg
0,021026.jpg
3,021027.jpg
2,021028.jpg
4,021029.jpg
6,021030.jpg
4,021031.jpg
2,021032.jpg
3,021033.jpg
4,021034.jpg
2,021035.jpg
4,021036.jpg
2,021037.jpg
0,021038.jpg
3,021039.jpg
4,021040.jpg
0,021041.jpg
3,021042.jpg
6,021043.jpg
5,021044.jpg
6,021045.jpg
0,021046.jpg
2,021047.jpg
3,021048.jpg
3,021049.jpg
0,021050.jpg
4,021051.jpg
4,021052.jpg
3,021053.jpg
5,021054.jpg
3,021055.jpg
4,021056.jpg
2,021057.jpg
3,021058.jpg
4,021059.jpg
4,021060.jpg
2,021061.jpg
6,021062.jpg
0,021063.jpg
0,021064.jpg
6,021065.jpg
0,021066.jpg
2,021067.jpg
0,021068.jpg
0,021069.jpg
2,021070.jpg
5,021071.jpg
5,021072.jpg
6,021073.jpg
5,021074.jpg
4,021075.jpg
6,021076.jpg
3,021077.jpg
4,021078.jpg
6,021079.jpg
3,021080.jpg
0,021081.jpg
4,021082.jpg
3,021083.jpg
6,021084.jpg
3,021085.jpg
3,021086.jpg
3,021087.jpg
6,021088.jpg
3,021089.jpg
5,021090.jpg
4,021091.jpg
6,021092.jpg
2,021093.jpg
0,021094.jpg
0,021095.jpg
3,021096.jpg
3,021097.jpg
3,021098.jpg
0,021099.jpg
4,021100.jpg
2,021101.jpg
2,021102.jpg
5,021103.jpg
6,021104.jpg
0,021105.jpg
5,021106.jpg
0,021107.jpg
3,021108.jpg
2,021109.jpg
3,021110.jpg
0,021111.jpg
3,021112.jpg
3,021113.jpg
2,021114.jpg
3,021115.jpg
1,021116.jpg
6,021117.jpg
2,021118.jpg
3,021119.jpg
3,021120.jpg
6,021121.jpg
2,021122.jpg
5,021123.jpg
4,021124.jpg
3,021125.jpg
6,021126.jpg
3,021127.jpg
3,021128.jpg
5,021129.jpg
4,021130.jpg
0,021131.jpg
3,021132.jpg
3,021133.jpg
4,021134.jpg
0,021135.jpg
6,021136.jpg
2,021137.jpg
6,021138.jpg
2,021139.jpg
5,021140.jpg
5,021141.jpg
4,021142.jpg
3,021143.jpg
4,021144.jpg
3,021145.jpg
4,021146.jpg
4,021147.jpg
5,021148.jpg
3,021149.jpg
6,021150.jpg
5,021151.jpg
3,021152.jpg
5,021153.jpg
5,021154.jpg
3,021155.jpg
2,021156.jpg
4,021157.jpg
4,021158.jpg
6,021159.jpg
0,021160.jpg
0,021161.jpg
3,021162.jpg
0,021163.jpg
4,021164.jpg
3,021165.jpg
6,021166.jpg
6,021167.jpg
0,021168.jpg
6,021169.jpg
6,021170.jpg
0,021171.jpg
4,021172.jpg
0,021173.jpg
5,021174.jpg
6,021175.jpg
0,021176.jpg
3,021177.jpg
3,021178.jpg
5,021179.jpg
3,021180.jpg
0,021181.jpg
4,021182.jpg
0,021183.jpg
6,021184.jpg
3,021185.jpg
2,021186.jpg
1,021187.jpg
4,021188.jpg
2,021189.jpg
6,021190.jpg
0,021191.jpg
2,021192.jpg
3,021193.jpg
3,021194.jpg
6,021195.jpg
0,021196.jpg
6,021197.jpg
4,021198.jpg
6,021199.jpg
3,021200.jpg
4,021201.jpg
3,021202.jpg
5,021203.jpg
0,021204.jpg
6,021205.jpg
3,021206.jpg
4,021207.jpg
3,021208.jpg
3,021209.jpg
6,021210.jpg
6,021211.jpg
3,021212.jpg
6,021213.jpg
2,021214.jpg
4,021215.jpg
0,021216.jpg
5,021217.jpg
3,021218.jpg
6,021219.jpg
0,021220.jpg
4,021221.jpg
6,021222.jpg
3,021223.jpg
1,021224.jpg
3,021225.jpg
2,021226.jpg
2,021227.jpg
3,021228.jpg
3,021229.jpg
2,021230.jpg
3,021231.jpg
4,021232.jpg
5,021233.jpg
2,021234.jpg
3,021235.jpg
3,021236.jpg
3,021237.jpg
3,021238.jpg
5,021239.jpg
6,021240.jpg
5,021241.jpg
3,021242.jpg
4,021243.jpg
2,021244.jpg
3,021245.jpg
0,021246.jpg
3,021247.jpg
5,021248.jpg
4,021249.jpg
2,021250.jpg
3,021251.jpg
3,021252.jpg
5,021253.jpg
6,021254.jpg
4,021255.jpg
3,021256.jpg
6,021257.jpg
6,021258.jpg
2,021259.jpg
4,021260.jpg
4,021261.jpg
6,021262.jpg
3,021263.jpg
2,021264.jpg
6,021265.jpg
4,021266.jpg
3,021267.jpg
6,021268.jpg
2,021269.jpg
3,021270.jpg
0,021271.jpg
6,021272.jpg
6,021273.jpg
3,021274.jpg
4,021275.jpg
4,021276.jpg
0,021277.jpg
3,021278.jpg
6,021279.jpg
2,021280.jpg
3,021281.jpg
4,021282.jpg
0,021283.jpg
0,021284.jpg
2,021285.jpg
0,021286.jpg
5,021287.jpg
6,021288.jpg
3,021289.jpg
4,021290.jpg
3,021291.jpg
3,021292.jpg
4,021293.jpg
4,021294.jpg
0,021295.jpg
4,021296.jpg
3,021297.jpg
4,021298.jpg
5,021299.jpg
0,021300.jpg
3,021301.jpg
3,021302.jpg
3,021303.jpg
0,021304.jpg
3,021305.jpg
3,021306.jpg
6,021307.jpg
5,021308.jpg
0,021309.jpg
0,021310.jpg
6,021311.jpg
4,021312.jpg
3,021313.jpg
6,021314.jpg
5,021315.jpg
3,021316.jpg
2,021317.jpg
6,021318.jpg
6,021319.jpg
2,021320.jpg
0,021321.jpg
4,021322.jpg
3,021323.jpg
4,021324.jpg
3,021325.jpg
2,021326.jpg
4,021327.jpg
2,021328.jpg
3,021329.jpg
0,021330.jpg
6,021331.jpg
6,021332.jpg
6,021333.jpg
3,021334.jpg
3,021335.jpg
4,021336.jpg
6,021337.jpg
5,021338.jpg
4,021339.jpg
3,021340.jpg
3,021341.jpg
5,021342.jpg
5,021343.jpg
3,021344.jpg
2,021345.jpg
5,021346.jpg
0,021347.jpg
3,021348.jpg
2,021349.jpg
3,021350.jpg
6,021351.jpg
2,021352.jpg
4,021353.jpg
5,021354.jpg
5,021355.jpg
4,021356.jpg
6,021357.jpg
4,021358.jpg
5,021359.jpg
2,021360.jpg
3,021361.jpg
5,021362.jpg
3,021363.jpg
4,021364.jpg
5,021365.jpg
5,021366.jpg
0,021367.jpg
5,021368.jpg
6,021369.jpg
0,021370.jpg
0,021371.jpg
0,021372.jpg
2,021373.jpg
0,021374.jpg
3,021375.jpg
3,021376.jpg
6,021377.jpg
4,021378.jpg
3,021379.jpg
2,021380.jpg
5,021381.jpg
5,021382.jpg
0,021383.jpg
3,021384.jpg
3,021385.jpg
6,021386.jpg
2,021387.jpg
6,021388.jpg
3,021389.jpg
6,021390.jpg
3,021391.jpg
5,021392.jpg
6,021393.jpg
3,021394.jpg
3,021395.jpg
0,021396.jpg
0,021397.jpg
5,021398.jpg
4,021399.jpg
2,021400.jpg
6,021401.jpg
6,021402.jpg
6,021403.jpg
6,021404.jpg
2,021405.jpg
3,021406.jpg
3,021407.jpg
5,021408.jpg
4,021409.jpg
6,021410.jpg
5,021411.jpg
3,021412.jpg
4,021413.jpg
4,021414.jpg
0,021415.jpg
3,021416.jpg
5,021417.jpg
6,021418.jpg
3,021419.jpg
2,021420.jpg
0,021421.jpg
1,021422.jpg
1,021423.jpg
6,021424.jpg
3,021425.jpg
3,021426.jpg
4,021427.jpg
4,021428.jpg
4,021429.jpg
2,021430.jpg
3,021431.jpg
3,021432.jpg
3,021433.jpg
4,021434.jpg
4,021435.jpg
3,021436.jpg
6,021437.jpg
3,021438.jpg
3,021439.jpg
3,021440.jpg
3,021441.jpg
5,021442.jpg
5,021443.jpg
5,021444.jpg
4,021445.jpg
5,021446.jpg
0,021447.jpg
6,021448.jpg
3,021449.jpg
3,021450.jpg
6,021451.jpg
4,021452.jpg
2,021453.jpg
2,021454.jpg
6,021455.jpg
3,021456.jpg
0,021457.jpg
0,021458.jpg
2,021459.jpg
3,021460.jpg
5,021461.jpg
2,021462.jpg
0,021463.jpg
2,021464.jpg
6,021465.jpg
0,021466.jpg
4,021467.jpg
5,021468.jpg
3,021469.jpg
6,021470.jpg
5,021471.jpg
0,021472.jpg
3,021473.jpg
3,021474.jpg
6,021475.jpg
6,021476.jpg
4,021477.jpg
0,021478.jpg
6,021479.jpg
4,021480.jpg
3,021481.jpg
4,021482.jpg
3,021483.jpg
6,021484.jpg
2,021485.jpg
4,021486.jpg
3,021487.jpg
3,021488.jpg
4,021489.jpg
4,021490.jpg
2,021491.jpg
4,021492.jpg
6,021493.jpg
3,021494.jpg
4,021495.jpg
6,021496.jpg
0,021497.jpg
6,021498.jpg
2,021499.jpg
2,021500.jpg
3,021501.jpg
6,021502.jpg
0,021503.jpg
4,021504.jpg
0,021505.jpg
6,021506.jpg
5,021507.jpg
0,021508.jpg
0,021509.jpg
6,021510.jpg
0,021511.jpg
0,021512.jpg
3,021513.jpg
3,021514.jpg
4,021515.jpg
5,021516.jpg
5,021517.jpg
3,021518.jpg
4,021519.jpg
0,021520.jpg
3,021521.jpg
5,021522.jpg
2,021523.jpg
3,021524.jpg
0,021525.jpg
2,021526.jpg
3,021527.jpg
6,021528.jpg
3,021529.jpg
0,021530.jpg
4,021531.jpg
2,021532.jpg
6,021533.jpg
3,021534.jpg
4,021535.jpg
2,021536.jpg
5,021537.jpg
3,021538.jpg
4,021539.jpg
4,021540.jpg
0,021541.jpg
3,021542.jpg
3,021543.jpg
4,021544.jpg
5,021545.jpg
4,021546.jpg
0,021547.jpg
3,021548.jpg
4,021549.jpg
5,021550.jpg
6,021551.jpg
4,021552.jpg
5,021553.jpg
6,021554.jpg
2,021555.jpg
2,021556.jpg
6,021557.jpg
5,021558.jpg
2,021559.jpg
3,021560.jpg
3,021561.jpg
3,021562.jpg
3,021563.jpg
2,021564.jpg
2,021565.jpg
4,021566.jpg
0,021567.jpg
6,021568.jpg
2,021569.jpg
5,021570.jpg
0,021571.jpg
2,021572.jpg
0,021573.jpg
3,021574.jpg
5,021575.jpg
0,021576.jpg
6,021577.jpg
5,021578.jpg
3,021579.jpg
1,021580.jpg
2,021581.jpg
3,021582.jpg
4,021583.jpg
0,021584.jpg
6,021585.jpg
4,021586.jpg
5,021587.jpg
3,021588.jpg
6,021589.jpg
3,021590.jpg
0,021591.jpg
3,021592.jpg
3,021593.jpg
4,021594.jpg
3,021595.jpg
0,021596.jpg
5,021597.jpg
2,021598.jpg
2,021599.jpg
5,021600.jpg
0,021601.jpg
3,021602.jpg
5,021603.jpg
1,021604.jpg
3,021605.jpg
2,021606.jpg
3,021607.jpg
2,021608.jpg
0,021609.jpg
4,021610.jpg
6,021611.jpg
3,021612.jpg
0,021613.jpg
3,021614.jpg
2,021615.jpg
1,021616.jpg
3,021617.jpg
3,021618.jpg
3,021619.jpg
2,021620.jpg
4,021621.jpg
0,021622.jpg
3,021623.jpg
6,021624.jpg
3,021625.jpg
0,021626.jpg
4,021627.jpg
3,021628.jpg
5,021629.jpg
2,021630.jpg
5,021631.jpg
4,021632.jpg
5,021633.jpg
6,021634.jpg
4,021635.jpg
0,021636.jpg
6,021637.jpg
6,021638.jpg
0,021639.jpg
3,021640.jpg
2,021641.jpg
5,021642.jpg
5,021643.jpg
3,021644.jpg
6,021645.jpg
0,021646.jpg
4,021647.jpg
3,021648.jpg
3,021649.jpg
5,021650.jpg
6,021651.jpg
5,021652.jpg
2,021653.jpg
2,021654.jpg
2,021655.jpg
3,021656.jpg
4,021657.jpg
6,021658.jpg
3,021659.jpg
5,021660.jpg
5,021661.jpg
5,021662.jpg
6,021663.jpg
3,021664.jpg
6,021665.jpg
4,021666.jpg
4,021667.jpg
1,021668.jpg
3,021669.jpg
0,021670.jpg
3,021671.jpg
0,021672.jpg
0,021673.jpg
0,021674.jpg
6,021675.jpg
3,021676.jpg
3,021677.jpg
4,021678.jpg
1,021679.jpg
4,021680.jpg
4,021681.jpg
5,021682.jpg
2,021683.jpg
4,021684.jpg
3,021685.jpg
2,021686.jpg
6,021687.jpg
6,021688.jpg
3,021689.jpg
2,021690.jpg
4,021691.jpg
3,021692.jpg
6,021693.jpg
3,021694.jpg
6,021695.jpg
2,021696.jpg
2,021697.jpg
0,021698.jpg
3,021699.jpg
2,021700.jpg
6,021701.jpg
3,021702.jpg
0,021703.jpg
6,021704.jpg
2,021705.jpg
4,021706.jpg
6,021707.jpg
3,021708.jpg
3,021709.jpg
4,021710.jpg
6,021711.jpg
6,021712.jpg
3,021713.jpg
2,021714.jpg
4,021715.jpg
4,021716.jpg
2,021717.jpg
2,021718.jpg
5,021719.jpg
4,021720.jpg
4,021721.jpg
3,021722.jpg
0,021723.jpg
6,021724.jpg
6,021725.jpg
6,021726.jpg
5,021727.jpg
0,021728.jpg
3,021729.jpg
6,021730.jpg
0,021731.jpg
3,021732.jpg
2,021733.jpg
4,021734.jpg
2,021735.jpg
6,021736.jpg
2,021737.jpg
3,021738.jpg
4,021739.jpg
5,021740.jpg
6,021741.jpg
2,021742.jpg
4,021743.jpg
1,021744.jpg
0,021745.jpg
4,021746.jpg
0,021747.jpg
4,021748.jpg
3,021749.jpg
3,021750.jpg
3,021751.jpg
6,021752.jpg
3,021753.jpg
2,021754.jpg
2,021755.jpg
2,021756.jpg
4,021757.jpg
5,021758.jpg
1,021759.jpg
3,021760.jpg
6,021761.jpg
0,021762.jpg
6,021763.jpg
3,021764.jpg
1,021765.jpg
4,021766.jpg
0,021767.jpg
5,021768.jpg
4,021769.jpg
4,021770.jpg
4,021771.jpg
4,021772.jpg
4,021773.jpg
6,021774.jpg
6,021775.jpg
6,021776.jpg
0,021777.jpg
3,021778.jpg
0,021779.jpg
5,021780.jpg
5,021781.jpg
0,021782.jpg
3,021783.jpg
3,021784.jpg
6,021785.jpg
4,021786.jpg
3,021787.jpg
3,021788.jpg
2,021789.jpg
6,021790.jpg
4,021791.jpg
6,021792.jpg
0,021793.jpg
6,021794.jpg
3,021795.jpg
3,021796.jpg
3,021797.jpg
5,021798.jpg
1,021799.jpg
2,021800.jpg
6,021801.jpg
6,021802.jpg
3,021803.jpg
5,021804.jpg
2,021805.jpg
0,021806.jpg
5,021807.jpg
6,021808.jpg
6,021809.jpg
4,021810.jpg
5,021811.jpg
6,021812.jpg
3,021813.jpg
4,021814.jpg
4,021815.jpg
1,021816.jpg
6,021817.jpg
5,021818.jpg
3,021819.jpg
4,021820.jpg
5,021821.jpg
6,021822.jpg
6,021823.jpg
5,021824.jpg
3,021825.jpg
5,021826.jpg
4,021827.jpg
6,021828.jpg
4,021829.jpg
4,021830.jpg
3,021831.jpg
6,021832.jpg
2,021833.jpg
5,021834.jpg
3,021835.jpg
0,021836.jpg
4,021837.jpg
2,021838.jpg
3,021839.jpg
0,021840.jpg
3,021841.jpg
4,021842.jpg
5,021843.jpg
2,021844.jpg
2,021845.jpg
3,021846.jpg
4,021847.jpg
3,021848.jpg
4,021849.jpg
3,021850.jpg
1,021851.jpg
6,021852.jpg
5,021853.jpg
0,021854.jpg
0,021855.jpg
5,021856.jpg
4,021857.jpg
2,021858.jpg
3,021859.jpg
0,021860.jpg
3,021861.jpg
6,021862.jpg
2,021863.jpg
0,021864.jpg
0,021865.jpg
2,021866.jpg
5,021867.jpg
5,021868.jpg
3,021869.jpg
6,021870.jpg
6,021871.jpg
3,021872.jpg
6,021873.jpg
2,021874.jpg
2,021875.jpg
3,021876.jpg
2,021877.jpg
2,021878.jpg
2,021879.jpg
6,021880.jpg
3,021881.jpg
2,021882.jpg
4,021883.jpg
3,021884.jpg
4,021885.jpg
3,021886.jpg
5,021887.jpg
6,021888.jpg
4,021889.jpg
5,021890.jpg
2,021891.jpg
3,021892.jpg
4,021893.jpg
6,021894.jpg
5,021895.jpg
5,021896.jpg
4,021897.jpg
2,021898.jpg
3,021899.jpg
5,021900.jpg
2,021901.jpg
3,021902.jpg
4,021903.jpg
5,021904.jpg
6,021905.jpg
5,021906.jpg
3,021907.jpg
3,021908.jpg
6,021909.jpg
6,021910.jpg
6,021911.jpg
4,021912.jpg
4,021913.jpg
4,021914.jpg
6,021915.jpg
0,021916.jpg
4,021917.jpg
2,021918.jpg
0,021919.jpg
4,021920.jpg
0,021921.jpg
0,021922.jpg
0,021923.jpg
5,021924.jpg
3,021925.jpg
4,021926.jpg
3,021927.jpg
3,021928.jpg
4,021929.jpg
3,021930.jpg
4,021931.jpg
0,021932.jpg
3,021933.jpg
5,021934.jpg
3,021935.jpg
3,021936.jpg
3,021937.jpg
3,021938.jpg
3,021939.jpg
3,021940.jpg
6,021941.jpg
3,021942.jpg
3,021943.jpg
6,021944.jpg
4,021945.jpg
2,021946.jpg
3,021947.jpg
0,021948.jpg
4,021949.jpg
0,021950.jpg
2,021951.jpg
4,021952.jpg
4,021953.jpg
5,021954.jpg
6,021955.jpg
6,021956.jpg
4,021957.jpg
2,021958.jpg
3,021959.jpg
6,021960.jpg
3,021961.jpg
6,021962.jpg
4,021963.jpg
0,021964.jpg
3,021965.jpg
3,021966.jpg
2,021967.jpg
4,021968.jpg
5,021969.jpg
4,021970.jpg
6,021971.jpg
4,021972.jpg
5,021973.jpg
5,021974.jpg
5,021975.jpg
0,021976.jpg
3,021977.jpg
4,021978.jpg
3,021979.jpg
4,021980.jpg
6,021981.jpg
3,021982.jpg
4,021983.jpg
6,021984.jpg
4,021985.jpg
6,021986.jpg
5,021987.jpg
4,021988.jpg
6,021989.jpg
3,021990.jpg
5,021991.jpg
6,021992.jpg
2,021993.jpg
0,021994.jpg
5,021995.jpg
4,021996.jpg
2,021997.jpg
5,021998.jpg
6,021999.jpg
4,022000.jpg
2,022001.jpg
3,022002.jpg
4,022003.jpg
4,022004.jpg
6,022005.jpg
6,022006.jpg
5,022007.jpg
4,022008.jpg
5,022009.jpg
5,022010.jpg
4,022011.jpg
2,022012.jpg
0,022013.jpg
4,022014.jpg
2,022015.jpg
0,022016.jpg
5,022017.jpg
3,022018.jpg
5,022019.jpg
6,022020.jpg
3,022021.jpg
3,022022.jpg
6,022023.jpg
0,022024.jpg
5,022025.jpg
5,022026.jpg
3,022027.jpg
6,022028.jpg
2,022029.jpg
0,022030.jpg
4,022031.jpg
4,022032.jpg
6,022033.jpg
3,022034.jpg
0,022035.jpg
4,022036.jpg
2,022037.jpg
6,022038.jpg
5,022039.jpg
4,022040.jpg
3,022041.jpg
4,022042.jpg
5,022043.jpg
3,022044.jpg
2,022045.jpg
0,022046.jpg
3,022047.jpg
5,022048.jpg
5,022049.jpg
2,022050.jpg
4,022051.jpg
4,022052.jpg
2,022053.jpg
6,022054.jpg
1,022055.jpg
3,022056.jpg
4,022057.jpg
3,022058.jpg
0,022059.jpg
3,022060.jpg
3,022061.jpg
4,022062.jpg
6,022063.jpg
3,022064.jpg
0,022065.jpg
5,022066.jpg
4,022067.jpg
0,022068.jpg
2,022069.jpg
5,022070.jpg
4,022071.jpg
0,022072.jpg
4,022073.jpg
2,022074.jpg
6,022075.jpg
2,022076.jpg
2,022077.jpg
0,022078.jpg
0,022079.jpg
3,022080.jpg
3,022081.jpg
0,022082.jpg
3,022083.jpg
5,022084.jpg
0,022085.jpg
6,022086.jpg
5,022087.jpg
6,022088.jpg
0,022089.jpg
4,022090.jpg
6,022091.jpg
2,022092.jpg
4,022093.jpg
4,022094.jpg
6,022095.jpg
0,022096.jpg
3,022097.jpg
5,022098.jpg
4,022099.jpg
6,022100.jpg
0,022101.jpg
2,022102.jpg
4,022103.jpg
4,022104.jpg
6,022105.jpg
5,022106.jpg
5,022107.jpg
2,022108.jpg
3,022109.jpg
3,022110.jpg
3,022111.jpg
3,022112.jpg
0,022113.jpg
3,022114.jpg
3,022115.jpg
6,022116.jpg
4,022117.jpg
1,022118.jpg
3,022119.jpg
3,022120.jpg
0,022121.jpg
6,022122.jpg
6,022123.jpg
5,022124.jpg
6,022125.jpg
5,022126.jpg
2,022127.jpg
5,022128.jpg
5,022129.jpg
2,022130.jpg
5,022131.jpg
5,022132.jpg
3,022133.jpg
3,022134.jpg
5,022135.jpg
6,022136.jpg
6,022137.jpg
3,022138.jpg
3,022139.jpg
3,022140.jpg
4,022141.jpg
3,022142.jpg
0,022143.jpg
6,022144.jpg
5,022145.jpg
0,022146.jpg
6,022147.jpg
0,022148.jpg
4,022149.jpg
3,022150.jpg
4,022151.jpg
3,022152.jpg
0,022153.jpg
3,022154.jpg
0,022155.jpg
4,022156.jpg
2,022157.jpg
6,022158.jpg
5,022159.jpg
3,022160.jpg
6,022161.jpg
5,022162.jpg
2,022163.jpg
2,022164.jpg
4,022165.jpg
2,022166.jpg
6,022167.jpg
3,022168.jpg
6,022169.jpg
4,022170.jpg
2,022171.jpg
3,022172.jpg
6,022173.jpg
4,022174.jpg
0,022175.jpg
4,022176.jpg
0,022177.jpg
3,022178.jpg
3,022179.jpg
6,022180.jpg
2,022181.jpg
4,022182.jpg
0,022183.jpg
0,022184.jpg
2,022185.jpg
6,022186.jpg
0,022187.jpg
3,022188.jpg
4,022189.jpg
4,022190.jpg
3,022191.jpg
2,022192.jpg
4,022193.jpg
3,022194.jpg
3,022195.jpg
1,022196.jpg
4,022197.jpg
0,022198.jpg
6,022199.jpg
2,022200.jpg
3,022201.jpg
3,022202.jpg
0,022203.jpg
5,022204.jpg
0,022205.jpg
4,022206.jpg
3,022207.jpg
3,022208.jpg
0,022209.jpg
3,022210.jpg
3,022211.jpg
0,022212.jpg
0,022213.jpg
3,022214.jpg
2,022215.jpg
3,022216.jpg
0,022217.jpg
0,022218.jpg
4,022219.jpg
3,022220.jpg
2,022221.jpg
4,022222.jpg
3,022223.jpg
6,022224.jpg
3,022225.jpg
0,022226.jpg
6,022227.jpg
2,022228.jpg
6,022229.jpg
5,022230.jpg
4,022231.jpg
3,022232.jpg
4,022233.jpg
0,022234.jpg
3,022235.jpg
6,022236.jpg
4,022237.jpg
4,022238.jpg
6,022239.jpg
6,022240.jpg
4,022241.jpg
0,022242.jpg
5,022243.jpg
3,022244.jpg
0,022245.jpg
6,022246.jpg
3,022247.jpg
3,022248.jpg
4,022249.jpg
0,022250.jpg
4,022251.jpg
2,022252.jpg
0,022253.jpg
3,022254.jpg
4,022255.jpg
3,022256.jpg
2,022257.jpg
4,022258.jpg
4,022259.jpg
4,022260.jpg
0,022261.jpg
4,022262.jpg
5,022263.jpg
4,022264.jpg
6,022265.jpg
2,022266.jpg
6,022267.jpg
4,022268.jpg
0,022269.jpg
0,022270.jpg
4,022271.jpg
0,022272.jpg
0,022273.jpg
2,022274.jpg
6,022275.jpg
4,022276.jpg
2,022277.jpg
5,022278.jpg
3,022279.jpg
4,022280.jpg
5,022281.jpg
2,022282.jpg
3,022283.jpg
3,022284.jpg
0,022285.jpg
4,022286.jpg
0,022287.jpg
4,022288.jpg
3,022289.jpg
3,022290.jpg
0,022291.jpg
6,022292.jpg
3,022293.jpg
3,022294.jpg
6,022295.jpg
2,022296.jpg
6,022297.jpg
6,022298.jpg
3,022299.jpg
2,022300.jpg
3,022301.jpg
3,022302.jpg
3,022303.jpg
2,022304.jpg
5,022305.jpg
2,022306.jpg
2,022307.jpg
2,022308.jpg
0,022309.jpg
5,022310.jpg
5,022311.jpg
5,022312.jpg
2,022313.jpg
2,022314.jpg
0,022315.jpg
6,022316.jpg
2,022317.jpg
3,022318.jpg
4,022319.jpg
1,022320.jpg
4,022321.jpg
5,022322.jpg
4,022323.jpg
3,022324.jpg
6,022325.jpg
2,022326.jpg
5,022327.jpg
6,022328.jpg
0,022329.jpg
2,022330.jpg
0,022331.jpg
6,022332.jpg
0,022333.jpg
0,022334.jpg
4,022335.jpg
6,022336.jpg
6,022337.jpg
6,022338.jpg
0,022339.jpg
3,022340.jpg
5,022341.jpg
6,022342.jpg
4,022343.jpg
3,022344.jpg
2,022345.jpg
3,022346.jpg
3,022347.jpg
0,022348.jpg
2,022349.jpg
2,022350.jpg
3,022351.jpg
6,022352.jpg
4,022353.jpg
6,022354.jpg
3,022355.jpg
4,022356.jpg
6,022357.jpg
6,022358.jpg
2,022359.jpg
5,022360.jpg
4,022361.jpg
0,022362.jpg
3,022363.jpg
3,022364.jpg
3,022365.jpg
2,022366.jpg
3,022367.jpg
4,022368.jpg
5,022369.jpg
2,022370.jpg
4,022371.jpg
5,022372.jpg
3,022373.jpg
2,022374.jpg
0,022375.jpg
6,022376.jpg
2,022377.jpg
5,022378.jpg
6,022379.jpg
3,022380.jpg
6,022381.jpg
6,022382.jpg
0,022383.jpg
3,022384.jpg
2,022385.jpg
6,022386.jpg
6,022387.jpg
3,022388.jpg
3,022389.jpg
4,022390.jpg
6,022391.jpg
4,022392.jpg
5,022393.jpg
3,022394.jpg
3,022395.jpg
6,022396.jpg
3,022397.jpg
4,022398.jpg
5,022399.jpg
0,022400.jpg
3,022401.jpg
6,022402.jpg
6,022403.jpg
0,022404.jpg
3,022405.jpg
4,022406.jpg
2,022407.jpg
6,022408.jpg
3,022409.jpg
6,022410.jpg
5,022411.jpg
4,022412.jpg
4,022413.jpg
6,022414.jpg
6,022415.jpg
4,022416.jpg
2,022417.jpg
2,022418.jpg
4,022419.jpg
3,022420.jpg
3,022421.jpg
5,022422.jpg
6,022423.jpg
3,022424.jpg
0,022425.jpg
0,022426.jpg
6,022427.jpg
3,022428.jpg
6,022429.jpg
2,022430.jpg
6,022431.jpg
6,022432.jpg
3,022433.jpg
4,022434.jpg
2,022435.jpg
6,022436.jpg
5,022437.jpg
2,022438.jpg
3,022439.jpg
3,022440.jpg
0,022441.jpg
6,022442.jpg
6,022443.jpg
3,022444.jpg
4,022445.jpg
3,022446.jpg
6,022447.jpg
4,022448.jpg
4,022449.jpg
4,022450.jpg
6,022451.jpg
4,022452.jpg
4,022453.jpg
3,022454.jpg
0,022455.jpg
6,022456.jpg
6,022457.jpg
2,022458.jpg
3,022459.jpg
5,022460.jpg
4,022461.jpg
3,022462.jpg
3,022463.jpg
0,022464.jpg
5,022465.jpg
3,022466.jpg
6,022467.jpg
4,022468.jpg
2,022469.jpg
3,022470.jpg
3,022471.jpg
3,022472.jpg
5,022473.jpg
3,022474.jpg
0,022475.jpg
5,022476.jpg
5,022477.jpg
5,022478.jpg
5,022479.jpg
6,022480.jpg
6,022481.jpg
6,022482.jpg
5,022483.jpg
3,022484.jpg
2,022485.jpg
4,022486.jpg
3,022487.jpg
4,022488.jpg
0,022489.jpg
3,022490.jpg
5,022491.jpg
2,022492.jpg
3,022493.jpg
0,022494.jpg
4,022495.jpg
4,022496.jpg
5,022497.jpg
3,022498.jpg
0,022499.jpg
3,022500.jpg
5,022501.jpg
2,022502.jpg
0,022503.jpg
2,022504.jpg
3,022505.jpg
3,022506.jpg
6,022507.jpg
6,022508.jpg
5,022509.jpg
4,022510.jpg
4,022511.jpg
2,022512.jpg
0,022513.jpg
0,022514.jpg
0,022515.jpg
0,022516.jpg
6,022517.jpg
5,022518.jpg
2,022519.jpg
2,022520.jpg
4,022521.jpg
3,022522.jpg
0,022523.jpg
3,022524.jpg
5,022525.jpg
6,022526.jpg
6,022527.jpg
3,022528.jpg
5,022529.jpg
3,022530.jpg
6,022531.jpg
3,022532.jpg
0,022533.jpg
3,022534.jpg
6,022535.jpg
2,022536.jpg
0,022537.jpg
5,022538.jpg
4,022539.jpg
3,022540.jpg
3,022541.jpg
6,022542.jpg
3,022543.jpg
4,022544.jpg
3,022545.jpg
3,022546.jpg
6,022547.jpg
4,022548.jpg
5,022549.jpg
2,022550.jpg
0,022551.jpg
4,022552.jpg
2,022553.jpg
5,022554.jpg
5,022555.jpg
3,022556.jpg
2,022557.jpg
4,022558.jpg
2,022559.jpg
3,022560.jpg
4,022561.jpg
5,022562.jpg
4,022563.jpg
6,022564.jpg
3,022565.jpg
3,022566.jpg
4,022567.jpg
3,022568.jpg
3,022569.jpg
0,022570.jpg
6,022571.jpg
6,022572.jpg
3,022573.jpg
3,022574.jpg
5,022575.jpg
6,022576.jpg
6,022577.jpg
6,022578.jpg
6,022579.jpg
5,022580.jpg
5,022581.jpg
3,022582.jpg
5,022583.jpg
2,022584.jpg
3,022585.jpg
6,022586.jpg
6,022587.jpg
5,022588.jpg
4,022589.jpg
6,022590.jpg
4,022591.jpg
3,022592.jpg
3,022593.jpg
3,022594.jpg
6,022595.jpg
4,022596.jpg
2,022597.jpg
6,022598.jpg
4,022599.jpg
3,022600.jpg
4,022601.jpg
4,022602.jpg
6,022603.jpg
3,022604.jpg
0,022605.jpg
5,022606.jpg
2,022607.jpg
3,022608.jpg
3,022609.jpg
3,022610.jpg
2,022611.jpg
3,022612.jpg
6,022613.jpg
3,022614.jpg
5,022615.jpg
6,022616.jpg
6,022617.jpg
4,022618.jpg
4,022619.jpg
6,022620.jpg
2,022621.jpg
3,022622.jpg
6,022623.jpg
6,022624.jpg
0,022625.jpg
2,022626.jpg
6,022627.jpg
6,022628.jpg
3,022629.jpg
1,022630.jpg
4,022631.jpg
6,022632.jpg
3,022633.jpg
4,022634.jpg
6,022635.jpg
2,022636.jpg
2,022637.jpg
6,022638.jpg
3,022639.jpg
2,022640.jpg
0,022641.jpg
3,022642.jpg
4,022643.jpg
6,022644.jpg
4,022645.jpg
6,022646.jpg
0,022647.jpg
5,022648.jpg
3,022649.jpg
6,022650.jpg
4,022651.jpg
3,022652.jpg
0,022653.jpg
2,022654.jpg
6,022655.jpg
0,022656.jpg
2,022657.jpg
5,022658.jpg
2,022659.jpg
0,022660.jpg
3,022661.jpg
2,022662.jpg
3,022663.jpg
4,022664.jpg
6,022665.jpg
5,022666.jpg
6,022667.jpg
4,022668.jpg
6,022669.jpg
4,022670.jpg
3,022671.jpg
3,022672.jpg
4,022673.jpg
5,022674.jpg
3,022675.jpg
6,022676.jpg
6,022677.jpg
0,022678.jpg
3,022679.jpg
5,022680.jpg
5,022681.jpg
0,022682.jpg
3,022683.jpg
6,022684.jpg
0,022685.jpg
3,022686.jpg
3,022687.jpg
6,022688.jpg
4,022689.jpg
4,022690.jpg
6,022691.jpg
3,022692.jpg
3,022693.jpg
2,022694.jpg
0,022695.jpg
6,022696.jpg
0,022697.jpg
6,022698.jpg
0,022699.jpg
3,022700.jpg
3,022701.jpg
6,022702.jpg
5,022703.jpg
4,022704.jpg
5,022705.jpg
5,022706.jpg
6,022707.jpg
0,022708.jpg
4,022709.jpg
3,022710.jpg
3,022711.jpg
4,022712.jpg
2,022713.jpg
3,022714.jpg
4,022715.jpg
4,022716.jpg
2,022717.jpg
6,022718.jpg
6,022719.jpg
6,022720.jpg
5,022721.jpg
3,022722.jpg
3,022723.jpg
4,022724.jpg
0,022725.jpg
3,022726.jpg
5,022727.jpg
4,022728.jpg
0,022729.jpg
4,022730.jpg
2,022731.jpg
4,022732.jpg
0,022733.jpg
6,022734.jpg
6,022735.jpg
3,022736.jpg
3,022737.jpg
3,022738.jpg
0,022739.jpg
4,022740.jpg
5,022741.jpg
6,022742.jpg
2,022743.jpg
4,022744.jpg
6,022745.jpg
1,022746.jpg
3,022747.jpg
4,022748.jpg
1,022749.jpg
3,022750.jpg
0,022751.jpg
4,022752.jpg
3,022753.jpg
3,022754.jpg
4,022755.jpg
2,022756.jpg
3,022757.jpg
3,022758.jpg
5,022759.jpg
2,022760.jpg
4,022761.jpg
5,022762.jpg
3,022763.jpg
4,022764.jpg
4,022765.jpg
4,022766.jpg
6,022767.jpg
3,022768.jpg
4,022769.jpg
0,022770.jpg
5,022771.jpg
4,022772.jpg
0,022773.jpg
6,022774.jpg
0,022775.jpg
6,022776.jpg
3,022777.jpg
3,022778.jpg
4,022779.jpg
4,022780.jpg
0,022781.jpg
0,022782.jpg
6,022783.jpg
3,022784.jpg
2,022785.jpg
3,022786.jpg
6,022787.jpg
4,022788.jpg
0,022789.jpg
3,022790.jpg
2,022791.jpg
4,022792.jpg
6,022793.jpg
2,022794.jpg
2,022795.jpg
4,022796.jpg
0,022797.jpg
5,022798.jpg
6,022799.jpg
5,022800.jpg
6,022801.jpg
4,022802.jpg
4,022803.jpg
3,022804.jpg
3,022805.jpg
5,022806.jpg
0,022807.jpg
4,022808.jpg
2,022809.jpg
0,022810.jpg
3,022811.jpg
5,022812.jpg
6,022813.jpg
3,022814.jpg
6,022815.jpg
4,022816.jpg
4,022817.jpg
2,022818.jpg
3,022819.jpg
6,022820.jpg
0,022821.jpg
3,022822.jpg
3,022823.jpg
3,022824.jpg
5,022825.jpg
6,022826.jpg
2,022827.jpg
3,022828.jpg
3,022829.jpg
0,022830.jpg
3,022831.jpg
0,022832.jpg
5,022833.jpg
3,022834.jpg
4,022835.jpg
4,022836.jpg
2,022837.jpg
3,022838.jpg
2,022839.jpg
2,022840.jpg
3,022841.jpg
2,022842.jpg
6,022843.jpg
3,022844.jpg
6,022845.jpg
6,022846.jpg
2,022847.jpg
5,022848.jpg
2,022849.jpg
2,022850.jpg
5,022851.jpg
2,022852.jpg
6,022853.jpg
2,022854.jpg
4,022855.jpg
3,022856.jpg
2,022857.jpg
0,022858.jpg
6,022859.jpg
6,022860.jpg
4,022861.jpg
3,022862.jpg
3,022863.jpg
5,022864.jpg
4,022865.jpg
3,022866.jpg
6,022867.jpg
3,022868.jpg
5,022869.jpg
3,022870.jpg
6,022871.jpg
5,022872.jpg
6,022873.jpg
6,022874.jpg
2,022875.jpg
6,022876.jpg
0,022877.jpg
4,022878.jpg
0,022879.jpg
0,022880.jpg
5,022881.jpg
6,022882.jpg
6,022883.jpg
2,022884.jpg
6,022885.jpg
6,022886.jpg
4,022887.jpg
3,022888.jpg
3,022889.jpg
3,022890.jpg
5,022891.jpg
0,022892.jpg
3,022893.jpg
3,022894.jpg
3,022895.jpg
3,022896.jpg
3,022897.jpg
3,022898.jpg
2,022899.jpg
3,022900.jpg
5,022901.jpg
2,022902.jpg
3,022903.jpg
0,022904.jpg
6,022905.jpg
3,022906.jpg
6,022907.jpg
2,022908.jpg
6,022909.jpg
3,022910.jpg
3,022911.jpg
6,022912.jpg
3,022913.jpg
5,022914.jpg
6,022915.jpg
6,022916.jpg
2,022917.jpg
0,022918.jpg
6,022919.jpg
0,022920.jpg
5,022921.jpg
3,022922.jpg
2,022923.jpg
6,022924.jpg
4,022925.jpg
2,022926.jpg
6,022927.jpg
3,022928.jpg
2,022929.jpg
2,022930.jpg
2,022931.jpg
2,022932.jpg
2,022933.jpg
4,022934.jpg
3,022935.jpg
3,022936.jpg
4,022937.jpg
6,022938.jpg
2,022939.jpg
2,022940.jpg
3,022941.jpg
3,022942.jpg
0,022943.jpg
2,022944.jpg
4,022945.jpg
4,022946.jpg
5,022947.jpg
0,022948.jpg
0,022949.jpg
3,022950.jpg
3,022951.jpg
0,022952.jpg
0,022953.jpg
0,022954.jpg
4,022955.jpg
6,022956.jpg
5,022957.jpg
2,022958.jpg
4,022959.jpg
5,022960.jpg
4,022961.jpg
6,022962.jpg
4,022963.jpg
3,022964.jpg
2,022965.jpg
3,022966.jpg
3,022967.jpg
5,022968.jpg
3,022969.jpg
0,022970.jpg
6,022971.jpg
5,022972.jpg
2,022973.jpg
6,022974.jpg
5,022975.jpg
0,022976.jpg
4,022977.jpg
3,022978.jpg
5,022979.jpg
3,022980.jpg
3,022981.jpg
5,022982.jpg
3,022983.jpg
3,022984.jpg
5,022985.jpg
2,022986.jpg
6,022987.jpg
2,022988.jpg
4,022989.jpg
0,022990.jpg
3,022991.jpg
6,022992.jpg
4,022993.jpg
6,022994.jpg
6,022995.jpg
3,022996.jpg
2,022997.jpg
3,022998.jpg
3,022999.jpg
6,023000.jpg
3,023001.jpg
3,023002.jpg
5,023003.jpg
0,023004.jpg
0,023005.jpg
0,023006.jpg
3,023007.jpg
0,023008.jpg
6,023009.jpg
3,023010.jpg
5,023011.jpg
6,023012.jpg
3,023013.jpg
2,023014.jpg
3,023015.jpg
4,023016.jpg
0,023017.jpg
3,023018.jpg
2,023019.jpg
3,023020.jpg
2,023021.jpg
3,023022.jpg
3,023023.jpg
3,023024.jpg
1,023025.jpg
4,023026.jpg
4,023027.jpg
3,023028.jpg
3,023029.jpg
6,023030.jpg
5,023031.jpg
2,023032.jpg
2,023033.jpg
0,023034.jpg
2,023035.jpg
6,023036.jpg
6,023037.jpg
2,023038.jpg
6,023039.jpg
2,023040.jpg
0,023041.jpg
3,023042.jpg
3,023043.jpg
2,023044.jpg
6,023045.jpg
5,023046.jpg
6,023047.jpg
0,023048.jpg
5,023049.jpg
2,023050.jpg
6,023051.jpg
3,023052.jpg
5,023053.jpg
4,023054.jpg
3,023055.jpg
6,023056.jpg
6,023057.jpg
6,023058.jpg
0,023059.jpg
4,023060.jpg
6,023061.jpg
6,023062.jpg
3,023063.jpg
3,023064.jpg
5,023065.jpg
4,023066.jpg
6,023067.jpg
3,023068.jpg
6,023069.jpg
3,023070.jpg
5,023071.jpg
5,023072.jpg
4,023073.jpg
6,023074.jpg
3,023075.jpg
4,023076.jpg
2,023077.jpg
3,023078.jpg
6,023079.jpg
3,023080.jpg
6,023081.jpg
6,023082.jpg
2,023083.jpg
2,023084.jpg
0,023085.jpg
6,023086.jpg
3,023087.jpg
3,023088.jpg
3,023089.jpg
6,023090.jpg
5,023091.jpg
3,023092.jpg
2,023093.jpg
4,023094.jpg
2,023095.jpg
3,023096.jpg
4,023097.jpg
5,023098.jpg
6,023099.jpg
2,023100.jpg
3,023101.jpg
5,023102.jpg
6,023103.jpg
4,023104.jpg
4,023105.jpg
0,023106.jpg
5,023107.jpg
6,023108.jpg
0,023109.jpg
4,023110.jpg
6,023111.jpg
3,023112.jpg
3,023113.jpg
3,023114.jpg
3,023115.jpg
5,023116.jpg
2,023117.jpg
0,023118.jpg
6,023119.jpg
3,023120.jpg
4,023121.jpg
3,023122.jpg
1,023123.jpg
6,023124.jpg
0,023125.jpg
2,023126.jpg
2,023127.jpg
5,023128.jpg
4,023129.jpg
4,023130.jpg
5,023131.jpg
3,023132.jpg
3,023133.jpg
3,023134.jpg
3,023135.jpg
3,023136.jpg
4,023137.jpg
5,023138.jpg
4,023139.jpg
4,023140.jpg
1,023141.jpg
2,023142.jpg
6,023143.jpg
6,023144.jpg
4,023145.jpg
0,023146.jpg
3,023147.jpg
2,023148.jpg
0,023149.jpg
2,023150.jpg
5,023151.jpg
3,023152.jpg
1,023153.jpg
4,023154.jpg
5,023155.jpg
6,023156.jpg
0,023157.jpg
6,023158.jpg
0,023159.jpg
5,023160.jpg
2,023161.jpg
5,023162.jpg
3,023163.jpg
0,023164.jpg
4,023165.jpg
3,023166.jpg
6,023167.jpg
3,023168.jpg
0,023169.jpg
3,023170.jpg
3,023171.jpg
6,023172.jpg
6,023173.jpg
3,023174.jpg
3,023175.jpg
4,023176.jpg
0,023177.jpg
2,023178.jpg
2,023179.jpg
4,023180.jpg
5,023181.jpg
3,023182.jpg
4,023183.jpg
2,023184.jpg
2,023185.jpg
6,023186.jpg
6,023187.jpg
0,023188.jpg
4,023189.jpg
5,023190.jpg
6,023191.jpg
2,023192.jpg
6,023193.jpg
0,023194.jpg
4,023195.jpg
0,023196.jpg
2,023197.jpg
6,023198.jpg
6,023199.jpg
6,023200.jpg
3,023201.jpg
5,023202.jpg
4,023203.jpg
6,023204.jpg
2,023205.jpg
6,023206.jpg
2,023207.jpg
2,023208.jpg
2,023209.jpg
3,023210.jpg
4,023211.jpg
6,023212.jpg
2,023213.jpg
4,023214.jpg
0,023215.jpg
6,023216.jpg
4,023217.jpg
6,023218.jpg
6,023219.jpg
4,023220.jpg
6,023221.jpg
4,023222.jpg
2,023223.jpg
6,023224.jpg
2,023225.jpg
2,023226.jpg
0,023227.jpg
5,023228.jpg
3,023229.jpg
0,023230.jpg
3,023231.jpg
2,023232.jpg
6,023233.jpg
3,023234.jpg
0,023235.jpg
4,023236.jpg
1,023237.jpg
3,023238.jpg
4,023239.jpg
2,023240.jpg
3,023241.jpg
3,023242.jpg
0,023243.jpg
6,023244.jpg
3,023245.jpg
0,023246.jpg
6,023247.jpg
3,023248.jpg
3,023249.jpg
6,023250.jpg
3,023251.jpg
3,023252.jpg
5,023253.jpg
5,023254.jpg
2,023255.jpg
2,023256.jpg
5,023257.jpg
6,023258.jpg
4,023259.jpg
2,023260.jpg
4,023261.jpg
6,023262.jpg
3,023263.jpg
0,023264.jpg
6,023265.jpg
3,023266.jpg
4,023267.jpg
5,023268.jpg
4,023269.jpg
6,023270.jpg
3,023271.jpg
6,023272.jpg
6,023273.jpg
2,023274.jpg
2,023275.jpg
3,023276.jpg
6,023277.jpg
2,023278.jpg
3,023279.jpg
5,023280.jpg
4,023281.jpg
3,023282.jpg
0,023283.jpg
6,023284.jpg
4,023285.jpg
2,023286.jpg
0,023287.jpg
3,023288.jpg
5,023289.jpg
4,023290.jpg
6,023291.jpg
6,023292.jpg
3,023293.jpg
0,023294.jpg
3,023295.jpg
6,023296.jpg
4,023297.jpg
3,023298.jpg
2,023299.jpg
2,023300.jpg
3,023301.jpg
3,023302.jpg
3,023303.jpg
4,023304.jpg
2,023305.jpg
5,023306.jpg
2,023307.jpg
6,023308.jpg
0,023309.jpg
3,023310.jpg
6,023311.jpg
2,023312.jpg
6,023313.jpg
0,023314.jpg
0,023315.jpg
3,023316.jpg
6,023317.jpg
5,023318.jpg
3,023319.jpg
3,023320.jpg
3,023321.jpg
4,023322.jpg
4,023323.jpg
3,023324.jpg
2,023325.jpg
5,023326.jpg
0,023327.jpg
5,023328.jpg
0,023329.jpg
5,023330.jpg
0,023331.jpg
2,023332.jpg
5,023333.jpg
3,023334.jpg
4,023335.jpg
3,023336.jpg
0,023337.jpg
3,023338.jpg
3,023339.jpg
0,023340.jpg
4,023341.jpg
3,023342.jpg
6,023343.jpg
6,023344.jpg
2,023345.jpg
5,023346.jpg
3,023347.jpg
6,023348.jpg
5,023349.jpg
3,023350.jpg
2,023351.jpg
2,023352.jpg
4,023353.jpg
3,023354.jpg
2,023355.jpg
6,023356.jpg
3,023357.jpg
3,023358.jpg
4,023359.jpg
2,023360.jpg
0,023361.jpg
2,023362.jpg
3,023363.jpg
4,023364.jpg
6,023365.jpg
3,023366.jpg
6,023367.jpg
2,023368.jpg
2,023369.jpg
6,023370.jpg
2,023371.jpg
6,023372.jpg
2,023373.jpg
4,023374.jpg
0,023375.jpg
5,023376.jpg
3,023377.jpg
5,023378.jpg
0,023379.jpg
3,023380.jpg
3,023381.jpg
0,023382.jpg
3,023383.jpg
5,023384.jpg
6,023385.jpg
5,023386.jpg
3,023387.jpg
3,023388.jpg
2,023389.jpg
2,023390.jpg
3,023391.jpg
0,023392.jpg
4,023393.jpg
2,023394.jpg
2,023395.jpg
6,023396.jpg
2,023397.jpg
6,023398.jpg
4,023399.jpg
4,023400.jpg
0,023401.jpg
5,023402.jpg
2,023403.jpg
0,023404.jpg
6,023405.jpg
3,023406.jpg
4,023407.jpg
0,023408.jpg
3,023409.jpg
6,023410.jpg
4,023411.jpg
3,023412.jpg
5,023413.jpg
0,023414.jpg
3,023415.jpg
0,023416.jpg
3,023417.jpg
2,023418.jpg
3,023419.jpg
2,023420.jpg
2,023421.jpg
6,023422.jpg
0,023423.jpg
4,023424.jpg
3,023425.jpg
4,023426.jpg
2,023427.jpg
2,023428.jpg
3,023429.jpg
4,023430.jpg
3,023431.jpg
4,023432.jpg
5,023433.jpg
3,023434.jpg
3,023435.jpg
5,023436.jpg
0,023437.jpg
4,023438.jpg
3,023439.jpg
3,023440.jpg
5,023441.jpg
3,023442.jpg
6,023443.jpg
3,023444.jpg
0,023445.jpg
3,023446.jpg
2,023447.jpg
2,023448.jpg
3,023449.jpg
6,023450.jpg
3,023451.jpg
4,023452.jpg
3,023453.jpg
6,023454.jpg
6,023455.jpg
6,023456.jpg
6,023457.jpg
4,023458.jpg
0,023459.jpg
2,023460.jpg
3,023461.jpg
3,023462.jpg
2,023463.jpg
0,023464.jpg
2,023465.jpg
5,023466.jpg
6,023467.jpg
0,023468.jpg
6,023469.jpg
6,023470.jpg
4,023471.jpg
3,023472.jpg
0,023473.jpg
5,023474.jpg
0,023475.jpg
3,023476.jpg
2,023477.jpg
3,023478.jpg
3,023479.jpg
3,023480.jpg
3,023481.jpg
5,023482.jpg
4,023483.jpg
5,023484.jpg
3,023485.jpg
6,023486.jpg
6,023487.jpg
0,023488.jpg
3,023489.jpg
4,023490.jpg
6,023491.jpg
0,023492.jpg
4,023493.jpg
5,023494.jpg
3,023495.jpg
4,023496.jpg
2,023497.jpg
3,023498.jpg
4,023499.jpg
6,023500.jpg
3,023501.jpg
4,023502.jpg
2,023503.jpg
4,023504.jpg
0,023505.jpg
4,023506.jpg
4,023507.jpg
3,023508.jpg
4,023509.jpg
3,023510.jpg
2,023511.jpg
3,023512.jpg
2,023513.jpg
5,023514.jpg
6,023515.jpg
6,023516.jpg
2,023517.jpg
3,023518.jpg
2,023519.jpg
3,023520.jpg
0,023521.jpg
5,023522.jpg
3,023523.jpg
5,023524.jpg
3,023525.jpg
6,023526.jpg
5,023527.jpg
4,023528.jpg
0,023529.jpg
4,023530.jpg
0,023531.jpg
0,023532.jpg
3,023533.jpg
3,023534.jpg
6,023535.jpg
0,023536.jpg
6,023537.jpg
6,023538.jpg
2,023539.jpg
2,023540.jpg
4,023541.jpg
4,023542.jpg
0,023543.jpg
6,023544.jpg
6,023545.jpg
4,023546.jpg
6,023547.jpg
4,023548.jpg
4,023549.jpg
3,023550.jpg
0,023551.jpg
3,023552.jpg
6,023553.jpg
6,023554.jpg
3,023555.jpg
0,023556.jpg
3,023557.jpg
4,023558.jpg
3,023559.jpg
0,023560.jpg
2,023561.jpg
4,023562.jpg
6,023563.jpg
6,023564.jpg
6,023565.jpg
2,023566.jpg
4,023567.jpg
6,023568.jpg
2,023569.jpg
3,023570.jpg
0,023571.jpg
3,023572.jpg
3,023573.jpg
5,023574.jpg
3,023575.jpg
3,023576.jpg
3,023577.jpg
0,023578.jpg
0,023579.jpg
4,023580.jpg
3,023581.jpg
2,023582.jpg
4,023583.jpg
4,023584.jpg
3,023585.jpg
0,023586.jpg
6,023587.jpg
2,023588.jpg
0,023589.jpg
3,023590.jpg
2,023591.jpg
6,023592.jpg
3,023593.jpg
2,023594.jpg
6,023595.jpg
4,023596.jpg
2,023597.jpg
4,023598.jpg
4,023599.jpg
3,023600.jpg
4,023601.jpg
4,023602.jpg
5,023603.jpg
2,023604.jpg
2,023605.jpg
3,023606.jpg
2,023607.jpg
0,023608.jpg
6,023609.jpg
6,023610.jpg
2,023611.jpg
3,023612.jpg
1,023613.jpg
2,023614.jpg
2,023615.jpg
2,023616.jpg
2,023617.jpg
4,023618.jpg
3,023619.jpg
6,023620.jpg
3,023621.jpg
2,023622.jpg
6,023623.jpg
6,023624.jpg
2,023625.jpg
5,023626.jpg
5,023627.jpg
4,023628.jpg
0,023629.jpg
3,023630.jpg
2,023631.jpg
0,023632.jpg
2,023633.jpg
6,023634.jpg
5,023635.jpg
2,023636.jpg
6,023637.jpg
5,023638.jpg
6,023639.jpg
0,023640.jpg
0,023641.jpg
4,023642.jpg
6,023643.jpg
0,023644.jpg
3,023645.jpg
5,023646.jpg
5,023647.jpg
4,023648.jpg
2,023649.jpg
4,023650.jpg
5,023651.jpg
0,023652.jpg
5,023653.jpg
4,023654.jpg
3,023655.jpg
5,023656.jpg
4,023657.jpg
4,023658.jpg
6,023659.jpg
1,023660.jpg
5,023661.jpg
5,023662.jpg
5,023663.jpg
3,023664.jpg
1,023665.jpg
6,023666.jpg
3,023667.jpg
5,023668.jpg
6,023669.jpg
3,023670.jpg
3,023671.jpg
5,023672.jpg
6,023673.jpg
0,023674.jpg
4,023675.jpg
5,023676.jpg
3,023677.jpg
2,023678.jpg
0,023679.jpg
5,023680.jpg
3,023681.jpg
6,023682.jpg
1,023683.jpg
3,023684.jpg
3,023685.jpg
0,023686.jpg
4,023687.jpg
3,023688.jpg
6,023689.jpg
3,023690.jpg
6,023691.jpg
5,023692.jpg
6,023693.jpg
2,023694.jpg
4,023695.jpg
6,023696.jpg
4,023697.jpg
1,023698.jpg
3,023699.jpg
4,023700.jpg
1,023701.jpg
6,023702.jpg
3,023703.jpg
4,023704.jpg
0,023705.jpg
6,023706.jpg
3,023707.jpg
3,023708.jpg
6,023709.jpg
4,023710.jpg
3,023711.jpg
4,023712.jpg
6,023713.jpg
6,023714.jpg
4,023715.jpg
3,023716.jpg
5,023717.jpg
2,023718.jpg
6,023719.jpg
4,023720.jpg
4,023721.jpg
6,023722.jpg
3,023723.jpg
5,023724.jpg
6,023725.jpg
3,023726.jpg
2,023727.jpg
3,023728.jpg
6,023729.jpg
3,023730.jpg
2,023731.jpg
0,023732.jpg
6,023733.jpg
6,023734.jpg
5,023735.jpg
3,023736.jpg
4,023737.jpg
6,023738.jpg
5,023739.jpg
4,023740.jpg
6,023741.jpg
6,023742.jpg
5,023743.jpg
2,023744.jpg
6,023745.jpg
6,023746.jpg
5,023747.jpg
4,023748.jpg
0,023749.jpg
0,023750.jpg
5,023751.jpg
4,023752.jpg
6,023753.jpg
6,023754.jpg
6,023755.jpg
0,023756.jpg
6,023757.jpg
6,023758.jpg
6,023759.jpg
4,023760.jpg
4,023761.jpg
2,023762.jpg
3,023763.jpg
4,023764.jpg
6,023765.jpg
0,023766.jpg
2,023767.jpg
6,023768.jpg
3,023769.jpg
3,023770.jpg
0,023771.jpg
2,023772.jpg
0,023773.jpg
5,023774.jpg
2,023775.jpg
3,023776.jpg
2,023777.jpg
2,023778.jpg
4,023779.jpg
0,023780.jpg
4,023781.jpg
3,023782.jpg
0,023783.jpg
6,023784.jpg
6,023785.jpg
3,023786.jpg
3,023787.jpg
3,023788.jpg
3,023789.jpg
0,023790.jpg
2,023791.jpg
4,023792.jpg
0,023793.jpg
6,023794.jpg
5,023795.jpg
5,023796.jpg
0,023797.jpg
4,023798.jpg
3,023799.jpg
3,023800.jpg
3,023801.jpg
3,023802.jpg
3,023803.jpg
3,023804.jpg
3,023805.jpg
5,023806.jpg
3,023807.jpg
3,023808.jpg
0,023809.jpg
0,023810.jpg
3,023811.jpg
0,023812.jpg
3,023813.jpg
0,023814.jpg
2,023815.jpg
3,023816.jpg
4,023817.jpg
3,023818.jpg
2,023819.jpg
2,023820.jpg
4,023821.jpg
6,023822.jpg
4,023823.jpg
6,023824.jpg
6,023825.jpg
6,023826.jpg
3,023827.jpg
6,023828.jpg
4,023829.jpg
2,023830.jpg
6,023831.jpg
4,023832.jpg
4,023833.jpg
0,023834.jpg
0,023835.jpg
3,023836.jpg
6,023837.jpg
2,023838.jpg
3,023839.jpg
0,023840.jpg
3,023841.jpg
2,023842.jpg
5,023843.jpg
4,023844.jpg
6,023845.jpg
5,023846.jpg
0,023847.jpg
3,023848.jpg
2,023849.jpg
3,023850.jpg
5,023851.jpg
3,023852.jpg
4,023853.jpg
6,023854.jpg
4,023855.jpg
4,023856.jpg
0,023857.jpg
6,023858.jpg
2,023859.jpg
3,023860.jpg
0,023861.jpg
3,023862.jpg
0,023863.jpg
3,023864.jpg
3,023865.jpg
3,023866.jpg
0,023867.jpg
4,023868.jpg
6,023869.jpg
4,023870.jpg
0,023871.jpg
6,023872.jpg
3,023873.jpg
4,023874.jpg
3,023875.jpg
1,023876.jpg
0,023877.jpg
2,023878.jpg
5,023879.jpg
2,023880.jpg
0,023881.jpg
4,023882.jpg
2,023883.jpg
4,023884.jpg
5,023885.jpg
0,023886.jpg
6,023887.jpg
2,023888.jpg
4,023889.jpg
2,023890.jpg
3,023891.jpg
0,023892.jpg
5,023893.jpg
4,023894.jpg
3,023895.jpg
3,023896.jpg
3,023897.jpg
1,023898.jpg
5,023899.jpg
0,023900.jpg
4,023901.jpg
3,023902.jpg
6,023903.jpg
0,023904.jpg
4,023905.jpg
2,023906.jpg
3,023907.jpg
3,023908.jpg
3,023909.jpg
0,023910.jpg
6,023911.jpg
4,023912.jpg
2,023913.jpg
2,023914.jpg
4,023915.jpg
6,023916.jpg
5,023917.jpg
6,023918.jpg
6,023919.jpg
3,023920.jpg
6,023921.jpg
5,023922.jpg
3,023923.jpg
3,023924.jpg
3,023925.jpg
2,023926.jpg
6,023927.jpg
6,023928.jpg
6,023929.jpg
3,023930.jpg
2,023931.jpg
0,023932.jpg
3,023933.jpg
3,023934.jpg
2,023935.jpg
4,023936.jpg
3,023937.jpg
3,023938.jpg
3,023939.jpg
6,023940.jpg
5,023941.jpg
6,023942.jpg
5,023943.jpg
4,023944.jpg
4,023945.jpg
3,023946.jpg
3,023947.jpg
4,023948.jpg
5,023949.jpg
2,023950.jpg
3,023951.jpg
4,023952.jpg
4,023953.jpg
6,023954.jpg
3,023955.jpg
3,023956.jpg
2,023957.jpg
4,023958.jpg
2,023959.jpg
4,023960.jpg
0,023961.jpg
5,023962.jpg
2,023963.jpg
5,023964.jpg
4,023965.jpg
0,023966.jpg
1,023967.jpg
4,023968.jpg
3,023969.jpg
0,023970.jpg
3,023971.jpg
3,023972.jpg
4,023973.jpg
6,023974.jpg
6,023975.jpg
2,023976.jpg
2,023977.jpg
4,023978.jpg
4,023979.jpg
6,023980.jpg
5,023981.jpg
1,023982.jpg
6,023983.jpg
2,023984.jpg
3,023985.jpg
0,023986.jpg
4,023987.jpg
4,023988.jpg
2,023989.jpg
3,023990.jpg
4,023991.jpg
4,023992.jpg
0,023993.jpg
6,023994.jpg
4,023995.jpg
6,023996.jpg
6,023997.jpg
6,023998.jpg
4,023999.jpg
4,024000.jpg
2,024001.jpg
0,024002.jpg
6,024003.jpg
0,024004.jpg
2,024005.jpg
0,024006.jpg
4,024007.jpg
6,024008.jpg
3,024009.jpg
2,024010.jpg
4,024011.jpg
5,024012.jpg
4,024013.jpg
0,024014.jpg
3,024015.jpg
2,024016.jpg
0,024017.jpg
3,024018.jpg
4,024019.jpg
0,024020.jpg
0,024021.jpg
5,024022.jpg
6,024023.jpg
5,024024.jpg
3,024025.jpg
3,024026.jpg
3,024027.jpg
4,024028.jpg
4,024029.jpg
0,024030.jpg
5,024031.jpg
3,024032.jpg
0,024033.jpg
6,024034.jpg
2,024035.jpg
6,024036.jpg
3,024037.jpg
3,024038.jpg
4,024039.jpg
5,024040.jpg
3,024041.jpg
1,024042.jpg
3,024043.jpg
3,024044.jpg
3,024045.jpg
5,024046.jpg
3,024047.jpg
3,024048.jpg
4,024049.jpg
5,024050.jpg
6,024051.jpg
4,024052.jpg
6,024053.jpg
3,024054.jpg
3,024055.jpg
2,024056.jpg
4,024057.jpg
3,024058.jpg
5,024059.jpg
2,024060.jpg
6,024061.jpg
6,024062.jpg
4,024063.jpg
2,024064.jpg
6,024065.jpg
4,024066.jpg
0,024067.jpg
3,024068.jpg
3,024069.jpg
4,024070.jpg
0,024071.jpg
2,024072.jpg
3,024073.jpg
3,024074.jpg
3,024075.jpg
6,024076.jpg
3,024077.jpg
3,024078.jpg
3,024079.jpg
2,024080.jpg
3,024081.jpg
2,024082.jpg
5,024083.jpg
0,024084.jpg
4,024085.jpg
6,024086.jpg
4,024087.jpg
2,024088.jpg
2,024089.jpg
0,024090.jpg
6,024091.jpg
5,024092.jpg
4,024093.jpg
2,024094.jpg
5,024095.jpg
3,024096.jpg
6,024097.jpg
2,024098.jpg
3,024099.jpg
3,024100.jpg
6,024101.jpg
4,024102.jpg
5,024103.jpg
6,024104.jpg
6,024105.jpg
4,024106.jpg
5,024107.jpg
3,024108.jpg
4,024109.jpg
2,024110.jpg
6,024111.jpg
4,024112.jpg
4,024113.jpg
1,024114.jpg
4,024115.jpg
0,024116.jpg
6,024117.jpg
4,024118.jpg
4,024119.jpg
2,024120.jpg
0,024121.jpg
6,024122.jpg
3,024123.jpg
5,024124.jpg
0,024125.jpg
3,024126.jpg
5,024127.jpg
4,024128.jpg
3,024129.jpg
4,024130.jpg
2,024131.jpg
0,024132.jpg
4,024133.jpg
6,024134.jpg
3,024135.jpg
6,024136.jpg
3,024137.jpg
0,024138.jpg
4,024139.jpg
4,024140.jpg
6,024141.jpg
3,024142.jpg
5,024143.jpg
4,024144.jpg
4,024145.jpg
3,024146.jpg
0,024147.jpg
3,024148.jpg
6,024149.jpg
3,024150.jpg
5,024151.jpg
0,024152.jpg
3,024153.jpg
5,024154.jpg
1,024155.jpg
6,024156.jpg
6,024157.jpg
3,024158.jpg
6,024159.jpg
4,024160.jpg
3,024161.jpg
4,024162.jpg
5,024163.jpg
0,024164.jpg
2,024165.jpg
6,024166.jpg
5,024167.jpg
4,024168.jpg
3,024169.jpg
2,024170.jpg
5,024171.jpg
6,024172.jpg
4,024173.jpg
5,024174.jpg
6,024175.jpg
0,024176.jpg
2,024177.jpg
4,024178.jpg
5,024179.jpg
3,024180.jpg
4,024181.jpg
6,024182.jpg
4,024183.jpg
0,024184.jpg
2,024185.jpg
5,024186.jpg
6,024187.jpg
2,024188.jpg
3,024189.jpg
5,024190.jpg
4,024191.jpg
2,024192.jpg
3,024193.jpg
0,024194.jpg
6,024195.jpg
4,024196.jpg
2,024197.jpg
3,024198.jpg
3,024199.jpg
3,024200.jpg
5,024201.jpg
2,024202.jpg
3,024203.jpg
4,024204.jpg
5,024205.jpg
2,024206.jpg
2,024207.jpg
2,024208.jpg
2,024209.jpg
6,024210.jpg
3,024211.jpg
5,024212.jpg
2,024213.jpg
5,024214.jpg
5,024215.jpg
0,024216.jpg
4,024217.jpg
2,024218.jpg
3,024219.jpg
2,024220.jpg
0,024221.jpg
3,024222.jpg
2,024223.jpg
3,024224.jpg
4,024225.jpg
2,024226.jpg
3,024227.jpg
3,024228.jpg
3,024229.jpg
6,024230.jpg
3,024231.jpg
6,024232.jpg
4,024233.jpg
4,024234.jpg
3,024235.jpg
4,024236.jpg
5,024237.jpg
6,024238.jpg
4,024239.jpg
0,024240.jpg
3,024241.jpg
6,024242.jpg
2,024243.jpg
3,024244.jpg
6,024245.jpg
3,024246.jpg
4,024247.jpg
6,024248.jpg
3,024249.jpg
0,024250.jpg
4,024251.jpg
0,024252.jpg
4,024253.jpg
0,024254.jpg
0,024255.jpg
0,024256.jpg
2,024257.jpg
3,024258.jpg
3,024259.jpg
4,024260.jpg
4,024261.jpg
5,024262.jpg
3,024263.jpg
3,024264.jpg
0,024265.jpg
0,024266.jpg
2,024267.jpg
5,024268.jpg
4,024269.jpg
4,024270.jpg
3,024271.jpg
2,024272.jpg
2,024273.jpg
3,024274.jpg
3,024275.jpg
4,024276.jpg
0,024277.jpg
3,024278.jpg
0,024279.jpg
3,024280.jpg
6,024281.jpg
2,024282.jpg
0,024283.jpg
3,024284.jpg
6,024285.jpg
3,024286.jpg
4,024287.jpg
0,024288.jpg
3,024289.jpg
3,024290.jpg
5,024291.jpg
3,024292.jpg
5,024293.jpg
4,024294.jpg
3,024295.jpg
2,024296.jpg
3,024297.jpg
3,024298.jpg
3,024299.jpg
5,024300.jpg
3,024301.jpg
4,024302.jpg
3,024303.jpg
3,024304.jpg
4,024305.jpg
3,024306.jpg
6,024307.jpg
4,024308.jpg
6,024309.jpg
4,024310.jpg
5,024311.jpg
3,024312.jpg
5,024313.jpg
6,024314.jpg
3,024315.jpg
6,024316.jpg
3,024317.jpg
0,024318.jpg
4,024319.jpg
2,024320.jpg
6,024321.jpg
3,024322.jpg
4,024323.jpg
3,024324.jpg
0,024325.jpg
0,024326.jpg
0,024327.jpg
5,024328.jpg
4,024329.jpg
4,024330.jpg
0,024331.jpg
2,024332.jpg
2,024333.jpg
4,024334.jpg
6,024335.jpg
4,024336.jpg
6,024337.jpg
2,024338.jpg
5,024339.jpg
3,024340.jpg
0,024341.jpg
4,024342.jpg
3,024343.jpg
0,024344.jpg
0,024345.jpg
3,024346.jpg
6,024347.jpg
0,024348.jpg
6,024349.jpg
0,024350.jpg
4,024351.jpg
4,024352.jpg
3,024353.jpg
3,024354.jpg
3,024355.jpg
3,024356.jpg
6,024357.jpg
6,024358.jpg
0,024359.jpg
3,024360.jpg
6,024361.jpg
0,024362.jpg
4,024363.jpg
3,024364.jpg
6,024365.jpg
4,024366.jpg
3,024367.jpg
2,024368.jpg
0,024369.jpg
3,024370.jpg
5,024371.jpg
0,024372.jpg
3,024373.jpg
6,024374.jpg
0,024375.jpg
4,024376.jpg
0,024377.jpg
0,024378.jpg
3,024379.jpg
3,024380.jpg
3,024381.jpg
3,024382.jpg
0,024383.jpg
4,024384.jpg
3,024385.jpg
4,024386.jpg
2,024387.jpg
2,024388.jpg
4,024389.jpg
3,024390.jpg
3,024391.jpg
4,024392.jpg
3,024393.jpg
3,024394.jpg
3,024395.jpg
0,024396.jpg
6,024397.jpg
5,024398.jpg
3,024399.jpg
0,024400.jpg
0,024401.jpg
3,024402.jpg
5,024403.jpg
5,024404.jpg
6,024405.jpg
5,024406.jpg
0,024407.jpg
5,024408.jpg
3,024409.jpg
3,024410.jpg
5,024411.jpg
0,024412.jpg
5,024413.jpg
2,024414.jpg
5,024415.jpg
3,024416.jpg
4,024417.jpg
3,024418.jpg
2,024419.jpg
4,024420.jpg
4,024421.jpg
2,024422.jpg
5,024423.jpg
6,024424.jpg
3,024425.jpg
3,024426.jpg
2,024427.jpg
0,024428.jpg
3,024429.jpg
0,024430.jpg
1,024431.jpg
5,024432.jpg
5,024433.jpg
6,024434.jpg
0,024435.jpg
4,024436.jpg
0,024437.jpg
5,024438.jpg
5,024439.jpg
3,024440.jpg
0,024441.jpg
3,024442.jpg
6,024443.jpg
6,024444.jpg
3,024445.jpg
5,024446.jpg
4,024447.jpg
6,024448.jpg
5,024449.jpg
3,024450.jpg
0,024451.jpg
2,024452.jpg
0,024453.jpg
3,024454.jpg
3,024455.jpg
2,024456.jpg
2,024457.jpg
6,024458.jpg
3,024459.jpg
4,024460.jpg
1,024461.jpg
2,024462.jpg
4,024463.jpg
3,024464.jpg
3,024465.jpg
0,024466.jpg
2,024467.jpg
0,024468.jpg
5,024469.jpg
2,024470.jpg
4,024471.jpg
3,024472.jpg
4,024473.jpg
4,024474.jpg
4,024475.jpg
3,024476.jpg
3,024477.jpg
5,024478.jpg
2,024479.jpg
5,024480.jpg
2,024481.jpg
2,024482.jpg
5,024483.jpg
6,024484.jpg
0,024485.jpg
5,024486.jpg
4,024487.jpg
3,024488.jpg
6,024489.jpg
0,024490.jpg
6,024491.jpg
3,024492.jpg
4,024493.jpg
4,024494.jpg
6,024495.jpg
3,024496.jpg
3,024497.jpg
4,024498.jpg
3,024499.jpg
4,024500.jpg
0,024501.jpg
5,024502.jpg
3,024503.jpg
2,024504.jpg
2,024505.jpg
2,024506.jpg
2,024507.jpg
3,024508.jpg
3,024509.jpg
3,024510.jpg
2,024511.jpg
5,024512.jpg
3,024513.jpg
3,024514.jpg
2,024515.jpg
6,024516.jpg
4,024517.jpg
3,024518.jpg
4,024519.jpg
2,024520.jpg
3,024521.jpg
3,024522.jpg
5,024523.jpg
3,024524.jpg
2,024525.jpg
3,024526.jpg
3,024527.jpg
4,024528.jpg
4,024529.jpg
3,024530.jpg
6,024531.jpg
4,024532.jpg
2,024533.jpg
4,024534.jpg
3,024535.jpg
3,024536.jpg
4,024537.jpg
2,024538.jpg
2,024539.jpg
3,024540.jpg
4,024541.jpg
0,024542.jpg
4,024543.jpg
4,024544.jpg
4,024545.jpg
3,024546.jpg
4,024547.jpg
6,024548.jpg
0,024549.jpg
4,024550.jpg
6,024551.jpg
4,024552.jpg
5,024553.jpg
2,024554.jpg
2,024555.jpg
6,024556.jpg
5,024557.jpg
3,024558.jpg
3,024559.jpg
3,024560.jpg
3,024561.jpg
2,024562.jpg
3,024563.jpg
6,024564.jpg
5,024565.jpg
0,024566.jpg
6,024567.jpg
2,024568.jpg
4,024569.jpg
3,024570.jpg
2,024571.jpg
3,024572.jpg
6,024573.jpg
3,024574.jpg
6,024575.jpg
1,024576.jpg
4,024577.jpg
1,024578.jpg
2,024579.jpg
3,024580.jpg
6,024581.jpg
4,024582.jpg
4,024583.jpg
5,024584.jpg
3,024585.jpg
2,024586.jpg
5,024587.jpg
4,024588.jpg
5,024589.jpg
3,024590.jpg
2,024591.jpg
4,024592.jpg
0,024593.jpg
5,024594.jpg
4,024595.jpg
3,024596.jpg
5,024597.jpg
4,024598.jpg
5,024599.jpg
3,024600.jpg
5,024601.jpg
3,024602.jpg
2,024603.jpg
6,024604.jpg
3,024605.jpg
4,024606.jpg
3,024607.jpg
6,024608.jpg
3,024609.jpg
4,024610.jpg
0,024611.jpg
0,024612.jpg
2,024613.jpg
3,024614.jpg
4,024615.jpg
5,024616.jpg
5,024617.jpg
4,024618.jpg
6,024619.jpg
5,024620.jpg
2,024621.jpg
0,024622.jpg
6,024623.jpg
5,024624.jpg
2,024625.jpg
6,024626.jpg
4,024627.jpg
3,024628.jpg
6,024629.jpg
4,024630.jpg
6,024631.jpg
2,024632.jpg
3,024633.jpg
1,024634.jpg
6,024635.jpg
4,024636.jpg
5,024637.jpg
0,024638.jpg
1,024639.jpg
6,024640.jpg
2,024641.jpg
3,024642.jpg
4,024643.jpg
0,024644.jpg
4,024645.jpg
5,024646.jpg
5,024647.jpg
3,024648.jpg
4,024649.jpg
0,024650.jpg
2,024651.jpg
3,024652.jpg
5,024653.jpg
0,024654.jpg
2,024655.jpg
3,024656.jpg
3,024657.jpg
3,024658.jpg
4,024659.jpg
0,024660.jpg
6,024661.jpg
3,024662.jpg
3,024663.jpg
4,024664.jpg
3,024665.jpg
6,024666.jpg
4,024667.jpg
5,024668.jpg
2,024669.jpg
3,024670.jpg
3,024671.jpg
3,024672.jpg
4,024673.jpg
2,024674.jpg
0,024675.jpg
0,024676.jpg
4,024677.jpg
0,024678.jpg
4,024679.jpg
3,024680.jpg
4,024681.jpg
6,024682.jpg
0,024683.jpg
6,024684.jpg
5,024685.jpg
0,024686.jpg
5,024687.jpg
5,024688.jpg
4,024689.jpg
0,024690.jpg
2,024691.jpg
3,024692.jpg
4,024693.jpg
2,024694.jpg
3,024695.jpg
4,024696.jpg
2,024697.jpg
4,024698.jpg
3,024699.jpg
2,024700.jpg
6,024701.jpg
2,024702.jpg
3,024703.jpg
0,024704.jpg
5,024705.jpg
4,024706.jpg
6,024707.jpg
0,024708.jpg
3,024709.jpg
4,024710.jpg
0,024711.jpg
4,024712.jpg
6,024713.jpg
5,024714.jpg
3,024715.jpg
0,024716.jpg
0,024717.jpg
3,024718.jpg
2,024719.jpg
2,024720.jpg
2,024721.jpg
6,024722.jpg
3,024723.jpg
4,024724.jpg
6,024725.jpg
2,024726.jpg
6,024727.jpg
3,024728.jpg
4,024729.jpg
5,024730.jpg
3,024731.jpg
3,024732.jpg
2,024733.jpg
6,024734.jpg
5,024735.jpg
4,024736.jpg
3,024737.jpg
0,024738.jpg
0,024739.jpg
4,024740.jpg
3,024741.jpg
6,024742.jpg
3,024743.jpg
4,024744.jpg
6,024745.jpg
3,024746.jpg
3,024747.jpg
5,024748.jpg
6,024749.jpg
4,024750.jpg
3,024751.jpg
3,024752.jpg
2,024753.jpg
5,024754.jpg
3,024755.jpg
5,024756.jpg
0,024757.jpg
5,024758.jpg
5,024759.jpg
2,024760.jpg
3,024761.jpg
0,024762.jpg
2,024763.jpg
3,024764.jpg
3,024765.jpg
4,024766.jpg
2,024767.jpg
6,024768.jpg
3,024769.jpg
6,024770.jpg
2,024771.jpg
6,024772.jpg
4,024773.jpg
6,024774.jpg
3,024775.jpg
4,024776.jpg
3,024777.jpg
2,024778.jpg
6,024779.jpg
4,024780.jpg
3,024781.jpg
2,024782.jpg
3,024783.jpg
4,024784.jpg
6,024785.jpg
3,024786.jpg
2,024787.jpg
0,024788.jpg
0,024789.jpg
2,024790.jpg
2,024791.jpg
5,024792.jpg
5,024793.jpg
6,024794.jpg
5,024795.jpg
4,024796.jpg
0,024797.jpg
6,024798.jpg
2,024799.jpg
2,024800.jpg
4,024801.jpg
0,024802.jpg
2,024803.jpg
0,024804.jpg
3,024805.jpg
5,024806.jpg
6,024807.jpg
4,024808.jpg
5,024809.jpg
0,024810.jpg
2,024811.jpg
2,024812.jpg
6,024813.jpg
6,024814.jpg
6,024815.jpg
5,024816.jpg
3,024817.jpg
4,024818.jpg
0,024819.jpg
6,024820.jpg
0,024821.jpg
2,024822.jpg
3,024823.jpg
6,024824.jpg
0,024825.jpg
0,024826.jpg
4,024827.jpg
3,024828.jpg
2,024829.jpg
4,024830.jpg
5,024831.jpg
5,024832.jpg
3,024833.jpg
6,024834.jpg
5,024835.jpg
5,024836.jpg
5,024837.jpg
0,024838.jpg
0,024839.jpg
3,024840.jpg
3,024841.jpg
2,024842.jpg
3,024843.jpg
6,024844.jpg
3,024845.jpg
0,024846.jpg
0,024847.jpg
5,024848.jpg
2,024849.jpg
5,024850.jpg
5,024851.jpg
5,024852.jpg
6,024853.jpg
0,024854.jpg
6,024855.jpg
0,024856.jpg
6,024857.jpg
5,024858.jpg
3,024859.jpg
4,024860.jpg
3,024861.jpg
3,024862.jpg
6,024863.jpg
3,024864.jpg
2,024865.jpg
4,024866.jpg
3,024867.jpg
2,024868.jpg
4,024869.jpg
1,024870.jpg
4,024871.jpg
3,024872.jpg
2,024873.jpg
3,024874.jpg
3,024875.jpg
3,024876.jpg
6,024877.jpg
4,024878.jpg
4,024879.jpg
2,024880.jpg
4,024881.jpg
6,024882.jpg
0,024883.jpg
3,024884.jpg
4,024885.jpg
0,024886.jpg
2,024887.jpg
3,024888.jpg
3,024889.jpg
5,024890.jpg
3,024891.jpg
5,024892.jpg
5,024893.jpg
2,024894.jpg
0,024895.jpg
2,024896.jpg
5,024897.jpg
4,024898.jpg
5,024899.jpg
3,024900.jpg
6,024901.jpg
0,024902.jpg
6,024903.jpg
5,024904.jpg
2,024905.jpg
3,024906.jpg
2,024907.jpg
0,024908.jpg
4,024909.jpg
3,024910.jpg
6,024911.jpg
6,024912.jpg
3,024913.jpg
4,024914.jpg
2,024915.jpg
4,024916.jpg
4,024917.jpg
3,024918.jpg
0,024919.jpg
0,024920.jpg
5,024921.jpg
5,024922.jpg
0,024923.jpg
3,024924.jpg
0,024925.jpg
2,024926.jpg
4,024927.jpg
5,024928.jpg
3,024929.jpg
5,024930.jpg
6,024931.jpg
3,024932.jpg
3,024933.jpg
3,024934.jpg
3,024935.jpg
6,024936.jpg
6,024937.jpg
6,024938.jpg
4,024939.jpg
4,024940.jpg
6,024941.jpg
3,024942.jpg
3,024943.jpg
3,024944.jpg
4,024945.jpg
3,024946.jpg
4,024947.jpg
2,024948.jpg
3,024949.jpg
1,024950.jpg
3,024951.jpg
5,024952.jpg
4,024953.jpg
0,024954.jpg
1,024955.jpg
4,024956.jpg
3,024957.jpg
5,024958.jpg
0,024959.jpg
6,024960.jpg
0,024961.jpg
6,024962.jpg
2,024963.jpg
6,024964.jpg
3,024965.jpg
3,024966.jpg
0,024967.jpg
4,024968.jpg
3,024969.jpg
0,024970.jpg
4,024971.jpg
6,024972.jpg
3,024973.jpg
6,024974.jpg
3,024975.jpg
3,024976.jpg
2,024977.jpg
2,024978.jpg
0,024979.jpg
0,024980.jpg
6,024981.jpg
5,024982.jpg
4,024983.jpg
2,024984.jpg
5,024985.jpg
4,024986.jpg
0,024987.jpg
0,024988.jpg
6,024989.jpg
6,024990.jpg
2,024991.jpg
0,024992.jpg
4,024993.jpg
6,024994.jpg
5,024995.jpg
3,024996.jpg
3,024997.jpg
4,024998.jpg
4,024999.jpg
0,025000.jpg
2,025001.jpg
3,025002.jpg
3,025003.jpg
4,025004.jpg
2,025005.jpg
3,025006.jpg
6,025007.jpg
6,025008.jpg
6,025009.jpg
5,025010.jpg
2,025011.jpg
3,025012.jpg
6,025013.jpg
3,025014.jpg
4,025015.jpg
6,025016.jpg
3,025017.jpg
6,025018.jpg
0,025019.jpg
2,025020.jpg
6,025021.jpg
2,025022.jpg
3,025023.jpg
0,025024.jpg
4,025025.jpg
5,025026.jpg
4,025027.jpg
3,025028.jpg
6,025029.jpg
6,025030.jpg
0,025031.jpg
2,025032.jpg
3,025033.jpg
0,025034.jpg
5,025035.jpg
5,025036.jpg
3,025037.jpg
4,025038.jpg
3,025039.jpg
2,025040.jpg
6,025041.jpg
3,025042.jpg
3,025043.jpg
5,025044.jpg
2,025045.jpg
2,025046.jpg
6,025047.jpg
3,025048.jpg
4,025049.jpg
0,025050.jpg
3,025051.jpg
6,025052.jpg
2,025053.jpg
2,025054.jpg
4,025055.jpg
3,025056.jpg
0,025057.jpg
3,025058.jpg
4,025059.jpg
0,025060.jpg
2,025061.jpg
3,025062.jpg
3,025063.jpg
5,025064.jpg
4,025065.jpg
0,025066.jpg
3,025067.jpg
4,025068.jpg
4,025069.jpg
6,025070.jpg
2,025071.jpg
5,025072.jpg
4,025073.jpg
2,025074.jpg
2,025075.jpg
4,025076.jpg
3,025077.jpg
6,025078.jpg
6,025079.jpg
4,025080.jpg
4,025081.jpg
0,025082.jpg
2,025083.jpg
5,025084.jpg
4,025085.jpg
3,025086.jpg
4,025087.jpg
0,025088.jpg
6,025089.jpg
3,025090.jpg
3,025091.jpg
1,025092.jpg
3,025093.jpg
0,025094.jpg
1,025095.jpg
3,025096.jpg
6,025097.jpg
0,025098.jpg
6,025099.jpg
3,025100.jpg
0,025101.jpg
2,025102.jpg
6,025103.jpg
2,025104.jpg
4,025105.jpg
6,025106.jpg
5,025107.jpg
2,025108.jpg
2,025109.jpg
2,025110.jpg
3,025111.jpg
3,025112.jpg
3,025113.jpg
5,025114.jpg
2,025115.jpg
2,025116.jpg
4,025117.jpg
3,025118.jpg
4,025119.jpg
2,025120.jpg
3,025121.jpg
4,025122.jpg
3,025123.jpg
3,025124.jpg
0,025125.jpg
4,025126.jpg
4,025127.jpg
2,025128.jpg
2,025129.jpg
6,025130.jpg
0,025131.jpg
2,025132.jpg
2,025133.jpg
0,025134.jpg
3,025135.jpg
3,025136.jpg
0,025137.jpg
5,025138.jpg
2,025139.jpg
4,025140.jpg
4,025141.jpg
4,025142.jpg
5,025143.jpg
0,025144.jpg
4,025145.jpg
5,025146.jpg
2,025147.jpg
6,025148.jpg
5,025149.jpg
3,025150.jpg
6,025151.jpg
2,025152.jpg
5,025153.jpg
4,025154.jpg
5,025155.jpg
5,025156.jpg
3,025157.jpg
2,025158.jpg
3,025159.jpg
3,025160.jpg
1,025161.jpg
2,025162.jpg
3,025163.jpg
3,025164.jpg
0,025165.jpg
6,025166.jpg
6,025167.jpg
2,025168.jpg
0,025169.jpg
4,025170.jpg
3,025171.jpg
0,025172.jpg
6,025173.jpg
0,025174.jpg
3,025175.jpg
3,025176.jpg
4,025177.jpg
5,025178.jpg
4,025179.jpg
3,025180.jpg
2,025181.jpg
5,025182.jpg
0,025183.jpg
3,025184.jpg
4,025185.jpg
3,025186.jpg
4,025187.jpg
5,025188.jpg
2,025189.jpg
2,025190.jpg
2,025191.jpg
0,025192.jpg
6,025193.jpg
3,025194.jpg
6,025195.jpg
4,025196.jpg
4,025197.jpg
5,025198.jpg
3,025199.jpg
6,025200.jpg
2,025201.jpg
2,025202.jpg
2,025203.jpg
3,025204.jpg
3,025205.jpg
4,025206.jpg
5,025207.jpg
5,025208.jpg
0,025209.jpg
0,025210.jpg
4,025211.jpg
3,025212.jpg
6,025213.jpg
6,025214.jpg
2,025215.jpg
4,025216.jpg
4,025217.jpg
4,025218.jpg
6,025219.jpg
2,025220.jpg
3,025221.jpg
5,025222.jpg
3,025223.jpg
6,025224.jpg
4,025225.jpg
5,025226.jpg
0,025227.jpg
2,025228.jpg
5,025229.jpg
2,025230.jpg
4,025231.jpg
3,025232.jpg
2,025233.jpg
5,025234.jpg
6,025235.jpg
4,025236.jpg
0,025237.jpg
1,025238.jpg
4,025239.jpg
4,025240.jpg
4,025241.jpg
2,025242.jpg
2,025243.jpg
0,025244.jpg
2,025245.jpg
5,025246.jpg
2,025247.jpg
5,025248.jpg
5,025249.jpg
4,025250.jpg
3,025251.jpg
4,025252.jpg
4,025253.jpg
4,025254.jpg
0,025255.jpg
5,025256.jpg
4,025257.jpg
0,025258.jpg
3,025259.jpg
4,025260.jpg
6,025261.jpg
2,025262.jpg
2,025263.jpg
6,025264.jpg
5,025265.jpg
4,025266.jpg
1,025267.jpg
5,025268.jpg
0,025269.jpg
3,025270.jpg
3,025271.jpg
3,025272.jpg
0,025273.jpg
5,025274.jpg
3,025275.jpg
3,025276.jpg
4,025277.jpg
6,025278.jpg
3,025279.jpg
5,025280.jpg
4,025281.jpg
4,025282.jpg
0,025283.jpg
2,025284.jpg
3,025285.jpg
4,025286.jpg
3,025287.jpg
0,025288.jpg
2,025289.jpg
4,025290.jpg
0,025291.jpg
3,025292.jpg
6,025293.jpg
0,025294.jpg
6,025295.jpg
2,025296.jpg
6,025297.jpg
2,025298.jpg
5,025299.jpg
5,025300.jpg
3,025301.jpg
2,025302.jpg
3,025303.jpg
6,025304.jpg
6,025305.jpg
2,025306.jpg
6,025307.jpg
5,025308.jpg
3,025309.jpg
4,025310.jpg
3,025311.jpg
4,025312.jpg
5,025313.jpg
2,025314.jpg
4,025315.jpg
5,025316.jpg
3,025317.jpg
6,025318.jpg
5,025319.jpg
6,025320.jpg
3,025321.jpg
3,025322.jpg
3,025323.jpg
6,025324.jpg
3,025325.jpg
4,025326.jpg
2,025327.jpg
3,025328.jpg
1,025329.jpg
4,025330.jpg
5,025331.jpg
3,025332.jpg
4,025333.jpg
6,025334.jpg
0,025335.jpg
0,025336.jpg
3,025337.jpg
5,025338.jpg
4,025339.jpg
0,025340.jpg
4,025341.jpg
3,025342.jpg
0,025343.jpg
3,025344.jpg
0,025345.jpg
3,025346.jpg
0,025347.jpg
4,025348.jpg
5,025349.jpg
2,025350.jpg
4,025351.jpg
0,025352.jpg
5,025353.jpg
3,025354.jpg
6,025355.jpg
4,025356.jpg
3,025357.jpg
6,025358.jpg
2,025359.jpg
0,025360.jpg
0,025361.jpg
4,025362.jpg
0,025363.jpg
4,025364.jpg
3,025365.jpg
3,025366.jpg
6,025367.jpg
4,025368.jpg
4,025369.jpg
6,025370.jpg
3,025371.jpg
6,025372.jpg
2,025373.jpg
0,025374.jpg
4,025375.jpg
6,025376.jpg
4,025377.jpg
3,025378.jpg
4,025379.jpg
3,025380.jpg
4,025381.jpg
3,025382.jpg
3,025383.jpg
6,025384.jpg
3,025385.jpg
2,025386.jpg
4,025387.jpg
2,025388.jpg
6,025389.jpg
5,025390.jpg
6,025391.jpg
0,025392.jpg
0,025393.jpg
6,025394.jpg
3,025395.jpg
3,025396.jpg
5,025397.jpg
3,025398.jpg
0,025399.jpg
4,025400.jpg
6,025401.jpg
5,025402.jpg
5,025403.jpg
6,025404.jpg
2,025405.jpg
2,025406.jpg
4,025407.jpg
3,025408.jpg
6,025409.jpg
4,025410.jpg
4,025411.jpg
4,025412.jpg
3,025413.jpg
3,025414.jpg
5,025415.jpg
5,025416.jpg
3,025417.jpg
2,025418.jpg
1,025419.jpg
3,025420.jpg
0,025421.jpg
6,025422.jpg
4,025423.jpg
0,025424.jpg
4,025425.jpg
0,025426.jpg
5,025427.jpg
3,025428.jpg
3,025429.jpg
4,025430.jpg
3,025431.jpg
5,025432.jpg
6,025433.jpg
2,025434.jpg
0,025435.jpg
3,025436.jpg
0,025437.jpg
3,025438.jpg
2,025439.jpg
3,025440.jpg
5,025441.jpg
2,025442.jpg
3,025443.jpg
4,025444.jpg
3,025445.jpg
3,025446.jpg
2,025447.jpg
4,025448.jpg
6,025449.jpg
6,025450.jpg
6,025451.jpg
3,025452.jpg
3,025453.jpg
3,025454.jpg
3,025455.jpg
3,025456.jpg
2,025457.jpg
3,025458.jpg
3,025459.jpg
3,025460.jpg
2,025461.jpg
6,025462.jpg
4,025463.jpg
2,025464.jpg
3,025465.jpg
5,025466.jpg
6,025467.jpg
5,025468.jpg
3,025469.jpg
3,025470.jpg
6,025471.jpg
3,025472.jpg
5,025473.jpg
0,025474.jpg
3,025475.jpg
3,025476.jpg
3,025477.jpg
6,025478.jpg
6,025479.jpg
5,025480.jpg
2,025481.jpg
2,025482.jpg
5,025483.jpg
2,025484.jpg
5,025485.jpg
2,025486.jpg
4,025487.jpg
5,025488.jpg
0,025489.jpg
5,025490.jpg
5,025491.jpg
5,025492.jpg
0,025493.jpg
4,025494.jpg
3,025495.jpg
2,025496.jpg
6,025497.jpg
0,025498.jpg
6,025499.jpg
3,025500.jpg
4,025501.jpg
5,025502.jpg
4,025503.jpg
4,025504.jpg
3,025505.jpg
3,025506.jpg
6,025507.jpg
5,025508.jpg
6,025509.jpg
4,025510.jpg
0,025511.jpg
2,025512.jpg
3,025513.jpg
6,025514.jpg
0,025515.jpg
6,025516.jpg
3,025517.jpg
3,025518.jpg
6,025519.jpg
6,025520.jpg
4,025521.jpg
5,025522.jpg
3,025523.jpg
6,025524.jpg
2,025525.jpg
2,025526.jpg
4,025527.jpg
0,025528.jpg
4,025529.jpg
2,025530.jpg
6,025531.jpg
0,025532.jpg
3,025533.jpg
0,025534.jpg
4,025535.jpg
2,025536.jpg
6,025537.jpg
1,025538.jpg
5,025539.jpg
4,025540.jpg
1,025541.jpg
0,025542.jpg
4,025543.jpg
4,025544.jpg
6,025545.jpg
6,025546.jpg
5,025547.jpg
4,025548.jpg
0,025549.jpg
2,025550.jpg
3,025551.jpg
3,025552.jpg
4,025553.jpg
6,025554.jpg
2,025555.jpg
2,025556.jpg
4,025557.jpg
2,025558.jpg
6,025559.jpg
5,025560.jpg
5,025561.jpg
3,025562.jpg
5,025563.jpg
3,025564.jpg
3,025565.jpg
0,025566.jpg
3,025567.jpg
4,025568.jpg
4,025569.jpg
2,025570.jpg
5,025571.jpg
6,025572.jpg
6,025573.jpg
6,025574.jpg
6,025575.jpg
4,025576.jpg
2,025577.jpg
3,025578.jpg
2,025579.jpg
5,025580.jpg
6,025581.jpg
4,025582.jpg
0,025583.jpg
6,025584.jpg
6,025585.jpg
0,025586.jpg
3,025587.jpg
4,025588.jpg
0,025589.jpg
2,025590.jpg
3,025591.jpg
6,025592.jpg
6,025593.jpg
2,025594.jpg
2,025595.jpg
2,025596.jpg
4,025597.jpg
0,025598.jpg
6,025599.jpg
2,025600.jpg
3,025601.jpg
3,025602.jpg
3,025603.jpg
3,025604.jpg
2,025605.jpg
4,025606.jpg
1,025607.jpg
4,025608.jpg
3,025609.jpg
5,025610.jpg
0,025611.jpg
0,025612.jpg
6,025613.jpg
0,025614.jpg
6,025615.jpg
2,025616.jpg
4,025617.jpg
6,025618.jpg
4,025619.jpg
3,025620.jpg
2,025621.jpg
3,025622.jpg
2,025623.jpg
3,025624.jpg
6,025625.jpg
0,025626.jpg
6,025627.jpg
4,025628.jpg
6,025629.jpg
3,025630.jpg
3,025631.jpg
4,025632.jpg
3,025633.jpg
0,025634.jpg
6,025635.jpg
5,025636.jpg
6,025637.jpg
2,025638.jpg
2,025639.jpg
3,025640.jpg
3,025641.jpg
0,025642.jpg
4,025643.jpg
4,025644.jpg
3,025645.jpg
2,025646.jpg
2,025647.jpg
6,025648.jpg
3,025649.jpg
4,025650.jpg
0,025651.jpg
3,025652.jpg
3,025653.jpg
3,025654.jpg
2,025655.jpg
3,025656.jpg
1,025657.jpg
3,025658.jpg
2,025659.jpg
6,025660.jpg
5,025661.jpg
2,025662.jpg
0,025663.jpg
4,025664.jpg
5,025665.jpg
3,025666.jpg
6,025667.jpg
6,025668.jpg
0,025669.jpg
0,025670.jpg
3,025671.jpg
3,025672.jpg
3,025673.jpg
5,025674.jpg
3,025675.jpg
3,025676.jpg
5,025677.jpg
6,025678.jpg
5,025679.jpg
0,025680.jpg
0,025681.jpg
6,025682.jpg
4,025683.jpg
3,025684.jpg
6,025685.jpg
3,025686.jpg
5,025687.jpg
0,025688.jpg
5,025689.jpg
4,025690.jpg
3,025691.jpg
6,025692.jpg
6,025693.jpg
3,025694.jpg
6,025695.jpg
2,025696.jpg
4,025697.jpg
2,025698.jpg
5,025699.jpg
4,025700.jpg
6,025701.jpg
4,025702.jpg
3,025703.jpg
0,025704.jpg
3,025705.jpg
3,025706.jpg
2,025707.jpg
3,025708.jpg
5,025709.jpg
2,025710.jpg
2,025711.jpg
0,025712.jpg
0,025713.jpg
3,025714.jpg
5,025715.jpg
5,025716.jpg
1,025717.jpg
6,025718.jpg
3,025719.jpg
3,025720.jpg
0,025721.jpg
3,025722.jpg
6,025723.jpg
5,025724.jpg
4,025725.jpg
4,025726.jpg
5,025727.jpg
6,025728.jpg
3,025729.jpg
5,025730.jpg
3,025731.jpg
6,025732.jpg
4,025733.jpg
4,025734.jpg
2,025735.jpg
4,025736.jpg
3,025737.jpg
3,025738.jpg
0,025739.jpg
0,025740.jpg
5,025741.jpg
5,025742.jpg
6,025743.jpg
3,025744.jpg
6,025745.jpg
6,025746.jpg
3,025747.jpg
3,025748.jpg
1,025749.jpg
5,025750.jpg
5,025751.jpg
2,025752.jpg
4,025753.jpg
2,025754.jpg
2,025755.jpg
4,025756.jpg
4,025757.jpg
6,025758.jpg
3,025759.jpg
2,025760.jpg
2,025761.jpg
2,025762.jpg
6,025763.jpg
2,025764.jpg
5,025765.jpg
3,025766.jpg
0,025767.jpg
3,025768.jpg
3,025769.jpg
0,025770.jpg
0,025771.jpg
6,025772.jpg
6,025773.jpg
5,025774.jpg
3,025775.jpg
5,025776.jpg
3,025777.jpg
0,025778.jpg
4,025779.jpg
3,025780.jpg
5,025781.jpg
5,025782.jpg
0,025783.jpg
4,025784.jpg
5,025785.jpg
3,025786.jpg
0,025787.jpg
0,025788.jpg
3,025789.jpg
5,025790.jpg
0,025791.jpg
3,025792.jpg
0,025793.jpg
4,025794.jpg
0,025795.jpg
5,025796.jpg
6,025797.jpg
2,025798.jpg
6,025799.jpg
6,025800.jpg
6,025801.jpg
5,025802.jpg
4,025803.jpg
3,025804.jpg
6,025805.jpg
6,025806.jpg
0,025807.jpg
5,025808.jpg
3,025809.jpg
6,025810.jpg
0,025811.jpg
4,025812.jpg
0,025813.jpg
6,025814.jpg
3,025815.jpg
5,025816.jpg
6,025817.jpg
6,025818.jpg
4,025819.jpg
2,025820.jpg
3,025821.jpg
5,025822.jpg
6,025823.jpg
6,025824.jpg
6,025825.jpg
2,025826.jpg
3,025827.jpg
3,025828.jpg
3,025829.jpg
4,025830.jpg
0,025831.jpg
4,025832.jpg
0,025833.jpg
2,025834.jpg
4,025835.jpg
5,025836.jpg
3,025837.jpg
4,025838.jpg
3,025839.jpg
2,025840.jpg
6,025841.jpg
0,025842.jpg
4,025843.jpg
0,025844.jpg
2,025845.jpg
3,025846.jpg
1,025847.jpg
3,025848.jpg
6,025849.jpg
3,025850.jpg
6,025851.jpg
5,025852.jpg
0,025853.jpg
3,025854.jpg
2,025855.jpg
5,025856.jpg
2,025857.jpg
2,025858.jpg
4,025859.jpg
4,025860.jpg
4,025861.jpg
6,025862.jpg
4,025863.jpg
6,025864.jpg
0,025865.jpg
0,025866.jpg
6,025867.jpg
6,025868.jpg
3,025869.jpg
3,025870.jpg
2,025871.jpg
2,025872.jpg
3,025873.jpg
0,025874.jpg
4,025875.jpg
0,025876.jpg
2,025877.jpg
6,025878.jpg
3,025879.jpg
5,025880.jpg
2,025881.jpg
3,025882.jpg
0,025883.jpg
6,025884.jpg
2,025885.jpg
0,025886.jpg
3,025887.jpg
6,025888.jpg
3,025889.jpg
4,025890.jpg
0,025891.jpg
5,025892.jpg
6,025893.jpg
5,025894.jpg
6,025895.jpg
6,025896.jpg
0,025897.jpg
5,025898.jpg
3,025899.jpg
6,025900.jpg
3,025901.jpg
3,025902.jpg
4,025903.jpg
0,025904.jpg
2,025905.jpg
5,025906.jpg
3,025907.jpg
0,025908.jpg
6,025909.jpg
2,025910.jpg
0,025911.jpg
6,025912.jpg
6,025913.jpg
2,025914.jpg
6,025915.jpg
5,025916.jpg
3,025917.jpg
2,025918.jpg
6,025919.jpg
4,025920.jpg
6,025921.jpg
0,025922.jpg
2,025923.jpg
0,025924.jpg
5,025925.jpg
2,025926.jpg
3,025927.jpg
0,025928.jpg
5,025929.jpg
2,025930.jpg
6,025931.jpg
4,025932.jpg
3,025933.jpg
5,025934.jpg
3,025935.jpg
3,025936.jpg
3,025937.jpg
6,025938.jpg
6,025939.jpg
2,025940.jpg
2,025941.jpg
4,025942.jpg
4,025943.jpg
0,025944.jpg
2,025945.jpg
3,025946.jpg
3,025947.jpg
3,025948.jpg
3,025949.jpg
0,025950.jpg
4,025951.jpg
6,025952.jpg
6,025953.jpg
5,025954.jpg
1,025955.jpg
2,025956.jpg
4,025957.jpg
6,025958.jpg
5,025959.jpg
6,025960.jpg
4,025961.jpg
6,025962.jpg
4,025963.jpg
0,025964.jpg
4,025965.jpg
3,025966.jpg
5,025967.jpg
5,025968.jpg
6,025969.jpg
6,025970.jpg
6,025971.jpg
3,025972.jpg
0,025973.jpg
0,025974.jpg
6,025975.jpg
6,025976.jpg
0,025977.jpg
6,025978.jpg
6,025979.jpg
6,025980.jpg
3,025981.jpg
3,025982.jpg
4,025983.jpg
6,025984.jpg
4,025985.jpg
3,025986.jpg
3,025987.jpg
5,025988.jpg
2,025989.jpg
3,025990.jpg
4,025991.jpg
3,025992.jpg
3,025993.jpg
6,025994.jpg
5,025995.jpg
3,025996.jpg
2,025997.jpg
2,025998.jpg
6,025999.jpg
5,026000.jpg
5,026001.jpg
1,026002.jpg
5,026003.jpg
6,026004.jpg
4,026005.jpg
4,026006.jpg
3,026007.jpg
0,026008.jpg
6,026009.jpg
5,026010.jpg
3,026011.jpg
6,026012.jpg
0,026013.jpg
6,026014.jpg
3,026015.jpg
6,026016.jpg
6,026017.jpg
3,026018.jpg
2,026019.jpg
5,026020.jpg
4,026021.jpg
2,026022.jpg
6,026023.jpg
6,026024.jpg
0,026025.jpg
3,026026.jpg
3,026027.jpg
0,026028.jpg
5,026029.jpg
4,026030.jpg
3,026031.jpg
3,026032.jpg
3,026033.jpg
3,026034.jpg
5,026035.jpg
2,026036.jpg
6,026037.jpg
0,026038.jpg
2,026039.jpg
4,026040.jpg
6,026041.jpg
6,026042.jpg
6,026043.jpg
2,026044.jpg
2,026045.jpg
3,026046.jpg
5,026047.jpg
2,026048.jpg
6,026049.jpg
3,026050.jpg
0,026051.jpg
0,026052.jpg
6,026053.jpg
2,026054.jpg
3,026055.jpg
6,026056.jpg
3,026057.jpg
2,026058.jpg
0,026059.jpg
3,026060.jpg
3,026061.jpg
4,026062.jpg
5,026063.jpg
4,026064.jpg
6,026065.jpg
4,026066.jpg
6,026067.jpg
3,026068.jpg
6,026069.jpg
6,026070.jpg
4,026071.jpg
3,026072.jpg
0,026073.jpg
5,026074.jpg
0,026075.jpg
5,026076.jpg
3,026077.jpg
6,026078.jpg
4,026079.jpg
3,026080.jpg
6,026081.jpg
2,026082.jpg
6,026083.jpg
0,026084.jpg
3,026085.jpg
5,026086.jpg
5,026087.jpg
0,026088.jpg
0,026089.jpg
3,026090.jpg
2,026091.jpg
3,026092.jpg
3,026093.jpg
6,026094.jpg
4,026095.jpg
0,026096.jpg
2,026097.jpg
3,026098.jpg
0,026099.jpg
2,026100.jpg
5,026101.jpg
5,026102.jpg
6,026103.jpg
3,026104.jpg
4,026105.jpg
0,026106.jpg
3,026107.jpg
5,026108.jpg
6,026109.jpg
3,026110.jpg
6,026111.jpg
6,026112.jpg
3,026113.jpg
2,026114.jpg
2,026115.jpg
4,026116.jpg
5,026117.jpg
4,026118.jpg
3,026119.jpg
5,026120.jpg
0,026121.jpg
4,026122.jpg
0,026123.jpg
0,026124.jpg
3,026125.jpg
4,026126.jpg
0,026127.jpg
3,026128.jpg
5,026129.jpg
5,026130.jpg
2,026131.jpg
5,026132.jpg
5,026133.jpg
6,026134.jpg
5,026135.jpg
5,026136.jpg
0,026137.jpg
6,026138.jpg
0,026139.jpg
4,026140.jpg
5,026141.jpg
4,026142.jpg
3,026143.jpg
3,026144.jpg
4,026145.jpg
0,026146.jpg
3,026147.jpg
5,026148.jpg
0,026149.jpg
3,026150.jpg
6,026151.jpg
5,026152.jpg
6,026153.jpg
6,026154.jpg
3,026155.jpg
5,026156.jpg
2,026157.jpg
6,026158.jpg
3,026159.jpg
3,026160.jpg
6,026161.jpg
0,026162.jpg
0,026163.jpg
2,026164.jpg
6,026165.jpg
3,026166.jpg
6,026167.jpg
0,026168.jpg
3,026169.jpg
0,026170.jpg
2,026171.jpg
6,026172.jpg
5,026173.jpg
2,026174.jpg
0,026175.jpg
5,026176.jpg
0,026177.jpg
0,026178.jpg
6,026179.jpg
5,026180.jpg
0,026181.jpg
2,026182.jpg
4,026183.jpg
0,026184.jpg
0,026185.jpg
5,026186.jpg
6,026187.jpg
6,026188.jpg
6,026189.jpg
6,026190.jpg
3,026191.jpg
6,026192.jpg
0,026193.jpg
2,026194.jpg
6,026195.jpg
3,026196.jpg
3,026197.jpg
4,026198.jpg
6,026199.jpg
6,026200.jpg
3,026201.jpg
4,026202.jpg
4,026203.jpg
5,026204.jpg
3,026205.jpg
3,026206.jpg
3,026207.jpg
4,026208.jpg
6,026209.jpg
2,026210.jpg
2,026211.jpg
3,026212.jpg
4,026213.jpg
3,026214.jpg
5,026215.jpg
3,026216.jpg
6,026217.jpg
6,026218.jpg
5,026219.jpg
4,026220.jpg
0,026221.jpg
3,026222.jpg
6,026223.jpg
3,026224.jpg
6,026225.jpg
0,026226.jpg
6,026227.jpg
2,026228.jpg
2,026229.jpg
4,026230.jpg
4,026231.jpg
0,026232.jpg
6,026233.jpg
5,026234.jpg
0,026235.jpg
4,026236.jpg
6,026237.jpg
3,026238.jpg
2,026239.jpg
0,026240.jpg
3,026241.jpg
3,026242.jpg
5,026243.jpg
3,026244.jpg
4,026245.jpg
4,026246.jpg
3,026247.jpg
0,026248.jpg
4,026249.jpg
2,026250.jpg
6,026251.jpg
3,026252.jpg
2,026253.jpg
4,026254.jpg
0,026255.jpg
0,026256.jpg
3,026257.jpg
3,026258.jpg
0,026259.jpg
3,026260.jpg
3,026261.jpg
3,026262.jpg
0,026263.jpg
0,026264.jpg
4,026265.jpg
3,026266.jpg
0,026267.jpg
6,026268.jpg
4,026269.jpg
4,026270.jpg
6,026271.jpg
6,026272.jpg
5,026273.jpg
3,026274.jpg
2,026275.jpg
4,026276.jpg
4,026277.jpg
6,026278.jpg
3,026279.jpg
6,026280.jpg
4,026281.jpg
3,026282.jpg
2,026283.jpg
3,026284.jpg
2,026285.jpg
4,026286.jpg
4,026287.jpg
4,026288.jpg
3,026289.jpg
3,026290.jpg
0,026291.jpg
4,026292.jpg
3,026293.jpg
2,026294.jpg
6,026295.jpg
4,026296.jpg
4,026297.jpg
0,026298.jpg
4,026299.jpg
3,026300.jpg
0,026301.jpg
0,026302.jpg
4,026303.jpg
4,026304.jpg
4,026305.jpg
3,026306.jpg
3,026307.jpg
3,026308.jpg
5,026309.jpg
3,026310.jpg
6,026311.jpg
4,026312.jpg
4,026313.jpg
3,026314.jpg
5,026315.jpg
0,026316.jpg
3,026317.jpg
6,026318.jpg
2,026319.jpg
4,026320.jpg
4,026321.jpg
6,026322.jpg
2,026323.jpg
1,026324.jpg
1,026325.jpg
2,026326.jpg
1,026327.jpg
4,026328.jpg
4,026329.jpg
4,026330.jpg
0,026331.jpg
5,026332.jpg
2,026333.jpg
0,026334.jpg
6,026335.jpg
4,026336.jpg
0,026337.jpg
3,026338.jpg
4,026339.jpg
6,026340.jpg
4,026341.jpg
6,026342.jpg
4,026343.jpg
0,026344.jpg
3,026345.jpg
4,026346.jpg
3,026347.jpg
5,026348.jpg
5,026349.jpg
5,026350.jpg
5,026351.jpg
4,026352.jpg
2,026353.jpg
4,026354.jpg
4,026355.jpg
3,026356.jpg
3,026357.jpg
0,026358.jpg
3,026359.jpg
6,026360.jpg
5,026361.jpg
5,026362.jpg
2,026363.jpg
6,026364.jpg
5,026365.jpg
4,026366.jpg
4,026367.jpg
4,026368.jpg
4,026369.jpg
3,026370.jpg
3,026371.jpg
4,026372.jpg
3,026373.jpg
6,026374.jpg
3,026375.jpg
6,026376.jpg
2,026377.jpg
4,026378.jpg
5,026379.jpg
6,026380.jpg
0,026381.jpg
6,026382.jpg
3,026383.jpg
0,026384.jpg
2,026385.jpg
2,026386.jpg
0,026387.jpg
6,026388.jpg
5,026389.jpg
6,026390.jpg
0,026391.jpg
6,026392.jpg
6,026393.jpg
2,026394.jpg
6,026395.jpg
0,026396.jpg
3,026397.jpg
4,026398.jpg
2,026399.jpg
6,026400.jpg
6,026401.jpg
2,026402.jpg
5,026403.jpg
4,026404.jpg
6,026405.jpg
3,026406.jpg
6,026407.jpg
4,026408.jpg
2,026409.jpg
4,026410.jpg
6,026411.jpg
6,026412.jpg
4,026413.jpg
0,026414.jpg
3,026415.jpg
5,026416.jpg
2,026417.jpg
2,026418.jpg
2,026419.jpg
2,026420.jpg
3,026421.jpg
5,026422.jpg
4,026423.jpg
4,026424.jpg
6,026425.jpg
3,026426.jpg
5,026427.jpg
2,026428.jpg
5,026429.jpg
3,026430.jpg
4,026431.jpg
0,026432.jpg
6,026433.jpg
3,026434.jpg
3,026435.jpg
6,026436.jpg
0,026437.jpg
6,026438.jpg
0,026439.jpg
3,026440.jpg
4,026441.jpg
2,026442.jpg
4,026443.jpg
5,026444.jpg
4,026445.jpg
0,026446.jpg
4,026447.jpg
5,026448.jpg
0,026449.jpg
5,026450.jpg
6,026451.jpg
5,026452.jpg
6,026453.jpg
2,026454.jpg
5,026455.jpg
3,026456.jpg
2,026457.jpg
3,026458.jpg
3,026459.jpg
3,026460.jpg
3,026461.jpg
0,026462.jpg
0,026463.jpg
6,026464.jpg
6,026465.jpg
6,026466.jpg
5,026467.jpg
3,026468.jpg
2,026469.jpg
4,026470.jpg
0,026471.jpg
4,026472.jpg
4,026473.jpg
3,026474.jpg
2,026475.jpg
2,026476.jpg
3,026477.jpg
3,026478.jpg
3,026479.jpg
1,026480.jpg
2,026481.jpg
3,026482.jpg
5,026483.jpg
4,026484.jpg
5,026485.jpg
4,026486.jpg
5,026487.jpg
5,026488.jpg
1,026489.jpg
0,026490.jpg
4,026491.jpg
6,026492.jpg
6,026493.jpg
4,026494.jpg
6,026495.jpg
2,026496.jpg
3,026497.jpg
4,026498.jpg
1,026499.jpg
5,026500.jpg
4,026501.jpg
3,026502.jpg
3,026503.jpg
4,026504.jpg
6,026505.jpg
3,026506.jpg
3,026507.jpg
4,026508.jpg
6,026509.jpg
4,026510.jpg
3,026511.jpg
5,026512.jpg
6,026513.jpg
6,026514.jpg
2,026515.jpg
2,026516.jpg
3,026517.jpg
6,026518.jpg
0,026519.jpg
2,026520.jpg
4,026521.jpg
6,026522.jpg
6,026523.jpg
6,026524.jpg
3,026525.jpg
2,026526.jpg
2,026527.jpg
3,026528.jpg
4,026529.jpg
0,026530.jpg
5,026531.jpg
3,026532.jpg
2,026533.jpg
0,026534.jpg
3,026535.jpg
6,026536.jpg
2,026537.jpg
4,026538.jpg
6,026539.jpg
3,026540.jpg
2,026541.jpg
5,026542.jpg
4,026543.jpg
1,026544.jpg
6,026545.jpg
4,026546.jpg
2,026547.jpg
6,026548.jpg
0,026549.jpg
4,026550.jpg
5,026551.jpg
3,026552.jpg
4,026553.jpg
3,026554.jpg
0,026555.jpg
5,026556.jpg
5,026557.jpg
4,026558.jpg
3,026559.jpg
4,026560.jpg
6,026561.jpg
4,026562.jpg
3,026563.jpg
3,026564.jpg
5,026565.jpg
4,026566.jpg
3,026567.jpg
3,026568.jpg
2,026569.jpg
6,026570.jpg
0,026571.jpg
0,026572.jpg
4,026573.jpg
0,026574.jpg
5,026575.jpg
0,026576.jpg
0,026577.jpg
3,026578.jpg
3,026579.jpg
4,026580.jpg
4,026581.jpg
2,026582.jpg
4,026583.jpg
6,026584.jpg
0,026585.jpg
4,026586.jpg
6,026587.jpg
5,026588.jpg
5,026589.jpg
6,026590.jpg
3,026591.jpg
4,026592.jpg
3,026593.jpg
5,026594.jpg
0,026595.jpg
6,026596.jpg
0,026597.jpg
3,026598.jpg
0,026599.jpg
4,026600.jpg
3,026601.jpg
0,026602.jpg
2,026603.jpg
3,026604.jpg
0,026605.jpg
0,026606.jpg
0,026607.jpg
3,026608.jpg
3,026609.jpg
2,026610.jpg
3,026611.jpg
4,026612.jpg
4,026613.jpg
6,026614.jpg
4,026615.jpg
3,026616.jpg
0,026617.jpg
0,026618.jpg
4,026619.jpg
0,026620.jpg
3,026621.jpg
3,026622.jpg
3,026623.jpg
3,026624.jpg
0,026625.jpg
5,026626.jpg
2,026627.jpg
2,026628.jpg
6,026629.jpg
6,026630.jpg
5,026631.jpg
4,026632.jpg
4,026633.jpg
4,026634.jpg
6,026635.jpg
0,026636.jpg
5,026637.jpg
3,026638.jpg
6,026639.jpg
5,026640.jpg
4,026641.jpg
4,026642.jpg
6,026643.jpg
3,026644.jpg
6,026645.jpg
4,026646.jpg
6,026647.jpg
3,026648.jpg
4,026649.jpg
3,026650.jpg
2,026651.jpg
6,026652.jpg
4,026653.jpg
6,026654.jpg
0,026655.jpg
5,026656.jpg
0,026657.jpg
4,026658.jpg
3,026659.jpg
3,026660.jpg
5,026661.jpg
2,026662.jpg
6,026663.jpg
0,026664.jpg
3,026665.jpg
3,026666.jpg
3,026667.jpg
3,026668.jpg
0,026669.jpg
4,026670.jpg
3,026671.jpg
3,026672.jpg
4,026673.jpg
5,026674.jpg
4,026675.jpg
3,026676.jpg
3,026677.jpg
5,026678.jpg
2,026679.jpg
6,026680.jpg
0,026681.jpg
6,026682.jpg
4,026683.jpg
2,026684.jpg
6,026685.jpg
0,026686.jpg
3,026687.jpg
0,026688.jpg
5,026689.jpg
3,026690.jpg
6,026691.jpg
3,026692.jpg
2,026693.jpg
3,026694.jpg
5,026695.jpg
3,026696.jpg
3,026697.jpg
2,026698.jpg
0,026699.jpg
0,026700.jpg
0,026701.jpg
4,026702.jpg
3,026703.jpg
6,026704.jpg
5,026705.jpg
6,026706.jpg
3,026707.jpg
5,026708.jpg
3,026709.jpg
0,026710.jpg
0,026711.jpg
0,026712.jpg
6,026713.jpg
0,026714.jpg
6,026715.jpg
4,026716.jpg
2,026717.jpg
2,026718.jpg
0,026719.jpg
3,026720.jpg
0,026721.jpg
6,026722.jpg
0,026723.jpg
3,026724.jpg
0,026725.jpg
2,026726.jpg
2,026727.jpg
3,026728.jpg
0,026729.jpg
5,026730.jpg
3,026731.jpg
2,026732.jpg
0,026733.jpg
3,026734.jpg
5,026735.jpg
3,026736.jpg
3,026737.jpg
6,026738.jpg
0,026739.jpg
2,026740.jpg
2,026741.jpg
3,026742.jpg
3,026743.jpg
2,026744.jpg
0,026745.jpg
3,026746.jpg
4,026747.jpg
3,026748.jpg
3,026749.jpg
3,026750.jpg
0,026751.jpg
3,026752.jpg
4,026753.jpg
6,026754.jpg
0,026755.jpg
6,026756.jpg
2,026757.jpg
6,026758.jpg
2,026759.jpg
5,026760.jpg
3,026761.jpg
4,026762.jpg
2,026763.jpg
0,026764.jpg
3,026765.jpg
3,026766.jpg
6,026767.jpg
0,026768.jpg
4,026769.jpg
2,026770.jpg
6,026771.jpg
4,026772.jpg
0,026773.jpg
6,026774.jpg
3,026775.jpg
2,026776.jpg
4,026777.jpg
4,026778.jpg
5,026779.jpg
6,026780.jpg
3,026781.jpg
3,026782.jpg
0,026783.jpg
5,026784.jpg
3,026785.jpg
4,026786.jpg
5,026787.jpg
2,026788.jpg
0,026789.jpg
6,026790.jpg
4,026791.jpg
6,026792.jpg
5,026793.jpg
4,026794.jpg
1,026795.jpg
0,026796.jpg
3,026797.jpg
6,026798.jpg
6,026799.jpg
5,026800.jpg
3,026801.jpg
5,026802.jpg
3,026803.jpg
0,026804.jpg
2,026805.jpg
4,026806.jpg
2,026807.jpg
6,026808.jpg
6,026809.jpg
4,026810.jpg
4,026811.jpg
2,026812.jpg
3,026813.jpg
6,026814.jpg
3,026815.jpg
6,026816.jpg
3,026817.jpg
3,026818.jpg
3,026819.jpg
5,026820.jpg
6,026821.jpg
1,026822.jpg
6,026823.jpg
5,026824.jpg
5,026825.jpg
3,026826.jpg
3,026827.jpg
3,026828.jpg
4,026829.jpg
3,026830.jpg
3,026831.jpg
3,026832.jpg
6,026833.jpg
4,026834.jpg
4,026835.jpg
3,026836.jpg
4,026837.jpg
5,026838.jpg
6,026839.jpg
3,026840.jpg
3,026841.jpg
2,026842.jpg
5,026843.jpg
5,026844.jpg
0,026845.jpg
0,026846.jpg
3,026847.jpg
2,026848.jpg
3,026849.jpg
3,026850.jpg
6,026851.jpg
2,026852.jpg
3,026853.jpg
0,026854.jpg
3,026855.jpg
3,026856.jpg
1,026857.jpg
0,026858.jpg
1,026859.jpg
0,026860.jpg
0,026861.jpg
6,026862.jpg
2,026863.jpg
1,026864.jpg
3,026865.jpg
5,026866.jpg
3,026867.jpg
0,026868.jpg
4,026869.jpg
3,026870.jpg
3,026871.jpg
3,026872.jpg
3,026873.jpg
5,026874.jpg
5,026875.jpg
2,026876.jpg
3,026877.jpg
3,026878.jpg
1,026879.jpg
5,026880.jpg
0,026881.jpg
6,026882.jpg
6,026883.jpg
6,026884.jpg
6,026885.jpg
0,026886.jpg
6,026887.jpg
3,026888.jpg
2,026889.jpg
4,026890.jpg
3,026891.jpg
6,026892.jpg
3,026893.jpg
0,026894.jpg
2,026895.jpg
3,026896.jpg
6,026897.jpg
3,026898.jpg
0,026899.jpg
0,026900.jpg
6,026901.jpg
0,026902.jpg
4,026903.jpg
0,026904.jpg
6,026905.jpg
3,026906.jpg
5,026907.jpg
4,026908.jpg
3,026909.jpg
5,026910.jpg
2,026911.jpg
6,026912.jpg
3,026913.jpg
5,026914.jpg
2,026915.jpg
2,026916.jpg
3,026917.jpg
4,026918.jpg
0,026919.jpg
4,026920.jpg
5,026921.jpg
3,026922.jpg
2,026923.jpg
6,026924.jpg
4,026925.jpg
6,026926.jpg
2,026927.jpg
0,026928.jpg
5,026929.jpg
3,026930.jpg
2,026931.jpg
2,026932.jpg
0,026933.jpg
4,026934.jpg
3,026935.jpg
5,026936.jpg
4,026937.jpg
6,026938.jpg
2,026939.jpg
4,026940.jpg
1,026941.jpg
3,026942.jpg
3,026943.jpg
5,026944.jpg
3,026945.jpg
2,026946.jpg
5,026947.jpg
0,026948.jpg
6,026949.jpg
3,026950.jpg
3,026951.jpg
3,026952.jpg
3,026953.jpg
2,026954.jpg
3,026955.jpg
0,026956.jpg
0,026957.jpg
0,026958.jpg
4,026959.jpg
3,026960.jpg
6,026961.jpg
0,026962.jpg
3,026963.jpg
0,026964.jpg
4,026965.jpg
3,026966.jpg
3,026967.jpg
5,026968.jpg
2,026969.jpg
4,026970.jpg
6,026971.jpg
4,026972.jpg
2,026973.jpg
0,026974.jpg
4,026975.jpg
3,026976.jpg
3,026977.jpg
3,026978.jpg
0,026979.jpg
2,026980.jpg
3,026981.jpg
4,026982.jpg
3,026983.jpg
1,026984.jpg
3,026985.jpg
6,026986.jpg
3,026987.jpg
0,026988.jpg
6,026989.jpg
3,026990.jpg
4,026991.jpg
4,026992.jpg
3,026993.jpg
3,026994.jpg
4,026995.jpg
6,026996.jpg
6,026997.jpg
4,026998.jpg
5,026999.jpg
3,027000.jpg
2,027001.jpg
5,027002.jpg
4,027003.jpg
0,027004.jpg
4,027005.jpg
2,027006.jpg
6,027007.jpg
0,027008.jpg
4,027009.jpg
0,027010.jpg
3,027011.jpg
3,027012.jpg
0,027013.jpg
3,027014.jpg
3,027015.jpg
0,027016.jpg
3,027017.jpg
0,027018.jpg
2,027019.jpg
0,027020.jpg
6,027021.jpg
0,027022.jpg
0,027023.jpg
4,027024.jpg
5,027025.jpg
6,027026.jpg
4,027027.jpg
5,027028.jpg
6,027029.jpg
4,027030.jpg
3,027031.jpg
4,027032.jpg
3,027033.jpg
5,027034.jpg
4,027035.jpg
3,027036.jpg
3,027037.jpg
3,027038.jpg
5,027039.jpg
3,027040.jpg
3,027041.jpg
3,027042.jpg
3,027043.jpg
4,027044.jpg
3,027045.jpg
2,027046.jpg
3,027047.jpg
3,027048.jpg
3,027049.jpg
2,027050.jpg
3,027051.jpg
4,027052.jpg
6,027053.jpg
0,027054.jpg
3,027055.jpg
4,027056.jpg
3,027057.jpg
3,027058.jpg
0,027059.jpg
3,027060.jpg
4,027061.jpg
3,027062.jpg
4,027063.jpg
3,027064.jpg
6,027065.jpg
2,027066.jpg
6,027067.jpg
3,027068.jpg
2,027069.jpg
5,027070.jpg
5,027071.jpg
6,027072.jpg
3,027073.jpg
6,027074.jpg
6,027075.jpg
3,027076.jpg
2,027077.jpg
3,027078.jpg
4,027079.jpg
6,027080.jpg
5,027081.jpg
3,027082.jpg
3,027083.jpg
3,027084.jpg
4,027085.jpg
3,027086.jpg
2,027087.jpg
4,027088.jpg
4,027089.jpg
0,027090.jpg
0,027091.jpg
3,027092.jpg
3,027093.jpg
2,027094.jpg
6,027095.jpg
0,027096.jpg
3,027097.jpg
2,027098.jpg
6,027099.jpg
6,027100.jpg
2,027101.jpg
3,027102.jpg
2,027103.jpg
3,027104.jpg
3,027105.jpg
3,027106.jpg
6,027107.jpg
4,027108.jpg
0,027109.jpg
3,027110.jpg
4,027111.jpg
6,027112.jpg
0,027113.jpg
0,027114.jpg
6,027115.jpg
3,027116.jpg
4,027117.jpg
4,027118.jpg
2,027119.jpg
6,027120.jpg
4,027121.jpg
5,027122.jpg
5,027123.jpg
4,027124.jpg
5,027125.jpg
6,027126.jpg
6,027127.jpg
3,027128.jpg
0,027129.jpg
0,027130.jpg
5,027131.jpg
0,027132.jpg
3,027133.jpg
4,027134.jpg
4,027135.jpg
3,027136.jpg
0,027137.jpg
5,027138.jpg
0,027139.jpg
3,027140.jpg
3,027141.jpg
3,027142.jpg
3,027143.jpg
2,027144.jpg
2,027145.jpg
3,027146.jpg
5,027147.jpg
3,027148.jpg
0,027149.jpg
0,027150.jpg
0,027151.jpg
3,027152.jpg
6,027153.jpg
5,027154.jpg
3,027155.jpg
6,027156.jpg
0,027157.jpg
6,027158.jpg
6,027159.jpg
3,027160.jpg
3,027161.jpg
3,027162.jpg
6,027163.jpg
5,027164.jpg
5,027165.jpg
3,027166.jpg
3,027167.jpg
4,027168.jpg
6,027169.jpg
6,027170.jpg
3,027171.jpg
3,027172.jpg
0,027173.jpg
5,027174.jpg
3,027175.jpg
0,027176.jpg
0,027177.jpg
3,027178.jpg
3,027179.jpg
3,027180.jpg
2,027181.jpg
3,027182.jpg
2,027183.jpg
3,027184.jpg
4,027185.jpg
3,027186.jpg
3,027187.jpg
5,027188.jpg
2,027189.jpg
6,027190.jpg
2,027191.jpg
0,027192.jpg
5,027193.jpg
0,027194.jpg
2,027195.jpg
3,027196.jpg
3,027197.jpg
4,027198.jpg
3,027199.jpg
0,027200.jpg
1,027201.jpg
5,027202.jpg
3,027203.jpg
3,027204.jpg
2,027205.jpg
5,027206.jpg
2,027207.jpg
6,027208.jpg
6,027209.jpg
4,027210.jpg
5,027211.jpg
3,027212.jpg
4,027213.jpg
6,027214.jpg
4,027215.jpg
2,027216.jpg
3,027217.jpg
6,027218.jpg
6,027219.jpg
4,027220.jpg
6,027221.jpg
4,027222.jpg
6,027223.jpg
2,027224.jpg
0,027225.jpg
3,027226.jpg
3,027227.jpg
3,027228.jpg
6,027229.jpg
3,027230.jpg
4,027231.jpg
6,027232.jpg
4,027233.jpg
0,027234.jpg
6,027235.jpg
4,027236.jpg
6,027237.jpg
0,027238.jpg
6,027239.jpg
5,027240.jpg
3,027241.jpg
3,027242.jpg
5,027243.jpg
1,027244.jpg
0,027245.jpg
3,027246.jpg
3,027247.jpg
4,027248.jpg
2,027249.jpg
0,027250.jpg
2,027251.jpg
2,027252.jpg
4,027253.jpg
3,027254.jpg
4,027255.jpg
3,027256.jpg
5,027257.jpg
4,027258.jpg
3,027259.jpg
3,027260.jpg
4,027261.jpg
6,027262.jpg
4,027263.jpg
5,027264.jpg
3,027265.jpg
5,027266.jpg
2,027267.jpg
3,027268.jpg
2,027269.jpg
5,027270.jpg
3,027271.jpg
0,027272.jpg
5,027273.jpg
2,027274.jpg
4,027275.jpg
3,027276.jpg
3,027277.jpg
2,027278.jpg
0,027279.jpg
2,027280.jpg
0,027281.jpg
6,027282.jpg
3,027283.jpg
0,027284.jpg
6,027285.jpg
5,027286.jpg
0,027287.jpg
0,027288.jpg
5,027289.jpg
5,027290.jpg
6,027291.jpg
4,027292.jpg
2,027293.jpg
3,027294.jpg
0,027295.jpg
0,027296.jpg
0,027297.jpg
4,027298.jpg
6,027299.jpg
2,027300.jpg
3,027301.jpg
0,027302.jpg
4,027303.jpg
0,027304.jpg
4,027305.jpg
6,027306.jpg
4,027307.jpg
2,027308.jpg
0,027309.jpg
2,027310.jpg
3,027311.jpg
5,027312.jpg
3,027313.jpg
6,027314.jpg
0,027315.jpg
2,027316.jpg
4,027317.jpg
5,027318.jpg
4,027319.jpg
3,027320.jpg
5,027321.jpg
3,027322.jpg
0,027323.jpg
4,027324.jpg
5,027325.jpg
3,027326.jpg
0,027327.jpg
5,027328.jpg
6,027329.jpg
6,027330.jpg
6,027331.jpg
3,027332.jpg
3,027333.jpg
3,027334.jpg
2,027335.jpg
6,027336.jpg
2,027337.jpg
6,027338.jpg
0,027339.jpg
0,027340.jpg
6,027341.jpg
3,027342.jpg
4,027343.jpg
2,027344.jpg
4,027345.jpg
0,027346.jpg
3,027347.jpg
6,027348.jpg
3,027349.jpg
4,027350.jpg
0,027351.jpg
4,027352.jpg
6,027353.jpg
3,027354.jpg
3,027355.jpg
5,027356.jpg
4,027357.jpg
2,027358.jpg
2,027359.jpg
2,027360.jpg
4,027361.jpg
4,027362.jpg
2,027363.jpg
4,027364.jpg
3,027365.jpg
3,027366.jpg
3,027367.jpg
3,027368.jpg
2,027369.jpg
5,027370.jpg
3,027371.jpg
0,027372.jpg
4,027373.jpg
2,027374.jpg
3,027375.jpg
0,027376.jpg
4,027377.jpg
3,027378.jpg
3,027379.jpg
3,027380.jpg
6,027381.jpg
6,027382.jpg
2,027383.jpg
3,027384.jpg
0,027385.jpg
4,027386.jpg
0,027387.jpg
3,027388.jpg
4,027389.jpg
0,027390.jpg
0,027391.jpg
4,027392.jpg
6,027393.jpg
3,027394.jpg
6,027395.jpg
5,027396.jpg
0,027397.jpg
2,027398.jpg
4,027399.jpg
4,027400.jpg
4,027401.jpg
3,027402.jpg
4,027403.jpg
3,027404.jpg
6,027405.jpg
6,027406.jpg
3,027407.jpg
2,027408.jpg
0,027409.jpg
4,027410.jpg
4,027411.jpg
6,027412.jpg
0,027413.jpg
6,027414.jpg
2,027415.jpg
2,027416.jpg
3,027417.jpg
6,027418.jpg
0,027419.jpg
4,027420.jpg
2,027421.jpg
3,027422.jpg
2,027423.jpg
0,027424.jpg
6,027425.jpg
3,027426.jpg
3,027427.jpg
6,027428.jpg
4,027429.jpg
2,027430.jpg
3,027431.jpg
4,027432.jpg
4,027433.jpg
5,027434.jpg
2,027435.jpg
3,027436.jpg
4,027437.jpg
6,027438.jpg
0,027439.jpg
2,027440.jpg
6,027441.jpg
6,027442.jpg
3,027443.jpg
0,027444.jpg
3,027445.jpg
3,027446.jpg
2,027447.jpg
0,027448.jpg
4,027449.jpg
4,027450.jpg
5,027451.jpg
3,027452.jpg
6,027453.jpg
3,027454.jpg
6,027455.jpg
6,027456.jpg
6,027457.jpg
2,027458.jpg
4,027459.jpg
3,027460.jpg
4,027461.jpg
0,027462.jpg
3,027463.jpg
0,027464.jpg
6,027465.jpg
2,027466.jpg
4,027467.jpg
4,027468.jpg
4,027469.jpg
0,027470.jpg
4,027471.jpg
6,027472.jpg
4,027473.jpg
3,027474.jpg
4,027475.jpg
6,027476.jpg
6,027477.jpg
6,027478.jpg
6,027479.jpg
3,027480.jpg
0,027481.jpg
0,027482.jpg
0,027483.jpg
4,027484.jpg
5,027485.jpg
0,027486.jpg
3,027487.jpg
2,027488.jpg
2,027489.jpg
5,027490.jpg
0,027491.jpg
5,027492.jpg
6,027493.jpg
3,027494.jpg
4,027495.jpg
3,027496.jpg
3,027497.jpg
3,027498.jpg
3,027499.jpg
3,027500.jpg
3,027501.jpg
3,027502.jpg
2,027503.jpg
3,027504.jpg
6,027505.jpg
4,027506.jpg
4,027507.jpg
3,027508.jpg
2,027509.jpg
0,027510.jpg
0,027511.jpg
0,027512.jpg
4,027513.jpg
4,027514.jpg
2,027515.jpg
0,027516.jpg
3,027517.jpg
4,027518.jpg
3,027519.jpg
0,027520.jpg
3,027521.jpg
4,027522.jpg
4,027523.jpg
6,027524.jpg
6,027525.jpg
3,027526.jpg
3,027527.jpg
3,027528.jpg
6,027529.jpg
2,027530.jpg
5,027531.jpg
6,027532.jpg
6,027533.jpg
4,027534.jpg
5,027535.jpg
0,027536.jpg
0,027537.jpg
0,027538.jpg
3,027539.jpg
4,027540.jpg
2,027541.jpg
6,027542.jpg
3,027543.jpg
0,027544.jpg
0,027545.jpg
6,027546.jpg
4,027547.jpg
3,027548.jpg
6,027549.jpg
3,027550.jpg
6,027551.jpg
3,027552.jpg
5,027553.jpg
3,027554.jpg
4,027555.jpg
2,027556.jpg
2,027557.jpg
6,027558.jpg
5,027559.jpg
6,027560.jpg
4,027561.jpg
4,027562.jpg
3,027563.jpg
3,027564.jpg
2,027565.jpg
5,027566.jpg
6,027567.jpg
6,027568.jpg
2,027569.jpg
4,027570.jpg
0,027571.jpg
2,027572.jpg
4,027573.jpg
4,027574.jpg
3,027575.jpg
4,027576.jpg
5,027577.jpg
3,027578.jpg
3,027579.jpg
4,027580.jpg
2,027581.jpg
5,027582.jpg
2,027583.jpg
3,027584.jpg
4,027585.jpg
5,027586.jpg
3,027587.jpg
4,027588.jpg
3,027589.jpg
0,027590.jpg
2,027591.jpg
5,027592.jpg
5,027593.jpg
6,027594.jpg
6,027595.jpg
4,027596.jpg
6,027597.jpg
5,027598.jpg
3,027599.jpg
6,027600.jpg
3,027601.jpg
5,027602.jpg
3,027603.jpg
2,027604.jpg
3,027605.jpg
3,027606.jpg
4,027607.jpg
4,027608.jpg
0,027609.jpg
3,027610.jpg
3,027611.jpg
0,027612.jpg
4,027613.jpg
6,027614.jpg
3,027615.jpg
3,027616.jpg
0,027617.jpg
3,027618.jpg
3,027619.jpg
0,027620.jpg
4,027621.jpg
5,027622.jpg
0,027623.jpg
6,027624.jpg
3,027625.jpg
5,027626.jpg
6,027627.jpg
4,027628.jpg
4,027629.jpg
4,027630.jpg
5,027631.jpg
6,027632.jpg
4,027633.jpg
3,027634.jpg
2,027635.jpg
3,027636.jpg
3,027637.jpg
3,027638.jpg
2,027639.jpg
3,027640.jpg
0,027641.jpg
6,027642.jpg
3,027643.jpg
0,027644.jpg
3,027645.jpg
6,027646.jpg
3,027647.jpg
3,027648.jpg
5,027649.jpg
6,027650.jpg
5,027651.jpg
0,027652.jpg
0,027653.jpg
2,027654.jpg
2,027655.jpg
5,027656.jpg
2,027657.jpg
6,027658.jpg
5,027659.jpg
2,027660.jpg
3,027661.jpg
3,027662.jpg
3,027663.jpg
5,027664.jpg
4,027665.jpg
5,027666.jpg
6,027667.jpg
0,027668.jpg
3,027669.jpg
4,027670.jpg
3,027671.jpg
3,027672.jpg
0,027673.jpg
0,027674.jpg
3,027675.jpg
3,027676.jpg
6,027677.jpg
6,027678.jpg
2,027679.jpg
3,027680.jpg
4,027681.jpg
6,027682.jpg
6,027683.jpg
4,027684.jpg
2,027685.jpg
6,027686.jpg
0,027687.jpg
2,027688.jpg
6,027689.jpg
2,027690.jpg
0,027691.jpg
6,027692.jpg
3,027693.jpg
4,027694.jpg
3,027695.jpg
5,027696.jpg
6,027697.jpg
0,027698.jpg
4,027699.jpg
4,027700.jpg
3,027701.jpg
5,027702.jpg
5,027703.jpg
0,027704.jpg
3,027705.jpg
6,027706.jpg
6,027707.jpg
3,027708.jpg
2,027709.jpg
0,027710.jpg
4,027711.jpg
2,027712.jpg
2,027713.jpg
4,027714.jpg
0,027715.jpg
4,027716.jpg
4,027717.jpg
3,027718.jpg
4,027719.jpg
5,027720.jpg
0,027721.jpg
3,027722.jpg
4,027723.jpg
2,027724.jpg
4,027725.jpg
0,027726.jpg
4,027727.jpg
0,027728.jpg
0,027729.jpg
4,027730.jpg
3,027731.jpg
0,027732.jpg
4,027733.jpg
2,027734.jpg
5,027735.jpg
6,027736.jpg
5,027737.jpg
4,027738.jpg
3,027739.jpg
0,027740.jpg
3,027741.jpg
6,027742.jpg
3,027743.jpg
0,027744.jpg
6,027745.jpg
2,027746.jpg
2,027747.jpg
6,027748.jpg
4,027749.jpg
0,027750.jpg
3,027751.jpg
6,027752.jpg
3,027753.jpg
2,027754.jpg
3,027755.jpg
5,027756.jpg
3,027757.jpg
4,027758.jpg
4,027759.jpg
3,027760.jpg
3,027761.jpg
4,027762.jpg
5,027763.jpg
2,027764.jpg
1,027765.jpg
3,027766.jpg
6,027767.jpg
4,027768.jpg
2,027769.jpg
0,027770.jpg
1,027771.jpg
2,027772.jpg
2,027773.jpg
5,027774.jpg
0,027775.jpg
4,027776.jpg
0,027777.jpg
0,027778.jpg
3,027779.jpg
5,027780.jpg
3,027781.jpg
5,027782.jpg
3,027783.jpg
4,027784.jpg
4,027785.jpg
4,027786.jpg
6,027787.jpg
4,027788.jpg
3,027789.jpg
4,027790.jpg
5,027791.jpg
3,027792.jpg
6,027793.jpg
4,027794.jpg
4,027795.jpg
5,027796.jpg
3,027797.jpg
0,027798.jpg
4,027799.jpg
4,027800.jpg
3,027801.jpg
6,027802.jpg
5,027803.jpg
0,027804.jpg
3,027805.jpg
2,027806.jpg
3,027807.jpg
3,027808.jpg
0,027809.jpg
4,027810.jpg
5,027811.jpg
5,027812.jpg
3,027813.jpg
6,027814.jpg
4,027815.jpg
4,027816.jpg
2,027817.jpg
5,027818.jpg
2,027819.jpg
5,027820.jpg
3,027821.jpg
4,027822.jpg
3,027823.jpg
3,027824.jpg
3,027825.jpg
6,027826.jpg
6,027827.jpg
0,027828.jpg
3,027829.jpg
5,027830.jpg
3,027831.jpg
3,027832.jpg
4,027833.jpg
6,027834.jpg
6,027835.jpg
4,027836.jpg
6,027837.jpg
0,027838.jpg
3,027839.jpg
2,027840.jpg
4,027841.jpg
0,027842.jpg
5,027843.jpg
3,027844.jpg
3,027845.jpg
2,027846.jpg
0,027847.jpg
4,027848.jpg
4,027849.jpg
2,027850.jpg
3,027851.jpg
5,027852.jpg
5,027853.jpg
3,027854.jpg
2,027855.jpg
3,027856.jpg
4,027857.jpg
3,027858.jpg
5,027859.jpg
6,027860.jpg
5,027861.jpg
4,027862.jpg
0,027863.jpg
6,027864.jpg
3,027865.jpg
0,027866.jpg
6,027867.jpg
2,027868.jpg
3,027869.jpg
0,027870.jpg
2,027871.jpg
0,027872.jpg
4,027873.jpg
2,027874.jpg
0,027875.jpg
3,027876.jpg
5,027877.jpg
3,027878.jpg
5,027879.jpg
0,027880.jpg
1,027881.jpg
6,027882.jpg
0,027883.jpg
5,027884.jpg
6,027885.jpg
0,027886.jpg
4,027887.jpg
5,027888.jpg
2,027889.jpg
5,027890.jpg
4,027891.jpg
3,027892.jpg
6,027893.jpg
1,027894.jpg
6,027895.jpg
2,027896.jpg
0,027897.jpg
5,027898.jpg
2,027899.jpg
0,027900.jpg
0,027901.jpg
5,027902.jpg
3,027903.jpg
0,027904.jpg
4,027905.jpg
5,027906.jpg
5,027907.jpg
5,027908.jpg
0,027909.jpg
2,027910.jpg
6,027911.jpg
4,027912.jpg
4,027913.jpg
4,027914.jpg
3,027915.jpg
5,027916.jpg
5,027917.jpg
5,027918.jpg
5,027919.jpg
3,027920.jpg
6,027921.jpg
4,027922.jpg
5,027923.jpg
0,027924.jpg
1,027925.jpg
5,027926.jpg
5,027927.jpg
3,027928.jpg
3,027929.jpg
0,027930.jpg
3,027931.jpg
3,027932.jpg
5,027933.jpg
2,027934.jpg
2,027935.jpg
5,027936.jpg
2,027937.jpg
3,027938.jpg
5,027939.jpg
3,027940.jpg
2,027941.jpg
6,027942.jpg
4,027943.jpg
3,027944.jpg
3,027945.jpg
5,027946.jpg
6,027947.jpg
4,027948.jpg
3,027949.jpg
0,027950.jpg
4,027951.jpg
3,027952.jpg
3,027953.jpg
5,027954.jpg
3,027955.jpg
4,027956.jpg
6,027957.jpg
6,027958.jpg
3,027959.jpg
2,027960.jpg
0,027961.jpg
0,027962.jpg
6,027963.jpg
6,027964.jpg
5,027965.jpg
3,027966.jpg
0,027967.jpg
2,027968.jpg
3,027969.jpg
5,027970.jpg
0,027971.jpg
6,027972.jpg
5,027973.jpg
4,027974.jpg
6,027975.jpg
4,027976.jpg
3,027977.jpg
3,027978.jpg
5,027979.jpg
6,027980.jpg
5,027981.jpg
0,027982.jpg
6,027983.jpg
2,027984.jpg
6,027985.jpg
4,027986.jpg
2,027987.jpg
3,027988.jpg
5,027989.jpg
6,027990.jpg
0,027991.jpg
3,027992.jpg
4,027993.jpg
6,027994.jpg
6,027995.jpg
5,027996.jpg
3,027997.jpg
6,027998.jpg
0,027999.jpg
6,028000.jpg
2,028001.jpg
6,028002.jpg
2,028003.jpg
0,028004.jpg
6,028005.jpg
6,028006.jpg
6,028007.jpg
3,028008.jpg
3,028009.jpg
5,028010.jpg
2,028011.jpg
2,028012.jpg
6,028013.jpg
6,028014.jpg
0,028015.jpg
5,028016.jpg
3,028017.jpg
4,028018.jpg
2,028019.jpg
3,028020.jpg
4,028021.jpg
2,028022.jpg
5,028023.jpg
2,028024.jpg
6,028025.jpg
0,028026.jpg
6,028027.jpg
6,028028.jpg
1,028029.jpg
0,028030.jpg
4,028031.jpg
5,028032.jpg
3,028033.jpg
3,028034.jpg
5,028035.jpg
2,028036.jpg
2,028037.jpg
2,028038.jpg
3,028039.jpg
3,028040.jpg
3,028041.jpg
5,028042.jpg
4,028043.jpg
3,028044.jpg
6,028045.jpg
3,028046.jpg
5,028047.jpg
3,028048.jpg
0,028049.jpg
2,028050.jpg
5,028051.jpg
2,028052.jpg
4,028053.jpg
3,028054.jpg
6,028055.jpg
6,028056.jpg
5,028057.jpg
0,028058.jpg
2,028059.jpg
4,028060.jpg
3,028061.jpg
0,028062.jpg
5,028063.jpg
5,028064.jpg
5,028065.jpg
6,028066.jpg
6,028067.jpg
5,028068.jpg
3,028069.jpg
2,028070.jpg
3,028071.jpg
6,028072.jpg
4,028073.jpg
4,028074.jpg
6,028075.jpg
5,028076.jpg
6,028077.jpg
3,028078.jpg
5,028079.jpg
6,028080.jpg
6,028081.jpg
5,028082.jpg
0,028083.jpg
6,028084.jpg
3,028085.jpg
4,028086.jpg
3,028087.jpg
4,028088.jpg
0,028089.jpg
3,028090.jpg
4,028091.jpg
0,028092.jpg
6,028093.jpg
6,028094.jpg
2,028095.jpg
3,028096.jpg
2,028097.jpg
2,028098.jpg
4,028099.jpg
4,028100.jpg
2,028101.jpg
3,028102.jpg
3,028103.jpg
4,028104.jpg
3,028105.jpg
2,028106.jpg
6,028107.jpg
3,028108.jpg
6,028109.jpg
2,028110.jpg
0,028111.jpg
2,028112.jpg
2,028113.jpg
3,028114.jpg
3,028115.jpg
2,028116.jpg
3,028117.jpg
4,028118.jpg
4,028119.jpg
0,028120.jpg
4,028121.jpg
6,028122.jpg
0,028123.jpg
6,028124.jpg
2,028125.jpg
4,028126.jpg
6,028127.jpg
0,028128.jpg
4,028129.jpg
5,028130.jpg
3,028131.jpg
3,028132.jpg
4,028133.jpg
0,028134.jpg
3,028135.jpg
0,028136.jpg
4,028137.jpg
3,028138.jpg
3,028139.jpg
3,028140.jpg
5,028141.jpg
4,028142.jpg
4,028143.jpg
0,028144.jpg
0,028145.jpg
0,028146.jpg
0,028147.jpg
0,028148.jpg
0,028149.jpg
6,028150.jpg
2,028151.jpg
0,028152.jpg
6,028153.jpg
3,028154.jpg
5,028155.jpg
6,028156.jpg
4,028157.jpg
6,028158.jpg
4,028159.jpg
3,028160.jpg
6,028161.jpg
0,028162.jpg
4,028163.jpg
3,028164.jpg
6,028165.jpg
2,028166.jpg
5,028167.jpg
4,028168.jpg
4,028169.jpg
3,028170.jpg
4,028171.jpg
5,028172.jpg
6,028173.jpg
3,028174.jpg
6,028175.jpg
3,028176.jpg
2,028177.jpg
2,028178.jpg
4,028179.jpg
2,028180.jpg
1,028181.jpg
5,028182.jpg
2,028183.jpg
5,028184.jpg
2,028185.jpg
6,028186.jpg
6,028187.jpg
6,028188.jpg
2,028189.jpg
4,028190.jpg
3,028191.jpg
4,028192.jpg
0,028193.jpg
3,028194.jpg
6,028195.jpg
5,028196.jpg
0,028197.jpg
0,028198.jpg
6,028199.jpg
3,028200.jpg
5,028201.jpg
6,028202.jpg
1,028203.jpg
2,028204.jpg
4,028205.jpg
4,028206.jpg
0,028207.jpg
5,028208.jpg
6,028209.jpg
2,028210.jpg
4,028211.jpg
4,028212.jpg
6,028213.jpg
3,028214.jpg
6,028215.jpg
6,028216.jpg
6,028217.jpg
3,028218.jpg
5,028219.jpg
3,028220.jpg
0,028221.jpg
3,028222.jpg
4,028223.jpg
3,028224.jpg
0,028225.jpg
0,028226.jpg
5,028227.jpg
6,028228.jpg
5,028229.jpg
4,028230.jpg
6,028231.jpg
1,028232.jpg
2,028233.jpg
6,028234.jpg
6,028235.jpg
5,028236.jpg
5,028237.jpg
4,028238.jpg
3,028239.jpg
6,028240.jpg
4,028241.jpg
3,028242.jpg
2,028243.jpg
2,028244.jpg
2,028245.jpg
6,028246.jpg
2,028247.jpg
0,028248.jpg
3,028249.jpg
5,028250.jpg
6,028251.jpg
4,028252.jpg
4,028253.jpg
6,028254.jpg
3,028255.jpg
3,028256.jpg
3,028257.jpg
3,028258.jpg
2,028259.jpg
1,028260.jpg
6,028261.jpg
3,028262.jpg
0,028263.jpg
3,028264.jpg
2,028265.jpg
4,028266.jpg
2,028267.jpg
5,028268.jpg
6,028269.jpg
3,028270.jpg
6,028271.jpg
4,028272.jpg
3,028273.jpg
3,028274.jpg
6,028275.jpg
3,028276.jpg
6,028277.jpg
6,028278.jpg
0,028279.jpg
5,028280.jpg
2,028281.jpg
3,028282.jpg
5,028283.jpg
5,028284.jpg
0,028285.jpg
3,028286.jpg
5,028287.jpg
0,028288.jpg
0,028289.jpg
3,028290.jpg
4,028291.jpg
0,028292.jpg
6,028293.jpg
4,028294.jpg
4,028295.jpg
4,028296.jpg
6,028297.jpg
6,028298.jpg
4,028299.jpg
0,028300.jpg
6,028301.jpg
4,028302.jpg
6,028303.jpg
6,028304.jpg
0,028305.jpg
5,028306.jpg
3,028307.jpg
2,028308.jpg
3,028309.jpg
3,028310.jpg
5,028311.jpg
3,028312.jpg
3,028313.jpg
6,028314.jpg
6,028315.jpg
2,028316.jpg
5,028317.jpg
3,028318.jpg
2,028319.jpg
3,028320.jpg
3,028321.jpg
0,028322.jpg
6,028323.jpg
3,028324.jpg
0,028325.jpg
5,028326.jpg
2,028327.jpg
5,028328.jpg
5,028329.jpg
2,028330.jpg
2,028331.jpg
1,028332.jpg
3,028333.jpg
5,028334.jpg
5,028335.jpg
3,028336.jpg
3,028337.jpg
4,028338.jpg
0,028339.jpg
3,028340.jpg
2,028341.jpg
5,028342.jpg
4,028343.jpg
4,028344.jpg
0,028345.jpg
5,028346.jpg
2,028347.jpg
3,028348.jpg
0,028349.jpg
3,028350.jpg
6,028351.jpg
2,028352.jpg
4,028353.jpg
0,028354.jpg
4,028355.jpg
2,028356.jpg
3,028357.jpg
6,028358.jpg
6,028359.jpg
2,028360.jpg
2,028361.jpg
4,028362.jpg
3,028363.jpg
6,028364.jpg
5,028365.jpg
0,028366.jpg
3,028367.jpg
3,028368.jpg
3,028369.jpg
5,028370.jpg
0,028371.jpg
6,028372.jpg
6,028373.jpg
4,028374.jpg
3,028375.jpg
3,028376.jpg
3,028377.jpg
0,028378.jpg
3,028379.jpg
2,028380.jpg
6,028381.jpg
5,028382.jpg
3,028383.jpg
2,028384.jpg
5,028385.jpg
0,028386.jpg
0,028387.jpg
0,028388.jpg
0,028389.jpg
1,028390.jpg
0,028391.jpg
4,028392.jpg
6,028393.jpg
2,028394.jpg
2,028395.jpg
4,028396.jpg
4,028397.jpg
2,028398.jpg
6,028399.jpg
3,028400.jpg
0,028401.jpg
5,028402.jpg
2,028403.jpg
2,028404.jpg
0,028405.jpg
0,028406.jpg
5,028407.jpg
2,028408.jpg
4,028409.jpg
3,028410.jpg
6,028411.jpg
0,028412.jpg
3,028413.jpg
0,028414.jpg
3,028415.jpg
6,028416.jpg
2,028417.jpg
0,028418.jpg
2,028419.jpg
4,028420.jpg
5,028421.jpg
5,028422.jpg
6,028423.jpg
4,028424.jpg
4,028425.jpg
4,028426.jpg
3,028427.jpg
6,028428.jpg
6,028429.jpg
5,028430.jpg
3,028431.jpg
3,028432.jpg
4,028433.jpg
5,028434.jpg
4,028435.jpg
0,028436.jpg
4,028437.jpg
0,028438.jpg
3,028439.jpg
2,028440.jpg
5,028441.jpg
4,028442.jpg
4,028443.jpg
4,028444.jpg
2,028445.jpg
3,028446.jpg
2,028447.jpg
5,028448.jpg
3,028449.jpg
6,028450.jpg
6,028451.jpg
6,028452.jpg
2,028453.jpg
3,028454.jpg
2,028455.jpg
4,028456.jpg
3,028457.jpg
0,028458.jpg
5,028459.jpg
3,028460.jpg
4,028461.jpg
0,028462.jpg
0,028463.jpg
2,028464.jpg
4,028465.jpg
4,028466.jpg
6,028467.jpg
2,028468.jpg
4,028469.jpg
3,028470.jpg
6,028471.jpg
6,028472.jpg
5,028473.jpg
3,028474.jpg
5,028475.jpg
5,028476.jpg
3,028477.jpg
6,028478.jpg
4,028479.jpg
6,028480.jpg
0,028481.jpg
5,028482.jpg
5,028483.jpg
6,028484.jpg
6,028485.jpg
0,028486.jpg
5,028487.jpg
4,028488.jpg
0,028489.jpg
2,028490.jpg
3,028491.jpg
3,028492.jpg
6,028493.jpg
3,028494.jpg
0,028495.jpg
3,028496.jpg
5,028497.jpg
0,028498.jpg
6,028499.jpg
3,028500.jpg
5,028501.jpg
3,028502.jpg
2,028503.jpg
5,028504.jpg
5,028505.jpg
5,028506.jpg
6,028507.jpg
3,028508.jpg
0,028509.jpg
4,028510.jpg
0,028511.jpg
3,028512.jpg
2,028513.jpg
3,028514.jpg
2,028515.jpg
4,028516.jpg
6,028517.jpg
0,028518.jpg
6,028519.jpg
6,028520.jpg
5,028521.jpg
3,028522.jpg
4,028523.jpg
6,028524.jpg
5,028525.jpg
0,028526.jpg
5,028527.jpg
0,028528.jpg
3,028529.jpg
6,028530.jpg
6,028531.jpg
5,028532.jpg
0,028533.jpg
0,028534.jpg
6,028535.jpg
3,028536.jpg
6,028537.jpg
4,028538.jpg
6,028539.jpg
6,028540.jpg
0,028541.jpg
5,028542.jpg
0,028543.jpg
5,028544.jpg
6,028545.jpg
6,028546.jpg
0,028547.jpg
2,028548.jpg
6,028549.jpg
6,028550.jpg
6,028551.jpg
4,028552.jpg
2,028553.jpg
3,028554.jpg
4,028555.jpg
0,028556.jpg
5,028557.jpg
4,028558.jpg
2,028559.jpg
0,028560.jpg
4,028561.jpg
3,028562.jpg
2,028563.jpg
3,028564.jpg
0,028565.jpg
0,028566.jpg
3,028567.jpg
4,028568.jpg
6,028569.jpg
6,028570.jpg
0,028571.jpg
4,028572.jpg
0,028573.jpg
4,028574.jpg
3,028575.jpg
0,028576.jpg
2,028577.jpg
2,028578.jpg
2,028579.jpg
6,028580.jpg
3,028581.jpg
0,028582.jpg
4,028583.jpg
3,028584.jpg
0,028585.jpg
6,028586.jpg
6,028587.jpg
6,028588.jpg
4,028589.jpg
3,028590.jpg
3,028591.jpg
2,028592.jpg
2,028593.jpg
3,028594.jpg
2,028595.jpg
4,028596.jpg
3,028597.jpg
1,028598.jpg
6,028599.jpg
3,028600.jpg
0,028601.jpg
6,028602.jpg
5,028603.jpg
0,028604.jpg
0,028605.jpg
4,028606.jpg
0,028607.jpg
4,028608.jpg
6,028609.jpg
0,028610.jpg
3,028611.jpg
3,028612.jpg
3,028613.jpg
0,028614.jpg
4,028615.jpg
3,028616.jpg
6,028617.jpg
0,028618.jpg
6,028619.jpg
0,028620.jpg
3,028621.jpg
4,028622.jpg
2,028623.jpg
2,028624.jpg
6,028625.jpg
6,028626.jpg
2,028627.jpg
4,028628.jpg
0,028629.jpg
6,028630.jpg
0,028631.jpg
3,028632.jpg
2,028633.jpg
2,028634.jpg
2,028635.jpg
2,028636.jpg
6,028637.jpg
4,028638.jpg
5,028639.jpg
4,028640.jpg
0,028641.jpg
6,028642.jpg
5,028643.jpg
4,028644.jpg
4,028645.jpg
3,028646.jpg
0,028647.jpg
2,028648.jpg
3,028649.jpg
1,028650.jpg
5,028651.jpg
6,028652.jpg
5,028653.jpg
2,028654.jpg
3,028655.jpg
3,028656.jpg
4,028657.jpg
3,028658.jpg
0,028659.jpg
0,028660.jpg
3,028661.jpg
5,028662.jpg
2,028663.jpg
6,028664.jpg
4,028665.jpg
5,028666.jpg
5,028667.jpg
0,028668.jpg
3,028669.jpg
3,028670.jpg
5,028671.jpg
6,028672.jpg
2,028673.jpg
4,028674.jpg
0,028675.jpg
3,028676.jpg
3,028677.jpg
4,028678.jpg
6,028679.jpg
4,028680.jpg
6,028681.jpg
2,028682.jpg
4,028683.jpg
3,028684.jpg
4,028685.jpg
0,028686.jpg
3,028687.jpg
3,028688.jpg
3,028689.jpg
2,028690.jpg
4,028691.jpg
3,028692.jpg
6,028693.jpg
3,028694.jpg
2,028695.jpg
4,028696.jpg
3,028697.jpg
3,028698.jpg
6,028699.jpg
4,028700.jpg
2,028701.jpg
0,028702.jpg
5,028703.jpg
2,028704.jpg
0,028705.jpg
4,028706.jpg
0,028707.jpg
4,028708.jpg
